time_s,voltage_V
-2.148000000000000170e-03,1.600000000000000033e-01
-2.146000000000000338e-03,2.000000000000000111e-01
-2.144000000000000072e-03,1.600000000000000033e-01
-2.142000000000000241e-03,2.000000000000000111e-01
-2.139999999999999975e-03,1.600000000000000033e-01
-2.138000000000000143e-03,2.200000000000000011e-01
-2.136000000000000312e-03,1.600000000000000033e-01
-2.134000000000000046e-03,1.799999999999999933e-01
-2.132000000000000214e-03,1.799999999999999933e-01
-2.130000000000000383e-03,1.600000000000000033e-01
-2.128000000000000117e-03,1.600000000000000033e-01
-2.126000000000000285e-03,1.600000000000000033e-01
-2.124000000000000020e-03,1.799999999999999933e-01
-2.122000000000000188e-03,1.400000000000000133e-01
-2.120000000000000356e-03,1.600000000000000033e-01
-2.118000000000000091e-03,1.400000000000000133e-01
-2.116000000000000259e-03,2.200000000000000011e-01
-2.113999999999999994e-03,1.400000000000000133e-01
-2.112000000000000162e-03,2.000000000000000111e-01
-2.110000000000000330e-03,1.199999999999999956e-01
-2.108000000000000065e-03,2.200000000000000011e-01
-2.106000000000000233e-03,1.600000000000000033e-01
-2.103999999999999967e-03,1.400000000000000133e-01
-2.102000000000000136e-03,1.799999999999999933e-01
-2.100000000000000304e-03,1.600000000000000033e-01
-2.098000000000000038e-03,2.000000000000000111e-01
-2.096000000000000207e-03,1.600000000000000033e-01
-2.094000000000000375e-03,1.600000000000000033e-01
-2.092000000000000109e-03,1.400000000000000133e-01
-2.090000000000000278e-03,2.200000000000000011e-01
-2.088000000000000012e-03,1.400000000000000133e-01
-2.086000000000000180e-03,1.799999999999999933e-01
-2.084000000000000349e-03,1.600000000000000033e-01
-2.082000000000000083e-03,1.600000000000000033e-01
-2.080000000000000251e-03,2.000000000000000111e-01
-2.077999999999999986e-03,1.400000000000000133e-01
-2.076000000000000154e-03,1.799999999999999933e-01
-2.074000000000000322e-03,1.799999999999999933e-01
-2.072000000000000057e-03,1.600000000000000033e-01
-2.070000000000000225e-03,1.799999999999999933e-01
-2.068000000000000393e-03,1.600000000000000033e-01
-2.066000000000000128e-03,1.799999999999999933e-01
-2.064000000000000296e-03,1.600000000000000033e-01
-2.062000000000000031e-03,1.799999999999999933e-01
-2.060000000000000199e-03,1.600000000000000033e-01
-2.058000000000000367e-03,1.600000000000000033e-01
-2.056000000000000102e-03,1.600000000000000033e-01
-2.054000000000000270e-03,1.600000000000000033e-01
-2.052000000000000005e-03,1.799999999999999933e-01
-2.050000000000000173e-03,1.400000000000000133e-01
-2.048000000000000341e-03,2.000000000000000111e-01
-2.046000000000000076e-03,1.400000000000000133e-01
-2.044000000000000244e-03,1.600000000000000033e-01
-2.041999999999999978e-03,1.600000000000000033e-01
-2.040000000000000147e-03,1.799999999999999933e-01
-2.038000000000000315e-03,1.600000000000000033e-01
-2.036000000000000049e-03,1.600000000000000033e-01
-2.034000000000000218e-03,1.600000000000000033e-01
-2.031999999999999952e-03,1.600000000000000033e-01
-2.030000000000000120e-03,1.600000000000000033e-01
-2.028000000000000289e-03,1.600000000000000033e-01
-2.026000000000000023e-03,1.600000000000000033e-01
-2.024000000000000191e-03,1.600000000000000033e-01
-2.022000000000000360e-03,1.799999999999999933e-01
-2.020000000000000094e-03,1.600000000000000033e-01
-2.018000000000000262e-03,1.600000000000000033e-01
-2.015999999999999997e-03,2.000000000000000111e-01
-2.014000000000000165e-03,1.400000000000000133e-01
-2.012000000000000333e-03,1.600000000000000033e-01
-2.010000000000000068e-03,1.600000000000000033e-01
-2.008000000000000236e-03,1.400000000000000133e-01
-2.005999999999999971e-03,1.799999999999999933e-01
-2.004000000000000139e-03,1.600000000000000033e-01
-2.002000000000000307e-03,1.799999999999999933e-01
-2.000000000000000042e-03,1.400000000000000133e-01
-1.998000000000000210e-03,1.600000000000000033e-01
-1.996000000000000378e-03,1.600000000000000033e-01
-1.994000000000000113e-03,1.600000000000000033e-01
-1.992000000000000281e-03,1.600000000000000033e-01
-1.990000000000000015e-03,1.600000000000000033e-01
-1.988000000000000184e-03,1.799999999999999933e-01
-1.986000000000000352e-03,1.600000000000000033e-01
-1.984000000000000086e-03,1.400000000000000133e-01
-1.982000000000000255e-03,1.799999999999999933e-01
-1.979999999999999989e-03,1.799999999999999933e-01
-1.978000000000000157e-03,1.600000000000000033e-01
-1.976000000000000326e-03,1.600000000000000033e-01
-1.974000000000000060e-03,1.600000000000000033e-01
-1.972000000000000228e-03,1.799999999999999933e-01
-1.970000000000000397e-03,1.400000000000000133e-01
-1.968000000000000131e-03,1.799999999999999933e-01
-1.966000000000000299e-03,1.600000000000000033e-01
-1.964000000000000034e-03,1.400000000000000133e-01
-1.962000000000000202e-03,1.799999999999999933e-01
-1.960000000000000370e-03,1.400000000000000133e-01
-1.958000000000000105e-03,1.799999999999999933e-01
-1.956000000000000273e-03,1.400000000000000133e-01
-1.954000000000000008e-03,2.000000000000000111e-01
-1.952000000000000176e-03,1.400000000000000133e-01
-1.950000000000000127e-03,1.600000000000000033e-01
-1.948000000000000079e-03,1.600000000000000033e-01
-1.946000000000000247e-03,1.600000000000000033e-01
-1.944000000000000198e-03,1.799999999999999933e-01
-1.942000000000000150e-03,1.600000000000000033e-01
-1.940000000000000101e-03,1.600000000000000033e-01
-1.938000000000000269e-03,1.400000000000000133e-01
-1.936000000000000221e-03,1.600000000000000033e-01
-1.934000000000000172e-03,1.400000000000000133e-01
-1.932000000000000123e-03,1.400000000000000133e-01
-1.930000000000000292e-03,1.799999999999999933e-01
-1.928000000000000243e-03,1.600000000000000033e-01
-1.926000000000000194e-03,1.600000000000000033e-01
-1.924000000000000146e-03,1.600000000000000033e-01
-1.922000000000000097e-03,1.600000000000000033e-01
-1.920000000000000265e-03,1.600000000000000033e-01
-1.918000000000000217e-03,1.600000000000000033e-01
-1.916000000000000168e-03,1.600000000000000033e-01
-1.914000000000000120e-03,1.600000000000000033e-01
-1.912000000000000071e-03,1.799999999999999933e-01
-1.910000000000000239e-03,1.400000000000000133e-01
-1.908000000000000191e-03,1.600000000000000033e-01
-1.906000000000000142e-03,1.600000000000000033e-01
-1.904000000000000093e-03,1.799999999999999933e-01
-1.902000000000000262e-03,1.600000000000000033e-01
-1.900000000000000213e-03,1.600000000000000033e-01
-1.898000000000000164e-03,1.799999999999999933e-01
-1.896000000000000116e-03,1.400000000000000133e-01
-1.894000000000000284e-03,1.600000000000000033e-01
-1.892000000000000235e-03,1.600000000000000033e-01
-1.890000000000000187e-03,1.600000000000000033e-01
-1.888000000000000138e-03,1.600000000000000033e-01
-1.886000000000000090e-03,1.600000000000000033e-01
-1.884000000000000258e-03,1.600000000000000033e-01
-1.882000000000000209e-03,1.600000000000000033e-01
-1.880000000000000161e-03,1.600000000000000033e-01
-1.878000000000000112e-03,1.600000000000000033e-01
-1.876000000000000063e-03,1.600000000000000033e-01
-1.874000000000000232e-03,1.600000000000000033e-01
-1.872000000000000183e-03,1.600000000000000033e-01
-1.870000000000000134e-03,1.600000000000000033e-01
-1.868000000000000303e-03,1.600000000000000033e-01
-1.866000000000000254e-03,1.600000000000000033e-01
-1.864000000000000205e-03,1.400000000000000133e-01
-1.862000000000000157e-03,1.799999999999999933e-01
-1.860000000000000108e-03,1.600000000000000033e-01
-1.858000000000000276e-03,1.600000000000000033e-01
-1.856000000000000228e-03,1.600000000000000033e-01
-1.854000000000000179e-03,1.600000000000000033e-01
-1.852000000000000130e-03,1.600000000000000033e-01
-1.850000000000000082e-03,1.600000000000000033e-01
-1.848000000000000250e-03,1.600000000000000033e-01
-1.846000000000000201e-03,1.600000000000000033e-01
-1.844000000000000153e-03,1.799999999999999933e-01
-1.842000000000000104e-03,1.400000000000000133e-01
-1.840000000000000056e-03,1.600000000000000033e-01
-1.838000000000000224e-03,1.600000000000000033e-01
-1.836000000000000175e-03,1.600000000000000033e-01
-1.834000000000000127e-03,1.600000000000000033e-01
-1.832000000000000295e-03,1.600000000000000033e-01
-1.830000000000000246e-03,1.600000000000000033e-01
-1.828000000000000198e-03,1.600000000000000033e-01
-1.826000000000000149e-03,1.600000000000000033e-01
-1.824000000000000100e-03,1.600000000000000033e-01
-1.822000000000000269e-03,1.600000000000000033e-01
-1.820000000000000220e-03,1.600000000000000033e-01
-1.818000000000000171e-03,1.600000000000000033e-01
-1.816000000000000123e-03,1.600000000000000033e-01
-1.814000000000000074e-03,1.600000000000000033e-01
-1.812000000000000242e-03,1.600000000000000033e-01
-1.810000000000000194e-03,1.400000000000000133e-01
-1.808000000000000145e-03,1.600000000000000033e-01
-1.806000000000000313e-03,1.600000000000000033e-01
-1.804000000000000265e-03,1.600000000000000033e-01
-1.802000000000000216e-03,1.600000000000000033e-01
-1.800000000000000168e-03,1.600000000000000033e-01
-1.798000000000000119e-03,1.600000000000000033e-01
-1.796000000000000287e-03,1.600000000000000033e-01
-1.794000000000000239e-03,1.799999999999999933e-01
-1.792000000000000190e-03,1.600000000000000033e-01
-1.790000000000000141e-03,1.600000000000000033e-01
-1.788000000000000093e-03,1.600000000000000033e-01
-1.786000000000000261e-03,1.600000000000000033e-01
-1.784000000000000212e-03,1.600000000000000033e-01
-1.782000000000000164e-03,1.600000000000000033e-01
-1.780000000000000115e-03,1.600000000000000033e-01
-1.778000000000000067e-03,1.600000000000000033e-01
-1.776000000000000235e-03,1.600000000000000033e-01
-1.774000000000000186e-03,1.600000000000000033e-01
-1.772000000000000138e-03,1.600000000000000033e-01
-1.770000000000000306e-03,1.600000000000000033e-01
-1.768000000000000257e-03,1.600000000000000033e-01
-1.766000000000000208e-03,1.600000000000000033e-01
-1.764000000000000160e-03,1.600000000000000033e-01
-1.762000000000000111e-03,1.799999999999999933e-01
-1.760000000000000279e-03,1.600000000000000033e-01
-1.758000000000000231e-03,1.400000000000000133e-01
-1.756000000000000182e-03,1.600000000000000033e-01
-1.754000000000000134e-03,1.600000000000000033e-01
-1.752000000000000085e-03,1.600000000000000033e-01
-1.750000000000000253e-03,1.600000000000000033e-01
-1.748000000000000205e-03,1.600000000000000033e-01
-1.746000000000000156e-03,1.600000000000000033e-01
-1.744000000000000107e-03,1.799999999999999933e-01
-1.742000000000000059e-03,1.600000000000000033e-01
-1.740000000000000227e-03,1.600000000000000033e-01
-1.738000000000000178e-03,1.600000000000000033e-01
-1.736000000000000130e-03,1.600000000000000033e-01
-1.734000000000000298e-03,1.600000000000000033e-01
-1.732000000000000249e-03,1.600000000000000033e-01
-1.730000000000000201e-03,1.600000000000000033e-01
-1.728000000000000152e-03,1.600000000000000033e-01
-1.726000000000000104e-03,1.600000000000000033e-01
-1.724000000000000272e-03,1.600000000000000033e-01
-1.722000000000000223e-03,1.600000000000000033e-01
-1.720000000000000175e-03,1.799999999999999933e-01
-1.718000000000000126e-03,1.600000000000000033e-01
-1.716000000000000077e-03,1.600000000000000033e-01
-1.714000000000000246e-03,1.600000000000000033e-01
-1.712000000000000197e-03,1.600000000000000033e-01
-1.710000000000000148e-03,1.600000000000000033e-01
-1.708000000000000317e-03,1.600000000000000033e-01
-1.706000000000000268e-03,1.799999999999999933e-01
-1.704000000000000219e-03,1.600000000000000033e-01
-1.702000000000000171e-03,1.600000000000000033e-01
-1.700000000000000122e-03,1.600000000000000033e-01
-1.698000000000000290e-03,1.600000000000000033e-01
-1.696000000000000242e-03,1.600000000000000033e-01
-1.694000000000000193e-03,1.600000000000000033e-01
-1.692000000000000145e-03,1.600000000000000033e-01
-1.690000000000000096e-03,1.799999999999999933e-01
-1.688000000000000264e-03,1.600000000000000033e-01
-1.686000000000000216e-03,1.600000000000000033e-01
-1.684000000000000167e-03,1.400000000000000133e-01
-1.682000000000000118e-03,1.600000000000000033e-01
-1.680000000000000070e-03,1.600000000000000033e-01
-1.678000000000000238e-03,1.600000000000000033e-01
-1.676000000000000189e-03,1.600000000000000033e-01
-1.674000000000000141e-03,1.600000000000000033e-01
-1.672000000000000309e-03,1.600000000000000033e-01
-1.670000000000000260e-03,1.600000000000000033e-01
-1.668000000000000212e-03,1.600000000000000033e-01
-1.666000000000000163e-03,1.600000000000000033e-01
-1.664000000000000114e-03,1.799999999999999933e-01
-1.662000000000000283e-03,1.600000000000000033e-01
-1.660000000000000234e-03,1.600000000000000033e-01
-1.658000000000000185e-03,1.600000000000000033e-01
-1.656000000000000354e-03,1.600000000000000033e-01
-1.654000000000000088e-03,1.600000000000000033e-01
-1.652000000000000256e-03,1.400000000000000133e-01
-1.650000000000000208e-03,1.600000000000000033e-01
-1.648000000000000159e-03,1.799999999999999933e-01
-1.646000000000000327e-03,1.600000000000000033e-01
-1.644000000000000062e-03,1.600000000000000033e-01
-1.642000000000000230e-03,1.600000000000000033e-01
-1.640000000000000182e-03,1.600000000000000033e-01
-1.638000000000000133e-03,1.600000000000000033e-01
-1.636000000000000301e-03,1.799999999999999933e-01
-1.634000000000000036e-03,1.600000000000000033e-01
-1.632000000000000204e-03,1.600000000000000033e-01
-1.630000000000000155e-03,1.600000000000000033e-01
-1.628000000000000107e-03,1.600000000000000033e-01
-1.626000000000000275e-03,1.600000000000000033e-01
-1.624000000000000226e-03,1.600000000000000033e-01
-1.622000000000000178e-03,1.600000000000000033e-01
-1.620000000000000346e-03,1.600000000000000033e-01
-1.618000000000000081e-03,1.600000000000000033e-01
-1.616000000000000249e-03,1.600000000000000033e-01
-1.614000000000000200e-03,1.600000000000000033e-01
-1.612000000000000152e-03,1.600000000000000033e-01
-1.610000000000000320e-03,1.600000000000000033e-01
-1.608000000000000054e-03,1.600000000000000033e-01
-1.606000000000000223e-03,1.600000000000000033e-01
-1.604000000000000174e-03,1.600000000000000033e-01
-1.602000000000000125e-03,1.600000000000000033e-01
-1.600000000000000294e-03,1.600000000000000033e-01
-1.598000000000000245e-03,1.600000000000000033e-01
-1.596000000000000196e-03,1.600000000000000033e-01
-1.594000000000000148e-03,1.600000000000000033e-01
-1.592000000000000099e-03,1.600000000000000033e-01
-1.590000000000000267e-03,1.600000000000000033e-01
-1.588000000000000219e-03,1.600000000000000033e-01
-1.586000000000000170e-03,1.600000000000000033e-01
-1.584000000000000338e-03,1.600000000000000033e-01
-1.582000000000000073e-03,1.600000000000000033e-01
-1.580000000000000241e-03,1.600000000000000033e-01
-1.578000000000000192e-03,1.600000000000000033e-01
-1.576000000000000144e-03,1.600000000000000033e-01
-1.574000000000000312e-03,1.799999999999999933e-01
-1.572000000000000047e-03,1.600000000000000033e-01
-1.570000000000000215e-03,1.600000000000000033e-01
-1.568000000000000166e-03,1.600000000000000033e-01
-1.566000000000000118e-03,1.400000000000000133e-01
-1.564000000000000286e-03,1.600000000000000033e-01
-1.562000000000000237e-03,1.799999999999999933e-01
-1.560000000000000189e-03,1.600000000000000033e-01
-1.558000000000000357e-03,1.600000000000000033e-01
-1.556000000000000091e-03,1.600000000000000033e-01
-1.554000000000000260e-03,1.600000000000000033e-01
-1.552000000000000211e-03,1.600000000000000033e-01
-1.550000000000000162e-03,1.600000000000000033e-01
-1.548000000000000331e-03,1.600000000000000033e-01
-1.546000000000000065e-03,1.600000000000000033e-01
-1.544000000000000233e-03,1.600000000000000033e-01
-1.542000000000000185e-03,1.600000000000000033e-01
-1.540000000000000136e-03,1.600000000000000033e-01
-1.538000000000000304e-03,1.600000000000000033e-01
-1.536000000000000039e-03,1.600000000000000033e-01
-1.534000000000000207e-03,1.799999999999999933e-01
-1.532000000000000159e-03,1.799999999999999933e-01
-1.530000000000000110e-03,1.600000000000000033e-01
-1.528000000000000278e-03,1.799999999999999933e-01
-1.526000000000000230e-03,1.600000000000000033e-01
-1.524000000000000181e-03,1.600000000000000033e-01
-1.522000000000000349e-03,1.600000000000000033e-01
-1.520000000000000084e-03,1.799999999999999933e-01
-1.518000000000000252e-03,1.600000000000000033e-01
-1.516000000000000203e-03,1.799999999999999933e-01
-1.514000000000000155e-03,1.600000000000000033e-01
-1.512000000000000323e-03,1.600000000000000033e-01
-1.510000000000000057e-03,1.600000000000000033e-01
-1.508000000000000226e-03,1.600000000000000033e-01
-1.506000000000000177e-03,1.600000000000000033e-01
-1.504000000000000128e-03,1.600000000000000033e-01
-1.502000000000000297e-03,1.600000000000000033e-01
-1.500000000000000248e-03,1.600000000000000033e-01
-1.498000000000000199e-03,1.600000000000000033e-01
-1.496000000000000151e-03,1.600000000000000033e-01
-1.494000000000000102e-03,1.600000000000000033e-01
-1.492000000000000270e-03,1.600000000000000033e-01
-1.490000000000000222e-03,1.600000000000000033e-01
-1.488000000000000173e-03,1.600000000000000033e-01
-1.486000000000000341e-03,1.799999999999999933e-01
-1.484000000000000076e-03,1.799999999999999933e-01
-1.482000000000000244e-03,1.600000000000000033e-01
-1.480000000000000196e-03,1.600000000000000033e-01
-1.478000000000000147e-03,1.600000000000000033e-01
-1.476000000000000315e-03,1.600000000000000033e-01
-1.474000000000000050e-03,1.799999999999999933e-01
-1.472000000000000218e-03,1.600000000000000033e-01
-1.470000000000000169e-03,1.600000000000000033e-01
-1.468000000000000121e-03,1.600000000000000033e-01
-1.466000000000000289e-03,1.600000000000000033e-01
-1.464000000000000240e-03,1.600000000000000033e-01
-1.462000000000000192e-03,1.600000000000000033e-01
-1.460000000000000360e-03,1.600000000000000033e-01
-1.458000000000000095e-03,1.600000000000000033e-01
-1.456000000000000263e-03,1.600000000000000033e-01
-1.454000000000000214e-03,1.600000000000000033e-01
-1.452000000000000166e-03,1.600000000000000033e-01
-1.450000000000000334e-03,1.600000000000000033e-01
-1.448000000000000068e-03,1.799999999999999933e-01
-1.446000000000000237e-03,1.600000000000000033e-01
-1.444000000000000188e-03,1.600000000000000033e-01
-1.442000000000000139e-03,1.600000000000000033e-01
-1.440000000000000308e-03,1.600000000000000033e-01
-1.438000000000000042e-03,1.600000000000000033e-01
-1.436000000000000210e-03,1.600000000000000033e-01
-1.434000000000000162e-03,1.600000000000000033e-01
-1.432000000000000113e-03,1.600000000000000033e-01
-1.430000000000000281e-03,1.600000000000000033e-01
-1.428000000000000233e-03,1.600000000000000033e-01
-1.426000000000000184e-03,1.600000000000000033e-01
-1.424000000000000352e-03,1.600000000000000033e-01
-1.422000000000000087e-03,1.600000000000000033e-01
-1.420000000000000255e-03,1.600000000000000033e-01
-1.418000000000000206e-03,1.600000000000000033e-01
-1.416000000000000158e-03,1.400000000000000133e-01
-1.414000000000000326e-03,1.400000000000000133e-01
-1.412000000000000061e-03,1.600000000000000033e-01
-1.410000000000000229e-03,1.600000000000000033e-01
-1.408000000000000180e-03,1.600000000000000033e-01
-1.406000000000000132e-03,1.600000000000000033e-01
-1.404000000000000300e-03,1.600000000000000033e-01
-1.402000000000000251e-03,1.600000000000000033e-01
-1.400000000000000203e-03,1.600000000000000033e-01
-1.398000000000000154e-03,1.600000000000000033e-01
-1.396000000000000105e-03,1.600000000000000033e-01
-1.394000000000000274e-03,1.600000000000000033e-01
-1.392000000000000225e-03,1.600000000000000033e-01
-1.390000000000000176e-03,1.600000000000000033e-01
-1.388000000000000345e-03,1.600000000000000033e-01
-1.386000000000000079e-03,1.600000000000000033e-01
-1.384000000000000247e-03,1.600000000000000033e-01
-1.382000000000000199e-03,1.600000000000000033e-01
-1.380000000000000150e-03,1.600000000000000033e-01
-1.378000000000000318e-03,1.400000000000000133e-01
-1.376000000000000053e-03,1.600000000000000033e-01
-1.374000000000000221e-03,1.600000000000000033e-01
-1.372000000000000173e-03,1.400000000000000133e-01
-1.370000000000000124e-03,1.600000000000000033e-01
-1.368000000000000292e-03,1.600000000000000033e-01
-1.366000000000000244e-03,1.600000000000000033e-01
-1.364000000000000195e-03,1.600000000000000033e-01
-1.362000000000000363e-03,1.600000000000000033e-01
-1.360000000000000098e-03,1.600000000000000033e-01
-1.358000000000000266e-03,1.600000000000000033e-01
-1.356000000000000217e-03,1.600000000000000033e-01
-1.354000000000000169e-03,1.600000000000000033e-01
-1.352000000000000337e-03,1.600000000000000033e-01
-1.350000000000000071e-03,1.600000000000000033e-01
-1.348000000000000240e-03,1.799999999999999933e-01
-1.346000000000000191e-03,1.600000000000000033e-01
-1.344000000000000142e-03,1.600000000000000033e-01
-1.342000000000000311e-03,1.600000000000000033e-01
-1.340000000000000045e-03,1.600000000000000033e-01
-1.338000000000000213e-03,1.600000000000000033e-01
-1.336000000000000165e-03,1.600000000000000033e-01
-1.334000000000000116e-03,1.600000000000000033e-01
-1.332000000000000284e-03,1.600000000000000033e-01
-1.330000000000000236e-03,1.600000000000000033e-01
-1.328000000000000187e-03,1.600000000000000033e-01
-1.326000000000000355e-03,1.799999999999999933e-01
-1.324000000000000090e-03,1.600000000000000033e-01
-1.322000000000000258e-03,1.600000000000000033e-01
-1.320000000000000210e-03,1.799999999999999933e-01
-1.318000000000000161e-03,1.600000000000000033e-01
-1.316000000000000329e-03,1.600000000000000033e-01
-1.314000000000000064e-03,1.600000000000000033e-01
-1.312000000000000232e-03,1.600000000000000033e-01
-1.310000000000000183e-03,1.600000000000000033e-01
-1.308000000000000135e-03,1.799999999999999933e-01
-1.306000000000000303e-03,1.600000000000000033e-01
-1.304000000000000254e-03,1.600000000000000033e-01
-1.302000000000000206e-03,1.600000000000000033e-01
-1.300000000000000157e-03,1.600000000000000033e-01
-1.298000000000000109e-03,1.600000000000000033e-01
-1.296000000000000277e-03,1.600000000000000033e-01
-1.294000000000000228e-03,1.799999999999999933e-01
-1.292000000000000180e-03,1.600000000000000033e-01
-1.290000000000000348e-03,1.600000000000000033e-01
-1.288000000000000082e-03,1.600000000000000033e-01
-1.286000000000000251e-03,1.600000000000000033e-01
-1.284000000000000202e-03,1.600000000000000033e-01
-1.282000000000000153e-03,1.400000000000000133e-01
-1.280000000000000322e-03,1.600000000000000033e-01
-1.278000000000000056e-03,1.600000000000000033e-01
-1.276000000000000224e-03,1.600000000000000033e-01
-1.274000000000000176e-03,1.600000000000000033e-01
-1.272000000000000127e-03,1.600000000000000033e-01
-1.270000000000000295e-03,1.799999999999999933e-01
-1.268000000000000247e-03,1.600000000000000033e-01
-1.266000000000000198e-03,1.600000000000000033e-01
-1.264000000000000366e-03,1.600000000000000033e-01
-1.262000000000000101e-03,1.600000000000000033e-01
-1.260000000000000269e-03,1.600000000000000033e-01
-1.258000000000000220e-03,1.600000000000000033e-01
-1.256000000000000172e-03,1.799999999999999933e-01
-1.254000000000000340e-03,1.600000000000000033e-01
-1.252000000000000075e-03,1.600000000000000033e-01
-1.250000000000000243e-03,1.600000000000000033e-01
-1.248000000000000194e-03,1.600000000000000033e-01
-1.246000000000000146e-03,1.600000000000000033e-01
-1.244000000000000314e-03,1.600000000000000033e-01
-1.242000000000000048e-03,1.799999999999999933e-01
-1.240000000000000217e-03,1.600000000000000033e-01
-1.238000000000000168e-03,1.600000000000000033e-01
-1.236000000000000119e-03,1.799999999999999933e-01
-1.234000000000000288e-03,1.600000000000000033e-01
-1.232000000000000239e-03,1.600000000000000033e-01
-1.230000000000000190e-03,1.799999999999999933e-01
-1.228000000000000359e-03,1.600000000000000033e-01
-1.226000000000000093e-03,1.600000000000000033e-01
-1.224000000000000261e-03,1.600000000000000033e-01
-1.222000000000000213e-03,1.600000000000000033e-01
-1.220000000000000164e-03,1.799999999999999933e-01
-1.218000000000000332e-03,1.600000000000000033e-01
-1.216000000000000067e-03,1.600000000000000033e-01
-1.214000000000000235e-03,1.600000000000000033e-01
-1.212000000000000187e-03,1.799999999999999933e-01
-1.210000000000000138e-03,1.600000000000000033e-01
-1.208000000000000306e-03,1.600000000000000033e-01
-1.206000000000000258e-03,1.799999999999999933e-01
-1.204000000000000209e-03,1.600000000000000033e-01
-1.202000000000000160e-03,1.600000000000000033e-01
-1.200000000000000112e-03,1.799999999999999933e-01
-1.198000000000000280e-03,1.400000000000000133e-01
-1.196000000000000231e-03,1.600000000000000033e-01
-1.194000000000000183e-03,1.600000000000000033e-01
-1.192000000000000351e-03,1.400000000000000133e-01
-1.190000000000000085e-03,1.799999999999999933e-01
-1.188000000000000254e-03,1.600000000000000033e-01
-1.186000000000000205e-03,1.600000000000000033e-01
-1.184000000000000156e-03,1.600000000000000033e-01
-1.182000000000000325e-03,1.600000000000000033e-01
-1.180000000000000059e-03,1.600000000000000033e-01
-1.178000000000000227e-03,1.600000000000000033e-01
-1.176000000000000179e-03,1.799999999999999933e-01
-1.174000000000000130e-03,2.000000000000000111e-01
-1.172000000000000298e-03,1.600000000000000033e-01
-1.170000000000000250e-03,2.000000000000000111e-01
-1.168000000000000201e-03,1.799999999999999933e-01
-1.166000000000000153e-03,2.000000000000000111e-01
-1.164000000000000321e-03,1.600000000000000033e-01
-1.162000000000000272e-03,1.799999999999999933e-01
-1.160000000000000224e-03,1.400000000000000133e-01
-1.158000000000000175e-03,1.799999999999999933e-01
-1.156000000000000126e-03,1.400000000000000133e-01
-1.154000000000000295e-03,1.000000000000000056e-01
-1.152000000000000246e-03,8.000000000000000167e-02
-1.150000000000000197e-03,8.000000000000000167e-02
-1.148000000000000149e-03,8.000000000000000167e-02
-1.146000000000000317e-03,5.999999999999999778e-02
-1.144000000000000268e-03,5.999999999999999778e-02
-1.142000000000000220e-03,4.000000000000000083e-02
-1.140000000000000171e-03,4.000000000000000083e-02
-1.138000000000000123e-03,4.000000000000000083e-02
-1.136000000000000291e-03,4.000000000000000083e-02
-1.134000000000000242e-03,2.000000000000000042e-02
-1.132000000000000194e-03,4.000000000000000083e-02
-1.130000000000000145e-03,4.000000000000000083e-02
-1.128000000000000313e-03,4.000000000000000083e-02
-1.126000000000000265e-03,2.000000000000000042e-02
-1.124000000000000216e-03,4.000000000000000083e-02
-1.122000000000000167e-03,2.000000000000000042e-02
-1.120000000000000119e-03,2.000000000000000042e-02
-1.118000000000000287e-03,2.000000000000000042e-02
-1.116000000000000238e-03,2.000000000000000042e-02
-1.114000000000000190e-03,0.000000000000000000e+00
-1.112000000000000141e-03,0.000000000000000000e+00
-1.110000000000000309e-03,0.000000000000000000e+00
-1.108000000000000261e-03,0.000000000000000000e+00
-1.106000000000000212e-03,2.000000000000000042e-02
-1.104000000000000163e-03,2.000000000000000042e-02
-1.102000000000000115e-03,0.000000000000000000e+00
-1.100000000000000283e-03,2.000000000000000042e-02
-1.098000000000000234e-03,2.000000000000000042e-02
-1.096000000000000186e-03,0.000000000000000000e+00
-1.094000000000000137e-03,0.000000000000000000e+00
-1.092000000000000305e-03,0.000000000000000000e+00
-1.090000000000000257e-03,0.000000000000000000e+00
-1.088000000000000208e-03,0.000000000000000000e+00
-1.086000000000000160e-03,0.000000000000000000e+00
-1.084000000000000111e-03,-2.000000000000000042e-02
-1.082000000000000279e-03,-2.000000000000000042e-02
-1.080000000000000231e-03,0.000000000000000000e+00
-1.078000000000000182e-03,0.000000000000000000e+00
-1.076000000000000133e-03,0.000000000000000000e+00
-1.074000000000000302e-03,0.000000000000000000e+00
-1.072000000000000253e-03,0.000000000000000000e+00
-1.070000000000000204e-03,0.000000000000000000e+00
-1.068000000000000156e-03,0.000000000000000000e+00
-1.066000000000000324e-03,0.000000000000000000e+00
-1.064000000000000275e-03,-2.000000000000000042e-02
-1.062000000000000227e-03,2.000000000000000042e-02
-1.060000000000000178e-03,-2.000000000000000042e-02
-1.058000000000000130e-03,0.000000000000000000e+00
-1.056000000000000298e-03,0.000000000000000000e+00
-1.054000000000000249e-03,0.000000000000000000e+00
-1.052000000000000201e-03,0.000000000000000000e+00
-1.050000000000000152e-03,-2.000000000000000042e-02
-1.048000000000000320e-03,0.000000000000000000e+00
-1.046000000000000272e-03,-2.000000000000000042e-02
-1.044000000000000223e-03,0.000000000000000000e+00
-1.042000000000000174e-03,-2.000000000000000042e-02
-1.040000000000000126e-03,-2.000000000000000042e-02
-1.038000000000000294e-03,-2.000000000000000042e-02
-1.036000000000000245e-03,-2.000000000000000042e-02
-1.034000000000000197e-03,0.000000000000000000e+00
-1.032000000000000148e-03,0.000000000000000000e+00
-1.030000000000000316e-03,-2.000000000000000042e-02
-1.028000000000000268e-03,0.000000000000000000e+00
-1.026000000000000219e-03,-2.000000000000000042e-02
-1.024000000000000171e-03,0.000000000000000000e+00
-1.022000000000000122e-03,-2.000000000000000042e-02
-1.020000000000000290e-03,-2.000000000000000042e-02
-1.018000000000000242e-03,0.000000000000000000e+00
-1.016000000000000193e-03,0.000000000000000000e+00
-1.014000000000000144e-03,0.000000000000000000e+00
-1.012000000000000313e-03,0.000000000000000000e+00
-1.010000000000000264e-03,-2.000000000000000042e-02
-1.008000000000000215e-03,-2.000000000000000042e-02
-1.006000000000000167e-03,-2.000000000000000042e-02
-1.004000000000000118e-03,0.000000000000000000e+00
-1.002000000000000286e-03,-2.000000000000000042e-02
-1.000000000000000238e-03,0.000000000000000000e+00
-9.980000000000001890e-04,0.000000000000000000e+00
-9.960000000000001404e-04,-2.000000000000000042e-02
-9.940000000000003087e-04,-2.000000000000000042e-02
-9.920000000000002600e-04,0.000000000000000000e+00
-9.900000000000002114e-04,-2.000000000000000042e-02
-9.880000000000001628e-04,-2.000000000000000042e-02
-9.860000000000001142e-04,-2.000000000000000042e-02
-9.840000000000002824e-04,0.000000000000000000e+00
-9.820000000000002338e-04,0.000000000000000000e+00
-9.800000000000001852e-04,0.000000000000000000e+00
-9.780000000000001366e-04,0.000000000000000000e+00
-9.760000000000003048e-04,-2.000000000000000042e-02
-9.740000000000002562e-04,-2.000000000000000042e-02
-9.720000000000002076e-04,-2.000000000000000042e-02
-9.700000000000001590e-04,0.000000000000000000e+00
-9.680000000000003272e-04,0.000000000000000000e+00
-9.660000000000002786e-04,0.000000000000000000e+00
-9.640000000000002300e-04,-2.000000000000000042e-02
-9.620000000000001814e-04,-2.000000000000000042e-02
-9.600000000000001327e-04,-2.000000000000000042e-02
-9.580000000000003010e-04,0.000000000000000000e+00
-9.560000000000002524e-04,-2.000000000000000042e-02
-9.540000000000002037e-04,-2.000000000000000042e-02
-9.520000000000001551e-04,-2.000000000000000042e-02
-9.500000000000003234e-04,0.000000000000000000e+00
-9.480000000000002747e-04,-2.000000000000000042e-02
-9.460000000000002261e-04,-2.000000000000000042e-02
-9.440000000000001775e-04,0.000000000000000000e+00
-9.420000000000001289e-04,0.000000000000000000e+00
-9.400000000000002971e-04,0.000000000000000000e+00
-9.380000000000002485e-04,-2.000000000000000042e-02
-9.360000000000001999e-04,0.000000000000000000e+00
-9.340000000000001513e-04,0.000000000000000000e+00
-9.320000000000003195e-04,0.000000000000000000e+00
-9.300000000000002709e-04,0.000000000000000000e+00
-9.280000000000002223e-04,-2.000000000000000042e-02
-9.260000000000001737e-04,-2.000000000000000042e-02
-9.240000000000001251e-04,-2.000000000000000042e-02
-9.220000000000002933e-04,0.000000000000000000e+00
-9.200000000000002447e-04,-2.000000000000000042e-02
-9.180000000000001961e-04,0.000000000000000000e+00
-9.160000000000001474e-04,-2.000000000000000042e-02
-9.140000000000003157e-04,0.000000000000000000e+00
-9.120000000000002671e-04,-2.000000000000000042e-02
-9.100000000000002184e-04,0.000000000000000000e+00
-9.080000000000001698e-04,0.000000000000000000e+00
-9.060000000000001212e-04,0.000000000000000000e+00
-9.040000000000002894e-04,-2.000000000000000042e-02
-9.020000000000002408e-04,-2.000000000000000042e-02
-9.000000000000001922e-04,0.000000000000000000e+00
-8.980000000000001436e-04,0.000000000000000000e+00
-8.960000000000003118e-04,2.000000000000000042e-02
-8.940000000000002632e-04,0.000000000000000000e+00
-8.920000000000002146e-04,0.000000000000000000e+00
-8.900000000000001660e-04,0.000000000000000000e+00
-8.880000000000003342e-04,0.000000000000000000e+00
-8.860000000000002856e-04,0.000000000000000000e+00
-8.840000000000002370e-04,-2.000000000000000042e-02
-8.820000000000001884e-04,-2.000000000000000042e-02
-8.800000000000001397e-04,-2.000000000000000042e-02
-8.780000000000003080e-04,0.000000000000000000e+00
-8.760000000000002594e-04,-2.000000000000000042e-02
-8.740000000000002107e-04,0.000000000000000000e+00
-8.720000000000001621e-04,0.000000000000000000e+00
-8.700000000000003304e-04,0.000000000000000000e+00
-8.680000000000002817e-04,-2.000000000000000042e-02
-8.660000000000002331e-04,0.000000000000000000e+00
-8.640000000000001845e-04,0.000000000000000000e+00
-8.620000000000001359e-04,0.000000000000000000e+00
-8.600000000000003041e-04,0.000000000000000000e+00
-8.580000000000002555e-04,0.000000000000000000e+00
-8.560000000000002069e-04,0.000000000000000000e+00
-8.540000000000001583e-04,0.000000000000000000e+00
-8.520000000000003265e-04,0.000000000000000000e+00
-8.500000000000002779e-04,0.000000000000000000e+00
-8.480000000000002293e-04,0.000000000000000000e+00
-8.460000000000001807e-04,0.000000000000000000e+00
-8.440000000000001321e-04,-2.000000000000000042e-02
-8.420000000000003003e-04,0.000000000000000000e+00
-8.400000000000002517e-04,0.000000000000000000e+00
-8.380000000000002031e-04,-2.000000000000000042e-02
-8.360000000000001544e-04,0.000000000000000000e+00
-8.340000000000003227e-04,-2.000000000000000042e-02
-8.320000000000002741e-04,-2.000000000000000042e-02
-8.300000000000002254e-04,0.000000000000000000e+00
-8.280000000000001768e-04,0.000000000000000000e+00
-8.260000000000001282e-04,-2.000000000000000042e-02
-8.240000000000002964e-04,0.000000000000000000e+00
-8.220000000000002478e-04,0.000000000000000000e+00
-8.200000000000001992e-04,-2.000000000000000042e-02
-8.180000000000001506e-04,0.000000000000000000e+00
-8.160000000000003188e-04,0.000000000000000000e+00
-8.140000000000002702e-04,0.000000000000000000e+00
-8.120000000000002216e-04,-2.000000000000000042e-02
-8.100000000000001730e-04,0.000000000000000000e+00
-8.080000000000001244e-04,-2.000000000000000042e-02
-8.060000000000002926e-04,-2.000000000000000042e-02
-8.040000000000002440e-04,0.000000000000000000e+00
-8.020000000000001954e-04,0.000000000000000000e+00
-8.000000000000001468e-04,0.000000000000000000e+00
-7.980000000000003150e-04,0.000000000000000000e+00
-7.960000000000002664e-04,-2.000000000000000042e-02
-7.940000000000002178e-04,-2.000000000000000042e-02
-7.920000000000001691e-04,0.000000000000000000e+00
-7.900000000000003374e-04,-2.000000000000000042e-02
-7.880000000000002888e-04,-2.000000000000000042e-02
-7.860000000000002401e-04,-2.000000000000000042e-02
-7.840000000000001915e-04,0.000000000000000000e+00
-7.820000000000001429e-04,0.000000000000000000e+00
-7.800000000000003111e-04,-2.000000000000000042e-02
-7.780000000000002625e-04,0.000000000000000000e+00
-7.760000000000002139e-04,2.000000000000000042e-02
-7.740000000000001653e-04,-2.000000000000000042e-02
-7.720000000000003335e-04,0.000000000000000000e+00
-7.700000000000002849e-04,-2.000000000000000042e-02
-7.680000000000002363e-04,-2.000000000000000042e-02
-7.660000000000001877e-04,-2.000000000000000042e-02
-7.640000000000001391e-04,0.000000000000000000e+00
-7.620000000000003073e-04,0.000000000000000000e+00
-7.600000000000002587e-04,-2.000000000000000042e-02
-7.580000000000002101e-04,0.000000000000000000e+00
-7.560000000000001615e-04,0.000000000000000000e+00
-7.540000000000003297e-04,0.000000000000000000e+00
-7.520000000000002811e-04,0.000000000000000000e+00
-7.500000000000002325e-04,-2.000000000000000042e-02
-7.480000000000001838e-04,-2.000000000000000042e-02
-7.460000000000001352e-04,0.000000000000000000e+00
-7.440000000000003035e-04,-2.000000000000000042e-02
-7.420000000000002548e-04,-2.000000000000000042e-02
-7.400000000000002062e-04,-2.000000000000000042e-02
-7.380000000000001576e-04,2.000000000000000042e-02
-7.360000000000003258e-04,0.000000000000000000e+00
-7.340000000000002772e-04,0.000000000000000000e+00
-7.320000000000002286e-04,0.000000000000000000e+00
-7.300000000000001800e-04,2.000000000000000042e-02
-7.280000000000001314e-04,0.000000000000000000e+00
-7.260000000000002996e-04,0.000000000000000000e+00
-7.240000000000002510e-04,-2.000000000000000042e-02
-7.220000000000002024e-04,0.000000000000000000e+00
-7.200000000000001538e-04,-2.000000000000000042e-02
-7.180000000000003220e-04,-2.000000000000000042e-02
-7.160000000000002734e-04,0.000000000000000000e+00
-7.140000000000002248e-04,-2.000000000000000042e-02
-7.120000000000001762e-04,-2.000000000000000042e-02
-7.100000000000001275e-04,-2.000000000000000042e-02
-7.080000000000002958e-04,-2.000000000000000042e-02
-7.060000000000002471e-04,-2.000000000000000042e-02
-7.040000000000001985e-04,-2.000000000000000042e-02
-7.020000000000001499e-04,0.000000000000000000e+00
-7.000000000000003181e-04,2.000000000000000042e-02
-6.980000000000002695e-04,0.000000000000000000e+00
-6.960000000000002209e-04,-2.000000000000000042e-02
-6.940000000000001723e-04,-2.000000000000000042e-02
-6.920000000000003405e-04,-2.000000000000000042e-02
-6.900000000000002919e-04,0.000000000000000000e+00
-6.880000000000002433e-04,-2.000000000000000042e-02
-6.860000000000001947e-04,0.000000000000000000e+00
-6.840000000000001461e-04,-2.000000000000000042e-02
-6.820000000000003143e-04,0.000000000000000000e+00
-6.800000000000002657e-04,0.000000000000000000e+00
-6.780000000000002171e-04,-2.000000000000000042e-02
-6.760000000000001685e-04,0.000000000000000000e+00
-6.740000000000003367e-04,0.000000000000000000e+00
-6.720000000000002881e-04,-2.000000000000000042e-02
-6.700000000000002395e-04,0.000000000000000000e+00
-6.680000000000001908e-04,0.000000000000000000e+00
-6.660000000000001422e-04,-2.000000000000000042e-02
-6.640000000000003105e-04,0.000000000000000000e+00
-6.620000000000002618e-04,0.000000000000000000e+00
-6.600000000000002132e-04,0.000000000000000000e+00
-6.580000000000001646e-04,0.000000000000000000e+00
-6.560000000000003328e-04,0.000000000000000000e+00
-6.540000000000002842e-04,-2.000000000000000042e-02
-6.520000000000002356e-04,0.000000000000000000e+00
-6.500000000000001870e-04,-2.000000000000000042e-02
-6.480000000000001384e-04,0.000000000000000000e+00
-6.460000000000003066e-04,0.000000000000000000e+00
-6.440000000000002580e-04,-2.000000000000000042e-02
-6.420000000000002094e-04,0.000000000000000000e+00
-6.400000000000001608e-04,0.000000000000000000e+00
-6.380000000000003290e-04,-2.000000000000000042e-02
-6.360000000000002804e-04,0.000000000000000000e+00
-6.340000000000002318e-04,-2.000000000000000042e-02
-6.320000000000001832e-04,-2.000000000000000042e-02
-6.300000000000001345e-04,0.000000000000000000e+00
-6.280000000000003028e-04,0.000000000000000000e+00
-6.260000000000002542e-04,0.000000000000000000e+00
-6.240000000000002055e-04,-2.000000000000000042e-02
-6.220000000000001569e-04,-2.000000000000000042e-02
-6.200000000000003252e-04,-2.000000000000000042e-02
-6.180000000000002765e-04,-2.000000000000000042e-02
-6.160000000000002279e-04,-2.000000000000000042e-02
-6.140000000000001793e-04,-2.000000000000000042e-02
-6.120000000000001307e-04,-2.000000000000000042e-02
-6.100000000000002989e-04,0.000000000000000000e+00
-6.080000000000002503e-04,-2.000000000000000042e-02
-6.060000000000002017e-04,-2.000000000000000042e-02
-6.040000000000001531e-04,-2.000000000000000042e-02
-6.020000000000003213e-04,-2.000000000000000042e-02
-6.000000000000002727e-04,-2.000000000000000042e-02
-5.980000000000002241e-04,0.000000000000000000e+00
-5.960000000000001755e-04,0.000000000000000000e+00
-5.940000000000003437e-04,2.000000000000000042e-02
-5.920000000000002951e-04,-2.000000000000000042e-02
-5.900000000000002465e-04,-2.000000000000000042e-02
-5.880000000000001979e-04,-2.000000000000000042e-02
-5.860000000000001492e-04,-2.000000000000000042e-02
-5.840000000000003175e-04,0.000000000000000000e+00
-5.820000000000002689e-04,-2.000000000000000042e-02
-5.800000000000002202e-04,-2.000000000000000042e-02
-5.780000000000001716e-04,0.000000000000000000e+00
-5.760000000000003399e-04,-2.000000000000000042e-02
-5.740000000000002912e-04,-2.000000000000000042e-02
-5.720000000000002426e-04,0.000000000000000000e+00
-5.700000000000001940e-04,0.000000000000000000e+00
-5.680000000000001454e-04,-2.000000000000000042e-02
-5.660000000000003136e-04,-2.000000000000000042e-02
-5.640000000000002650e-04,-2.000000000000000042e-02
-5.620000000000002164e-04,0.000000000000000000e+00
-5.600000000000001678e-04,-2.000000000000000042e-02
-5.580000000000003360e-04,-2.000000000000000042e-02
-5.560000000000002874e-04,0.000000000000000000e+00
-5.540000000000002388e-04,-2.000000000000000042e-02
-5.520000000000001902e-04,0.000000000000000000e+00
-5.500000000000001416e-04,0.000000000000000000e+00
-5.480000000000003098e-04,-2.000000000000000042e-02
-5.460000000000002612e-04,-2.000000000000000042e-02
-5.440000000000002126e-04,0.000000000000000000e+00
-5.420000000000001639e-04,-2.000000000000000042e-02
-5.400000000000003322e-04,0.000000000000000000e+00
-5.380000000000002836e-04,0.000000000000000000e+00
-5.360000000000002349e-04,-2.000000000000000042e-02
-5.340000000000001863e-04,0.000000000000000000e+00
-5.320000000000001377e-04,-2.000000000000000042e-02
-5.300000000000003059e-04,0.000000000000000000e+00
-5.280000000000002573e-04,-2.000000000000000042e-02
-5.260000000000002087e-04,-2.000000000000000042e-02
-5.240000000000001601e-04,-2.000000000000000042e-02
-5.220000000000003283e-04,0.000000000000000000e+00
-5.200000000000002797e-04,-2.000000000000000042e-02
-5.180000000000002311e-04,-2.000000000000000042e-02
-5.160000000000001825e-04,0.000000000000000000e+00
-5.140000000000003507e-04,-2.000000000000000042e-02
-5.120000000000003021e-04,0.000000000000000000e+00
-5.100000000000002535e-04,-2.000000000000000042e-02
-5.080000000000002049e-04,-2.000000000000000042e-02
-5.060000000000001563e-04,0.000000000000000000e+00
-5.040000000000003245e-04,-2.000000000000000042e-02
-5.020000000000002759e-04,0.000000000000000000e+00
-5.000000000000002272e-04,0.000000000000000000e+00
-4.980000000000001786e-04,-2.000000000000000042e-02
-4.960000000000003469e-04,0.000000000000000000e+00
-4.940000000000002982e-04,-2.000000000000000042e-02
-4.920000000000002496e-04,0.000000000000000000e+00
-4.900000000000002010e-04,2.000000000000000042e-02
-4.880000000000001524e-04,0.000000000000000000e+00
-4.860000000000003206e-04,-2.000000000000000042e-02
-4.840000000000002720e-04,0.000000000000000000e+00
-4.820000000000002234e-04,0.000000000000000000e+00
-4.800000000000001748e-04,0.000000000000000000e+00
-4.780000000000003430e-04,0.000000000000000000e+00
-4.760000000000002944e-04,0.000000000000000000e+00
-4.740000000000002458e-04,0.000000000000000000e+00
-4.720000000000001972e-04,0.000000000000000000e+00
-4.700000000000001486e-04,0.000000000000000000e+00
-4.680000000000003168e-04,-2.000000000000000042e-02
-4.660000000000002682e-04,-2.000000000000000042e-02
-4.640000000000002196e-04,-2.000000000000000042e-02
-4.620000000000001709e-04,0.000000000000000000e+00
-4.600000000000003392e-04,0.000000000000000000e+00
-4.580000000000002906e-04,0.000000000000000000e+00
-4.560000000000002419e-04,0.000000000000000000e+00
-4.540000000000001933e-04,-2.000000000000000042e-02
-4.520000000000001447e-04,-2.000000000000000042e-02
-4.500000000000003129e-04,0.000000000000000000e+00
-4.480000000000002643e-04,-2.000000000000000042e-02
-4.460000000000002157e-04,0.000000000000000000e+00
-4.440000000000001671e-04,-2.000000000000000042e-02
-4.420000000000003353e-04,-2.000000000000000042e-02
-4.400000000000002867e-04,-2.000000000000000042e-02
-4.380000000000002381e-04,-2.000000000000000042e-02
-4.360000000000001895e-04,-2.000000000000000042e-02
-4.340000000000001409e-04,0.000000000000000000e+00
-4.320000000000003091e-04,0.000000000000000000e+00
-4.300000000000002605e-04,0.000000000000000000e+00
-4.280000000000002119e-04,-2.000000000000000042e-02
-4.260000000000001633e-04,0.000000000000000000e+00
-4.240000000000003315e-04,-2.000000000000000042e-02
-4.220000000000002829e-04,0.000000000000000000e+00
-4.200000000000002343e-04,0.000000000000000000e+00
-4.180000000000001856e-04,0.000000000000000000e+00
-4.160000000000003539e-04,-2.000000000000000042e-02
-4.140000000000003053e-04,-2.000000000000000042e-02
-4.120000000000002566e-04,-2.000000000000000042e-02
-4.100000000000002080e-04,-2.000000000000000042e-02
-4.080000000000001594e-04,0.000000000000000000e+00
-4.060000000000003276e-04,-2.000000000000000042e-02
-4.040000000000002790e-04,-2.000000000000000042e-02
-4.020000000000002304e-04,-2.000000000000000042e-02
-4.000000000000001818e-04,-2.000000000000000042e-02
-3.980000000000003500e-04,0.000000000000000000e+00
-3.960000000000003014e-04,0.000000000000000000e+00
-3.940000000000002528e-04,0.000000000000000000e+00
-3.920000000000002042e-04,0.000000000000000000e+00
-3.900000000000001556e-04,0.000000000000000000e+00
-3.880000000000003238e-04,-2.000000000000000042e-02
-3.860000000000002752e-04,0.000000000000000000e+00
-3.840000000000002266e-04,-2.000000000000000042e-02
-3.820000000000001780e-04,-2.000000000000000042e-02
-3.800000000000003462e-04,-2.000000000000000042e-02
-3.780000000000002976e-04,-2.000000000000000042e-02
-3.760000000000002490e-04,0.000000000000000000e+00
-3.740000000000002003e-04,0.000000000000000000e+00
-3.720000000000001517e-04,-2.000000000000000042e-02
-3.700000000000003200e-04,0.000000000000000000e+00
-3.680000000000002713e-04,0.000000000000000000e+00
-3.660000000000002227e-04,-2.000000000000000042e-02
-3.640000000000001741e-04,-2.000000000000000042e-02
-3.620000000000003423e-04,-2.000000000000000042e-02
-3.600000000000002937e-04,0.000000000000000000e+00
-3.580000000000002451e-04,0.000000000000000000e+00
-3.560000000000001965e-04,0.000000000000000000e+00
-3.540000000000001479e-04,-2.000000000000000042e-02
-3.520000000000003161e-04,-2.000000000000000042e-02
-3.500000000000002675e-04,-2.000000000000000042e-02
-3.480000000000002189e-04,-2.000000000000000042e-02
-3.460000000000001703e-04,0.000000000000000000e+00
-3.440000000000003385e-04,-2.000000000000000042e-02
-3.420000000000002899e-04,-2.000000000000000042e-02
-3.400000000000002413e-04,-2.000000000000000042e-02
-3.380000000000001927e-04,-2.000000000000000042e-02
-3.360000000000001440e-04,-2.000000000000000042e-02
-3.340000000000003123e-04,0.000000000000000000e+00
-3.320000000000002637e-04,-2.000000000000000042e-02
-3.300000000000002150e-04,-2.000000000000000042e-02
-3.280000000000001664e-04,0.000000000000000000e+00
-3.260000000000003346e-04,-2.000000000000000042e-02
-3.240000000000002860e-04,-2.000000000000000042e-02
-3.220000000000002374e-04,0.000000000000000000e+00
-3.200000000000001888e-04,0.000000000000000000e+00
-3.180000000000003570e-04,0.000000000000000000e+00
-3.160000000000003084e-04,0.000000000000000000e+00
-3.140000000000002598e-04,0.000000000000000000e+00
-3.120000000000002112e-04,0.000000000000000000e+00
-3.100000000000001626e-04,0.000000000000000000e+00
-3.080000000000003308e-04,0.000000000000000000e+00
-3.060000000000002822e-04,-2.000000000000000042e-02
-3.040000000000002336e-04,-2.000000000000000042e-02
-3.020000000000001850e-04,0.000000000000000000e+00
-3.000000000000003532e-04,-2.000000000000000042e-02
-2.980000000000003046e-04,-2.000000000000000042e-02
-2.960000000000002560e-04,0.000000000000000000e+00
-2.940000000000002073e-04,-2.000000000000000042e-02
-2.920000000000001587e-04,0.000000000000000000e+00
-2.900000000000003270e-04,-2.000000000000000042e-02
-2.880000000000002783e-04,0.000000000000000000e+00
-2.860000000000002297e-04,0.000000000000000000e+00
-2.840000000000001811e-04,-2.000000000000000042e-02
-2.820000000000003493e-04,-2.000000000000000042e-02
-2.800000000000003007e-04,0.000000000000000000e+00
-2.780000000000002521e-04,-2.000000000000000042e-02
-2.760000000000002035e-04,0.000000000000000000e+00
-2.740000000000001549e-04,-2.000000000000000042e-02
-2.720000000000003231e-04,0.000000000000000000e+00
-2.700000000000002745e-04,-2.000000000000000042e-02
-2.680000000000002259e-04,0.000000000000000000e+00
-2.660000000000001773e-04,0.000000000000000000e+00
-2.640000000000003455e-04,0.000000000000000000e+00
-2.620000000000002969e-04,0.000000000000000000e+00
-2.600000000000002483e-04,0.000000000000000000e+00
-2.580000000000001997e-04,0.000000000000000000e+00
-2.560000000000001510e-04,0.000000000000000000e+00
-2.540000000000003193e-04,0.000000000000000000e+00
-2.520000000000002707e-04,0.000000000000000000e+00
-2.500000000000002220e-04,-2.000000000000000042e-02
-2.480000000000001734e-04,0.000000000000000000e+00
-2.460000000000003417e-04,-2.000000000000000042e-02
-2.440000000000002930e-04,-2.000000000000000042e-02
-2.420000000000002444e-04,-2.000000000000000042e-02
-2.400000000000001958e-04,-2.000000000000000042e-02
-2.380000000000003640e-04,0.000000000000000000e+00
-2.360000000000003154e-04,0.000000000000000000e+00
-2.340000000000002668e-04,0.000000000000000000e+00
-2.320000000000002182e-04,-2.000000000000000042e-02
-2.300000000000001696e-04,-2.000000000000000042e-02
-2.280000000000003378e-04,-2.000000000000000042e-02
-2.260000000000002892e-04,0.000000000000000000e+00
-2.240000000000002406e-04,0.000000000000000000e+00
-2.220000000000001920e-04,0.000000000000000000e+00
-2.200000000000003602e-04,-2.000000000000000042e-02
-2.180000000000003116e-04,0.000000000000000000e+00
-2.160000000000002630e-04,0.000000000000000000e+00
-2.140000000000002144e-04,0.000000000000000000e+00
-2.120000000000001657e-04,-2.000000000000000042e-02
-2.100000000000003340e-04,0.000000000000000000e+00
-2.080000000000002854e-04,-2.000000000000000042e-02
-2.060000000000002367e-04,0.000000000000000000e+00
-2.040000000000001881e-04,-2.000000000000000042e-02
-2.020000000000003564e-04,0.000000000000000000e+00
-2.000000000000003077e-04,0.000000000000000000e+00
-1.980000000000002591e-04,0.000000000000000000e+00
-1.960000000000002105e-04,0.000000000000000000e+00
-1.940000000000001619e-04,-2.000000000000000042e-02
-1.920000000000003301e-04,0.000000000000000000e+00
-1.900000000000000647e-04,0.000000000000000000e+00
-1.880000000000002329e-04,-2.000000000000000042e-02
-1.860000000000004011e-04,-2.000000000000000042e-02
-1.840000000000001357e-04,-2.000000000000000042e-02
-1.820000000000003039e-04,-2.000000000000000042e-02
-1.800000000000004721e-04,0.000000000000000000e+00
-1.780000000000002067e-04,0.000000000000000000e+00
-1.760000000000003749e-04,0.000000000000000000e+00
-1.740000000000001094e-04,0.000000000000000000e+00
-1.720000000000002777e-04,0.000000000000000000e+00
-1.700000000000004459e-04,-2.000000000000000042e-02
-1.680000000000001804e-04,0.000000000000000000e+00
-1.660000000000003487e-04,0.000000000000000000e+00
-1.640000000000000832e-04,0.000000000000000000e+00
-1.620000000000002514e-04,-2.000000000000000042e-02
-1.600000000000004197e-04,-2.000000000000000042e-02
-1.580000000000001542e-04,0.000000000000000000e+00
-1.560000000000003224e-04,0.000000000000000000e+00
-1.540000000000000570e-04,0.000000000000000000e+00
-1.520000000000002252e-04,0.000000000000000000e+00
-1.500000000000003934e-04,-2.000000000000000042e-02
-1.480000000000001280e-04,0.000000000000000000e+00
-1.460000000000002962e-04,-2.000000000000000042e-02
-1.440000000000004644e-04,-2.000000000000000042e-02
-1.420000000000001990e-04,-2.000000000000000042e-02
-1.400000000000003672e-04,0.000000000000000000e+00
-1.380000000000001018e-04,0.000000000000000000e+00
-1.360000000000002700e-04,0.000000000000000000e+00
-1.340000000000004382e-04,0.000000000000000000e+00
-1.320000000000001728e-04,0.000000000000000000e+00
-1.300000000000003410e-04,0.000000000000000000e+00
-1.280000000000000755e-04,0.000000000000000000e+00
-1.260000000000002437e-04,0.000000000000000000e+00
-1.240000000000004120e-04,0.000000000000000000e+00
-1.220000000000001465e-04,0.000000000000000000e+00
-1.200000000000003147e-04,0.000000000000000000e+00
-1.180000000000000493e-04,-2.000000000000000042e-02
-1.160000000000002175e-04,-2.000000000000000042e-02
-1.140000000000003857e-04,0.000000000000000000e+00
-1.120000000000001203e-04,-2.000000000000000042e-02
-1.100000000000002885e-04,-2.000000000000000042e-02
-1.080000000000004567e-04,-2.000000000000000042e-02
-1.060000000000001913e-04,0.000000000000000000e+00
-1.040000000000003595e-04,0.000000000000000000e+00
-1.020000000000000941e-04,-2.000000000000000042e-02
-1.000000000000002623e-04,-2.000000000000000042e-02
-9.800000000000043052e-05,-2.000000000000000042e-02
-9.600000000000016506e-05,-2.000000000000000042e-02
-9.400000000000033329e-05,-2.000000000000000042e-02
-9.200000000000006783e-05,0.000000000000000000e+00
-9.000000000000023606e-05,0.000000000000000000e+00
-8.800000000000040429e-05,0.000000000000000000e+00
-8.600000000000013883e-05,0.000000000000000000e+00
-8.400000000000030706e-05,0.000000000000000000e+00
-8.200000000000047529e-05,-2.000000000000000042e-02
-8.000000000000020983e-05,0.000000000000000000e+00
-7.800000000000037806e-05,-2.000000000000000042e-02
-7.600000000000011260e-05,-2.000000000000000042e-02
-7.400000000000028083e-05,0.000000000000000000e+00
-7.200000000000044906e-05,-2.000000000000000042e-02
-7.000000000000018360e-05,-2.000000000000000042e-02
-6.800000000000035183e-05,-2.000000000000000042e-02
-6.600000000000008638e-05,0.000000000000000000e+00
-6.400000000000025460e-05,0.000000000000000000e+00
-6.200000000000042283e-05,-2.000000000000000042e-02
-6.000000000000015737e-05,-2.000000000000000042e-02
-5.800000000000032560e-05,0.000000000000000000e+00
-5.600000000000006015e-05,0.000000000000000000e+00
-5.400000000000022837e-05,0.000000000000000000e+00
-5.200000000000039660e-05,-2.000000000000000042e-02
-5.000000000000013115e-05,-2.000000000000000042e-02
-4.800000000000029937e-05,0.000000000000000000e+00
-4.600000000000046760e-05,-2.000000000000000042e-02
-4.400000000000020214e-05,-2.000000000000000042e-02
-4.200000000000037037e-05,0.000000000000000000e+00
-4.000000000000010492e-05,-2.000000000000000042e-02
-3.800000000000027314e-05,0.000000000000000000e+00
-3.600000000000044137e-05,0.000000000000000000e+00
-3.400000000000017591e-05,0.000000000000000000e+00
-3.200000000000034414e-05,-2.000000000000000042e-02
-3.000000000000007869e-05,0.000000000000000000e+00
-2.800000000000024691e-05,0.000000000000000000e+00
-2.600000000000041514e-05,0.000000000000000000e+00
-2.400000000000014969e-05,-2.000000000000000042e-02
-2.200000000000031791e-05,0.000000000000000000e+00
-2.000000000000005246e-05,0.000000000000000000e+00
-1.800000000000022068e-05,0.000000000000000000e+00
-1.600000000000038891e-05,2.000000000000000042e-02
-1.400000000000012346e-05,2.000000000000000042e-02
-1.200000000000029168e-05,0.000000000000000000e+00
-1.000000000000045991e-05,0.000000000000000000e+00
-8.000000000000194456e-06,0.000000000000000000e+00
-6.000000000000362682e-06,0.000000000000000000e+00
-4.000000000000097228e-06,0.000000000000000000e+00
-2.000000000000265454e-06,0.000000000000000000e+00
-4.336808689942017736e-19,5.999999999999999778e-02
1.999999999999831773e-06,7.000000000000000666e-01
3.999999999999663547e-06,7.600000000000000089e-01
5.999999999999929001e-06,4.199999999999999845e-01
7.999999999999760775e-06,4.199999999999999845e-01
9.999999999999592548e-06,5.200000000000000178e-01
1.199999999999985800e-05,6.600000000000000311e-01
1.399999999999968978e-05,6.600000000000000311e-01
1.599999999999952155e-05,5.200000000000000178e-01
1.799999999999978700e-05,4.799999999999999822e-01
1.999999999999961878e-05,4.799999999999999822e-01
2.199999999999988423e-05,3.800000000000000044e-01
2.399999999999971600e-05,4.400000000000000022e-01
2.599999999999954778e-05,3.200000000000000067e-01
2.799999999999981323e-05,4.199999999999999845e-01
2.999999999999964501e-05,3.200000000000000067e-01
3.199999999999991046e-05,2.999999999999999889e-01
3.399999999999974223e-05,2.800000000000000266e-01
3.599999999999957401e-05,2.399999999999999911e-01
3.799999999999983946e-05,3.200000000000000067e-01
3.999999999999967124e-05,2.399999999999999911e-01
4.199999999999993669e-05,3.200000000000000067e-01
4.399999999999976846e-05,2.200000000000000011e-01
4.599999999999960024e-05,1.799999999999999933e-01
4.799999999999986569e-05,2.800000000000000266e-01
4.999999999999969746e-05,2.000000000000000111e-01
5.199999999999952924e-05,2.399999999999999911e-01
5.399999999999979469e-05,2.200000000000000011e-01
5.599999999999962647e-05,1.799999999999999933e-01
5.799999999999989192e-05,2.600000000000000089e-01
5.999999999999972369e-05,1.799999999999999933e-01
6.199999999999955547e-05,2.600000000000000089e-01
6.399999999999982092e-05,1.600000000000000033e-01
6.599999999999965269e-05,1.600000000000000033e-01
6.799999999999991815e-05,2.000000000000000111e-01
6.999999999999974992e-05,1.600000000000000033e-01
7.199999999999958170e-05,2.000000000000000111e-01
7.399999999999984715e-05,1.400000000000000133e-01
7.599999999999967892e-05,1.600000000000000033e-01
7.799999999999994438e-05,2.000000000000000111e-01
7.999999999999977615e-05,1.400000000000000133e-01
8.199999999999960792e-05,2.000000000000000111e-01
8.399999999999987338e-05,1.400000000000000133e-01
8.599999999999970515e-05,1.600000000000000033e-01
8.799999999999953693e-05,1.799999999999999933e-01
8.999999999999980238e-05,2.000000000000000111e-01
9.199999999999963415e-05,1.600000000000000033e-01
9.399999999999989961e-05,2.000000000000000111e-01
9.599999999999973138e-05,1.600000000000000033e-01
9.799999999999956315e-05,2.000000000000000111e-01
9.999999999999982861e-05,1.600000000000000033e-01
1.019999999999996604e-04,1.199999999999999956e-01
1.039999999999999258e-04,2.600000000000000089e-01
1.059999999999997576e-04,1.600000000000000033e-01
1.079999999999995894e-04,1.600000000000000033e-01
1.099999999999998548e-04,1.400000000000000133e-01
1.119999999999996866e-04,1.600000000000000033e-01
1.139999999999995184e-04,1.799999999999999933e-01
1.159999999999997838e-04,1.400000000000000133e-01
1.179999999999996156e-04,1.799999999999999933e-01
1.199999999999998811e-04,1.799999999999999933e-01
1.219999999999997128e-04,1.799999999999999933e-01
1.239999999999995446e-04,1.400000000000000133e-01
1.259999999999998101e-04,2.000000000000000111e-01
1.279999999999996418e-04,1.400000000000000133e-01
1.299999999999999073e-04,2.200000000000000011e-01
1.319999999999997391e-04,1.600000000000000033e-01
1.339999999999995708e-04,1.400000000000000133e-01
1.359999999999998363e-04,2.000000000000000111e-01
1.379999999999996681e-04,1.600000000000000033e-01
1.399999999999999335e-04,2.000000000000000111e-01
1.419999999999997653e-04,1.600000000000000033e-01
1.439999999999995971e-04,1.799999999999999933e-01
1.459999999999998625e-04,1.600000000000000033e-01
1.479999999999996943e-04,1.600000000000000033e-01
1.499999999999995261e-04,1.799999999999999933e-01
1.519999999999997915e-04,1.600000000000000033e-01
1.539999999999996233e-04,1.600000000000000033e-01
1.559999999999998888e-04,1.600000000000000033e-01
1.579999999999997205e-04,1.600000000000000033e-01
1.599999999999995523e-04,2.000000000000000111e-01
1.619999999999998178e-04,1.400000000000000133e-01
1.639999999999996495e-04,1.600000000000000033e-01
1.659999999999999150e-04,1.600000000000000033e-01
1.679999999999997468e-04,1.400000000000000133e-01
1.699999999999995785e-04,1.799999999999999933e-01
1.719999999999998440e-04,1.400000000000000133e-01
1.739999999999996758e-04,2.200000000000000011e-01
1.759999999999999412e-04,1.600000000000000033e-01
1.779999999999997730e-04,1.600000000000000033e-01
1.799999999999996048e-04,1.600000000000000033e-01
1.819999999999998702e-04,1.400000000000000133e-01
1.839999999999997020e-04,1.799999999999999933e-01
1.859999999999995338e-04,1.400000000000000133e-01
1.879999999999997992e-04,2.000000000000000111e-01
1.899999999999996310e-04,1.400000000000000133e-01
1.919999999999998964e-04,1.600000000000000033e-01
1.939999999999997282e-04,1.600000000000000033e-01
1.959999999999995600e-04,1.799999999999999933e-01
1.979999999999998254e-04,1.600000000000000033e-01
1.999999999999996572e-04,1.600000000000000033e-01
2.019999999999999227e-04,1.799999999999999933e-01
2.039999999999997544e-04,1.600000000000000033e-01
2.059999999999995862e-04,1.600000000000000033e-01
2.079999999999998517e-04,1.600000000000000033e-01
2.099999999999996834e-04,1.799999999999999933e-01
2.119999999999995152e-04,1.600000000000000033e-01
2.139999999999997807e-04,1.600000000000000033e-01
2.159999999999996124e-04,1.600000000000000033e-01
2.179999999999998779e-04,1.799999999999999933e-01
2.199999999999997097e-04,1.600000000000000033e-01
2.219999999999995415e-04,1.400000000000000133e-01
2.239999999999998069e-04,1.799999999999999933e-01
2.259999999999996387e-04,1.400000000000000133e-01
2.279999999999999041e-04,1.600000000000000033e-01
2.299999999999997359e-04,1.600000000000000033e-01
2.319999999999995677e-04,1.600000000000000033e-01
2.339999999999998331e-04,1.600000000000000033e-01
2.359999999999996649e-04,1.600000000000000033e-01
2.379999999999999304e-04,1.799999999999999933e-01
2.399999999999997621e-04,1.600000000000000033e-01
2.419999999999995939e-04,2.000000000000000111e-01
2.439999999999998594e-04,1.400000000000000133e-01
2.459999999999996911e-04,1.600000000000000033e-01
2.479999999999995229e-04,1.400000000000000133e-01
2.499999999999997884e-04,1.600000000000000033e-01
2.519999999999996201e-04,1.600000000000000033e-01
2.539999999999998856e-04,1.400000000000000133e-01
2.559999999999997174e-04,1.600000000000000033e-01
2.579999999999995491e-04,1.600000000000000033e-01
2.599999999999998146e-04,1.600000000000000033e-01
2.619999999999996464e-04,1.600000000000000033e-01
2.639999999999999118e-04,1.600000000000000033e-01
2.659999999999997436e-04,1.600000000000000033e-01
2.679999999999995754e-04,1.600000000000000033e-01
2.699999999999998408e-04,1.600000000000000033e-01
2.719999999999996726e-04,1.400000000000000133e-01
2.739999999999995044e-04,1.600000000000000033e-01
2.759999999999997698e-04,1.400000000000000133e-01
2.779999999999996016e-04,1.799999999999999933e-01
2.799999999999998671e-04,1.600000000000000033e-01
2.819999999999996988e-04,1.600000000000000033e-01
2.839999999999995306e-04,1.600000000000000033e-01
2.859999999999997961e-04,1.600000000000000033e-01
2.879999999999996278e-04,1.600000000000000033e-01
2.899999999999998933e-04,1.600000000000000033e-01
2.919999999999997251e-04,1.799999999999999933e-01
2.939999999999995568e-04,1.600000000000000033e-01
2.959999999999998223e-04,1.600000000000000033e-01
2.979999999999996541e-04,1.400000000000000133e-01
2.999999999999999195e-04,1.600000000000000033e-01
3.019999999999997513e-04,1.600000000000000033e-01
3.039999999999995831e-04,1.199999999999999956e-01
3.059999999999998485e-04,1.799999999999999933e-01
3.079999999999996803e-04,1.400000000000000133e-01
3.099999999999995121e-04,1.600000000000000033e-01
3.119999999999997775e-04,1.600000000000000033e-01
3.139999999999996093e-04,1.600000000000000033e-01
3.159999999999998747e-04,1.600000000000000033e-01
3.179999999999997065e-04,1.600000000000000033e-01
3.199999999999995383e-04,1.600000000000000033e-01
3.219999999999998037e-04,1.400000000000000133e-01
3.239999999999996355e-04,1.799999999999999933e-01
3.259999999999999010e-04,1.600000000000000033e-01
3.279999999999997327e-04,1.600000000000000033e-01
3.299999999999995645e-04,1.600000000000000033e-01
3.319999999999998300e-04,1.600000000000000033e-01
3.339999999999996617e-04,1.600000000000000033e-01
3.359999999999999272e-04,1.600000000000000033e-01
3.379999999999997590e-04,1.799999999999999933e-01
3.399999999999995907e-04,1.600000000000000033e-01
3.419999999999998562e-04,1.600000000000000033e-01
3.439999999999996880e-04,1.600000000000000033e-01
3.459999999999995197e-04,1.600000000000000033e-01
3.479999999999997852e-04,1.799999999999999933e-01
3.499999999999996170e-04,1.600000000000000033e-01
3.519999999999998824e-04,1.600000000000000033e-01
3.539999999999997142e-04,1.600000000000000033e-01
3.559999999999995460e-04,1.600000000000000033e-01
3.579999999999998114e-04,1.600000000000000033e-01
3.599999999999996432e-04,1.600000000000000033e-01
3.619999999999999087e-04,1.600000000000000033e-01
3.639999999999997404e-04,1.600000000000000033e-01
3.659999999999995722e-04,1.799999999999999933e-01
3.679999999999998377e-04,1.600000000000000033e-01
3.699999999999996694e-04,1.799999999999999933e-01
3.719999999999995012e-04,1.400000000000000133e-01
3.739999999999997667e-04,1.600000000000000033e-01
3.759999999999995984e-04,1.600000000000000033e-01
3.779999999999998639e-04,1.600000000000000033e-01
3.799999999999996957e-04,1.600000000000000033e-01
3.819999999999995274e-04,1.600000000000000033e-01
3.839999999999997929e-04,1.799999999999999933e-01
3.859999999999996247e-04,1.400000000000000133e-01
3.879999999999998901e-04,1.600000000000000033e-01
3.899999999999997219e-04,1.600000000000000033e-01
3.919999999999995537e-04,1.600000000000000033e-01
3.939999999999998191e-04,1.600000000000000033e-01
3.959999999999996509e-04,1.600000000000000033e-01
3.979999999999999163e-04,1.600000000000000033e-01
3.999999999999997481e-04,1.600000000000000033e-01
4.019999999999995799e-04,1.600000000000000033e-01
4.039999999999998453e-04,1.600000000000000033e-01
4.059999999999996771e-04,1.600000000000000033e-01
4.079999999999995089e-04,1.600000000000000033e-01
4.099999999999997743e-04,1.600000000000000033e-01
4.119999999999996061e-04,1.600000000000000033e-01
4.139999999999998716e-04,1.400000000000000133e-01
4.159999999999997033e-04,1.600000000000000033e-01
4.179999999999995351e-04,1.600000000000000033e-01
4.199999999999998006e-04,1.600000000000000033e-01
4.219999999999996323e-04,1.600000000000000033e-01
4.239999999999998978e-04,1.600000000000000033e-01
4.259999999999997296e-04,1.600000000000000033e-01
4.279999999999995614e-04,1.600000000000000033e-01
4.299999999999998268e-04,1.600000000000000033e-01
4.319999999999996586e-04,1.600000000000000033e-01
4.339999999999999240e-04,1.600000000000000033e-01
4.359999999999997558e-04,1.600000000000000033e-01
4.379999999999995876e-04,1.600000000000000033e-01
4.399999999999998530e-04,1.799999999999999933e-01
4.419999999999996848e-04,1.600000000000000033e-01
4.439999999999995166e-04,1.600000000000000033e-01
4.459999999999997820e-04,1.600000000000000033e-01
4.479999999999996138e-04,1.600000000000000033e-01
4.499999999999998793e-04,1.600000000000000033e-01
4.519999999999997110e-04,1.600000000000000033e-01
4.539999999999995428e-04,1.600000000000000033e-01
4.559999999999998083e-04,1.600000000000000033e-01
4.579999999999996400e-04,1.600000000000000033e-01
4.599999999999999055e-04,1.600000000000000033e-01
4.619999999999997373e-04,1.600000000000000033e-01
4.639999999999995690e-04,1.600000000000000033e-01
4.659999999999998345e-04,1.600000000000000033e-01
4.679999999999996663e-04,1.600000000000000033e-01
4.699999999999994980e-04,1.600000000000000033e-01
4.719999999999997635e-04,1.600000000000000033e-01
4.739999999999995953e-04,1.600000000000000033e-01
4.759999999999998607e-04,1.600000000000000033e-01
4.779999999999996925e-04,1.600000000000000033e-01
4.799999999999995243e-04,1.600000000000000033e-01
4.819999999999997897e-04,1.600000000000000033e-01
4.839999999999996215e-04,1.600000000000000033e-01
4.859999999999998870e-04,1.600000000000000033e-01
4.879999999999997187e-04,1.600000000000000033e-01
4.899999999999995505e-04,1.600000000000000033e-01
4.919999999999998160e-04,1.600000000000000033e-01
4.939999999999996477e-04,1.600000000000000033e-01
4.959999999999999132e-04,1.600000000000000033e-01
4.979999999999997450e-04,1.600000000000000033e-01
4.999999999999995767e-04,1.600000000000000033e-01
5.019999999999998422e-04,1.600000000000000033e-01
5.039999999999996740e-04,1.600000000000000033e-01
5.059999999999995057e-04,1.600000000000000033e-01
5.079999999999997712e-04,1.600000000000000033e-01
5.099999999999996030e-04,1.600000000000000033e-01
5.119999999999998684e-04,1.600000000000000033e-01
5.139999999999997002e-04,1.600000000000000033e-01
5.159999999999995320e-04,1.600000000000000033e-01
5.179999999999997974e-04,1.600000000000000033e-01
5.199999999999996292e-04,1.600000000000000033e-01
5.219999999999998946e-04,1.600000000000000033e-01
5.239999999999997264e-04,1.600000000000000033e-01
5.259999999999995582e-04,1.600000000000000033e-01
5.279999999999998236e-04,1.600000000000000033e-01
5.299999999999996554e-04,1.600000000000000033e-01
5.319999999999999209e-04,1.600000000000000033e-01
5.339999999999997526e-04,1.600000000000000033e-01
5.359999999999995844e-04,1.799999999999999933e-01
5.379999999999998499e-04,1.600000000000000033e-01
5.399999999999996816e-04,1.600000000000000033e-01
5.419999999999995134e-04,1.400000000000000133e-01
5.439999999999997789e-04,1.400000000000000133e-01
5.459999999999996106e-04,1.600000000000000033e-01
5.479999999999998761e-04,1.600000000000000033e-01
5.499999999999997079e-04,1.600000000000000033e-01
5.519999999999995396e-04,1.600000000000000033e-01
5.539999999999998051e-04,1.600000000000000033e-01
5.559999999999996369e-04,1.600000000000000033e-01
5.579999999999999023e-04,1.600000000000000033e-01
5.599999999999997341e-04,1.600000000000000033e-01
5.619999999999995659e-04,1.600000000000000033e-01
5.639999999999998313e-04,1.799999999999999933e-01
5.659999999999996631e-04,1.600000000000000033e-01
5.679999999999994949e-04,1.799999999999999933e-01
5.699999999999997603e-04,1.600000000000000033e-01
5.719999999999995921e-04,1.600000000000000033e-01
5.739999999999998576e-04,1.600000000000000033e-01
5.759999999999996893e-04,1.600000000000000033e-01
5.779999999999995211e-04,1.600000000000000033e-01
5.799999999999997866e-04,1.600000000000000033e-01
5.819999999999996183e-04,1.600000000000000033e-01
5.839999999999998838e-04,1.600000000000000033e-01
5.859999999999997156e-04,1.600000000000000033e-01
5.879999999999995473e-04,1.600000000000000033e-01
5.899999999999998128e-04,1.600000000000000033e-01
5.919999999999996446e-04,1.600000000000000033e-01
5.939999999999999100e-04,1.600000000000000033e-01
5.959999999999997418e-04,1.600000000000000033e-01
5.979999999999995736e-04,1.600000000000000033e-01
5.999999999999998390e-04,1.600000000000000033e-01
6.019999999999996708e-04,1.600000000000000033e-01
6.039999999999995026e-04,1.600000000000000033e-01
6.059999999999997680e-04,1.600000000000000033e-01
6.079999999999995998e-04,1.600000000000000033e-01
6.099999999999998652e-04,1.600000000000000033e-01
6.119999999999996970e-04,1.600000000000000033e-01
6.139999999999995288e-04,1.600000000000000033e-01
6.159999999999997942e-04,1.600000000000000033e-01
6.179999999999996260e-04,1.600000000000000033e-01
6.199999999999998915e-04,1.600000000000000033e-01
6.219999999999997232e-04,1.600000000000000033e-01
6.239999999999995550e-04,1.600000000000000033e-01
6.259999999999998205e-04,1.600000000000000033e-01
6.279999999999996523e-04,1.600000000000000033e-01
6.299999999999999177e-04,1.600000000000000033e-01
6.319999999999997495e-04,1.799999999999999933e-01
6.339999999999995813e-04,1.600000000000000033e-01
6.359999999999998467e-04,1.799999999999999933e-01
6.379999999999996785e-04,1.600000000000000033e-01
6.399999999999995103e-04,1.799999999999999933e-01
6.419999999999997757e-04,1.600000000000000033e-01
6.439999999999996075e-04,1.600000000000000033e-01
6.459999999999998729e-04,1.600000000000000033e-01
6.479999999999997047e-04,1.600000000000000033e-01
6.499999999999995365e-04,1.600000000000000033e-01
6.519999999999998019e-04,1.600000000000000033e-01
6.539999999999996337e-04,1.600000000000000033e-01
6.559999999999998992e-04,1.600000000000000033e-01
6.579999999999997309e-04,1.600000000000000033e-01
6.599999999999995627e-04,1.600000000000000033e-01
6.619999999999998282e-04,1.600000000000000033e-01
6.639999999999996599e-04,1.600000000000000033e-01
6.659999999999994917e-04,1.600000000000000033e-01
6.679999999999997572e-04,1.600000000000000033e-01
6.699999999999995889e-04,1.600000000000000033e-01
6.719999999999998544e-04,1.600000000000000033e-01
6.739999999999996862e-04,1.600000000000000033e-01
6.759999999999995179e-04,1.600000000000000033e-01
6.779999999999997834e-04,1.600000000000000033e-01
6.799999999999996152e-04,1.600000000000000033e-01
6.819999999999998806e-04,1.600000000000000033e-01
6.839999999999997124e-04,1.600000000000000033e-01
6.859999999999995442e-04,1.600000000000000033e-01
6.879999999999998096e-04,1.600000000000000033e-01
6.899999999999996414e-04,1.600000000000000033e-01
6.919999999999999069e-04,1.600000000000000033e-01
6.939999999999997386e-04,1.600000000000000033e-01
6.959999999999995704e-04,1.600000000000000033e-01
6.979999999999998359e-04,1.600000000000000033e-01
6.999999999999996676e-04,1.600000000000000033e-01
7.019999999999994994e-04,1.600000000000000033e-01
7.039999999999997649e-04,1.600000000000000033e-01
7.059999999999995966e-04,1.600000000000000033e-01
7.079999999999998621e-04,1.600000000000000033e-01
7.099999999999996939e-04,1.600000000000000033e-01
7.119999999999995256e-04,1.600000000000000033e-01
7.139999999999997911e-04,1.600000000000000033e-01
7.159999999999996229e-04,1.600000000000000033e-01
7.179999999999998883e-04,1.600000000000000033e-01
7.199999999999997201e-04,1.600000000000000033e-01
7.219999999999995519e-04,1.600000000000000033e-01
7.239999999999998173e-04,1.799999999999999933e-01
7.259999999999996491e-04,1.600000000000000033e-01
7.279999999999999145e-04,1.600000000000000033e-01
7.299999999999997463e-04,1.400000000000000133e-01
7.319999999999995781e-04,1.600000000000000033e-01
7.339999999999998435e-04,1.600000000000000033e-01
7.359999999999996753e-04,1.600000000000000033e-01
7.379999999999995071e-04,1.600000000000000033e-01
7.399999999999997725e-04,1.600000000000000033e-01
7.419999999999996043e-04,1.600000000000000033e-01
7.439999999999998698e-04,1.600000000000000033e-01
7.459999999999997015e-04,1.600000000000000033e-01
7.479999999999995333e-04,1.600000000000000033e-01
7.499999999999997988e-04,1.600000000000000033e-01
7.519999999999996305e-04,1.600000000000000033e-01
7.539999999999998960e-04,1.600000000000000033e-01
7.559999999999997278e-04,1.600000000000000033e-01
7.579999999999995595e-04,1.600000000000000033e-01
7.599999999999998250e-04,1.600000000000000033e-01
7.619999999999996568e-04,1.600000000000000033e-01
7.639999999999994885e-04,1.600000000000000033e-01
7.659999999999997540e-04,1.799999999999999933e-01
7.679999999999995858e-04,1.600000000000000033e-01
7.699999999999998512e-04,1.400000000000000133e-01
7.719999999999996830e-04,1.600000000000000033e-01
7.739999999999995148e-04,1.600000000000000033e-01
7.759999999999997802e-04,1.600000000000000033e-01
7.779999999999996120e-04,1.600000000000000033e-01
7.799999999999998775e-04,1.600000000000000033e-01
7.819999999999997092e-04,1.600000000000000033e-01
7.839999999999995410e-04,1.600000000000000033e-01
7.859999999999998065e-04,1.600000000000000033e-01
7.879999999999996382e-04,1.600000000000000033e-01
7.899999999999999037e-04,1.600000000000000033e-01
7.919999999999997355e-04,1.600000000000000033e-01
7.939999999999995672e-04,1.600000000000000033e-01
7.959999999999998327e-04,1.600000000000000033e-01
7.979999999999996645e-04,1.600000000000000033e-01
7.999999999999994962e-04,1.600000000000000033e-01
8.019999999999997617e-04,1.400000000000000133e-01
8.039999999999995935e-04,1.600000000000000033e-01
8.059999999999998589e-04,1.600000000000000033e-01
8.079999999999996907e-04,1.600000000000000033e-01
8.099999999999995225e-04,1.600000000000000033e-01
8.119999999999997879e-04,1.600000000000000033e-01
8.139999999999996197e-04,1.600000000000000033e-01
8.159999999999998851e-04,1.600000000000000033e-01
8.179999999999997169e-04,1.600000000000000033e-01
8.199999999999995487e-04,1.600000000000000033e-01
8.219999999999998141e-04,1.600000000000000033e-01
8.239999999999996459e-04,1.600000000000000033e-01
8.259999999999999114e-04,1.600000000000000033e-01
8.279999999999997431e-04,1.600000000000000033e-01
8.299999999999995749e-04,1.600000000000000033e-01
8.319999999999998404e-04,1.600000000000000033e-01
8.339999999999996722e-04,1.600000000000000033e-01
8.359999999999995039e-04,1.600000000000000033e-01
8.379999999999997694e-04,1.600000000000000033e-01
8.399999999999996012e-04,1.600000000000000033e-01
8.419999999999998666e-04,1.600000000000000033e-01
8.439999999999996984e-04,1.600000000000000033e-01
8.459999999999995302e-04,1.600000000000000033e-01
8.479999999999997956e-04,1.600000000000000033e-01
8.499999999999996274e-04,1.600000000000000033e-01
8.519999999999998928e-04,1.600000000000000033e-01
8.539999999999997246e-04,1.600000000000000033e-01
8.559999999999995564e-04,1.600000000000000033e-01
8.579999999999998218e-04,1.600000000000000033e-01
8.599999999999996536e-04,1.600000000000000033e-01
8.619999999999994854e-04,1.600000000000000033e-01
8.639999999999997508e-04,1.600000000000000033e-01
8.659999999999995826e-04,1.600000000000000033e-01
8.679999999999998481e-04,1.600000000000000033e-01
8.699999999999996798e-04,1.600000000000000033e-01
8.719999999999995116e-04,1.400000000000000133e-01
8.739999999999997771e-04,1.600000000000000033e-01
8.759999999999996088e-04,1.600000000000000033e-01
8.779999999999998743e-04,1.600000000000000033e-01
8.799999999999997061e-04,1.799999999999999933e-01
8.819999999999995378e-04,1.799999999999999933e-01
8.839999999999998033e-04,1.600000000000000033e-01
8.859999999999996351e-04,1.799999999999999933e-01
8.879999999999999005e-04,1.600000000000000033e-01
8.899999999999997323e-04,1.600000000000000033e-01
8.919999999999995641e-04,1.600000000000000033e-01
8.939999999999998295e-04,1.799999999999999933e-01
8.959999999999996613e-04,1.600000000000000033e-01
8.979999999999994931e-04,1.600000000000000033e-01
8.999999999999997585e-04,1.600000000000000033e-01
9.019999999999995903e-04,1.400000000000000133e-01
9.039999999999998558e-04,1.600000000000000033e-01
9.059999999999996875e-04,1.600000000000000033e-01
9.079999999999995193e-04,1.600000000000000033e-01
9.099999999999997848e-04,1.600000000000000033e-01
9.119999999999996165e-04,1.799999999999999933e-01
9.139999999999998820e-04,1.600000000000000033e-01
9.159999999999997138e-04,1.600000000000000033e-01
9.179999999999995455e-04,1.600000000000000033e-01
9.199999999999998110e-04,1.799999999999999933e-01
9.219999999999996428e-04,1.799999999999999933e-01
9.239999999999999082e-04,1.600000000000000033e-01
9.259999999999997400e-04,1.600000000000000033e-01
9.279999999999995718e-04,1.600000000000000033e-01
9.299999999999998372e-04,1.600000000000000033e-01
9.319999999999996690e-04,1.600000000000000033e-01
9.339999999999995008e-04,1.600000000000000033e-01
9.359999999999997662e-04,1.600000000000000033e-01
9.379999999999995980e-04,1.600000000000000033e-01
9.399999999999998634e-04,1.600000000000000033e-01
9.419999999999996952e-04,1.600000000000000033e-01
9.439999999999995270e-04,1.600000000000000033e-01
9.459999999999997924e-04,1.799999999999999933e-01
9.479999999999996242e-04,1.600000000000000033e-01
9.499999999999998897e-04,1.600000000000000033e-01
9.519999999999997214e-04,1.600000000000000033e-01
9.539999999999995532e-04,1.600000000000000033e-01
9.559999999999998187e-04,1.600000000000000033e-01
9.579999999999996504e-04,1.600000000000000033e-01
9.599999999999994822e-04,1.600000000000000033e-01
9.619999999999997477e-04,1.600000000000000033e-01
9.639999999999995794e-04,1.799999999999999933e-01
9.659999999999998449e-04,1.600000000000000033e-01
9.679999999999996767e-04,1.600000000000000033e-01
9.699999999999995084e-04,1.600000000000000033e-01
9.719999999999997739e-04,1.600000000000000033e-01
9.739999999999996057e-04,1.600000000000000033e-01
9.759999999999998711e-04,1.600000000000000033e-01
9.779999999999997029e-04,1.600000000000000033e-01
9.799999999999995347e-04,1.600000000000000033e-01
9.819999999999998001e-04,1.799999999999999933e-01
9.839999999999996319e-04,1.600000000000000033e-01
9.859999999999998974e-04,1.600000000000000033e-01
9.879999999999997291e-04,1.600000000000000033e-01
9.899999999999995609e-04,1.600000000000000033e-01
9.919999999999998264e-04,1.600000000000000033e-01
9.939999999999996581e-04,1.600000000000000033e-01
9.959999999999994899e-04,1.600000000000000033e-01
9.979999999999997554e-04,1.799999999999999933e-01
9.999999999999995871e-04,1.600000000000000033e-01
1.001999999999999853e-03,1.600000000000000033e-01
1.003999999999999684e-03,1.600000000000000033e-01
1.005999999999999516e-03,1.600000000000000033e-01
1.007999999999999782e-03,1.600000000000000033e-01
1.009999999999999613e-03,1.600000000000000033e-01
1.011999999999999879e-03,1.799999999999999933e-01
1.013999999999999711e-03,1.600000000000000033e-01
1.015999999999999542e-03,1.600000000000000033e-01
1.017999999999999808e-03,1.600000000000000033e-01
1.019999999999999640e-03,1.400000000000000133e-01
1.021999999999999471e-03,1.600000000000000033e-01
1.023999999999999737e-03,1.799999999999999933e-01
1.025999999999999569e-03,1.400000000000000133e-01
1.027999999999999834e-03,1.799999999999999933e-01
1.029999999999999666e-03,1.400000000000000133e-01
1.031999999999999498e-03,1.600000000000000033e-01
1.033999999999999763e-03,1.799999999999999933e-01
1.035999999999999595e-03,1.600000000000000033e-01
1.037999999999999860e-03,1.600000000000000033e-01
1.039999999999999692e-03,1.600000000000000033e-01
1.041999999999999524e-03,1.799999999999999933e-01
1.043999999999999789e-03,1.600000000000000033e-01
1.045999999999999621e-03,1.600000000000000033e-01
1.047999999999999887e-03,1.600000000000000033e-01
1.049999999999999718e-03,1.600000000000000033e-01
1.051999999999999550e-03,1.799999999999999933e-01
1.053999999999999816e-03,1.400000000000000133e-01
1.055999999999999647e-03,2.000000000000000111e-01
1.057999999999999479e-03,2.000000000000000111e-01
1.059999999999999745e-03,1.400000000000000133e-01
1.061999999999999576e-03,2.000000000000000111e-01
1.063999999999999842e-03,1.400000000000000133e-01
1.065999999999999674e-03,1.799999999999999933e-01
1.067999999999999505e-03,1.199999999999999956e-01
1.069999999999999771e-03,1.000000000000000056e-01
1.071999999999999603e-03,1.000000000000000056e-01
1.073999999999999868e-03,8.000000000000000167e-02
1.075999999999999700e-03,8.000000000000000167e-02
1.077999999999999532e-03,5.999999999999999778e-02
1.079999999999999797e-03,4.000000000000000083e-02
1.081999999999999629e-03,5.999999999999999778e-02
1.083999999999999894e-03,5.999999999999999778e-02
1.085999999999999726e-03,4.000000000000000083e-02
1.087999999999999558e-03,2.000000000000000042e-02
1.089999999999999823e-03,4.000000000000000083e-02
1.091999999999999655e-03,4.000000000000000083e-02
1.093999999999999487e-03,2.000000000000000042e-02
1.095999999999999752e-03,2.000000000000000042e-02
1.097999999999999584e-03,2.000000000000000042e-02
1.099999999999999849e-03,2.000000000000000042e-02
1.101999999999999681e-03,2.000000000000000042e-02
1.103999999999999513e-03,2.000000000000000042e-02
1.105999999999999778e-03,0.000000000000000000e+00
1.107999999999999610e-03,2.000000000000000042e-02
1.109999999999999876e-03,2.000000000000000042e-02
1.111999999999999707e-03,0.000000000000000000e+00
1.113999999999999539e-03,2.000000000000000042e-02
1.115999999999999805e-03,-2.000000000000000042e-02
1.117999999999999636e-03,2.000000000000000042e-02
1.119999999999999468e-03,0.000000000000000000e+00
1.121999999999999734e-03,0.000000000000000000e+00
1.123999999999999565e-03,0.000000000000000000e+00
1.125999999999999831e-03,0.000000000000000000e+00
1.127999999999999663e-03,0.000000000000000000e+00
1.129999999999999494e-03,-2.000000000000000042e-02
1.131999999999999760e-03,0.000000000000000000e+00
1.133999999999999592e-03,0.000000000000000000e+00
1.135999999999999857e-03,0.000000000000000000e+00
1.137999999999999689e-03,0.000000000000000000e+00
1.139999999999999521e-03,-2.000000000000000042e-02
1.141999999999999786e-03,-2.000000000000000042e-02
1.143999999999999618e-03,-2.000000000000000042e-02
1.145999999999999883e-03,0.000000000000000000e+00
1.147999999999999715e-03,0.000000000000000000e+00
1.149999999999999547e-03,-2.000000000000000042e-02
1.151999999999999812e-03,0.000000000000000000e+00
1.153999999999999644e-03,0.000000000000000000e+00
1.155999999999999476e-03,-2.000000000000000042e-02
1.157999999999999741e-03,0.000000000000000000e+00
1.159999999999999573e-03,0.000000000000000000e+00
1.161999999999999839e-03,0.000000000000000000e+00
1.163999999999999670e-03,0.000000000000000000e+00
1.165999999999999502e-03,0.000000000000000000e+00
1.167999999999999768e-03,0.000000000000000000e+00
1.169999999999999599e-03,0.000000000000000000e+00
1.171999999999999865e-03,-2.000000000000000042e-02
1.173999999999999697e-03,0.000000000000000000e+00
1.175999999999999528e-03,-2.000000000000000042e-02
1.177999999999999794e-03,-2.000000000000000042e-02
1.179999999999999626e-03,0.000000000000000000e+00
1.181999999999999891e-03,0.000000000000000000e+00
1.183999999999999723e-03,-2.000000000000000042e-02
1.185999999999999555e-03,-2.000000000000000042e-02
1.187999999999999820e-03,0.000000000000000000e+00
1.189999999999999652e-03,0.000000000000000000e+00
1.191999999999999484e-03,-2.000000000000000042e-02
1.193999999999999749e-03,0.000000000000000000e+00
1.195999999999999581e-03,0.000000000000000000e+00
1.197999999999999846e-03,0.000000000000000000e+00
1.199999999999999678e-03,0.000000000000000000e+00
1.201999999999999510e-03,0.000000000000000000e+00
1.203999999999999775e-03,-2.000000000000000042e-02
1.205999999999999607e-03,0.000000000000000000e+00
1.207999999999999872e-03,-2.000000000000000042e-02
1.209999999999999704e-03,-2.000000000000000042e-02
1.211999999999999536e-03,0.000000000000000000e+00
1.213999999999999801e-03,-2.000000000000000042e-02
1.215999999999999633e-03,-2.000000000000000042e-02
1.217999999999999465e-03,-2.000000000000000042e-02
1.219999999999999730e-03,0.000000000000000000e+00
1.221999999999999562e-03,0.000000000000000000e+00
1.223999999999999828e-03,-2.000000000000000042e-02
1.225999999999999659e-03,0.000000000000000000e+00
1.227999999999999491e-03,0.000000000000000000e+00
1.229999999999999757e-03,2.000000000000000042e-02
1.231999999999999588e-03,0.000000000000000000e+00
1.233999999999999854e-03,0.000000000000000000e+00
1.235999999999999686e-03,0.000000000000000000e+00
1.237999999999999517e-03,0.000000000000000000e+00
1.239999999999999783e-03,0.000000000000000000e+00
1.241999999999999615e-03,0.000000000000000000e+00
1.243999999999999880e-03,-2.000000000000000042e-02
1.245999999999999712e-03,0.000000000000000000e+00
1.247999999999999544e-03,2.000000000000000042e-02
1.249999999999999809e-03,0.000000000000000000e+00
1.251999999999999641e-03,-2.000000000000000042e-02
1.253999999999999473e-03,-2.000000000000000042e-02
1.255999999999999738e-03,-2.000000000000000042e-02
1.257999999999999570e-03,-2.000000000000000042e-02
1.259999999999999835e-03,-2.000000000000000042e-02
1.261999999999999667e-03,-2.000000000000000042e-02
1.263999999999999499e-03,0.000000000000000000e+00
1.265999999999999764e-03,-2.000000000000000042e-02
1.267999999999999596e-03,0.000000000000000000e+00
1.269999999999999862e-03,-2.000000000000000042e-02
1.271999999999999693e-03,-2.000000000000000042e-02
1.273999999999999525e-03,-2.000000000000000042e-02
1.275999999999999791e-03,0.000000000000000000e+00
1.277999999999999622e-03,0.000000000000000000e+00
1.279999999999999888e-03,-2.000000000000000042e-02
1.281999999999999720e-03,-2.000000000000000042e-02
1.283999999999999551e-03,0.000000000000000000e+00
1.285999999999999817e-03,0.000000000000000000e+00
1.287999999999999649e-03,0.000000000000000000e+00
1.289999999999999480e-03,0.000000000000000000e+00
1.291999999999999746e-03,0.000000000000000000e+00
1.293999999999999578e-03,-2.000000000000000042e-02
1.295999999999999843e-03,0.000000000000000000e+00
1.297999999999999675e-03,-2.000000000000000042e-02
1.299999999999999507e-03,-2.000000000000000042e-02
1.301999999999999772e-03,-2.000000000000000042e-02
1.303999999999999604e-03,-2.000000000000000042e-02
1.305999999999999869e-03,-2.000000000000000042e-02
1.307999999999999701e-03,-2.000000000000000042e-02
1.309999999999999533e-03,-2.000000000000000042e-02
1.311999999999999798e-03,0.000000000000000000e+00
1.313999999999999630e-03,0.000000000000000000e+00
1.315999999999999462e-03,-2.000000000000000042e-02
1.317999999999999727e-03,-2.000000000000000042e-02
1.319999999999999559e-03,-2.000000000000000042e-02
1.321999999999999825e-03,0.000000000000000000e+00
1.323999999999999656e-03,0.000000000000000000e+00
1.325999999999999488e-03,0.000000000000000000e+00
1.327999999999999754e-03,0.000000000000000000e+00
1.329999999999999585e-03,-2.000000000000000042e-02
1.331999999999999851e-03,0.000000000000000000e+00
1.333999999999999683e-03,0.000000000000000000e+00
1.335999999999999514e-03,0.000000000000000000e+00
1.337999999999999780e-03,0.000000000000000000e+00
1.339999999999999612e-03,-2.000000000000000042e-02
1.341999999999999877e-03,0.000000000000000000e+00
1.343999999999999709e-03,-2.000000000000000042e-02
1.345999999999999541e-03,-2.000000000000000042e-02
1.347999999999999806e-03,-2.000000000000000042e-02
1.349999999999999638e-03,-2.000000000000000042e-02
1.351999999999999470e-03,0.000000000000000000e+00
1.353999999999999735e-03,-2.000000000000000042e-02
1.355999999999999567e-03,-2.000000000000000042e-02
1.357999999999999832e-03,-2.000000000000000042e-02
1.359999999999999664e-03,2.000000000000000042e-02
1.361999999999999496e-03,-2.000000000000000042e-02
1.363999999999999761e-03,-2.000000000000000042e-02
1.365999999999999593e-03,-2.000000000000000042e-02
1.367999999999999858e-03,-2.000000000000000042e-02
1.369999999999999690e-03,-2.000000000000000042e-02
1.371999999999999522e-03,-2.000000000000000042e-02
1.373999999999999787e-03,-2.000000000000000042e-02
1.375999999999999619e-03,-2.000000000000000042e-02
1.377999999999999885e-03,-2.000000000000000042e-02
1.379999999999999716e-03,0.000000000000000000e+00
1.381999999999999548e-03,-2.000000000000000042e-02
1.383999999999999814e-03,-2.000000000000000042e-02
1.385999999999999645e-03,-2.000000000000000042e-02
1.387999999999999477e-03,0.000000000000000000e+00
1.389999999999999743e-03,0.000000000000000000e+00
1.391999999999999574e-03,0.000000000000000000e+00
1.393999999999999840e-03,0.000000000000000000e+00
1.395999999999999672e-03,0.000000000000000000e+00
1.397999999999999503e-03,0.000000000000000000e+00
1.399999999999999769e-03,0.000000000000000000e+00
1.401999999999999601e-03,0.000000000000000000e+00
1.403999999999999866e-03,-2.000000000000000042e-02
1.405999999999999698e-03,0.000000000000000000e+00
1.407999999999999530e-03,-2.000000000000000042e-02
1.409999999999999795e-03,-2.000000000000000042e-02
1.411999999999999627e-03,0.000000000000000000e+00
1.413999999999999459e-03,-2.000000000000000042e-02
1.415999999999999724e-03,0.000000000000000000e+00
1.417999999999999556e-03,-2.000000000000000042e-02
1.419999999999999821e-03,0.000000000000000000e+00
1.421999999999999653e-03,0.000000000000000000e+00
1.423999999999999485e-03,-2.000000000000000042e-02
1.425999999999999750e-03,0.000000000000000000e+00
1.427999999999999582e-03,-2.000000000000000042e-02
1.429999999999999848e-03,0.000000000000000000e+00
1.431999999999999679e-03,0.000000000000000000e+00
1.433999999999999511e-03,-2.000000000000000042e-02
1.435999999999999777e-03,-2.000000000000000042e-02
1.437999999999999608e-03,0.000000000000000000e+00
1.439999999999999874e-03,0.000000000000000000e+00
1.441999999999999706e-03,-2.000000000000000042e-02
1.443999999999999537e-03,0.000000000000000000e+00
1.445999999999999803e-03,0.000000000000000000e+00
1.447999999999999635e-03,0.000000000000000000e+00
1.449999999999999466e-03,0.000000000000000000e+00
1.451999999999999732e-03,0.000000000000000000e+00
1.453999999999999564e-03,-2.000000000000000042e-02
1.455999999999999829e-03,-2.000000000000000042e-02
1.457999999999999661e-03,-2.000000000000000042e-02
1.459999999999999493e-03,-2.000000000000000042e-02
1.461999999999999758e-03,0.000000000000000000e+00
1.463999999999999590e-03,-2.000000000000000042e-02
1.465999999999999855e-03,0.000000000000000000e+00
1.467999999999999687e-03,-2.000000000000000042e-02
1.469999999999999519e-03,0.000000000000000000e+00
1.471999999999999784e-03,-2.000000000000000042e-02
1.473999999999999616e-03,0.000000000000000000e+00
1.475999999999999882e-03,-2.000000000000000042e-02
1.477999999999999713e-03,0.000000000000000000e+00
1.479999999999999545e-03,0.000000000000000000e+00
1.481999999999999811e-03,-2.000000000000000042e-02
1.483999999999999642e-03,-2.000000000000000042e-02
1.485999999999999474e-03,-2.000000000000000042e-02
1.487999999999999740e-03,0.000000000000000000e+00
1.489999999999999571e-03,-2.000000000000000042e-02
1.491999999999999837e-03,0.000000000000000000e+00
1.493999999999999669e-03,0.000000000000000000e+00
1.495999999999999500e-03,-2.000000000000000042e-02
1.497999999999999766e-03,0.000000000000000000e+00
1.499999999999999598e-03,0.000000000000000000e+00
1.501999999999999863e-03,-2.000000000000000042e-02
1.503999999999999695e-03,0.000000000000000000e+00
1.505999999999999527e-03,0.000000000000000000e+00
1.507999999999999792e-03,0.000000000000000000e+00
1.509999999999999624e-03,-2.000000000000000042e-02
1.511999999999999456e-03,-2.000000000000000042e-02
1.513999999999999721e-03,-2.000000000000000042e-02
1.515999999999999553e-03,0.000000000000000000e+00
1.517999999999999818e-03,-2.000000000000000042e-02
1.519999999999999650e-03,0.000000000000000000e+00
1.521999999999999482e-03,0.000000000000000000e+00
1.523999999999999747e-03,0.000000000000000000e+00
1.525999999999999579e-03,0.000000000000000000e+00
1.527999999999999844e-03,0.000000000000000000e+00
1.529999999999999676e-03,-2.000000000000000042e-02
1.531999999999999508e-03,0.000000000000000000e+00
1.533999999999999773e-03,-2.000000000000000042e-02
1.535999999999999605e-03,2.000000000000000042e-02
1.537999999999999871e-03,-2.000000000000000042e-02
1.539999999999999702e-03,-2.000000000000000042e-02
1.541999999999999534e-03,-2.000000000000000042e-02
1.543999999999999800e-03,0.000000000000000000e+00
1.545999999999999631e-03,0.000000000000000000e+00
1.547999999999999463e-03,-2.000000000000000042e-02
1.549999999999999729e-03,0.000000000000000000e+00
1.551999999999999560e-03,0.000000000000000000e+00
1.553999999999999826e-03,0.000000000000000000e+00
1.555999999999999658e-03,-2.000000000000000042e-02
1.557999999999999489e-03,0.000000000000000000e+00
1.559999999999999755e-03,-2.000000000000000042e-02
1.561999999999999587e-03,-2.000000000000000042e-02
1.563999999999999852e-03,0.000000000000000000e+00
1.565999999999999684e-03,-2.000000000000000042e-02
1.567999999999999516e-03,0.000000000000000000e+00
1.569999999999999781e-03,-2.000000000000000042e-02
1.571999999999999613e-03,0.000000000000000000e+00
1.573999999999999878e-03,-2.000000000000000042e-02
1.575999999999999710e-03,0.000000000000000000e+00
1.577999999999999542e-03,0.000000000000000000e+00
1.579999999999999807e-03,0.000000000000000000e+00
1.581999999999999639e-03,0.000000000000000000e+00
1.583999999999999471e-03,0.000000000000000000e+00
1.585999999999999736e-03,0.000000000000000000e+00
1.587999999999999568e-03,0.000000000000000000e+00
1.589999999999999834e-03,0.000000000000000000e+00
1.591999999999999665e-03,-2.000000000000000042e-02
1.593999999999999497e-03,0.000000000000000000e+00
1.595999999999999763e-03,0.000000000000000000e+00
1.597999999999999594e-03,-2.000000000000000042e-02
1.599999999999999860e-03,-2.000000000000000042e-02
1.601999999999999692e-03,-2.000000000000000042e-02
1.603999999999999523e-03,0.000000000000000000e+00
1.605999999999999789e-03,-2.000000000000000042e-02
1.607999999999999621e-03,-2.000000000000000042e-02
1.609999999999999452e-03,-2.000000000000000042e-02
1.611999999999999718e-03,-2.000000000000000042e-02
1.613999999999999550e-03,0.000000000000000000e+00
1.615999999999999815e-03,-2.000000000000000042e-02
1.617999999999999647e-03,0.000000000000000000e+00
1.619999999999999479e-03,0.000000000000000000e+00
1.621999999999999744e-03,0.000000000000000000e+00
1.623999999999999576e-03,-2.000000000000000042e-02
1.625999999999999841e-03,0.000000000000000000e+00
1.627999999999999673e-03,0.000000000000000000e+00
1.629999999999999505e-03,-2.000000000000000042e-02
1.631999999999999770e-03,0.000000000000000000e+00
1.633999999999999602e-03,0.000000000000000000e+00
1.635999999999999868e-03,0.000000000000000000e+00
1.637999999999999699e-03,-2.000000000000000042e-02
1.639999999999999531e-03,0.000000000000000000e+00
1.641999999999999797e-03,0.000000000000000000e+00
1.643999999999999628e-03,0.000000000000000000e+00
1.645999999999999460e-03,-2.000000000000000042e-02
1.647999999999999726e-03,-2.000000000000000042e-02
1.649999999999999557e-03,-2.000000000000000042e-02
1.651999999999999823e-03,-2.000000000000000042e-02
1.653999999999999655e-03,-2.000000000000000042e-02
1.655999999999999486e-03,-2.000000000000000042e-02
1.657999999999999752e-03,-2.000000000000000042e-02
1.659999999999999584e-03,0.000000000000000000e+00
1.661999999999999849e-03,-2.000000000000000042e-02
1.663999999999999681e-03,0.000000000000000000e+00
1.665999999999999513e-03,-2.000000000000000042e-02
1.667999999999999778e-03,0.000000000000000000e+00
1.669999999999999610e-03,0.000000000000000000e+00
1.671999999999999442e-03,0.000000000000000000e+00
1.673999999999999707e-03,-2.000000000000000042e-02
1.675999999999999539e-03,-2.000000000000000042e-02
1.677999999999999804e-03,-2.000000000000000042e-02
1.679999999999999636e-03,0.000000000000000000e+00
1.681999999999999468e-03,0.000000000000000000e+00
1.683999999999999733e-03,0.000000000000000000e+00
1.685999999999999565e-03,0.000000000000000000e+00
1.687999999999999830e-03,-2.000000000000000042e-02
1.689999999999999662e-03,0.000000000000000000e+00
1.691999999999999494e-03,0.000000000000000000e+00
1.693999999999999759e-03,0.000000000000000000e+00
1.695999999999999591e-03,-2.000000000000000042e-02
1.697999999999999857e-03,0.000000000000000000e+00
1.699999999999999688e-03,-2.000000000000000042e-02
1.701999999999999520e-03,0.000000000000000000e+00
1.703999999999999786e-03,0.000000000000000000e+00
1.705999999999999617e-03,-2.000000000000000042e-02
1.707999999999999449e-03,0.000000000000000000e+00
1.709999999999999715e-03,0.000000000000000000e+00
1.711999999999999546e-03,-2.000000000000000042e-02
1.713999999999999812e-03,0.000000000000000000e+00
1.715999999999999644e-03,-2.000000000000000042e-02
1.717999999999999475e-03,-2.000000000000000042e-02
1.719999999999999741e-03,-2.000000000000000042e-02
1.721999999999999573e-03,-2.000000000000000042e-02
1.723999999999999838e-03,-2.000000000000000042e-02
1.725999999999999670e-03,0.000000000000000000e+00
1.727999999999999502e-03,-2.000000000000000042e-02
1.729999999999999767e-03,0.000000000000000000e+00
1.731999999999999599e-03,-2.000000000000000042e-02
1.733999999999999864e-03,0.000000000000000000e+00
1.735999999999999696e-03,0.000000000000000000e+00
1.737999999999999528e-03,0.000000000000000000e+00
1.739999999999999793e-03,0.000000000000000000e+00
1.741999999999999625e-03,0.000000000000000000e+00
1.743999999999999457e-03,-2.000000000000000042e-02
1.745999999999999722e-03,0.000000000000000000e+00
1.747999999999999554e-03,2.000000000000000042e-02
1.749999999999999820e-03,-2.000000000000000042e-02
1.751999999999999651e-03,2.000000000000000042e-02
1.753999999999999483e-03,0.000000000000000000e+00
1.755999999999999749e-03,0.000000000000000000e+00
1.757999999999999580e-03,0.000000000000000000e+00
1.759999999999999846e-03,-2.000000000000000042e-02
1.761999999999999244e-03,-2.000000000000000042e-02
1.763999999999999509e-03,0.000000000000000000e+00
1.765999999999999775e-03,0.000000000000000000e+00
1.768000000000000040e-03,-2.000000000000000042e-02
1.769999999999999438e-03,-2.000000000000000042e-02
1.771999999999999704e-03,-2.000000000000000042e-02
1.773999999999999969e-03,-2.000000000000000042e-02
1.775999999999999367e-03,-2.000000000000000042e-02
1.777999999999999633e-03,0.000000000000000000e+00
1.779999999999999898e-03,0.000000000000000000e+00
1.781999999999999296e-03,-2.000000000000000042e-02
1.783999999999999562e-03,0.000000000000000000e+00
1.785999999999999827e-03,0.000000000000000000e+00
1.787999999999999225e-03,0.000000000000000000e+00
1.789999999999999491e-03,-2.000000000000000042e-02
1.791999999999999756e-03,0.000000000000000000e+00
1.794000000000000022e-03,0.000000000000000000e+00
1.795999999999999420e-03,-2.000000000000000042e-02
1.797999999999999685e-03,-2.000000000000000042e-02
1.799999999999999951e-03,-2.000000000000000042e-02
1.801999999999999349e-03,0.000000000000000000e+00
1.803999999999999614e-03,0.000000000000000000e+00
1.805999999999999880e-03,-2.000000000000000042e-02
1.807999999999999278e-03,0.000000000000000000e+00
1.809999999999999543e-03,0.000000000000000000e+00
1.811999999999999809e-03,0.000000000000000000e+00
1.814000000000000074e-03,0.000000000000000000e+00
1.815999999999999472e-03,0.000000000000000000e+00
1.817999999999999738e-03,-2.000000000000000042e-02
1.820000000000000003e-03,-2.000000000000000042e-02
1.821999999999999401e-03,0.000000000000000000e+00
1.823999999999999667e-03,0.000000000000000000e+00
1.825999999999999932e-03,-2.000000000000000042e-02
1.827999999999999330e-03,0.000000000000000000e+00
1.829999999999999596e-03,0.000000000000000000e+00
1.831999999999999861e-03,-2.000000000000000042e-02
1.833999999999999259e-03,0.000000000000000000e+00
1.835999999999999525e-03,0.000000000000000000e+00
1.837999999999999790e-03,0.000000000000000000e+00
1.840000000000000056e-03,0.000000000000000000e+00
1.841999999999999454e-03,0.000000000000000000e+00
1.843999999999999719e-03,-2.000000000000000042e-02
1.845999999999999985e-03,-2.000000000000000042e-02
1.847999999999999383e-03,-2.000000000000000042e-02
1.849999999999999648e-03,0.000000000000000000e+00
1.851999999999999914e-03,-2.000000000000000042e-02
1.853999999999999312e-03,-2.000000000000000042e-02
1.855999999999999577e-03,0.000000000000000000e+00
1.857999999999999843e-03,0.000000000000000000e+00
1.859999999999999241e-03,0.000000000000000000e+00
1.861999999999999506e-03,0.000000000000000000e+00
1.863999999999999772e-03,0.000000000000000000e+00
1.866000000000000037e-03,0.000000000000000000e+00
1.867999999999999435e-03,-2.000000000000000042e-02
1.869999999999999701e-03,-2.000000000000000042e-02
1.871999999999999966e-03,-2.000000000000000042e-02
1.873999999999999364e-03,0.000000000000000000e+00
1.875999999999999630e-03,-2.000000000000000042e-02
1.877999999999999895e-03,0.000000000000000000e+00
1.879999999999999293e-03,0.000000000000000000e+00
1.881999999999999559e-03,-2.000000000000000042e-02
1.883999999999999824e-03,-2.000000000000000042e-02
1.885999999999999222e-03,-2.000000000000000042e-02
1.887999999999999488e-03,-2.000000000000000042e-02
1.889999999999999753e-03,0.000000000000000000e+00
1.892000000000000019e-03,-2.000000000000000042e-02
1.893999999999999417e-03,-2.000000000000000042e-02
1.895999999999999682e-03,0.000000000000000000e+00
1.897999999999999948e-03,-2.000000000000000042e-02
1.899999999999999346e-03,0.000000000000000000e+00
1.901999999999999611e-03,0.000000000000000000e+00
1.903999999999999877e-03,-2.000000000000000042e-02
1.905999999999999275e-03,0.000000000000000000e+00
1.907999999999999540e-03,-2.000000000000000042e-02
1.909999999999999806e-03,0.000000000000000000e+00
1.912000000000000071e-03,-2.000000000000000042e-02
1.913999999999999469e-03,0.000000000000000000e+00
1.915999999999999735e-03,0.000000000000000000e+00
1.918000000000000000e-03,0.000000000000000000e+00
1.919999999999999398e-03,0.000000000000000000e+00
1.921999999999999664e-03,0.000000000000000000e+00
1.923999999999999929e-03,0.000000000000000000e+00
1.925999999999999327e-03,0.000000000000000000e+00
1.927999999999999593e-03,0.000000000000000000e+00
1.929999999999999858e-03,0.000000000000000000e+00
1.931999999999999256e-03,0.000000000000000000e+00
1.933999999999999522e-03,0.000000000000000000e+00
1.935999999999999787e-03,-2.000000000000000042e-02
1.938000000000000052e-03,-2.000000000000000042e-02
1.939999999999999451e-03,0.000000000000000000e+00
1.941999999999999716e-03,0.000000000000000000e+00
1.943999999999999981e-03,-2.000000000000000042e-02
1.945999999999999380e-03,0.000000000000000000e+00
1.947999999999999645e-03,0.000000000000000000e+00
1.949999999999999910e-03,0.000000000000000000e+00
1.951999999999999309e-03,0.000000000000000000e+00
1.953999999999999574e-03,-2.000000000000000042e-02
1.955999999999999839e-03,-2.000000000000000042e-02
1.957999999999999238e-03,0.000000000000000000e+00
1.959999999999999503e-03,-2.000000000000000042e-02
1.961999999999999768e-03,0.000000000000000000e+00
1.964000000000000034e-03,0.000000000000000000e+00
1.965999999999999432e-03,0.000000000000000000e+00
1.967999999999999697e-03,-2.000000000000000042e-02
1.969999999999999963e-03,0.000000000000000000e+00
1.971999999999999361e-03,0.000000000000000000e+00
1.973999999999999626e-03,0.000000000000000000e+00
1.975999999999999892e-03,-2.000000000000000042e-02
1.977999999999999290e-03,0.000000000000000000e+00
1.979999999999999555e-03,0.000000000000000000e+00
1.981999999999999821e-03,-2.000000000000000042e-02
1.983999999999999219e-03,0.000000000000000000e+00
1.985999999999999484e-03,0.000000000000000000e+00
1.987999999999999750e-03,-2.000000000000000042e-02
1.990000000000000015e-03,-2.000000000000000042e-02
1.991999999999999413e-03,-2.000000000000000042e-02
1.993999999999999679e-03,0.000000000000000000e+00
1.995999999999999944e-03,0.000000000000000000e+00
1.997999999999999342e-03,0.000000000000000000e+00
1.999999999999999608e-03,0.000000000000000000e+00
2.001999999999999873e-03,0.000000000000000000e+00
2.003999999999999271e-03,-2.000000000000000042e-02
2.005999999999999537e-03,-2.000000000000000042e-02
2.007999999999999802e-03,-2.000000000000000042e-02
2.010000000000000068e-03,0.000000000000000000e+00
2.011999999999999466e-03,0.000000000000000000e+00
2.013999999999999731e-03,0.000000000000000000e+00
2.015999999999999997e-03,-2.000000000000000042e-02
2.017999999999999395e-03,-2.000000000000000042e-02
2.019999999999999660e-03,0.000000000000000000e+00
2.021999999999999926e-03,-2.000000000000000042e-02
2.023999999999999324e-03,0.000000000000000000e+00
2.025999999999999589e-03,0.000000000000000000e+00
2.027999999999999855e-03,0.000000000000000000e+00
2.029999999999999253e-03,0.000000000000000000e+00
2.031999999999999518e-03,-2.000000000000000042e-02
2.033999999999999784e-03,0.000000000000000000e+00
2.036000000000000049e-03,-2.000000000000000042e-02
2.037999999999999447e-03,0.000000000000000000e+00
2.039999999999999713e-03,0.000000000000000000e+00
2.041999999999999978e-03,-2.000000000000000042e-02
2.043999999999999376e-03,0.000000000000000000e+00
2.045999999999999642e-03,-2.000000000000000042e-02
2.047999999999999907e-03,0.000000000000000000e+00
2.049999999999999305e-03,0.000000000000000000e+00
2.051999999999999571e-03,-2.000000000000000042e-02
2.053999999999999836e-03,0.000000000000000000e+00
2.055999999999999234e-03,0.000000000000000000e+00
2.057999999999999500e-03,0.000000000000000000e+00
2.059999999999999765e-03,0.000000000000000000e+00
2.062000000000000031e-03,0.000000000000000000e+00
2.063999999999999429e-03,-2.000000000000000042e-02
2.065999999999999694e-03,0.000000000000000000e+00
2.067999999999999960e-03,-2.000000000000000042e-02
2.069999999999999358e-03,0.000000000000000000e+00
2.071999999999999623e-03,-2.000000000000000042e-02
2.073999999999999889e-03,0.000000000000000000e+00
2.075999999999999287e-03,0.000000000000000000e+00
2.077999999999999552e-03,0.000000000000000000e+00
2.079999999999999818e-03,0.000000000000000000e+00
2.081999999999999216e-03,-2.000000000000000042e-02
2.083999999999999481e-03,-2.000000000000000042e-02
2.085999999999999747e-03,0.000000000000000000e+00
2.088000000000000012e-03,0.000000000000000000e+00
2.089999999999999410e-03,0.000000000000000000e+00
2.091999999999999676e-03,0.000000000000000000e+00
2.093999999999999941e-03,0.000000000000000000e+00
2.095999999999999339e-03,-2.000000000000000042e-02
2.097999999999999605e-03,0.000000000000000000e+00
2.099999999999999870e-03,-2.000000000000000042e-02
2.101999999999999268e-03,0.000000000000000000e+00
2.103999999999999534e-03,-2.000000000000000042e-02
2.105999999999999799e-03,0.000000000000000000e+00
2.108000000000000065e-03,-2.000000000000000042e-02
2.109999999999999463e-03,0.000000000000000000e+00
2.111999999999999728e-03,0.000000000000000000e+00
2.113999999999999994e-03,0.000000000000000000e+00
2.115999999999999392e-03,-2.000000000000000042e-02
2.117999999999999657e-03,-2.000000000000000042e-02
2.119999999999999923e-03,-2.000000000000000042e-02
2.121999999999999321e-03,0.000000000000000000e+00
2.123999999999999586e-03,0.000000000000000000e+00
2.125999999999999852e-03,-2.000000000000000042e-02
2.127999999999999250e-03,-2.000000000000000042e-02
2.129999999999999515e-03,0.000000000000000000e+00
2.131999999999999781e-03,-2.000000000000000042e-02
2.134000000000000046e-03,0.000000000000000000e+00
2.135999999999999444e-03,-2.000000000000000042e-02
2.137999999999999710e-03,0.000000000000000000e+00
2.139999999999999975e-03,-2.000000000000000042e-02
2.141999999999999373e-03,0.000000000000000000e+00
2.143999999999999639e-03,0.000000000000000000e+00
2.145999999999999904e-03,0.000000000000000000e+00
2.147999999999999302e-03,0.000000000000000000e+00
2.149999999999999568e-03,0.000000000000000000e+00
2.151999999999999833e-03,0.000000000000000000e+00
2.153999999999999231e-03,2.000000000000000042e-02
2.155999999999999497e-03,0.000000000000000000e+00
2.157999999999999762e-03,0.000000000000000000e+00
2.160000000000000028e-03,0.000000000000000000e+00
2.161999999999999426e-03,0.000000000000000000e+00
2.163999999999999691e-03,0.000000000000000000e+00
2.165999999999999957e-03,0.000000000000000000e+00
2.167999999999999355e-03,-2.000000000000000042e-02
2.169999999999999620e-03,-2.000000000000000042e-02
2.171999999999999886e-03,0.000000000000000000e+00
2.173999999999999284e-03,-2.000000000000000042e-02
2.175999999999999549e-03,-2.000000000000000042e-02
2.177999999999999815e-03,-2.000000000000000042e-02
2.179999999999999213e-03,0.000000000000000000e+00
2.181999999999999478e-03,0.000000000000000000e+00
2.183999999999999744e-03,-2.000000000000000042e-02
2.186000000000000009e-03,-2.000000000000000042e-02
2.187999999999999407e-03,-2.000000000000000042e-02
2.189999999999999673e-03,-2.000000000000000042e-02
2.191999999999999938e-03,-2.000000000000000042e-02
2.193999999999999336e-03,-2.000000000000000042e-02
2.195999999999999602e-03,-2.000000000000000042e-02
2.197999999999999867e-03,0.000000000000000000e+00
2.199999999999999265e-03,0.000000000000000000e+00
2.201999999999999531e-03,0.000000000000000000e+00
2.203999999999999796e-03,-2.000000000000000042e-02
2.206000000000000062e-03,0.000000000000000000e+00
2.207999999999999460e-03,0.000000000000000000e+00
2.209999999999999725e-03,0.000000000000000000e+00
2.211999999999999991e-03,-2.000000000000000042e-02
2.213999999999999389e-03,-2.000000000000000042e-02
2.215999999999999654e-03,0.000000000000000000e+00
2.217999999999999920e-03,0.000000000000000000e+00
2.219999999999999318e-03,2.000000000000000042e-02
2.221999999999999583e-03,8.000000000000000444e-01
2.223999999999999849e-03,3.599999999999999867e-01
2.225999999999999247e-03,4.199999999999999845e-01
2.227999999999999512e-03,1.580000000000000071e+00
2.229999999999999778e-03,1.400000000000000133e+00
2.232000000000000043e-03,5.799999999999999600e-01
2.233999999999999441e-03,1.459999999999999964e+00
2.235999999999999707e-03,5.000000000000000000e-01
2.237999999999999972e-03,4.799999999999999822e-01
2.239999999999999370e-03,7.600000000000000089e-01
2.241999999999999636e-03,4.000000000000000222e-01
2.243999999999999901e-03,5.000000000000000000e-01
2.245999999999999299e-03,3.599999999999999867e-01
2.247999999999999565e-03,3.200000000000000067e-01
2.249999999999999830e-03,3.800000000000000044e-01
2.251999999999999228e-03,2.800000000000000266e-01
2.253999999999999494e-03,3.599999999999999867e-01
2.255999999999999759e-03,2.800000000000000266e-01
2.258000000000000024e-03,2.600000000000000089e-01
2.259999999999999423e-03,2.800000000000000266e-01
2.261999999999999688e-03,2.200000000000000011e-01
2.263999999999999953e-03,2.800000000000000266e-01
2.265999999999999352e-03,2.000000000000000111e-01
2.267999999999999617e-03,3.599999999999999867e-01
2.269999999999999882e-03,2.200000000000000011e-01
2.271999999999999281e-03,2.399999999999999911e-01
2.273999999999999546e-03,2.200000000000000011e-01
2.275999999999999811e-03,2.000000000000000111e-01
2.277999999999999210e-03,2.200000000000000011e-01
2.279999999999999475e-03,1.799999999999999933e-01
2.281999999999999740e-03,2.399999999999999911e-01
2.284000000000000006e-03,1.799999999999999933e-01
2.285999999999999404e-03,2.600000000000000089e-01
2.287999999999999669e-03,1.600000000000000033e-01
2.289999999999999935e-03,1.199999999999999956e-01
2.291999999999999333e-03,2.000000000000000111e-01
2.293999999999999598e-03,1.600000000000000033e-01
2.295999999999999864e-03,2.200000000000000011e-01
2.297999999999999262e-03,2.000000000000000111e-01
2.299999999999999527e-03,1.600000000000000033e-01
2.301999999999999793e-03,2.000000000000000111e-01
2.304000000000000058e-03,1.600000000000000033e-01
2.305999999999999456e-03,1.600000000000000033e-01
2.307999999999999722e-03,2.000000000000000111e-01
2.309999999999999987e-03,1.199999999999999956e-01
2.311999999999999385e-03,2.000000000000000111e-01
2.313999999999999651e-03,1.600000000000000033e-01
2.315999999999999916e-03,2.200000000000000011e-01
2.317999999999999314e-03,1.400000000000000133e-01
2.319999999999999580e-03,1.600000000000000033e-01
2.321999999999999845e-03,1.600000000000000033e-01
2.323999999999999243e-03,1.600000000000000033e-01
2.325999999999999509e-03,1.600000000000000033e-01
2.327999999999999774e-03,1.400000000000000133e-01
2.330000000000000040e-03,2.200000000000000011e-01
2.331999999999999438e-03,1.400000000000000133e-01
2.333999999999999703e-03,1.600000000000000033e-01
2.335999999999999969e-03,1.600000000000000033e-01
2.337999999999999367e-03,2.000000000000000111e-01
2.339999999999999632e-03,1.400000000000000133e-01
2.341999999999999898e-03,2.600000000000000089e-01
2.343999999999999296e-03,1.600000000000000033e-01
2.345999999999999561e-03,1.400000000000000133e-01
2.347999999999999827e-03,2.000000000000000111e-01
2.349999999999999225e-03,1.199999999999999956e-01
2.351999999999999490e-03,2.399999999999999911e-01
2.353999999999999756e-03,1.400000000000000133e-01
2.356000000000000021e-03,1.600000000000000033e-01
2.357999999999999419e-03,1.400000000000000133e-01
2.359999999999999685e-03,1.600000000000000033e-01
2.361999999999999950e-03,1.799999999999999933e-01
2.363999999999999348e-03,1.199999999999999956e-01
2.365999999999999614e-03,2.200000000000000011e-01
2.367999999999999879e-03,1.400000000000000133e-01
2.369999999999999277e-03,2.200000000000000011e-01
2.371999999999999543e-03,1.400000000000000133e-01
2.373999999999999808e-03,1.799999999999999933e-01
2.375999999999999206e-03,1.600000000000000033e-01
2.377999999999999472e-03,1.400000000000000133e-01
2.379999999999999737e-03,2.200000000000000011e-01
2.382000000000000003e-03,1.400000000000000133e-01
2.383999999999999401e-03,1.600000000000000033e-01
2.385999999999999666e-03,1.600000000000000033e-01
2.387999999999999932e-03,2.000000000000000111e-01
2.389999999999999330e-03,1.600000000000000033e-01
2.391999999999999595e-03,1.799999999999999933e-01
2.393999999999999861e-03,1.199999999999999956e-01
2.395999999999999259e-03,1.799999999999999933e-01
2.397999999999999524e-03,1.600000000000000033e-01
2.399999999999999790e-03,1.199999999999999956e-01
2.402000000000000055e-03,2.000000000000000111e-01
2.403999999999999453e-03,1.199999999999999956e-01
2.405999999999999719e-03,2.000000000000000111e-01
2.407999999999999984e-03,1.600000000000000033e-01
2.409999999999999382e-03,1.199999999999999956e-01
2.411999999999999648e-03,1.799999999999999933e-01
2.413999999999999913e-03,1.400000000000000133e-01
2.415999999999999311e-03,1.600000000000000033e-01
2.417999999999999577e-03,1.600000000000000033e-01
2.419999999999999842e-03,1.400000000000000133e-01
2.421999999999999240e-03,1.799999999999999933e-01
2.423999999999999506e-03,1.600000000000000033e-01
2.425999999999999771e-03,1.600000000000000033e-01
2.428000000000000037e-03,1.600000000000000033e-01
2.429999999999999435e-03,1.600000000000000033e-01
2.431999999999999700e-03,1.799999999999999933e-01
2.433999999999999966e-03,1.600000000000000033e-01
2.435999999999999364e-03,1.600000000000000033e-01
2.437999999999999629e-03,1.600000000000000033e-01
2.439999999999999895e-03,1.799999999999999933e-01
2.441999999999999293e-03,1.600000000000000033e-01
2.443999999999999558e-03,1.400000000000000133e-01
2.445999999999999824e-03,1.600000000000000033e-01
2.447999999999999222e-03,1.400000000000000133e-01
2.449999999999999487e-03,2.000000000000000111e-01
2.451999999999999753e-03,1.400000000000000133e-01
2.454000000000000018e-03,1.600000000000000033e-01
2.455999999999999416e-03,1.799999999999999933e-01
2.457999999999999682e-03,1.600000000000000033e-01
2.459999999999999947e-03,1.799999999999999933e-01
2.461999999999999345e-03,1.400000000000000133e-01
2.463999999999999611e-03,1.799999999999999933e-01
2.465999999999999876e-03,1.600000000000000033e-01
2.467999999999999274e-03,1.600000000000000033e-01
2.469999999999999540e-03,1.600000000000000033e-01
2.471999999999999805e-03,1.600000000000000033e-01
2.473999999999999203e-03,1.600000000000000033e-01
2.475999999999999469e-03,1.600000000000000033e-01
2.477999999999999734e-03,1.600000000000000033e-01
2.480000000000000000e-03,1.600000000000000033e-01
2.481999999999999398e-03,1.600000000000000033e-01
2.483999999999999663e-03,1.400000000000000133e-01
2.485999999999999929e-03,1.799999999999999933e-01
2.487999999999999327e-03,1.400000000000000133e-01
2.489999999999999592e-03,1.600000000000000033e-01
2.491999999999999858e-03,1.400000000000000133e-01
2.493999999999999256e-03,1.600000000000000033e-01
2.495999999999999521e-03,1.600000000000000033e-01
2.497999999999999787e-03,1.600000000000000033e-01
2.500000000000000052e-03,1.799999999999999933e-01
2.501999999999999450e-03,1.600000000000000033e-01
2.503999999999999716e-03,1.600000000000000033e-01
2.505999999999999981e-03,1.799999999999999933e-01
2.507999999999999379e-03,1.600000000000000033e-01
2.509999999999999645e-03,1.799999999999999933e-01
2.511999999999999910e-03,1.400000000000000133e-01
2.513999999999999308e-03,1.799999999999999933e-01
2.515999999999999574e-03,1.799999999999999933e-01
2.517999999999999839e-03,1.400000000000000133e-01
2.519999999999999237e-03,1.600000000000000033e-01
2.521999999999999503e-03,1.400000000000000133e-01
2.523999999999999768e-03,1.799999999999999933e-01
2.526000000000000034e-03,1.600000000000000033e-01
2.527999999999999432e-03,1.799999999999999933e-01
2.529999999999999697e-03,1.799999999999999933e-01
2.531999999999999963e-03,1.600000000000000033e-01
2.533999999999999361e-03,1.600000000000000033e-01
2.535999999999999626e-03,1.600000000000000033e-01
2.537999999999999892e-03,1.799999999999999933e-01
2.539999999999999290e-03,1.400000000000000133e-01
2.541999999999999555e-03,2.000000000000000111e-01
2.543999999999999821e-03,1.600000000000000033e-01
2.545999999999999219e-03,1.600000000000000033e-01
2.547999999999999484e-03,1.600000000000000033e-01
2.549999999999999750e-03,1.600000000000000033e-01
2.552000000000000015e-03,1.600000000000000033e-01
2.553999999999999413e-03,1.600000000000000033e-01
2.555999999999999679e-03,1.799999999999999933e-01
2.557999999999999944e-03,1.600000000000000033e-01
2.559999999999999342e-03,1.600000000000000033e-01
2.561999999999999608e-03,1.600000000000000033e-01
2.563999999999999873e-03,1.600000000000000033e-01
2.565999999999999271e-03,1.799999999999999933e-01
2.567999999999999537e-03,1.600000000000000033e-01
2.569999999999999802e-03,1.799999999999999933e-01
2.571999999999999200e-03,1.600000000000000033e-01
2.573999999999999466e-03,1.799999999999999933e-01
2.575999999999999731e-03,1.600000000000000033e-01
2.577999999999999996e-03,1.600000000000000033e-01
2.579999999999999395e-03,1.799999999999999933e-01
2.581999999999999660e-03,1.400000000000000133e-01
2.583999999999999925e-03,1.600000000000000033e-01
2.585999999999999324e-03,1.600000000000000033e-01
2.587999999999999589e-03,1.799999999999999933e-01
2.589999999999999854e-03,1.600000000000000033e-01
2.591999999999999253e-03,1.799999999999999933e-01
2.593999999999999518e-03,1.600000000000000033e-01
2.595999999999999783e-03,1.600000000000000033e-01
2.598000000000000049e-03,1.600000000000000033e-01
2.599999999999999447e-03,1.600000000000000033e-01
2.601999999999999712e-03,1.600000000000000033e-01
2.603999999999999978e-03,1.400000000000000133e-01
2.605999999999999376e-03,1.600000000000000033e-01
2.607999999999999641e-03,1.600000000000000033e-01
2.609999999999999907e-03,1.600000000000000033e-01
2.611999999999999305e-03,1.600000000000000033e-01
2.613999999999999570e-03,1.600000000000000033e-01
2.615999999999999836e-03,1.799999999999999933e-01
2.617999999999999234e-03,1.400000000000000133e-01
2.619999999999999499e-03,1.799999999999999933e-01
2.621999999999999765e-03,1.600000000000000033e-01
2.624000000000000030e-03,1.600000000000000033e-01
2.625999999999999428e-03,1.600000000000000033e-01
2.627999999999999694e-03,1.600000000000000033e-01
2.629999999999999959e-03,1.600000000000000033e-01
2.631999999999999357e-03,1.400000000000000133e-01
2.633999999999999623e-03,1.600000000000000033e-01
2.635999999999999888e-03,1.600000000000000033e-01
2.637999999999999286e-03,1.600000000000000033e-01
2.639999999999999552e-03,1.600000000000000033e-01
2.641999999999999817e-03,1.600000000000000033e-01
2.643999999999999215e-03,1.600000000000000033e-01
2.645999999999999481e-03,1.600000000000000033e-01
2.647999999999999746e-03,1.799999999999999933e-01
2.650000000000000012e-03,1.600000000000000033e-01
2.651999999999999410e-03,1.600000000000000033e-01
2.653999999999999675e-03,1.600000000000000033e-01
2.655999999999999941e-03,1.600000000000000033e-01
2.657999999999999339e-03,1.600000000000000033e-01
2.659999999999999604e-03,1.400000000000000133e-01
2.661999999999999870e-03,1.600000000000000033e-01
2.663999999999999268e-03,1.600000000000000033e-01
2.665999999999999533e-03,1.799999999999999933e-01
2.667999999999999799e-03,1.600000000000000033e-01
2.669999999999999197e-03,1.600000000000000033e-01
2.671999999999999462e-03,1.600000000000000033e-01
2.673999999999999728e-03,1.600000000000000033e-01
2.675999999999999993e-03,1.600000000000000033e-01
2.677999999999999391e-03,1.600000000000000033e-01
2.679999999999999657e-03,1.600000000000000033e-01
2.681999999999999922e-03,1.600000000000000033e-01
2.683999999999999320e-03,1.799999999999999933e-01
2.685999999999999586e-03,1.600000000000000033e-01
2.687999999999999851e-03,1.600000000000000033e-01
2.689999999999999249e-03,1.600000000000000033e-01
2.691999999999999515e-03,1.600000000000000033e-01
2.693999999999999780e-03,1.600000000000000033e-01
2.695999999999999178e-03,1.600000000000000033e-01
2.697999999999999444e-03,1.600000000000000033e-01
2.699999999999999709e-03,1.600000000000000033e-01
2.701999999999999975e-03,1.600000000000000033e-01
2.703999999999999373e-03,1.600000000000000033e-01
2.705999999999999638e-03,1.600000000000000033e-01
2.707999999999999904e-03,1.600000000000000033e-01
2.709999999999999302e-03,1.600000000000000033e-01
2.711999999999999567e-03,1.600000000000000033e-01
2.713999999999999833e-03,1.600000000000000033e-01
2.715999999999999231e-03,1.600000000000000033e-01
2.717999999999999496e-03,1.600000000000000033e-01
2.719999999999999762e-03,1.600000000000000033e-01
2.722000000000000027e-03,1.600000000000000033e-01
2.723999999999999425e-03,1.600000000000000033e-01
2.725999999999999691e-03,1.600000000000000033e-01
2.727999999999999956e-03,1.600000000000000033e-01
2.729999999999999354e-03,1.600000000000000033e-01
2.731999999999999620e-03,1.600000000000000033e-01
2.733999999999999885e-03,1.600000000000000033e-01
2.735999999999999283e-03,1.600000000000000033e-01
2.737999999999999549e-03,1.600000000000000033e-01
2.739999999999999814e-03,1.600000000000000033e-01
2.741999999999999212e-03,1.400000000000000133e-01
2.743999999999999478e-03,1.600000000000000033e-01
2.745999999999999743e-03,1.600000000000000033e-01
2.748000000000000009e-03,1.600000000000000033e-01
2.749999999999999407e-03,1.600000000000000033e-01
2.751999999999999672e-03,1.600000000000000033e-01
2.753999999999999938e-03,1.600000000000000033e-01
2.755999999999999336e-03,1.600000000000000033e-01
2.757999999999999601e-03,1.600000000000000033e-01
2.759999999999999867e-03,1.600000000000000033e-01
2.761999999999999265e-03,1.600000000000000033e-01
2.763999999999999530e-03,1.600000000000000033e-01
2.765999999999999796e-03,1.600000000000000033e-01
2.767999999999999194e-03,1.600000000000000033e-01
2.769999999999999459e-03,1.600000000000000033e-01
2.771999999999999725e-03,1.600000000000000033e-01
2.773999999999999990e-03,1.600000000000000033e-01
2.775999999999999388e-03,1.799999999999999933e-01
2.777999999999999654e-03,1.600000000000000033e-01
2.779999999999999919e-03,1.600000000000000033e-01
2.781999999999999317e-03,1.600000000000000033e-01
2.783999999999999583e-03,1.600000000000000033e-01
2.785999999999999848e-03,1.600000000000000033e-01
2.787999999999999246e-03,1.600000000000000033e-01
2.789999999999999512e-03,1.600000000000000033e-01
2.791999999999999777e-03,1.600000000000000033e-01
2.793999999999999175e-03,1.600000000000000033e-01
2.795999999999999441e-03,1.600000000000000033e-01
2.797999999999999706e-03,1.600000000000000033e-01
2.799999999999999972e-03,1.600000000000000033e-01
2.801999999999999370e-03,1.600000000000000033e-01
2.803999999999999635e-03,1.600000000000000033e-01
2.805999999999999901e-03,1.799999999999999933e-01
2.807999999999999299e-03,1.600000000000000033e-01
2.809999999999999564e-03,1.600000000000000033e-01
2.811999999999999830e-03,1.799999999999999933e-01
2.813999999999999228e-03,1.600000000000000033e-01
2.815999999999999493e-03,1.799999999999999933e-01
2.817999999999999759e-03,1.799999999999999933e-01
2.820000000000000024e-03,1.799999999999999933e-01
2.821999999999999422e-03,1.600000000000000033e-01
2.823999999999999688e-03,1.600000000000000033e-01
2.825999999999999953e-03,1.600000000000000033e-01
2.827999999999999351e-03,1.600000000000000033e-01
2.829999999999999617e-03,1.600000000000000033e-01
2.831999999999999882e-03,1.600000000000000033e-01
2.833999999999999280e-03,1.600000000000000033e-01
2.835999999999999546e-03,1.600000000000000033e-01
2.837999999999999811e-03,1.600000000000000033e-01
2.839999999999999209e-03,1.600000000000000033e-01
2.841999999999999475e-03,1.600000000000000033e-01
2.843999999999999740e-03,1.600000000000000033e-01
2.846000000000000005e-03,1.799999999999999933e-01
2.847999999999999404e-03,1.400000000000000133e-01
2.849999999999999669e-03,1.600000000000000033e-01
