time_s,voltage_V
1.599999999999999928e-06,4.000000000000000222e-01
1.609999999999999832e-06,4.000000000000000222e-01
1.619999999999999948e-06,3.599999999999999867e-01
1.629999999999999852e-06,3.800000000000000044e-01
1.639999999999999968e-06,3.200000000000000067e-01
1.649999999999999872e-06,3.599999999999999867e-01
1.659999999999999988e-06,3.400000000000000244e-01
1.669999999999999893e-06,3.400000000000000244e-01
1.680000000000000009e-06,3.200000000000000067e-01
1.689999999999999913e-06,2.999999999999999889e-01
1.699999999999999817e-06,3.200000000000000067e-01
1.709999999999999933e-06,2.999999999999999889e-01
1.720000000000000049e-06,2.800000000000000266e-01
1.729999999999999953e-06,2.800000000000000266e-01
1.739999999999999858e-06,2.800000000000000266e-01
1.749999999999999974e-06,2.399999999999999911e-01
1.759999999999999878e-06,2.800000000000000266e-01
1.769999999999999994e-06,2.600000000000000089e-01
1.779999999999999898e-06,2.600000000000000089e-01
1.790000000000000014e-06,2.399999999999999911e-01
1.799999999999999919e-06,2.399999999999999911e-01
1.810000000000000035e-06,2.399999999999999911e-01
1.819999999999999939e-06,2.399999999999999911e-01
1.829999999999999843e-06,2.399999999999999911e-01
1.839999999999999959e-06,2.200000000000000011e-01
1.849999999999999863e-06,2.200000000000000011e-01
1.859999999999999979e-06,2.000000000000000111e-01
1.869999999999999884e-06,2.200000000000000011e-01
1.880000000000000000e-06,2.200000000000000011e-01
1.889999999999999904e-06,1.799999999999999933e-01
1.900000000000000020e-06,2.200000000000000011e-01
1.909999999999999924e-06,2.200000000000000011e-01
1.919999999999999828e-06,1.799999999999999933e-01
1.930000000000000156e-06,2.000000000000000111e-01
1.940000000000000060e-06,2.200000000000000011e-01
1.949999999999999965e-06,2.000000000000000111e-01
1.959999999999999869e-06,1.799999999999999933e-01
1.969999999999999773e-06,1.799999999999999933e-01
1.980000000000000101e-06,1.799999999999999933e-01
1.990000000000000005e-06,2.000000000000000111e-01
1.999999999999999909e-06,1.799999999999999933e-01
2.009999999999999814e-06,1.799999999999999933e-01
2.020000000000000142e-06,2.000000000000000111e-01
2.030000000000000046e-06,1.799999999999999933e-01
2.039999999999999950e-06,1.799999999999999933e-01
2.049999999999999854e-06,1.799999999999999933e-01
2.059999999999999759e-06,2.000000000000000111e-01
2.070000000000000086e-06,1.799999999999999933e-01
2.079999999999999991e-06,1.799999999999999933e-01
2.089999999999999895e-06,2.000000000000000111e-01
2.099999999999999799e-06,1.400000000000000133e-01
2.110000000000000127e-06,1.600000000000000033e-01
2.120000000000000031e-06,1.799999999999999933e-01
2.129999999999999935e-06,1.799999999999999933e-01
2.139999999999999840e-06,1.799999999999999933e-01
2.149999999999999744e-06,1.799999999999999933e-01
2.160000000000000072e-06,1.799999999999999933e-01
2.169999999999999976e-06,2.000000000000000111e-01
2.179999999999999880e-06,1.799999999999999933e-01
2.189999999999999784e-06,2.000000000000000111e-01
2.200000000000000112e-06,1.799999999999999933e-01
2.210000000000000016e-06,1.799999999999999933e-01
2.219999999999999921e-06,2.200000000000000011e-01
2.229999999999999825e-06,2.000000000000000111e-01
2.239999999999999729e-06,2.200000000000000011e-01
2.250000000000000057e-06,2.399999999999999911e-01
2.259999999999999961e-06,2.600000000000000089e-01
2.269999999999999866e-06,2.800000000000000266e-01
2.280000000000000193e-06,2.999999999999999889e-01
2.290000000000000098e-06,2.999999999999999889e-01
2.300000000000000002e-06,3.400000000000000244e-01
2.309999999999999906e-06,4.000000000000000222e-01
2.319999999999999810e-06,4.199999999999999845e-01
2.329999999999999715e-06,4.799999999999999822e-01
2.340000000000000042e-06,5.400000000000000355e-01
2.349999999999999947e-06,5.999999999999999778e-01
2.359999999999999851e-06,6.199999999999999956e-01
2.370000000000000179e-06,6.600000000000000311e-01
2.380000000000000083e-06,7.000000000000000666e-01
2.389999999999999987e-06,7.199999999999999734e-01
2.399999999999999891e-06,7.600000000000000089e-01
2.409999999999999796e-06,7.800000000000000266e-01
2.419999999999999700e-06,7.600000000000000089e-01
2.430000000000000028e-06,7.600000000000000089e-01
2.439999999999999932e-06,7.000000000000000666e-01
2.449999999999999836e-06,7.000000000000000666e-01
2.460000000000000164e-06,6.600000000000000311e-01
2.470000000000000068e-06,6.199999999999999956e-01
2.479999999999999972e-06,5.799999999999999600e-01
2.489999999999999877e-06,5.600000000000000533e-01
2.499999999999999781e-06,5.000000000000000000e-01
2.509999999999999685e-06,5.000000000000000000e-01
2.520000000000000013e-06,4.600000000000000200e-01
2.529999999999999917e-06,4.400000000000000022e-01
2.539999999999999822e-06,4.199999999999999845e-01
2.550000000000000149e-06,4.000000000000000222e-01
2.560000000000000054e-06,3.800000000000000044e-01
2.569999999999999958e-06,3.800000000000000044e-01
2.579999999999999862e-06,3.599999999999999867e-01
2.589999999999999766e-06,3.400000000000000244e-01
2.599999999999999671e-06,3.400000000000000244e-01
2.609999999999999998e-06,3.400000000000000244e-01
2.619999999999999903e-06,2.999999999999999889e-01
2.630000000000000230e-06,2.999999999999999889e-01
2.640000000000000135e-06,3.200000000000000067e-01
2.650000000000000039e-06,2.800000000000000266e-01
2.659999999999999943e-06,2.800000000000000266e-01
2.669999999999999847e-06,3.200000000000000067e-01
2.679999999999999752e-06,2.800000000000000266e-01
2.689999999999999656e-06,2.800000000000000266e-01
2.699999999999999984e-06,2.600000000000000089e-01
2.709999999999999888e-06,2.800000000000000266e-01
2.720000000000000216e-06,2.600000000000000089e-01
2.730000000000000120e-06,2.399999999999999911e-01
2.740000000000000024e-06,2.600000000000000089e-01
2.749999999999999928e-06,2.600000000000000089e-01
2.759999999999999833e-06,2.399999999999999911e-01
2.769999999999999737e-06,2.399999999999999911e-01
2.779999999999999641e-06,2.600000000000000089e-01
2.789999999999999969e-06,2.600000000000000089e-01
2.799999999999999873e-06,2.399999999999999911e-01
2.810000000000000201e-06,2.600000000000000089e-01
2.820000000000000105e-06,2.399999999999999911e-01
2.830000000000000010e-06,2.200000000000000011e-01
2.839999999999999914e-06,2.200000000000000011e-01
2.849999999999999818e-06,2.399999999999999911e-01
2.859999999999999722e-06,2.600000000000000089e-01
2.870000000000000050e-06,2.399999999999999911e-01
2.879999999999999954e-06,2.000000000000000111e-01
2.889999999999999859e-06,2.399999999999999911e-01
2.900000000000000186e-06,2.399999999999999911e-01
2.910000000000000091e-06,2.000000000000000111e-01
2.919999999999999995e-06,2.200000000000000011e-01
2.929999999999999899e-06,2.399999999999999911e-01
2.939999999999999803e-06,2.200000000000000011e-01
2.949999999999999708e-06,1.799999999999999933e-01
2.960000000000000035e-06,2.200000000000000011e-01
2.969999999999999940e-06,2.200000000000000011e-01
2.980000000000000267e-06,2.200000000000000011e-01
2.990000000000000172e-06,2.200000000000000011e-01
3.000000000000000076e-06,2.000000000000000111e-01
3.009999999999999980e-06,2.200000000000000011e-01
3.019999999999999885e-06,2.000000000000000111e-01
3.029999999999999789e-06,2.200000000000000011e-01
3.039999999999999693e-06,2.200000000000000011e-01
3.050000000000000021e-06,2.200000000000000011e-01
3.059999999999999925e-06,2.200000000000000011e-01
3.070000000000000253e-06,2.399999999999999911e-01
3.080000000000000157e-06,2.399999999999999911e-01
3.090000000000000061e-06,2.200000000000000011e-01
3.099999999999999966e-06,2.200000000000000011e-01
3.109999999999999870e-06,2.399999999999999911e-01
3.119999999999999774e-06,2.399999999999999911e-01
3.129999999999999678e-06,2.600000000000000089e-01
3.140000000000000006e-06,2.600000000000000089e-01
3.149999999999999910e-06,2.600000000000000089e-01
3.160000000000000238e-06,2.800000000000000266e-01
3.170000000000000142e-06,2.999999999999999889e-01
3.180000000000000047e-06,3.599999999999999867e-01
3.189999999999999951e-06,3.599999999999999867e-01
3.199999999999999855e-06,3.800000000000000044e-01
3.209999999999999759e-06,4.199999999999999845e-01
3.219999999999999664e-06,4.600000000000000200e-01
3.229999999999999991e-06,4.799999999999999822e-01
3.239999999999999896e-06,5.600000000000000533e-01
3.250000000000000224e-06,5.999999999999999778e-01
3.260000000000000128e-06,6.600000000000000311e-01
3.270000000000000032e-06,7.000000000000000666e-01
3.279999999999999936e-06,7.199999999999999734e-01
3.289999999999999841e-06,8.000000000000000444e-01
3.299999999999999745e-06,8.200000000000000622e-01
3.309999999999999649e-06,8.599999999999999867e-01
3.319999999999999977e-06,8.599999999999999867e-01
3.329999999999999881e-06,9.000000000000000222e-01
3.340000000000000209e-06,8.599999999999999867e-01
3.350000000000000113e-06,8.599999999999999867e-01
3.360000000000000017e-06,8.200000000000000622e-01
3.369999999999999922e-06,8.000000000000000444e-01
3.379999999999999826e-06,7.600000000000000089e-01
3.389999999999999730e-06,7.199999999999999734e-01
3.400000000000000058e-06,6.800000000000000488e-01
3.409999999999999962e-06,6.199999999999999956e-01
3.419999999999999866e-06,6.199999999999999956e-01
3.430000000000000194e-06,5.799999999999999600e-01
3.440000000000000098e-06,5.400000000000000355e-01
3.450000000000000003e-06,5.600000000000000533e-01
3.459999999999999907e-06,5.200000000000000178e-01
3.469999999999999811e-06,5.000000000000000000e-01
3.479999999999999715e-06,4.799999999999999822e-01
3.490000000000000043e-06,4.199999999999999845e-01
3.499999999999999947e-06,4.400000000000000022e-01
3.509999999999999852e-06,4.400000000000000022e-01
3.520000000000000180e-06,4.199999999999999845e-01
3.530000000000000084e-06,4.199999999999999845e-01
3.539999999999999988e-06,3.599999999999999867e-01
3.549999999999999892e-06,3.800000000000000044e-01
3.559999999999999797e-06,3.800000000000000044e-01
3.570000000000000124e-06,3.400000000000000244e-01
3.580000000000000029e-06,3.400000000000000244e-01
3.589999999999999933e-06,3.400000000000000244e-01
3.599999999999999837e-06,3.400000000000000244e-01
3.610000000000000165e-06,3.400000000000000244e-01
3.620000000000000069e-06,3.400000000000000244e-01
3.629999999999999973e-06,3.400000000000000244e-01
3.639999999999999878e-06,3.400000000000000244e-01
3.649999999999999782e-06,3.200000000000000067e-01
3.660000000000000110e-06,3.200000000000000067e-01
3.670000000000000014e-06,3.200000000000000067e-01
3.679999999999999918e-06,3.200000000000000067e-01
3.689999999999999822e-06,3.200000000000000067e-01
3.700000000000000150e-06,3.200000000000000067e-01
3.710000000000000054e-06,3.400000000000000244e-01
3.719999999999999959e-06,2.999999999999999889e-01
3.729999999999999863e-06,3.200000000000000067e-01
3.739999999999999767e-06,2.999999999999999889e-01
3.750000000000000095e-06,2.999999999999999889e-01
3.759999999999999999e-06,2.999999999999999889e-01
3.769999999999999904e-06,2.999999999999999889e-01
3.779999999999999808e-06,2.999999999999999889e-01
3.790000000000000136e-06,2.999999999999999889e-01
3.800000000000000040e-06,2.800000000000000266e-01
3.809999999999999944e-06,2.800000000000000266e-01
3.819999999999999848e-06,2.600000000000000089e-01
3.830000000000000600e-06,2.800000000000000266e-01
3.840000000000000504e-06,2.999999999999999889e-01
3.850000000000000408e-06,2.999999999999999889e-01
3.860000000000000312e-06,2.999999999999999889e-01
3.870000000000000217e-06,2.600000000000000089e-01
3.880000000000000121e-06,2.600000000000000089e-01
3.890000000000000025e-06,3.200000000000000067e-01
3.899999999999999929e-06,3.200000000000000067e-01
3.909999999999999834e-06,3.200000000000000067e-01
3.919999999999999738e-06,3.200000000000000067e-01
3.929999999999999642e-06,3.200000000000000067e-01
3.939999999999999546e-06,3.400000000000000244e-01
3.949999999999999451e-06,3.800000000000000044e-01
3.959999999999999355e-06,4.199999999999999845e-01
3.970000000000000106e-06,4.600000000000000200e-01
3.980000000000000010e-06,5.400000000000000355e-01
3.989999999999999915e-06,5.799999999999999600e-01
3.999999999999999819e-06,6.800000000000000488e-01
4.010000000000000570e-06,7.600000000000000089e-01
4.020000000000000475e-06,8.800000000000000044e-01
4.030000000000000379e-06,1.020000000000000018e+00
4.040000000000000283e-06,1.140000000000000124e+00
4.050000000000000187e-06,1.300000000000000044e+00
4.060000000000000092e-06,1.419999999999999929e+00
4.069999999999999996e-06,1.500000000000000000e+00
4.079999999999999900e-06,1.580000000000000071e+00
4.089999999999999804e-06,1.600000000000000089e+00
4.099999999999999709e-06,1.600000000000000089e+00
4.109999999999999613e-06,1.600000000000000089e+00
4.119999999999999517e-06,1.540000000000000036e+00
4.129999999999999421e-06,1.459999999999999964e+00
4.140000000000000173e-06,1.380000000000000115e+00
4.150000000000000077e-06,1.300000000000000044e+00
4.159999999999999981e-06,1.219999999999999973e+00
4.169999999999999885e-06,1.140000000000000124e+00
4.179999999999999790e-06,1.040000000000000036e+00
4.190000000000000541e-06,1.000000000000000000e+00
4.200000000000000445e-06,9.000000000000000222e-01
4.210000000000000349e-06,8.800000000000000044e-01
4.220000000000000254e-06,8.200000000000000622e-01
4.230000000000000158e-06,7.800000000000000266e-01
4.240000000000000062e-06,7.199999999999999734e-01
4.249999999999999966e-06,7.199999999999999734e-01
4.259999999999999871e-06,6.800000000000000488e-01
4.269999999999999775e-06,6.600000000000000311e-01
4.279999999999999679e-06,6.199999999999999956e-01
4.289999999999999584e-06,6.199999999999999956e-01
4.299999999999999488e-06,6.199999999999999956e-01
4.309999999999999392e-06,5.799999999999999600e-01
4.320000000000000143e-06,5.600000000000000533e-01
4.330000000000000048e-06,5.600000000000000533e-01
4.339999999999999952e-06,5.200000000000000178e-01
4.349999999999999856e-06,5.400000000000000355e-01
4.360000000000000607e-06,5.000000000000000000e-01
4.370000000000000512e-06,5.200000000000000178e-01
4.380000000000000416e-06,5.000000000000000000e-01
4.390000000000000320e-06,5.200000000000000178e-01
4.400000000000000224e-06,5.000000000000000000e-01
4.410000000000000129e-06,5.000000000000000000e-01
4.420000000000000033e-06,4.799999999999999822e-01
4.429999999999999937e-06,4.799999999999999822e-01
4.439999999999999841e-06,4.600000000000000200e-01
4.449999999999999746e-06,4.600000000000000200e-01
4.459999999999999650e-06,4.600000000000000200e-01
4.469999999999999554e-06,4.400000000000000022e-01
4.479999999999999458e-06,4.199999999999999845e-01
4.489999999999999363e-06,4.199999999999999845e-01
4.500000000000000114e-06,4.199999999999999845e-01
4.510000000000000018e-06,4.000000000000000222e-01
4.519999999999999923e-06,4.199999999999999845e-01
4.529999999999999827e-06,4.000000000000000222e-01
4.540000000000000578e-06,4.000000000000000222e-01
4.550000000000000482e-06,4.000000000000000222e-01
4.560000000000000387e-06,4.000000000000000222e-01
4.570000000000000291e-06,4.000000000000000222e-01
4.580000000000000195e-06,4.000000000000000222e-01
4.590000000000000099e-06,4.000000000000000222e-01
4.600000000000000004e-06,4.000000000000000222e-01
4.609999999999999908e-06,3.599999999999999867e-01
4.619999999999999812e-06,3.800000000000000044e-01
4.629999999999999716e-06,3.800000000000000044e-01
4.639999999999999621e-06,3.599999999999999867e-01
4.649999999999999525e-06,3.800000000000000044e-01
4.659999999999999429e-06,3.800000000000000044e-01
4.670000000000000180e-06,3.800000000000000044e-01
4.680000000000000085e-06,4.000000000000000222e-01
4.689999999999999989e-06,3.800000000000000044e-01
4.699999999999999893e-06,3.599999999999999867e-01
4.709999999999999797e-06,3.800000000000000044e-01
4.720000000000000549e-06,3.800000000000000044e-01
4.730000000000000453e-06,3.800000000000000044e-01
4.740000000000000357e-06,3.599999999999999867e-01
4.750000000000000262e-06,3.400000000000000244e-01
4.760000000000000166e-06,3.599999999999999867e-01
4.770000000000000070e-06,3.599999999999999867e-01
4.779999999999999974e-06,3.800000000000000044e-01
4.789999999999999879e-06,3.599999999999999867e-01
4.799999999999999783e-06,3.599999999999999867e-01
4.809999999999999687e-06,3.599999999999999867e-01
4.819999999999999591e-06,3.599999999999999867e-01
4.829999999999999496e-06,3.800000000000000044e-01
4.839999999999999400e-06,3.400000000000000244e-01
4.850000000000000151e-06,3.800000000000000044e-01
4.860000000000000055e-06,3.400000000000000244e-01
4.869999999999999960e-06,3.599999999999999867e-01
4.879999999999999864e-06,3.599999999999999867e-01
4.890000000000000615e-06,3.400000000000000244e-01
4.900000000000000519e-06,3.599999999999999867e-01
4.910000000000000424e-06,3.599999999999999867e-01
4.920000000000000328e-06,3.599999999999999867e-01
4.930000000000000232e-06,3.800000000000000044e-01
4.940000000000000136e-06,4.000000000000000222e-01
4.950000000000000041e-06,4.000000000000000222e-01
4.959999999999999945e-06,4.600000000000000200e-01
4.969999999999999849e-06,4.600000000000000200e-01
4.979999999999999753e-06,5.000000000000000000e-01
4.989999999999999658e-06,5.200000000000000178e-01
4.999999999999999562e-06,5.799999999999999600e-01
5.009999999999999466e-06,6.400000000000000133e-01
5.019999999999999370e-06,7.000000000000000666e-01
5.030000000000000122e-06,8.000000000000000444e-01
5.040000000000000026e-06,8.599999999999999867e-01
5.049999999999999930e-06,9.799999999999999822e-01
5.059999999999999835e-06,1.100000000000000089e+00
5.070000000000000586e-06,1.219999999999999973e+00
5.080000000000000490e-06,1.280000000000000027e+00
5.090000000000000394e-06,1.360000000000000098e+00
5.100000000000000299e-06,1.419999999999999929e+00
5.110000000000000203e-06,1.459999999999999964e+00
5.120000000000000107e-06,1.479999999999999982e+00
5.130000000000000011e-06,1.459999999999999964e+00
5.139999999999999916e-06,1.439999999999999947e+00
5.149999999999999820e-06,1.380000000000000115e+00
5.159999999999999724e-06,1.300000000000000044e+00
5.169999999999999628e-06,1.260000000000000009e+00
5.179999999999999533e-06,1.199999999999999956e+00
5.189999999999999437e-06,1.100000000000000089e+00
5.200000000000000188e-06,1.080000000000000071e+00
5.210000000000000092e-06,1.000000000000000000e+00
5.219999999999999997e-06,9.400000000000000577e-01
5.229999999999999901e-06,9.000000000000000222e-01
5.239999999999999805e-06,8.399999999999999689e-01
5.250000000000000557e-06,8.000000000000000444e-01
5.260000000000000461e-06,7.600000000000000089e-01
5.270000000000000365e-06,7.600000000000000089e-01
5.280000000000000269e-06,7.399999999999999911e-01
5.290000000000000174e-06,6.600000000000000311e-01
5.300000000000000078e-06,6.600000000000000311e-01
5.309999999999999982e-06,6.600000000000000311e-01
5.319999999999999886e-06,6.199999999999999956e-01
5.329999999999999791e-06,6.199999999999999956e-01
5.339999999999999695e-06,5.999999999999999778e-01
5.349999999999999599e-06,5.799999999999999600e-01
5.359999999999999503e-06,5.799999999999999600e-01
5.369999999999999408e-06,5.600000000000000533e-01
5.380000000000000159e-06,5.600000000000000533e-01
5.390000000000000063e-06,5.600000000000000533e-01
5.399999999999999967e-06,5.600000000000000533e-01
5.409999999999999872e-06,5.600000000000000533e-01
5.419999999999999776e-06,5.200000000000000178e-01
5.429999999999999680e-06,5.400000000000000355e-01
5.440000000000000431e-06,5.200000000000000178e-01
5.450000000000000336e-06,5.200000000000000178e-01
5.460000000000000240e-06,5.400000000000000355e-01
5.470000000000000144e-06,5.000000000000000000e-01
5.480000000000000048e-06,5.000000000000000000e-01
5.489999999999999953e-06,4.799999999999999822e-01
5.499999999999999857e-06,4.799999999999999822e-01
5.509999999999999761e-06,5.200000000000000178e-01
5.519999999999999666e-06,4.799999999999999822e-01
5.530000000000000417e-06,4.799999999999999822e-01
5.540000000000000321e-06,4.799999999999999822e-01
5.550000000000000225e-06,4.600000000000000200e-01
5.560000000000000130e-06,4.600000000000000200e-01
5.570000000000000034e-06,4.799999999999999822e-01
5.579999999999999938e-06,4.600000000000000200e-01
5.589999999999999842e-06,4.799999999999999822e-01
5.599999999999999747e-06,4.600000000000000200e-01
5.609999999999999651e-06,4.400000000000000022e-01
5.620000000000000402e-06,4.600000000000000200e-01
5.630000000000000306e-06,4.600000000000000200e-01
5.640000000000000211e-06,4.600000000000000200e-01
5.650000000000000115e-06,4.199999999999999845e-01
5.660000000000000019e-06,4.400000000000000022e-01
5.669999999999999923e-06,4.400000000000000022e-01
5.679999999999999828e-06,4.600000000000000200e-01
5.689999999999999732e-06,4.199999999999999845e-01
5.699999999999999636e-06,4.199999999999999845e-01
5.710000000000000387e-06,4.400000000000000022e-01
5.720000000000000292e-06,4.400000000000000022e-01
5.730000000000000196e-06,4.400000000000000022e-01
5.740000000000000100e-06,4.199999999999999845e-01
5.750000000000000004e-06,4.199999999999999845e-01
5.759999999999999909e-06,4.600000000000000200e-01
5.769999999999999813e-06,4.400000000000000022e-01
5.779999999999999717e-06,4.199999999999999845e-01
5.789999999999999622e-06,4.199999999999999845e-01
5.800000000000000373e-06,4.199999999999999845e-01
5.810000000000000277e-06,4.199999999999999845e-01
5.820000000000000181e-06,4.199999999999999845e-01
5.830000000000000086e-06,4.000000000000000222e-01
5.839999999999999990e-06,3.800000000000000044e-01
5.849999999999999894e-06,4.000000000000000222e-01
5.859999999999999798e-06,4.000000000000000222e-01
5.869999999999999703e-06,4.199999999999999845e-01
5.879999999999999607e-06,3.800000000000000044e-01
5.890000000000000358e-06,4.000000000000000222e-01
5.900000000000000262e-06,4.199999999999999845e-01
5.910000000000000167e-06,4.000000000000000222e-01
5.920000000000000071e-06,4.000000000000000222e-01
5.929999999999999975e-06,4.000000000000000222e-01
5.939999999999999879e-06,4.199999999999999845e-01
5.949999999999999784e-06,4.199999999999999845e-01
5.959999999999999688e-06,4.199999999999999845e-01
5.970000000000000439e-06,4.199999999999999845e-01
5.980000000000000343e-06,4.600000000000000200e-01
5.990000000000000248e-06,4.799999999999999822e-01
6.000000000000000152e-06,4.600000000000000200e-01
6.010000000000000056e-06,5.000000000000000000e-01
6.019999999999999961e-06,5.000000000000000000e-01
6.029999999999999865e-06,5.200000000000000178e-01
6.039999999999999769e-06,5.600000000000000533e-01
6.049999999999999673e-06,5.999999999999999778e-01
6.060000000000000425e-06,6.400000000000000133e-01
6.070000000000000329e-06,7.000000000000000666e-01
6.080000000000000233e-06,7.600000000000000089e-01
6.090000000000000137e-06,8.200000000000000622e-01
6.100000000000000042e-06,9.200000000000000400e-01
6.109999999999999946e-06,9.799999999999999822e-01
6.119999999999999850e-06,1.100000000000000089e+00
6.129999999999999754e-06,1.199999999999999956e+00
6.139999999999999659e-06,1.300000000000000044e+00
6.150000000000000410e-06,1.400000000000000133e+00
6.160000000000000314e-06,1.439999999999999947e+00
6.170000000000000218e-06,1.520000000000000018e+00
6.180000000000000123e-06,1.580000000000000071e+00
6.190000000000000027e-06,1.620000000000000107e+00
6.199999999999999931e-06,1.640000000000000124e+00
6.209999999999999835e-06,1.640000000000000124e+00
6.219999999999999740e-06,1.620000000000000107e+00
6.229999999999999644e-06,1.580000000000000071e+00
6.240000000000000395e-06,1.540000000000000036e+00
6.250000000000000300e-06,1.479999999999999982e+00
6.260000000000000204e-06,1.419999999999999929e+00
6.270000000000000108e-06,1.340000000000000080e+00
6.280000000000000012e-06,1.300000000000000044e+00
6.289999999999999917e-06,1.239999999999999991e+00
6.299999999999999821e-06,1.199999999999999956e+00
6.309999999999999725e-06,1.159999999999999920e+00
6.319999999999999629e-06,1.100000000000000089e+00
6.330000000000000381e-06,1.060000000000000053e+00
6.340000000000000285e-06,1.000000000000000000e+00
6.350000000000000189e-06,9.400000000000000577e-01
6.360000000000000093e-06,9.200000000000000400e-01
6.369999999999999998e-06,9.200000000000000400e-01
6.379999999999999902e-06,8.800000000000000044e-01
6.389999999999999806e-06,8.599999999999999867e-01
6.399999999999999710e-06,8.000000000000000444e-01
6.409999999999999615e-06,8.000000000000000444e-01
6.420000000000000366e-06,8.000000000000000444e-01
6.430000000000000270e-06,7.800000000000000266e-01
6.440000000000000174e-06,7.800000000000000266e-01
6.450000000000000079e-06,7.399999999999999911e-01
6.459999999999999983e-06,7.199999999999999734e-01
6.469999999999999887e-06,7.399999999999999911e-01
6.479999999999999791e-06,7.199999999999999734e-01
6.489999999999999696e-06,6.800000000000000488e-01
6.500000000000000447e-06,7.000000000000000666e-01
6.510000000000000351e-06,6.800000000000000488e-01
6.520000000000000256e-06,6.800000000000000488e-01
6.530000000000000160e-06,6.600000000000000311e-01
6.540000000000000064e-06,6.600000000000000311e-01
6.549999999999999968e-06,6.400000000000000133e-01
6.559999999999999873e-06,6.400000000000000133e-01
6.569999999999999777e-06,6.600000000000000311e-01
6.579999999999999681e-06,6.400000000000000133e-01
6.590000000000000432e-06,5.999999999999999778e-01
6.600000000000000337e-06,6.199999999999999956e-01
6.610000000000000241e-06,6.199999999999999956e-01
6.620000000000000145e-06,6.199999999999999956e-01
6.630000000000000049e-06,6.199999999999999956e-01
6.639999999999999954e-06,5.999999999999999778e-01
6.649999999999999858e-06,5.799999999999999600e-01
6.659999999999999762e-06,6.199999999999999956e-01
6.669999999999999666e-06,5.999999999999999778e-01
6.680000000000000418e-06,5.799999999999999600e-01
6.690000000000000322e-06,5.999999999999999778e-01
6.700000000000000226e-06,5.999999999999999778e-01
6.710000000000000130e-06,5.999999999999999778e-01
6.720000000000000035e-06,5.999999999999999778e-01
6.729999999999999939e-06,5.600000000000000533e-01
6.739999999999999843e-06,5.400000000000000355e-01
6.749999999999999747e-06,5.999999999999999778e-01
6.759999999999999652e-06,5.799999999999999600e-01
6.770000000000000403e-06,5.799999999999999600e-01
6.780000000000000307e-06,5.799999999999999600e-01
6.790000000000000212e-06,5.799999999999999600e-01
6.800000000000000116e-06,5.600000000000000533e-01
6.810000000000000020e-06,5.799999999999999600e-01
6.819999999999999924e-06,5.799999999999999600e-01
6.829999999999999829e-06,5.999999999999999778e-01
6.839999999999999733e-06,5.600000000000000533e-01
6.849999999999999637e-06,5.999999999999999778e-01
6.860000000000000388e-06,6.199999999999999956e-01
6.870000000000000293e-06,5.999999999999999778e-01
6.880000000000000197e-06,5.999999999999999778e-01
6.890000000000000101e-06,5.999999999999999778e-01
6.900000000000000005e-06,6.199999999999999956e-01
6.909999999999999910e-06,5.999999999999999778e-01
6.919999999999999814e-06,6.199999999999999956e-01
6.929999999999999718e-06,6.400000000000000133e-01
6.939999999999999622e-06,6.400000000000000133e-01
6.950000000000000374e-06,6.600000000000000311e-01
6.960000000000000278e-06,6.600000000000000311e-01
6.970000000000000182e-06,7.199999999999999734e-01
6.980000000000000086e-06,7.399999999999999911e-01
6.989999999999999991e-06,7.600000000000000089e-01
6.999999999999999895e-06,7.600000000000000089e-01
7.009999999999999799e-06,8.000000000000000444e-01
7.019999999999999704e-06,8.000000000000000444e-01
7.030000000000000455e-06,8.399999999999999689e-01
7.040000000000000359e-06,8.800000000000000044e-01
7.050000000000000263e-06,9.000000000000000222e-01
7.060000000000000168e-06,9.200000000000000400e-01
7.070000000000000072e-06,9.599999999999999645e-01
7.079999999999999976e-06,9.599999999999999645e-01
7.089999999999999880e-06,9.799999999999999822e-01
7.099999999999999785e-06,1.000000000000000000e+00
7.109999999999999689e-06,1.020000000000000018e+00
7.120000000000000440e-06,1.040000000000000036e+00
7.130000000000000344e-06,1.060000000000000053e+00
7.140000000000000249e-06,1.060000000000000053e+00
7.150000000000000153e-06,1.060000000000000053e+00
7.160000000000000057e-06,1.060000000000000053e+00
7.169999999999999961e-06,1.020000000000000018e+00
7.179999999999999866e-06,1.060000000000000053e+00
7.189999999999999770e-06,1.020000000000000018e+00
7.199999999999999674e-06,1.020000000000000018e+00
7.210000000000000425e-06,9.799999999999999822e-01
7.220000000000000330e-06,1.000000000000000000e+00
7.230000000000000234e-06,9.599999999999999645e-01
7.240000000000000138e-06,9.400000000000000577e-01
7.250000000000000043e-06,9.400000000000000577e-01
7.259999999999999947e-06,9.400000000000000577e-01
7.269999999999999851e-06,9.200000000000000400e-01
7.279999999999999755e-06,8.599999999999999867e-01
7.289999999999999660e-06,8.800000000000000044e-01
7.300000000000000411e-06,8.599999999999999867e-01
7.310000000000000315e-06,8.399999999999999689e-01
7.320000000000000219e-06,8.200000000000000622e-01
7.330000000000000124e-06,8.000000000000000444e-01
7.340000000000000028e-06,7.600000000000000089e-01
7.349999999999999932e-06,7.600000000000000089e-01
7.359999999999999836e-06,7.800000000000000266e-01
7.369999999999999741e-06,7.600000000000000089e-01
7.379999999999999645e-06,7.399999999999999911e-01
7.390000000000000396e-06,7.399999999999999911e-01
7.400000000000000300e-06,7.199999999999999734e-01
7.410000000000000205e-06,7.199999999999999734e-01
7.420000000000000109e-06,7.000000000000000666e-01
7.430000000000000013e-06,7.000000000000000666e-01
7.439999999999999917e-06,6.800000000000000488e-01
7.449999999999999822e-06,6.800000000000000488e-01
7.459999999999999726e-06,6.600000000000000311e-01
7.469999999999999630e-06,6.600000000000000311e-01
7.480000000000000381e-06,6.400000000000000133e-01
7.490000000000000286e-06,6.600000000000000311e-01
7.500000000000000190e-06,6.199999999999999956e-01
7.510000000000000094e-06,6.400000000000000133e-01
7.519999999999999999e-06,6.400000000000000133e-01
7.529999999999999903e-06,6.199999999999999956e-01
7.539999999999999807e-06,6.199999999999999956e-01
7.549999999999999711e-06,6.199999999999999956e-01
7.560000000000000463e-06,6.199999999999999956e-01
7.570000000000000367e-06,5.999999999999999778e-01
7.580000000000000271e-06,5.799999999999999600e-01
7.590000000000000175e-06,5.999999999999999778e-01
7.600000000000000080e-06,5.999999999999999778e-01
7.609999999999999984e-06,5.999999999999999778e-01
7.619999999999999888e-06,5.999999999999999778e-01
7.629999999999999792e-06,5.799999999999999600e-01
7.639999999999999697e-06,5.999999999999999778e-01
7.649999999999999601e-06,5.799999999999999600e-01
7.660000000000001199e-06,5.799999999999999600e-01
7.669999999999999409e-06,5.799999999999999600e-01
7.680000000000001008e-06,5.799999999999999600e-01
7.689999999999999218e-06,5.600000000000000533e-01
7.700000000000000816e-06,5.600000000000000533e-01
7.709999999999999026e-06,5.999999999999999778e-01
7.720000000000000625e-06,5.799999999999999600e-01
7.729999999999998835e-06,5.600000000000000533e-01
7.740000000000000433e-06,5.600000000000000533e-01
7.750000000000000338e-06,5.400000000000000355e-01
7.760000000000000242e-06,5.600000000000000533e-01
7.770000000000000146e-06,5.200000000000000178e-01
7.780000000000000050e-06,5.600000000000000533e-01
7.789999999999999955e-06,5.400000000000000355e-01
7.799999999999999859e-06,5.400000000000000355e-01
7.809999999999999763e-06,5.400000000000000355e-01
7.819999999999999667e-06,5.400000000000000355e-01
7.830000000000001266e-06,5.400000000000000355e-01
7.839999999999999476e-06,5.400000000000000355e-01
7.850000000000001074e-06,5.600000000000000533e-01
7.859999999999999284e-06,5.400000000000000355e-01
7.870000000000000883e-06,5.400000000000000355e-01
7.879999999999999093e-06,5.200000000000000178e-01
7.890000000000000691e-06,5.400000000000000355e-01
7.899999999999998901e-06,5.400000000000000355e-01
7.910000000000000500e-06,5.400000000000000355e-01
7.920000000000000404e-06,5.600000000000000533e-01
7.930000000000000308e-06,5.600000000000000533e-01
7.940000000000000212e-06,5.600000000000000533e-01
7.950000000000000117e-06,5.400000000000000355e-01
7.960000000000000021e-06,5.600000000000000533e-01
7.969999999999999925e-06,5.600000000000000533e-01
7.979999999999999829e-06,5.400000000000000355e-01
7.989999999999999734e-06,5.600000000000000533e-01
7.999999999999999638e-06,5.799999999999999600e-01
8.009999999999999542e-06,5.799999999999999600e-01
8.020000000000001141e-06,5.799999999999999600e-01
8.029999999999999351e-06,5.799999999999999600e-01
8.040000000000000949e-06,6.199999999999999956e-01
8.049999999999999159e-06,5.999999999999999778e-01
8.060000000000000758e-06,6.199999999999999956e-01
8.069999999999998968e-06,6.199999999999999956e-01
8.080000000000000566e-06,6.400000000000000133e-01
8.090000000000000470e-06,6.600000000000000311e-01
8.100000000000000375e-06,6.600000000000000311e-01
8.110000000000000279e-06,6.800000000000000488e-01
8.120000000000000183e-06,6.800000000000000488e-01
8.130000000000000087e-06,7.199999999999999734e-01
8.139999999999999992e-06,7.000000000000000666e-01
8.149999999999999896e-06,7.399999999999999911e-01
8.159999999999999800e-06,7.600000000000000089e-01
8.169999999999999704e-06,7.600000000000000089e-01
8.179999999999999609e-06,8.200000000000000622e-01
8.190000000000001207e-06,8.200000000000000622e-01
8.199999999999999417e-06,8.399999999999999689e-01
8.210000000000001015e-06,8.599999999999999867e-01
8.219999999999999226e-06,8.800000000000000044e-01
8.230000000000000824e-06,8.800000000000000044e-01
8.239999999999999034e-06,9.200000000000000400e-01
8.250000000000000633e-06,9.200000000000000400e-01
8.259999999999998843e-06,9.200000000000000400e-01
8.270000000000000441e-06,9.400000000000000577e-01
8.280000000000000345e-06,9.400000000000000577e-01
8.290000000000000250e-06,9.400000000000000577e-01
8.300000000000000154e-06,9.799999999999999822e-01
8.310000000000000058e-06,9.599999999999999645e-01
8.319999999999999962e-06,9.200000000000000400e-01
8.329999999999999867e-06,9.400000000000000577e-01
8.339999999999999771e-06,9.400000000000000577e-01
8.349999999999999675e-06,9.599999999999999645e-01
8.360000000000001273e-06,9.599999999999999645e-01
8.369999999999999484e-06,9.200000000000000400e-01
8.380000000000001082e-06,9.200000000000000400e-01
8.389999999999999292e-06,8.800000000000000044e-01
8.400000000000000890e-06,9.000000000000000222e-01
8.409999999999999101e-06,8.800000000000000044e-01
8.420000000000000699e-06,8.800000000000000044e-01
8.429999999999998909e-06,8.800000000000000044e-01
8.440000000000000507e-06,8.599999999999999867e-01
8.450000000000000412e-06,8.399999999999999689e-01
8.460000000000000316e-06,8.200000000000000622e-01
8.470000000000000220e-06,8.000000000000000444e-01
8.480000000000000124e-06,8.000000000000000444e-01
8.490000000000000029e-06,7.600000000000000089e-01
8.499999999999999933e-06,7.600000000000000089e-01
8.509999999999999837e-06,7.800000000000000266e-01
8.519999999999999742e-06,7.399999999999999911e-01
8.530000000000001340e-06,7.000000000000000666e-01
8.539999999999999550e-06,7.399999999999999911e-01
8.550000000000001148e-06,7.399999999999999911e-01
8.559999999999999359e-06,7.199999999999999734e-01
8.570000000000000957e-06,7.199999999999999734e-01
8.579999999999999167e-06,6.800000000000000488e-01
8.590000000000000765e-06,7.000000000000000666e-01
8.599999999999998976e-06,6.600000000000000311e-01
8.610000000000000574e-06,7.000000000000000666e-01
8.620000000000000478e-06,6.600000000000000311e-01
8.630000000000000382e-06,6.800000000000000488e-01
8.640000000000000287e-06,6.600000000000000311e-01
8.650000000000000191e-06,6.800000000000000488e-01
8.660000000000000095e-06,6.600000000000000311e-01
8.669999999999999999e-06,6.400000000000000133e-01
8.679999999999999904e-06,6.400000000000000133e-01
8.689999999999999808e-06,6.400000000000000133e-01
8.699999999999999712e-06,6.199999999999999956e-01
8.709999999999999616e-06,6.199999999999999956e-01
8.720000000000001215e-06,5.999999999999999778e-01
8.729999999999999425e-06,6.400000000000000133e-01
8.740000000000001023e-06,6.199999999999999956e-01
8.749999999999999233e-06,5.999999999999999778e-01
8.760000000000000832e-06,5.799999999999999600e-01
8.769999999999999042e-06,5.999999999999999778e-01
8.780000000000000640e-06,5.799999999999999600e-01
8.789999999999998850e-06,5.799999999999999600e-01
8.800000000000000449e-06,5.600000000000000533e-01
8.810000000000000353e-06,5.799999999999999600e-01
8.820000000000000257e-06,5.799999999999999600e-01
8.830000000000000162e-06,5.999999999999999778e-01
8.840000000000000066e-06,5.999999999999999778e-01
8.849999999999999970e-06,5.799999999999999600e-01
8.859999999999999874e-06,5.600000000000000533e-01
8.869999999999999779e-06,5.600000000000000533e-01
8.879999999999999683e-06,5.600000000000000533e-01
8.890000000000001281e-06,5.600000000000000533e-01
8.899999999999999491e-06,5.400000000000000355e-01
8.910000000000001090e-06,5.600000000000000533e-01
8.919999999999999300e-06,5.400000000000000355e-01
8.930000000000000898e-06,5.600000000000000533e-01
8.939999999999999108e-06,5.400000000000000355e-01
8.950000000000000707e-06,5.600000000000000533e-01
8.959999999999998917e-06,5.600000000000000533e-01
8.970000000000000515e-06,5.799999999999999600e-01
8.980000000000000419e-06,5.600000000000000533e-01
8.990000000000000324e-06,5.600000000000000533e-01
9.000000000000000228e-06,5.400000000000000355e-01
9.010000000000000132e-06,5.400000000000000355e-01
9.020000000000000037e-06,5.200000000000000178e-01
9.029999999999999941e-06,5.400000000000000355e-01
9.039999999999999845e-06,5.600000000000000533e-01
9.049999999999999749e-06,5.400000000000000355e-01
9.060000000000001348e-06,5.000000000000000000e-01
9.069999999999999558e-06,5.200000000000000178e-01
9.080000000000001156e-06,5.400000000000000355e-01
9.089999999999999366e-06,5.600000000000000533e-01
9.100000000000000965e-06,5.400000000000000355e-01
9.109999999999999175e-06,5.400000000000000355e-01
9.120000000000000773e-06,5.600000000000000533e-01
9.129999999999998983e-06,5.200000000000000178e-01
9.140000000000000582e-06,5.400000000000000355e-01
9.150000000000000486e-06,5.000000000000000000e-01
9.160000000000000390e-06,5.200000000000000178e-01
9.170000000000000294e-06,5.400000000000000355e-01
9.180000000000000199e-06,5.200000000000000178e-01
9.190000000000000103e-06,5.400000000000000355e-01
9.200000000000000007e-06,5.400000000000000355e-01
9.209999999999999911e-06,5.400000000000000355e-01
9.219999999999999816e-06,5.200000000000000178e-01
9.229999999999999720e-06,5.400000000000000355e-01
9.239999999999999624e-06,5.400000000000000355e-01
9.249999999999999528e-06,5.600000000000000533e-01
9.259999999999999433e-06,5.600000000000000533e-01
9.269999999999999337e-06,5.600000000000000533e-01
9.280000000000000935e-06,5.400000000000000355e-01
9.290000000000000840e-06,5.400000000000000355e-01
9.300000000000000744e-06,5.799999999999999600e-01
9.310000000000000648e-06,5.400000000000000355e-01
9.320000000000000552e-06,5.600000000000000533e-01
9.330000000000000457e-06,5.799999999999999600e-01
9.340000000000000361e-06,6.199999999999999956e-01
9.350000000000000265e-06,6.199999999999999956e-01
9.360000000000000169e-06,6.199999999999999956e-01
9.370000000000000074e-06,6.400000000000000133e-01
9.379999999999999978e-06,6.600000000000000311e-01
9.389999999999999882e-06,7.000000000000000666e-01
9.399999999999999786e-06,7.000000000000000666e-01
9.409999999999999691e-06,7.399999999999999911e-01
9.419999999999999595e-06,7.399999999999999911e-01
9.429999999999999499e-06,7.800000000000000266e-01
9.439999999999999403e-06,8.399999999999999689e-01
9.449999999999999308e-06,8.399999999999999689e-01
9.460000000000000906e-06,8.800000000000000044e-01
9.470000000000000810e-06,9.400000000000000577e-01
9.480000000000000715e-06,9.599999999999999645e-01
9.490000000000000619e-06,1.020000000000000018e+00
9.500000000000000523e-06,1.080000000000000071e+00
9.510000000000000427e-06,1.120000000000000107e+00
9.520000000000000332e-06,1.159999999999999920e+00
9.530000000000000236e-06,1.219999999999999973e+00
9.540000000000000140e-06,1.280000000000000027e+00
9.550000000000000044e-06,1.320000000000000062e+00
9.559999999999999949e-06,1.380000000000000115e+00
9.569999999999999853e-06,1.419999999999999929e+00
9.579999999999999757e-06,1.479999999999999982e+00
9.589999999999999661e-06,1.500000000000000000e+00
9.599999999999999566e-06,1.520000000000000018e+00
9.609999999999999470e-06,1.560000000000000053e+00
9.619999999999999374e-06,1.580000000000000071e+00
9.629999999999999278e-06,1.560000000000000053e+00
9.640000000000000877e-06,1.560000000000000053e+00
9.650000000000000781e-06,1.540000000000000036e+00
9.660000000000000685e-06,1.540000000000000036e+00
9.670000000000000589e-06,1.500000000000000000e+00
9.680000000000000494e-06,1.479999999999999982e+00
9.690000000000000398e-06,1.439999999999999947e+00
9.700000000000000302e-06,1.360000000000000098e+00
9.710000000000000206e-06,1.380000000000000115e+00
9.720000000000000111e-06,1.380000000000000115e+00
9.730000000000000015e-06,1.300000000000000044e+00
9.739999999999999919e-06,1.260000000000000009e+00
9.749999999999999823e-06,1.239999999999999991e+00
9.759999999999999728e-06,1.219999999999999973e+00
9.769999999999999632e-06,1.159999999999999920e+00
9.779999999999999536e-06,1.140000000000000124e+00
9.789999999999999441e-06,1.140000000000000124e+00
9.799999999999999345e-06,1.100000000000000089e+00
9.810000000000000943e-06,1.040000000000000036e+00
9.820000000000000847e-06,1.020000000000000018e+00
9.830000000000000752e-06,1.020000000000000018e+00
9.840000000000000656e-06,1.000000000000000000e+00
9.850000000000000560e-06,9.599999999999999645e-01
9.860000000000000464e-06,9.599999999999999645e-01
9.870000000000000369e-06,9.200000000000000400e-01
9.880000000000000273e-06,9.000000000000000222e-01
9.890000000000000177e-06,9.000000000000000222e-01
9.900000000000000081e-06,9.000000000000000222e-01
9.909999999999999986e-06,8.800000000000000044e-01
9.919999999999999890e-06,8.599999999999999867e-01
9.929999999999999794e-06,8.200000000000000622e-01
9.939999999999999698e-06,8.200000000000000622e-01
9.949999999999999603e-06,8.200000000000000622e-01
9.959999999999999507e-06,8.200000000000000622e-01
9.969999999999999411e-06,8.200000000000000622e-01
9.979999999999999315e-06,8.000000000000000444e-01
9.990000000000000914e-06,8.000000000000000444e-01
1.000000000000000082e-05,7.800000000000000266e-01
1.001000000000000072e-05,7.800000000000000266e-01
1.002000000000000063e-05,7.399999999999999911e-01
1.003000000000000053e-05,7.600000000000000089e-01
1.004000000000000044e-05,7.600000000000000089e-01
1.005000000000000034e-05,7.399999999999999911e-01
1.006000000000000024e-05,7.399999999999999911e-01
1.007000000000000015e-05,7.199999999999999734e-01
1.008000000000000005e-05,7.199999999999999734e-01
1.008999999999999996e-05,7.199999999999999734e-01
1.009999999999999986e-05,7.199999999999999734e-01
1.010999999999999976e-05,7.199999999999999734e-01
1.011999999999999967e-05,7.000000000000000666e-01
1.012999999999999957e-05,7.000000000000000666e-01
1.013999999999999948e-05,6.800000000000000488e-01
1.014999999999999938e-05,7.000000000000000666e-01
1.015999999999999929e-05,6.800000000000000488e-01
1.017000000000000088e-05,7.199999999999999734e-01
1.018000000000000079e-05,6.800000000000000488e-01
1.019000000000000069e-05,7.000000000000000666e-01
1.020000000000000060e-05,6.600000000000000311e-01
1.021000000000000050e-05,6.800000000000000488e-01
1.022000000000000041e-05,6.600000000000000311e-01
1.023000000000000031e-05,6.800000000000000488e-01
1.024000000000000021e-05,6.600000000000000311e-01
1.025000000000000012e-05,6.400000000000000133e-01
1.026000000000000002e-05,6.400000000000000133e-01
1.026999999999999993e-05,6.400000000000000133e-01
1.027999999999999983e-05,6.400000000000000133e-01
1.028999999999999974e-05,6.600000000000000311e-01
1.029999999999999964e-05,6.199999999999999956e-01
1.030999999999999954e-05,6.400000000000000133e-01
1.031999999999999945e-05,6.199999999999999956e-01
1.032999999999999935e-05,6.400000000000000133e-01
1.034000000000000095e-05,6.199999999999999956e-01
1.035000000000000086e-05,6.199999999999999956e-01
1.036000000000000076e-05,6.199999999999999956e-01
1.037000000000000066e-05,5.999999999999999778e-01
1.038000000000000057e-05,6.400000000000000133e-01
1.039000000000000047e-05,6.400000000000000133e-01
1.040000000000000038e-05,6.400000000000000133e-01
1.041000000000000028e-05,6.199999999999999956e-01
1.042000000000000018e-05,5.999999999999999778e-01
1.043000000000000009e-05,5.999999999999999778e-01
1.043999999999999999e-05,5.799999999999999600e-01
1.044999999999999990e-05,5.999999999999999778e-01
1.045999999999999980e-05,6.199999999999999956e-01
1.046999999999999971e-05,5.799999999999999600e-01
1.047999999999999961e-05,5.999999999999999778e-01
1.048999999999999951e-05,5.999999999999999778e-01
1.049999999999999942e-05,5.999999999999999778e-01
1.050999999999999932e-05,5.600000000000000533e-01
1.052000000000000092e-05,5.799999999999999600e-01
1.053000000000000083e-05,5.799999999999999600e-01
1.054000000000000073e-05,5.999999999999999778e-01
1.055000000000000063e-05,5.799999999999999600e-01
1.056000000000000054e-05,5.999999999999999778e-01
1.057000000000000044e-05,5.999999999999999778e-01
1.058000000000000035e-05,5.600000000000000533e-01
1.059000000000000025e-05,5.799999999999999600e-01
1.060000000000000016e-05,5.600000000000000533e-01
1.061000000000000006e-05,5.999999999999999778e-01
1.061999999999999996e-05,5.799999999999999600e-01
1.062999999999999987e-05,5.600000000000000533e-01
1.063999999999999977e-05,5.799999999999999600e-01
1.064999999999999968e-05,5.600000000000000533e-01
1.065999999999999958e-05,5.600000000000000533e-01
1.066999999999999949e-05,5.999999999999999778e-01
1.067999999999999939e-05,5.600000000000000533e-01
1.068999999999999929e-05,5.600000000000000533e-01
1.070000000000000089e-05,5.600000000000000533e-01
1.071000000000000080e-05,5.799999999999999600e-01
1.072000000000000070e-05,5.600000000000000533e-01
1.073000000000000061e-05,5.600000000000000533e-01
1.074000000000000051e-05,5.600000000000000533e-01
1.075000000000000041e-05,5.400000000000000355e-01
1.076000000000000032e-05,5.600000000000000533e-01
1.077000000000000022e-05,5.400000000000000355e-01
1.078000000000000013e-05,5.400000000000000355e-01
1.079000000000000003e-05,5.400000000000000355e-01
1.079999999999999993e-05,5.200000000000000178e-01
1.080999999999999984e-05,5.600000000000000533e-01
1.081999999999999974e-05,5.200000000000000178e-01
1.082999999999999965e-05,5.400000000000000355e-01
1.083999999999999955e-05,5.200000000000000178e-01
1.084999999999999946e-05,5.200000000000000178e-01
1.085999999999999936e-05,5.200000000000000178e-01
1.087000000000000096e-05,5.200000000000000178e-01
1.088000000000000086e-05,5.200000000000000178e-01
1.089000000000000077e-05,5.400000000000000355e-01
1.090000000000000067e-05,5.400000000000000355e-01
1.091000000000000058e-05,5.400000000000000355e-01
1.092000000000000048e-05,5.200000000000000178e-01
1.093000000000000038e-05,5.600000000000000533e-01
1.094000000000000029e-05,5.000000000000000000e-01
1.095000000000000019e-05,5.400000000000000355e-01
1.096000000000000010e-05,5.200000000000000178e-01
1.097000000000000000e-05,5.200000000000000178e-01
1.097999999999999991e-05,5.200000000000000178e-01
1.098999999999999981e-05,5.000000000000000000e-01
1.099999999999999971e-05,5.400000000000000355e-01
1.100999999999999962e-05,5.200000000000000178e-01
1.101999999999999952e-05,5.000000000000000000e-01
1.102999999999999943e-05,5.400000000000000355e-01
1.103999999999999933e-05,5.200000000000000178e-01
1.105000000000000093e-05,5.200000000000000178e-01
1.106000000000000083e-05,5.200000000000000178e-01
1.107000000000000074e-05,5.000000000000000000e-01
1.108000000000000064e-05,5.000000000000000000e-01
1.109000000000000055e-05,5.000000000000000000e-01
1.110000000000000045e-05,5.200000000000000178e-01
1.111000000000000035e-05,5.000000000000000000e-01
1.112000000000000026e-05,5.000000000000000000e-01
1.113000000000000016e-05,5.000000000000000000e-01
1.114000000000000007e-05,5.200000000000000178e-01
1.114999999999999997e-05,5.000000000000000000e-01
1.115999999999999988e-05,4.799999999999999822e-01
1.116999999999999978e-05,5.200000000000000178e-01
1.117999999999999968e-05,5.000000000000000000e-01
1.118999999999999959e-05,4.799999999999999822e-01
1.119999999999999949e-05,5.000000000000000000e-01
1.120999999999999940e-05,5.000000000000000000e-01
1.121999999999999930e-05,5.000000000000000000e-01
1.123000000000000090e-05,5.000000000000000000e-01
1.124000000000000080e-05,5.000000000000000000e-01
1.125000000000000071e-05,5.000000000000000000e-01
1.126000000000000061e-05,5.000000000000000000e-01
1.127000000000000052e-05,5.200000000000000178e-01
1.128000000000000042e-05,5.000000000000000000e-01
1.129000000000000033e-05,5.000000000000000000e-01
1.130000000000000023e-05,5.200000000000000178e-01
1.131000000000000013e-05,5.200000000000000178e-01
1.132000000000000004e-05,5.200000000000000178e-01
1.132999999999999994e-05,5.200000000000000178e-01
1.133999999999999985e-05,5.000000000000000000e-01
1.134999999999999975e-05,5.200000000000000178e-01
1.135999999999999966e-05,5.000000000000000000e-01
1.136999999999999956e-05,5.400000000000000355e-01
1.137999999999999946e-05,5.200000000000000178e-01
1.138999999999999937e-05,5.400000000000000355e-01
1.140000000000000097e-05,5.400000000000000355e-01
1.141000000000000087e-05,5.400000000000000355e-01
1.142000000000000077e-05,5.400000000000000355e-01
1.143000000000000068e-05,5.400000000000000355e-01
1.144000000000000058e-05,5.799999999999999600e-01
1.145000000000000049e-05,5.999999999999999778e-01
1.146000000000000039e-05,5.799999999999999600e-01
1.147000000000000030e-05,6.199999999999999956e-01
1.148000000000000020e-05,6.400000000000000133e-01
1.149000000000000010e-05,6.400000000000000133e-01
1.150000000000000001e-05,6.600000000000000311e-01
1.150999999999999991e-05,6.800000000000000488e-01
1.151999999999999982e-05,7.000000000000000666e-01
1.152999999999999972e-05,7.399999999999999911e-01
1.153999999999999963e-05,7.399999999999999911e-01
1.154999999999999953e-05,7.800000000000000266e-01
1.155999999999999943e-05,8.399999999999999689e-01
1.156999999999999934e-05,8.599999999999999867e-01
1.158000000000000094e-05,9.000000000000000222e-01
1.159000000000000084e-05,9.000000000000000222e-01
1.160000000000000075e-05,9.799999999999999822e-01
1.161000000000000065e-05,1.020000000000000018e+00
1.162000000000000055e-05,1.040000000000000036e+00
1.163000000000000046e-05,1.040000000000000036e+00
1.164000000000000036e-05,1.080000000000000071e+00
1.165000000000000027e-05,1.120000000000000107e+00
1.166000000000000017e-05,1.179999999999999938e+00
1.167000000000000008e-05,1.179999999999999938e+00
1.167999999999999998e-05,1.179999999999999938e+00
1.168999999999999988e-05,1.219999999999999973e+00
1.169999999999999979e-05,1.239999999999999991e+00
1.170999999999999969e-05,1.239999999999999991e+00
1.171999999999999960e-05,1.239999999999999991e+00
1.172999999999999950e-05,1.239999999999999991e+00
1.173999999999999941e-05,1.239999999999999991e+00
1.174999999999999931e-05,1.219999999999999973e+00
1.176000000000000091e-05,1.199999999999999956e+00
1.177000000000000081e-05,1.199999999999999956e+00
1.178000000000000072e-05,1.159999999999999920e+00
1.179000000000000062e-05,1.179999999999999938e+00
1.180000000000000052e-05,1.120000000000000107e+00
1.181000000000000043e-05,1.100000000000000089e+00
1.182000000000000033e-05,1.100000000000000089e+00
1.183000000000000024e-05,1.080000000000000071e+00
1.184000000000000014e-05,1.040000000000000036e+00
1.185000000000000005e-05,1.020000000000000018e+00
1.185999999999999995e-05,1.020000000000000018e+00
1.186999999999999985e-05,1.000000000000000000e+00
1.187999999999999976e-05,9.799999999999999822e-01
1.188999999999999966e-05,9.599999999999999645e-01
1.189999999999999957e-05,9.400000000000000577e-01
1.190999999999999947e-05,9.400000000000000577e-01
1.191999999999999938e-05,9.400000000000000577e-01
1.193000000000000097e-05,9.200000000000000400e-01
1.194000000000000088e-05,8.800000000000000044e-01
1.195000000000000078e-05,8.800000000000000044e-01
1.196000000000000069e-05,8.599999999999999867e-01
1.197000000000000059e-05,8.599999999999999867e-01
1.198000000000000050e-05,8.399999999999999689e-01
1.199000000000000040e-05,8.399999999999999689e-01
1.200000000000000030e-05,8.200000000000000622e-01
1.201000000000000021e-05,8.000000000000000444e-01
1.202000000000000011e-05,8.399999999999999689e-01
1.203000000000000002e-05,8.200000000000000622e-01
1.203999999999999992e-05,8.000000000000000444e-01
1.204999999999999983e-05,7.800000000000000266e-01
1.205999999999999973e-05,7.800000000000000266e-01
1.206999999999999963e-05,7.800000000000000266e-01
1.207999999999999954e-05,7.800000000000000266e-01
1.208999999999999944e-05,7.600000000000000089e-01
1.209999999999999935e-05,7.600000000000000089e-01
1.211000000000000094e-05,7.600000000000000089e-01
1.212000000000000085e-05,7.399999999999999911e-01
1.213000000000000075e-05,7.399999999999999911e-01
1.214000000000000066e-05,7.399999999999999911e-01
1.215000000000000056e-05,7.399999999999999911e-01
1.216000000000000047e-05,7.399999999999999911e-01
1.217000000000000037e-05,7.600000000000000089e-01
1.218000000000000027e-05,7.199999999999999734e-01
1.219000000000000018e-05,7.199999999999999734e-01
1.220000000000000008e-05,7.399999999999999911e-01
1.220999999999999999e-05,7.199999999999999734e-01
1.221999999999999989e-05,7.199999999999999734e-01
1.222999999999999980e-05,7.199999999999999734e-01
1.223999999999999970e-05,7.399999999999999911e-01
1.224999999999999960e-05,7.199999999999999734e-01
1.225999999999999951e-05,7.399999999999999911e-01
1.226999999999999941e-05,7.399999999999999911e-01
1.227999999999999932e-05,7.399999999999999911e-01
1.229000000000000092e-05,7.399999999999999911e-01
1.230000000000000082e-05,7.199999999999999734e-01
1.231000000000000072e-05,7.399999999999999911e-01
1.232000000000000063e-05,7.399999999999999911e-01
1.233000000000000053e-05,7.600000000000000089e-01
1.234000000000000044e-05,7.600000000000000089e-01
1.235000000000000034e-05,7.600000000000000089e-01
1.236000000000000025e-05,7.600000000000000089e-01
1.237000000000000015e-05,7.399999999999999911e-01
1.238000000000000005e-05,7.600000000000000089e-01
1.238999999999999996e-05,7.399999999999999911e-01
1.239999999999999986e-05,7.600000000000000089e-01
1.240999999999999977e-05,7.600000000000000089e-01
1.241999999999999967e-05,7.600000000000000089e-01
1.242999999999999958e-05,7.800000000000000266e-01
1.243999999999999948e-05,7.600000000000000089e-01
1.244999999999999938e-05,7.600000000000000089e-01
1.246000000000000098e-05,8.000000000000000444e-01
1.247000000000000089e-05,8.000000000000000444e-01
1.248000000000000079e-05,7.800000000000000266e-01
1.249000000000000069e-05,7.800000000000000266e-01
1.250000000000000060e-05,8.000000000000000444e-01
1.251000000000000050e-05,8.000000000000000444e-01
1.252000000000000041e-05,8.200000000000000622e-01
1.253000000000000031e-05,8.000000000000000444e-01
1.254000000000000022e-05,8.200000000000000622e-01
1.255000000000000012e-05,8.399999999999999689e-01
1.256000000000000002e-05,8.399999999999999689e-01
1.256999999999999993e-05,8.399999999999999689e-01
1.257999999999999983e-05,8.200000000000000622e-01
1.258999999999999974e-05,8.399999999999999689e-01
1.259999999999999964e-05,8.599999999999999867e-01
1.260999999999999955e-05,8.399999999999999689e-01
1.261999999999999945e-05,8.399999999999999689e-01
1.262999999999999935e-05,8.800000000000000044e-01
1.264000000000000095e-05,8.599999999999999867e-01
1.265000000000000086e-05,8.399999999999999689e-01
1.266000000000000076e-05,8.800000000000000044e-01
1.267000000000000067e-05,8.599999999999999867e-01
1.268000000000000057e-05,8.800000000000000044e-01
1.269000000000000047e-05,8.800000000000000044e-01
1.270000000000000038e-05,8.599999999999999867e-01
1.271000000000000028e-05,8.800000000000000044e-01
1.272000000000000019e-05,8.599999999999999867e-01
1.273000000000000009e-05,8.599999999999999867e-01
1.274000000000000000e-05,8.800000000000000044e-01
1.274999999999999990e-05,8.399999999999999689e-01
1.275999999999999980e-05,8.599999999999999867e-01
1.276999999999999971e-05,8.599999999999999867e-01
1.277999999999999961e-05,8.399999999999999689e-01
1.278999999999999952e-05,8.399999999999999689e-01
1.279999999999999942e-05,8.399999999999999689e-01
1.280999999999999933e-05,8.399999999999999689e-01
1.282000000000000092e-05,8.599999999999999867e-01
1.283000000000000083e-05,8.399999999999999689e-01
1.284000000000000073e-05,8.399999999999999689e-01
1.285000000000000064e-05,8.200000000000000622e-01
1.286000000000000054e-05,8.399999999999999689e-01
1.287000000000000044e-05,8.200000000000000622e-01
1.288000000000000035e-05,8.399999999999999689e-01
1.289000000000000025e-05,8.200000000000000622e-01
1.290000000000000016e-05,8.000000000000000444e-01
1.291000000000000006e-05,8.200000000000000622e-01
1.291999999999999997e-05,8.200000000000000622e-01
1.292999999999999987e-05,8.000000000000000444e-01
1.293999999999999977e-05,8.000000000000000444e-01
1.294999999999999968e-05,7.800000000000000266e-01
1.295999999999999958e-05,7.800000000000000266e-01
1.296999999999999949e-05,7.800000000000000266e-01
1.297999999999999939e-05,7.800000000000000266e-01
1.299000000000000099e-05,7.800000000000000266e-01
1.300000000000000089e-05,7.600000000000000089e-01
1.301000000000000080e-05,7.600000000000000089e-01
1.302000000000000070e-05,7.600000000000000089e-01
1.303000000000000061e-05,7.800000000000000266e-01
1.304000000000000051e-05,7.399999999999999911e-01
1.305000000000000042e-05,7.600000000000000089e-01
1.306000000000000032e-05,7.600000000000000089e-01
1.307000000000000022e-05,7.399999999999999911e-01
1.308000000000000013e-05,7.399999999999999911e-01
1.309000000000000003e-05,7.399999999999999911e-01
1.309999999999999994e-05,7.199999999999999734e-01
1.310999999999999984e-05,7.199999999999999734e-01
1.311999999999999975e-05,7.199999999999999734e-01
1.312999999999999965e-05,7.199999999999999734e-01
1.313999999999999955e-05,7.199999999999999734e-01
1.314999999999999946e-05,7.000000000000000666e-01
1.315999999999999936e-05,7.199999999999999734e-01
1.317000000000000096e-05,7.199999999999999734e-01
1.318000000000000086e-05,7.199999999999999734e-01
1.319000000000000077e-05,7.000000000000000666e-01
1.320000000000000067e-05,7.000000000000000666e-01
1.321000000000000058e-05,6.800000000000000488e-01
1.322000000000000048e-05,6.800000000000000488e-01
1.323000000000000039e-05,7.000000000000000666e-01
1.324000000000000029e-05,7.000000000000000666e-01
1.325000000000000019e-05,7.000000000000000666e-01
1.326000000000000010e-05,7.000000000000000666e-01
1.327000000000000000e-05,6.600000000000000311e-01
1.327999999999999991e-05,6.800000000000000488e-01
1.328999999999999981e-05,6.800000000000000488e-01
1.329999999999999972e-05,6.800000000000000488e-01
1.330999999999999962e-05,6.600000000000000311e-01
1.331999999999999952e-05,6.600000000000000311e-01
1.332999999999999943e-05,6.800000000000000488e-01
1.333999999999999933e-05,6.600000000000000311e-01
1.335000000000000093e-05,6.800000000000000488e-01
1.336000000000000084e-05,6.600000000000000311e-01
1.337000000000000074e-05,6.600000000000000311e-01
1.338000000000000064e-05,6.400000000000000133e-01
1.339000000000000055e-05,6.400000000000000133e-01
1.340000000000000045e-05,6.400000000000000133e-01
1.341000000000000036e-05,6.600000000000000311e-01
1.342000000000000026e-05,6.400000000000000133e-01
1.343000000000000017e-05,6.600000000000000311e-01
1.344000000000000007e-05,6.199999999999999956e-01
1.344999999999999997e-05,6.199999999999999956e-01
1.345999999999999988e-05,6.400000000000000133e-01
1.346999999999999978e-05,6.400000000000000133e-01
1.347999999999999969e-05,6.400000000000000133e-01
1.348999999999999959e-05,6.600000000000000311e-01
1.349999999999999949e-05,6.199999999999999956e-01
1.350999999999999940e-05,6.600000000000000311e-01
1.352000000000000100e-05,6.199999999999999956e-01
1.353000000000000090e-05,6.199999999999999956e-01
1.354000000000000081e-05,6.400000000000000133e-01
1.355000000000000071e-05,6.199999999999999956e-01
1.356000000000000061e-05,6.400000000000000133e-01
1.357000000000000052e-05,6.199999999999999956e-01
1.358000000000000042e-05,6.400000000000000133e-01
1.359000000000000033e-05,6.400000000000000133e-01
1.360000000000000023e-05,6.400000000000000133e-01
1.361000000000000014e-05,6.199999999999999956e-01
1.362000000000000004e-05,6.400000000000000133e-01
1.362999999999999994e-05,6.199999999999999956e-01
1.363999999999999985e-05,6.400000000000000133e-01
1.364999999999999975e-05,6.199999999999999956e-01
1.365999999999999966e-05,5.999999999999999778e-01
1.366999999999999956e-05,6.199999999999999956e-01
1.367999999999999947e-05,6.600000000000000311e-01
1.368999999999999937e-05,6.199999999999999956e-01
1.370000000000000097e-05,6.199999999999999956e-01
1.371000000000000087e-05,6.199999999999999956e-01
1.372000000000000078e-05,6.400000000000000133e-01
1.373000000000000068e-05,6.199999999999999956e-01
1.374000000000000059e-05,6.400000000000000133e-01
1.375000000000000049e-05,6.199999999999999956e-01
1.376000000000000039e-05,6.400000000000000133e-01
1.377000000000000030e-05,6.199999999999999956e-01
1.378000000000000020e-05,6.400000000000000133e-01
1.379000000000000011e-05,6.600000000000000311e-01
1.380000000000000001e-05,6.199999999999999956e-01
1.380999999999999992e-05,6.400000000000000133e-01
1.381999999999999982e-05,6.400000000000000133e-01
1.382999999999999972e-05,6.600000000000000311e-01
1.383999999999999963e-05,6.199999999999999956e-01
1.384999999999999953e-05,6.600000000000000311e-01
1.385999999999999944e-05,6.400000000000000133e-01
1.386999999999999934e-05,6.800000000000000488e-01
1.388000000000000094e-05,6.600000000000000311e-01
1.389000000000000084e-05,6.600000000000000311e-01
1.390000000000000075e-05,6.600000000000000311e-01
1.391000000000000065e-05,6.400000000000000133e-01
1.392000000000000056e-05,6.600000000000000311e-01
1.393000000000000046e-05,6.600000000000000311e-01
1.394000000000000036e-05,6.800000000000000488e-01
1.395000000000000027e-05,6.800000000000000488e-01
1.396000000000000017e-05,6.800000000000000488e-01
1.397000000000000008e-05,7.000000000000000666e-01
1.397999999999999998e-05,6.800000000000000488e-01
1.398999999999999989e-05,6.800000000000000488e-01
1.399999999999999979e-05,7.000000000000000666e-01
1.400999999999999969e-05,7.000000000000000666e-01
1.401999999999999960e-05,7.000000000000000666e-01
1.402999999999999950e-05,7.199999999999999734e-01
1.403999999999999941e-05,7.199999999999999734e-01
1.405000000000000101e-05,7.399999999999999911e-01
1.406000000000000091e-05,7.000000000000000666e-01
1.407000000000000081e-05,7.399999999999999911e-01
1.408000000000000072e-05,7.399999999999999911e-01
1.409000000000000062e-05,7.199999999999999734e-01
1.410000000000000053e-05,7.399999999999999911e-01
1.411000000000000043e-05,7.399999999999999911e-01
1.412000000000000034e-05,7.199999999999999734e-01
1.413000000000000024e-05,7.399999999999999911e-01
1.414000000000000014e-05,7.399999999999999911e-01
1.415000000000000005e-05,7.600000000000000089e-01
1.415999999999999995e-05,7.600000000000000089e-01
1.416999999999999986e-05,7.600000000000000089e-01
1.417999999999999976e-05,7.800000000000000266e-01
1.418999999999999966e-05,8.000000000000000444e-01
1.419999999999999957e-05,7.800000000000000266e-01
1.420999999999999947e-05,8.000000000000000444e-01
1.421999999999999938e-05,7.800000000000000266e-01
1.423000000000000098e-05,8.000000000000000444e-01
1.424000000000000088e-05,8.000000000000000444e-01
1.425000000000000078e-05,8.200000000000000622e-01
1.426000000000000069e-05,8.000000000000000444e-01
1.427000000000000059e-05,8.200000000000000622e-01
1.428000000000000050e-05,8.200000000000000622e-01
1.429000000000000040e-05,8.399999999999999689e-01
1.430000000000000031e-05,8.000000000000000444e-01
1.431000000000000021e-05,8.200000000000000622e-01
1.432000000000000011e-05,8.200000000000000622e-01
1.433000000000000002e-05,8.000000000000000444e-01
1.433999999999999992e-05,8.200000000000000622e-01
1.434999999999999983e-05,8.000000000000000444e-01
1.435999999999999973e-05,8.200000000000000622e-01
1.436999999999999964e-05,8.000000000000000444e-01
1.437999999999999954e-05,8.000000000000000444e-01
1.438999999999999944e-05,8.200000000000000622e-01
1.439999999999999935e-05,8.000000000000000444e-01
1.441000000000000095e-05,8.000000000000000444e-01
1.442000000000000085e-05,8.000000000000000444e-01
1.443000000000000076e-05,7.800000000000000266e-01
1.444000000000000066e-05,7.800000000000000266e-01
1.445000000000000056e-05,7.800000000000000266e-01
1.446000000000000047e-05,7.800000000000000266e-01
1.447000000000000037e-05,7.600000000000000089e-01
1.448000000000000028e-05,7.800000000000000266e-01
1.449000000000000018e-05,7.600000000000000089e-01
1.450000000000000009e-05,7.800000000000000266e-01
1.450999999999999999e-05,7.600000000000000089e-01
1.451999999999999989e-05,7.600000000000000089e-01
1.452999999999999980e-05,7.600000000000000089e-01
1.453999999999999970e-05,7.800000000000000266e-01
1.454999999999999961e-05,7.800000000000000266e-01
1.455999999999999951e-05,7.399999999999999911e-01
1.456999999999999941e-05,7.800000000000000266e-01
1.458000000000000101e-05,7.600000000000000089e-01
1.459000000000000092e-05,7.399999999999999911e-01
1.460000000000000082e-05,7.399999999999999911e-01
1.461000000000000073e-05,7.399999999999999911e-01
1.462000000000000063e-05,7.399999999999999911e-01
1.463000000000000053e-05,7.399999999999999911e-01
1.464000000000000044e-05,7.399999999999999911e-01
1.465000000000000034e-05,7.199999999999999734e-01
1.466000000000000025e-05,7.199999999999999734e-01
1.467000000000000015e-05,7.399999999999999911e-01
1.468000000000000006e-05,7.199999999999999734e-01
1.468999999999999996e-05,7.000000000000000666e-01
1.469999999999999986e-05,7.000000000000000666e-01
1.470999999999999977e-05,7.199999999999999734e-01
1.471999999999999967e-05,7.000000000000000666e-01
1.472999999999999958e-05,7.000000000000000666e-01
1.473999999999999948e-05,6.600000000000000311e-01
1.474999999999999939e-05,7.000000000000000666e-01
1.476000000000000098e-05,6.600000000000000311e-01
1.477000000000000089e-05,6.800000000000000488e-01
1.478000000000000079e-05,7.000000000000000666e-01
1.479000000000000070e-05,6.800000000000000488e-01
1.480000000000000060e-05,6.800000000000000488e-01
1.481000000000000051e-05,6.600000000000000311e-01
1.482000000000000041e-05,6.600000000000000311e-01
1.483000000000000031e-05,6.600000000000000311e-01
1.484000000000000022e-05,6.600000000000000311e-01
1.485000000000000012e-05,6.600000000000000311e-01
1.486000000000000003e-05,7.000000000000000666e-01
1.486999999999999993e-05,6.400000000000000133e-01
1.487999999999999983e-05,6.600000000000000311e-01
1.488999999999999974e-05,6.800000000000000488e-01
1.489999999999999964e-05,6.800000000000000488e-01
1.490999999999999955e-05,6.800000000000000488e-01
1.491999999999999945e-05,6.400000000000000133e-01
1.493000000000000105e-05,6.600000000000000311e-01
1.494000000000000095e-05,6.400000000000000133e-01
1.495000000000000086e-05,6.600000000000000311e-01
1.496000000000000076e-05,6.400000000000000133e-01
1.497000000000000067e-05,6.400000000000000133e-01
1.498000000000000057e-05,6.199999999999999956e-01
1.499000000000000048e-05,6.400000000000000133e-01
1.500000000000000038e-05,6.600000000000000311e-01
1.501000000000000028e-05,6.199999999999999956e-01
1.502000000000000019e-05,5.999999999999999778e-01
1.503000000000000009e-05,6.199999999999999956e-01
1.504000000000000000e-05,6.199999999999999956e-01
1.504999999999999990e-05,6.199999999999999956e-01
1.505999999999999981e-05,6.199999999999999956e-01
1.506999999999999971e-05,6.199999999999999956e-01
1.507999999999999961e-05,6.400000000000000133e-01
1.508999999999999952e-05,6.199999999999999956e-01
1.509999999999999942e-05,6.199999999999999956e-01
1.511000000000000102e-05,6.199999999999999956e-01
1.512000000000000093e-05,5.999999999999999778e-01
1.513000000000000083e-05,5.999999999999999778e-01
1.514000000000000073e-05,6.199999999999999956e-01
1.515000000000000064e-05,6.199999999999999956e-01
1.516000000000000054e-05,5.999999999999999778e-01
1.517000000000000045e-05,6.199999999999999956e-01
1.518000000000000035e-05,5.999999999999999778e-01
1.519000000000000025e-05,6.199999999999999956e-01
1.520000000000000016e-05,5.799999999999999600e-01
1.521000000000000006e-05,5.799999999999999600e-01
1.521999999999999997e-05,5.999999999999999778e-01
1.522999999999999987e-05,6.400000000000000133e-01
1.523999999999999978e-05,5.999999999999999778e-01
1.524999999999999968e-05,6.199999999999999956e-01
1.525999999999999958e-05,5.999999999999999778e-01
1.527000000000000118e-05,6.199999999999999956e-01
1.527999999999999939e-05,6.199999999999999956e-01
1.529000000000000099e-05,5.999999999999999778e-01
1.529999999999999920e-05,5.999999999999999778e-01
1.531000000000000080e-05,6.199999999999999956e-01
1.532000000000000240e-05,5.799999999999999600e-01
1.533000000000000061e-05,6.199999999999999956e-01
1.533999999999999882e-05,5.799999999999999600e-01
1.535000000000000042e-05,6.199999999999999956e-01
1.536000000000000202e-05,5.999999999999999778e-01
1.537000000000000023e-05,5.999999999999999778e-01
1.537999999999999844e-05,5.999999999999999778e-01
1.539000000000000003e-05,6.199999999999999956e-01
1.540000000000000163e-05,6.199999999999999956e-01
1.540999999999999984e-05,6.199999999999999956e-01
1.541999999999999805e-05,5.799999999999999600e-01
1.542999999999999965e-05,5.999999999999999778e-01
1.544000000000000125e-05,6.400000000000000133e-01
1.544999999999999946e-05,5.999999999999999778e-01
1.546000000000000106e-05,5.999999999999999778e-01
1.546999999999999927e-05,6.199999999999999956e-01
1.548000000000000087e-05,6.400000000000000133e-01
1.549000000000000246e-05,6.199999999999999956e-01
1.550000000000000068e-05,6.199999999999999956e-01
1.550999999999999889e-05,6.199999999999999956e-01
1.552000000000000048e-05,6.199999999999999956e-01
1.553000000000000208e-05,6.199999999999999956e-01
1.554000000000000029e-05,6.400000000000000133e-01
1.554999999999999850e-05,6.199999999999999956e-01
1.556000000000000010e-05,6.400000000000000133e-01
1.557000000000000170e-05,6.400000000000000133e-01
1.557999999999999991e-05,6.400000000000000133e-01
1.558999999999999812e-05,6.600000000000000311e-01
1.559999999999999972e-05,6.600000000000000311e-01
1.561000000000000132e-05,6.600000000000000311e-01
1.561999999999999953e-05,6.600000000000000311e-01
1.562999999999999774e-05,6.600000000000000311e-01
1.563999999999999933e-05,6.400000000000000133e-01
1.565000000000000093e-05,6.400000000000000133e-01
1.566000000000000253e-05,7.000000000000000666e-01
1.567000000000000074e-05,6.800000000000000488e-01
1.567999999999999895e-05,6.800000000000000488e-01
1.569000000000000055e-05,6.800000000000000488e-01
1.570000000000000215e-05,6.800000000000000488e-01
1.571000000000000036e-05,6.800000000000000488e-01
1.571999999999999857e-05,7.199999999999999734e-01
1.573000000000000017e-05,6.800000000000000488e-01
1.574000000000000177e-05,6.800000000000000488e-01
1.574999999999999998e-05,7.000000000000000666e-01
1.575999999999999819e-05,6.800000000000000488e-01
1.576999999999999978e-05,7.199999999999999734e-01
1.578000000000000138e-05,7.000000000000000666e-01
1.578999999999999959e-05,7.199999999999999734e-01
1.579999999999999780e-05,7.399999999999999911e-01
1.580999999999999940e-05,7.199999999999999734e-01
1.582000000000000100e-05,7.399999999999999911e-01
1.583000000000000260e-05,7.399999999999999911e-01
1.584000000000000081e-05,7.399999999999999911e-01
1.584999999999999902e-05,7.600000000000000089e-01
1.586000000000000062e-05,7.600000000000000089e-01
1.587000000000000221e-05,7.600000000000000089e-01
1.588000000000000042e-05,7.800000000000000266e-01
1.588999999999999864e-05,8.000000000000000444e-01
1.590000000000000023e-05,8.000000000000000444e-01
1.591000000000000183e-05,8.000000000000000444e-01
1.592000000000000004e-05,8.200000000000000622e-01
1.592999999999999825e-05,8.000000000000000444e-01
1.593999999999999985e-05,8.200000000000000622e-01
1.595000000000000145e-05,8.000000000000000444e-01
1.595999999999999966e-05,8.000000000000000444e-01
1.596999999999999787e-05,8.000000000000000444e-01
1.597999999999999947e-05,8.200000000000000622e-01
1.599000000000000107e-05,8.000000000000000444e-01
1.600000000000000266e-05,8.399999999999999689e-01
1.601000000000000087e-05,8.200000000000000622e-01
1.601999999999999908e-05,8.399999999999999689e-01
1.603000000000000068e-05,8.399999999999999689e-01
1.604000000000000228e-05,8.399999999999999689e-01
1.605000000000000049e-05,8.599999999999999867e-01
1.605999999999999870e-05,8.200000000000000622e-01
1.607000000000000030e-05,8.599999999999999867e-01
1.608000000000000190e-05,8.399999999999999689e-01
1.609000000000000011e-05,8.599999999999999867e-01
1.609999999999999832e-05,9.000000000000000222e-01
1.610999999999999992e-05,8.399999999999999689e-01
1.612000000000000152e-05,8.599999999999999867e-01
1.612999999999999973e-05,8.800000000000000044e-01
1.613999999999999794e-05,8.599999999999999867e-01
1.614999999999999953e-05,8.599999999999999867e-01
1.616000000000000113e-05,8.800000000000000044e-01
1.617000000000000273e-05,9.000000000000000222e-01
1.618000000000000094e-05,8.800000000000000044e-01
1.618999999999999915e-05,8.800000000000000044e-01
1.620000000000000075e-05,9.000000000000000222e-01
1.621000000000000235e-05,9.200000000000000400e-01
1.622000000000000056e-05,9.200000000000000400e-01
1.622999999999999877e-05,9.000000000000000222e-01
1.624000000000000037e-05,9.000000000000000222e-01
1.625000000000000196e-05,9.000000000000000222e-01
1.626000000000000017e-05,9.200000000000000400e-01
1.626999999999999838e-05,9.400000000000000577e-01
1.627999999999999998e-05,9.400000000000000577e-01
1.629000000000000158e-05,9.400000000000000577e-01
1.629999999999999979e-05,9.599999999999999645e-01
1.630999999999999800e-05,9.400000000000000577e-01
1.631999999999999960e-05,9.799999999999999822e-01
1.633000000000000120e-05,9.799999999999999822e-01
1.633999999999999941e-05,9.799999999999999822e-01
1.635000000000000101e-05,1.000000000000000000e+00
1.635999999999999922e-05,1.020000000000000018e+00
1.637000000000000082e-05,1.040000000000000036e+00
1.638000000000000241e-05,1.040000000000000036e+00
1.639000000000000062e-05,1.040000000000000036e+00
1.639999999999999883e-05,1.060000000000000053e+00
1.641000000000000043e-05,1.060000000000000053e+00
1.642000000000000203e-05,1.080000000000000071e+00
1.643000000000000024e-05,1.080000000000000071e+00
1.643999999999999845e-05,1.120000000000000107e+00
1.645000000000000005e-05,1.120000000000000107e+00
1.646000000000000165e-05,1.140000000000000124e+00
1.646999999999999986e-05,1.159999999999999920e+00
1.647999999999999807e-05,1.199999999999999956e+00
1.648999999999999967e-05,1.199999999999999956e+00
1.650000000000000127e-05,1.199999999999999956e+00
1.650999999999999948e-05,1.219999999999999973e+00
1.652000000000000107e-05,1.239999999999999991e+00
1.652999999999999928e-05,1.239999999999999991e+00
1.654000000000000088e-05,1.260000000000000009e+00
1.655000000000000248e-05,1.239999999999999991e+00
1.656000000000000069e-05,1.239999999999999991e+00
1.656999999999999890e-05,1.260000000000000009e+00
1.658000000000000050e-05,1.260000000000000009e+00
1.659000000000000210e-05,1.260000000000000009e+00
1.660000000000000031e-05,1.280000000000000027e+00
1.660999999999999852e-05,1.260000000000000009e+00
1.662000000000000012e-05,1.239999999999999991e+00
1.663000000000000171e-05,1.260000000000000009e+00
1.663999999999999992e-05,1.239999999999999991e+00
1.664999999999999813e-05,1.260000000000000009e+00
1.665999999999999973e-05,1.219999999999999973e+00
1.667000000000000133e-05,1.219999999999999973e+00
1.667999999999999954e-05,1.199999999999999956e+00
1.668999999999999775e-05,1.219999999999999973e+00
1.669999999999999935e-05,1.199999999999999956e+00
1.671000000000000095e-05,1.179999999999999938e+00
1.672000000000000255e-05,1.179999999999999938e+00
1.673000000000000076e-05,1.159999999999999920e+00
1.673999999999999897e-05,1.140000000000000124e+00
1.675000000000000057e-05,1.159999999999999920e+00
1.676000000000000216e-05,1.120000000000000107e+00
1.677000000000000037e-05,1.120000000000000107e+00
1.677999999999999858e-05,1.120000000000000107e+00
1.679000000000000018e-05,1.080000000000000071e+00
1.680000000000000178e-05,1.060000000000000053e+00
1.680999999999999999e-05,1.040000000000000036e+00
1.681999999999999820e-05,1.060000000000000053e+00
1.682999999999999980e-05,1.020000000000000018e+00
1.684000000000000140e-05,1.020000000000000018e+00
1.684999999999999961e-05,1.000000000000000000e+00
1.685999999999999782e-05,1.020000000000000018e+00
1.686999999999999942e-05,1.000000000000000000e+00
1.688000000000000101e-05,9.799999999999999822e-01
1.689000000000000261e-05,1.000000000000000000e+00
1.689999999999999744e-05,9.599999999999999645e-01
1.690999999999999903e-05,9.799999999999999822e-01
1.692000000000000063e-05,9.400000000000000577e-01
1.693000000000000223e-05,9.200000000000000400e-01
1.693999999999999705e-05,9.400000000000000577e-01
1.694999999999999865e-05,9.200000000000000400e-01
1.696000000000000025e-05,9.200000000000000400e-01
1.697000000000000185e-05,9.200000000000000400e-01
1.698000000000000345e-05,9.000000000000000222e-01
1.698999999999999827e-05,9.000000000000000222e-01
1.699999999999999987e-05,9.000000000000000222e-01
1.701000000000000146e-05,8.800000000000000044e-01
1.702000000000000306e-05,8.599999999999999867e-01
1.702999999999999788e-05,8.599999999999999867e-01
1.703999999999999948e-05,8.800000000000000044e-01
1.705000000000000108e-05,8.399999999999999689e-01
1.706000000000000268e-05,8.399999999999999689e-01
1.706999999999999750e-05,8.599999999999999867e-01
1.707999999999999910e-05,8.200000000000000622e-01
1.709000000000000070e-05,8.200000000000000622e-01
1.710000000000000230e-05,8.000000000000000444e-01
1.710999999999999712e-05,8.399999999999999689e-01
1.711999999999999872e-05,8.000000000000000444e-01
1.713000000000000032e-05,8.000000000000000444e-01
1.714000000000000191e-05,7.800000000000000266e-01
1.715000000000000351e-05,8.000000000000000444e-01
1.715999999999999833e-05,7.800000000000000266e-01
1.716999999999999993e-05,7.800000000000000266e-01
1.718000000000000153e-05,7.600000000000000089e-01
1.719000000000000313e-05,7.800000000000000266e-01
1.719999999999999795e-05,7.800000000000000266e-01
1.720999999999999955e-05,7.800000000000000266e-01
1.722000000000000115e-05,7.600000000000000089e-01
1.723000000000000275e-05,7.399999999999999911e-01
1.723999999999999757e-05,7.600000000000000089e-01
1.724999999999999917e-05,7.600000000000000089e-01
1.726000000000000076e-05,7.600000000000000089e-01
1.727000000000000236e-05,7.199999999999999734e-01
1.727999999999999719e-05,7.600000000000000089e-01
1.728999999999999878e-05,7.199999999999999734e-01
1.730000000000000038e-05,7.399999999999999911e-01
1.731000000000000198e-05,7.399999999999999911e-01
1.732000000000000358e-05,7.399999999999999911e-01
1.732999999999999840e-05,7.399999999999999911e-01
1.734000000000000000e-05,7.399999999999999911e-01
1.735000000000000160e-05,7.000000000000000666e-01
1.736000000000000320e-05,7.199999999999999734e-01
1.736999999999999802e-05,7.199999999999999734e-01
1.737999999999999962e-05,7.000000000000000666e-01
1.739000000000000121e-05,7.199999999999999734e-01
1.740000000000000281e-05,7.000000000000000666e-01
1.740999999999999763e-05,7.199999999999999734e-01
1.741999999999999923e-05,7.000000000000000666e-01
1.743000000000000083e-05,6.800000000000000488e-01
1.744000000000000243e-05,7.000000000000000666e-01
1.744999999999999725e-05,7.000000000000000666e-01
1.745999999999999885e-05,7.000000000000000666e-01
1.747000000000000045e-05,7.000000000000000666e-01
1.748000000000000205e-05,7.000000000000000666e-01
1.749000000000000364e-05,7.000000000000000666e-01
1.749999999999999847e-05,7.000000000000000666e-01
1.751000000000000007e-05,7.000000000000000666e-01
1.752000000000000166e-05,6.800000000000000488e-01
1.753000000000000326e-05,6.800000000000000488e-01
1.753999999999999808e-05,7.000000000000000666e-01
1.754999999999999968e-05,7.000000000000000666e-01
1.756000000000000128e-05,7.000000000000000666e-01
1.757000000000000288e-05,6.800000000000000488e-01
1.757999999999999770e-05,6.800000000000000488e-01
1.758999999999999930e-05,6.600000000000000311e-01
1.760000000000000090e-05,6.600000000000000311e-01
1.761000000000000250e-05,7.000000000000000666e-01
1.761999999999999732e-05,6.600000000000000311e-01
1.762999999999999892e-05,6.400000000000000133e-01
1.764000000000000051e-05,7.000000000000000666e-01
1.765000000000000211e-05,6.800000000000000488e-01
1.765999999999999694e-05,6.600000000000000311e-01
1.766999999999999853e-05,6.600000000000000311e-01
1.768000000000000013e-05,6.600000000000000311e-01
1.769000000000000173e-05,6.600000000000000311e-01
1.770000000000000333e-05,6.600000000000000311e-01
1.770999999999999815e-05,6.400000000000000133e-01
1.771999999999999975e-05,6.400000000000000133e-01
1.773000000000000135e-05,6.600000000000000311e-01
1.774000000000000295e-05,6.400000000000000133e-01
1.774999999999999777e-05,6.400000000000000133e-01
1.775999999999999937e-05,6.400000000000000133e-01
1.777000000000000096e-05,6.400000000000000133e-01
1.778000000000000256e-05,6.400000000000000133e-01
1.778999999999999738e-05,6.600000000000000311e-01
1.779999999999999898e-05,6.400000000000000133e-01
1.781000000000000058e-05,6.400000000000000133e-01
1.782000000000000218e-05,6.600000000000000311e-01
1.782999999999999700e-05,6.400000000000000133e-01
1.783999999999999860e-05,6.400000000000000133e-01
1.785000000000000020e-05,6.199999999999999956e-01
1.786000000000000180e-05,6.400000000000000133e-01
1.787000000000000339e-05,6.400000000000000133e-01
1.787999999999999822e-05,6.400000000000000133e-01
1.788999999999999982e-05,6.199999999999999956e-01
1.790000000000000141e-05,6.199999999999999956e-01
1.791000000000000301e-05,6.199999999999999956e-01
1.791999999999999783e-05,6.199999999999999956e-01
1.792999999999999943e-05,6.199999999999999956e-01
1.794000000000000103e-05,5.999999999999999778e-01
1.795000000000000263e-05,6.199999999999999956e-01
1.795999999999999745e-05,6.400000000000000133e-01
1.796999999999999905e-05,5.799999999999999600e-01
1.798000000000000065e-05,6.199999999999999956e-01
1.799000000000000225e-05,5.999999999999999778e-01
1.799999999999999707e-05,5.999999999999999778e-01
1.800999999999999867e-05,6.400000000000000133e-01
1.802000000000000026e-05,5.999999999999999778e-01
1.803000000000000186e-05,5.999999999999999778e-01
1.804000000000000346e-05,5.999999999999999778e-01
1.804999999999999828e-05,5.799999999999999600e-01
1.805999999999999988e-05,5.799999999999999600e-01
1.807000000000000148e-05,5.999999999999999778e-01
1.808000000000000308e-05,5.999999999999999778e-01
1.808999999999999790e-05,6.199999999999999956e-01
1.809999999999999950e-05,5.799999999999999600e-01
1.811000000000000110e-05,5.799999999999999600e-01
1.812000000000000270e-05,5.999999999999999778e-01
1.812999999999999752e-05,5.999999999999999778e-01
1.813999999999999912e-05,5.799999999999999600e-01
1.815000000000000071e-05,5.999999999999999778e-01
1.816000000000000231e-05,6.199999999999999956e-01
1.816999999999999713e-05,5.999999999999999778e-01
1.817999999999999873e-05,5.999999999999999778e-01
1.819000000000000033e-05,5.799999999999999600e-01
1.820000000000000193e-05,6.199999999999999956e-01
1.821000000000000353e-05,5.799999999999999600e-01
1.821999999999999835e-05,5.799999999999999600e-01
1.822999999999999995e-05,5.600000000000000533e-01
1.824000000000000155e-05,5.799999999999999600e-01
1.825000000000000314e-05,5.799999999999999600e-01
1.825999999999999797e-05,5.799999999999999600e-01
1.826999999999999957e-05,5.799999999999999600e-01
1.828000000000000116e-05,6.199999999999999956e-01
1.829000000000000276e-05,5.799999999999999600e-01
1.829999999999999758e-05,5.999999999999999778e-01
1.830999999999999918e-05,5.799999999999999600e-01
1.832000000000000078e-05,5.799999999999999600e-01
1.833000000000000238e-05,5.799999999999999600e-01
1.833999999999999720e-05,5.799999999999999600e-01
1.834999999999999880e-05,5.799999999999999600e-01
1.836000000000000040e-05,5.799999999999999600e-01
1.837000000000000200e-05,5.799999999999999600e-01
1.838000000000000359e-05,5.600000000000000533e-01
1.838999999999999842e-05,5.600000000000000533e-01
1.840000000000000001e-05,5.600000000000000533e-01
1.841000000000000161e-05,5.799999999999999600e-01
1.842000000000000321e-05,5.600000000000000533e-01
1.842999999999999803e-05,5.799999999999999600e-01
1.843999999999999963e-05,5.400000000000000355e-01
1.845000000000000123e-05,5.600000000000000533e-01
1.846000000000000283e-05,5.600000000000000533e-01
1.846999999999999765e-05,5.799999999999999600e-01
1.847999999999999925e-05,5.799999999999999600e-01
1.849000000000000085e-05,5.600000000000000533e-01
1.850000000000000245e-05,5.799999999999999600e-01
1.850999999999999727e-05,5.999999999999999778e-01
1.851999999999999887e-05,5.600000000000000533e-01
1.853000000000000046e-05,5.600000000000000533e-01
1.854000000000000206e-05,5.600000000000000533e-01
1.855000000000000366e-05,5.799999999999999600e-01
1.855999999999999848e-05,5.600000000000000533e-01
1.857000000000000008e-05,5.799999999999999600e-01
1.858000000000000168e-05,5.600000000000000533e-01
1.859000000000000328e-05,5.799999999999999600e-01
1.859999999999999810e-05,5.999999999999999778e-01
1.860999999999999970e-05,5.600000000000000533e-01
1.862000000000000130e-05,5.400000000000000355e-01
1.863000000000000289e-05,5.999999999999999778e-01
1.863999999999999772e-05,5.600000000000000533e-01
1.864999999999999931e-05,5.600000000000000533e-01
1.866000000000000091e-05,5.600000000000000533e-01
1.867000000000000251e-05,5.600000000000000533e-01
1.867999999999999733e-05,5.600000000000000533e-01
1.868999999999999893e-05,5.600000000000000533e-01
1.870000000000000053e-05,5.799999999999999600e-01
1.871000000000000213e-05,5.400000000000000355e-01
1.871999999999999695e-05,5.600000000000000533e-01
1.872999999999999855e-05,5.799999999999999600e-01
1.874000000000000015e-05,5.799999999999999600e-01
1.875000000000000175e-05,5.600000000000000533e-01
1.876000000000000334e-05,5.799999999999999600e-01
1.876999999999999817e-05,5.600000000000000533e-01
1.877999999999999976e-05,5.600000000000000533e-01
1.879000000000000136e-05,5.600000000000000533e-01
1.880000000000000296e-05,5.600000000000000533e-01
1.880999999999999778e-05,5.600000000000000533e-01
1.881999999999999938e-05,5.799999999999999600e-01
1.883000000000000098e-05,5.799999999999999600e-01
1.884000000000000258e-05,5.600000000000000533e-01
1.884999999999999740e-05,5.600000000000000533e-01
1.885999999999999900e-05,5.600000000000000533e-01
1.887000000000000060e-05,5.600000000000000533e-01
1.888000000000000219e-05,5.600000000000000533e-01
1.888999999999999702e-05,5.799999999999999600e-01
1.889999999999999862e-05,5.799999999999999600e-01
1.891000000000000021e-05,5.799999999999999600e-01
1.892000000000000181e-05,5.799999999999999600e-01
1.893000000000000341e-05,5.799999999999999600e-01
1.893999999999999823e-05,5.799999999999999600e-01
1.894999999999999983e-05,5.999999999999999778e-01
1.896000000000000143e-05,5.799999999999999600e-01
1.897000000000000303e-05,5.799999999999999600e-01
1.897999999999999785e-05,5.999999999999999778e-01
1.898999999999999945e-05,5.799999999999999600e-01
1.900000000000000105e-05,5.999999999999999778e-01
1.901000000000000264e-05,5.999999999999999778e-01
1.901999999999999747e-05,6.199999999999999956e-01
1.902999999999999906e-05,5.999999999999999778e-01
1.904000000000000066e-05,5.999999999999999778e-01
1.905000000000000226e-05,5.999999999999999778e-01
1.905999999999999708e-05,6.199999999999999956e-01
1.906999999999999868e-05,6.400000000000000133e-01
1.908000000000000028e-05,6.199999999999999956e-01
1.909000000000000188e-05,6.400000000000000133e-01
1.910000000000000348e-05,6.600000000000000311e-01
1.910999999999999830e-05,6.600000000000000311e-01
1.911999999999999990e-05,6.400000000000000133e-01
1.913000000000000150e-05,6.800000000000000488e-01
1.914000000000000309e-05,6.800000000000000488e-01
1.914999999999999792e-05,6.600000000000000311e-01
1.915999999999999951e-05,6.600000000000000311e-01
1.917000000000000111e-05,6.800000000000000488e-01
1.918000000000000271e-05,7.199999999999999734e-01
1.918999999999999753e-05,7.199999999999999734e-01
1.919999999999999913e-05,7.199999999999999734e-01
1.921000000000000073e-05,7.199999999999999734e-01
1.922000000000000233e-05,7.600000000000000089e-01
1.922999999999999715e-05,7.399999999999999911e-01
1.923999999999999875e-05,7.600000000000000089e-01
1.925000000000000035e-05,7.600000000000000089e-01
1.926000000000000194e-05,7.800000000000000266e-01
1.927000000000000354e-05,7.800000000000000266e-01
1.927999999999999837e-05,7.800000000000000266e-01
1.928999999999999996e-05,8.200000000000000622e-01
1.930000000000000156e-05,8.200000000000000622e-01
1.931000000000000316e-05,8.200000000000000622e-01
1.931999999999999798e-05,8.399999999999999689e-01
1.932999999999999958e-05,8.200000000000000622e-01
1.934000000000000118e-05,8.599999999999999867e-01
1.935000000000000278e-05,8.399999999999999689e-01
1.935999999999999760e-05,8.599999999999999867e-01
1.936999999999999920e-05,8.800000000000000044e-01
1.938000000000000080e-05,8.800000000000000044e-01
1.939000000000000239e-05,8.800000000000000044e-01
1.939999999999999722e-05,9.000000000000000222e-01
1.940999999999999881e-05,9.200000000000000400e-01
1.942000000000000041e-05,9.000000000000000222e-01
1.943000000000000201e-05,9.000000000000000222e-01
1.944000000000000361e-05,9.000000000000000222e-01
1.944999999999999843e-05,9.200000000000000400e-01
1.946000000000000003e-05,9.200000000000000400e-01
1.947000000000000163e-05,9.200000000000000400e-01
1.948000000000000323e-05,9.200000000000000400e-01
1.948999999999999805e-05,9.400000000000000577e-01
1.949999999999999965e-05,9.400000000000000577e-01
1.951000000000000125e-05,9.000000000000000222e-01
1.952000000000000284e-05,9.200000000000000400e-01
1.952999999999999767e-05,9.400000000000000577e-01
1.953999999999999926e-05,9.599999999999999645e-01
1.955000000000000086e-05,9.000000000000000222e-01
1.956000000000000246e-05,9.400000000000000577e-01
1.956999999999999728e-05,9.200000000000000400e-01
1.957999999999999888e-05,9.400000000000000577e-01
1.959000000000000048e-05,9.200000000000000400e-01
1.960000000000000208e-05,9.200000000000000400e-01
1.961000000000000368e-05,9.000000000000000222e-01
1.961999999999999850e-05,9.400000000000000577e-01
1.963000000000000010e-05,9.000000000000000222e-01
1.964000000000000169e-05,9.000000000000000222e-01
1.965000000000000329e-05,9.000000000000000222e-01
1.965999999999999812e-05,8.599999999999999867e-01
1.966999999999999971e-05,8.599999999999999867e-01
1.968000000000000131e-05,8.599999999999999867e-01
1.969000000000000291e-05,8.200000000000000622e-01
1.969999999999999773e-05,8.599999999999999867e-01
1.970999999999999933e-05,8.200000000000000622e-01
1.972000000000000093e-05,8.399999999999999689e-01
1.973000000000000253e-05,8.399999999999999689e-01
1.973999999999999735e-05,8.200000000000000622e-01
1.974999999999999895e-05,8.399999999999999689e-01
1.976000000000000055e-05,8.000000000000000444e-01
1.977000000000000214e-05,8.000000000000000444e-01
1.977999999999999697e-05,8.000000000000000444e-01
1.978999999999999856e-05,8.200000000000000622e-01
1.980000000000000016e-05,8.000000000000000444e-01
1.981000000000000176e-05,7.800000000000000266e-01
1.982000000000000336e-05,7.800000000000000266e-01
1.982999999999999818e-05,7.600000000000000089e-01
1.983999999999999978e-05,7.600000000000000089e-01
1.985000000000000138e-05,7.600000000000000089e-01
1.986000000000000298e-05,7.600000000000000089e-01
1.986999999999999780e-05,7.800000000000000266e-01
1.987999999999999940e-05,7.600000000000000089e-01
1.989000000000000100e-05,7.399999999999999911e-01
1.990000000000000259e-05,7.399999999999999911e-01
1.990999999999999742e-05,7.199999999999999734e-01
1.991999999999999901e-05,7.399999999999999911e-01
1.993000000000000061e-05,7.199999999999999734e-01
1.994000000000000221e-05,7.199999999999999734e-01
1.994999999999999703e-05,7.000000000000000666e-01
1.995999999999999863e-05,7.199999999999999734e-01
1.997000000000000023e-05,6.800000000000000488e-01
1.998000000000000183e-05,7.199999999999999734e-01
1.999000000000000343e-05,6.800000000000000488e-01
1.999999999999999825e-05,6.800000000000000488e-01
2.000999999999999985e-05,7.000000000000000666e-01
2.002000000000000144e-05,6.800000000000000488e-01
2.003000000000000304e-05,6.800000000000000488e-01
2.003999999999999786e-05,6.600000000000000311e-01
2.004999999999999946e-05,6.800000000000000488e-01
2.006000000000000106e-05,6.800000000000000488e-01
2.007000000000000266e-05,6.800000000000000488e-01
2.007999999999999748e-05,6.600000000000000311e-01
2.008999999999999908e-05,6.600000000000000311e-01
2.010000000000000068e-05,6.800000000000000488e-01
2.011000000000000228e-05,6.800000000000000488e-01
2.011999999999999710e-05,6.400000000000000133e-01
2.012999999999999870e-05,6.800000000000000488e-01
2.014000000000000030e-05,6.600000000000000311e-01
2.015000000000000189e-05,6.400000000000000133e-01
2.016000000000000349e-05,6.400000000000000133e-01
2.016999999999999831e-05,6.600000000000000311e-01
2.017999999999999991e-05,6.600000000000000311e-01
2.019000000000000151e-05,6.600000000000000311e-01
2.020000000000000311e-05,6.199999999999999956e-01
2.020999999999999793e-05,6.199999999999999956e-01
2.021999999999999953e-05,6.199999999999999956e-01
2.023000000000000113e-05,6.199999999999999956e-01
2.024000000000000273e-05,6.400000000000000133e-01
2.024999999999999755e-05,5.999999999999999778e-01
2.025999999999999915e-05,6.199999999999999956e-01
2.027000000000000075e-05,5.999999999999999778e-01
2.028000000000000234e-05,6.400000000000000133e-01
2.028999999999999717e-05,6.400000000000000133e-01
2.029999999999999876e-05,6.400000000000000133e-01
2.031000000000000036e-05,6.199999999999999956e-01
2.032000000000000196e-05,6.199999999999999956e-01
2.033000000000000356e-05,6.199999999999999956e-01
2.033999999999999838e-05,6.199999999999999956e-01
2.034999999999999998e-05,5.999999999999999778e-01
2.036000000000000158e-05,6.199999999999999956e-01
2.037000000000000318e-05,5.999999999999999778e-01
2.037999999999999800e-05,5.999999999999999778e-01
2.038999999999999960e-05,5.799999999999999600e-01
2.040000000000000119e-05,5.799999999999999600e-01
2.041000000000000279e-05,5.999999999999999778e-01
2.041999999999999761e-05,5.799999999999999600e-01
2.042999999999999921e-05,5.999999999999999778e-01
2.044000000000000081e-05,6.199999999999999956e-01
2.045000000000000241e-05,5.799999999999999600e-01
2.045999999999999723e-05,5.999999999999999778e-01
2.046999999999999883e-05,5.799999999999999600e-01
2.048000000000000043e-05,5.999999999999999778e-01
2.049000000000000203e-05,5.999999999999999778e-01
2.050000000000000363e-05,5.600000000000000533e-01
2.050999999999999845e-05,5.999999999999999778e-01
2.052000000000000005e-05,5.799999999999999600e-01
2.053000000000000164e-05,5.999999999999999778e-01
2.054000000000000324e-05,5.799999999999999600e-01
2.054999999999999806e-05,5.799999999999999600e-01
2.055999999999999966e-05,5.600000000000000533e-01
2.057000000000000126e-05,5.999999999999999778e-01
2.058000000000000286e-05,5.799999999999999600e-01
2.058999999999999768e-05,5.600000000000000533e-01
2.059999999999999928e-05,5.600000000000000533e-01
2.061000000000000088e-05,5.999999999999999778e-01
2.062000000000000248e-05,5.600000000000000533e-01
2.062999999999999730e-05,5.999999999999999778e-01
2.063999999999999890e-05,5.600000000000000533e-01
2.065000000000000049e-05,5.600000000000000533e-01
2.066000000000000209e-05,5.799999999999999600e-01
2.067000000000000369e-05,5.999999999999999778e-01
2.067999999999999851e-05,5.400000000000000355e-01
2.069000000000000011e-05,5.600000000000000533e-01
2.070000000000000171e-05,5.600000000000000533e-01
2.071000000000000331e-05,5.799999999999999600e-01
2.071999999999999813e-05,5.799999999999999600e-01
2.072999999999999973e-05,5.600000000000000533e-01
2.074000000000000133e-05,5.600000000000000533e-01
2.075000000000000293e-05,5.400000000000000355e-01
2.075999999999999775e-05,5.600000000000000533e-01
2.076999999999999935e-05,5.400000000000000355e-01
2.078000000000000094e-05,5.400000000000000355e-01
2.079000000000000254e-05,5.400000000000000355e-01
2.079999999999999736e-05,5.799999999999999600e-01
2.080999999999999896e-05,5.600000000000000533e-01
2.082000000000000056e-05,5.200000000000000178e-01
2.083000000000000216e-05,5.400000000000000355e-01
2.083999999999999698e-05,5.799999999999999600e-01
2.084999999999999858e-05,5.600000000000000533e-01
2.086000000000000018e-05,5.600000000000000533e-01
2.087000000000000178e-05,5.400000000000000355e-01
2.088000000000000338e-05,5.200000000000000178e-01
2.088999999999999820e-05,5.600000000000000533e-01
2.089999999999999980e-05,5.400000000000000355e-01
2.091000000000000139e-05,5.400000000000000355e-01
2.092000000000000299e-05,5.600000000000000533e-01
2.092999999999999781e-05,5.600000000000000533e-01
2.093999999999999941e-05,5.600000000000000533e-01
2.095000000000000101e-05,5.600000000000000533e-01
2.096000000000000261e-05,5.400000000000000355e-01
2.096999999999999743e-05,5.400000000000000355e-01
2.097999999999999903e-05,5.400000000000000355e-01
2.099000000000000063e-05,5.400000000000000355e-01
2.100000000000000223e-05,5.400000000000000355e-01
2.100999999999999705e-05,5.400000000000000355e-01
2.101999999999999865e-05,5.000000000000000000e-01
2.103000000000000024e-05,5.400000000000000355e-01
2.104000000000000184e-05,5.200000000000000178e-01
2.105000000000000344e-05,5.600000000000000533e-01
2.105999999999999826e-05,5.400000000000000355e-01
2.106999999999999986e-05,5.600000000000000533e-01
2.108000000000000146e-05,5.200000000000000178e-01
2.109000000000000306e-05,5.400000000000000355e-01
2.109999999999999788e-05,5.200000000000000178e-01
2.110999999999999948e-05,5.200000000000000178e-01
2.112000000000000108e-05,5.200000000000000178e-01
2.113000000000000268e-05,5.400000000000000355e-01
2.113999999999999750e-05,5.200000000000000178e-01
2.114999999999999910e-05,5.400000000000000355e-01
2.116000000000000069e-05,5.200000000000000178e-01
2.117000000000000229e-05,5.400000000000000355e-01
2.117999999999999711e-05,5.200000000000000178e-01
2.118999999999999871e-05,5.200000000000000178e-01
2.120000000000000031e-05,5.200000000000000178e-01
2.121000000000000191e-05,5.000000000000000000e-01
2.122000000000000351e-05,5.200000000000000178e-01
2.122999999999999833e-05,5.200000000000000178e-01
2.123999999999999993e-05,5.200000000000000178e-01
2.125000000000000153e-05,5.200000000000000178e-01
2.126000000000000312e-05,5.000000000000000000e-01
2.126999999999999795e-05,5.400000000000000355e-01
2.127999999999999955e-05,5.200000000000000178e-01
2.129000000000000114e-05,5.400000000000000355e-01
2.130000000000000274e-05,5.200000000000000178e-01
2.130999999999999756e-05,4.799999999999999822e-01
2.131999999999999916e-05,5.200000000000000178e-01
2.133000000000000076e-05,5.400000000000000355e-01
2.134000000000000236e-05,5.000000000000000000e-01
2.134999999999999718e-05,5.200000000000000178e-01
2.135999999999999878e-05,5.200000000000000178e-01
2.137000000000000038e-05,5.200000000000000178e-01
2.138000000000000198e-05,5.200000000000000178e-01
2.139000000000000357e-05,5.000000000000000000e-01
2.139999999999999840e-05,5.200000000000000178e-01
2.140999999999999999e-05,5.000000000000000000e-01
2.142000000000000159e-05,5.400000000000000355e-01
2.143000000000000319e-05,5.200000000000000178e-01
2.143999999999999801e-05,5.400000000000000355e-01
2.144999999999999961e-05,5.400000000000000355e-01
2.146000000000000121e-05,5.600000000000000533e-01
2.147000000000000281e-05,5.400000000000000355e-01
2.147999999999999763e-05,5.400000000000000355e-01
2.148999999999999923e-05,5.200000000000000178e-01
2.150000000000000083e-05,5.400000000000000355e-01
2.151000000000000243e-05,5.600000000000000533e-01
2.151999999999999725e-05,5.400000000000000355e-01
2.152999999999999885e-05,5.400000000000000355e-01
2.154000000000000044e-05,5.400000000000000355e-01
2.155000000000000204e-05,5.600000000000000533e-01
2.156000000000000364e-05,5.999999999999999778e-01
2.156999999999999846e-05,5.799999999999999600e-01
2.158000000000000006e-05,5.600000000000000533e-01
2.159000000000000166e-05,5.600000000000000533e-01
2.160000000000000326e-05,5.999999999999999778e-01
2.160999999999999808e-05,5.600000000000000533e-01
2.161999999999999968e-05,5.799999999999999600e-01
2.163000000000000128e-05,5.999999999999999778e-01
2.164000000000000287e-05,6.199999999999999956e-01
2.164999999999999770e-05,6.199999999999999956e-01
2.165999999999999930e-05,6.199999999999999956e-01
2.167000000000000089e-05,6.199999999999999956e-01
2.168000000000000249e-05,6.600000000000000311e-01
2.168999999999999731e-05,6.600000000000000311e-01
2.169999999999999891e-05,7.000000000000000666e-01
2.171000000000000051e-05,6.800000000000000488e-01
2.172000000000000211e-05,6.600000000000000311e-01
2.173000000000000371e-05,6.800000000000000488e-01
2.173999999999999853e-05,7.000000000000000666e-01
2.175000000000000013e-05,7.000000000000000666e-01
2.176000000000000173e-05,7.000000000000000666e-01
2.177000000000000332e-05,7.399999999999999911e-01
2.177999999999999815e-05,7.600000000000000089e-01
2.178999999999999974e-05,7.600000000000000089e-01
2.180000000000000134e-05,7.600000000000000089e-01
2.181000000000000294e-05,7.600000000000000089e-01
2.181999999999999776e-05,8.000000000000000444e-01
2.182999999999999936e-05,8.000000000000000444e-01
2.184000000000000096e-05,8.399999999999999689e-01
2.185000000000000256e-05,8.599999999999999867e-01
2.185999999999999738e-05,8.599999999999999867e-01
2.186999999999999898e-05,8.399999999999999689e-01
2.188000000000000058e-05,8.599999999999999867e-01
2.189000000000000218e-05,8.800000000000000044e-01
2.189999999999999700e-05,8.800000000000000044e-01
2.190999999999999860e-05,8.800000000000000044e-01
2.192000000000000019e-05,9.000000000000000222e-01
2.193000000000000179e-05,8.800000000000000044e-01
2.194000000000000339e-05,9.200000000000000400e-01
2.194999999999999821e-05,9.000000000000000222e-01
2.195999999999999981e-05,8.800000000000000044e-01
2.197000000000000141e-05,9.200000000000000400e-01
2.198000000000000301e-05,9.000000000000000222e-01
2.198999999999999783e-05,9.000000000000000222e-01
2.199999999999999943e-05,9.000000000000000222e-01
2.201000000000000103e-05,9.000000000000000222e-01
2.202000000000000262e-05,8.599999999999999867e-01
2.202999999999999745e-05,8.800000000000000044e-01
2.203999999999999905e-05,9.000000000000000222e-01
2.205000000000000064e-05,8.599999999999999867e-01
2.206000000000000224e-05,8.599999999999999867e-01
2.206999999999999706e-05,8.800000000000000044e-01
2.207999999999999866e-05,8.599999999999999867e-01
2.209000000000000026e-05,8.399999999999999689e-01
2.210000000000000186e-05,8.399999999999999689e-01
2.211000000000000346e-05,8.200000000000000622e-01
2.211999999999999828e-05,8.200000000000000622e-01
2.212999999999999988e-05,8.200000000000000622e-01
2.214000000000000148e-05,8.000000000000000444e-01
2.215000000000000307e-05,8.000000000000000444e-01
2.215999999999999790e-05,7.800000000000000266e-01
2.216999999999999949e-05,8.000000000000000444e-01
2.218000000000000109e-05,7.800000000000000266e-01
2.219000000000000269e-05,7.600000000000000089e-01
2.219999999999999751e-05,7.600000000000000089e-01
2.220999999999999911e-05,7.600000000000000089e-01
2.222000000000000071e-05,7.600000000000000089e-01
2.223000000000000231e-05,7.600000000000000089e-01
2.223999999999999713e-05,7.399999999999999911e-01
2.224999999999999873e-05,7.199999999999999734e-01
2.226000000000000033e-05,7.199999999999999734e-01
2.227000000000000193e-05,7.199999999999999734e-01
2.228000000000000352e-05,7.199999999999999734e-01
2.228999999999999835e-05,7.199999999999999734e-01
2.229999999999999994e-05,7.000000000000000666e-01
2.231000000000000154e-05,6.800000000000000488e-01
2.232000000000000314e-05,6.800000000000000488e-01
2.232999999999999796e-05,6.600000000000000311e-01
2.233999999999999956e-05,6.800000000000000488e-01
2.235000000000000116e-05,6.400000000000000133e-01
2.236000000000000276e-05,6.400000000000000133e-01
2.236999999999999758e-05,6.600000000000000311e-01
2.237999999999999918e-05,6.600000000000000311e-01
2.239000000000000078e-05,6.600000000000000311e-01
2.240000000000000237e-05,6.800000000000000488e-01
2.240999999999999720e-05,6.600000000000000311e-01
2.241999999999999879e-05,6.800000000000000488e-01
2.243000000000000039e-05,6.400000000000000133e-01
2.244000000000000199e-05,6.400000000000000133e-01
2.245000000000000359e-05,6.400000000000000133e-01
2.245999999999999841e-05,6.600000000000000311e-01
2.247000000000000001e-05,6.600000000000000311e-01
2.248000000000000161e-05,6.400000000000000133e-01
2.249000000000000321e-05,6.199999999999999956e-01
2.249999999999999803e-05,6.199999999999999956e-01
2.250999999999999963e-05,6.199999999999999956e-01
2.252000000000000123e-05,5.999999999999999778e-01
2.253000000000000282e-05,6.199999999999999956e-01
2.253999999999999765e-05,6.199999999999999956e-01
2.254999999999999924e-05,6.199999999999999956e-01
2.256000000000000084e-05,6.199999999999999956e-01
2.257000000000000244e-05,6.199999999999999956e-01
2.257999999999999726e-05,5.999999999999999778e-01
2.258999999999999886e-05,6.199999999999999956e-01
2.260000000000000046e-05,6.199999999999999956e-01
2.261000000000000206e-05,5.999999999999999778e-01
2.262000000000000366e-05,5.799999999999999600e-01
2.262999999999999848e-05,5.999999999999999778e-01
2.264000000000000008e-05,6.199999999999999956e-01
2.265000000000000167e-05,5.999999999999999778e-01
2.266000000000000327e-05,5.999999999999999778e-01
2.266999999999999810e-05,5.799999999999999600e-01
2.267999999999999969e-05,5.799999999999999600e-01
2.269000000000000129e-05,5.799999999999999600e-01
2.270000000000000289e-05,5.999999999999999778e-01
2.270999999999999771e-05,5.799999999999999600e-01
2.271999999999999931e-05,5.799999999999999600e-01
2.273000000000000091e-05,5.799999999999999600e-01
2.274000000000000251e-05,5.799999999999999600e-01
2.274999999999999733e-05,5.799999999999999600e-01
2.275999999999999893e-05,5.999999999999999778e-01
2.277000000000000053e-05,5.799999999999999600e-01
2.278000000000000212e-05,5.999999999999999778e-01
2.279000000000000372e-05,5.400000000000000355e-01
2.279999999999999854e-05,5.600000000000000533e-01
2.281000000000000014e-05,5.600000000000000533e-01
2.282000000000000174e-05,5.600000000000000533e-01
2.283000000000000334e-05,5.799999999999999600e-01
2.283999999999999816e-05,5.799999999999999600e-01
2.284999999999999976e-05,5.799999999999999600e-01
2.286000000000000136e-05,5.400000000000000355e-01
2.287000000000000296e-05,5.600000000000000533e-01
2.287999999999999778e-05,5.600000000000000533e-01
2.288999999999999938e-05,5.799999999999999600e-01
2.290000000000000098e-05,5.400000000000000355e-01
2.291000000000000257e-05,5.600000000000000533e-01
2.291999999999999740e-05,5.400000000000000355e-01
2.292999999999999899e-05,5.600000000000000533e-01
2.294000000000000059e-05,5.600000000000000533e-01
2.295000000000000219e-05,5.400000000000000355e-01
2.295999999999999701e-05,5.600000000000000533e-01
2.296999999999999861e-05,5.400000000000000355e-01
2.298000000000000021e-05,5.600000000000000533e-01
2.299000000000000181e-05,5.600000000000000533e-01
2.300000000000000341e-05,5.400000000000000355e-01
2.300999999999999823e-05,5.200000000000000178e-01
2.301999999999999983e-05,5.400000000000000355e-01
2.303000000000000142e-05,5.400000000000000355e-01
2.304000000000000302e-05,5.400000000000000355e-01
2.304999999999999785e-05,5.400000000000000355e-01
2.305999999999999944e-05,5.400000000000000355e-01
2.307000000000000104e-05,5.200000000000000178e-01
2.308000000000000264e-05,5.200000000000000178e-01
2.308999999999999746e-05,5.200000000000000178e-01
2.309999999999999906e-05,5.400000000000000355e-01
2.311000000000000066e-05,5.000000000000000000e-01
2.312000000000000226e-05,5.400000000000000355e-01
2.312999999999999708e-05,5.200000000000000178e-01
2.313999999999999868e-05,5.400000000000000355e-01
2.315000000000000028e-05,5.400000000000000355e-01
2.316000000000000187e-05,5.200000000000000178e-01
2.317000000000000347e-05,5.400000000000000355e-01
2.317999999999999829e-05,5.200000000000000178e-01
2.318999999999999989e-05,5.200000000000000178e-01
2.320000000000000149e-05,5.400000000000000355e-01
2.321000000000000309e-05,5.400000000000000355e-01
2.321999999999999791e-05,5.200000000000000178e-01
2.322999999999999951e-05,5.200000000000000178e-01
2.324000000000000111e-05,5.200000000000000178e-01
2.325000000000000271e-05,5.400000000000000355e-01
2.325999999999999753e-05,5.200000000000000178e-01
2.326999999999999913e-05,5.200000000000000178e-01
2.328000000000000073e-05,5.200000000000000178e-01
2.329000000000000232e-05,5.000000000000000000e-01
2.329999999999999715e-05,5.200000000000000178e-01
2.330999999999999874e-05,5.000000000000000000e-01
2.332000000000000034e-05,5.200000000000000178e-01
2.333000000000000194e-05,5.000000000000000000e-01
2.334000000000000354e-05,5.000000000000000000e-01
2.334999999999999836e-05,5.400000000000000355e-01
2.335999999999999996e-05,5.000000000000000000e-01
2.337000000000000156e-05,5.000000000000000000e-01
2.338000000000000316e-05,5.200000000000000178e-01
2.338999999999999798e-05,5.000000000000000000e-01
2.339999999999999958e-05,5.000000000000000000e-01
2.341000000000000117e-05,5.200000000000000178e-01
2.342000000000000277e-05,5.200000000000000178e-01
2.342999999999999760e-05,5.000000000000000000e-01
2.343999999999999919e-05,5.200000000000000178e-01
2.345000000000000079e-05,5.000000000000000000e-01
2.346000000000000239e-05,5.200000000000000178e-01
2.346999999999999721e-05,5.000000000000000000e-01
2.347999999999999881e-05,5.200000000000000178e-01
2.349000000000000041e-05,5.000000000000000000e-01
2.350000000000000201e-05,5.000000000000000000e-01
2.351000000000000361e-05,5.200000000000000178e-01
2.351999999999999843e-05,5.000000000000000000e-01
2.353000000000000003e-05,5.200000000000000178e-01
2.354000000000000162e-05,5.000000000000000000e-01
2.355000000000000322e-05,5.000000000000000000e-01
2.355999999999999804e-05,4.799999999999999822e-01
2.356999999999999964e-05,5.000000000000000000e-01
2.358000000000000124e-05,5.200000000000000178e-01
2.359000000000000284e-05,5.000000000000000000e-01
2.359999999999999766e-05,4.799999999999999822e-01
2.360999999999999926e-05,4.799999999999999822e-01
2.362000000000000086e-05,5.000000000000000000e-01
2.363000000000000246e-05,4.799999999999999822e-01
2.363999999999999728e-05,5.000000000000000000e-01
2.364999999999999888e-05,4.799999999999999822e-01
2.366000000000000048e-05,5.000000000000000000e-01
2.367000000000000207e-05,4.799999999999999822e-01
2.368000000000000367e-05,4.600000000000000200e-01
2.368999999999999849e-05,4.799999999999999822e-01
2.370000000000000009e-05,4.600000000000000200e-01
2.371000000000000169e-05,4.799999999999999822e-01
2.372000000000000329e-05,4.600000000000000200e-01
2.372999999999999811e-05,4.799999999999999822e-01
2.373999999999999971e-05,4.799999999999999822e-01
2.375000000000000131e-05,5.000000000000000000e-01
2.376000000000000291e-05,4.799999999999999822e-01
2.376999999999999773e-05,4.799999999999999822e-01
2.377999999999999933e-05,4.799999999999999822e-01
2.379000000000000092e-05,4.600000000000000200e-01
2.380000000000000252e-05,5.000000000000000000e-01
2.380999999999999734e-05,4.799999999999999822e-01
2.381999999999999894e-05,4.799999999999999822e-01
2.383000000000000054e-05,4.600000000000000200e-01
2.384000000000000214e-05,4.799999999999999822e-01
2.385000000000000374e-05,4.600000000000000200e-01
2.385999999999999856e-05,4.799999999999999822e-01
2.387000000000000016e-05,4.799999999999999822e-01
2.388000000000000176e-05,4.400000000000000022e-01
2.389000000000000336e-05,4.799999999999999822e-01
2.389999999999999818e-05,4.600000000000000200e-01
2.390999999999999978e-05,4.799999999999999822e-01
2.392000000000000137e-05,4.799999999999999822e-01
2.393000000000000297e-05,4.799999999999999822e-01
2.393999999999999779e-05,4.600000000000000200e-01
2.394999999999999939e-05,4.799999999999999822e-01
2.396000000000000099e-05,4.799999999999999822e-01
2.397000000000000259e-05,4.799999999999999822e-01
2.397999999999999741e-05,4.400000000000000022e-01
2.398999999999999901e-05,4.600000000000000200e-01
2.400000000000000061e-05,4.400000000000000022e-01
2.401000000000000221e-05,4.600000000000000200e-01
2.401999999999999703e-05,4.799999999999999822e-01
2.402999999999999863e-05,4.600000000000000200e-01
2.404000000000000023e-05,4.600000000000000200e-01
2.405000000000000182e-05,4.799999999999999822e-01
2.406000000000000342e-05,4.600000000000000200e-01
2.406999999999999824e-05,4.799999999999999822e-01
2.407999999999999984e-05,4.600000000000000200e-01
2.409000000000000144e-05,4.600000000000000200e-01
2.410000000000000304e-05,4.600000000000000200e-01
2.410999999999999786e-05,4.600000000000000200e-01
2.411999999999999946e-05,4.199999999999999845e-01
2.413000000000000106e-05,4.600000000000000200e-01
2.414000000000000266e-05,4.600000000000000200e-01
2.414999999999999748e-05,4.600000000000000200e-01
2.415999999999999908e-05,4.400000000000000022e-01
2.417000000000000067e-05,4.600000000000000200e-01
2.418000000000000227e-05,4.600000000000000200e-01
2.418999999999999709e-05,4.799999999999999822e-01
2.419999999999999869e-05,4.400000000000000022e-01
2.421000000000000029e-05,4.400000000000000022e-01
2.422000000000000189e-05,4.600000000000000200e-01
2.423000000000000349e-05,4.400000000000000022e-01
2.423999999999999831e-05,4.799999999999999822e-01
2.424999999999999991e-05,4.600000000000000200e-01
2.426000000000000151e-05,4.600000000000000200e-01
2.427000000000000311e-05,4.400000000000000022e-01
2.427999999999999793e-05,4.600000000000000200e-01
2.428999999999999953e-05,4.600000000000000200e-01
2.430000000000000112e-05,4.400000000000000022e-01
2.431000000000000272e-05,4.600000000000000200e-01
2.431999999999999754e-05,4.400000000000000022e-01
2.432999999999999914e-05,4.199999999999999845e-01
2.434000000000000074e-05,4.400000000000000022e-01
2.435000000000000234e-05,4.600000000000000200e-01
2.435999999999999716e-05,4.400000000000000022e-01
2.436999999999999876e-05,4.600000000000000200e-01
2.438000000000000036e-05,4.400000000000000022e-01
2.439000000000000196e-05,4.400000000000000022e-01
2.440000000000000355e-05,4.799999999999999822e-01
2.440999999999999838e-05,4.199999999999999845e-01
2.441999999999999997e-05,4.400000000000000022e-01
2.443000000000000157e-05,4.600000000000000200e-01
2.444000000000000317e-05,4.600000000000000200e-01
2.444999999999999799e-05,4.600000000000000200e-01
2.445999999999999959e-05,4.199999999999999845e-01
2.447000000000000119e-05,4.400000000000000022e-01
2.448000000000000279e-05,4.400000000000000022e-01
2.448999999999999761e-05,4.400000000000000022e-01
2.449999999999999921e-05,4.600000000000000200e-01
2.451000000000000081e-05,4.400000000000000022e-01
2.452000000000000241e-05,4.400000000000000022e-01
2.452999999999999723e-05,4.799999999999999822e-01
2.453999999999999883e-05,4.600000000000000200e-01
2.455000000000000042e-05,4.199999999999999845e-01
2.456000000000000202e-05,4.199999999999999845e-01
2.457000000000000362e-05,4.400000000000000022e-01
2.457999999999999844e-05,4.600000000000000200e-01
2.459000000000000004e-05,4.400000000000000022e-01
2.460000000000000164e-05,4.400000000000000022e-01
2.461000000000000324e-05,4.400000000000000022e-01
2.461999999999999806e-05,4.199999999999999845e-01
2.462999999999999966e-05,4.199999999999999845e-01
2.464000000000000126e-05,4.400000000000000022e-01
2.465000000000000286e-05,4.400000000000000022e-01
2.465999999999999768e-05,4.400000000000000022e-01
2.466999999999999928e-05,4.600000000000000200e-01
2.468000000000000087e-05,4.600000000000000200e-01
2.469000000000000247e-05,4.199999999999999845e-01
2.469999999999999729e-05,4.199999999999999845e-01
2.470999999999999889e-05,4.199999999999999845e-01
2.472000000000000049e-05,4.000000000000000222e-01
2.473000000000000209e-05,4.199999999999999845e-01
2.474000000000000369e-05,4.199999999999999845e-01
2.474999999999999851e-05,4.199999999999999845e-01
2.476000000000000011e-05,4.600000000000000200e-01
2.477000000000000171e-05,4.400000000000000022e-01
2.478000000000000330e-05,4.199999999999999845e-01
2.478999999999999813e-05,4.400000000000000022e-01
2.479999999999999972e-05,4.400000000000000022e-01
2.481000000000000132e-05,4.199999999999999845e-01
2.482000000000000292e-05,4.199999999999999845e-01
2.482999999999999774e-05,4.400000000000000022e-01
2.483999999999999934e-05,4.400000000000000022e-01
2.485000000000000094e-05,4.400000000000000022e-01
2.486000000000000254e-05,4.199999999999999845e-01
2.486999999999999736e-05,4.199999999999999845e-01
2.487999999999999896e-05,4.199999999999999845e-01
2.489000000000000056e-05,4.199999999999999845e-01
2.490000000000000216e-05,4.199999999999999845e-01
2.491000000000000375e-05,4.400000000000000022e-01
2.491999999999999858e-05,4.199999999999999845e-01
2.493000000000000017e-05,4.199999999999999845e-01
2.494000000000000177e-05,4.400000000000000022e-01
2.495000000000000337e-05,4.199999999999999845e-01
2.495999999999999819e-05,4.400000000000000022e-01
2.496999999999999979e-05,4.199999999999999845e-01
2.498000000000000139e-05,4.199999999999999845e-01
2.499000000000000299e-05,4.000000000000000222e-01
2.499999999999999781e-05,4.199999999999999845e-01
2.500999999999999941e-05,4.400000000000000022e-01
2.502000000000000101e-05,4.199999999999999845e-01
2.503000000000000260e-05,4.000000000000000222e-01
2.503999999999999743e-05,4.400000000000000022e-01
2.504999999999999903e-05,4.400000000000000022e-01
2.506000000000000062e-05,4.199999999999999845e-01
2.507000000000000222e-05,4.199999999999999845e-01
2.507999999999999704e-05,4.199999999999999845e-01
2.508999999999999864e-05,4.000000000000000222e-01
2.510000000000000024e-05,4.000000000000000222e-01
2.511000000000000184e-05,4.400000000000000022e-01
2.512000000000000344e-05,4.199999999999999845e-01
2.512999999999999826e-05,4.400000000000000022e-01
2.513999999999999986e-05,4.199999999999999845e-01
2.515000000000000146e-05,4.199999999999999845e-01
2.516000000000000305e-05,4.199999999999999845e-01
2.516999999999999788e-05,4.000000000000000222e-01
2.517999999999999947e-05,4.400000000000000022e-01
2.519000000000000107e-05,4.400000000000000022e-01
2.520000000000000267e-05,4.400000000000000022e-01
2.520999999999999749e-05,4.199999999999999845e-01
2.521999999999999909e-05,4.000000000000000222e-01
2.523000000000000069e-05,4.199999999999999845e-01
2.524000000000000229e-05,4.199999999999999845e-01
2.524999999999999711e-05,4.400000000000000022e-01
2.525999999999999871e-05,4.199999999999999845e-01
2.527000000000000031e-05,4.000000000000000222e-01
2.528000000000000191e-05,4.000000000000000222e-01
2.529000000000000350e-05,4.000000000000000222e-01
2.529999999999999833e-05,4.000000000000000222e-01
2.530999999999999992e-05,4.400000000000000022e-01
2.532000000000000152e-05,3.800000000000000044e-01
2.533000000000000312e-05,4.199999999999999845e-01
2.533999999999999794e-05,4.199999999999999845e-01
2.534999999999999954e-05,4.000000000000000222e-01
2.536000000000000114e-05,4.199999999999999845e-01
2.537000000000000274e-05,4.000000000000000222e-01
2.537999999999999756e-05,4.000000000000000222e-01
2.538999999999999916e-05,4.000000000000000222e-01
2.540000000000000076e-05,4.000000000000000222e-01
2.541000000000000235e-05,4.000000000000000222e-01
2.541999999999999718e-05,4.199999999999999845e-01
2.542999999999999878e-05,4.400000000000000022e-01
2.544000000000000037e-05,4.400000000000000022e-01
2.545000000000000197e-05,4.199999999999999845e-01
2.546000000000000357e-05,4.000000000000000222e-01
2.546999999999999839e-05,4.400000000000000022e-01
2.547999999999999999e-05,4.199999999999999845e-01
2.549000000000000159e-05,4.000000000000000222e-01
2.550000000000000319e-05,4.000000000000000222e-01
2.550999999999999801e-05,4.000000000000000222e-01
2.551999999999999961e-05,4.400000000000000022e-01
2.553000000000000121e-05,4.000000000000000222e-01
2.554000000000000280e-05,4.000000000000000222e-01
2.554999999999999763e-05,4.000000000000000222e-01
2.555999999999999922e-05,4.000000000000000222e-01
2.557000000000000082e-05,4.000000000000000222e-01
2.558000000000000242e-05,4.400000000000000022e-01
2.558999999999999724e-05,4.000000000000000222e-01
2.559999999999999884e-05,3.800000000000000044e-01
2.561000000000000044e-05,4.000000000000000222e-01
2.562000000000000204e-05,4.199999999999999845e-01
2.563000000000000364e-05,4.199999999999999845e-01
2.563999999999999846e-05,4.000000000000000222e-01
2.565000000000000006e-05,3.800000000000000044e-01
2.566000000000000166e-05,3.800000000000000044e-01
2.567000000000000325e-05,4.000000000000000222e-01
2.567999999999999808e-05,3.599999999999999867e-01
2.568999999999999967e-05,3.800000000000000044e-01
2.570000000000000127e-05,4.000000000000000222e-01
2.571000000000000287e-05,3.800000000000000044e-01
2.571999999999999769e-05,3.800000000000000044e-01
2.572999999999999929e-05,4.000000000000000222e-01
2.574000000000000089e-05,4.199999999999999845e-01
2.575000000000000249e-05,4.199999999999999845e-01
2.575999999999999731e-05,4.000000000000000222e-01
2.576999999999999891e-05,4.000000000000000222e-01
2.578000000000000051e-05,4.000000000000000222e-01
2.579000000000000210e-05,4.199999999999999845e-01
2.580000000000000370e-05,4.000000000000000222e-01
2.580999999999999852e-05,3.800000000000000044e-01
2.582000000000000012e-05,4.000000000000000222e-01
2.583000000000000172e-05,3.800000000000000044e-01
2.584000000000000332e-05,4.000000000000000222e-01
2.584999999999999814e-05,3.800000000000000044e-01
2.585999999999999974e-05,3.800000000000000044e-01
2.587000000000000134e-05,4.000000000000000222e-01
2.588000000000000294e-05,3.800000000000000044e-01
2.588999999999999776e-05,4.000000000000000222e-01
2.589999999999999936e-05,3.800000000000000044e-01
2.591000000000000096e-05,4.000000000000000222e-01
2.592000000000000255e-05,3.800000000000000044e-01
2.592999999999999738e-05,3.599999999999999867e-01
2.593999999999999897e-05,4.000000000000000222e-01
2.595000000000000057e-05,4.000000000000000222e-01
2.596000000000000217e-05,3.599999999999999867e-01
2.597000000000000377e-05,3.800000000000000044e-01
2.597999999999999859e-05,3.599999999999999867e-01
2.599000000000000019e-05,3.800000000000000044e-01
2.600000000000000179e-05,4.000000000000000222e-01
2.601000000000000339e-05,3.800000000000000044e-01
2.601999999999999821e-05,3.800000000000000044e-01
2.602999999999999981e-05,4.199999999999999845e-01
2.604000000000000141e-05,3.800000000000000044e-01
2.605000000000000300e-05,3.800000000000000044e-01
2.605999999999999783e-05,3.800000000000000044e-01
2.606999999999999942e-05,4.000000000000000222e-01
2.608000000000000102e-05,3.800000000000000044e-01
2.609000000000000262e-05,3.800000000000000044e-01
2.609999999999999744e-05,3.800000000000000044e-01
2.610999999999999904e-05,3.599999999999999867e-01
2.612000000000000064e-05,4.000000000000000222e-01
2.613000000000000224e-05,3.800000000000000044e-01
2.613999999999999706e-05,4.000000000000000222e-01
2.614999999999999866e-05,3.800000000000000044e-01
2.616000000000000026e-05,3.599999999999999867e-01
2.617000000000000185e-05,3.800000000000000044e-01
2.618000000000000345e-05,3.800000000000000044e-01
2.618999999999999827e-05,3.599999999999999867e-01
2.619999999999999987e-05,3.800000000000000044e-01
2.621000000000000147e-05,3.800000000000000044e-01
2.622000000000000307e-05,3.800000000000000044e-01
2.622999999999999789e-05,4.000000000000000222e-01
2.623999999999999949e-05,3.800000000000000044e-01
2.625000000000000109e-05,4.000000000000000222e-01
2.626000000000000269e-05,3.400000000000000244e-01
2.626999999999999751e-05,3.800000000000000044e-01
2.627999999999999911e-05,3.800000000000000044e-01
2.629000000000000071e-05,3.599999999999999867e-01
2.630000000000000230e-05,3.800000000000000044e-01
2.630999999999999713e-05,3.599999999999999867e-01
2.631999999999999872e-05,3.800000000000000044e-01
2.633000000000000032e-05,3.800000000000000044e-01
2.634000000000000192e-05,3.599999999999999867e-01
2.635000000000000352e-05,3.599999999999999867e-01
2.635999999999999834e-05,3.599999999999999867e-01
2.636999999999999994e-05,3.599999999999999867e-01
2.638000000000000154e-05,3.599999999999999867e-01
2.639000000000000314e-05,3.400000000000000244e-01
2.639999999999999796e-05,3.800000000000000044e-01
2.640999999999999956e-05,3.400000000000000244e-01
2.642000000000000115e-05,3.800000000000000044e-01
2.643000000000000275e-05,3.800000000000000044e-01
2.643999999999999758e-05,3.599999999999999867e-01
2.644999999999999917e-05,3.800000000000000044e-01
2.646000000000000077e-05,3.800000000000000044e-01
2.647000000000000237e-05,3.599999999999999867e-01
2.647999999999999719e-05,3.800000000000000044e-01
2.648999999999999879e-05,3.400000000000000244e-01
2.650000000000000039e-05,3.599999999999999867e-01
2.651000000000000199e-05,3.800000000000000044e-01
2.652000000000000359e-05,3.800000000000000044e-01
2.652999999999999841e-05,3.800000000000000044e-01
2.654000000000000001e-05,3.800000000000000044e-01
2.655000000000000160e-05,3.800000000000000044e-01
2.656000000000000320e-05,3.599999999999999867e-01
2.656999999999999802e-05,3.599999999999999867e-01
2.657999999999999962e-05,3.599999999999999867e-01
2.659000000000000122e-05,3.400000000000000244e-01
