time_s,voltage_V
-2.358000000000000124e-06,1.600000000000000033e-02
-2.355999999999999974e-06,8.000000000000000167e-03
-2.354000000000000247e-06,8.000000000000000167e-03
-2.352000000000000097e-06,8.000000000000000167e-03
-2.349999999999999947e-06,1.600000000000000033e-02
-2.348000000000000220e-06,1.600000000000000033e-02
-2.346000000000000070e-06,8.000000000000000167e-03
-2.343999999999999919e-06,0.000000000000000000e+00
-2.342000000000000193e-06,8.000000000000000167e-03
-2.340000000000000042e-06,8.000000000000000167e-03
-2.338000000000000316e-06,8.000000000000000167e-03
-2.336000000000000165e-06,8.000000000000000167e-03
-2.334000000000000015e-06,8.000000000000000167e-03
-2.332000000000000288e-06,8.000000000000000167e-03
-2.330000000000000138e-06,0.000000000000000000e+00
-2.327999999999999988e-06,-8.000000000000000167e-03
-2.326000000000000261e-06,8.000000000000000167e-03
-2.324000000000000111e-06,0.000000000000000000e+00
-2.321999999999999961e-06,8.000000000000000167e-03
-2.320000000000000234e-06,8.000000000000000167e-03
-2.318000000000000084e-06,8.000000000000000167e-03
-2.315999999999999933e-06,0.000000000000000000e+00
-2.314000000000000207e-06,0.000000000000000000e+00
-2.312000000000000056e-06,0.000000000000000000e+00
-2.309999999999999906e-06,1.600000000000000033e-02
-2.308000000000000179e-06,1.600000000000000033e-02
-2.306000000000000029e-06,8.000000000000000167e-03
-2.304000000000000302e-06,1.600000000000000033e-02
-2.302000000000000152e-06,8.000000000000000167e-03
-2.300000000000000002e-06,8.000000000000000167e-03
-2.298000000000000275e-06,8.000000000000000167e-03
-2.296000000000000125e-06,8.000000000000000167e-03
-2.293999999999999975e-06,1.600000000000000033e-02
-2.292000000000000248e-06,1.600000000000000033e-02
-2.290000000000000098e-06,8.000000000000000167e-03
-2.287999999999999947e-06,0.000000000000000000e+00
-2.286000000000000221e-06,8.000000000000000167e-03
-2.284000000000000070e-06,1.600000000000000033e-02
-2.281999999999999920e-06,8.000000000000000167e-03
-2.280000000000000193e-06,8.000000000000000167e-03
-2.278000000000000043e-06,8.000000000000000167e-03
-2.276000000000000316e-06,8.000000000000000167e-03
-2.274000000000000166e-06,8.000000000000000167e-03
-2.272000000000000016e-06,0.000000000000000000e+00
-2.270000000000000289e-06,8.000000000000000167e-03
-2.268000000000000139e-06,0.000000000000000000e+00
-2.265999999999999989e-06,0.000000000000000000e+00
-2.264000000000000262e-06,8.000000000000000167e-03
-2.262000000000000112e-06,8.000000000000000167e-03
-2.259999999999999961e-06,8.000000000000000167e-03
-2.258000000000000235e-06,0.000000000000000000e+00
-2.256000000000000084e-06,8.000000000000000167e-03
-2.253999999999999934e-06,8.000000000000000167e-03
-2.252000000000000207e-06,8.000000000000000167e-03
-2.250000000000000057e-06,1.600000000000000033e-02
-2.248000000000000330e-06,0.000000000000000000e+00
-2.246000000000000180e-06,0.000000000000000000e+00
-2.244000000000000030e-06,1.600000000000000033e-02
-2.242000000000000303e-06,8.000000000000000167e-03
-2.240000000000000153e-06,1.600000000000000033e-02
-2.238000000000000002e-06,1.600000000000000033e-02
-2.236000000000000276e-06,8.000000000000000167e-03
-2.234000000000000125e-06,0.000000000000000000e+00
-2.231999999999999975e-06,8.000000000000000167e-03
-2.230000000000000248e-06,1.600000000000000033e-02
-2.228000000000000098e-06,8.000000000000000167e-03
-2.225999999999999948e-06,0.000000000000000000e+00
-2.224000000000000221e-06,8.000000000000000167e-03
-2.222000000000000071e-06,0.000000000000000000e+00
-2.219999999999999921e-06,1.600000000000000033e-02
-2.218000000000000194e-06,8.000000000000000167e-03
-2.216000000000000044e-06,8.000000000000000167e-03
-2.214000000000000317e-06,8.000000000000000167e-03
-2.212000000000000167e-06,8.000000000000000167e-03
-2.210000000000000016e-06,1.600000000000000033e-02
-2.208000000000000290e-06,0.000000000000000000e+00
-2.206000000000000139e-06,8.000000000000000167e-03
-2.203999999999999989e-06,8.000000000000000167e-03
-2.202000000000000262e-06,8.000000000000000167e-03
-2.200000000000000112e-06,8.000000000000000167e-03
-2.197999999999999962e-06,8.000000000000000167e-03
-2.196000000000000235e-06,0.000000000000000000e+00
-2.194000000000000085e-06,8.000000000000000167e-03
-2.191999999999999935e-06,8.000000000000000167e-03
-2.190000000000000208e-06,0.000000000000000000e+00
-2.188000000000000058e-06,8.000000000000000167e-03
-2.185999999999999907e-06,0.000000000000000000e+00
-2.184000000000000181e-06,8.000000000000000167e-03
-2.182000000000000030e-06,0.000000000000000000e+00
-2.180000000000000304e-06,0.000000000000000000e+00
-2.178000000000000153e-06,1.600000000000000033e-02
-2.176000000000000003e-06,8.000000000000000167e-03
-2.174000000000000276e-06,8.000000000000000167e-03
-2.172000000000000126e-06,1.600000000000000033e-02
-2.169999999999999976e-06,0.000000000000000000e+00
-2.168000000000000249e-06,8.000000000000000167e-03
-2.166000000000000099e-06,0.000000000000000000e+00
-2.163999999999999949e-06,8.000000000000000167e-03
-2.162000000000000222e-06,1.600000000000000033e-02
-2.160000000000000072e-06,8.000000000000000167e-03
-2.157999999999999921e-06,1.600000000000000033e-02
-2.156000000000000195e-06,8.000000000000000167e-03
-2.154000000000000044e-06,1.600000000000000033e-02
-2.151999999999999894e-06,8.000000000000000167e-03
-2.150000000000000167e-06,0.000000000000000000e+00
-2.148000000000000017e-06,8.000000000000000167e-03
-2.146000000000000290e-06,8.000000000000000167e-03
-2.144000000000000140e-06,8.000000000000000167e-03
-2.141999999999999990e-06,8.000000000000000167e-03
-2.140000000000000263e-06,8.000000000000000167e-03
-2.138000000000000113e-06,8.000000000000000167e-03
-2.135999999999999963e-06,0.000000000000000000e+00
-2.134000000000000236e-06,1.600000000000000033e-02
-2.132000000000000086e-06,0.000000000000000000e+00
-2.129999999999999935e-06,0.000000000000000000e+00
-2.128000000000000209e-06,8.000000000000000167e-03
-2.126000000000000058e-06,8.000000000000000167e-03
-2.124000000000000332e-06,8.000000000000000167e-03
-2.122000000000000181e-06,0.000000000000000000e+00
-2.120000000000000031e-06,8.000000000000000167e-03
-2.117999999999999881e-06,-1.600000000000000033e-02
-2.116000000000000154e-06,0.000000000000000000e+00
-2.114000000000000004e-06,8.000000000000000167e-03
-2.112000000000000277e-06,1.600000000000000033e-02
-2.110000000000000127e-06,1.600000000000000033e-02
-2.107999999999999977e-06,0.000000000000000000e+00
-2.106000000000000250e-06,8.000000000000000167e-03
-2.104000000000000100e-06,0.000000000000000000e+00
-2.101999999999999949e-06,8.000000000000000167e-03
-2.100000000000000223e-06,-8.000000000000000167e-03
-2.098000000000000072e-06,8.000000000000000167e-03
-2.095999999999999922e-06,8.000000000000000167e-03
-2.094000000000000195e-06,8.000000000000000167e-03
-2.092000000000000045e-06,8.000000000000000167e-03
-2.090000000000000318e-06,-8.000000000000000167e-03
-2.088000000000000168e-06,8.000000000000000167e-03
-2.086000000000000018e-06,0.000000000000000000e+00
-2.084000000000000291e-06,8.000000000000000167e-03
-2.082000000000000141e-06,8.000000000000000167e-03
-2.079999999999999991e-06,1.600000000000000033e-02
-2.078000000000000264e-06,8.000000000000000167e-03
-2.076000000000000114e-06,0.000000000000000000e+00
-2.073999999999999963e-06,8.000000000000000167e-03
-2.072000000000000237e-06,8.000000000000000167e-03
-2.070000000000000086e-06,1.600000000000000033e-02
-2.067999999999999936e-06,1.600000000000000033e-02
-2.066000000000000209e-06,0.000000000000000000e+00
-2.064000000000000059e-06,8.000000000000000167e-03
-2.061999999999999909e-06,1.600000000000000033e-02
-2.060000000000000182e-06,0.000000000000000000e+00
-2.058000000000000032e-06,0.000000000000000000e+00
-2.056000000000000305e-06,1.600000000000000033e-02
-2.054000000000000155e-06,8.000000000000000167e-03
-2.052000000000000005e-06,0.000000000000000000e+00
-2.050000000000000278e-06,0.000000000000000000e+00
-2.048000000000000128e-06,8.000000000000000167e-03
-2.045999999999999977e-06,8.000000000000000167e-03
-2.044000000000000251e-06,1.600000000000000033e-02
-2.042000000000000100e-06,8.000000000000000167e-03
-2.039999999999999950e-06,8.000000000000000167e-03
-2.038000000000000223e-06,8.000000000000000167e-03
-2.036000000000000073e-06,0.000000000000000000e+00
-2.033999999999999923e-06,8.000000000000000167e-03
-2.032000000000000196e-06,1.600000000000000033e-02
-2.030000000000000046e-06,1.600000000000000033e-02
-2.027999999999999896e-06,8.000000000000000167e-03
-2.026000000000000169e-06,8.000000000000000167e-03
-2.024000000000000019e-06,8.000000000000000167e-03
-2.022000000000000292e-06,8.000000000000000167e-03
-2.020000000000000142e-06,8.000000000000000167e-03
-2.017999999999999991e-06,8.000000000000000167e-03
-2.016000000000000265e-06,8.000000000000000167e-03
-2.014000000000000114e-06,0.000000000000000000e+00
-2.011999999999999964e-06,8.000000000000000167e-03
-2.010000000000000237e-06,8.000000000000000167e-03
-2.008000000000000087e-06,8.000000000000000167e-03
-2.005999999999999937e-06,8.000000000000000167e-03
-2.004000000000000210e-06,8.000000000000000167e-03
-2.002000000000000060e-06,8.000000000000000167e-03
-2.000000000000000333e-06,1.600000000000000033e-02
-1.998000000000000183e-06,8.000000000000000167e-03
-1.996000000000000032e-06,0.000000000000000000e+00
-1.993999999999999882e-06,1.600000000000000033e-02
-1.992000000000000155e-06,0.000000000000000000e+00
-1.990000000000000005e-06,0.000000000000000000e+00
-1.988000000000000278e-06,0.000000000000000000e+00
-1.986000000000000128e-06,8.000000000000000167e-03
-1.983999999999999978e-06,8.000000000000000167e-03
-1.982000000000000251e-06,0.000000000000000000e+00
-1.980000000000000101e-06,0.000000000000000000e+00
-1.977999999999999951e-06,1.600000000000000033e-02
-1.976000000000000224e-06,1.600000000000000033e-02
-1.974000000000000074e-06,1.600000000000000033e-02
-1.971999999999999923e-06,8.000000000000000167e-03
-1.970000000000000197e-06,8.000000000000000167e-03
-1.968000000000000046e-06,0.000000000000000000e+00
-1.966000000000000320e-06,0.000000000000000000e+00
-1.964000000000000169e-06,1.600000000000000033e-02
-1.962000000000000019e-06,8.000000000000000167e-03
-1.959999999999999869e-06,1.600000000000000033e-02
-1.958000000000000142e-06,8.000000000000000167e-03
-1.955999999999999992e-06,1.600000000000000033e-02
-1.954000000000000265e-06,8.000000000000000167e-03
-1.952000000000000115e-06,8.000000000000000167e-03
-1.949999999999999965e-06,8.000000000000000167e-03
-1.948000000000000238e-06,0.000000000000000000e+00
-1.946000000000000088e-06,8.000000000000000167e-03
-1.943999999999999937e-06,1.600000000000000033e-02
-1.942000000000000211e-06,8.000000000000000167e-03
-1.940000000000000060e-06,8.000000000000000167e-03
-1.937999999999999910e-06,0.000000000000000000e+00
-1.936000000000000183e-06,8.000000000000000167e-03
-1.934000000000000033e-06,8.000000000000000167e-03
-1.932000000000000306e-06,0.000000000000000000e+00
-1.930000000000000156e-06,8.000000000000000167e-03
-1.928000000000000006e-06,1.600000000000000033e-02
-1.926000000000000279e-06,1.600000000000000033e-02
-1.924000000000000129e-06,8.000000000000000167e-03
-1.921999999999999979e-06,8.000000000000000167e-03
-1.920000000000000252e-06,-8.000000000000000167e-03
-1.918000000000000102e-06,0.000000000000000000e+00
-1.915999999999999951e-06,0.000000000000000000e+00
-1.914000000000000225e-06,2.400000000000000050e-02
-1.912000000000000074e-06,1.600000000000000033e-02
-1.909999999999999924e-06,0.000000000000000000e+00
-1.908000000000000197e-06,8.000000000000000167e-03
-1.906000000000000047e-06,-8.000000000000000167e-03
-1.904000000000000109e-06,8.000000000000000167e-03
-1.902000000000000170e-06,-8.000000000000000167e-03
-1.900000000000000020e-06,1.600000000000000033e-02
-1.898000000000000081e-06,8.000000000000000167e-03
-1.896000000000000143e-06,0.000000000000000000e+00
-1.893999999999999993e-06,0.000000000000000000e+00
-1.892000000000000054e-06,0.000000000000000000e+00
-1.890000000000000116e-06,8.000000000000000167e-03
-1.887999999999999965e-06,8.000000000000000167e-03
-1.886000000000000027e-06,1.600000000000000033e-02
-1.884000000000000088e-06,0.000000000000000000e+00
-1.882000000000000150e-06,0.000000000000000000e+00
-1.880000000000000211e-06,8.000000000000000167e-03
-1.878000000000000061e-06,0.000000000000000000e+00
-1.876000000000000123e-06,1.600000000000000033e-02
-1.874000000000000184e-06,1.600000000000000033e-02
-1.872000000000000034e-06,1.600000000000000033e-02
-1.870000000000000095e-06,8.000000000000000167e-03
-1.868000000000000157e-06,0.000000000000000000e+00
-1.866000000000000007e-06,1.600000000000000033e-02
-1.864000000000000068e-06,1.600000000000000033e-02
-1.862000000000000130e-06,0.000000000000000000e+00
-1.859999999999999979e-06,8.000000000000000167e-03
-1.858000000000000041e-06,8.000000000000000167e-03
-1.856000000000000102e-06,8.000000000000000167e-03
-1.853999999999999952e-06,0.000000000000000000e+00
-1.852000000000000225e-06,0.000000000000000000e+00
-1.850000000000000075e-06,0.000000000000000000e+00
-1.848000000000000137e-06,8.000000000000000167e-03
-1.846000000000000198e-06,0.000000000000000000e+00
-1.844000000000000048e-06,8.000000000000000167e-03
-1.842000000000000109e-06,8.000000000000000167e-03
-1.840000000000000171e-06,0.000000000000000000e+00
-1.838000000000000021e-06,0.000000000000000000e+00
-1.836000000000000082e-06,8.000000000000000167e-03
-1.834000000000000144e-06,0.000000000000000000e+00
-1.831999999999999993e-06,8.000000000000000167e-03
-1.830000000000000055e-06,8.000000000000000167e-03
-1.828000000000000116e-06,0.000000000000000000e+00
-1.825999999999999966e-06,0.000000000000000000e+00
-1.824000000000000239e-06,1.600000000000000033e-02
-1.822000000000000089e-06,8.000000000000000167e-03
-1.819999999999999939e-06,0.000000000000000000e+00
-1.818000000000000212e-06,0.000000000000000000e+00
-1.816000000000000062e-06,0.000000000000000000e+00
-1.814000000000000123e-06,1.600000000000000033e-02
-1.812000000000000185e-06,0.000000000000000000e+00
-1.810000000000000035e-06,0.000000000000000000e+00
-1.808000000000000096e-06,8.000000000000000167e-03
-1.806000000000000158e-06,1.600000000000000033e-02
-1.804000000000000007e-06,1.600000000000000033e-02
-1.802000000000000069e-06,8.000000000000000167e-03
-1.800000000000000130e-06,0.000000000000000000e+00
-1.797999999999999980e-06,1.600000000000000033e-02
-1.796000000000000042e-06,8.000000000000000167e-03
-1.794000000000000103e-06,8.000000000000000167e-03
-1.791999999999999953e-06,1.600000000000000033e-02
-1.790000000000000226e-06,0.000000000000000000e+00
-1.788000000000000076e-06,-8.000000000000000167e-03
-1.786000000000000137e-06,-8.000000000000000167e-03
-1.784000000000000199e-06,0.000000000000000000e+00
-1.782000000000000049e-06,8.000000000000000167e-03
-1.780000000000000110e-06,8.000000000000000167e-03
-1.778000000000000172e-06,2.400000000000000050e-02
-1.776000000000000021e-06,8.000000000000000167e-03
-1.774000000000000083e-06,8.000000000000000167e-03
-1.772000000000000144e-06,8.000000000000000167e-03
-1.769999999999999994e-06,8.000000000000000167e-03
-1.768000000000000056e-06,8.000000000000000167e-03
-1.766000000000000117e-06,8.000000000000000167e-03
-1.763999999999999967e-06,8.000000000000000167e-03
-1.762000000000000240e-06,2.400000000000000050e-02
-1.760000000000000090e-06,1.600000000000000033e-02
-1.757999999999999940e-06,8.000000000000000167e-03
-1.756000000000000213e-06,1.600000000000000033e-02
-1.754000000000000063e-06,0.000000000000000000e+00
-1.752000000000000124e-06,0.000000000000000000e+00
-1.750000000000000186e-06,0.000000000000000000e+00
-1.748000000000000035e-06,8.000000000000000167e-03
-1.746000000000000097e-06,8.000000000000000167e-03
-1.744000000000000158e-06,8.000000000000000167e-03
-1.742000000000000008e-06,8.000000000000000167e-03
-1.740000000000000069e-06,0.000000000000000000e+00
-1.738000000000000131e-06,8.000000000000000167e-03
-1.735999999999999981e-06,0.000000000000000000e+00
-1.734000000000000042e-06,-8.000000000000000167e-03
-1.732000000000000104e-06,1.600000000000000033e-02
-1.729999999999999953e-06,8.000000000000000167e-03
-1.728000000000000227e-06,0.000000000000000000e+00
-1.726000000000000076e-06,1.600000000000000033e-02
-1.723999999999999926e-06,1.600000000000000033e-02
-1.722000000000000199e-06,-8.000000000000000167e-03
-1.720000000000000049e-06,0.000000000000000000e+00
-1.718000000000000111e-06,8.000000000000000167e-03
-1.716000000000000172e-06,1.600000000000000033e-02
-1.714000000000000022e-06,1.600000000000000033e-02
-1.712000000000000083e-06,0.000000000000000000e+00
-1.710000000000000145e-06,8.000000000000000167e-03
-1.707999999999999995e-06,0.000000000000000000e+00
-1.706000000000000056e-06,8.000000000000000167e-03
-1.704000000000000118e-06,-8.000000000000000167e-03
-1.701999999999999967e-06,8.000000000000000167e-03
-1.700000000000000241e-06,8.000000000000000167e-03
-1.698000000000000090e-06,8.000000000000000167e-03
-1.695999999999999940e-06,8.000000000000000167e-03
-1.694000000000000213e-06,0.000000000000000000e+00
-1.692000000000000063e-06,8.000000000000000167e-03
-1.690000000000000125e-06,8.000000000000000167e-03
-1.688000000000000186e-06,8.000000000000000167e-03
-1.686000000000000036e-06,8.000000000000000167e-03
-1.684000000000000097e-06,8.000000000000000167e-03
-1.682000000000000159e-06,1.600000000000000033e-02
-1.680000000000000009e-06,8.000000000000000167e-03
-1.678000000000000070e-06,8.000000000000000167e-03
-1.676000000000000132e-06,8.000000000000000167e-03
-1.673999999999999981e-06,0.000000000000000000e+00
-1.672000000000000043e-06,8.000000000000000167e-03
-1.670000000000000104e-06,8.000000000000000167e-03
-1.667999999999999954e-06,8.000000000000000167e-03
-1.666000000000000227e-06,8.000000000000000167e-03
-1.664000000000000077e-06,8.000000000000000167e-03
-1.661999999999999927e-06,1.600000000000000033e-02
-1.660000000000000200e-06,8.000000000000000167e-03
-1.658000000000000050e-06,8.000000000000000167e-03
-1.656000000000000111e-06,8.000000000000000167e-03
-1.654000000000000173e-06,0.000000000000000000e+00
-1.652000000000000023e-06,8.000000000000000167e-03
-1.650000000000000084e-06,8.000000000000000167e-03
-1.648000000000000146e-06,8.000000000000000167e-03
-1.645999999999999995e-06,1.600000000000000033e-02
-1.644000000000000057e-06,1.600000000000000033e-02
-1.642000000000000118e-06,8.000000000000000167e-03
-1.639999999999999968e-06,0.000000000000000000e+00
-1.638000000000000030e-06,8.000000000000000167e-03
-1.636000000000000091e-06,8.000000000000000167e-03
-1.633999999999999941e-06,1.600000000000000033e-02
-1.632000000000000214e-06,1.600000000000000033e-02
-1.630000000000000064e-06,0.000000000000000000e+00
-1.628000000000000125e-06,0.000000000000000000e+00
-1.626000000000000187e-06,8.000000000000000167e-03
-1.624000000000000037e-06,8.000000000000000167e-03
-1.622000000000000098e-06,0.000000000000000000e+00
-1.620000000000000160e-06,8.000000000000000167e-03
-1.618000000000000009e-06,1.600000000000000033e-02
-1.616000000000000071e-06,8.000000000000000167e-03
-1.614000000000000132e-06,8.000000000000000167e-03
-1.611999999999999982e-06,8.000000000000000167e-03
-1.610000000000000044e-06,1.600000000000000033e-02
-1.608000000000000105e-06,0.000000000000000000e+00
-1.605999999999999955e-06,1.600000000000000033e-02
-1.604000000000000228e-06,1.600000000000000033e-02
-1.602000000000000078e-06,1.600000000000000033e-02
-1.599999999999999928e-06,1.600000000000000033e-02
-1.598000000000000201e-06,1.600000000000000033e-02
-1.596000000000000051e-06,8.000000000000000167e-03
-1.594000000000000112e-06,1.600000000000000033e-02
-1.592000000000000174e-06,0.000000000000000000e+00
-1.590000000000000023e-06,0.000000000000000000e+00
-1.588000000000000085e-06,8.000000000000000167e-03
-1.586000000000000146e-06,1.600000000000000033e-02
-1.583999999999999996e-06,1.600000000000000033e-02
-1.582000000000000058e-06,1.600000000000000033e-02
-1.580000000000000119e-06,1.600000000000000033e-02
-1.577999999999999969e-06,8.000000000000000167e-03
-1.576000000000000030e-06,0.000000000000000000e+00
-1.574000000000000092e-06,8.000000000000000167e-03
-1.571999999999999942e-06,0.000000000000000000e+00
-1.570000000000000215e-06,8.000000000000000167e-03
-1.568000000000000065e-06,8.000000000000000167e-03
-1.566000000000000126e-06,8.000000000000000167e-03
-1.564000000000000188e-06,1.600000000000000033e-02
-1.562000000000000037e-06,8.000000000000000167e-03
-1.560000000000000099e-06,1.600000000000000033e-02
-1.558000000000000160e-06,8.000000000000000167e-03
-1.556000000000000010e-06,8.000000000000000167e-03
-1.554000000000000072e-06,8.000000000000000167e-03
-1.552000000000000133e-06,0.000000000000000000e+00
-1.549999999999999983e-06,8.000000000000000167e-03
-1.548000000000000044e-06,8.000000000000000167e-03
-1.546000000000000106e-06,8.000000000000000167e-03
-1.543999999999999956e-06,8.000000000000000167e-03
-1.542000000000000229e-06,0.000000000000000000e+00
-1.540000000000000079e-06,8.000000000000000167e-03
-1.537999999999999928e-06,0.000000000000000000e+00
-1.536000000000000202e-06,-8.000000000000000167e-03
-1.534000000000000051e-06,8.000000000000000167e-03
-1.532000000000000113e-06,1.600000000000000033e-02
-1.530000000000000174e-06,8.000000000000000167e-03
-1.528000000000000024e-06,8.000000000000000167e-03
-1.526000000000000086e-06,1.600000000000000033e-02
-1.524000000000000147e-06,-8.000000000000000167e-03
-1.521999999999999997e-06,0.000000000000000000e+00
-1.520000000000000058e-06,0.000000000000000000e+00
-1.518000000000000120e-06,1.600000000000000033e-02
-1.515999999999999970e-06,1.600000000000000033e-02
-1.514000000000000031e-06,0.000000000000000000e+00
-1.512000000000000093e-06,8.000000000000000167e-03
-1.509999999999999942e-06,0.000000000000000000e+00
-1.508000000000000216e-06,8.000000000000000167e-03
-1.506000000000000065e-06,0.000000000000000000e+00
-1.503999999999999915e-06,0.000000000000000000e+00
-1.502000000000000188e-06,8.000000000000000167e-03
-1.500000000000000038e-06,1.600000000000000033e-02
-1.498000000000000100e-06,8.000000000000000167e-03
-1.496000000000000161e-06,0.000000000000000000e+00
-1.494000000000000011e-06,8.000000000000000167e-03
-1.492000000000000072e-06,8.000000000000000167e-03
-1.490000000000000134e-06,0.000000000000000000e+00
-1.487999999999999983e-06,8.000000000000000167e-03
-1.486000000000000045e-06,8.000000000000000167e-03
-1.484000000000000106e-06,8.000000000000000167e-03
-1.481999999999999956e-06,0.000000000000000000e+00
-1.480000000000000018e-06,8.000000000000000167e-03
-1.478000000000000079e-06,1.600000000000000033e-02
-1.475999999999999929e-06,8.000000000000000167e-03
-1.474000000000000202e-06,8.000000000000000167e-03
-1.472000000000000052e-06,0.000000000000000000e+00
-1.470000000000000113e-06,1.600000000000000033e-02
-1.468000000000000175e-06,8.000000000000000167e-03
-1.466000000000000025e-06,0.000000000000000000e+00
-1.464000000000000086e-06,8.000000000000000167e-03
-1.462000000000000148e-06,8.000000000000000167e-03
-1.459999999999999997e-06,8.000000000000000167e-03
-1.458000000000000059e-06,0.000000000000000000e+00
-1.456000000000000120e-06,0.000000000000000000e+00
-1.453999999999999970e-06,0.000000000000000000e+00
-1.452000000000000032e-06,1.600000000000000033e-02
-1.450000000000000093e-06,8.000000000000000167e-03
-1.447999999999999943e-06,1.600000000000000033e-02
-1.446000000000000216e-06,1.600000000000000033e-02
-1.444000000000000066e-06,8.000000000000000167e-03
-1.441999999999999916e-06,0.000000000000000000e+00
-1.440000000000000189e-06,0.000000000000000000e+00
-1.438000000000000039e-06,0.000000000000000000e+00
-1.436000000000000100e-06,8.000000000000000167e-03
-1.434000000000000162e-06,8.000000000000000167e-03
-1.432000000000000011e-06,1.600000000000000033e-02
-1.430000000000000073e-06,0.000000000000000000e+00
-1.428000000000000134e-06,8.000000000000000167e-03
-1.425999999999999984e-06,8.000000000000000167e-03
-1.424000000000000046e-06,0.000000000000000000e+00
-1.422000000000000107e-06,0.000000000000000000e+00
-1.419999999999999957e-06,0.000000000000000000e+00
-1.418000000000000018e-06,8.000000000000000167e-03
-1.416000000000000080e-06,8.000000000000000167e-03
-1.413999999999999930e-06,8.000000000000000167e-03
-1.412000000000000203e-06,8.000000000000000167e-03
-1.410000000000000053e-06,8.000000000000000167e-03
-1.408000000000000114e-06,8.000000000000000167e-03
-1.406000000000000176e-06,1.600000000000000033e-02
-1.404000000000000025e-06,0.000000000000000000e+00
-1.402000000000000087e-06,8.000000000000000167e-03
-1.400000000000000148e-06,1.600000000000000033e-02
-1.397999999999999998e-06,-8.000000000000000167e-03
-1.396000000000000060e-06,8.000000000000000167e-03
-1.394000000000000121e-06,0.000000000000000000e+00
-1.391999999999999971e-06,1.600000000000000033e-02
-1.390000000000000032e-06,0.000000000000000000e+00
-1.388000000000000094e-06,0.000000000000000000e+00
-1.386000000000000155e-06,8.000000000000000167e-03
-1.384000000000000005e-06,8.000000000000000167e-03
-1.382000000000000067e-06,8.000000000000000167e-03
-1.380000000000000128e-06,8.000000000000000167e-03
-1.377999999999999978e-06,8.000000000000000167e-03
-1.376000000000000039e-06,0.000000000000000000e+00
-1.374000000000000101e-06,-8.000000000000000167e-03
-1.372000000000000162e-06,0.000000000000000000e+00
-1.370000000000000012e-06,1.600000000000000033e-02
-1.368000000000000074e-06,1.600000000000000033e-02
-1.366000000000000135e-06,1.600000000000000033e-02
-1.363999999999999985e-06,8.000000000000000167e-03
-1.362000000000000046e-06,0.000000000000000000e+00
-1.360000000000000108e-06,1.600000000000000033e-02
-1.357999999999999958e-06,0.000000000000000000e+00
-1.356000000000000019e-06,8.000000000000000167e-03
-1.354000000000000081e-06,8.000000000000000167e-03
-1.352000000000000142e-06,8.000000000000000167e-03
-1.349999999999999992e-06,1.600000000000000033e-02
-1.348000000000000053e-06,8.000000000000000167e-03
-1.346000000000000115e-06,1.600000000000000033e-02
-1.343999999999999965e-06,8.000000000000000167e-03
-1.342000000000000026e-06,8.000000000000000167e-03
-1.340000000000000088e-06,0.000000000000000000e+00
-1.338000000000000149e-06,-8.000000000000000167e-03
-1.335999999999999999e-06,1.600000000000000033e-02
-1.334000000000000060e-06,8.000000000000000167e-03
-1.332000000000000122e-06,8.000000000000000167e-03
-1.329999999999999972e-06,8.000000000000000167e-03
-1.328000000000000033e-06,8.000000000000000167e-03
-1.326000000000000095e-06,-8.000000000000000167e-03
-1.324000000000000156e-06,8.000000000000000167e-03
-1.322000000000000006e-06,8.000000000000000167e-03
-1.320000000000000067e-06,8.000000000000000167e-03
-1.318000000000000129e-06,1.600000000000000033e-02
-1.315999999999999979e-06,0.000000000000000000e+00
-1.314000000000000040e-06,8.000000000000000167e-03
-1.312000000000000102e-06,8.000000000000000167e-03
-1.310000000000000163e-06,8.000000000000000167e-03
-1.308000000000000013e-06,0.000000000000000000e+00
-1.306000000000000074e-06,0.000000000000000000e+00
-1.304000000000000136e-06,0.000000000000000000e+00
-1.301999999999999986e-06,8.000000000000000167e-03
-1.300000000000000047e-06,8.000000000000000167e-03
-1.298000000000000109e-06,-8.000000000000000167e-03
-1.295999999999999958e-06,8.000000000000000167e-03
-1.294000000000000020e-06,0.000000000000000000e+00
-1.292000000000000081e-06,8.000000000000000167e-03
-1.290000000000000143e-06,8.000000000000000167e-03
-1.287999999999999993e-06,0.000000000000000000e+00
-1.286000000000000054e-06,8.000000000000000167e-03
-1.284000000000000116e-06,-8.000000000000000167e-03
-1.281999999999999965e-06,0.000000000000000000e+00
-1.280000000000000027e-06,1.600000000000000033e-02
-1.278000000000000088e-06,8.000000000000000167e-03
-1.276000000000000150e-06,8.000000000000000167e-03
-1.274000000000000000e-06,8.000000000000000167e-03
-1.272000000000000061e-06,8.000000000000000167e-03
-1.270000000000000123e-06,1.600000000000000033e-02
-1.267999999999999972e-06,0.000000000000000000e+00
-1.266000000000000034e-06,8.000000000000000167e-03
-1.264000000000000095e-06,8.000000000000000167e-03
-1.262000000000000157e-06,8.000000000000000167e-03
-1.260000000000000007e-06,8.000000000000000167e-03
-1.258000000000000068e-06,0.000000000000000000e+00
-1.256000000000000130e-06,8.000000000000000167e-03
-1.253999999999999979e-06,8.000000000000000167e-03
-1.252000000000000041e-06,8.000000000000000167e-03
-1.250000000000000102e-06,1.600000000000000033e-02
-1.247999999999999952e-06,1.600000000000000033e-02
-1.246000000000000013e-06,8.000000000000000167e-03
-1.244000000000000075e-06,0.000000000000000000e+00
-1.242000000000000136e-06,8.000000000000000167e-03
-1.239999999999999986e-06,8.000000000000000167e-03
-1.238000000000000048e-06,1.600000000000000033e-02
-1.236000000000000109e-06,8.000000000000000167e-03
-1.233999999999999959e-06,8.000000000000000167e-03
-1.232000000000000020e-06,8.000000000000000167e-03
-1.230000000000000082e-06,1.600000000000000033e-02
-1.228000000000000143e-06,0.000000000000000000e+00
-1.225999999999999993e-06,0.000000000000000000e+00
-1.224000000000000055e-06,0.000000000000000000e+00
-1.222000000000000116e-06,8.000000000000000167e-03
-1.219999999999999966e-06,8.000000000000000167e-03
-1.218000000000000027e-06,8.000000000000000167e-03
-1.216000000000000089e-06,0.000000000000000000e+00
-1.214000000000000150e-06,8.000000000000000167e-03
-1.212000000000000000e-06,1.600000000000000033e-02
-1.210000000000000062e-06,0.000000000000000000e+00
-1.208000000000000123e-06,1.600000000000000033e-02
-1.205999999999999973e-06,8.000000000000000167e-03
-1.204000000000000034e-06,1.600000000000000033e-02
-1.202000000000000096e-06,8.000000000000000167e-03
-1.200000000000000157e-06,0.000000000000000000e+00
-1.198000000000000007e-06,8.000000000000000167e-03
-1.196000000000000069e-06,0.000000000000000000e+00
-1.194000000000000130e-06,0.000000000000000000e+00
-1.191999999999999980e-06,8.000000000000000167e-03
-1.190000000000000041e-06,0.000000000000000000e+00
-1.188000000000000103e-06,8.000000000000000167e-03
-1.185999999999999953e-06,8.000000000000000167e-03
-1.184000000000000014e-06,1.600000000000000033e-02
-1.182000000000000076e-06,8.000000000000000167e-03
-1.180000000000000137e-06,8.000000000000000167e-03
-1.177999999999999987e-06,0.000000000000000000e+00
-1.176000000000000048e-06,0.000000000000000000e+00
-1.174000000000000110e-06,8.000000000000000167e-03
-1.171999999999999960e-06,0.000000000000000000e+00
-1.170000000000000021e-06,8.000000000000000167e-03
-1.168000000000000083e-06,1.600000000000000033e-02
-1.166000000000000144e-06,0.000000000000000000e+00
-1.163999999999999994e-06,8.000000000000000167e-03
-1.162000000000000055e-06,8.000000000000000167e-03
-1.160000000000000117e-06,8.000000000000000167e-03
-1.157999999999999967e-06,0.000000000000000000e+00
-1.156000000000000028e-06,8.000000000000000167e-03
-1.154000000000000090e-06,0.000000000000000000e+00
-1.152000000000000151e-06,8.000000000000000167e-03
-1.150000000000000001e-06,8.000000000000000167e-03
-1.148000000000000062e-06,1.600000000000000033e-02
-1.146000000000000124e-06,8.000000000000000167e-03
-1.143999999999999974e-06,8.000000000000000167e-03
-1.142000000000000035e-06,0.000000000000000000e+00
-1.140000000000000097e-06,0.000000000000000000e+00
-1.137999999999999946e-06,8.000000000000000167e-03
-1.136000000000000008e-06,8.000000000000000167e-03
-1.134000000000000069e-06,8.000000000000000167e-03
-1.132000000000000131e-06,0.000000000000000000e+00
-1.129999999999999981e-06,8.000000000000000167e-03
-1.128000000000000042e-06,-8.000000000000000167e-03
-1.126000000000000104e-06,-8.000000000000000167e-03
-1.123999999999999953e-06,0.000000000000000000e+00
-1.122000000000000015e-06,1.600000000000000033e-02
-1.120000000000000076e-06,8.000000000000000167e-03
-1.118000000000000138e-06,0.000000000000000000e+00
-1.115999999999999988e-06,8.000000000000000167e-03
-1.114000000000000049e-06,0.000000000000000000e+00
-1.112000000000000111e-06,0.000000000000000000e+00
-1.109999999999999960e-06,-8.000000000000000167e-03
-1.108000000000000022e-06,8.000000000000000167e-03
-1.106000000000000083e-06,0.000000000000000000e+00
-1.104000000000000145e-06,0.000000000000000000e+00
-1.101999999999999995e-06,8.000000000000000167e-03
-1.100000000000000056e-06,0.000000000000000000e+00
-1.098000000000000118e-06,1.600000000000000033e-02
-1.095999999999999967e-06,8.000000000000000167e-03
-1.094000000000000029e-06,8.000000000000000167e-03
-1.092000000000000090e-06,0.000000000000000000e+00
-1.089999999999999940e-06,8.000000000000000167e-03
-1.088000000000000002e-06,1.600000000000000033e-02
-1.086000000000000063e-06,8.000000000000000167e-03
-1.084000000000000125e-06,1.600000000000000033e-02
-1.081999999999999974e-06,1.600000000000000033e-02
-1.080000000000000036e-06,8.000000000000000167e-03
-1.078000000000000097e-06,8.000000000000000167e-03
-1.075999999999999947e-06,8.000000000000000167e-03
-1.074000000000000009e-06,8.000000000000000167e-03
-1.072000000000000070e-06,8.000000000000000167e-03
-1.070000000000000132e-06,0.000000000000000000e+00
-1.067999999999999981e-06,8.000000000000000167e-03
-1.066000000000000043e-06,1.600000000000000033e-02
-1.064000000000000104e-06,1.600000000000000033e-02
-1.061999999999999954e-06,1.600000000000000033e-02
-1.060000000000000016e-06,8.000000000000000167e-03
-1.058000000000000077e-06,8.000000000000000167e-03
-1.056000000000000139e-06,8.000000000000000167e-03
-1.053999999999999988e-06,8.000000000000000167e-03
-1.052000000000000050e-06,1.600000000000000033e-02
-1.050000000000000111e-06,1.600000000000000033e-02
-1.047999999999999961e-06,0.000000000000000000e+00
-1.046000000000000023e-06,8.000000000000000167e-03
-1.044000000000000084e-06,0.000000000000000000e+00
-1.042000000000000146e-06,8.000000000000000167e-03
-1.039999999999999995e-06,8.000000000000000167e-03
-1.038000000000000057e-06,8.000000000000000167e-03
-1.036000000000000118e-06,8.000000000000000167e-03
-1.033999999999999968e-06,8.000000000000000167e-03
-1.032000000000000030e-06,1.600000000000000033e-02
-1.030000000000000091e-06,8.000000000000000167e-03
-1.027999999999999941e-06,-8.000000000000000167e-03
-1.026000000000000002e-06,0.000000000000000000e+00
-1.024000000000000064e-06,0.000000000000000000e+00
-1.022000000000000125e-06,8.000000000000000167e-03
-1.019999999999999975e-06,8.000000000000000167e-03
-1.018000000000000037e-06,8.000000000000000167e-03
-1.016000000000000098e-06,8.000000000000000167e-03
-1.013999999999999948e-06,8.000000000000000167e-03
-1.012000000000000009e-06,0.000000000000000000e+00
-1.010000000000000071e-06,1.600000000000000033e-02
-1.008000000000000132e-06,0.000000000000000000e+00
-1.005999999999999982e-06,8.000000000000000167e-03
-1.004000000000000044e-06,1.600000000000000033e-02
-1.002000000000000105e-06,0.000000000000000000e+00
-9.999999999999999547e-07,1.600000000000000033e-02
-9.980000000000000162e-07,0.000000000000000000e+00
-9.960000000000000777e-07,0.000000000000000000e+00
-9.940000000000001392e-07,8.000000000000000167e-03
-9.919999999999999890e-07,0.000000000000000000e+00
-9.900000000000000505e-07,8.000000000000000167e-03
-9.880000000000001120e-07,1.600000000000000033e-02
-9.859999999999999617e-07,1.600000000000000033e-02
-9.840000000000000232e-07,8.000000000000000167e-03
-9.820000000000000847e-07,8.000000000000000167e-03
-9.799999999999999345e-07,8.000000000000000167e-03
-9.779999999999999960e-07,0.000000000000000000e+00
-9.760000000000000575e-07,-8.000000000000000167e-03
-9.740000000000001190e-07,8.000000000000000167e-03
-9.719999999999999687e-07,1.600000000000000033e-02
-9.700000000000000302e-07,2.400000000000000050e-02
-9.680000000000000917e-07,1.600000000000000033e-02
-9.659999999999999415e-07,8.000000000000000167e-03
-9.640000000000000030e-07,1.600000000000000033e-02
-9.620000000000000645e-07,1.600000000000000033e-02
-9.600000000000001260e-07,8.000000000000000167e-03
-9.579999999999999757e-07,0.000000000000000000e+00
-9.560000000000000372e-07,0.000000000000000000e+00
-9.540000000000000987e-07,8.000000000000000167e-03
-9.519999999999999484e-07,1.600000000000000033e-02
-9.500000000000000100e-07,1.600000000000000033e-02
-9.480000000000000715e-07,8.000000000000000167e-03
-9.460000000000001330e-07,8.000000000000000167e-03
-9.439999999999999827e-07,0.000000000000000000e+00
-9.420000000000000442e-07,-8.000000000000000167e-03
-9.400000000000001057e-07,8.000000000000000167e-03
-9.379999999999999554e-07,8.000000000000000167e-03
-9.360000000000000169e-07,8.000000000000000167e-03
-9.340000000000000784e-07,1.600000000000000033e-02
-9.320000000000001399e-07,8.000000000000000167e-03
-9.299999999999999897e-07,-8.000000000000000167e-03
-9.280000000000000512e-07,0.000000000000000000e+00
-9.260000000000001127e-07,0.000000000000000000e+00
-9.239999999999999624e-07,8.000000000000000167e-03
-9.220000000000000239e-07,8.000000000000000167e-03
-9.200000000000000854e-07,8.000000000000000167e-03
-9.179999999999999352e-07,8.000000000000000167e-03
-9.159999999999999967e-07,8.000000000000000167e-03
-9.140000000000000582e-07,8.000000000000000167e-03
-9.120000000000001197e-07,0.000000000000000000e+00
-9.099999999999999694e-07,0.000000000000000000e+00
-9.080000000000000309e-07,8.000000000000000167e-03
-9.060000000000000924e-07,0.000000000000000000e+00
-9.039999999999999422e-07,8.000000000000000167e-03
-9.020000000000000037e-07,0.000000000000000000e+00
-9.000000000000000652e-07,8.000000000000000167e-03
-8.980000000000001267e-07,8.000000000000000167e-03
-8.959999999999999764e-07,8.000000000000000167e-03
-8.940000000000000379e-07,8.000000000000000167e-03
-8.920000000000000994e-07,8.000000000000000167e-03
-8.899999999999999491e-07,1.600000000000000033e-02
-8.880000000000000106e-07,0.000000000000000000e+00
-8.860000000000000721e-07,0.000000000000000000e+00
-8.840000000000001336e-07,1.600000000000000033e-02
-8.819999999999999834e-07,8.000000000000000167e-03
-8.800000000000000449e-07,8.000000000000000167e-03
-8.780000000000001064e-07,8.000000000000000167e-03
-8.759999999999999561e-07,1.600000000000000033e-02
-8.740000000000000176e-07,1.600000000000000033e-02
-8.720000000000000791e-07,0.000000000000000000e+00
-8.699999999999999289e-07,8.000000000000000167e-03
-8.679999999999999904e-07,1.600000000000000033e-02
-8.660000000000000519e-07,0.000000000000000000e+00
-8.640000000000001134e-07,8.000000000000000167e-03
-8.619999999999999631e-07,0.000000000000000000e+00
-8.600000000000000246e-07,0.000000000000000000e+00
-8.580000000000000861e-07,8.000000000000000167e-03
-8.559999999999999359e-07,8.000000000000000167e-03
-8.539999999999999974e-07,1.600000000000000033e-02
-8.520000000000000589e-07,8.000000000000000167e-03
-8.500000000000001204e-07,8.000000000000000167e-03
-8.479999999999999701e-07,0.000000000000000000e+00
-8.460000000000000316e-07,0.000000000000000000e+00
-8.440000000000000931e-07,8.000000000000000167e-03
-8.419999999999999428e-07,8.000000000000000167e-03
-8.400000000000000043e-07,8.000000000000000167e-03
-8.380000000000000658e-07,0.000000000000000000e+00
-8.360000000000001273e-07,8.000000000000000167e-03
-8.339999999999999771e-07,8.000000000000000167e-03
-8.320000000000000386e-07,8.000000000000000167e-03
-8.300000000000001001e-07,-8.000000000000000167e-03
-8.279999999999999498e-07,0.000000000000000000e+00
-8.260000000000000113e-07,0.000000000000000000e+00
-8.240000000000000728e-07,1.600000000000000033e-02
-8.219999999999999226e-07,8.000000000000000167e-03
-8.199999999999999841e-07,8.000000000000000167e-03
-8.180000000000000456e-07,8.000000000000000167e-03
-8.160000000000001071e-07,8.000000000000000167e-03
-8.139999999999999568e-07,8.000000000000000167e-03
-8.120000000000000183e-07,1.600000000000000033e-02
-8.100000000000000798e-07,8.000000000000000167e-03
-8.079999999999999296e-07,1.600000000000000033e-02
-8.059999999999999911e-07,8.000000000000000167e-03
-8.040000000000000526e-07,0.000000000000000000e+00
-8.020000000000001141e-07,8.000000000000000167e-03
-7.999999999999999638e-07,0.000000000000000000e+00
-7.980000000000000253e-07,0.000000000000000000e+00
-7.960000000000000868e-07,8.000000000000000167e-03
-7.939999999999999365e-07,0.000000000000000000e+00
-7.919999999999999980e-07,1.600000000000000033e-02
-7.900000000000000595e-07,8.000000000000000167e-03
-7.880000000000001210e-07,8.000000000000000167e-03
-7.859999999999999708e-07,1.600000000000000033e-02
-7.840000000000000323e-07,8.000000000000000167e-03
-7.820000000000000938e-07,8.000000000000000167e-03
-7.799999999999999435e-07,0.000000000000000000e+00
-7.780000000000000050e-07,8.000000000000000167e-03
-7.760000000000000665e-07,0.000000000000000000e+00
-7.740000000000001280e-07,8.000000000000000167e-03
-7.719999999999999778e-07,1.600000000000000033e-02
-7.700000000000000393e-07,1.600000000000000033e-02
-7.680000000000001008e-07,8.000000000000000167e-03
-7.659999999999999505e-07,1.600000000000000033e-02
-7.640000000000000120e-07,0.000000000000000000e+00
-7.620000000000000735e-07,8.000000000000000167e-03
-7.599999999999999233e-07,0.000000000000000000e+00
-7.579999999999999848e-07,8.000000000000000167e-03
-7.560000000000000463e-07,0.000000000000000000e+00
-7.540000000000001078e-07,8.000000000000000167e-03
-7.519999999999999575e-07,8.000000000000000167e-03
-7.500000000000000190e-07,8.000000000000000167e-03
-7.480000000000000805e-07,8.000000000000000167e-03
-7.459999999999999302e-07,0.000000000000000000e+00
-7.439999999999999917e-07,0.000000000000000000e+00
-7.420000000000000532e-07,8.000000000000000167e-03
-7.400000000000001147e-07,8.000000000000000167e-03
-7.379999999999999645e-07,1.600000000000000033e-02
-7.360000000000000260e-07,8.000000000000000167e-03
-7.340000000000000875e-07,8.000000000000000167e-03
-7.319999999999999372e-07,-8.000000000000000167e-03
-7.299999999999999987e-07,8.000000000000000167e-03
-7.280000000000000602e-07,0.000000000000000000e+00
-7.260000000000001217e-07,8.000000000000000167e-03
-7.239999999999999715e-07,1.600000000000000033e-02
-7.220000000000000330e-07,0.000000000000000000e+00
-7.200000000000000945e-07,8.000000000000000167e-03
-7.179999999999999442e-07,0.000000000000000000e+00
-7.160000000000000057e-07,1.600000000000000033e-02
-7.140000000000000672e-07,8.000000000000000167e-03
-7.119999999999999170e-07,8.000000000000000167e-03
-7.099999999999999785e-07,8.000000000000000167e-03
-7.080000000000000400e-07,0.000000000000000000e+00
-7.060000000000001015e-07,8.000000000000000167e-03
-7.039999999999999512e-07,0.000000000000000000e+00
-7.020000000000000127e-07,8.000000000000000167e-03
-7.000000000000000742e-07,1.600000000000000033e-02
-6.979999999999999239e-07,0.000000000000000000e+00
-6.959999999999999854e-07,0.000000000000000000e+00
-6.940000000000000469e-07,0.000000000000000000e+00
-6.920000000000001084e-07,8.000000000000000167e-03
-6.899999999999999582e-07,8.000000000000000167e-03
-6.880000000000000197e-07,0.000000000000000000e+00
-6.860000000000000812e-07,8.000000000000000167e-03
-6.839999999999999309e-07,1.600000000000000033e-02
-6.819999999999999924e-07,1.600000000000000033e-02
-6.800000000000000539e-07,0.000000000000000000e+00
-6.780000000000001154e-07,8.000000000000000167e-03
-6.759999999999999652e-07,8.000000000000000167e-03
-6.740000000000000267e-07,8.000000000000000167e-03
-6.720000000000000882e-07,0.000000000000000000e+00
-6.699999999999999379e-07,1.600000000000000033e-02
-6.679999999999999994e-07,8.000000000000000167e-03
-6.660000000000000609e-07,8.000000000000000167e-03
-6.640000000000001224e-07,-8.000000000000000167e-03
-6.619999999999999722e-07,0.000000000000000000e+00
-6.600000000000000337e-07,0.000000000000000000e+00
-6.580000000000000952e-07,0.000000000000000000e+00
-6.559999999999999449e-07,8.000000000000000167e-03
-6.540000000000000064e-07,1.600000000000000033e-02
-6.520000000000000679e-07,8.000000000000000167e-03
-6.499999999999999176e-07,0.000000000000000000e+00
-6.479999999999999791e-07,0.000000000000000000e+00
-6.460000000000000406e-07,8.000000000000000167e-03
-6.440000000000001021e-07,8.000000000000000167e-03
-6.419999999999999519e-07,0.000000000000000000e+00
-6.400000000000000134e-07,0.000000000000000000e+00
-6.380000000000000749e-07,8.000000000000000167e-03
-6.359999999999999246e-07,8.000000000000000167e-03
-6.339999999999999861e-07,8.000000000000000167e-03
-6.320000000000000476e-07,0.000000000000000000e+00
-6.300000000000001091e-07,0.000000000000000000e+00
-6.279999999999999589e-07,8.000000000000000167e-03
-6.260000000000000204e-07,1.600000000000000033e-02
-6.240000000000000819e-07,0.000000000000000000e+00
-6.219999999999999316e-07,8.000000000000000167e-03
-6.199999999999999931e-07,1.600000000000000033e-02
-6.180000000000000546e-07,8.000000000000000167e-03
-6.160000000000001161e-07,8.000000000000000167e-03
-6.139999999999999659e-07,1.600000000000000033e-02
-6.120000000000000274e-07,8.000000000000000167e-03
-6.100000000000000889e-07,1.600000000000000033e-02
-6.079999999999999386e-07,8.000000000000000167e-03
-6.060000000000000001e-07,0.000000000000000000e+00
-6.040000000000000616e-07,8.000000000000000167e-03
-6.019999999999999113e-07,0.000000000000000000e+00
-5.999999999999999728e-07,-8.000000000000000167e-03
-5.980000000000000343e-07,8.000000000000000167e-03
-5.960000000000000958e-07,0.000000000000000000e+00
-5.939999999999999456e-07,1.600000000000000033e-02
-5.920000000000000071e-07,8.000000000000000167e-03
-5.900000000000000686e-07,1.600000000000000033e-02
-5.879999999999999183e-07,1.600000000000000033e-02
-5.859999999999999798e-07,0.000000000000000000e+00
-5.840000000000000413e-07,1.600000000000000033e-02
-5.820000000000001028e-07,8.000000000000000167e-03
-5.799999999999999526e-07,8.000000000000000167e-03
-5.780000000000000141e-07,0.000000000000000000e+00
-5.760000000000000756e-07,1.600000000000000033e-02
-5.739999999999999253e-07,1.600000000000000033e-02
-5.719999999999999868e-07,0.000000000000000000e+00
-5.700000000000000483e-07,1.600000000000000033e-02
-5.680000000000001098e-07,1.600000000000000033e-02
-5.659999999999999596e-07,8.000000000000000167e-03
-5.640000000000000211e-07,0.000000000000000000e+00
-5.620000000000000826e-07,0.000000000000000000e+00
-5.599999999999999323e-07,8.000000000000000167e-03
-5.579999999999999938e-07,1.600000000000000033e-02
-5.560000000000000553e-07,0.000000000000000000e+00
-5.540000000000001168e-07,8.000000000000000167e-03
-5.519999999999999666e-07,8.000000000000000167e-03
-5.500000000000000281e-07,0.000000000000000000e+00
-5.480000000000000896e-07,8.000000000000000167e-03
-5.459999999999999393e-07,-8.000000000000000167e-03
-5.440000000000000008e-07,1.600000000000000033e-02
-5.420000000000000623e-07,1.600000000000000033e-02
-5.399999999999999120e-07,8.000000000000000167e-03
-5.379999999999999735e-07,1.600000000000000033e-02
-5.360000000000000350e-07,8.000000000000000167e-03
-5.340000000000000965e-07,-8.000000000000000167e-03
-5.319999999999999463e-07,0.000000000000000000e+00
-5.300000000000000078e-07,0.000000000000000000e+00
-5.280000000000000693e-07,8.000000000000000167e-03
-5.259999999999999190e-07,1.600000000000000033e-02
-5.239999999999999805e-07,0.000000000000000000e+00
-5.220000000000000420e-07,8.000000000000000167e-03
-5.200000000000001035e-07,0.000000000000000000e+00
-5.179999999999999533e-07,8.000000000000000167e-03
-5.160000000000000148e-07,-8.000000000000000167e-03
-5.140000000000000763e-07,8.000000000000000167e-03
-5.119999999999999260e-07,1.600000000000000033e-02
-5.099999999999999875e-07,0.000000000000000000e+00
-5.080000000000000490e-07,0.000000000000000000e+00
-5.060000000000001105e-07,0.000000000000000000e+00
-5.039999999999999603e-07,8.000000000000000167e-03
-5.020000000000000218e-07,8.000000000000000167e-03
-5.000000000000000833e-07,8.000000000000000167e-03
-4.979999999999999330e-07,8.000000000000000167e-03
-4.959999999999999945e-07,8.000000000000000167e-03
-4.940000000000000560e-07,8.000000000000000167e-03
-4.919999999999999057e-07,8.000000000000000167e-03
-4.899999999999999672e-07,0.000000000000000000e+00
-4.880000000000000287e-07,8.000000000000000167e-03
-4.860000000000000902e-07,8.000000000000000167e-03
-4.839999999999999400e-07,8.000000000000000167e-03
-4.820000000000000015e-07,8.000000000000000167e-03
-4.800000000000000630e-07,8.000000000000000167e-03
-4.779999999999999127e-07,2.400000000000000050e-02
-4.759999999999999742e-07,0.000000000000000000e+00
-4.740000000000000357e-07,0.000000000000000000e+00
-4.720000000000000972e-07,1.600000000000000033e-02
-4.699999999999999470e-07,8.000000000000000167e-03
-4.680000000000000085e-07,1.600000000000000033e-02
-4.660000000000000700e-07,0.000000000000000000e+00
-4.639999999999999197e-07,0.000000000000000000e+00
-4.619999999999999812e-07,8.000000000000000167e-03
-4.600000000000000427e-07,1.600000000000000033e-02
-4.580000000000001042e-07,1.600000000000000033e-02
-4.559999999999999540e-07,8.000000000000000167e-03
-4.540000000000000155e-07,0.000000000000000000e+00
-4.520000000000000770e-07,8.000000000000000167e-03
-4.499999999999999267e-07,0.000000000000000000e+00
-4.480000000000002000e-07,8.000000000000000167e-03
-4.460000000000000497e-07,8.000000000000000167e-03
-4.439999999999998994e-07,0.000000000000000000e+00
-4.420000000000001727e-07,8.000000000000000167e-03
-4.400000000000000224e-07,0.000000000000000000e+00
-4.379999999999998722e-07,1.600000000000000033e-02
-4.360000000000001454e-07,8.000000000000000167e-03
-4.339999999999999952e-07,8.000000000000000167e-03
-4.319999999999998449e-07,0.000000000000000000e+00
-4.300000000000001182e-07,0.000000000000000000e+00
-4.279999999999999679e-07,8.000000000000000167e-03
-4.259999999999998177e-07,8.000000000000000167e-03
-4.240000000000000909e-07,8.000000000000000167e-03
-4.219999999999999407e-07,8.000000000000000167e-03
-4.200000000000002139e-07,1.600000000000000033e-02
-4.180000000000000637e-07,1.600000000000000033e-02
-4.159999999999999134e-07,8.000000000000000167e-03
-4.140000000000001867e-07,8.000000000000000167e-03
-4.120000000000000364e-07,8.000000000000000167e-03
-4.099999999999998862e-07,8.000000000000000167e-03
-4.080000000000001594e-07,8.000000000000000167e-03
-4.060000000000000092e-07,0.000000000000000000e+00
-4.039999999999998589e-07,0.000000000000000000e+00
-4.020000000000001322e-07,8.000000000000000167e-03
-3.999999999999999819e-07,1.600000000000000033e-02
-3.979999999999998316e-07,0.000000000000000000e+00
-3.960000000000001049e-07,8.000000000000000167e-03
-3.939999999999999546e-07,1.600000000000000033e-02
-3.919999999999998044e-07,8.000000000000000167e-03
-3.900000000000000776e-07,8.000000000000000167e-03
-3.879999999999999274e-07,8.000000000000000167e-03
-3.860000000000002006e-07,8.000000000000000167e-03
-3.840000000000000504e-07,-8.000000000000000167e-03
-3.819999999999999001e-07,0.000000000000000000e+00
-3.800000000000001734e-07,8.000000000000000167e-03
-3.780000000000000231e-07,8.000000000000000167e-03
-3.759999999999998729e-07,2.400000000000000050e-02
-3.740000000000001461e-07,8.000000000000000167e-03
-3.719999999999999959e-07,8.000000000000000167e-03
-3.699999999999998456e-07,8.000000000000000167e-03
-3.680000000000001189e-07,0.000000000000000000e+00
-3.659999999999999686e-07,8.000000000000000167e-03
-3.639999999999998184e-07,0.000000000000000000e+00
-3.620000000000000916e-07,8.000000000000000167e-03
-3.599999999999999414e-07,8.000000000000000167e-03
-3.579999999999997911e-07,8.000000000000000167e-03
-3.560000000000000644e-07,8.000000000000000167e-03
-3.539999999999999141e-07,8.000000000000000167e-03
-3.520000000000001874e-07,8.000000000000000167e-03
-3.500000000000000371e-07,8.000000000000000167e-03
-3.479999999999998868e-07,0.000000000000000000e+00
-3.460000000000001601e-07,1.600000000000000033e-02
-3.440000000000000098e-07,8.000000000000000167e-03
-3.419999999999998596e-07,8.000000000000000167e-03
-3.400000000000001328e-07,8.000000000000000167e-03
-3.379999999999999826e-07,8.000000000000000167e-03
-3.359999999999998323e-07,-8.000000000000000167e-03
-3.340000000000001056e-07,0.000000000000000000e+00
-3.319999999999999553e-07,8.000000000000000167e-03
-3.299999999999998051e-07,8.000000000000000167e-03
-3.280000000000000783e-07,2.400000000000000050e-02
-3.259999999999999281e-07,0.000000000000000000e+00
-3.240000000000002013e-07,0.000000000000000000e+00
-3.220000000000000511e-07,0.000000000000000000e+00
-3.199999999999999008e-07,1.600000000000000033e-02
-3.180000000000001741e-07,0.000000000000000000e+00
-3.160000000000000238e-07,8.000000000000000167e-03
-3.139999999999998736e-07,0.000000000000000000e+00
-3.120000000000001468e-07,8.000000000000000167e-03
-3.099999999999999966e-07,8.000000000000000167e-03
-3.079999999999998463e-07,0.000000000000000000e+00
-3.060000000000001196e-07,8.000000000000000167e-03
-3.039999999999999693e-07,8.000000000000000167e-03
-3.019999999999998190e-07,8.000000000000000167e-03
-3.000000000000000923e-07,0.000000000000000000e+00
-2.979999999999999420e-07,8.000000000000000167e-03
-2.959999999999997918e-07,8.000000000000000167e-03
-2.940000000000000650e-07,-8.000000000000000167e-03
-2.919999999999999148e-07,8.000000000000000167e-03
-2.900000000000001880e-07,1.600000000000000033e-02
-2.880000000000000378e-07,0.000000000000000000e+00
-2.859999999999998875e-07,1.600000000000000033e-02
-2.840000000000001608e-07,8.000000000000000167e-03
-2.820000000000000105e-07,8.000000000000000167e-03
-2.799999999999998603e-07,8.000000000000000167e-03
-2.780000000000001335e-07,-8.000000000000000167e-03
-2.759999999999999833e-07,8.000000000000000167e-03
-2.739999999999998330e-07,1.600000000000000033e-02
-2.720000000000001063e-07,8.000000000000000167e-03
-2.699999999999999560e-07,1.600000000000000033e-02
-2.679999999999998058e-07,0.000000000000000000e+00
-2.660000000000000790e-07,8.000000000000000167e-03
-2.639999999999999288e-07,1.600000000000000033e-02
-2.620000000000002020e-07,1.600000000000000033e-02
-2.600000000000000518e-07,1.600000000000000033e-02
-2.579999999999999015e-07,1.600000000000000033e-02
-2.560000000000001748e-07,8.000000000000000167e-03
-2.540000000000000245e-07,-8.000000000000000167e-03
-2.519999999999998742e-07,8.000000000000000167e-03
-2.500000000000001475e-07,1.600000000000000033e-02
-2.479999999999999972e-07,1.600000000000000033e-02
-2.459999999999998470e-07,8.000000000000000167e-03
-2.440000000000001202e-07,8.000000000000000167e-03
-2.419999999999999700e-07,8.000000000000000167e-03
-2.399999999999998197e-07,8.000000000000000167e-03
-2.380000000000000930e-07,8.000000000000000167e-03
-2.359999999999999427e-07,0.000000000000000000e+00
-2.339999999999997925e-07,8.000000000000000167e-03
-2.320000000000000657e-07,8.000000000000000167e-03
-2.299999999999999155e-07,1.600000000000000033e-02
-2.280000000000001887e-07,8.000000000000000167e-03
-2.260000000000000385e-07,8.000000000000000167e-03
-2.239999999999998882e-07,0.000000000000000000e+00
-2.220000000000001615e-07,1.600000000000000033e-02
-2.200000000000000112e-07,1.600000000000000033e-02
-2.179999999999998610e-07,1.600000000000000033e-02
-2.160000000000001342e-07,0.000000000000000000e+00
-2.139999999999999840e-07,1.600000000000000033e-02
-2.119999999999998337e-07,8.000000000000000167e-03
-2.100000000000001070e-07,0.000000000000000000e+00
-2.079999999999999567e-07,8.000000000000000167e-03
-2.059999999999998064e-07,0.000000000000000000e+00
-2.040000000000000797e-07,8.000000000000000167e-03
-2.019999999999999294e-07,8.000000000000000167e-03
-1.999999999999997792e-07,0.000000000000000000e+00
-1.980000000000000525e-07,8.000000000000000167e-03
-1.959999999999999022e-07,1.600000000000000033e-02
-1.940000000000001755e-07,1.600000000000000033e-02
-1.920000000000000252e-07,8.000000000000000167e-03
-1.899999999999998749e-07,8.000000000000000167e-03
-1.880000000000001482e-07,1.600000000000000033e-02
-1.859999999999999979e-07,0.000000000000000000e+00
-1.839999999999998477e-07,8.000000000000000167e-03
-1.820000000000001209e-07,0.000000000000000000e+00
-1.799999999999999707e-07,1.600000000000000033e-02
-1.779999999999998204e-07,1.600000000000000033e-02
-1.760000000000000937e-07,0.000000000000000000e+00
-1.739999999999999434e-07,8.000000000000000167e-03
-1.719999999999997932e-07,8.000000000000000167e-03
-1.700000000000000664e-07,-8.000000000000000167e-03
-1.679999999999999162e-07,0.000000000000000000e+00
-1.660000000000001894e-07,-8.000000000000000167e-03
-1.640000000000000392e-07,8.000000000000000167e-03
-1.619999999999998889e-07,8.000000000000000167e-03
-1.600000000000001622e-07,1.600000000000000033e-02
-1.580000000000000119e-07,1.600000000000000033e-02
-1.559999999999998617e-07,8.000000000000000167e-03
-1.540000000000001349e-07,8.000000000000000167e-03
-1.519999999999999847e-07,0.000000000000000000e+00
-1.499999999999998344e-07,0.000000000000000000e+00
-1.480000000000001077e-07,1.600000000000000033e-02
-1.459999999999999574e-07,8.000000000000000167e-03
-1.439999999999998071e-07,0.000000000000000000e+00
-1.420000000000000804e-07,1.600000000000000033e-02
-1.399999999999999301e-07,1.600000000000000033e-02
-1.379999999999997799e-07,0.000000000000000000e+00
-1.360000000000000531e-07,0.000000000000000000e+00
-1.339999999999999029e-07,8.000000000000000167e-03
-1.320000000000001761e-07,8.000000000000000167e-03
-1.300000000000000259e-07,2.400000000000000050e-02
-1.279999999999998756e-07,8.000000000000000167e-03
-1.260000000000001489e-07,8.000000000000000167e-03
-1.239999999999999986e-07,1.600000000000000033e-02
-1.219999999999998484e-07,1.600000000000000033e-02
-1.200000000000001216e-07,8.000000000000000167e-03
-1.179999999999999714e-07,1.600000000000000033e-02
-1.159999999999998211e-07,8.000000000000000167e-03
-1.140000000000000944e-07,1.600000000000000033e-02
-1.119999999999999441e-07,1.600000000000000033e-02
-1.099999999999997939e-07,0.000000000000000000e+00
-1.080000000000000671e-07,1.600000000000000033e-02
-1.059999999999999169e-07,1.600000000000000033e-02
-1.040000000000001901e-07,0.000000000000000000e+00
-1.020000000000000399e-07,1.600000000000000033e-02
-9.999999999999988960e-08,8.000000000000000167e-03
-9.800000000000016285e-08,8.000000000000000167e-03
-9.600000000000001260e-08,8.000000000000000167e-03
-9.399999999999986234e-08,1.600000000000000033e-02
-9.200000000000013560e-08,2.400000000000000050e-02
-8.999999999999998534e-08,2.400000000000000050e-02
-8.799999999999983508e-08,1.600000000000000033e-02
-8.600000000000010834e-08,3.200000000000000067e-02
-8.399999999999995808e-08,1.600000000000000033e-02
-8.199999999999980782e-08,3.200000000000000067e-02
-8.000000000000008108e-08,1.600000000000000033e-02
-7.799999999999993083e-08,3.200000000000000067e-02
-7.599999999999978057e-08,3.200000000000000067e-02
-7.400000000000005383e-08,2.400000000000000050e-02
-7.199999999999990357e-08,3.200000000000000067e-02
-7.000000000000017683e-08,1.600000000000000033e-02
-6.800000000000002657e-08,3.200000000000000067e-02
-6.599999999999987631e-08,4.000000000000000083e-02
-6.400000000000014957e-08,3.200000000000000067e-02
-6.199999999999999931e-08,4.000000000000000083e-02
-5.999999999999984905e-08,4.000000000000000083e-02
-5.800000000000012231e-08,4.000000000000000083e-02
-5.599999999999997205e-08,4.000000000000000083e-02
-5.399999999999982180e-08,4.800000000000000100e-02
-5.200000000000009506e-08,4.800000000000000100e-02
-4.999999999999994480e-08,6.400000000000000133e-02
-4.799999999999979454e-08,5.600000000000000117e-02
-4.600000000000006780e-08,5.600000000000000117e-02
-4.399999999999991754e-08,7.200000000000000844e-02
-4.200000000000019080e-08,7.200000000000000844e-02
-4.000000000000004054e-08,7.200000000000000844e-02
-3.799999999999989028e-08,7.200000000000000844e-02
-3.600000000000016354e-08,8.000000000000000167e-02
-3.400000000000001328e-08,8.799999999999999489e-02
-3.199999999999986303e-08,9.600000000000000200e-02
-3.000000000000013629e-08,9.600000000000000200e-02
-2.799999999999998603e-08,1.040000000000000091e-01
-2.599999999999983577e-08,1.199999999999999956e-01
-2.400000000000010903e-08,1.280000000000000027e-01
-2.199999999999995877e-08,1.360000000000000098e-01
-1.999999999999980851e-08,1.440000000000000169e-01
-1.800000000000008177e-08,1.519999999999999962e-01
-1.599999999999993151e-08,1.519999999999999962e-01
-1.399999999999978126e-08,1.680000000000000104e-01
-1.200000000000005451e-08,1.759999999999999898e-01
-9.999999999999904256e-09,2.000000000000000111e-01
-8.000000000000177515e-09,2.000000000000000111e-01
-6.000000000000027257e-09,2.240000000000000047e-01
-3.999999999999876999e-09,2.240000000000000047e-01
-2.000000000000150258e-09,2.479999999999999982e-01
0.000000000000000000e+00,2.720000000000000195e-01
2.000000000000150258e-09,2.800000000000000266e-01
3.999999999999876999e-09,3.039999999999999925e-01
6.000000000000027257e-09,3.280000000000000138e-01
8.000000000000177515e-09,3.360000000000000209e-01
9.999999999999904256e-09,3.599999999999999867e-01
1.200000000000005451e-08,3.840000000000000080e-01
1.400000000000020477e-08,4.239999999999999880e-01
1.599999999999993151e-08,4.480000000000000093e-01
1.800000000000008177e-08,4.799999999999999822e-01
2.000000000000023203e-08,5.040000000000000036e-01
2.199999999999995877e-08,5.360000000000000320e-01
2.400000000000010903e-08,5.680000000000000604e-01
2.599999999999983577e-08,5.999999999999999778e-01
2.799999999999998603e-08,6.400000000000000133e-01
3.000000000000013629e-08,6.720000000000000417e-01
3.199999999999986303e-08,7.199999999999999734e-01
3.400000000000001328e-08,7.520000000000000018e-01
3.600000000000016354e-08,7.920000000000000373e-01
3.799999999999989028e-08,-1.191999999999999948e+00
4.000000000000004054e-08,-1.167999999999999927e+00
4.200000000000019080e-08,-1.120000000000000107e+00
4.399999999999991754e-08,-1.072000000000000064e+00
4.600000000000006780e-08,-1.016000000000000014e+00
4.800000000000021806e-08,-9.599999999999999645e-01
4.999999999999994480e-08,-9.200000000000000400e-01
5.200000000000009506e-08,-8.719999999999999973e-01
5.399999999999982180e-08,-8.160000000000000586e-01
5.599999999999997205e-08,-7.600000000000000089e-01
5.800000000000012231e-08,-7.039999999999999591e-01
5.999999999999984905e-08,-6.560000000000000275e-01
6.199999999999999931e-08,-5.839999999999999636e-01
6.400000000000014957e-08,-5.360000000000000320e-01
6.599999999999987631e-08,-4.959999999999999964e-01
6.800000000000002657e-08,-4.480000000000000093e-01
7.000000000000017683e-08,-4.080000000000000293e-01
7.199999999999990357e-08,-3.599999999999999867e-01
7.400000000000005383e-08,-3.119999999999999996e-01
7.600000000000020408e-08,-2.800000000000000266e-01
7.799999999999993083e-08,-2.479999999999999982e-01
8.000000000000008108e-08,-2.159999999999999976e-01
8.200000000000023134e-08,-2.159999999999999976e-01
8.399999999999995808e-08,-2.159999999999999976e-01
8.600000000000010834e-08,-2.159999999999999976e-01
8.799999999999983508e-08,-2.159999999999999976e-01
8.999999999999998534e-08,-2.159999999999999976e-01
9.200000000000013560e-08,-2.159999999999999976e-01
9.399999999999986234e-08,-2.159999999999999976e-01
9.600000000000001260e-08,-2.159999999999999976e-01
9.800000000000016285e-08,-2.159999999999999976e-01
9.999999999999988960e-08,-2.159999999999999976e-01
1.020000000000000399e-07,-2.159999999999999976e-01
1.040000000000001901e-07,-2.159999999999999976e-01
1.059999999999999169e-07,-2.159999999999999976e-01
1.080000000000000671e-07,-2.159999999999999976e-01
1.100000000000002174e-07,-2.159999999999999976e-01
1.119999999999999441e-07,-2.159999999999999976e-01
1.140000000000000944e-07,-2.159999999999999976e-01
1.159999999999998211e-07,-2.159999999999999976e-01
1.179999999999999714e-07,-2.159999999999999976e-01
1.200000000000001216e-07,-2.159999999999999976e-01
1.219999999999998484e-07,-2.159999999999999976e-01
1.239999999999999986e-07,-2.159999999999999976e-01
1.260000000000001489e-07,-2.159999999999999976e-01
1.279999999999998756e-07,-2.159999999999999976e-01
1.300000000000000259e-07,-2.159999999999999976e-01
1.320000000000001761e-07,-2.159999999999999976e-01
1.339999999999999029e-07,-2.159999999999999976e-01
1.360000000000000531e-07,-2.320000000000000118e-01
1.380000000000002034e-07,-2.560000000000000053e-01
1.399999999999999301e-07,-3.039999999999999925e-01
1.420000000000000804e-07,-3.280000000000000138e-01
1.440000000000002307e-07,-3.599999999999999867e-01
1.459999999999999574e-07,-3.840000000000000080e-01
1.480000000000001077e-07,-4.319999999999999951e-01
1.499999999999998344e-07,-4.640000000000000235e-01
1.519999999999999847e-07,-4.879999999999999893e-01
1.540000000000001349e-07,-5.280000000000000249e-01
1.559999999999998617e-07,-5.520000000000000462e-01
1.580000000000000119e-07,-5.919999999999999707e-01
1.600000000000001622e-07,-6.159999999999999920e-01
1.619999999999998889e-07,-6.480000000000000204e-01
1.640000000000000392e-07,-6.800000000000000488e-01
1.660000000000001894e-07,-7.039999999999999591e-01
1.679999999999999162e-07,-7.439999999999999947e-01
1.700000000000000664e-07,-7.680000000000000160e-01
1.720000000000002167e-07,-8.000000000000000444e-01
1.739999999999999434e-07,-8.320000000000000728e-01
1.760000000000000937e-07,-8.479999999999999760e-01
1.780000000000002439e-07,-8.800000000000000044e-01
1.799999999999999707e-07,-9.040000000000000258e-01
1.820000000000001209e-07,-9.280000000000000471e-01
1.839999999999998477e-07,-9.440000000000000613e-01
1.859999999999999979e-07,-9.759999999999999787e-01
1.880000000000001482e-07,-1.000000000000000000e+00
1.899999999999998749e-07,-1.016000000000000014e+00
1.920000000000000252e-07,-1.040000000000000036e+00
1.940000000000001755e-07,-1.072000000000000064e+00
1.959999999999999022e-07,-1.088000000000000078e+00
1.980000000000000525e-07,-1.104000000000000092e+00
2.000000000000002027e-07,-1.128000000000000114e+00
2.019999999999999294e-07,-1.144000000000000128e+00
2.040000000000000797e-07,-1.159999999999999920e+00
2.060000000000002300e-07,-1.183999999999999941e+00
2.079999999999999567e-07,-1.191999999999999948e+00
2.100000000000001070e-07,-1.215999999999999970e+00
2.119999999999998337e-07,-1.231999999999999984e+00
2.139999999999999840e-07,8.080000000000000515e-01
2.160000000000001342e-07,7.920000000000000373e-01
2.179999999999998610e-07,7.680000000000000160e-01
2.200000000000000112e-07,7.600000000000000089e-01
2.220000000000001615e-07,7.439999999999999947e-01
2.239999999999998882e-07,7.359999999999999876e-01
2.260000000000000385e-07,7.199999999999999734e-01
2.280000000000001887e-07,7.039999999999999591e-01
2.299999999999999155e-07,7.039999999999999591e-01
2.320000000000000657e-07,6.880000000000000560e-01
2.340000000000002160e-07,6.800000000000000488e-01
2.359999999999999427e-07,6.640000000000000346e-01
2.380000000000000930e-07,6.560000000000000275e-01
2.400000000000002432e-07,6.480000000000000204e-01
2.419999999999999700e-07,6.400000000000000133e-01
2.440000000000001202e-07,6.320000000000000062e-01
2.459999999999998470e-07,6.079999999999999849e-01
2.479999999999999972e-07,6.079999999999999849e-01
2.500000000000001475e-07,6.079999999999999849e-01
2.519999999999998742e-07,5.999999999999999778e-01
2.540000000000000245e-07,5.839999999999999636e-01
2.560000000000001748e-07,5.839999999999999636e-01
2.579999999999999015e-07,5.680000000000000604e-01
2.600000000000000518e-07,5.600000000000000533e-01
2.620000000000002020e-07,5.520000000000000462e-01
2.639999999999999288e-07,5.520000000000000462e-01
2.660000000000000790e-07,5.520000000000000462e-01
2.680000000000002293e-07,5.360000000000000320e-01
2.699999999999999560e-07,5.440000000000000391e-01
2.720000000000001063e-07,5.200000000000000178e-01
2.739999999999998330e-07,5.280000000000000249e-01
2.759999999999999833e-07,5.200000000000000178e-01
2.780000000000001335e-07,5.040000000000000036e-01
2.799999999999998603e-07,5.040000000000000036e-01
2.820000000000000105e-07,4.959999999999999964e-01
2.840000000000001608e-07,4.959999999999999964e-01
2.859999999999998875e-07,4.879999999999999893e-01
2.880000000000000378e-07,4.879999999999999893e-01
2.900000000000001880e-07,4.799999999999999822e-01
2.919999999999999148e-07,4.720000000000000306e-01
2.940000000000000650e-07,4.799999999999999822e-01
2.960000000000002153e-07,4.640000000000000235e-01
2.979999999999999420e-07,4.640000000000000235e-01
3.000000000000000923e-07,4.560000000000000164e-01
3.020000000000002426e-07,4.560000000000000164e-01
3.039999999999999693e-07,4.560000000000000164e-01
3.060000000000001196e-07,4.480000000000000093e-01
3.079999999999998463e-07,4.480000000000000093e-01
3.099999999999999966e-07,4.400000000000000022e-01
3.120000000000001468e-07,4.319999999999999951e-01
3.139999999999998736e-07,4.319999999999999951e-01
3.160000000000000238e-07,4.239999999999999880e-01
3.180000000000001741e-07,4.319999999999999951e-01
3.199999999999999008e-07,4.239999999999999880e-01
3.220000000000000511e-07,4.239999999999999880e-01
3.240000000000002013e-07,4.239999999999999880e-01
3.259999999999999281e-07,4.160000000000000364e-01
3.280000000000000783e-07,4.160000000000000364e-01
3.300000000000002286e-07,4.080000000000000293e-01
3.319999999999999553e-07,4.080000000000000293e-01
3.340000000000001056e-07,4.000000000000000222e-01
3.359999999999998323e-07,4.000000000000000222e-01
3.379999999999999826e-07,4.000000000000000222e-01
3.400000000000001328e-07,4.000000000000000222e-01
3.419999999999998596e-07,3.920000000000000151e-01
3.440000000000000098e-07,3.840000000000000080e-01
3.460000000000001601e-07,3.920000000000000151e-01
3.479999999999998868e-07,3.840000000000000080e-01
3.500000000000000371e-07,3.920000000000000151e-01
3.520000000000001874e-07,3.760000000000000009e-01
3.539999999999999141e-07,3.760000000000000009e-01
3.560000000000000644e-07,3.679999999999999938e-01
3.580000000000002146e-07,3.760000000000000009e-01
3.599999999999999414e-07,3.679999999999999938e-01
3.620000000000000916e-07,3.679999999999999938e-01
3.640000000000002419e-07,3.679999999999999938e-01
3.659999999999999686e-07,3.599999999999999867e-01
3.680000000000001189e-07,3.599999999999999867e-01
3.699999999999998456e-07,3.599999999999999867e-01
3.719999999999999959e-07,3.599999999999999867e-01
3.740000000000001461e-07,3.599999999999999867e-01
3.759999999999998729e-07,3.519999999999999796e-01
3.780000000000000231e-07,3.360000000000000209e-01
3.800000000000001734e-07,3.599999999999999867e-01
3.819999999999999001e-07,3.440000000000000280e-01
3.840000000000000504e-07,3.440000000000000280e-01
3.860000000000002006e-07,3.440000000000000280e-01
3.879999999999999274e-07,3.360000000000000209e-01
3.900000000000000776e-07,3.440000000000000280e-01
3.920000000000002279e-07,3.440000000000000280e-01
3.939999999999999546e-07,3.360000000000000209e-01
3.960000000000001049e-07,3.440000000000000280e-01
3.980000000000002552e-07,3.360000000000000209e-01
3.999999999999999819e-07,3.360000000000000209e-01
4.020000000000001322e-07,3.280000000000000138e-01
4.039999999999998589e-07,3.360000000000000209e-01
4.060000000000000092e-07,3.280000000000000138e-01
4.080000000000001594e-07,3.200000000000000067e-01
4.099999999999998862e-07,3.200000000000000067e-01
4.120000000000000364e-07,3.280000000000000138e-01
4.140000000000001867e-07,3.200000000000000067e-01
4.159999999999999134e-07,3.200000000000000067e-01
4.180000000000000637e-07,3.280000000000000138e-01
4.200000000000002139e-07,3.200000000000000067e-01
4.219999999999999407e-07,3.280000000000000138e-01
4.240000000000000909e-07,3.200000000000000067e-01
4.260000000000002412e-07,3.039999999999999925e-01
4.279999999999999679e-07,3.119999999999999996e-01
4.300000000000001182e-07,3.119999999999999996e-01
4.319999999999998449e-07,3.039999999999999925e-01
4.339999999999999952e-07,3.119999999999999996e-01
4.360000000000001454e-07,3.039999999999999925e-01
4.379999999999998722e-07,3.039999999999999925e-01
4.400000000000000224e-07,3.039999999999999925e-01
4.420000000000001727e-07,3.039999999999999925e-01
4.439999999999998994e-07,3.039999999999999925e-01
4.460000000000000497e-07,3.039999999999999925e-01
4.480000000000002000e-07,3.039999999999999925e-01
4.499999999999999267e-07,2.959999999999999853e-01
4.520000000000000770e-07,3.039999999999999925e-01
4.540000000000002272e-07,2.959999999999999853e-01
4.559999999999999540e-07,2.880000000000000338e-01
4.580000000000001042e-07,2.880000000000000338e-01
4.600000000000002545e-07,2.800000000000000266e-01
4.619999999999999812e-07,2.959999999999999853e-01
4.640000000000001315e-07,2.959999999999999853e-01
4.659999999999998582e-07,2.880000000000000338e-01
4.680000000000000085e-07,2.880000000000000338e-01
4.700000000000001587e-07,2.959999999999999853e-01
4.719999999999998855e-07,2.880000000000000338e-01
4.740000000000000357e-07,2.800000000000000266e-01
4.760000000000001860e-07,2.880000000000000338e-01
4.779999999999999127e-07,2.800000000000000266e-01
4.800000000000000630e-07,2.880000000000000338e-01
4.820000000000002132e-07,2.880000000000000338e-01
4.839999999999999400e-07,2.800000000000000266e-01
4.860000000000000902e-07,2.800000000000000266e-01
4.880000000000002405e-07,2.720000000000000195e-01
4.899999999999999672e-07,2.800000000000000266e-01
4.920000000000001175e-07,2.880000000000000338e-01
4.939999999999998442e-07,2.720000000000000195e-01
4.959999999999999945e-07,2.800000000000000266e-01
4.980000000000001448e-07,2.720000000000000195e-01
4.999999999999998715e-07,2.720000000000000195e-01
5.020000000000000218e-07,2.800000000000000266e-01
5.040000000000001720e-07,2.640000000000000124e-01
5.059999999999998988e-07,2.640000000000000124e-01
5.080000000000000490e-07,2.720000000000000195e-01
5.100000000000001993e-07,2.720000000000000195e-01
5.119999999999999260e-07,2.800000000000000266e-01
5.140000000000000763e-07,2.640000000000000124e-01
5.160000000000002265e-07,2.640000000000000124e-01
5.179999999999999533e-07,2.640000000000000124e-01
5.200000000000001035e-07,2.720000000000000195e-01
5.220000000000002538e-07,2.640000000000000124e-01
5.239999999999999805e-07,2.640000000000000124e-01
5.260000000000001308e-07,2.560000000000000053e-01
5.279999999999998575e-07,2.640000000000000124e-01
5.300000000000000078e-07,2.560000000000000053e-01
5.320000000000001580e-07,2.640000000000000124e-01
5.339999999999998848e-07,2.640000000000000124e-01
5.360000000000000350e-07,2.640000000000000124e-01
5.380000000000001853e-07,2.560000000000000053e-01
5.399999999999999120e-07,2.640000000000000124e-01
5.420000000000000623e-07,2.560000000000000053e-01
5.440000000000002126e-07,2.560000000000000053e-01
5.459999999999999393e-07,2.560000000000000053e-01
5.480000000000000896e-07,2.560000000000000053e-01
5.500000000000002398e-07,2.560000000000000053e-01
5.519999999999999666e-07,2.560000000000000053e-01
5.540000000000001168e-07,2.560000000000000053e-01
5.560000000000002671e-07,2.479999999999999982e-01
5.579999999999999938e-07,2.479999999999999982e-01
5.600000000000001441e-07,2.479999999999999982e-01
5.619999999999998708e-07,2.560000000000000053e-01
5.640000000000000211e-07,2.399999999999999911e-01
5.660000000000001713e-07,2.479999999999999982e-01
5.679999999999998981e-07,2.399999999999999911e-01
5.700000000000000483e-07,2.479999999999999982e-01
5.720000000000001986e-07,2.479999999999999982e-01
5.739999999999999253e-07,2.479999999999999982e-01
5.760000000000000756e-07,2.399999999999999911e-01
5.780000000000002258e-07,2.479999999999999982e-01
5.799999999999999526e-07,2.479999999999999982e-01
5.820000000000001028e-07,2.399999999999999911e-01
5.840000000000002531e-07,2.479999999999999982e-01
5.859999999999999798e-07,2.399999999999999911e-01
5.880000000000001301e-07,2.399999999999999911e-01
5.899999999999998568e-07,2.399999999999999911e-01
5.920000000000000071e-07,2.399999999999999911e-01
5.940000000000001574e-07,2.399999999999999911e-01
5.959999999999998841e-07,2.399999999999999911e-01
5.980000000000000343e-07,2.399999999999999911e-01
6.000000000000001846e-07,2.399999999999999911e-01
6.019999999999999113e-07,2.320000000000000118e-01
6.040000000000000616e-07,2.320000000000000118e-01
6.060000000000002119e-07,2.320000000000000118e-01
6.079999999999999386e-07,2.320000000000000118e-01
6.100000000000000889e-07,2.399999999999999911e-01
6.120000000000002391e-07,2.399999999999999911e-01
6.139999999999999659e-07,2.320000000000000118e-01
6.160000000000001161e-07,2.320000000000000118e-01
6.180000000000002664e-07,2.479999999999999982e-01
6.199999999999999931e-07,2.399999999999999911e-01
6.220000000000001434e-07,2.320000000000000118e-01
6.239999999999998701e-07,2.320000000000000118e-01
6.260000000000000204e-07,2.320000000000000118e-01
6.280000000000001706e-07,2.240000000000000047e-01
6.299999999999998974e-07,2.320000000000000118e-01
6.320000000000000476e-07,2.320000000000000118e-01
6.340000000000001979e-07,2.399999999999999911e-01
6.359999999999999246e-07,2.240000000000000047e-01
6.380000000000000749e-07,2.320000000000000118e-01
6.400000000000002251e-07,2.159999999999999976e-01
6.419999999999999519e-07,2.320000000000000118e-01
6.440000000000001021e-07,2.320000000000000118e-01
6.460000000000002524e-07,2.320000000000000118e-01
6.479999999999999791e-07,2.240000000000000047e-01
6.500000000000001294e-07,2.240000000000000047e-01
6.519999999999998561e-07,2.320000000000000118e-01
6.540000000000000064e-07,2.159999999999999976e-01
6.560000000000001567e-07,2.159999999999999976e-01
6.579999999999998834e-07,2.159999999999999976e-01
6.600000000000000337e-07,2.240000000000000047e-01
6.620000000000001839e-07,2.320000000000000118e-01
6.639999999999999107e-07,2.240000000000000047e-01
6.660000000000000609e-07,2.240000000000000047e-01
6.680000000000002112e-07,2.159999999999999976e-01
6.699999999999999379e-07,2.240000000000000047e-01
6.720000000000000882e-07,2.080000000000000182e-01
6.740000000000002384e-07,2.159999999999999976e-01
6.759999999999999652e-07,2.240000000000000047e-01
6.780000000000001154e-07,2.080000000000000182e-01
6.800000000000002657e-07,2.159999999999999976e-01
6.819999999999999924e-07,2.159999999999999976e-01
6.840000000000001427e-07,2.159999999999999976e-01
6.859999999999998694e-07,2.159999999999999976e-01
6.880000000000000197e-07,2.080000000000000182e-01
6.900000000000001699e-07,2.240000000000000047e-01
6.919999999999998967e-07,2.159999999999999976e-01
6.940000000000000469e-07,2.159999999999999976e-01
6.960000000000001972e-07,2.000000000000000111e-01
6.979999999999999239e-07,2.080000000000000182e-01
7.000000000000000742e-07,2.159999999999999976e-01
7.020000000000002245e-07,2.080000000000000182e-01
7.039999999999999512e-07,2.159999999999999976e-01
7.060000000000001015e-07,2.080000000000000182e-01
7.080000000000002517e-07,2.080000000000000182e-01
7.099999999999999785e-07,2.240000000000000047e-01
7.120000000000001287e-07,2.000000000000000111e-01
7.140000000000002790e-07,2.080000000000000182e-01
7.160000000000000057e-07,2.080000000000000182e-01
7.180000000000001560e-07,2.159999999999999976e-01
7.199999999999998827e-07,2.159999999999999976e-01
7.220000000000000330e-07,2.000000000000000111e-01
7.240000000000001832e-07,2.159999999999999976e-01
7.259999999999999100e-07,2.159999999999999976e-01
7.280000000000000602e-07,2.159999999999999976e-01
7.300000000000002105e-07,2.080000000000000182e-01
7.319999999999999372e-07,2.159999999999999976e-01
7.340000000000000875e-07,2.080000000000000182e-01
7.360000000000002377e-07,2.000000000000000111e-01
7.379999999999999645e-07,2.000000000000000111e-01
7.400000000000001147e-07,2.080000000000000182e-01
7.420000000000002650e-07,2.080000000000000182e-01
7.439999999999999917e-07,2.080000000000000182e-01
7.460000000000001420e-07,2.080000000000000182e-01
7.479999999999998687e-07,2.080000000000000182e-01
7.500000000000000190e-07,2.000000000000000111e-01
7.520000000000001693e-07,1.920000000000000040e-01
7.539999999999998960e-07,1.920000000000000040e-01
7.560000000000000463e-07,2.000000000000000111e-01
7.580000000000001965e-07,2.000000000000000111e-01
7.599999999999999233e-07,2.000000000000000111e-01
7.620000000000000735e-07,2.000000000000000111e-01
7.640000000000002238e-07,2.000000000000000111e-01
7.659999999999999505e-07,2.080000000000000182e-01
7.680000000000001008e-07,2.080000000000000182e-01
7.700000000000002510e-07,2.159999999999999976e-01
7.719999999999999778e-07,2.080000000000000182e-01
7.740000000000001280e-07,1.920000000000000040e-01
7.760000000000002783e-07,2.000000000000000111e-01
7.780000000000000050e-07,2.000000000000000111e-01
7.800000000000001553e-07,2.080000000000000182e-01
7.819999999999998820e-07,2.080000000000000182e-01
7.840000000000000323e-07,1.920000000000000040e-01
7.860000000000001825e-07,2.000000000000000111e-01
7.879999999999999093e-07,1.920000000000000040e-01
7.900000000000000595e-07,1.920000000000000040e-01
7.920000000000002098e-07,1.920000000000000040e-01
7.939999999999999365e-07,2.080000000000000182e-01
7.960000000000000868e-07,1.920000000000000040e-01
7.980000000000002371e-07,2.000000000000000111e-01
7.999999999999999638e-07,2.000000000000000111e-01
8.020000000000001141e-07,2.000000000000000111e-01
8.040000000000002643e-07,1.920000000000000040e-01
8.059999999999999911e-07,1.920000000000000040e-01
8.080000000000001413e-07,2.000000000000000111e-01
8.099999999999998681e-07,2.000000000000000111e-01
8.120000000000000183e-07,2.000000000000000111e-01
8.140000000000001686e-07,1.920000000000000040e-01
8.159999999999998953e-07,2.000000000000000111e-01
8.180000000000000456e-07,2.000000000000000111e-01
8.200000000000001958e-07,1.920000000000000040e-01
8.219999999999999226e-07,1.920000000000000040e-01
8.240000000000000728e-07,2.000000000000000111e-01
8.260000000000002231e-07,1.920000000000000040e-01
8.279999999999999498e-07,2.000000000000000111e-01
8.300000000000001001e-07,1.920000000000000040e-01
8.320000000000002503e-07,1.839999999999999969e-01
8.339999999999999771e-07,1.920000000000000040e-01
8.360000000000001273e-07,1.920000000000000040e-01
8.380000000000002776e-07,1.839999999999999969e-01
8.400000000000000043e-07,1.920000000000000040e-01
8.420000000000001546e-07,1.839999999999999969e-01
8.439999999999998813e-07,1.920000000000000040e-01
8.460000000000000316e-07,1.920000000000000040e-01
8.480000000000001819e-07,1.839999999999999969e-01
8.499999999999999086e-07,1.920000000000000040e-01
8.520000000000000589e-07,1.839999999999999969e-01
8.540000000000002091e-07,1.839999999999999969e-01
8.559999999999999359e-07,1.680000000000000104e-01
8.580000000000000861e-07,1.920000000000000040e-01
8.600000000000002364e-07,1.839999999999999969e-01
8.619999999999999631e-07,1.920000000000000040e-01
8.640000000000001134e-07,1.920000000000000040e-01
8.660000000000002636e-07,1.839999999999999969e-01
8.679999999999999904e-07,1.920000000000000040e-01
8.700000000000001406e-07,1.759999999999999898e-01
8.719999999999998674e-07,1.759999999999999898e-01
8.740000000000000176e-07,1.839999999999999969e-01
8.760000000000001679e-07,1.920000000000000040e-01
8.779999999999998946e-07,1.839999999999999969e-01
8.800000000000000449e-07,1.759999999999999898e-01
8.820000000000001951e-07,1.839999999999999969e-01
8.839999999999999219e-07,1.759999999999999898e-01
8.860000000000000721e-07,1.759999999999999898e-01
8.880000000000002224e-07,1.839999999999999969e-01
8.899999999999999491e-07,1.839999999999999969e-01
8.920000000000000994e-07,1.920000000000000040e-01
8.940000000000002497e-07,1.839999999999999969e-01
8.959999999999999764e-07,1.920000000000000040e-01
8.980000000000001267e-07,1.839999999999999969e-01
9.000000000000002769e-07,1.759999999999999898e-01
9.020000000000000037e-07,1.680000000000000104e-01
9.040000000000001539e-07,1.839999999999999969e-01
9.059999999999998807e-07,1.759999999999999898e-01
9.080000000000000309e-07,1.839999999999999969e-01
9.100000000000001812e-07,1.759999999999999898e-01
9.119999999999999079e-07,1.839999999999999969e-01
9.140000000000000582e-07,1.839999999999999969e-01
9.160000000000002084e-07,1.839999999999999969e-01
9.179999999999999352e-07,1.759999999999999898e-01
9.200000000000000854e-07,1.680000000000000104e-01
9.220000000000002357e-07,1.759999999999999898e-01
9.239999999999999624e-07,1.839999999999999969e-01
9.260000000000001127e-07,1.680000000000000104e-01
9.280000000000002629e-07,1.839999999999999969e-01
9.299999999999999897e-07,1.920000000000000040e-01
9.320000000000001399e-07,1.759999999999999898e-01
9.340000000000002902e-07,1.759999999999999898e-01
9.360000000000000169e-07,1.759999999999999898e-01
9.380000000000001672e-07,1.759999999999999898e-01
9.399999999999998939e-07,1.839999999999999969e-01
9.420000000000000442e-07,1.839999999999999969e-01
9.440000000000001945e-07,1.759999999999999898e-01
9.459999999999999212e-07,1.839999999999999969e-01
9.480000000000000715e-07,1.759999999999999898e-01
9.500000000000002217e-07,1.680000000000000104e-01
9.519999999999999484e-07,1.680000000000000104e-01
9.540000000000000987e-07,1.680000000000000104e-01
9.560000000000002490e-07,1.680000000000000104e-01
9.579999999999999757e-07,1.759999999999999898e-01
9.600000000000001260e-07,1.680000000000000104e-01
9.620000000000002762e-07,1.680000000000000104e-01
9.640000000000000030e-07,1.680000000000000104e-01
9.660000000000001532e-07,1.680000000000000104e-01
9.679999999999998800e-07,1.759999999999999898e-01
9.700000000000000302e-07,1.759999999999999898e-01
9.720000000000001805e-07,1.680000000000000104e-01
9.739999999999999072e-07,1.759999999999999898e-01
9.760000000000000575e-07,1.759999999999999898e-01
9.780000000000002077e-07,1.759999999999999898e-01
9.799999999999999345e-07,1.759999999999999898e-01
9.820000000000000847e-07,1.600000000000000033e-01
9.840000000000002350e-07,1.680000000000000104e-01
9.859999999999999617e-07,1.600000000000000033e-01
9.880000000000001120e-07,1.600000000000000033e-01
9.900000000000002623e-07,1.759999999999999898e-01
9.919999999999999890e-07,1.759999999999999898e-01
9.940000000000001392e-07,1.680000000000000104e-01
9.960000000000002895e-07,1.759999999999999898e-01
9.980000000000000162e-07,1.759999999999999898e-01
1.000000000000000167e-06,1.680000000000000104e-01
1.001999999999999893e-06,1.680000000000000104e-01
1.004000000000000044e-06,1.680000000000000104e-01
1.006000000000000194e-06,1.600000000000000033e-01
1.007999999999999921e-06,1.600000000000000033e-01
1.010000000000000071e-06,1.759999999999999898e-01
1.012000000000000221e-06,1.680000000000000104e-01
1.013999999999999948e-06,1.680000000000000104e-01
1.016000000000000098e-06,1.680000000000000104e-01
1.018000000000000248e-06,1.680000000000000104e-01
1.019999999999999975e-06,1.680000000000000104e-01
1.022000000000000125e-06,1.759999999999999898e-01
1.024000000000000276e-06,1.680000000000000104e-01
1.026000000000000002e-06,1.680000000000000104e-01
1.028000000000000153e-06,1.680000000000000104e-01
1.029999999999999879e-06,1.759999999999999898e-01
1.032000000000000030e-06,1.680000000000000104e-01
1.034000000000000180e-06,1.680000000000000104e-01
1.035999999999999907e-06,1.600000000000000033e-01
1.038000000000000057e-06,1.600000000000000033e-01
1.040000000000000207e-06,1.600000000000000033e-01
1.041999999999999934e-06,1.680000000000000104e-01
1.044000000000000084e-06,1.759999999999999898e-01
1.046000000000000234e-06,1.680000000000000104e-01
1.047999999999999961e-06,1.680000000000000104e-01
1.050000000000000111e-06,1.600000000000000033e-01
1.052000000000000262e-06,1.680000000000000104e-01
1.053999999999999988e-06,1.600000000000000033e-01
1.056000000000000139e-06,1.680000000000000104e-01
1.058000000000000289e-06,1.759999999999999898e-01
1.060000000000000016e-06,1.680000000000000104e-01
1.062000000000000166e-06,1.680000000000000104e-01
1.063999999999999893e-06,1.519999999999999962e-01
1.066000000000000043e-06,1.600000000000000033e-01
1.068000000000000193e-06,1.600000000000000033e-01
1.069999999999999920e-06,1.680000000000000104e-01
1.072000000000000070e-06,1.600000000000000033e-01
1.074000000000000220e-06,1.680000000000000104e-01
1.075999999999999947e-06,1.680000000000000104e-01
1.078000000000000097e-06,1.600000000000000033e-01
1.080000000000000248e-06,1.600000000000000033e-01
1.081999999999999974e-06,1.680000000000000104e-01
1.084000000000000125e-06,1.600000000000000033e-01
1.086000000000000275e-06,1.600000000000000033e-01
1.088000000000000002e-06,1.600000000000000033e-01
1.090000000000000152e-06,1.600000000000000033e-01
1.092000000000000302e-06,1.600000000000000033e-01
1.094000000000000029e-06,1.600000000000000033e-01
1.096000000000000179e-06,1.680000000000000104e-01
1.097999999999999906e-06,1.600000000000000033e-01
1.100000000000000056e-06,1.600000000000000033e-01
1.102000000000000206e-06,1.519999999999999962e-01
1.103999999999999933e-06,1.600000000000000033e-01
1.106000000000000083e-06,1.680000000000000104e-01
1.108000000000000234e-06,1.519999999999999962e-01
1.109999999999999960e-06,1.680000000000000104e-01
1.112000000000000111e-06,1.680000000000000104e-01
1.114000000000000261e-06,1.600000000000000033e-01
1.115999999999999988e-06,1.600000000000000033e-01
1.118000000000000138e-06,1.519999999999999962e-01
1.120000000000000288e-06,1.600000000000000033e-01
1.122000000000000015e-06,1.519999999999999962e-01
1.124000000000000165e-06,1.600000000000000033e-01
1.125999999999999892e-06,1.680000000000000104e-01
1.128000000000000042e-06,1.680000000000000104e-01
1.130000000000000192e-06,1.680000000000000104e-01
1.131999999999999919e-06,1.600000000000000033e-01
1.134000000000000069e-06,1.600000000000000033e-01
1.136000000000000220e-06,1.600000000000000033e-01
1.137999999999999946e-06,1.519999999999999962e-01
1.140000000000000097e-06,1.600000000000000033e-01
1.142000000000000247e-06,1.519999999999999962e-01
1.143999999999999974e-06,1.600000000000000033e-01
1.146000000000000124e-06,1.600000000000000033e-01
1.148000000000000274e-06,1.600000000000000033e-01
1.150000000000000001e-06,1.519999999999999962e-01
1.152000000000000151e-06,1.519999999999999962e-01
1.154000000000000301e-06,1.600000000000000033e-01
1.156000000000000028e-06,1.600000000000000033e-01
1.158000000000000178e-06,1.519999999999999962e-01
1.159999999999999905e-06,1.519999999999999962e-01
1.162000000000000055e-06,1.519999999999999962e-01
1.164000000000000206e-06,1.600000000000000033e-01
1.165999999999999932e-06,1.600000000000000033e-01
1.168000000000000083e-06,1.680000000000000104e-01
1.170000000000000233e-06,1.519999999999999962e-01
1.171999999999999960e-06,1.519999999999999962e-01
1.174000000000000110e-06,1.519999999999999962e-01
1.176000000000000260e-06,1.519999999999999962e-01
1.177999999999999987e-06,1.600000000000000033e-01
1.180000000000000137e-06,1.360000000000000098e-01
1.182000000000000287e-06,1.519999999999999962e-01
1.184000000000000014e-06,1.440000000000000169e-01
1.186000000000000164e-06,1.440000000000000169e-01
1.187999999999999891e-06,1.519999999999999962e-01
1.190000000000000041e-06,1.600000000000000033e-01
1.192000000000000192e-06,1.519999999999999962e-01
1.193999999999999918e-06,1.519999999999999962e-01
1.196000000000000069e-06,1.519999999999999962e-01
1.198000000000000219e-06,1.519999999999999962e-01
1.199999999999999946e-06,1.519999999999999962e-01
1.202000000000000096e-06,1.440000000000000169e-01
1.204000000000000246e-06,1.519999999999999962e-01
1.205999999999999973e-06,1.519999999999999962e-01
1.208000000000000123e-06,1.519999999999999962e-01
1.210000000000000273e-06,1.519999999999999962e-01
1.212000000000000000e-06,1.600000000000000033e-01
1.214000000000000150e-06,1.519999999999999962e-01
1.216000000000000301e-06,1.600000000000000033e-01
1.218000000000000027e-06,1.519999999999999962e-01
1.220000000000000178e-06,1.440000000000000169e-01
1.221999999999999904e-06,1.519999999999999962e-01
1.224000000000000055e-06,1.600000000000000033e-01
1.226000000000000205e-06,1.600000000000000033e-01
1.227999999999999932e-06,1.600000000000000033e-01
1.230000000000000082e-06,1.440000000000000169e-01
1.232000000000000232e-06,1.519999999999999962e-01
1.233999999999999959e-06,1.519999999999999962e-01
1.236000000000000109e-06,1.440000000000000169e-01
1.238000000000000259e-06,1.519999999999999962e-01
1.239999999999999986e-06,1.519999999999999962e-01
1.242000000000000136e-06,1.440000000000000169e-01
1.244000000000000287e-06,1.440000000000000169e-01
1.246000000000000013e-06,1.519999999999999962e-01
1.248000000000000164e-06,1.440000000000000169e-01
1.249999999999999890e-06,1.440000000000000169e-01
1.252000000000000041e-06,1.440000000000000169e-01
1.254000000000000191e-06,1.519999999999999962e-01
1.255999999999999918e-06,1.600000000000000033e-01
1.258000000000000068e-06,1.519999999999999962e-01
1.260000000000000218e-06,1.519999999999999962e-01
1.261999999999999945e-06,1.440000000000000169e-01
1.264000000000000095e-06,1.519999999999999962e-01
1.266000000000000246e-06,1.280000000000000027e-01
1.267999999999999972e-06,1.440000000000000169e-01
1.270000000000000123e-06,1.519999999999999962e-01
1.272000000000000273e-06,1.519999999999999962e-01
1.274000000000000000e-06,1.519999999999999962e-01
1.276000000000000150e-06,1.440000000000000169e-01
1.278000000000000300e-06,1.440000000000000169e-01
1.280000000000000027e-06,1.440000000000000169e-01
1.282000000000000177e-06,1.360000000000000098e-01
1.283999999999999904e-06,1.440000000000000169e-01
1.286000000000000054e-06,1.519999999999999962e-01
1.288000000000000204e-06,1.440000000000000169e-01
1.289999999999999931e-06,1.440000000000000169e-01
1.292000000000000081e-06,1.440000000000000169e-01
1.294000000000000232e-06,1.440000000000000169e-01
1.295999999999999958e-06,1.440000000000000169e-01
1.298000000000000109e-06,1.440000000000000169e-01
1.300000000000000259e-06,1.519999999999999962e-01
1.301999999999999986e-06,1.440000000000000169e-01
1.304000000000000136e-06,1.440000000000000169e-01
1.306000000000000286e-06,1.360000000000000098e-01
1.308000000000000013e-06,1.440000000000000169e-01
1.310000000000000163e-06,1.519999999999999962e-01
1.312000000000000313e-06,1.440000000000000169e-01
1.314000000000000040e-06,1.440000000000000169e-01
1.316000000000000190e-06,1.360000000000000098e-01
1.317999999999999917e-06,1.440000000000000169e-01
1.320000000000000067e-06,1.440000000000000169e-01
1.322000000000000218e-06,1.440000000000000169e-01
1.323999999999999944e-06,1.519999999999999962e-01
1.326000000000000095e-06,1.519999999999999962e-01
1.328000000000000245e-06,1.440000000000000169e-01
1.329999999999999972e-06,1.360000000000000098e-01
1.332000000000000122e-06,1.519999999999999962e-01
1.334000000000000272e-06,1.440000000000000169e-01
1.335999999999999999e-06,1.440000000000000169e-01
1.338000000000000149e-06,1.440000000000000169e-01
1.340000000000000299e-06,1.440000000000000169e-01
1.342000000000000026e-06,1.440000000000000169e-01
1.344000000000000176e-06,1.440000000000000169e-01
1.345999999999999903e-06,1.440000000000000169e-01
1.348000000000000053e-06,1.440000000000000169e-01
1.350000000000000204e-06,1.360000000000000098e-01
1.351999999999999930e-06,1.440000000000000169e-01
1.354000000000000081e-06,1.440000000000000169e-01
1.356000000000000231e-06,1.280000000000000027e-01
1.357999999999999958e-06,1.440000000000000169e-01
1.360000000000000108e-06,1.440000000000000169e-01
1.362000000000000258e-06,1.440000000000000169e-01
1.363999999999999985e-06,1.440000000000000169e-01
1.366000000000000135e-06,1.360000000000000098e-01
1.368000000000000285e-06,1.360000000000000098e-01
1.370000000000000012e-06,1.440000000000000169e-01
1.372000000000000162e-06,1.440000000000000169e-01
1.374000000000000313e-06,1.440000000000000169e-01
1.376000000000000039e-06,1.519999999999999962e-01
1.378000000000000190e-06,1.199999999999999956e-01
1.379999999999999916e-06,1.360000000000000098e-01
1.382000000000000067e-06,1.440000000000000169e-01
1.384000000000000217e-06,1.360000000000000098e-01
1.385999999999999944e-06,1.440000000000000169e-01
1.388000000000000094e-06,1.440000000000000169e-01
1.390000000000000244e-06,1.519999999999999962e-01
1.391999999999999971e-06,1.440000000000000169e-01
1.394000000000000121e-06,1.440000000000000169e-01
1.396000000000000271e-06,1.360000000000000098e-01
1.397999999999999998e-06,1.440000000000000169e-01
1.400000000000000148e-06,1.360000000000000098e-01
1.402000000000000299e-06,1.440000000000000169e-01
1.404000000000000025e-06,1.440000000000000169e-01
1.406000000000000176e-06,1.440000000000000169e-01
1.407999999999999902e-06,1.440000000000000169e-01
1.410000000000000053e-06,1.440000000000000169e-01
1.412000000000000203e-06,1.440000000000000169e-01
1.413999999999999930e-06,1.280000000000000027e-01
1.416000000000000080e-06,1.360000000000000098e-01
1.418000000000000230e-06,1.360000000000000098e-01
1.419999999999999957e-06,1.360000000000000098e-01
1.422000000000000107e-06,1.440000000000000169e-01
1.424000000000000257e-06,1.440000000000000169e-01
1.425999999999999984e-06,1.440000000000000169e-01
1.428000000000000134e-06,1.360000000000000098e-01
1.430000000000000285e-06,1.519999999999999962e-01
1.432000000000000011e-06,1.280000000000000027e-01
1.434000000000000162e-06,1.280000000000000027e-01
1.436000000000000312e-06,1.440000000000000169e-01
1.438000000000000039e-06,1.440000000000000169e-01
1.440000000000000189e-06,1.360000000000000098e-01
1.441999999999999916e-06,1.360000000000000098e-01
1.444000000000000066e-06,1.280000000000000027e-01
1.446000000000000216e-06,1.280000000000000027e-01
1.447999999999999943e-06,1.360000000000000098e-01
1.450000000000000093e-06,1.280000000000000027e-01
1.452000000000000243e-06,1.360000000000000098e-01
1.453999999999999970e-06,1.440000000000000169e-01
1.456000000000000120e-06,1.360000000000000098e-01
1.458000000000000271e-06,1.440000000000000169e-01
1.460000000000000421e-06,1.360000000000000098e-01
1.461999999999999724e-06,1.360000000000000098e-01
1.463999999999999874e-06,1.280000000000000027e-01
1.466000000000000025e-06,1.360000000000000098e-01
1.468000000000000175e-06,1.280000000000000027e-01
1.470000000000000325e-06,1.360000000000000098e-01
1.472000000000000475e-06,1.280000000000000027e-01
1.473999999999999779e-06,1.280000000000000027e-01
1.475999999999999929e-06,1.360000000000000098e-01
1.478000000000000079e-06,1.360000000000000098e-01
1.480000000000000229e-06,1.280000000000000027e-01
1.482000000000000380e-06,1.360000000000000098e-01
1.484000000000000530e-06,1.360000000000000098e-01
1.485999999999999833e-06,1.360000000000000098e-01
1.487999999999999983e-06,1.280000000000000027e-01
1.490000000000000134e-06,1.360000000000000098e-01
1.492000000000000284e-06,1.360000000000000098e-01
1.494000000000000434e-06,1.360000000000000098e-01
1.495999999999999737e-06,1.360000000000000098e-01
1.497999999999999888e-06,1.280000000000000027e-01
1.500000000000000038e-06,1.280000000000000027e-01
1.502000000000000188e-06,1.360000000000000098e-01
1.504000000000000339e-06,1.280000000000000027e-01
1.506000000000000489e-06,1.280000000000000027e-01
1.507999999999999792e-06,1.440000000000000169e-01
1.509999999999999942e-06,1.360000000000000098e-01
1.512000000000000093e-06,1.360000000000000098e-01
1.514000000000000243e-06,1.280000000000000027e-01
1.516000000000000393e-06,1.360000000000000098e-01
1.517999999999999696e-06,1.360000000000000098e-01
1.519999999999999847e-06,1.360000000000000098e-01
1.521999999999999997e-06,1.440000000000000169e-01
1.524000000000000147e-06,1.360000000000000098e-01
1.526000000000000297e-06,1.360000000000000098e-01
1.528000000000000448e-06,1.280000000000000027e-01
1.529999999999999751e-06,1.280000000000000027e-01
1.531999999999999901e-06,1.360000000000000098e-01
1.534000000000000051e-06,1.360000000000000098e-01
1.536000000000000202e-06,1.280000000000000027e-01
1.538000000000000352e-06,1.280000000000000027e-01
1.540000000000000502e-06,1.280000000000000027e-01
1.541999999999999805e-06,1.280000000000000027e-01
1.543999999999999956e-06,1.280000000000000027e-01
1.546000000000000106e-06,1.280000000000000027e-01
1.548000000000000256e-06,1.199999999999999956e-01
1.550000000000000406e-06,1.360000000000000098e-01
1.551999999999999710e-06,1.360000000000000098e-01
1.553999999999999860e-06,1.199999999999999956e-01
1.556000000000000010e-06,1.280000000000000027e-01
1.558000000000000160e-06,1.199999999999999956e-01
1.560000000000000311e-06,1.280000000000000027e-01
1.562000000000000461e-06,1.360000000000000098e-01
1.563999999999999764e-06,1.360000000000000098e-01
1.565999999999999914e-06,1.280000000000000027e-01
1.568000000000000065e-06,1.440000000000000169e-01
1.570000000000000215e-06,1.360000000000000098e-01
1.572000000000000365e-06,1.280000000000000027e-01
1.574000000000000515e-06,1.360000000000000098e-01
1.575999999999999819e-06,1.120000000000000023e-01
1.577999999999999969e-06,1.280000000000000027e-01
1.580000000000000119e-06,1.280000000000000027e-01
1.582000000000000269e-06,1.280000000000000027e-01
1.584000000000000420e-06,1.360000000000000098e-01
1.585999999999999723e-06,1.280000000000000027e-01
1.587999999999999873e-06,1.360000000000000098e-01
1.590000000000000023e-06,1.280000000000000027e-01
1.592000000000000174e-06,1.360000000000000098e-01
1.594000000000000324e-06,1.280000000000000027e-01
1.596000000000000474e-06,1.280000000000000027e-01
1.597999999999999777e-06,1.199999999999999956e-01
1.599999999999999928e-06,1.360000000000000098e-01
1.602000000000000078e-06,1.280000000000000027e-01
1.604000000000000228e-06,1.360000000000000098e-01
1.606000000000000378e-06,1.280000000000000027e-01
1.608000000000000529e-06,1.280000000000000027e-01
1.609999999999999832e-06,1.360000000000000098e-01
1.611999999999999982e-06,1.280000000000000027e-01
1.614000000000000132e-06,1.280000000000000027e-01
1.616000000000000283e-06,1.280000000000000027e-01
1.618000000000000433e-06,1.280000000000000027e-01
1.619999999999999736e-06,1.280000000000000027e-01
1.621999999999999886e-06,1.360000000000000098e-01
1.624000000000000037e-06,1.280000000000000027e-01
1.626000000000000187e-06,1.360000000000000098e-01
1.628000000000000337e-06,1.280000000000000027e-01
1.630000000000000487e-06,1.199999999999999956e-01
1.631999999999999791e-06,1.120000000000000023e-01
1.633999999999999941e-06,1.280000000000000027e-01
1.636000000000000091e-06,1.280000000000000027e-01
1.638000000000000241e-06,1.280000000000000027e-01
1.640000000000000392e-06,1.360000000000000098e-01
1.642000000000000542e-06,1.280000000000000027e-01
1.643999999999999845e-06,1.199999999999999956e-01
1.645999999999999995e-06,1.199999999999999956e-01
1.648000000000000146e-06,1.199999999999999956e-01
1.650000000000000296e-06,1.280000000000000027e-01
1.652000000000000446e-06,1.360000000000000098e-01
1.653999999999999749e-06,1.199999999999999956e-01
1.655999999999999900e-06,1.280000000000000027e-01
1.658000000000000050e-06,1.280000000000000027e-01
1.660000000000000200e-06,1.199999999999999956e-01
1.662000000000000350e-06,1.199999999999999956e-01
1.664000000000000501e-06,1.280000000000000027e-01
1.665999999999999804e-06,1.280000000000000027e-01
1.667999999999999954e-06,1.280000000000000027e-01
1.670000000000000104e-06,1.280000000000000027e-01
1.672000000000000255e-06,1.199999999999999956e-01
1.674000000000000405e-06,1.280000000000000027e-01
1.675999999999999708e-06,1.199999999999999956e-01
1.677999999999999858e-06,1.199999999999999956e-01
1.680000000000000009e-06,1.199999999999999956e-01
1.682000000000000159e-06,1.199999999999999956e-01
1.684000000000000309e-06,1.280000000000000027e-01
1.686000000000000459e-06,1.280000000000000027e-01
1.687999999999999763e-06,1.360000000000000098e-01
1.689999999999999913e-06,1.280000000000000027e-01
1.692000000000000063e-06,1.280000000000000027e-01
1.694000000000000213e-06,1.360000000000000098e-01
1.696000000000000364e-06,1.280000000000000027e-01
1.698000000000000514e-06,1.280000000000000027e-01
1.699999999999999817e-06,1.360000000000000098e-01
1.701999999999999967e-06,1.120000000000000023e-01
1.704000000000000118e-06,1.280000000000000027e-01
1.706000000000000268e-06,1.280000000000000027e-01
1.708000000000000418e-06,1.280000000000000027e-01
1.709999999999999721e-06,1.280000000000000027e-01
1.711999999999999872e-06,1.199999999999999956e-01
1.714000000000000022e-06,1.199999999999999956e-01
1.716000000000000172e-06,1.280000000000000027e-01
1.718000000000000322e-06,1.280000000000000027e-01
1.720000000000000473e-06,1.440000000000000169e-01
1.721999999999999776e-06,1.280000000000000027e-01
1.723999999999999926e-06,1.280000000000000027e-01
1.726000000000000076e-06,1.280000000000000027e-01
1.728000000000000227e-06,1.199999999999999956e-01
1.730000000000000377e-06,1.199999999999999956e-01
1.732000000000000527e-06,1.280000000000000027e-01
1.733999999999999830e-06,1.280000000000000027e-01
1.735999999999999981e-06,1.120000000000000023e-01
1.738000000000000131e-06,1.280000000000000027e-01
1.740000000000000281e-06,1.280000000000000027e-01
1.742000000000000432e-06,1.280000000000000027e-01
1.743999999999999735e-06,1.199999999999999956e-01
1.745999999999999885e-06,1.280000000000000027e-01
1.748000000000000035e-06,1.280000000000000027e-01
1.750000000000000186e-06,1.360000000000000098e-01
1.752000000000000336e-06,1.199999999999999956e-01
1.754000000000000486e-06,1.199999999999999956e-01
1.755999999999999789e-06,1.280000000000000027e-01
1.757999999999999940e-06,1.280000000000000027e-01
1.760000000000000090e-06,1.280000000000000027e-01
1.762000000000000240e-06,1.280000000000000027e-01
1.764000000000000390e-06,1.280000000000000027e-01
1.766000000000000541e-06,1.199999999999999956e-01
1.767999999999999844e-06,1.280000000000000027e-01
1.769999999999999994e-06,1.199999999999999956e-01
1.772000000000000144e-06,1.199999999999999956e-01
1.774000000000000295e-06,1.199999999999999956e-01
1.776000000000000445e-06,1.280000000000000027e-01
1.777999999999999748e-06,1.199999999999999956e-01
1.779999999999999898e-06,1.120000000000000023e-01
1.782000000000000049e-06,1.199999999999999956e-01
1.784000000000000199e-06,1.199999999999999956e-01
1.786000000000000349e-06,1.199999999999999956e-01
1.788000000000000499e-06,1.360000000000000098e-01
1.789999999999999803e-06,1.199999999999999956e-01
1.791999999999999953e-06,1.280000000000000027e-01
1.794000000000000103e-06,1.280000000000000027e-01
1.796000000000000253e-06,1.199999999999999956e-01
1.798000000000000404e-06,1.360000000000000098e-01
1.800000000000000554e-06,1.360000000000000098e-01
1.801999999999999857e-06,1.440000000000000169e-01
1.804000000000000007e-06,1.280000000000000027e-01
1.806000000000000158e-06,1.199999999999999956e-01
1.808000000000000308e-06,1.280000000000000027e-01
1.810000000000000458e-06,1.280000000000000027e-01
1.811999999999999761e-06,1.280000000000000027e-01
1.813999999999999912e-06,1.360000000000000098e-01
1.816000000000000062e-06,1.360000000000000098e-01
1.818000000000000212e-06,1.280000000000000027e-01
1.820000000000000362e-06,1.360000000000000098e-01
1.822000000000000513e-06,1.280000000000000027e-01
1.823999999999999816e-06,1.199999999999999956e-01
1.825999999999999966e-06,1.280000000000000027e-01
1.828000000000000116e-06,1.280000000000000027e-01
1.830000000000000267e-06,1.199999999999999956e-01
1.832000000000000417e-06,1.360000000000000098e-01
1.833999999999999720e-06,1.280000000000000027e-01
1.835999999999999870e-06,1.360000000000000098e-01
1.838000000000000021e-06,1.360000000000000098e-01
1.840000000000000171e-06,1.360000000000000098e-01
1.842000000000000321e-06,1.280000000000000027e-01
1.844000000000000471e-06,1.360000000000000098e-01
1.845999999999999775e-06,1.280000000000000027e-01
1.847999999999999925e-06,1.360000000000000098e-01
1.850000000000000075e-06,1.440000000000000169e-01
1.852000000000000225e-06,1.280000000000000027e-01
1.854000000000000376e-06,1.360000000000000098e-01
1.856000000000000526e-06,1.360000000000000098e-01
1.857999999999999829e-06,1.360000000000000098e-01
1.859999999999999979e-06,1.360000000000000098e-01
1.862000000000000130e-06,1.440000000000000169e-01
1.864000000000000280e-06,1.360000000000000098e-01
1.866000000000000430e-06,1.440000000000000169e-01
1.867999999999999733e-06,1.440000000000000169e-01
1.869999999999999884e-06,1.360000000000000098e-01
1.872000000000000034e-06,1.440000000000000169e-01
1.874000000000000184e-06,1.440000000000000169e-01
1.876000000000000334e-06,1.440000000000000169e-01
1.878000000000000485e-06,1.440000000000000169e-01
1.879999999999999788e-06,1.519999999999999962e-01
1.881999999999999938e-06,1.440000000000000169e-01
1.884000000000000088e-06,1.440000000000000169e-01
1.886000000000000239e-06,1.519999999999999962e-01
1.888000000000000389e-06,1.519999999999999962e-01
1.890000000000000539e-06,1.519999999999999962e-01
1.891999999999999842e-06,1.600000000000000033e-01
1.893999999999999993e-06,1.519999999999999962e-01
1.896000000000000143e-06,1.600000000000000033e-01
1.898000000000000293e-06,1.600000000000000033e-01
1.900000000000000443e-06,1.519999999999999962e-01
1.901999999999999747e-06,1.600000000000000033e-01
1.903999999999999897e-06,1.600000000000000033e-01
1.906000000000000047e-06,1.680000000000000104e-01
1.908000000000000197e-06,1.680000000000000104e-01
1.910000000000000348e-06,1.680000000000000104e-01
1.912000000000000498e-06,1.759999999999999898e-01
1.913999999999999801e-06,1.680000000000000104e-01
1.915999999999999951e-06,1.759999999999999898e-01
1.918000000000000102e-06,1.839999999999999969e-01
1.920000000000000252e-06,1.839999999999999969e-01
1.922000000000000402e-06,1.759999999999999898e-01
1.924000000000000552e-06,1.759999999999999898e-01
1.925999999999999856e-06,1.839999999999999969e-01
1.928000000000000006e-06,1.839999999999999969e-01
1.930000000000000156e-06,2.000000000000000111e-01
1.932000000000000306e-06,2.000000000000000111e-01
1.934000000000000457e-06,2.000000000000000111e-01
1.935999999999999760e-06,2.000000000000000111e-01
1.937999999999999910e-06,2.080000000000000182e-01
1.940000000000000060e-06,2.080000000000000182e-01
1.942000000000000211e-06,2.159999999999999976e-01
1.944000000000000361e-06,2.159999999999999976e-01
1.946000000000000511e-06,2.159999999999999976e-01
1.947999999999999814e-06,2.320000000000000118e-01
1.949999999999999965e-06,2.240000000000000047e-01
1.952000000000000115e-06,2.240000000000000047e-01
1.954000000000000265e-06,2.320000000000000118e-01
1.956000000000000415e-06,2.479999999999999982e-01
1.958000000000000566e-06,2.479999999999999982e-01
1.959999999999999869e-06,2.560000000000000053e-01
1.962000000000000019e-06,2.560000000000000053e-01
1.964000000000000169e-06,2.640000000000000124e-01
1.966000000000000320e-06,2.720000000000000195e-01
1.968000000000000470e-06,2.640000000000000124e-01
1.969999999999999773e-06,2.800000000000000266e-01
1.971999999999999923e-06,2.800000000000000266e-01
1.974000000000000074e-06,2.880000000000000338e-01
1.976000000000000224e-06,2.959999999999999853e-01
1.978000000000000374e-06,3.039999999999999925e-01
1.980000000000000525e-06,3.119999999999999996e-01
1.981999999999999828e-06,3.200000000000000067e-01
1.983999999999999978e-06,3.280000000000000138e-01
1.986000000000000128e-06,3.360000000000000209e-01
1.988000000000000278e-06,3.519999999999999796e-01
1.990000000000000429e-06,3.599999999999999867e-01
1.991999999999999732e-06,3.519999999999999796e-01
1.993999999999999882e-06,3.679999999999999938e-01
1.996000000000000032e-06,3.760000000000000009e-01
1.998000000000000183e-06,3.840000000000000080e-01
2.000000000000000333e-06,4.000000000000000222e-01
2.002000000000000483e-06,4.080000000000000293e-01
2.003999999999999786e-06,4.239999999999999880e-01
2.005999999999999937e-06,4.319999999999999951e-01
2.008000000000000087e-06,4.319999999999999951e-01
2.010000000000000237e-06,4.480000000000000093e-01
2.012000000000000388e-06,4.640000000000000235e-01
2.014000000000000538e-06,4.799999999999999822e-01
2.015999999999999841e-06,4.799999999999999822e-01
2.017999999999999991e-06,4.959999999999999964e-01
2.020000000000000142e-06,5.200000000000000178e-01
2.022000000000000292e-06,5.280000000000000249e-01
2.024000000000000442e-06,5.440000000000000391e-01
2.025999999999999745e-06,5.600000000000000533e-01
2.027999999999999896e-06,5.680000000000000604e-01
2.030000000000000046e-06,5.919999999999999707e-01
2.032000000000000196e-06,5.999999999999999778e-01
2.034000000000000346e-06,6.159999999999999920e-01
2.036000000000000497e-06,6.400000000000000133e-01
2.037999999999999800e-06,6.400000000000000133e-01
2.039999999999999950e-06,6.640000000000000346e-01
2.042000000000000100e-06,6.880000000000000560e-01
2.044000000000000251e-06,6.960000000000000631e-01
2.046000000000000401e-06,7.119999999999999662e-01
2.048000000000000551e-06,7.279999999999999805e-01
2.049999999999999854e-06,7.439999999999999947e-01
2.052000000000000005e-06,7.680000000000000160e-01
2.054000000000000155e-06,7.920000000000000373e-01
2.056000000000000305e-06,8.080000000000000515e-01
2.058000000000000455e-06,-1.223999999999999977e+00
2.059999999999999759e-06,-1.199999999999999956e+00
2.061999999999999909e-06,-1.191999999999999948e+00
2.064000000000000059e-06,-1.167999999999999927e+00
2.066000000000000209e-06,-1.152000000000000135e+00
2.068000000000000360e-06,-1.128000000000000114e+00
2.070000000000000510e-06,-1.112000000000000099e+00
2.071999999999999813e-06,-1.096000000000000085e+00
2.073999999999999963e-06,-1.072000000000000064e+00
2.076000000000000114e-06,-1.048000000000000043e+00
2.078000000000000264e-06,-1.024000000000000021e+00
2.080000000000000414e-06,-1.008000000000000007e+00
2.082000000000000564e-06,-9.839999999999999858e-01
2.083999999999999868e-06,-9.679999999999999716e-01
2.086000000000000018e-06,-9.520000000000000684e-01
2.088000000000000168e-06,-9.360000000000000542e-01
2.090000000000000318e-06,-9.120000000000000329e-01
2.092000000000000469e-06,-8.880000000000000115e-01
2.093999999999999772e-06,-8.800000000000000044e-01
2.095999999999999922e-06,-8.559999999999999831e-01
2.098000000000000072e-06,-8.399999999999999689e-01
2.100000000000000223e-06,-8.320000000000000728e-01
2.102000000000000373e-06,-8.080000000000000515e-01
2.104000000000000523e-06,-8.000000000000000444e-01
2.105999999999999826e-06,-7.760000000000000231e-01
2.107999999999999977e-06,-7.600000000000000089e-01
2.110000000000000127e-06,-7.439999999999999947e-01
2.112000000000000277e-06,-7.439999999999999947e-01
2.114000000000000427e-06,-7.199999999999999734e-01
2.116000000000000578e-06,-7.119999999999999662e-01
2.117999999999999881e-06,-7.039999999999999591e-01
2.120000000000000031e-06,-6.880000000000000560e-01
2.122000000000000181e-06,-6.800000000000000488e-01
2.124000000000000332e-06,-6.640000000000000346e-01
2.126000000000000482e-06,-6.560000000000000275e-01
2.127999999999999785e-06,-6.480000000000000204e-01
2.129999999999999935e-06,-6.400000000000000133e-01
2.132000000000000086e-06,-6.320000000000000062e-01
2.134000000000000236e-06,-6.320000000000000062e-01
2.136000000000000386e-06,-6.159999999999999920e-01
2.138000000000000536e-06,-6.159999999999999920e-01
2.139999999999999840e-06,-6.159999999999999920e-01
2.141999999999999990e-06,-6.079999999999999849e-01
2.144000000000000140e-06,-5.999999999999999778e-01
2.146000000000000290e-06,-6.079999999999999849e-01
2.148000000000000441e-06,-5.999999999999999778e-01
2.149999999999999744e-06,-5.999999999999999778e-01
2.151999999999999894e-06,-5.919999999999999707e-01
2.154000000000000044e-06,-6.079999999999999849e-01
2.156000000000000195e-06,-6.079999999999999849e-01
2.158000000000000345e-06,-5.999999999999999778e-01
2.160000000000000495e-06,-6.079999999999999849e-01
2.161999999999999798e-06,-6.159999999999999920e-01
2.163999999999999949e-06,-6.239999999999999991e-01
2.166000000000000099e-06,-6.159999999999999920e-01
2.168000000000000249e-06,-6.239999999999999991e-01
2.170000000000000399e-06,-6.239999999999999991e-01
2.172000000000000550e-06,-6.320000000000000062e-01
2.173999999999999853e-06,-6.480000000000000204e-01
2.176000000000000003e-06,-6.480000000000000204e-01
2.178000000000000153e-06,-6.640000000000000346e-01
2.180000000000000304e-06,-6.720000000000000417e-01
2.182000000000000454e-06,-6.800000000000000488e-01
2.183999999999999757e-06,-6.960000000000000631e-01
2.185999999999999907e-06,-7.039999999999999591e-01
2.188000000000000058e-06,-7.119999999999999662e-01
2.190000000000000208e-06,-7.119999999999999662e-01
2.192000000000000358e-06,-7.199999999999999734e-01
2.194000000000000508e-06,-7.279999999999999805e-01
2.195999999999999812e-06,-7.520000000000000018e-01
2.197999999999999962e-06,-7.680000000000000160e-01
2.200000000000000112e-06,-7.760000000000000231e-01
2.202000000000000262e-06,-7.840000000000000302e-01
2.204000000000000413e-06,-8.000000000000000444e-01
2.206000000000000563e-06,-8.080000000000000515e-01
2.207999999999999866e-06,-8.160000000000000586e-01
2.210000000000000016e-06,-8.240000000000000657e-01
2.212000000000000167e-06,-8.479999999999999760e-01
2.214000000000000317e-06,-8.639999999999999902e-01
2.216000000000000467e-06,-8.719999999999999973e-01
2.217999999999999770e-06,-8.880000000000000115e-01
2.219999999999999921e-06,-8.960000000000000187e-01
2.222000000000000071e-06,-9.040000000000000258e-01
2.224000000000000221e-06,-9.120000000000000329e-01
2.226000000000000371e-06,-9.280000000000000471e-01
2.228000000000000522e-06,-9.440000000000000613e-01
2.229999999999999825e-06,-9.520000000000000684e-01
2.231999999999999975e-06,-9.759999999999999787e-01
2.234000000000000125e-06,-9.759999999999999787e-01
2.236000000000000276e-06,-9.919999999999999929e-01
2.238000000000000426e-06,-1.008000000000000007e+00
2.240000000000000576e-06,-1.016000000000000014e+00
2.241999999999999879e-06,-1.032000000000000028e+00
2.244000000000000030e-06,-1.040000000000000036e+00
2.246000000000000180e-06,-1.056000000000000050e+00
2.248000000000000330e-06,-1.064000000000000057e+00
2.250000000000000481e-06,-1.080000000000000071e+00
2.251999999999999784e-06,-1.088000000000000078e+00
2.253999999999999934e-06,-1.096000000000000085e+00
2.256000000000000084e-06,-1.104000000000000092e+00
2.258000000000000235e-06,-1.128000000000000114e+00
2.260000000000000385e-06,-1.128000000000000114e+00
2.262000000000000535e-06,-1.144000000000000128e+00
2.263999999999999838e-06,-1.159999999999999920e+00
2.265999999999999989e-06,-1.159999999999999920e+00
2.268000000000000139e-06,-1.167999999999999927e+00
2.270000000000000289e-06,-1.175999999999999934e+00
2.272000000000000439e-06,-1.199999999999999956e+00
2.273999999999999743e-06,-1.191999999999999948e+00
2.275999999999999893e-06,-1.207999999999999963e+00
2.278000000000000043e-06,-1.215999999999999970e+00
2.280000000000000193e-06,-1.223999999999999977e+00
2.282000000000000344e-06,8.080000000000000515e-01
2.284000000000000494e-06,7.920000000000000373e-01
2.285999999999999797e-06,7.840000000000000302e-01
2.287999999999999947e-06,7.840000000000000302e-01
2.290000000000000098e-06,7.840000000000000302e-01
2.292000000000000248e-06,7.520000000000000018e-01
2.294000000000000398e-06,7.600000000000000089e-01
2.296000000000000548e-06,7.439999999999999947e-01
2.297999999999999852e-06,7.520000000000000018e-01
2.300000000000000002e-06,7.279999999999999805e-01
2.302000000000000152e-06,7.199999999999999734e-01
2.304000000000000302e-06,7.199999999999999734e-01
2.306000000000000453e-06,7.119999999999999662e-01
2.307999999999999756e-06,6.960000000000000631e-01
2.309999999999999906e-06,7.039999999999999591e-01
2.312000000000000056e-06,6.880000000000000560e-01
2.314000000000000207e-06,6.800000000000000488e-01
2.316000000000000357e-06,6.720000000000000417e-01
2.318000000000000507e-06,6.720000000000000417e-01
2.319999999999999810e-06,6.640000000000000346e-01
2.321999999999999961e-06,6.560000000000000275e-01
2.324000000000000111e-06,6.480000000000000204e-01
2.326000000000000261e-06,6.480000000000000204e-01
2.328000000000000411e-06,6.400000000000000133e-01
2.330000000000000562e-06,6.320000000000000062e-01
2.331999999999999865e-06,6.239999999999999991e-01
2.334000000000000015e-06,6.239999999999999991e-01
2.336000000000000165e-06,6.159999999999999920e-01
2.338000000000000316e-06,6.079999999999999849e-01
2.340000000000000466e-06,5.999999999999999778e-01
2.341999999999999769e-06,5.999999999999999778e-01
2.343999999999999919e-06,5.999999999999999778e-01
2.346000000000000070e-06,5.919999999999999707e-01
2.348000000000000220e-06,5.999999999999999778e-01
2.350000000000000370e-06,5.839999999999999636e-01
2.352000000000000520e-06,5.760000000000000675e-01
2.353999999999999824e-06,5.760000000000000675e-01
2.355999999999999974e-06,5.680000000000000604e-01
2.358000000000000124e-06,5.600000000000000533e-01
2.360000000000000274e-06,5.600000000000000533e-01
2.362000000000000425e-06,5.520000000000000462e-01
2.364000000000000575e-06,5.520000000000000462e-01
2.365999999999999878e-06,5.520000000000000462e-01
2.368000000000000028e-06,5.520000000000000462e-01
2.370000000000000179e-06,5.360000000000000320e-01
2.372000000000000329e-06,5.360000000000000320e-01
2.374000000000000479e-06,5.360000000000000320e-01
2.375999999999999782e-06,5.280000000000000249e-01
2.377999999999999933e-06,5.200000000000000178e-01
2.380000000000000083e-06,5.280000000000000249e-01
2.382000000000000233e-06,5.200000000000000178e-01
2.384000000000000383e-06,5.120000000000000107e-01
2.386000000000000534e-06,5.200000000000000178e-01
2.387999999999999837e-06,5.120000000000000107e-01
2.389999999999999987e-06,5.040000000000000036e-01
2.392000000000000137e-06,5.040000000000000036e-01
2.394000000000000288e-06,4.959999999999999964e-01
2.396000000000000438e-06,5.040000000000000036e-01
2.398000000000000588e-06,5.040000000000000036e-01
2.399999999999999891e-06,4.959999999999999964e-01
2.402000000000000042e-06,4.879999999999999893e-01
2.404000000000000192e-06,4.879999999999999893e-01
2.406000000000000342e-06,4.879999999999999893e-01
2.408000000000000492e-06,4.879999999999999893e-01
2.409999999999999796e-06,4.799999999999999822e-01
2.411999999999999946e-06,4.799999999999999822e-01
2.414000000000000096e-06,4.720000000000000306e-01
2.416000000000000246e-06,4.720000000000000306e-01
2.418000000000000397e-06,4.640000000000000235e-01
2.420000000000000547e-06,4.720000000000000306e-01
2.421999999999999850e-06,4.640000000000000235e-01
2.424000000000000000e-06,4.560000000000000164e-01
2.426000000000000151e-06,4.560000000000000164e-01
2.428000000000000301e-06,4.560000000000000164e-01
2.430000000000000451e-06,4.560000000000000164e-01
2.431999999999999754e-06,4.560000000000000164e-01
2.433999999999999905e-06,4.480000000000000093e-01
2.436000000000000055e-06,4.480000000000000093e-01
2.438000000000000205e-06,4.480000000000000093e-01
2.440000000000000355e-06,4.319999999999999951e-01
2.442000000000000506e-06,4.480000000000000093e-01
2.443999999999999809e-06,4.480000000000000093e-01
2.445999999999999959e-06,4.319999999999999951e-01
2.448000000000000109e-06,4.400000000000000022e-01
2.450000000000000260e-06,4.400000000000000022e-01
2.452000000000000410e-06,4.319999999999999951e-01
2.454000000000000560e-06,4.239999999999999880e-01
2.455999999999999863e-06,4.319999999999999951e-01
2.458000000000000014e-06,4.239999999999999880e-01
2.460000000000000164e-06,4.160000000000000364e-01
2.462000000000000314e-06,4.239999999999999880e-01
2.464000000000000464e-06,4.160000000000000364e-01
2.465999999999999768e-06,4.239999999999999880e-01
2.467999999999999918e-06,4.160000000000000364e-01
2.470000000000000068e-06,4.080000000000000293e-01
2.472000000000000218e-06,4.160000000000000364e-01
2.474000000000000369e-06,4.160000000000000364e-01
2.476000000000000519e-06,4.160000000000000364e-01
2.477999999999999822e-06,4.080000000000000293e-01
2.479999999999999972e-06,4.160000000000000364e-01
2.482000000000000123e-06,4.000000000000000222e-01
2.484000000000000273e-06,4.000000000000000222e-01
2.486000000000000423e-06,4.080000000000000293e-01
2.488000000000000574e-06,4.080000000000000293e-01
2.489999999999999877e-06,3.920000000000000151e-01
2.492000000000000027e-06,4.080000000000000293e-01
2.494000000000000177e-06,4.000000000000000222e-01
2.496000000000000328e-06,4.000000000000000222e-01
2.498000000000000478e-06,3.920000000000000151e-01
2.499999999999999781e-06,3.920000000000000151e-01
2.501999999999999931e-06,4.000000000000000222e-01
2.504000000000000082e-06,3.920000000000000151e-01
2.506000000000000232e-06,3.920000000000000151e-01
2.508000000000000382e-06,3.840000000000000080e-01
2.510000000000000532e-06,3.920000000000000151e-01
2.511999999999999836e-06,3.840000000000000080e-01
2.513999999999999986e-06,3.920000000000000151e-01
2.516000000000000136e-06,3.840000000000000080e-01
2.518000000000000286e-06,3.840000000000000080e-01
2.520000000000000437e-06,3.840000000000000080e-01
2.522000000000000587e-06,3.760000000000000009e-01
2.523999999999999890e-06,3.840000000000000080e-01
2.526000000000000040e-06,3.840000000000000080e-01
2.528000000000000191e-06,3.760000000000000009e-01
2.530000000000000341e-06,3.760000000000000009e-01
2.532000000000000491e-06,3.760000000000000009e-01
2.533999999999999794e-06,3.760000000000000009e-01
2.535999999999999945e-06,3.760000000000000009e-01
2.538000000000000095e-06,3.760000000000000009e-01
2.540000000000000245e-06,3.679999999999999938e-01
2.542000000000000395e-06,3.760000000000000009e-01
2.544000000000000546e-06,3.599999999999999867e-01
2.545999999999999849e-06,3.599999999999999867e-01
2.547999999999999999e-06,3.599999999999999867e-01
2.550000000000000149e-06,3.679999999999999938e-01
2.552000000000000300e-06,3.679999999999999938e-01
2.554000000000000450e-06,3.679999999999999938e-01
2.556000000000000600e-06,3.519999999999999796e-01
2.557999999999999903e-06,3.599999999999999867e-01
2.560000000000000054e-06,3.599999999999999867e-01
2.562000000000000204e-06,3.599999999999999867e-01
2.564000000000000354e-06,3.679999999999999938e-01
2.566000000000000504e-06,3.599999999999999867e-01
2.567999999999999808e-06,3.519999999999999796e-01
2.569999999999999958e-06,3.519999999999999796e-01
2.572000000000000108e-06,3.519999999999999796e-01
2.574000000000000258e-06,3.599999999999999867e-01
2.576000000000000409e-06,3.519999999999999796e-01
2.578000000000000559e-06,3.519999999999999796e-01
2.579999999999999862e-06,3.599999999999999867e-01
2.582000000000000012e-06,3.599999999999999867e-01
2.584000000000000163e-06,3.519999999999999796e-01
2.586000000000000313e-06,3.440000000000000280e-01
2.588000000000000463e-06,3.519999999999999796e-01
2.589999999999999766e-06,3.519999999999999796e-01
2.591999999999999917e-06,3.519999999999999796e-01
2.594000000000000067e-06,3.519999999999999796e-01
2.596000000000000217e-06,3.519999999999999796e-01
2.598000000000000367e-06,3.519999999999999796e-01
2.600000000000000518e-06,3.519999999999999796e-01
2.601999999999999821e-06,3.440000000000000280e-01
2.603999999999999971e-06,3.440000000000000280e-01
2.606000000000000121e-06,3.360000000000000209e-01
2.608000000000000272e-06,3.360000000000000209e-01
2.610000000000000422e-06,3.440000000000000280e-01
2.612000000000000572e-06,3.440000000000000280e-01
2.613999999999999875e-06,3.440000000000000280e-01
2.616000000000000026e-06,3.440000000000000280e-01
2.618000000000000176e-06,3.440000000000000280e-01
2.620000000000000326e-06,3.440000000000000280e-01
2.622000000000000476e-06,3.360000000000000209e-01
2.623999999999999780e-06,3.360000000000000209e-01
2.625999999999999930e-06,3.360000000000000209e-01
2.628000000000000080e-06,3.360000000000000209e-01
2.630000000000000230e-06,3.440000000000000280e-01
2.632000000000000381e-06,3.360000000000000209e-01
2.634000000000000531e-06,3.200000000000000067e-01
2.635999999999999834e-06,3.360000000000000209e-01
2.637999999999999984e-06,3.280000000000000138e-01
2.640000000000000135e-06,3.360000000000000209e-01
