time_s,voltage_V
-1.248999999999999893e-03,1.600000000000000033e-01
-1.247999999999999977e-03,1.600000000000000033e-01
-1.246999999999999845e-03,1.600000000000000033e-01
-1.245999999999999929e-03,1.600000000000000033e-01
-1.244999999999999796e-03,1.400000000000000133e-01
-1.243999999999999880e-03,1.600000000000000033e-01
-1.242999999999999964e-03,1.400000000000000133e-01
-1.241999999999999832e-03,1.400000000000000133e-01
-1.240999999999999916e-03,1.400000000000000133e-01
-1.240000000000000000e-03,1.600000000000000033e-01
-1.238999999999999867e-03,1.799999999999999933e-01
-1.237999999999999951e-03,1.600000000000000033e-01
-1.236999999999999818e-03,1.600000000000000033e-01
-1.235999999999999903e-03,1.600000000000000033e-01
-1.234999999999999987e-03,1.799999999999999933e-01
-1.233999999999999854e-03,1.799999999999999933e-01
-1.232999999999999938e-03,1.600000000000000033e-01
-1.231999999999999805e-03,1.600000000000000033e-01
-1.230999999999999889e-03,1.400000000000000133e-01
-1.229999999999999974e-03,1.400000000000000133e-01
-1.228999999999999841e-03,1.799999999999999933e-01
-1.227999999999999925e-03,1.799999999999999933e-01
-1.226999999999999792e-03,1.600000000000000033e-01
-1.225999999999999876e-03,1.400000000000000133e-01
-1.224999999999999960e-03,1.400000000000000133e-01
-1.223999999999999828e-03,1.799999999999999933e-01
-1.222999999999999912e-03,2.000000000000000111e-01
-1.221999999999999996e-03,1.600000000000000033e-01
-1.220999999999999863e-03,1.600000000000000033e-01
-1.219999999999999947e-03,1.600000000000000033e-01
-1.218999999999999815e-03,1.600000000000000033e-01
-1.217999999999999899e-03,2.000000000000000111e-01
-1.216999999999999983e-03,1.600000000000000033e-01
-1.215999999999999850e-03,1.400000000000000133e-01
-1.214999999999999934e-03,1.400000000000000133e-01
-1.213999999999999801e-03,1.600000000000000033e-01
-1.212999999999999886e-03,2.000000000000000111e-01
-1.211999999999999970e-03,1.799999999999999933e-01
-1.210999999999999837e-03,1.400000000000000133e-01
-1.209999999999999921e-03,1.600000000000000033e-01
-1.209000000000000005e-03,1.799999999999999933e-01
-1.207999999999999872e-03,2.000000000000000111e-01
-1.206999999999999957e-03,1.600000000000000033e-01
-1.205999999999999824e-03,1.199999999999999956e-01
-1.204999999999999908e-03,1.199999999999999956e-01
-1.203999999999999992e-03,1.400000000000000133e-01
-1.202999999999999859e-03,1.799999999999999933e-01
-1.201999999999999943e-03,1.799999999999999933e-01
-1.200999999999999811e-03,1.600000000000000033e-01
-1.199999999999999895e-03,1.600000000000000033e-01
-1.198999999999999979e-03,1.600000000000000033e-01
-1.197999999999999846e-03,1.400000000000000133e-01
-1.196999999999999930e-03,1.400000000000000133e-01
-1.195999999999999798e-03,1.799999999999999933e-01
-1.194999999999999882e-03,2.000000000000000111e-01
-1.193999999999999966e-03,1.600000000000000033e-01
-1.192999999999999833e-03,1.600000000000000033e-01
-1.191999999999999917e-03,1.199999999999999956e-01
-1.190999999999999785e-03,1.600000000000000033e-01
-1.189999999999999869e-03,1.799999999999999933e-01
-1.188999999999999953e-03,1.400000000000000133e-01
-1.187999999999999820e-03,1.400000000000000133e-01
-1.186999999999999904e-03,1.199999999999999956e-01
-1.185999999999999988e-03,1.199999999999999956e-01
-1.184999999999999856e-03,1.400000000000000133e-01
-1.183999999999999940e-03,1.600000000000000033e-01
-1.182999999999999807e-03,2.200000000000000011e-01
-1.181999999999999891e-03,1.799999999999999933e-01
-1.180999999999999975e-03,1.400000000000000133e-01
-1.179999999999999842e-03,1.400000000000000133e-01
-1.178999999999999927e-03,1.199999999999999956e-01
-1.177999999999999794e-03,2.000000000000000111e-01
-1.176999999999999878e-03,1.799999999999999933e-01
-1.175999999999999962e-03,1.600000000000000033e-01
-1.174999999999999829e-03,1.199999999999999956e-01
-1.173999999999999913e-03,1.199999999999999956e-01
-1.172999999999999998e-03,1.600000000000000033e-01
-1.171999999999999865e-03,2.000000000000000111e-01
-1.170999999999999949e-03,1.799999999999999933e-01
-1.169999999999999816e-03,1.400000000000000133e-01
-1.168999999999999900e-03,1.199999999999999956e-01
-1.167999999999999984e-03,1.799999999999999933e-01
-1.166999999999999852e-03,3.800000000000000044e-01
-1.165999999999999936e-03,2.000000000000000111e-01
-1.164999999999999803e-03,1.600000000000000033e-01
-1.163999999999999887e-03,1.600000000000000033e-01
-1.162999999999999971e-03,1.400000000000000133e-01
-1.161999999999999839e-03,1.799999999999999933e-01
-1.160999999999999923e-03,2.800000000000000266e-01
-1.160000000000000007e-03,2.000000000000000111e-01
-1.158999999999999874e-03,3.800000000000000044e-01
-1.157999999999999958e-03,2.200000000000000011e-01
-1.156999999999999825e-03,1.799999999999999933e-01
-1.155999999999999910e-03,1.600000000000000033e-01
-1.154999999999999994e-03,1.400000000000000133e-01
-1.153999999999999861e-03,1.600000000000000033e-01
-1.152999999999999945e-03,2.200000000000000011e-01
-1.151999999999999812e-03,1.600000000000000033e-01
-1.150999999999999896e-03,1.199999999999999956e-01
-1.149999999999999981e-03,1.199999999999999956e-01
-1.148999999999999848e-03,1.199999999999999956e-01
-1.147999999999999932e-03,1.199999999999999956e-01
-1.146999999999999799e-03,1.000000000000000056e-01
-1.145999999999999883e-03,1.000000000000000056e-01
-1.144999999999999967e-03,8.000000000000000167e-02
-1.143999999999999835e-03,8.000000000000000167e-02
-1.142999999999999919e-03,8.000000000000000167e-02
-1.141999999999999786e-03,8.000000000000000167e-02
-1.140999999999999870e-03,5.999999999999999778e-02
-1.139999999999999954e-03,5.999999999999999778e-02
-1.138999999999999822e-03,5.999999999999999778e-02
-1.137999999999999906e-03,4.000000000000000083e-02
-1.136999999999999990e-03,5.999999999999999778e-02
-1.135999999999999857e-03,5.999999999999999778e-02
-1.134999999999999941e-03,5.999999999999999778e-02
-1.133999999999999809e-03,5.999999999999999778e-02
-1.132999999999999893e-03,5.999999999999999778e-02
-1.131999999999999977e-03,4.000000000000000083e-02
-1.130999999999999844e-03,4.000000000000000083e-02
-1.129999999999999928e-03,4.000000000000000083e-02
-1.128999999999999795e-03,2.000000000000000042e-02
-1.127999999999999879e-03,4.000000000000000083e-02
-1.126999999999999964e-03,4.000000000000000083e-02
-1.125999999999999831e-03,4.000000000000000083e-02
-1.124999999999999915e-03,2.000000000000000042e-02
-1.123999999999999999e-03,2.000000000000000042e-02
-1.122999999999999866e-03,4.000000000000000083e-02
-1.121999999999999950e-03,2.000000000000000042e-02
-1.120999999999999818e-03,2.000000000000000042e-02
-1.119999999999999902e-03,4.000000000000000083e-02
-1.118999999999999986e-03,2.000000000000000042e-02
-1.117999999999999853e-03,2.000000000000000042e-02
-1.116999999999999937e-03,2.000000000000000042e-02
-1.115999999999999805e-03,2.000000000000000042e-02
-1.114999999999999889e-03,2.000000000000000042e-02
-1.113999999999999973e-03,2.000000000000000042e-02
-1.112999999999999840e-03,2.000000000000000042e-02
-1.111999999999999924e-03,2.000000000000000042e-02
-1.111000000000000008e-03,0.000000000000000000e+00
-1.109999999999999876e-03,2.000000000000000042e-02
-1.108999999999999960e-03,2.000000000000000042e-02
-1.107999999999999827e-03,0.000000000000000000e+00
-1.106999999999999911e-03,2.000000000000000042e-02
-1.105999999999999778e-03,0.000000000000000000e+00
-1.104999999999999863e-03,0.000000000000000000e+00
-1.103999999999999947e-03,2.000000000000000042e-02
-1.102999999999999814e-03,2.000000000000000042e-02
-1.101999999999999898e-03,0.000000000000000000e+00
-1.100999999999999982e-03,2.000000000000000042e-02
-1.099999999999999849e-03,2.000000000000000042e-02
-1.098999999999999934e-03,0.000000000000000000e+00
-1.098000000000000018e-03,0.000000000000000000e+00
-1.096999999999999885e-03,0.000000000000000000e+00
-1.095999999999999969e-03,2.000000000000000042e-02
-1.094999999999999836e-03,0.000000000000000000e+00
-1.093999999999999920e-03,0.000000000000000000e+00
-1.092999999999999788e-03,0.000000000000000000e+00
-1.091999999999999872e-03,2.000000000000000042e-02
-1.090999999999999956e-03,0.000000000000000000e+00
-1.089999999999999823e-03,0.000000000000000000e+00
-1.088999999999999907e-03,0.000000000000000000e+00
-1.087999999999999991e-03,0.000000000000000000e+00
-1.086999999999999859e-03,0.000000000000000000e+00
-1.085999999999999943e-03,0.000000000000000000e+00
-1.084999999999999810e-03,0.000000000000000000e+00
-1.083999999999999894e-03,2.000000000000000042e-02
-1.082999999999999978e-03,0.000000000000000000e+00
-1.081999999999999846e-03,0.000000000000000000e+00
-1.080999999999999930e-03,0.000000000000000000e+00
-1.079999999999999797e-03,0.000000000000000000e+00
-1.078999999999999881e-03,0.000000000000000000e+00
-1.077999999999999965e-03,0.000000000000000000e+00
-1.076999999999999832e-03,0.000000000000000000e+00
-1.075999999999999917e-03,0.000000000000000000e+00
-1.075000000000000001e-03,0.000000000000000000e+00
-1.073999999999999868e-03,2.000000000000000042e-02
-1.072999999999999952e-03,2.000000000000000042e-02
-1.071999999999999819e-03,0.000000000000000000e+00
-1.070999999999999903e-03,0.000000000000000000e+00
-1.069999999999999988e-03,0.000000000000000000e+00
-1.068999999999999855e-03,0.000000000000000000e+00
-1.067999999999999939e-03,0.000000000000000000e+00
-1.066999999999999806e-03,0.000000000000000000e+00
-1.065999999999999890e-03,0.000000000000000000e+00
-1.064999999999999974e-03,0.000000000000000000e+00
-1.063999999999999842e-03,0.000000000000000000e+00
-1.062999999999999926e-03,0.000000000000000000e+00
-1.062000000000000010e-03,0.000000000000000000e+00
-1.060999999999999877e-03,2.000000000000000042e-02
-1.059999999999999961e-03,0.000000000000000000e+00
-1.058999999999999829e-03,2.000000000000000042e-02
-1.057999999999999913e-03,0.000000000000000000e+00
-1.056999999999999780e-03,0.000000000000000000e+00
-1.055999999999999864e-03,2.000000000000000042e-02
-1.054999999999999948e-03,0.000000000000000000e+00
-1.053999999999999816e-03,2.000000000000000042e-02
-1.052999999999999900e-03,0.000000000000000000e+00
-1.051999999999999984e-03,2.000000000000000042e-02
-1.050999999999999851e-03,2.000000000000000042e-02
-1.049999999999999935e-03,0.000000000000000000e+00
-1.049000000000000019e-03,0.000000000000000000e+00
-1.047999999999999887e-03,0.000000000000000000e+00
-1.046999999999999971e-03,0.000000000000000000e+00
-1.045999999999999838e-03,0.000000000000000000e+00
-1.044999999999999922e-03,0.000000000000000000e+00
-1.043999999999999789e-03,0.000000000000000000e+00
-1.042999999999999873e-03,0.000000000000000000e+00
-1.041999999999999958e-03,2.000000000000000042e-02
-1.040999999999999825e-03,0.000000000000000000e+00
-1.039999999999999909e-03,0.000000000000000000e+00
-1.038999999999999993e-03,0.000000000000000000e+00
-1.037999999999999860e-03,0.000000000000000000e+00
-1.036999999999999944e-03,0.000000000000000000e+00
-1.035999999999999812e-03,0.000000000000000000e+00
-1.034999999999999896e-03,0.000000000000000000e+00
-1.033999999999999980e-03,0.000000000000000000e+00
-1.032999999999999847e-03,0.000000000000000000e+00
-1.031999999999999931e-03,0.000000000000000000e+00
-1.030999999999999799e-03,0.000000000000000000e+00
-1.029999999999999883e-03,0.000000000000000000e+00
-1.028999999999999967e-03,0.000000000000000000e+00
-1.027999999999999834e-03,2.000000000000000042e-02
-1.026999999999999918e-03,0.000000000000000000e+00
-1.026000000000000002e-03,0.000000000000000000e+00
-1.024999999999999870e-03,0.000000000000000000e+00
-1.023999999999999954e-03,0.000000000000000000e+00
-1.022999999999999821e-03,0.000000000000000000e+00
-1.021999999999999905e-03,0.000000000000000000e+00
-1.020999999999999989e-03,0.000000000000000000e+00
-1.019999999999999856e-03,0.000000000000000000e+00
-1.018999999999999941e-03,0.000000000000000000e+00
-1.017999999999999808e-03,0.000000000000000000e+00
-1.016999999999999892e-03,0.000000000000000000e+00
-1.015999999999999976e-03,2.000000000000000042e-02
-1.014999999999999843e-03,0.000000000000000000e+00
-1.013999999999999927e-03,0.000000000000000000e+00
-1.013000000000000012e-03,0.000000000000000000e+00
-1.011999999999999879e-03,2.000000000000000042e-02
-1.010999999999999963e-03,-2.000000000000000042e-02
-1.009999999999999830e-03,0.000000000000000000e+00
-1.008999999999999914e-03,0.000000000000000000e+00
-1.007999999999999998e-03,0.000000000000000000e+00
-1.006999999999999866e-03,0.000000000000000000e+00
-1.005999999999999950e-03,0.000000000000000000e+00
-1.004999999999999817e-03,0.000000000000000000e+00
-1.003999999999999901e-03,0.000000000000000000e+00
-1.002999999999999985e-03,0.000000000000000000e+00
-1.001999999999999853e-03,0.000000000000000000e+00
-1.000999999999999937e-03,0.000000000000000000e+00
-1.000000000000000021e-03,0.000000000000000000e+00
-9.989999999999998881e-04,0.000000000000000000e+00
-9.979999999999999722e-04,0.000000000000000000e+00
-9.969999999999998395e-04,2.000000000000000042e-02
-9.959999999999999236e-04,0.000000000000000000e+00
-9.949999999999997909e-04,0.000000000000000000e+00
-9.939999999999998750e-04,0.000000000000000000e+00
-9.929999999999999591e-04,0.000000000000000000e+00
-9.919999999999998264e-04,-2.000000000000000042e-02
-9.909999999999999105e-04,0.000000000000000000e+00
-9.899999999999999946e-04,0.000000000000000000e+00
-9.889999999999998619e-04,0.000000000000000000e+00
-9.879999999999999460e-04,0.000000000000000000e+00
-9.870000000000000301e-04,0.000000000000000000e+00
-9.859999999999998974e-04,0.000000000000000000e+00
-9.849999999999999815e-04,0.000000000000000000e+00
-9.839999999999998487e-04,0.000000000000000000e+00
-9.829999999999999329e-04,2.000000000000000042e-02
-9.819999999999998001e-04,0.000000000000000000e+00
-9.809999999999998842e-04,0.000000000000000000e+00
-9.799999999999999684e-04,0.000000000000000000e+00
-9.789999999999998356e-04,0.000000000000000000e+00
-9.779999999999999197e-04,0.000000000000000000e+00
-9.770000000000000039e-04,2.000000000000000042e-02
-9.759999999999998711e-04,0.000000000000000000e+00
-9.749999999999999552e-04,0.000000000000000000e+00
-9.739999999999999309e-04,0.000000000000000000e+00
-9.729999999999999066e-04,0.000000000000000000e+00
-9.719999999999998823e-04,0.000000000000000000e+00
-9.709999999999998580e-04,0.000000000000000000e+00
-9.699999999999999421e-04,0.000000000000000000e+00
-9.689999999999999178e-04,0.000000000000000000e+00
-9.679999999999998935e-04,-2.000000000000000042e-02
-9.669999999999999776e-04,0.000000000000000000e+00
-9.659999999999998449e-04,0.000000000000000000e+00
-9.649999999999999290e-04,0.000000000000000000e+00
-9.639999999999999047e-04,0.000000000000000000e+00
-9.629999999999998804e-04,0.000000000000000000e+00
-9.619999999999999645e-04,0.000000000000000000e+00
-9.609999999999998318e-04,2.000000000000000042e-02
-9.599999999999999159e-04,0.000000000000000000e+00
-9.589999999999998916e-04,0.000000000000000000e+00
-9.579999999999998673e-04,0.000000000000000000e+00
-9.569999999999999514e-04,0.000000000000000000e+00
-9.559999999999999271e-04,0.000000000000000000e+00
-9.549999999999999028e-04,0.000000000000000000e+00
-9.539999999999999869e-04,0.000000000000000000e+00
-9.529999999999998542e-04,0.000000000000000000e+00
-9.519999999999999383e-04,0.000000000000000000e+00
-9.509999999999999140e-04,0.000000000000000000e+00
-9.499999999999998897e-04,0.000000000000000000e+00
-9.489999999999999738e-04,0.000000000000000000e+00
-9.479999999999998411e-04,0.000000000000000000e+00
-9.469999999999999252e-04,0.000000000000000000e+00
-9.459999999999999009e-04,0.000000000000000000e+00
-9.449999999999998766e-04,0.000000000000000000e+00
-9.439999999999999607e-04,0.000000000000000000e+00
-9.429999999999998279e-04,0.000000000000000000e+00
-9.419999999999999121e-04,0.000000000000000000e+00
-9.409999999999998877e-04,0.000000000000000000e+00
-9.399999999999998634e-04,0.000000000000000000e+00
-9.389999999999999476e-04,0.000000000000000000e+00
-9.379999999999999232e-04,0.000000000000000000e+00
-9.369999999999998989e-04,0.000000000000000000e+00
-9.359999999999999831e-04,0.000000000000000000e+00
-9.349999999999998503e-04,0.000000000000000000e+00
-9.339999999999999344e-04,0.000000000000000000e+00
-9.329999999999999101e-04,0.000000000000000000e+00
-9.319999999999998858e-04,0.000000000000000000e+00
-9.309999999999999699e-04,0.000000000000000000e+00
-9.299999999999998372e-04,0.000000000000000000e+00
-9.289999999999999213e-04,2.000000000000000042e-02
-9.279999999999998970e-04,0.000000000000000000e+00
-9.269999999999998727e-04,0.000000000000000000e+00
-9.259999999999999568e-04,0.000000000000000000e+00
-9.249999999999999325e-04,0.000000000000000000e+00
-9.239999999999999082e-04,0.000000000000000000e+00
-9.229999999999998839e-04,2.000000000000000042e-02
-9.219999999999998596e-04,0.000000000000000000e+00
-9.209999999999999437e-04,0.000000000000000000e+00
-9.199999999999999194e-04,0.000000000000000000e+00
-9.189999999999998951e-04,0.000000000000000000e+00
-9.179999999999999792e-04,0.000000000000000000e+00
-9.169999999999998465e-04,0.000000000000000000e+00
-9.159999999999999306e-04,2.000000000000000042e-02
-9.149999999999999063e-04,0.000000000000000000e+00
-9.139999999999998820e-04,0.000000000000000000e+00
-9.129999999999999661e-04,0.000000000000000000e+00
-9.119999999999998334e-04,0.000000000000000000e+00
-9.109999999999999175e-04,0.000000000000000000e+00
-9.099999999999998932e-04,0.000000000000000000e+00
-9.089999999999998689e-04,0.000000000000000000e+00
-9.079999999999999530e-04,0.000000000000000000e+00
-9.069999999999999287e-04,0.000000000000000000e+00
-9.059999999999999044e-04,2.000000000000000042e-02
-9.049999999999999885e-04,0.000000000000000000e+00
-9.039999999999998558e-04,0.000000000000000000e+00
-9.029999999999999399e-04,0.000000000000000000e+00
-9.019999999999999156e-04,0.000000000000000000e+00
-9.009999999999998913e-04,0.000000000000000000e+00
-8.999999999999999754e-04,0.000000000000000000e+00
-8.989999999999998426e-04,-2.000000000000000042e-02
-8.979999999999999268e-04,0.000000000000000000e+00
-8.969999999999999024e-04,0.000000000000000000e+00
-8.959999999999998781e-04,0.000000000000000000e+00
-8.949999999999999623e-04,0.000000000000000000e+00
-8.939999999999998295e-04,0.000000000000000000e+00
-8.929999999999999136e-04,0.000000000000000000e+00
-8.919999999999998893e-04,0.000000000000000000e+00
-8.909999999999998650e-04,0.000000000000000000e+00
-8.899999999999999491e-04,0.000000000000000000e+00
-8.889999999999999248e-04,0.000000000000000000e+00
-8.879999999999999005e-04,0.000000000000000000e+00
-8.869999999999999846e-04,0.000000000000000000e+00
-8.859999999999998519e-04,0.000000000000000000e+00
-8.849999999999999360e-04,0.000000000000000000e+00
-8.839999999999999117e-04,0.000000000000000000e+00
-8.829999999999998874e-04,0.000000000000000000e+00
-8.819999999999999715e-04,-2.000000000000000042e-02
-8.809999999999998388e-04,0.000000000000000000e+00
-8.799999999999999229e-04,0.000000000000000000e+00
-8.789999999999998986e-04,0.000000000000000000e+00
-8.779999999999998743e-04,0.000000000000000000e+00
-8.769999999999999584e-04,0.000000000000000000e+00
-8.759999999999999341e-04,-2.000000000000000042e-02
-8.749999999999999098e-04,0.000000000000000000e+00
-8.739999999999998855e-04,0.000000000000000000e+00
-8.729999999999998612e-04,0.000000000000000000e+00
-8.719999999999999453e-04,0.000000000000000000e+00
-8.709999999999999210e-04,0.000000000000000000e+00
-8.699999999999998967e-04,0.000000000000000000e+00
-8.689999999999999808e-04,0.000000000000000000e+00
-8.679999999999998481e-04,-2.000000000000000042e-02
-8.669999999999999322e-04,0.000000000000000000e+00
-8.659999999999999079e-04,0.000000000000000000e+00
-8.649999999999998836e-04,0.000000000000000000e+00
-8.639999999999999677e-04,0.000000000000000000e+00
-8.629999999999998350e-04,0.000000000000000000e+00
-8.619999999999999191e-04,0.000000000000000000e+00
-8.609999999999998948e-04,0.000000000000000000e+00
-8.599999999999998705e-04,0.000000000000000000e+00
-8.589999999999999546e-04,0.000000000000000000e+00
-8.579999999999999303e-04,0.000000000000000000e+00
-8.569999999999999060e-04,0.000000000000000000e+00
-8.559999999999999901e-04,0.000000000000000000e+00
-8.549999999999998573e-04,0.000000000000000000e+00
-8.539999999999999414e-04,2.000000000000000042e-02
-8.529999999999999171e-04,0.000000000000000000e+00
-8.519999999999998928e-04,0.000000000000000000e+00
-8.509999999999999769e-04,0.000000000000000000e+00
-8.499999999999998442e-04,-2.000000000000000042e-02
-8.489999999999999283e-04,0.000000000000000000e+00
-8.479999999999999040e-04,0.000000000000000000e+00
-8.469999999999998797e-04,0.000000000000000000e+00
-8.459999999999999638e-04,0.000000000000000000e+00
-8.449999999999998311e-04,0.000000000000000000e+00
-8.439999999999999152e-04,0.000000000000000000e+00
-8.429999999999998909e-04,0.000000000000000000e+00
-8.419999999999998666e-04,0.000000000000000000e+00
-8.409999999999999507e-04,0.000000000000000000e+00
-8.399999999999999264e-04,0.000000000000000000e+00
-8.389999999999999021e-04,0.000000000000000000e+00
-8.379999999999999862e-04,0.000000000000000000e+00
-8.369999999999998535e-04,0.000000000000000000e+00
-8.359999999999999376e-04,0.000000000000000000e+00
-8.349999999999999133e-04,0.000000000000000000e+00
-8.339999999999998890e-04,0.000000000000000000e+00
-8.329999999999999731e-04,0.000000000000000000e+00
-8.319999999999998404e-04,2.000000000000000042e-02
-8.309999999999999245e-04,2.000000000000000042e-02
-8.299999999999999002e-04,0.000000000000000000e+00
-8.289999999999998759e-04,0.000000000000000000e+00
-8.279999999999999600e-04,0.000000000000000000e+00
-8.269999999999999357e-04,0.000000000000000000e+00
-8.259999999999999114e-04,-2.000000000000000042e-02
-8.249999999999998871e-04,0.000000000000000000e+00
-8.239999999999998628e-04,0.000000000000000000e+00
-8.229999999999999469e-04,0.000000000000000000e+00
-8.219999999999999226e-04,0.000000000000000000e+00
-8.209999999999998983e-04,-2.000000000000000042e-02
-8.199999999999999824e-04,0.000000000000000000e+00
-8.189999999999998496e-04,0.000000000000000000e+00
-8.179999999999999338e-04,0.000000000000000000e+00
-8.169999999999999095e-04,0.000000000000000000e+00
-8.159999999999998851e-04,0.000000000000000000e+00
-8.149999999999999693e-04,0.000000000000000000e+00
-8.139999999999998365e-04,0.000000000000000000e+00
-8.129999999999999206e-04,0.000000000000000000e+00
-8.119999999999998963e-04,0.000000000000000000e+00
-8.109999999999998720e-04,0.000000000000000000e+00
-8.099999999999999561e-04,0.000000000000000000e+00
-8.089999999999999318e-04,0.000000000000000000e+00
-8.079999999999999075e-04,0.000000000000000000e+00
-8.069999999999999916e-04,0.000000000000000000e+00
-8.059999999999998589e-04,0.000000000000000000e+00
-8.049999999999999430e-04,0.000000000000000000e+00
-8.039999999999999187e-04,0.000000000000000000e+00
-8.029999999999998944e-04,0.000000000000000000e+00
-8.019999999999999785e-04,0.000000000000000000e+00
-8.009999999999998458e-04,0.000000000000000000e+00
-7.999999999999999299e-04,0.000000000000000000e+00
-7.989999999999999056e-04,0.000000000000000000e+00
-7.979999999999998813e-04,0.000000000000000000e+00
-7.969999999999999654e-04,0.000000000000000000e+00
-7.959999999999998327e-04,0.000000000000000000e+00
-7.949999999999999168e-04,0.000000000000000000e+00
-7.939999999999998925e-04,0.000000000000000000e+00
-7.929999999999998682e-04,0.000000000000000000e+00
-7.919999999999999523e-04,0.000000000000000000e+00
-7.909999999999999280e-04,0.000000000000000000e+00
-7.899999999999999037e-04,0.000000000000000000e+00
-7.889999999999999878e-04,0.000000000000000000e+00
-7.879999999999998551e-04,0.000000000000000000e+00
-7.869999999999999392e-04,0.000000000000000000e+00
-7.859999999999999149e-04,0.000000000000000000e+00
-7.849999999999998906e-04,0.000000000000000000e+00
-7.839999999999999747e-04,0.000000000000000000e+00
-7.829999999999998420e-04,0.000000000000000000e+00
-7.819999999999999261e-04,0.000000000000000000e+00
-7.809999999999999018e-04,0.000000000000000000e+00
-7.799999999999998775e-04,0.000000000000000000e+00
-7.789999999999999616e-04,0.000000000000000000e+00
-7.779999999999999373e-04,0.000000000000000000e+00
-7.769999999999999130e-04,0.000000000000000000e+00
-7.759999999999998887e-04,0.000000000000000000e+00
-7.749999999999998643e-04,0.000000000000000000e+00
-7.739999999999999485e-04,0.000000000000000000e+00
-7.729999999999999242e-04,0.000000000000000000e+00
-7.719999999999998998e-04,0.000000000000000000e+00
-7.709999999999999840e-04,0.000000000000000000e+00
-7.699999999999998512e-04,0.000000000000000000e+00
-7.689999999999999353e-04,0.000000000000000000e+00
-7.679999999999999110e-04,0.000000000000000000e+00
-7.669999999999998867e-04,0.000000000000000000e+00
-7.659999999999999708e-04,0.000000000000000000e+00
-7.649999999999998381e-04,0.000000000000000000e+00
-7.639999999999999222e-04,0.000000000000000000e+00
-7.629999999999998979e-04,0.000000000000000000e+00
-7.619999999999998736e-04,2.000000000000000042e-02
-7.609999999999999577e-04,0.000000000000000000e+00
-7.599999999999999334e-04,0.000000000000000000e+00
-7.589999999999999091e-04,0.000000000000000000e+00
-7.579999999999998848e-04,0.000000000000000000e+00
-7.569999999999999689e-04,0.000000000000000000e+00
-7.559999999999999446e-04,0.000000000000000000e+00
-7.549999999999999203e-04,2.000000000000000042e-02
-7.539999999999998960e-04,0.000000000000000000e+00
-7.529999999999998717e-04,0.000000000000000000e+00
-7.519999999999999558e-04,0.000000000000000000e+00
-7.509999999999999315e-04,0.000000000000000000e+00
-7.499999999999999072e-04,-2.000000000000000042e-02
-7.489999999999998829e-04,0.000000000000000000e+00
-7.479999999999999670e-04,0.000000000000000000e+00
-7.469999999999999427e-04,0.000000000000000000e+00
-7.459999999999999184e-04,0.000000000000000000e+00
-7.449999999999998941e-04,0.000000000000000000e+00
-7.439999999999998698e-04,0.000000000000000000e+00
-7.429999999999999539e-04,0.000000000000000000e+00
-7.419999999999999296e-04,0.000000000000000000e+00
-7.409999999999999053e-04,0.000000000000000000e+00
-7.399999999999998810e-04,0.000000000000000000e+00
-7.389999999999999651e-04,0.000000000000000000e+00
-7.379999999999999408e-04,0.000000000000000000e+00
-7.369999999999999165e-04,2.000000000000000042e-02
-7.359999999999998922e-04,0.000000000000000000e+00
-7.349999999999998678e-04,0.000000000000000000e+00
-7.339999999999999520e-04,0.000000000000000000e+00
-7.329999999999999277e-04,0.000000000000000000e+00
-7.319999999999999033e-04,-2.000000000000000042e-02
-7.309999999999998790e-04,0.000000000000000000e+00
-7.299999999999999632e-04,0.000000000000000000e+00
-7.289999999999999388e-04,0.000000000000000000e+00
-7.279999999999999145e-04,0.000000000000000000e+00
-7.269999999999998902e-04,0.000000000000000000e+00
-7.259999999999998659e-04,0.000000000000000000e+00
-7.249999999999999500e-04,0.000000000000000000e+00
-7.239999999999999257e-04,2.000000000000000042e-02
-7.229999999999999014e-04,0.000000000000000000e+00
-7.219999999999998771e-04,0.000000000000000000e+00
-7.209999999999999612e-04,0.000000000000000000e+00
-7.199999999999999369e-04,0.000000000000000000e+00
-7.189999999999999126e-04,0.000000000000000000e+00
-7.179999999999998883e-04,0.000000000000000000e+00
-7.169999999999998640e-04,0.000000000000000000e+00
-7.159999999999999481e-04,0.000000000000000000e+00
-7.149999999999999238e-04,0.000000000000000000e+00
-7.139999999999998995e-04,0.000000000000000000e+00
-7.129999999999998752e-04,0.000000000000000000e+00
-7.119999999999999593e-04,2.000000000000000042e-02
-7.109999999999999350e-04,0.000000000000000000e+00
-7.099999999999999107e-04,0.000000000000000000e+00
-7.089999999999998864e-04,0.000000000000000000e+00
-7.079999999999999705e-04,0.000000000000000000e+00
-7.069999999999999462e-04,0.000000000000000000e+00
-7.059999999999999219e-04,0.000000000000000000e+00
-7.049999999999998976e-04,0.000000000000000000e+00
-7.039999999999998733e-04,0.000000000000000000e+00
-7.029999999999999574e-04,0.000000000000000000e+00
-7.019999999999999331e-04,0.000000000000000000e+00
-7.009999999999999088e-04,0.000000000000000000e+00
-6.999999999999998845e-04,0.000000000000000000e+00
-6.989999999999999686e-04,0.000000000000000000e+00
-6.979999999999999443e-04,0.000000000000000000e+00
-6.969999999999999200e-04,0.000000000000000000e+00
-6.959999999999998957e-04,2.000000000000000042e-02
-6.949999999999998714e-04,0.000000000000000000e+00
-6.939999999999999555e-04,0.000000000000000000e+00
-6.929999999999999312e-04,0.000000000000000000e+00
-6.919999999999999069e-04,0.000000000000000000e+00
-6.909999999999998825e-04,0.000000000000000000e+00
-6.899999999999999667e-04,0.000000000000000000e+00
-6.889999999999999424e-04,0.000000000000000000e+00
-6.879999999999999180e-04,0.000000000000000000e+00
-6.869999999999998937e-04,0.000000000000000000e+00
-6.859999999999998694e-04,0.000000000000000000e+00
-6.849999999999999535e-04,0.000000000000000000e+00
-6.839999999999999292e-04,0.000000000000000000e+00
-6.829999999999999049e-04,0.000000000000000000e+00
-6.819999999999998806e-04,0.000000000000000000e+00
-6.809999999999999647e-04,0.000000000000000000e+00
-6.799999999999999404e-04,0.000000000000000000e+00
-6.789999999999999161e-04,0.000000000000000000e+00
-6.779999999999998918e-04,0.000000000000000000e+00
-6.769999999999998675e-04,0.000000000000000000e+00
-6.759999999999999516e-04,0.000000000000000000e+00
-6.749999999999999273e-04,0.000000000000000000e+00
-6.739999999999999030e-04,0.000000000000000000e+00
-6.729999999999998787e-04,-2.000000000000000042e-02
-6.719999999999999628e-04,0.000000000000000000e+00
-6.709999999999999385e-04,0.000000000000000000e+00
-6.699999999999999142e-04,0.000000000000000000e+00
-6.689999999999998899e-04,0.000000000000000000e+00
-6.679999999999998656e-04,0.000000000000000000e+00
-6.669999999999999497e-04,0.000000000000000000e+00
-6.659999999999999254e-04,0.000000000000000000e+00
-6.649999999999999011e-04,0.000000000000000000e+00
-6.639999999999998768e-04,0.000000000000000000e+00
-6.629999999999999609e-04,0.000000000000000000e+00
-6.619999999999999366e-04,0.000000000000000000e+00
-6.609999999999999123e-04,0.000000000000000000e+00
-6.599999999999998880e-04,2.000000000000000042e-02
-6.589999999999999721e-04,0.000000000000000000e+00
-6.579999999999999478e-04,2.000000000000000042e-02
-6.569999999999999235e-04,0.000000000000000000e+00
-6.559999999999998992e-04,0.000000000000000000e+00
-6.549999999999998749e-04,0.000000000000000000e+00
-6.539999999999999590e-04,0.000000000000000000e+00
-6.529999999999999347e-04,0.000000000000000000e+00
-6.519999999999999104e-04,0.000000000000000000e+00
-6.509999999999998860e-04,0.000000000000000000e+00
-6.499999999999999702e-04,0.000000000000000000e+00
-6.489999999999999459e-04,0.000000000000000000e+00
-6.479999999999999215e-04,0.000000000000000000e+00
-6.469999999999998972e-04,0.000000000000000000e+00
-6.459999999999998729e-04,0.000000000000000000e+00
-6.449999999999999570e-04,0.000000000000000000e+00
-6.439999999999999327e-04,0.000000000000000000e+00
-6.429999999999999084e-04,0.000000000000000000e+00
-6.419999999999998841e-04,0.000000000000000000e+00
-6.409999999999999682e-04,-2.000000000000000042e-02
-6.399999999999999439e-04,0.000000000000000000e+00
-6.389999999999999196e-04,0.000000000000000000e+00
-6.379999999999998953e-04,0.000000000000000000e+00
-6.369999999999998710e-04,0.000000000000000000e+00
-6.359999999999999551e-04,0.000000000000000000e+00
-6.349999999999999308e-04,-2.000000000000000042e-02
-6.339999999999999065e-04,2.000000000000000042e-02
-6.329999999999998822e-04,-2.000000000000000042e-02
-6.319999999999999663e-04,0.000000000000000000e+00
-6.309999999999999420e-04,0.000000000000000000e+00
-6.299999999999999177e-04,0.000000000000000000e+00
-6.289999999999998934e-04,0.000000000000000000e+00
-6.279999999999998691e-04,0.000000000000000000e+00
-6.269999999999999532e-04,0.000000000000000000e+00
-6.259999999999999289e-04,2.000000000000000042e-02
-6.249999999999999046e-04,0.000000000000000000e+00
-6.239999999999998803e-04,-2.000000000000000042e-02
-6.229999999999999644e-04,0.000000000000000000e+00
-6.219999999999999401e-04,0.000000000000000000e+00
-6.209999999999999158e-04,0.000000000000000000e+00
-6.199999999999998915e-04,0.000000000000000000e+00
-6.189999999999999756e-04,0.000000000000000000e+00
-6.179999999999999513e-04,0.000000000000000000e+00
-6.169999999999999270e-04,0.000000000000000000e+00
-6.159999999999999027e-04,-2.000000000000000042e-02
-6.149999999999998784e-04,0.000000000000000000e+00
-6.139999999999999625e-04,0.000000000000000000e+00
-6.129999999999999382e-04,0.000000000000000000e+00
-6.119999999999999139e-04,0.000000000000000000e+00
-6.109999999999998896e-04,0.000000000000000000e+00
-6.099999999999999737e-04,0.000000000000000000e+00
-6.089999999999999494e-04,0.000000000000000000e+00
-6.079999999999999251e-04,0.000000000000000000e+00
-6.069999999999999007e-04,0.000000000000000000e+00
-6.059999999999998764e-04,0.000000000000000000e+00
-6.049999999999999606e-04,0.000000000000000000e+00
-6.039999999999999362e-04,0.000000000000000000e+00
-6.029999999999999119e-04,-2.000000000000000042e-02
-6.019999999999998876e-04,0.000000000000000000e+00
-6.009999999999999717e-04,0.000000000000000000e+00
-5.999999999999999474e-04,0.000000000000000000e+00
-5.989999999999999231e-04,0.000000000000000000e+00
-5.979999999999998988e-04,0.000000000000000000e+00
-5.969999999999998745e-04,0.000000000000000000e+00
-5.959999999999999586e-04,2.000000000000000042e-02
-5.949999999999999343e-04,0.000000000000000000e+00
-5.939999999999999100e-04,0.000000000000000000e+00
-5.929999999999998857e-04,0.000000000000000000e+00
-5.919999999999999698e-04,0.000000000000000000e+00
-5.909999999999999455e-04,0.000000000000000000e+00
-5.899999999999999212e-04,0.000000000000000000e+00
-5.889999999999998969e-04,0.000000000000000000e+00
-5.879999999999998726e-04,0.000000000000000000e+00
-5.869999999999999567e-04,0.000000000000000000e+00
-5.859999999999999324e-04,2.000000000000000042e-02
-5.849999999999999081e-04,0.000000000000000000e+00
-5.839999999999998838e-04,0.000000000000000000e+00
-5.829999999999999679e-04,0.000000000000000000e+00
-5.819999999999999436e-04,0.000000000000000000e+00
-5.809999999999999193e-04,0.000000000000000000e+00
-5.799999999999998950e-04,0.000000000000000000e+00
-5.789999999999998707e-04,0.000000000000000000e+00
-5.779999999999999548e-04,0.000000000000000000e+00
-5.769999999999999305e-04,0.000000000000000000e+00
-5.759999999999999062e-04,0.000000000000000000e+00
-5.749999999999998819e-04,0.000000000000000000e+00
-5.739999999999999660e-04,0.000000000000000000e+00
-5.729999999999999417e-04,0.000000000000000000e+00
-5.719999999999999174e-04,0.000000000000000000e+00
-5.709999999999998931e-04,0.000000000000000000e+00
-5.699999999999999772e-04,0.000000000000000000e+00
-5.689999999999999529e-04,0.000000000000000000e+00
-5.679999999999999286e-04,0.000000000000000000e+00
-5.669999999999999043e-04,0.000000000000000000e+00
-5.659999999999998799e-04,0.000000000000000000e+00
-5.649999999999999641e-04,0.000000000000000000e+00
-5.639999999999999397e-04,2.000000000000000042e-02
-5.629999999999999154e-04,0.000000000000000000e+00
-5.619999999999998911e-04,0.000000000000000000e+00
-5.609999999999999752e-04,0.000000000000000000e+00
-5.599999999999999509e-04,2.000000000000000042e-02
-5.589999999999999266e-04,0.000000000000000000e+00
-5.579999999999999023e-04,0.000000000000000000e+00
-5.569999999999998780e-04,0.000000000000000000e+00
-5.559999999999999621e-04,0.000000000000000000e+00
-5.549999999999999378e-04,0.000000000000000000e+00
-5.539999999999999135e-04,0.000000000000000000e+00
-5.529999999999998892e-04,0.000000000000000000e+00
-5.519999999999999733e-04,0.000000000000000000e+00
-5.509999999999999490e-04,0.000000000000000000e+00
-5.499999999999999247e-04,0.000000000000000000e+00
-5.489999999999999004e-04,0.000000000000000000e+00
-5.479999999999998761e-04,0.000000000000000000e+00
-5.469999999999999602e-04,0.000000000000000000e+00
-5.459999999999999359e-04,0.000000000000000000e+00
-5.449999999999999116e-04,0.000000000000000000e+00
-5.439999999999998873e-04,0.000000000000000000e+00
-5.429999999999999714e-04,0.000000000000000000e+00
-5.419999999999999471e-04,0.000000000000000000e+00
-5.409999999999999228e-04,0.000000000000000000e+00
-5.399999999999998985e-04,0.000000000000000000e+00
-5.389999999999998742e-04,0.000000000000000000e+00
-5.379999999999999583e-04,-2.000000000000000042e-02
-5.369999999999999340e-04,0.000000000000000000e+00
-5.359999999999999097e-04,-2.000000000000000042e-02
-5.349999999999998854e-04,0.000000000000000000e+00
-5.339999999999999695e-04,0.000000000000000000e+00
-5.329999999999999452e-04,0.000000000000000000e+00
-5.319999999999999209e-04,0.000000000000000000e+00
-5.309999999999998966e-04,0.000000000000000000e+00
-5.299999999999998723e-04,0.000000000000000000e+00
-5.289999999999999564e-04,0.000000000000000000e+00
-5.279999999999999321e-04,0.000000000000000000e+00
-5.269999999999999078e-04,0.000000000000000000e+00
-5.259999999999998834e-04,2.000000000000000042e-02
-5.249999999999999676e-04,-2.000000000000000042e-02
-5.239999999999999433e-04,0.000000000000000000e+00
-5.229999999999999189e-04,0.000000000000000000e+00
-5.219999999999998946e-04,0.000000000000000000e+00
-5.209999999999999788e-04,0.000000000000000000e+00
-5.199999999999999544e-04,0.000000000000000000e+00
-5.189999999999999301e-04,0.000000000000000000e+00
-5.179999999999999058e-04,-2.000000000000000042e-02
-5.169999999999998815e-04,0.000000000000000000e+00
-5.159999999999999656e-04,0.000000000000000000e+00
-5.149999999999999413e-04,0.000000000000000000e+00
-5.139999999999999170e-04,-2.000000000000000042e-02
-5.129999999999998927e-04,0.000000000000000000e+00
-5.119999999999999768e-04,0.000000000000000000e+00
-5.109999999999999525e-04,0.000000000000000000e+00
-5.099999999999999282e-04,0.000000000000000000e+00
-5.089999999999999039e-04,0.000000000000000000e+00
-5.079999999999998796e-04,0.000000000000000000e+00
-5.069999999999999637e-04,0.000000000000000000e+00
-5.059999999999999394e-04,0.000000000000000000e+00
-5.049999999999999151e-04,-2.000000000000000042e-02
-5.039999999999998908e-04,0.000000000000000000e+00
-5.029999999999999749e-04,0.000000000000000000e+00
-5.019999999999999506e-04,0.000000000000000000e+00
-5.009999999999999263e-04,2.000000000000000042e-02
-4.999999999999999020e-04,0.000000000000000000e+00
-4.989999999999998777e-04,0.000000000000000000e+00
-4.979999999999999618e-04,-2.000000000000000042e-02
-4.969999999999999375e-04,0.000000000000000000e+00
-4.959999999999999132e-04,0.000000000000000000e+00
-4.949999999999998889e-04,0.000000000000000000e+00
-4.939999999999999730e-04,2.000000000000000042e-02
-4.929999999999999487e-04,0.000000000000000000e+00
-4.919999999999999244e-04,0.000000000000000000e+00
-4.909999999999999001e-04,0.000000000000000000e+00
-4.899999999999998758e-04,0.000000000000000000e+00
-4.889999999999999599e-04,-2.000000000000000042e-02
-4.879999999999999356e-04,0.000000000000000000e+00
-4.869999999999999113e-04,0.000000000000000000e+00
-4.859999999999998870e-04,0.000000000000000000e+00
-4.849999999999999711e-04,0.000000000000000000e+00
-4.839999999999999468e-04,0.000000000000000000e+00
-4.829999999999999225e-04,0.000000000000000000e+00
-4.819999999999998981e-04,0.000000000000000000e+00
-4.809999999999998738e-04,0.000000000000000000e+00
-4.799999999999999580e-04,0.000000000000000000e+00
-4.789999999999999336e-04,0.000000000000000000e+00
-4.779999999999999093e-04,0.000000000000000000e+00
-4.769999999999998850e-04,2.000000000000000042e-02
-4.759999999999999691e-04,0.000000000000000000e+00
-4.749999999999999448e-04,0.000000000000000000e+00
-4.739999999999999205e-04,0.000000000000000000e+00
-4.729999999999998962e-04,0.000000000000000000e+00
-4.719999999999999803e-04,0.000000000000000000e+00
-4.709999999999999560e-04,0.000000000000000000e+00
-4.699999999999999317e-04,0.000000000000000000e+00
-4.689999999999999074e-04,0.000000000000000000e+00
-4.679999999999998831e-04,0.000000000000000000e+00
-4.669999999999999672e-04,2.000000000000000042e-02
-4.659999999999999429e-04,2.000000000000000042e-02
-4.649999999999999186e-04,0.000000000000000000e+00
-4.639999999999998943e-04,0.000000000000000000e+00
-4.629999999999999784e-04,2.000000000000000042e-02
-4.619999999999999541e-04,0.000000000000000000e+00
-4.609999999999999298e-04,0.000000000000000000e+00
-4.599999999999999055e-04,0.000000000000000000e+00
-4.589999999999998812e-04,0.000000000000000000e+00
-4.579999999999999653e-04,0.000000000000000000e+00
-4.569999999999999410e-04,0.000000000000000000e+00
-4.559999999999999167e-04,0.000000000000000000e+00
-4.549999999999998924e-04,0.000000000000000000e+00
-4.539999999999999765e-04,2.000000000000000042e-02
-4.529999999999999522e-04,0.000000000000000000e+00
-4.519999999999999279e-04,0.000000000000000000e+00
-4.509999999999999036e-04,0.000000000000000000e+00
-4.499999999999998793e-04,0.000000000000000000e+00
-4.489999999999999634e-04,0.000000000000000000e+00
-4.479999999999999391e-04,0.000000000000000000e+00
-4.469999999999999148e-04,2.000000000000000042e-02
-4.459999999999998905e-04,0.000000000000000000e+00
-4.449999999999999746e-04,0.000000000000000000e+00
-4.439999999999999503e-04,-2.000000000000000042e-02
-4.429999999999999260e-04,0.000000000000000000e+00
-4.419999999999999016e-04,0.000000000000000000e+00
-4.409999999999998773e-04,-2.000000000000000042e-02
-4.399999999999999615e-04,0.000000000000000000e+00
-4.389999999999999371e-04,0.000000000000000000e+00
-4.379999999999999128e-04,0.000000000000000000e+00
-4.369999999999998885e-04,0.000000000000000000e+00
-4.359999999999999726e-04,0.000000000000000000e+00
-4.349999999999999483e-04,0.000000000000000000e+00
-4.339999999999999240e-04,0.000000000000000000e+00
-4.329999999999998997e-04,0.000000000000000000e+00
-4.319999999999999838e-04,0.000000000000000000e+00
-4.309999999999999595e-04,0.000000000000000000e+00
-4.299999999999999352e-04,0.000000000000000000e+00
-4.289999999999999109e-04,0.000000000000000000e+00
-4.279999999999998866e-04,0.000000000000000000e+00
-4.269999999999999707e-04,0.000000000000000000e+00
-4.259999999999999464e-04,0.000000000000000000e+00
-4.249999999999999221e-04,0.000000000000000000e+00
-4.239999999999998978e-04,0.000000000000000000e+00
-4.229999999999999819e-04,0.000000000000000000e+00
-4.219999999999999576e-04,0.000000000000000000e+00
-4.209999999999999333e-04,0.000000000000000000e+00
-4.199999999999999090e-04,0.000000000000000000e+00
-4.189999999999998847e-04,0.000000000000000000e+00
-4.179999999999999688e-04,0.000000000000000000e+00
-4.169999999999999445e-04,0.000000000000000000e+00
-4.159999999999999202e-04,0.000000000000000000e+00
-4.149999999999998959e-04,0.000000000000000000e+00
-4.139999999999999800e-04,-2.000000000000000042e-02
-4.129999999999999557e-04,0.000000000000000000e+00
-4.119999999999999314e-04,0.000000000000000000e+00
-4.109999999999999071e-04,0.000000000000000000e+00
-4.099999999999998828e-04,2.000000000000000042e-02
-4.089999999999999669e-04,-2.000000000000000042e-02
-4.079999999999999426e-04,0.000000000000000000e+00
-4.069999999999999183e-04,0.000000000000000000e+00
-4.059999999999998940e-04,0.000000000000000000e+00
-4.049999999999999781e-04,0.000000000000000000e+00
-4.039999999999999538e-04,0.000000000000000000e+00
-4.029999999999999295e-04,0.000000000000000000e+00
-4.019999999999999052e-04,0.000000000000000000e+00
-4.009999999999998808e-04,2.000000000000000042e-02
-3.999999999999999650e-04,0.000000000000000000e+00
-3.989999999999999407e-04,0.000000000000000000e+00
-3.979999999999999163e-04,0.000000000000000000e+00
-3.969999999999998920e-04,0.000000000000000000e+00
-3.959999999999999762e-04,0.000000000000000000e+00
-3.949999999999999518e-04,-2.000000000000000042e-02
-3.939999999999999275e-04,0.000000000000000000e+00
-3.929999999999999032e-04,0.000000000000000000e+00
-3.919999999999998789e-04,0.000000000000000000e+00
-3.909999999999999630e-04,0.000000000000000000e+00
-3.899999999999999387e-04,-2.000000000000000042e-02
-3.889999999999999144e-04,0.000000000000000000e+00
-3.879999999999998901e-04,0.000000000000000000e+00
-3.869999999999999742e-04,0.000000000000000000e+00
-3.859999999999999499e-04,0.000000000000000000e+00
-3.849999999999999256e-04,0.000000000000000000e+00
-3.839999999999999013e-04,0.000000000000000000e+00
-3.829999999999999854e-04,0.000000000000000000e+00
-3.819999999999999611e-04,0.000000000000000000e+00
-3.809999999999999368e-04,0.000000000000000000e+00
-3.799999999999999125e-04,0.000000000000000000e+00
-3.789999999999998882e-04,0.000000000000000000e+00
-3.779999999999999723e-04,0.000000000000000000e+00
-3.769999999999999480e-04,0.000000000000000000e+00
-3.759999999999999237e-04,0.000000000000000000e+00
-3.749999999999998994e-04,0.000000000000000000e+00
-3.739999999999999835e-04,0.000000000000000000e+00
-3.729999999999999592e-04,0.000000000000000000e+00
-3.719999999999999349e-04,0.000000000000000000e+00
-3.709999999999999106e-04,0.000000000000000000e+00
-3.699999999999998863e-04,0.000000000000000000e+00
-3.689999999999999704e-04,0.000000000000000000e+00
-3.679999999999999461e-04,0.000000000000000000e+00
-3.669999999999999218e-04,0.000000000000000000e+00
-3.659999999999998975e-04,0.000000000000000000e+00
-3.649999999999999816e-04,0.000000000000000000e+00
-3.639999999999999573e-04,0.000000000000000000e+00
-3.629999999999999330e-04,0.000000000000000000e+00
-3.619999999999999087e-04,0.000000000000000000e+00
-3.609999999999998843e-04,0.000000000000000000e+00
-3.599999999999999685e-04,0.000000000000000000e+00
-3.589999999999999442e-04,0.000000000000000000e+00
-3.579999999999999198e-04,0.000000000000000000e+00
-3.569999999999998955e-04,0.000000000000000000e+00
-3.559999999999999797e-04,0.000000000000000000e+00
-3.549999999999999553e-04,0.000000000000000000e+00
-3.539999999999999310e-04,0.000000000000000000e+00
-3.529999999999999067e-04,0.000000000000000000e+00
-3.519999999999998824e-04,0.000000000000000000e+00
-3.509999999999999665e-04,0.000000000000000000e+00
-3.499999999999999422e-04,0.000000000000000000e+00
-3.489999999999999179e-04,0.000000000000000000e+00
-3.479999999999998936e-04,0.000000000000000000e+00
-3.469999999999999777e-04,0.000000000000000000e+00
-3.459999999999999534e-04,0.000000000000000000e+00
-3.449999999999999291e-04,0.000000000000000000e+00
-3.439999999999999048e-04,0.000000000000000000e+00
-3.429999999999998805e-04,0.000000000000000000e+00
-3.419999999999999646e-04,0.000000000000000000e+00
-3.409999999999999403e-04,0.000000000000000000e+00
-3.399999999999999160e-04,0.000000000000000000e+00
-3.389999999999998917e-04,0.000000000000000000e+00
-3.379999999999999758e-04,0.000000000000000000e+00
-3.369999999999999515e-04,0.000000000000000000e+00
-3.359999999999999272e-04,0.000000000000000000e+00
-3.349999999999999029e-04,0.000000000000000000e+00
-3.339999999999999870e-04,0.000000000000000000e+00
-3.329999999999999627e-04,0.000000000000000000e+00
-3.319999999999999384e-04,0.000000000000000000e+00
-3.309999999999999141e-04,0.000000000000000000e+00
-3.299999999999998898e-04,0.000000000000000000e+00
-3.289999999999999739e-04,0.000000000000000000e+00
-3.279999999999999496e-04,0.000000000000000000e+00
-3.269999999999999253e-04,0.000000000000000000e+00
-3.259999999999999010e-04,0.000000000000000000e+00
-3.249999999999999851e-04,0.000000000000000000e+00
-3.239999999999999608e-04,0.000000000000000000e+00
-3.229999999999999365e-04,0.000000000000000000e+00
-3.219999999999999122e-04,0.000000000000000000e+00
-3.209999999999998879e-04,0.000000000000000000e+00
-3.199999999999999720e-04,0.000000000000000000e+00
-3.189999999999999477e-04,0.000000000000000000e+00
-3.179999999999999234e-04,0.000000000000000000e+00
-3.169999999999998990e-04,0.000000000000000000e+00
-3.159999999999999832e-04,0.000000000000000000e+00
-3.149999999999999589e-04,0.000000000000000000e+00
-3.139999999999999345e-04,0.000000000000000000e+00
-3.129999999999999102e-04,0.000000000000000000e+00
-3.119999999999998859e-04,0.000000000000000000e+00
-3.109999999999999700e-04,0.000000000000000000e+00
-3.099999999999999457e-04,-2.000000000000000042e-02
-3.089999999999999214e-04,0.000000000000000000e+00
-3.079999999999998971e-04,0.000000000000000000e+00
-3.069999999999999812e-04,2.000000000000000042e-02
-3.059999999999999569e-04,0.000000000000000000e+00
-3.049999999999999326e-04,0.000000000000000000e+00
-3.039999999999999083e-04,0.000000000000000000e+00
-3.029999999999998840e-04,0.000000000000000000e+00
-3.019999999999999681e-04,0.000000000000000000e+00
-3.009999999999999438e-04,0.000000000000000000e+00
-2.999999999999999195e-04,0.000000000000000000e+00
-2.989999999999998952e-04,0.000000000000000000e+00
-2.979999999999999793e-04,0.000000000000000000e+00
-2.969999999999999550e-04,0.000000000000000000e+00
-2.959999999999999307e-04,-2.000000000000000042e-02
-2.949999999999999064e-04,0.000000000000000000e+00
-2.939999999999999905e-04,0.000000000000000000e+00
-2.929999999999999662e-04,0.000000000000000000e+00
-2.919999999999999419e-04,-2.000000000000000042e-02
-2.909999999999999176e-04,0.000000000000000000e+00
-2.899999999999998933e-04,0.000000000000000000e+00
-2.889999999999999774e-04,0.000000000000000000e+00
-2.879999999999999531e-04,0.000000000000000000e+00
-2.869999999999999288e-04,0.000000000000000000e+00
-2.859999999999999045e-04,0.000000000000000000e+00
-2.849999999999999886e-04,0.000000000000000000e+00
-2.839999999999999643e-04,0.000000000000000000e+00
-2.829999999999999400e-04,0.000000000000000000e+00
-2.819999999999999157e-04,0.000000000000000000e+00
-2.809999999999998914e-04,0.000000000000000000e+00
-2.799999999999999755e-04,0.000000000000000000e+00
-2.789999999999999512e-04,0.000000000000000000e+00
-2.779999999999999269e-04,0.000000000000000000e+00
-2.769999999999999026e-04,0.000000000000000000e+00
-2.759999999999999867e-04,-2.000000000000000042e-02
-2.749999999999999624e-04,0.000000000000000000e+00
-2.739999999999999380e-04,0.000000000000000000e+00
-2.729999999999999137e-04,0.000000000000000000e+00
-2.719999999999998894e-04,0.000000000000000000e+00
-2.709999999999999735e-04,0.000000000000000000e+00
-2.699999999999998408e-04,-2.000000000000000042e-02
-2.689999999999999249e-04,0.000000000000000000e+00
-2.680000000000000090e-04,0.000000000000000000e+00
-2.669999999999998763e-04,0.000000000000000000e+00
-2.659999999999999604e-04,0.000000000000000000e+00
-2.650000000000000445e-04,0.000000000000000000e+00
-2.639999999999999118e-04,0.000000000000000000e+00
-2.629999999999999959e-04,0.000000000000000000e+00
-2.619999999999998632e-04,0.000000000000000000e+00
-2.609999999999999473e-04,0.000000000000000000e+00
-2.600000000000000314e-04,0.000000000000000000e+00
-2.589999999999998987e-04,0.000000000000000000e+00
-2.579999999999999828e-04,0.000000000000000000e+00
-2.569999999999998501e-04,0.000000000000000000e+00
-2.559999999999999342e-04,-2.000000000000000042e-02
-2.550000000000000183e-04,2.000000000000000042e-02
-2.539999999999998856e-04,0.000000000000000000e+00
-2.529999999999999697e-04,0.000000000000000000e+00
-2.519999999999998370e-04,0.000000000000000000e+00
-2.509999999999999211e-04,0.000000000000000000e+00
-2.500000000000000052e-04,0.000000000000000000e+00
-2.489999999999998725e-04,0.000000000000000000e+00
-2.479999999999999566e-04,0.000000000000000000e+00
-2.470000000000000407e-04,-2.000000000000000042e-02
-2.459999999999999080e-04,0.000000000000000000e+00
-2.449999999999999921e-04,0.000000000000000000e+00
-2.439999999999998594e-04,0.000000000000000000e+00
-2.429999999999999435e-04,0.000000000000000000e+00
-2.420000000000000276e-04,0.000000000000000000e+00
-2.409999999999998949e-04,-2.000000000000000042e-02
-2.399999999999999790e-04,0.000000000000000000e+00
-2.389999999999998462e-04,0.000000000000000000e+00
-2.379999999999999304e-04,0.000000000000000000e+00
-2.370000000000000145e-04,0.000000000000000000e+00
-2.359999999999998817e-04,0.000000000000000000e+00
-2.349999999999999659e-04,0.000000000000000000e+00
-2.339999999999998331e-04,0.000000000000000000e+00
-2.329999999999999172e-04,0.000000000000000000e+00
-2.320000000000000014e-04,0.000000000000000000e+00
-2.309999999999998686e-04,0.000000000000000000e+00
-2.299999999999999527e-04,0.000000000000000000e+00
-2.290000000000000369e-04,0.000000000000000000e+00
-2.279999999999999041e-04,0.000000000000000000e+00
-2.269999999999999882e-04,0.000000000000000000e+00
-2.259999999999998555e-04,0.000000000000000000e+00
-2.249999999999999396e-04,0.000000000000000000e+00
-2.240000000000000237e-04,0.000000000000000000e+00
-2.229999999999998910e-04,0.000000000000000000e+00
-2.219999999999999751e-04,0.000000000000000000e+00
-2.209999999999998424e-04,0.000000000000000000e+00
-2.199999999999999265e-04,0.000000000000000000e+00
-2.190000000000000106e-04,0.000000000000000000e+00
-2.179999999999998779e-04,0.000000000000000000e+00
-2.169999999999999620e-04,0.000000000000000000e+00
-2.160000000000000461e-04,0.000000000000000000e+00
-2.149999999999999134e-04,0.000000000000000000e+00
-2.139999999999999975e-04,0.000000000000000000e+00
-2.129999999999998648e-04,0.000000000000000000e+00
-2.119999999999999489e-04,0.000000000000000000e+00
-2.110000000000000330e-04,0.000000000000000000e+00
-2.099999999999999003e-04,0.000000000000000000e+00
-2.089999999999999844e-04,0.000000000000000000e+00
-2.079999999999998517e-04,0.000000000000000000e+00
-2.069999999999999358e-04,0.000000000000000000e+00
-2.060000000000000199e-04,0.000000000000000000e+00
-2.049999999999998872e-04,0.000000000000000000e+00
-2.039999999999999713e-04,0.000000000000000000e+00
-2.029999999999998386e-04,-2.000000000000000042e-02
-2.019999999999999227e-04,0.000000000000000000e+00
-2.010000000000000068e-04,0.000000000000000000e+00
-1.999999999999998741e-04,0.000000000000000000e+00
-1.989999999999999582e-04,0.000000000000000000e+00
-1.980000000000000423e-04,0.000000000000000000e+00
-1.969999999999999096e-04,0.000000000000000000e+00
-1.959999999999999937e-04,0.000000000000000000e+00
-1.949999999999998609e-04,0.000000000000000000e+00
-1.939999999999999451e-04,0.000000000000000000e+00
-1.930000000000000292e-04,0.000000000000000000e+00
-1.919999999999998964e-04,0.000000000000000000e+00
-1.909999999999999806e-04,0.000000000000000000e+00
-1.899999999999998478e-04,0.000000000000000000e+00
-1.889999999999999319e-04,0.000000000000000000e+00
-1.880000000000000161e-04,0.000000000000000000e+00
-1.869999999999998833e-04,0.000000000000000000e+00
-1.859999999999999674e-04,0.000000000000000000e+00
-1.849999999999998347e-04,0.000000000000000000e+00
-1.839999999999999188e-04,0.000000000000000000e+00
-1.830000000000000029e-04,0.000000000000000000e+00
-1.819999999999998702e-04,2.000000000000000042e-02
-1.809999999999999543e-04,0.000000000000000000e+00
-1.800000000000000384e-04,-2.000000000000000042e-02
-1.789999999999999057e-04,0.000000000000000000e+00
-1.779999999999999898e-04,0.000000000000000000e+00
-1.769999999999998571e-04,0.000000000000000000e+00
-1.759999999999999412e-04,0.000000000000000000e+00
-1.750000000000000253e-04,0.000000000000000000e+00
-1.739999999999998926e-04,0.000000000000000000e+00
-1.729999999999999767e-04,0.000000000000000000e+00
-1.719999999999998440e-04,0.000000000000000000e+00
-1.709999999999999281e-04,0.000000000000000000e+00
-1.700000000000000122e-04,0.000000000000000000e+00
-1.689999999999998795e-04,0.000000000000000000e+00
-1.679999999999999636e-04,-2.000000000000000042e-02
-1.670000000000000477e-04,0.000000000000000000e+00
-1.659999999999999150e-04,0.000000000000000000e+00
-1.649999999999999991e-04,0.000000000000000000e+00
-1.639999999999998664e-04,0.000000000000000000e+00
-1.629999999999999505e-04,2.000000000000000042e-02
-1.620000000000000346e-04,0.000000000000000000e+00
-1.609999999999999019e-04,0.000000000000000000e+00
-1.599999999999999860e-04,0.000000000000000000e+00
-1.589999999999998533e-04,2.000000000000000042e-02
-1.579999999999999374e-04,0.000000000000000000e+00
-1.570000000000000215e-04,0.000000000000000000e+00
-1.559999999999998888e-04,0.000000000000000000e+00
-1.549999999999999729e-04,2.000000000000000042e-02
-1.539999999999998401e-04,0.000000000000000000e+00
-1.529999999999999243e-04,0.000000000000000000e+00
-1.520000000000000084e-04,0.000000000000000000e+00
-1.509999999999998756e-04,0.000000000000000000e+00
-1.499999999999999598e-04,0.000000000000000000e+00
-1.490000000000000439e-04,0.000000000000000000e+00
-1.479999999999999111e-04,0.000000000000000000e+00
-1.469999999999999953e-04,0.000000000000000000e+00
-1.459999999999998625e-04,-2.000000000000000042e-02
-1.449999999999999466e-04,0.000000000000000000e+00
-1.440000000000000308e-04,0.000000000000000000e+00
-1.429999999999998980e-04,0.000000000000000000e+00
-1.419999999999999821e-04,0.000000000000000000e+00
-1.409999999999998494e-04,0.000000000000000000e+00
-1.399999999999999335e-04,0.000000000000000000e+00
-1.390000000000000176e-04,0.000000000000000000e+00
-1.379999999999998849e-04,0.000000000000000000e+00
-1.369999999999999690e-04,0.000000000000000000e+00
-1.359999999999998363e-04,0.000000000000000000e+00
-1.349999999999999204e-04,0.000000000000000000e+00
-1.340000000000000045e-04,-2.000000000000000042e-02
-1.329999999999998718e-04,0.000000000000000000e+00
-1.319999999999999559e-04,0.000000000000000000e+00
-1.310000000000000400e-04,0.000000000000000000e+00
-1.299999999999999073e-04,0.000000000000000000e+00
-1.289999999999999914e-04,0.000000000000000000e+00
-1.279999999999998587e-04,0.000000000000000000e+00
-1.269999999999999428e-04,0.000000000000000000e+00
-1.260000000000000269e-04,0.000000000000000000e+00
-1.249999999999998942e-04,0.000000000000000000e+00
-1.239999999999999783e-04,0.000000000000000000e+00
-1.229999999999998456e-04,2.000000000000000042e-02
-1.219999999999999297e-04,-2.000000000000000042e-02
-1.210000000000000138e-04,2.000000000000000042e-02
-1.199999999999998811e-04,0.000000000000000000e+00
-1.189999999999999652e-04,0.000000000000000000e+00
-1.180000000000000493e-04,0.000000000000000000e+00
-1.169999999999999166e-04,0.000000000000000000e+00
-1.160000000000000007e-04,0.000000000000000000e+00
-1.149999999999998680e-04,2.000000000000000042e-02
-1.139999999999999521e-04,0.000000000000000000e+00
-1.130000000000000362e-04,0.000000000000000000e+00
-1.119999999999999035e-04,2.000000000000000042e-02
-1.109999999999999876e-04,0.000000000000000000e+00
-1.099999999999998548e-04,0.000000000000000000e+00
-1.089999999999999390e-04,2.000000000000000042e-02
-1.080000000000000231e-04,0.000000000000000000e+00
-1.069999999999998903e-04,2.000000000000000042e-02
-1.059999999999999745e-04,0.000000000000000000e+00
-1.049999999999998417e-04,-2.000000000000000042e-02
-1.039999999999999258e-04,0.000000000000000000e+00
-1.030000000000000100e-04,-2.000000000000000042e-02
-1.019999999999998772e-04,0.000000000000000000e+00
-1.009999999999999613e-04,0.000000000000000000e+00
-1.000000000000000454e-04,0.000000000000000000e+00
-9.899999999999991272e-05,0.000000000000000000e+00
-9.799999999999999684e-05,0.000000000000000000e+00
-9.699999999999986411e-05,0.000000000000000000e+00
-9.599999999999994822e-05,0.000000000000000000e+00
-9.500000000000003234e-05,0.000000000000000000e+00
-9.399999999999989961e-05,0.000000000000000000e+00
-9.299999999999998372e-05,0.000000000000000000e+00
-9.199999999999985099e-05,0.000000000000000000e+00
-9.099999999999993511e-05,0.000000000000000000e+00
-9.000000000000001922e-05,0.000000000000000000e+00
-8.899999999999988649e-05,0.000000000000000000e+00
-8.799999999999997061e-05,-2.000000000000000042e-02
-8.699999999999983788e-05,0.000000000000000000e+00
-8.599999999999992199e-05,0.000000000000000000e+00
-8.500000000000000611e-05,0.000000000000000000e+00
-8.399999999999987338e-05,0.000000000000000000e+00
-8.299999999999995749e-05,0.000000000000000000e+00
-8.200000000000004161e-05,0.000000000000000000e+00
-8.099999999999990888e-05,0.000000000000000000e+00
-7.999999999999999299e-05,0.000000000000000000e+00
-7.899999999999986026e-05,0.000000000000000000e+00
-7.799999999999994438e-05,0.000000000000000000e+00
-7.700000000000002849e-05,0.000000000000000000e+00
-7.599999999999989576e-05,0.000000000000000000e+00
-7.499999999999997988e-05,0.000000000000000000e+00
-7.399999999999984715e-05,-2.000000000000000042e-02
-7.299999999999993126e-05,0.000000000000000000e+00
-7.200000000000001538e-05,-2.000000000000000042e-02
-7.099999999999988265e-05,0.000000000000000000e+00
-6.999999999999996676e-05,0.000000000000000000e+00
-6.900000000000005088e-05,0.000000000000000000e+00
-6.799999999999991815e-05,0.000000000000000000e+00
-6.700000000000000226e-05,0.000000000000000000e+00
-6.599999999999986953e-05,0.000000000000000000e+00
-6.499999999999995365e-05,0.000000000000000000e+00
-6.400000000000003776e-05,0.000000000000000000e+00
-6.299999999999990503e-05,2.000000000000000042e-02
-6.199999999999998915e-05,0.000000000000000000e+00
-6.099999999999985642e-05,0.000000000000000000e+00
-5.999999999999994053e-05,0.000000000000000000e+00
-5.900000000000002465e-05,0.000000000000000000e+00
-5.799999999999989192e-05,-2.000000000000000042e-02
-5.699999999999997603e-05,0.000000000000000000e+00
-5.599999999999984331e-05,0.000000000000000000e+00
-5.499999999999992742e-05,0.000000000000000000e+00
-5.400000000000001153e-05,0.000000000000000000e+00
-5.299999999999987881e-05,0.000000000000000000e+00
-5.199999999999996292e-05,0.000000000000000000e+00
-5.100000000000004703e-05,0.000000000000000000e+00
-4.999999999999991430e-05,0.000000000000000000e+00
-4.899999999999999842e-05,2.000000000000000042e-02
-4.799999999999986569e-05,0.000000000000000000e+00
-4.699999999999994980e-05,0.000000000000000000e+00
-4.600000000000003392e-05,0.000000000000000000e+00
-4.499999999999990119e-05,0.000000000000000000e+00
-4.399999999999998530e-05,-2.000000000000000042e-02
-4.299999999999985258e-05,0.000000000000000000e+00
-4.199999999999993669e-05,0.000000000000000000e+00
-4.100000000000002080e-05,0.000000000000000000e+00
-3.999999999999988808e-05,0.000000000000000000e+00
-3.899999999999997219e-05,0.000000000000000000e+00
-3.800000000000005630e-05,0.000000000000000000e+00
-3.699999999999992358e-05,0.000000000000000000e+00
-3.600000000000000769e-05,0.000000000000000000e+00
-3.499999999999987496e-05,0.000000000000000000e+00
-3.399999999999995907e-05,0.000000000000000000e+00
-3.300000000000004319e-05,0.000000000000000000e+00
-3.199999999999991046e-05,0.000000000000000000e+00
-3.099999999999999457e-05,0.000000000000000000e+00
-2.999999999999986185e-05,0.000000000000000000e+00
-2.899999999999994596e-05,-2.000000000000000042e-02
-2.800000000000003007e-05,0.000000000000000000e+00
-2.699999999999989735e-05,2.000000000000000042e-02
-2.599999999999998146e-05,0.000000000000000000e+00
-2.499999999999984873e-05,0.000000000000000000e+00
-2.399999999999993285e-05,0.000000000000000000e+00
-2.300000000000001696e-05,0.000000000000000000e+00
-2.199999999999988423e-05,0.000000000000000000e+00
-2.099999999999996834e-05,0.000000000000000000e+00
-2.000000000000005246e-05,0.000000000000000000e+00
-1.899999999999991973e-05,0.000000000000000000e+00
-1.800000000000000384e-05,0.000000000000000000e+00
-1.699999999999987112e-05,0.000000000000000000e+00
-1.599999999999995523e-05,2.000000000000000042e-02
-1.500000000000003934e-05,-2.000000000000000042e-02
-1.399999999999990662e-05,2.000000000000000042e-02
-1.299999999999999073e-05,0.000000000000000000e+00
-1.199999999999985800e-05,0.000000000000000000e+00
-1.099999999999994212e-05,0.000000000000000000e+00
-1.000000000000002623e-05,0.000000000000000000e+00
-8.999999999999893502e-06,0.000000000000000000e+00
-7.999999999999977615e-06,0.000000000000000000e+00
-6.999999999999844888e-06,0.000000000000000000e+00
-5.999999999999929001e-06,0.000000000000000000e+00
-5.000000000000013115e-06,0.000000000000000000e+00
-3.999999999999880387e-06,0.000000000000000000e+00
-2.999999999999964501e-06,0.000000000000000000e+00
-2.000000000000048614e-06,2.000000000000000042e-02
-9.999999999999158867e-07,0.000000000000000000e+00
0.000000000000000000e+00,4.199999999999999845e-01
1.000000000000132727e-06,1.400000000000000133e-01
2.000000000000048614e-06,4.600000000000000200e-01
2.999999999999964501e-06,2.399999999999999911e-01
4.000000000000097228e-06,5.600000000000000533e-01
5.000000000000013115e-06,5.000000000000000000e-01
6.000000000000145842e-06,6.800000000000000488e-01
7.000000000000061728e-06,5.999999999999999778e-01
7.999999999999977615e-06,5.799999999999999600e-01
9.000000000000110342e-06,6.800000000000000488e-01
1.000000000000002623e-05,6.199999999999999956e-01
1.099999999999994212e-05,1.000000000000000000e+00
1.200000000000007484e-05,6.199999999999999956e-01
1.299999999999999073e-05,5.000000000000000000e-01
1.400000000000012346e-05,1.120000000000000107e+00
1.500000000000003934e-05,5.600000000000000533e-01
1.599999999999995523e-05,7.600000000000000089e-01
1.700000000000008796e-05,5.600000000000000533e-01
1.800000000000000384e-05,4.600000000000000200e-01
1.900000000000013657e-05,4.199999999999999845e-01
2.000000000000005246e-05,4.000000000000000222e-01
2.099999999999996834e-05,7.399999999999999911e-01
2.200000000000010107e-05,4.799999999999999822e-01
2.300000000000001696e-05,3.800000000000000044e-01
2.400000000000014969e-05,3.599999999999999867e-01
2.500000000000006557e-05,3.400000000000000244e-01
2.599999999999998146e-05,2.999999999999999889e-01
2.700000000000011419e-05,2.999999999999999889e-01
2.800000000000003007e-05,7.000000000000000666e-01
2.899999999999994596e-05,4.000000000000000222e-01
3.000000000000007869e-05,3.400000000000000244e-01
3.099999999999999457e-05,2.999999999999999889e-01
3.200000000000012730e-05,2.800000000000000266e-01
3.300000000000004319e-05,2.399999999999999911e-01
3.399999999999995907e-05,2.600000000000000089e-01
3.500000000000009180e-05,4.199999999999999845e-01
3.600000000000000769e-05,2.999999999999999889e-01
3.700000000000014042e-05,2.399999999999999911e-01
3.800000000000005630e-05,2.399999999999999911e-01
3.899999999999997219e-05,2.200000000000000011e-01
4.000000000000010492e-05,2.000000000000000111e-01
4.100000000000002080e-05,2.000000000000000111e-01
4.200000000000015353e-05,2.999999999999999889e-01
4.300000000000006942e-05,2.999999999999999889e-01
4.399999999999998530e-05,2.399999999999999911e-01
4.500000000000011803e-05,2.600000000000000089e-01
4.600000000000003392e-05,2.999999999999999889e-01
4.699999999999994980e-05,2.399999999999999911e-01
4.800000000000008253e-05,2.200000000000000011e-01
4.899999999999999842e-05,2.000000000000000111e-01
5.000000000000013115e-05,2.200000000000000011e-01
5.100000000000004703e-05,2.399999999999999911e-01
5.199999999999996292e-05,2.399999999999999911e-01
5.300000000000009565e-05,2.200000000000000011e-01
5.400000000000001153e-05,2.000000000000000111e-01
5.500000000000014426e-05,1.799999999999999933e-01
5.600000000000006015e-05,1.799999999999999933e-01
5.699999999999997603e-05,2.999999999999999889e-01
5.800000000000010876e-05,2.800000000000000266e-01
5.900000000000002465e-05,2.000000000000000111e-01
5.999999999999994053e-05,1.799999999999999933e-01
6.100000000000007326e-05,1.799999999999999933e-01
6.199999999999998915e-05,1.600000000000000033e-01
6.300000000000012187e-05,2.000000000000000111e-01
6.400000000000003776e-05,2.399999999999999911e-01
6.499999999999995365e-05,1.799999999999999933e-01
6.600000000000008638e-05,1.600000000000000033e-01
6.700000000000000226e-05,1.400000000000000133e-01
6.800000000000013499e-05,1.199999999999999956e-01
6.900000000000005088e-05,1.400000000000000133e-01
6.999999999999996676e-05,1.400000000000000133e-01
7.100000000000009949e-05,2.800000000000000266e-01
7.200000000000001538e-05,1.799999999999999933e-01
7.300000000000014810e-05,1.799999999999999933e-01
7.400000000000006399e-05,2.000000000000000111e-01
7.499999999999997988e-05,2.000000000000000111e-01
7.600000000000011260e-05,1.799999999999999933e-01
7.700000000000002849e-05,1.400000000000000133e-01
7.799999999999994438e-05,1.600000000000000033e-01
7.900000000000007710e-05,2.000000000000000111e-01
7.999999999999999299e-05,2.200000000000000011e-01
8.100000000000012572e-05,1.600000000000000033e-01
8.200000000000004161e-05,1.600000000000000033e-01
8.299999999999995749e-05,1.199999999999999956e-01
8.400000000000009022e-05,1.199999999999999956e-01
8.500000000000000611e-05,1.400000000000000133e-01
8.600000000000013883e-05,3.400000000000000244e-01
8.700000000000005472e-05,2.200000000000000011e-01
8.799999999999997061e-05,1.799999999999999933e-01
8.900000000000010333e-05,1.400000000000000133e-01
9.000000000000001922e-05,1.199999999999999956e-01
9.100000000000015195e-05,1.199999999999999956e-01
9.200000000000006783e-05,1.199999999999999956e-01
9.299999999999998372e-05,2.999999999999999889e-01
9.400000000000011645e-05,1.799999999999999933e-01
9.500000000000003234e-05,1.400000000000000133e-01
9.599999999999994822e-05,1.199999999999999956e-01
9.700000000000008095e-05,1.199999999999999956e-01
9.799999999999999684e-05,1.799999999999999933e-01
9.900000000000012956e-05,2.399999999999999911e-01
1.000000000000000454e-04,1.799999999999999933e-01
1.009999999999999613e-04,1.400000000000000133e-01
1.020000000000000941e-04,1.400000000000000133e-01
1.030000000000000100e-04,1.199999999999999956e-01
1.040000000000001427e-04,1.600000000000000033e-01
1.050000000000000586e-04,2.399999999999999911e-01
1.059999999999999745e-04,1.600000000000000033e-01
1.070000000000001072e-04,1.799999999999999933e-01
1.080000000000000231e-04,2.200000000000000011e-01
1.089999999999999390e-04,1.600000000000000033e-01
1.100000000000000717e-04,1.400000000000000133e-01
1.109999999999999876e-04,1.199999999999999956e-01
1.120000000000001203e-04,1.199999999999999956e-01
1.130000000000000362e-04,1.799999999999999933e-01
1.139999999999999521e-04,1.799999999999999933e-01
1.150000000000000848e-04,1.199999999999999956e-01
1.160000000000000007e-04,1.199999999999999956e-01
1.170000000000001334e-04,1.199999999999999956e-01
1.180000000000000493e-04,1.400000000000000133e-01
1.189999999999999652e-04,2.200000000000000011e-01
1.200000000000000979e-04,2.200000000000000011e-01
1.210000000000000138e-04,1.799999999999999933e-01
1.220000000000001465e-04,1.400000000000000133e-01
1.230000000000000624e-04,1.199999999999999956e-01
1.239999999999999783e-04,1.400000000000000133e-01
1.250000000000001110e-04,1.799999999999999933e-01
1.260000000000000269e-04,1.799999999999999933e-01
1.269999999999999428e-04,1.600000000000000033e-01
1.280000000000000755e-04,1.400000000000000133e-01
1.289999999999999914e-04,1.199999999999999956e-01
1.300000000000001241e-04,1.400000000000000133e-01
1.310000000000000400e-04,2.800000000000000266e-01
1.319999999999999559e-04,1.799999999999999933e-01
1.330000000000000886e-04,1.400000000000000133e-01
1.340000000000000045e-04,1.199999999999999956e-01
1.350000000000001373e-04,1.199999999999999956e-01
1.360000000000000531e-04,1.199999999999999956e-01
1.369999999999999690e-04,2.000000000000000111e-01
1.380000000000001018e-04,2.000000000000000111e-01
1.390000000000000176e-04,1.400000000000000133e-01
1.400000000000001504e-04,1.400000000000000133e-01
1.410000000000000663e-04,1.400000000000000133e-01
1.419999999999999821e-04,2.200000000000000011e-01
1.430000000000001149e-04,1.799999999999999933e-01
1.440000000000000308e-04,1.400000000000000133e-01
1.449999999999999466e-04,1.199999999999999956e-01
1.460000000000000794e-04,1.000000000000000056e-01
1.469999999999999953e-04,1.600000000000000033e-01
1.480000000000001280e-04,2.399999999999999911e-01
1.490000000000000439e-04,1.799999999999999933e-01
1.499999999999999598e-04,1.600000000000000033e-01
1.510000000000000925e-04,1.400000000000000133e-01
1.520000000000000084e-04,1.799999999999999933e-01
1.530000000000001411e-04,1.600000000000000033e-01
1.540000000000000570e-04,1.600000000000000033e-01
1.549999999999999729e-04,1.199999999999999956e-01
1.560000000000001056e-04,1.400000000000000133e-01
1.570000000000000215e-04,1.600000000000000033e-01
1.579999999999999374e-04,1.799999999999999933e-01
1.590000000000000701e-04,1.799999999999999933e-01
1.599999999999999860e-04,1.799999999999999933e-01
1.610000000000001187e-04,1.400000000000000133e-01
1.620000000000000346e-04,1.199999999999999956e-01
1.629999999999999505e-04,1.400000000000000133e-01
1.640000000000000832e-04,1.600000000000000033e-01
1.649999999999999991e-04,1.799999999999999933e-01
1.660000000000001318e-04,1.799999999999999933e-01
1.670000000000000477e-04,1.799999999999999933e-01
1.679999999999999636e-04,1.600000000000000033e-01
1.690000000000000963e-04,1.600000000000000033e-01
1.700000000000000122e-04,1.400000000000000133e-01
1.710000000000001449e-04,1.400000000000000133e-01
1.720000000000000608e-04,1.600000000000000033e-01
1.729999999999999767e-04,1.600000000000000033e-01
1.740000000000001094e-04,1.400000000000000133e-01
1.750000000000000253e-04,1.199999999999999956e-01
1.759999999999999412e-04,2.000000000000000111e-01
1.770000000000000739e-04,2.200000000000000011e-01
1.779999999999999898e-04,1.400000000000000133e-01
1.790000000000001226e-04,1.400000000000000133e-01
1.800000000000000384e-04,1.199999999999999956e-01
1.809999999999999543e-04,1.400000000000000133e-01
1.820000000000000871e-04,2.200000000000000011e-01
1.830000000000000029e-04,1.799999999999999933e-01
1.840000000000001357e-04,1.400000000000000133e-01
1.850000000000000516e-04,1.400000000000000133e-01
1.859999999999999674e-04,1.000000000000000056e-01
1.870000000000001002e-04,1.199999999999999956e-01
1.880000000000000161e-04,2.200000000000000011e-01
1.890000000000001488e-04,1.600000000000000033e-01
1.900000000000000647e-04,1.400000000000000133e-01
1.909999999999999806e-04,1.199999999999999956e-01
1.920000000000001133e-04,1.199999999999999956e-01
1.930000000000000292e-04,1.600000000000000033e-01
1.939999999999999451e-04,1.799999999999999933e-01
1.950000000000000778e-04,1.799999999999999933e-01
1.959999999999999937e-04,1.400000000000000133e-01
1.970000000000001264e-04,1.600000000000000033e-01
1.980000000000000423e-04,1.600000000000000033e-01
1.989999999999999582e-04,1.400000000000000133e-01
2.000000000000000909e-04,1.199999999999999956e-01
2.010000000000000068e-04,1.199999999999999956e-01
2.020000000000001395e-04,1.600000000000000033e-01
2.030000000000000554e-04,1.799999999999999933e-01
2.039999999999999713e-04,1.600000000000000033e-01
2.050000000000001040e-04,1.600000000000000033e-01
2.060000000000000199e-04,1.600000000000000033e-01
2.069999999999999358e-04,1.600000000000000033e-01
2.080000000000000685e-04,1.400000000000000133e-01
2.089999999999999844e-04,1.600000000000000033e-01
2.100000000000001171e-04,1.600000000000000033e-01
2.110000000000000330e-04,1.600000000000000033e-01
2.119999999999999489e-04,1.799999999999999933e-01
2.130000000000000816e-04,1.799999999999999933e-01
2.139999999999999975e-04,1.400000000000000133e-01
2.150000000000001302e-04,1.400000000000000133e-01
2.160000000000000461e-04,1.199999999999999956e-01
2.169999999999999620e-04,1.799999999999999933e-01
2.180000000000000947e-04,1.799999999999999933e-01
2.190000000000000106e-04,1.400000000000000133e-01
2.200000000000001434e-04,1.400000000000000133e-01
2.210000000000000592e-04,1.600000000000000033e-01
2.219999999999999751e-04,1.799999999999999933e-01
2.230000000000001079e-04,1.600000000000000033e-01
2.240000000000000237e-04,1.400000000000000133e-01
2.249999999999999396e-04,1.400000000000000133e-01
2.260000000000000724e-04,1.600000000000000033e-01
2.269999999999999882e-04,2.000000000000000111e-01
2.280000000000001210e-04,1.600000000000000033e-01
2.290000000000000369e-04,1.199999999999999956e-01
2.299999999999999527e-04,1.199999999999999956e-01
2.310000000000000855e-04,1.199999999999999956e-01
2.320000000000000014e-04,1.799999999999999933e-01
2.330000000000001341e-04,1.799999999999999933e-01
2.340000000000000500e-04,1.600000000000000033e-01
2.349999999999999659e-04,1.400000000000000133e-01
2.360000000000000986e-04,1.400000000000000133e-01
2.370000000000000145e-04,1.600000000000000033e-01
2.380000000000001472e-04,1.799999999999999933e-01
2.390000000000000631e-04,1.600000000000000033e-01
2.399999999999999790e-04,1.400000000000000133e-01
2.410000000000001117e-04,1.600000000000000033e-01
2.420000000000000276e-04,1.600000000000000033e-01
2.429999999999999435e-04,1.400000000000000133e-01
2.440000000000000762e-04,1.400000000000000133e-01
2.449999999999999921e-04,1.400000000000000133e-01
2.460000000000001248e-04,1.600000000000000033e-01
2.470000000000000407e-04,1.799999999999999933e-01
2.479999999999999566e-04,1.799999999999999933e-01
2.490000000000000893e-04,1.600000000000000033e-01
2.500000000000000052e-04,1.600000000000000033e-01
2.510000000000001379e-04,1.600000000000000033e-01
2.520000000000000538e-04,1.400000000000000133e-01
2.529999999999999697e-04,1.400000000000000133e-01
2.540000000000001024e-04,1.600000000000000033e-01
2.550000000000000183e-04,1.799999999999999933e-01
2.559999999999999342e-04,1.600000000000000033e-01
2.570000000000000669e-04,1.400000000000000133e-01
2.579999999999999828e-04,1.400000000000000133e-01
2.590000000000001155e-04,1.199999999999999956e-01
2.600000000000000314e-04,1.600000000000000033e-01
2.609999999999999473e-04,1.799999999999999933e-01
2.620000000000000800e-04,1.600000000000000033e-01
2.629999999999999959e-04,1.400000000000000133e-01
2.640000000000001287e-04,1.799999999999999933e-01
2.650000000000000445e-04,1.600000000000000033e-01
2.659999999999999604e-04,1.600000000000000033e-01
2.670000000000000932e-04,1.400000000000000133e-01
2.680000000000000090e-04,1.600000000000000033e-01
2.690000000000001418e-04,1.799999999999999933e-01
2.700000000000000577e-04,1.600000000000000033e-01
2.709999999999999735e-04,1.400000000000000133e-01
2.720000000000001063e-04,1.199999999999999956e-01
2.730000000000000222e-04,1.199999999999999956e-01
2.739999999999999380e-04,1.799999999999999933e-01
2.750000000000000708e-04,1.600000000000000033e-01
2.759999999999999867e-04,1.600000000000000033e-01
2.770000000000001194e-04,1.400000000000000133e-01
2.780000000000000353e-04,1.400000000000000133e-01
2.789999999999999512e-04,1.600000000000000033e-01
2.800000000000000839e-04,1.600000000000000033e-01
2.809999999999999998e-04,1.600000000000000033e-01
2.820000000000001325e-04,1.600000000000000033e-01
2.830000000000000484e-04,1.600000000000000033e-01
2.839999999999999643e-04,1.600000000000000033e-01
2.850000000000000970e-04,1.400000000000000133e-01
2.860000000000000129e-04,1.199999999999999956e-01
2.870000000000001456e-04,1.400000000000000133e-01
2.880000000000000615e-04,1.600000000000000033e-01
2.889999999999999774e-04,1.799999999999999933e-01
2.900000000000001101e-04,1.600000000000000033e-01
2.910000000000000260e-04,1.600000000000000033e-01
2.919999999999999419e-04,1.400000000000000133e-01
2.930000000000000746e-04,1.400000000000000133e-01
2.939999999999999905e-04,1.600000000000000033e-01
2.950000000000001232e-04,1.600000000000000033e-01
2.960000000000000391e-04,1.600000000000000033e-01
2.969999999999999550e-04,1.600000000000000033e-01
2.980000000000000877e-04,1.600000000000000033e-01
2.990000000000000036e-04,1.400000000000000133e-01
3.000000000000001363e-04,1.600000000000000033e-01
3.010000000000000522e-04,1.400000000000000133e-01
3.019999999999999681e-04,1.600000000000000033e-01
3.030000000000001008e-04,1.600000000000000033e-01
3.040000000000000167e-04,1.799999999999999933e-01
3.049999999999999326e-04,1.799999999999999933e-01
3.060000000000000654e-04,1.600000000000000033e-01
3.069999999999999812e-04,1.400000000000000133e-01
3.080000000000001140e-04,1.600000000000000033e-01
3.090000000000000299e-04,1.799999999999999933e-01
3.099999999999999457e-04,1.799999999999999933e-01
3.110000000000000785e-04,1.400000000000000133e-01
3.119999999999999944e-04,1.400000000000000133e-01
3.130000000000001271e-04,1.400000000000000133e-01
3.140000000000000430e-04,1.600000000000000033e-01
3.149999999999999589e-04,1.799999999999999933e-01
3.160000000000000916e-04,1.600000000000000033e-01
3.170000000000000075e-04,1.400000000000000133e-01
3.180000000000001402e-04,1.400000000000000133e-01
3.190000000000000561e-04,1.600000000000000033e-01
3.199999999999999720e-04,1.400000000000000133e-01
3.210000000000001047e-04,1.600000000000000033e-01
3.220000000000000206e-04,1.600000000000000033e-01
3.229999999999999365e-04,1.600000000000000033e-01
3.240000000000000692e-04,1.600000000000000033e-01
3.249999999999999851e-04,1.400000000000000133e-01
3.260000000000001178e-04,1.600000000000000033e-01
3.270000000000000337e-04,1.400000000000000133e-01
3.279999999999999496e-04,1.600000000000000033e-01
3.290000000000000823e-04,1.600000000000000033e-01
3.299999999999999982e-04,1.600000000000000033e-01
3.310000000000001309e-04,1.600000000000000033e-01
3.320000000000000468e-04,1.400000000000000133e-01
3.329999999999999627e-04,1.400000000000000133e-01
3.340000000000000954e-04,1.799999999999999933e-01
3.350000000000000113e-04,1.799999999999999933e-01
3.359999999999999272e-04,1.400000000000000133e-01
3.370000000000000599e-04,1.600000000000000033e-01
3.379999999999999758e-04,1.199999999999999956e-01
3.390000000000001085e-04,1.400000000000000133e-01
3.400000000000000244e-04,1.600000000000000033e-01
3.409999999999999403e-04,1.600000000000000033e-01
3.420000000000000730e-04,1.600000000000000033e-01
3.429999999999999889e-04,1.600000000000000033e-01
3.440000000000001217e-04,1.400000000000000133e-01
3.450000000000000375e-04,1.600000000000000033e-01
3.459999999999999534e-04,1.600000000000000033e-01
3.470000000000000862e-04,1.400000000000000133e-01
3.480000000000000020e-04,1.600000000000000033e-01
3.490000000000001348e-04,1.400000000000000133e-01
3.500000000000000507e-04,1.600000000000000033e-01
3.509999999999999665e-04,1.600000000000000033e-01
3.520000000000000993e-04,1.400000000000000133e-01
3.530000000000000152e-04,1.600000000000000033e-01
3.539999999999999310e-04,1.400000000000000133e-01
3.550000000000000638e-04,1.600000000000000033e-01
3.559999999999999797e-04,1.600000000000000033e-01
3.570000000000001124e-04,1.400000000000000133e-01
3.580000000000000283e-04,1.400000000000000133e-01
3.589999999999999442e-04,1.600000000000000033e-01
3.600000000000000769e-04,1.600000000000000033e-01
3.609999999999999928e-04,1.600000000000000033e-01
3.620000000000001255e-04,1.400000000000000133e-01
3.630000000000000414e-04,1.400000000000000133e-01
3.639999999999999573e-04,1.400000000000000133e-01
3.650000000000000900e-04,1.400000000000000133e-01
3.660000000000000059e-04,1.600000000000000033e-01
3.670000000000001386e-04,1.799999999999999933e-01
3.680000000000000545e-04,1.400000000000000133e-01
3.689999999999999704e-04,1.600000000000000033e-01
3.700000000000001031e-04,1.400000000000000133e-01
3.710000000000000190e-04,1.600000000000000033e-01
3.719999999999999349e-04,1.600000000000000033e-01
3.730000000000000676e-04,1.600000000000000033e-01
3.739999999999999835e-04,1.600000000000000033e-01
3.750000000000001162e-04,1.600000000000000033e-01
3.760000000000000321e-04,1.600000000000000033e-01
3.769999999999999480e-04,1.199999999999999956e-01
3.780000000000000807e-04,1.400000000000000133e-01
3.789999999999999966e-04,1.600000000000000033e-01
3.800000000000001293e-04,1.600000000000000033e-01
3.810000000000000452e-04,1.600000000000000033e-01
3.819999999999999611e-04,1.400000000000000133e-01
3.830000000000000938e-04,1.400000000000000133e-01
3.840000000000000097e-04,1.600000000000000033e-01
3.849999999999999256e-04,1.600000000000000033e-01
3.860000000000000583e-04,1.600000000000000033e-01
3.869999999999999742e-04,1.600000000000000033e-01
3.880000000000001070e-04,1.400000000000000133e-01
3.890000000000000228e-04,1.400000000000000133e-01
3.899999999999999387e-04,1.600000000000000033e-01
3.910000000000000715e-04,1.600000000000000033e-01
3.919999999999999873e-04,1.600000000000000033e-01
3.930000000000001201e-04,1.600000000000000033e-01
3.940000000000000360e-04,1.600000000000000033e-01
3.949999999999999518e-04,1.600000000000000033e-01
3.960000000000000846e-04,1.600000000000000033e-01
3.970000000000000005e-04,1.600000000000000033e-01
3.980000000000001332e-04,1.400000000000000133e-01
3.990000000000000491e-04,1.600000000000000033e-01
3.999999999999999650e-04,1.400000000000000133e-01
4.010000000000000977e-04,1.400000000000000133e-01
4.020000000000000136e-04,1.600000000000000033e-01
4.029999999999999295e-04,1.600000000000000033e-01
4.040000000000000622e-04,1.600000000000000033e-01
4.049999999999999781e-04,1.600000000000000033e-01
4.060000000000001108e-04,1.799999999999999933e-01
4.070000000000000267e-04,1.600000000000000033e-01
4.079999999999999426e-04,1.400000000000000133e-01
4.090000000000000753e-04,1.600000000000000033e-01
4.099999999999999912e-04,1.799999999999999933e-01
4.110000000000001239e-04,1.600000000000000033e-01
4.120000000000000398e-04,1.600000000000000033e-01
4.129999999999999557e-04,1.400000000000000133e-01
4.140000000000000884e-04,1.400000000000000133e-01
4.150000000000000043e-04,1.600000000000000033e-01
4.160000000000001370e-04,1.400000000000000133e-01
4.170000000000000529e-04,1.400000000000000133e-01
4.179999999999999688e-04,1.400000000000000133e-01
4.190000000000001015e-04,1.600000000000000033e-01
4.200000000000000174e-04,1.600000000000000033e-01
4.209999999999999333e-04,1.600000000000000033e-01
4.220000000000000660e-04,1.799999999999999933e-01
4.229999999999999819e-04,1.600000000000000033e-01
4.240000000000001146e-04,1.400000000000000133e-01
4.250000000000000305e-04,1.400000000000000133e-01
4.259999999999999464e-04,1.600000000000000033e-01
4.270000000000000791e-04,1.600000000000000033e-01
4.279999999999999950e-04,1.600000000000000033e-01
4.290000000000001278e-04,1.400000000000000133e-01
4.300000000000000436e-04,1.600000000000000033e-01
4.309999999999999595e-04,1.600000000000000033e-01
4.320000000000000923e-04,1.600000000000000033e-01
4.330000000000000081e-04,1.600000000000000033e-01
4.339999999999999240e-04,1.799999999999999933e-01
4.350000000000000568e-04,1.400000000000000133e-01
4.359999999999999726e-04,1.600000000000000033e-01
4.370000000000001054e-04,1.600000000000000033e-01
4.380000000000000213e-04,1.600000000000000033e-01
4.389999999999999371e-04,1.400000000000000133e-01
4.400000000000000699e-04,1.600000000000000033e-01
4.409999999999999858e-04,1.799999999999999933e-01
4.420000000000001185e-04,1.799999999999999933e-01
4.430000000000000344e-04,1.600000000000000033e-01
4.439999999999999503e-04,1.600000000000000033e-01
4.450000000000000830e-04,1.400000000000000133e-01
4.459999999999999989e-04,1.799999999999999933e-01
4.470000000000001316e-04,1.600000000000000033e-01
4.480000000000000475e-04,1.400000000000000133e-01
4.489999999999999634e-04,1.600000000000000033e-01
4.500000000000000961e-04,1.400000000000000133e-01
4.510000000000000120e-04,1.600000000000000033e-01
4.519999999999999279e-04,1.799999999999999933e-01
4.530000000000000606e-04,1.400000000000000133e-01
4.539999999999999765e-04,1.400000000000000133e-01
4.550000000000001092e-04,1.600000000000000033e-01
4.560000000000000251e-04,1.600000000000000033e-01
4.569999999999999410e-04,1.600000000000000033e-01
4.580000000000000737e-04,1.600000000000000033e-01
4.589999999999999896e-04,1.400000000000000133e-01
4.600000000000001223e-04,1.600000000000000033e-01
4.610000000000000382e-04,1.600000000000000033e-01
4.619999999999999541e-04,1.600000000000000033e-01
4.630000000000000868e-04,1.600000000000000033e-01
4.640000000000000027e-04,1.600000000000000033e-01
4.650000000000001354e-04,1.600000000000000033e-01
4.660000000000000513e-04,1.600000000000000033e-01
4.669999999999999672e-04,1.600000000000000033e-01
4.680000000000000999e-04,1.600000000000000033e-01
4.690000000000000158e-04,1.600000000000000033e-01
4.699999999999999317e-04,1.600000000000000033e-01
4.710000000000000644e-04,1.600000000000000033e-01
4.719999999999999803e-04,1.600000000000000033e-01
4.730000000000001131e-04,1.600000000000000033e-01
4.740000000000000289e-04,1.600000000000000033e-01
4.749999999999999448e-04,1.400000000000000133e-01
4.760000000000000776e-04,1.799999999999999933e-01
4.769999999999999934e-04,1.600000000000000033e-01
4.780000000000001262e-04,1.600000000000000033e-01
4.790000000000000421e-04,1.400000000000000133e-01
4.799999999999999580e-04,1.400000000000000133e-01
4.810000000000000907e-04,1.600000000000000033e-01
4.820000000000000066e-04,1.600000000000000033e-01
4.829999999999999225e-04,1.600000000000000033e-01
4.840000000000000552e-04,1.600000000000000033e-01
4.849999999999999711e-04,1.400000000000000133e-01
4.860000000000001038e-04,1.600000000000000033e-01
4.870000000000000197e-04,1.799999999999999933e-01
4.879999999999999356e-04,1.600000000000000033e-01
4.890000000000000683e-04,1.600000000000000033e-01
4.899999999999999842e-04,1.600000000000000033e-01
4.910000000000001169e-04,1.799999999999999933e-01
4.920000000000000328e-04,1.400000000000000133e-01
4.929999999999999487e-04,1.600000000000000033e-01
4.940000000000000814e-04,1.600000000000000033e-01
4.949999999999999973e-04,1.400000000000000133e-01
4.960000000000001300e-04,1.600000000000000033e-01
4.970000000000000459e-04,1.400000000000000133e-01
4.979999999999999618e-04,1.600000000000000033e-01
4.990000000000000945e-04,1.600000000000000033e-01
5.000000000000000104e-04,1.600000000000000033e-01
5.009999999999999263e-04,1.600000000000000033e-01
5.020000000000000590e-04,1.600000000000000033e-01
5.029999999999999749e-04,1.799999999999999933e-01
5.040000000000001076e-04,1.600000000000000033e-01
5.050000000000000235e-04,1.600000000000000033e-01
5.059999999999999394e-04,1.400000000000000133e-01
5.070000000000000721e-04,1.400000000000000133e-01
5.079999999999999880e-04,1.400000000000000133e-01
5.090000000000001208e-04,1.600000000000000033e-01
5.100000000000000366e-04,1.600000000000000033e-01
5.109999999999999525e-04,1.400000000000000133e-01
5.120000000000000853e-04,1.600000000000000033e-01
5.130000000000000011e-04,1.799999999999999933e-01
5.140000000000001339e-04,1.400000000000000133e-01
5.150000000000000498e-04,1.400000000000000133e-01
5.159999999999999656e-04,1.799999999999999933e-01
5.170000000000000984e-04,1.400000000000000133e-01
5.180000000000000143e-04,1.600000000000000033e-01
5.189999999999999301e-04,1.600000000000000033e-01
5.200000000000000629e-04,1.600000000000000033e-01
5.209999999999999788e-04,1.600000000000000033e-01
5.220000000000001115e-04,1.400000000000000133e-01
5.230000000000000274e-04,1.600000000000000033e-01
5.239999999999999433e-04,1.400000000000000133e-01
5.250000000000000760e-04,1.400000000000000133e-01
5.259999999999999919e-04,1.400000000000000133e-01
5.270000000000001246e-04,1.400000000000000133e-01
5.280000000000000405e-04,1.600000000000000033e-01
5.289999999999999564e-04,1.600000000000000033e-01
5.300000000000000891e-04,1.400000000000000133e-01
5.310000000000000050e-04,1.400000000000000133e-01
5.319999999999999209e-04,1.600000000000000033e-01
5.330000000000000536e-04,1.600000000000000033e-01
5.339999999999999695e-04,1.600000000000000033e-01
5.350000000000001022e-04,1.400000000000000133e-01
5.360000000000000181e-04,1.600000000000000033e-01
5.369999999999999340e-04,1.400000000000000133e-01
5.380000000000000667e-04,1.600000000000000033e-01
5.389999999999999826e-04,1.600000000000000033e-01
5.400000000000001153e-04,1.600000000000000033e-01
5.410000000000000312e-04,1.600000000000000033e-01
5.419999999999999471e-04,1.600000000000000033e-01
5.430000000000000798e-04,1.600000000000000033e-01
5.439999999999999957e-04,1.600000000000000033e-01
5.450000000000001284e-04,1.799999999999999933e-01
5.460000000000000443e-04,1.600000000000000033e-01
5.469999999999999602e-04,1.600000000000000033e-01
5.480000000000000929e-04,1.600000000000000033e-01
5.490000000000000088e-04,1.799999999999999933e-01
5.499999999999999247e-04,1.799999999999999933e-01
5.510000000000000574e-04,1.600000000000000033e-01
5.519999999999999733e-04,1.600000000000000033e-01
5.530000000000001061e-04,1.600000000000000033e-01
5.540000000000000219e-04,1.600000000000000033e-01
5.549999999999999378e-04,1.600000000000000033e-01
5.560000000000000706e-04,1.799999999999999933e-01
5.569999999999999864e-04,1.600000000000000033e-01
5.580000000000001192e-04,1.600000000000000033e-01
5.590000000000000351e-04,1.600000000000000033e-01
5.599999999999999509e-04,1.600000000000000033e-01
5.610000000000000837e-04,1.799999999999999933e-01
5.619999999999999996e-04,1.600000000000000033e-01
5.630000000000001323e-04,1.600000000000000033e-01
5.640000000000000482e-04,1.600000000000000033e-01
5.649999999999999641e-04,1.600000000000000033e-01
5.660000000000000968e-04,1.600000000000000033e-01
5.670000000000000127e-04,1.600000000000000033e-01
5.679999999999999286e-04,1.400000000000000133e-01
5.690000000000000613e-04,1.600000000000000033e-01
5.699999999999999772e-04,1.400000000000000133e-01
5.710000000000001099e-04,1.600000000000000033e-01
5.720000000000000258e-04,1.400000000000000133e-01
5.729999999999999417e-04,1.600000000000000033e-01
5.740000000000000744e-04,1.600000000000000033e-01
5.749999999999999903e-04,1.799999999999999933e-01
5.760000000000001230e-04,1.600000000000000033e-01
5.770000000000000389e-04,1.600000000000000033e-01
5.779999999999999548e-04,1.600000000000000033e-01
5.790000000000000875e-04,1.400000000000000133e-01
5.800000000000000034e-04,1.600000000000000033e-01
5.809999999999999193e-04,1.600000000000000033e-01
5.820000000000000520e-04,1.600000000000000033e-01
5.829999999999999679e-04,1.600000000000000033e-01
5.840000000000001006e-04,1.600000000000000033e-01
5.850000000000000165e-04,1.600000000000000033e-01
5.859999999999999324e-04,1.600000000000000033e-01
5.870000000000000651e-04,1.600000000000000033e-01
5.879999999999999810e-04,1.600000000000000033e-01
5.890000000000001137e-04,1.600000000000000033e-01
5.900000000000000296e-04,1.600000000000000033e-01
5.909999999999999455e-04,1.400000000000000133e-01
5.920000000000000782e-04,1.400000000000000133e-01
5.929999999999999941e-04,1.600000000000000033e-01
5.940000000000001269e-04,1.400000000000000133e-01
5.950000000000000427e-04,1.400000000000000133e-01
5.959999999999999586e-04,1.600000000000000033e-01
5.970000000000000914e-04,1.600000000000000033e-01
5.980000000000000072e-04,1.400000000000000133e-01
5.989999999999999231e-04,1.600000000000000033e-01
6.000000000000000559e-04,1.400000000000000133e-01
6.009999999999999717e-04,1.400000000000000133e-01
6.020000000000001045e-04,1.400000000000000133e-01
6.030000000000000204e-04,1.400000000000000133e-01
6.039999999999999362e-04,1.600000000000000033e-01
6.050000000000000690e-04,1.600000000000000033e-01
6.059999999999999849e-04,1.600000000000000033e-01
6.070000000000001176e-04,1.600000000000000033e-01
6.080000000000000335e-04,1.600000000000000033e-01
6.089999999999999494e-04,1.600000000000000033e-01
6.100000000000000821e-04,1.600000000000000033e-01
6.109999999999999980e-04,1.600000000000000033e-01
6.120000000000001307e-04,1.600000000000000033e-01
6.130000000000000466e-04,1.600000000000000033e-01
6.139999999999999625e-04,1.600000000000000033e-01
6.150000000000000952e-04,1.600000000000000033e-01
6.160000000000000111e-04,1.600000000000000033e-01
6.169999999999999270e-04,1.799999999999999933e-01
6.180000000000000597e-04,1.600000000000000033e-01
6.189999999999999756e-04,1.799999999999999933e-01
6.200000000000001083e-04,1.600000000000000033e-01
6.210000000000000242e-04,1.600000000000000033e-01
6.219999999999999401e-04,1.400000000000000133e-01
6.230000000000000728e-04,1.400000000000000133e-01
6.239999999999999887e-04,1.600000000000000033e-01
6.250000000000001214e-04,1.600000000000000033e-01
6.260000000000000373e-04,1.600000000000000033e-01
6.269999999999999532e-04,1.600000000000000033e-01
6.280000000000000859e-04,1.600000000000000033e-01
6.290000000000000018e-04,1.600000000000000033e-01
6.299999999999999177e-04,1.600000000000000033e-01
6.310000000000000504e-04,1.600000000000000033e-01
6.319999999999999663e-04,1.600000000000000033e-01
6.330000000000000990e-04,1.799999999999999933e-01
6.340000000000000149e-04,1.600000000000000033e-01
6.349999999999999308e-04,1.400000000000000133e-01
6.360000000000000635e-04,1.600000000000000033e-01
6.369999999999999794e-04,1.799999999999999933e-01
6.380000000000001122e-04,1.600000000000000033e-01
6.390000000000000280e-04,1.600000000000000033e-01
6.399999999999999439e-04,1.600000000000000033e-01
6.410000000000000767e-04,1.600000000000000033e-01
6.419999999999999925e-04,1.600000000000000033e-01
6.430000000000001253e-04,1.600000000000000033e-01
6.440000000000000412e-04,1.600000000000000033e-01
6.449999999999999570e-04,1.600000000000000033e-01
6.460000000000000898e-04,1.400000000000000133e-01
6.470000000000000057e-04,1.600000000000000033e-01
6.479999999999999215e-04,1.600000000000000033e-01
6.490000000000000543e-04,1.600000000000000033e-01
6.499999999999999702e-04,1.600000000000000033e-01
6.510000000000001029e-04,1.600000000000000033e-01
6.520000000000000188e-04,1.600000000000000033e-01
6.529999999999999347e-04,1.799999999999999933e-01
6.540000000000000674e-04,1.400000000000000133e-01
6.549999999999999833e-04,1.600000000000000033e-01
6.560000000000001160e-04,1.400000000000000133e-01
6.570000000000000319e-04,1.400000000000000133e-01
6.579999999999999478e-04,1.600000000000000033e-01
6.590000000000000805e-04,1.600000000000000033e-01
6.599999999999999964e-04,1.600000000000000033e-01
6.609999999999999123e-04,1.600000000000000033e-01
6.620000000000000450e-04,1.400000000000000133e-01
6.629999999999999609e-04,1.600000000000000033e-01
6.640000000000000936e-04,1.600000000000000033e-01
6.650000000000000095e-04,1.799999999999999933e-01
6.659999999999999254e-04,1.600000000000000033e-01
6.670000000000000581e-04,1.600000000000000033e-01
6.679999999999999740e-04,1.600000000000000033e-01
6.690000000000001067e-04,1.600000000000000033e-01
6.700000000000000226e-04,1.600000000000000033e-01
6.709999999999999385e-04,1.600000000000000033e-01
6.720000000000000712e-04,1.400000000000000133e-01
6.729999999999999871e-04,1.600000000000000033e-01
6.740000000000001198e-04,1.600000000000000033e-01
6.750000000000000357e-04,1.600000000000000033e-01
6.759999999999999516e-04,1.600000000000000033e-01
6.770000000000000843e-04,1.600000000000000033e-01
6.780000000000000002e-04,1.600000000000000033e-01
6.789999999999999161e-04,1.600000000000000033e-01
6.800000000000000488e-04,1.600000000000000033e-01
6.809999999999999647e-04,1.600000000000000033e-01
6.820000000000000975e-04,1.600000000000000033e-01
6.830000000000000134e-04,1.600000000000000033e-01
6.839999999999999292e-04,1.600000000000000033e-01
6.850000000000000620e-04,1.600000000000000033e-01
6.859999999999999779e-04,1.600000000000000033e-01
6.870000000000001106e-04,1.600000000000000033e-01
6.880000000000000265e-04,1.600000000000000033e-01
6.889999999999999424e-04,1.799999999999999933e-01
6.900000000000000751e-04,1.600000000000000033e-01
6.909999999999999910e-04,1.600000000000000033e-01
6.920000000000001237e-04,1.600000000000000033e-01
6.930000000000000396e-04,1.799999999999999933e-01
6.939999999999999555e-04,1.600000000000000033e-01
6.950000000000000882e-04,1.600000000000000033e-01
6.960000000000000041e-04,1.400000000000000133e-01
6.969999999999999200e-04,1.400000000000000133e-01
6.980000000000000527e-04,1.600000000000000033e-01
6.989999999999999686e-04,1.600000000000000033e-01
7.000000000000001013e-04,1.799999999999999933e-01
7.010000000000000172e-04,1.600000000000000033e-01
7.019999999999999331e-04,1.600000000000000033e-01
7.030000000000000658e-04,1.799999999999999933e-01
7.039999999999999817e-04,1.600000000000000033e-01
7.050000000000001144e-04,1.600000000000000033e-01
7.059999999999998135e-04,1.600000000000000033e-01
7.069999999999999462e-04,1.400000000000000133e-01
7.080000000000000789e-04,1.600000000000000033e-01
7.090000000000002117e-04,1.600000000000000033e-01
7.099999999999999107e-04,1.600000000000000033e-01
7.110000000000000434e-04,1.400000000000000133e-01
7.120000000000001762e-04,1.600000000000000033e-01
7.129999999999998752e-04,1.600000000000000033e-01
7.140000000000000079e-04,1.600000000000000033e-01
7.150000000000001407e-04,1.600000000000000033e-01
7.159999999999998397e-04,1.600000000000000033e-01
7.169999999999999724e-04,1.600000000000000033e-01
7.180000000000001052e-04,1.600000000000000033e-01
7.189999999999998042e-04,1.600000000000000033e-01
7.199999999999999369e-04,1.600000000000000033e-01
7.210000000000000697e-04,1.600000000000000033e-01
7.220000000000002024e-04,1.799999999999999933e-01
7.229999999999999014e-04,1.600000000000000033e-01
7.240000000000000342e-04,1.400000000000000133e-01
7.250000000000001669e-04,1.600000000000000033e-01
7.259999999999998659e-04,1.600000000000000033e-01
7.269999999999999987e-04,1.600000000000000033e-01
7.280000000000001314e-04,1.600000000000000033e-01
7.289999999999998304e-04,1.600000000000000033e-01
7.299999999999999632e-04,1.600000000000000033e-01
7.310000000000000959e-04,1.400000000000000133e-01
7.320000000000002286e-04,1.600000000000000033e-01
7.329999999999999277e-04,1.799999999999999933e-01
7.340000000000000604e-04,1.600000000000000033e-01
7.350000000000001931e-04,1.600000000000000033e-01
7.359999999999998922e-04,1.799999999999999933e-01
7.370000000000000249e-04,1.600000000000000033e-01
7.380000000000001576e-04,1.799999999999999933e-01
7.389999999999998567e-04,1.600000000000000033e-01
7.399999999999999894e-04,1.600000000000000033e-01
7.410000000000001221e-04,1.600000000000000033e-01
7.419999999999998212e-04,1.600000000000000033e-01
7.429999999999999539e-04,1.600000000000000033e-01
7.440000000000000866e-04,1.400000000000000133e-01
7.450000000000002193e-04,1.400000000000000133e-01
7.459999999999999184e-04,1.600000000000000033e-01
7.470000000000000511e-04,1.400000000000000133e-01
7.480000000000001838e-04,1.600000000000000033e-01
7.489999999999998829e-04,1.600000000000000033e-01
7.500000000000000156e-04,1.600000000000000033e-01
7.510000000000001483e-04,1.400000000000000133e-01
7.519999999999998474e-04,1.600000000000000033e-01
7.529999999999999801e-04,1.600000000000000033e-01
7.540000000000001128e-04,1.600000000000000033e-01
7.549999999999998119e-04,1.600000000000000033e-01
7.559999999999999446e-04,1.600000000000000033e-01
7.570000000000000773e-04,1.600000000000000033e-01
7.580000000000002101e-04,1.600000000000000033e-01
7.589999999999999091e-04,1.600000000000000033e-01
7.600000000000000418e-04,1.400000000000000133e-01
7.610000000000001746e-04,1.600000000000000033e-01
7.619999999999998736e-04,1.600000000000000033e-01
7.630000000000000063e-04,1.600000000000000033e-01
7.640000000000001391e-04,1.600000000000000033e-01
7.649999999999998381e-04,1.600000000000000033e-01
7.659999999999999708e-04,1.600000000000000033e-01
7.670000000000001036e-04,1.600000000000000033e-01
7.679999999999998026e-04,1.400000000000000133e-01
7.689999999999999353e-04,1.600000000000000033e-01
7.700000000000000681e-04,1.600000000000000033e-01
7.710000000000002008e-04,1.600000000000000033e-01
7.719999999999998998e-04,1.600000000000000033e-01
7.730000000000000326e-04,1.600000000000000033e-01
7.740000000000001653e-04,1.799999999999999933e-01
7.749999999999998643e-04,1.799999999999999933e-01
7.759999999999999971e-04,1.600000000000000033e-01
7.770000000000001298e-04,1.600000000000000033e-01
7.779999999999998288e-04,1.400000000000000133e-01
7.789999999999999616e-04,1.600000000000000033e-01
7.800000000000000943e-04,1.400000000000000133e-01
7.810000000000002270e-04,1.600000000000000033e-01
7.819999999999999261e-04,1.400000000000000133e-01
7.830000000000000588e-04,1.600000000000000033e-01
7.840000000000001915e-04,1.600000000000000033e-01
7.849999999999998906e-04,1.600000000000000033e-01
7.860000000000000233e-04,1.400000000000000133e-01
7.870000000000001560e-04,1.600000000000000033e-01
7.879999999999998551e-04,1.400000000000000133e-01
7.889999999999999878e-04,1.600000000000000033e-01
7.900000000000001205e-04,1.400000000000000133e-01
7.909999999999998196e-04,1.600000000000000033e-01
7.919999999999999523e-04,1.600000000000000033e-01
7.930000000000000850e-04,1.600000000000000033e-01
7.940000000000002178e-04,1.600000000000000033e-01
7.949999999999999168e-04,1.600000000000000033e-01
7.960000000000000495e-04,1.600000000000000033e-01
7.970000000000001823e-04,1.600000000000000033e-01
7.979999999999998813e-04,1.400000000000000133e-01
7.990000000000000140e-04,1.600000000000000033e-01
8.000000000000001468e-04,1.600000000000000033e-01
8.009999999999998458e-04,1.600000000000000033e-01
8.019999999999999785e-04,1.600000000000000033e-01
8.030000000000001113e-04,1.600000000000000033e-01
8.039999999999998103e-04,1.600000000000000033e-01
8.049999999999999430e-04,1.400000000000000133e-01
8.060000000000000758e-04,1.400000000000000133e-01
8.070000000000002085e-04,1.600000000000000033e-01
8.079999999999999075e-04,1.400000000000000133e-01
8.090000000000000403e-04,1.600000000000000033e-01
8.100000000000001730e-04,1.799999999999999933e-01
8.109999999999998720e-04,1.600000000000000033e-01
8.120000000000000048e-04,1.600000000000000033e-01
8.130000000000001375e-04,1.600000000000000033e-01
8.139999999999998365e-04,1.600000000000000033e-01
8.149999999999999693e-04,1.600000000000000033e-01
8.160000000000001020e-04,1.600000000000000033e-01
8.169999999999998010e-04,1.600000000000000033e-01
8.179999999999999338e-04,1.600000000000000033e-01
8.190000000000000665e-04,1.600000000000000033e-01
8.200000000000001992e-04,1.600000000000000033e-01
8.209999999999998983e-04,1.600000000000000033e-01
8.220000000000000310e-04,1.600000000000000033e-01
8.230000000000001637e-04,1.600000000000000033e-01
8.239999999999998628e-04,1.600000000000000033e-01
8.249999999999999955e-04,1.600000000000000033e-01
8.260000000000001282e-04,1.600000000000000033e-01
8.269999999999998273e-04,1.799999999999999933e-01
8.279999999999999600e-04,1.400000000000000133e-01
8.290000000000000927e-04,1.600000000000000033e-01
8.300000000000002254e-04,1.600000000000000033e-01
8.309999999999999245e-04,1.400000000000000133e-01
8.320000000000000572e-04,1.400000000000000133e-01
8.330000000000001899e-04,1.600000000000000033e-01
8.339999999999998890e-04,1.799999999999999933e-01
8.350000000000000217e-04,1.600000000000000033e-01
8.360000000000001544e-04,1.400000000000000133e-01
8.369999999999998535e-04,1.400000000000000133e-01
8.379999999999999862e-04,1.600000000000000033e-01
8.390000000000001189e-04,1.600000000000000033e-01
8.399999999999998180e-04,1.600000000000000033e-01
8.409999999999999507e-04,1.400000000000000133e-01
8.420000000000000834e-04,1.400000000000000133e-01
8.430000000000002162e-04,1.600000000000000033e-01
8.439999999999999152e-04,1.799999999999999933e-01
8.450000000000000479e-04,1.600000000000000033e-01
8.460000000000001807e-04,1.600000000000000033e-01
8.469999999999998797e-04,1.600000000000000033e-01
8.480000000000000124e-04,1.600000000000000033e-01
8.490000000000001452e-04,1.600000000000000033e-01
8.499999999999998442e-04,1.600000000000000033e-01
8.509999999999999769e-04,1.600000000000000033e-01
8.520000000000001097e-04,1.600000000000000033e-01
8.529999999999998087e-04,1.600000000000000033e-01
8.539999999999999414e-04,1.600000000000000033e-01
8.550000000000000742e-04,1.600000000000000033e-01
8.560000000000002069e-04,1.400000000000000133e-01
8.569999999999999060e-04,1.600000000000000033e-01
8.580000000000000387e-04,1.600000000000000033e-01
8.590000000000001714e-04,1.400000000000000133e-01
8.599999999999998705e-04,1.600000000000000033e-01
8.610000000000000032e-04,1.600000000000000033e-01
8.620000000000001359e-04,1.600000000000000033e-01
8.629999999999998350e-04,1.400000000000000133e-01
8.639999999999999677e-04,1.600000000000000033e-01
8.650000000000001004e-04,1.400000000000000133e-01
8.659999999999997995e-04,1.600000000000000033e-01
8.669999999999999322e-04,1.600000000000000033e-01
8.680000000000000649e-04,1.600000000000000033e-01
8.690000000000001976e-04,1.600000000000000033e-01
8.699999999999998967e-04,1.600000000000000033e-01
8.710000000000000294e-04,1.600000000000000033e-01
8.720000000000001621e-04,1.600000000000000033e-01
8.729999999999998612e-04,1.600000000000000033e-01
8.739999999999999939e-04,1.600000000000000033e-01
8.750000000000001266e-04,1.799999999999999933e-01
8.759999999999998257e-04,1.600000000000000033e-01
8.769999999999999584e-04,1.600000000000000033e-01
8.780000000000000911e-04,1.600000000000000033e-01
8.790000000000002239e-04,1.400000000000000133e-01
8.799999999999999229e-04,1.400000000000000133e-01
8.810000000000000556e-04,1.400000000000000133e-01
8.820000000000001884e-04,1.799999999999999933e-01
8.829999999999998874e-04,1.600000000000000033e-01
8.840000000000000201e-04,1.600000000000000033e-01
8.850000000000001529e-04,1.600000000000000033e-01
8.859999999999998519e-04,1.600000000000000033e-01
8.869999999999999846e-04,1.600000000000000033e-01
8.880000000000001174e-04,1.600000000000000033e-01
8.889999999999998164e-04,1.600000000000000033e-01
8.899999999999999491e-04,1.600000000000000033e-01
8.910000000000000819e-04,1.799999999999999933e-01
8.920000000000002146e-04,1.600000000000000033e-01
8.929999999999999136e-04,1.600000000000000033e-01
8.940000000000000464e-04,1.600000000000000033e-01
8.950000000000001791e-04,1.600000000000000033e-01
8.959999999999998781e-04,1.600000000000000033e-01
8.970000000000000109e-04,1.400000000000000133e-01
8.980000000000001436e-04,1.600000000000000033e-01
8.989999999999998426e-04,1.600000000000000033e-01
8.999999999999999754e-04,1.600000000000000033e-01
9.010000000000001081e-04,1.600000000000000033e-01
9.019999999999998071e-04,1.600000000000000033e-01
9.029999999999999399e-04,1.600000000000000033e-01
9.040000000000000726e-04,1.600000000000000033e-01
9.050000000000002053e-04,1.799999999999999933e-01
9.059999999999999044e-04,1.799999999999999933e-01
9.070000000000000371e-04,1.600000000000000033e-01
9.080000000000001698e-04,1.600000000000000033e-01
9.089999999999998689e-04,1.600000000000000033e-01
9.100000000000000016e-04,1.600000000000000033e-01
9.110000000000001343e-04,1.600000000000000033e-01
9.119999999999998334e-04,1.600000000000000033e-01
9.129999999999999661e-04,1.600000000000000033e-01
9.140000000000000988e-04,1.600000000000000033e-01
9.149999999999997979e-04,1.600000000000000033e-01
9.159999999999999306e-04,1.600000000000000033e-01
9.170000000000000633e-04,1.799999999999999933e-01
9.180000000000001961e-04,1.600000000000000033e-01
9.189999999999998951e-04,1.400000000000000133e-01
9.200000000000000278e-04,1.600000000000000033e-01
9.210000000000001606e-04,1.600000000000000033e-01
9.219999999999998596e-04,1.600000000000000033e-01
9.229999999999999923e-04,1.600000000000000033e-01
9.240000000000001251e-04,1.600000000000000033e-01
9.249999999999998241e-04,1.600000000000000033e-01
9.259999999999999568e-04,1.600000000000000033e-01
9.270000000000000896e-04,1.400000000000000133e-01
9.280000000000002223e-04,1.600000000000000033e-01
9.289999999999999213e-04,1.400000000000000133e-01
9.300000000000000541e-04,1.600000000000000033e-01
9.310000000000001868e-04,1.600000000000000033e-01
9.319999999999998858e-04,1.600000000000000033e-01
9.330000000000000186e-04,1.600000000000000033e-01
9.340000000000001513e-04,1.600000000000000033e-01
9.349999999999998503e-04,1.600000000000000033e-01
9.359999999999999831e-04,1.600000000000000033e-01
9.370000000000001158e-04,1.400000000000000133e-01
9.379999999999998148e-04,1.600000000000000033e-01
9.389999999999999476e-04,1.600000000000000033e-01
9.400000000000000803e-04,1.400000000000000133e-01
9.410000000000002130e-04,1.600000000000000033e-01
9.419999999999999121e-04,1.600000000000000033e-01
9.430000000000000448e-04,1.600000000000000033e-01
9.440000000000001775e-04,1.799999999999999933e-01
9.449999999999998766e-04,1.600000000000000033e-01
9.460000000000000093e-04,1.600000000000000033e-01
9.470000000000001420e-04,1.600000000000000033e-01
9.479999999999998411e-04,1.600000000000000033e-01
9.489999999999999738e-04,1.400000000000000133e-01
9.500000000000001065e-04,1.600000000000000033e-01
9.509999999999998056e-04,1.600000000000000033e-01
9.519999999999999383e-04,1.600000000000000033e-01
9.530000000000000710e-04,1.600000000000000033e-01
9.540000000000002037e-04,1.600000000000000033e-01
9.549999999999999028e-04,1.600000000000000033e-01
9.560000000000000355e-04,1.600000000000000033e-01
9.570000000000001682e-04,1.400000000000000133e-01
9.579999999999998673e-04,1.600000000000000033e-01
9.590000000000000000e-04,1.600000000000000033e-01
9.600000000000001327e-04,1.600000000000000033e-01
9.609999999999998318e-04,1.600000000000000033e-01
9.619999999999999645e-04,1.600000000000000033e-01
9.630000000000000972e-04,1.400000000000000133e-01
9.639999999999997963e-04,1.600000000000000033e-01
9.649999999999999290e-04,1.600000000000000033e-01
9.660000000000000617e-04,1.600000000000000033e-01
9.670000000000001945e-04,1.600000000000000033e-01
9.679999999999998935e-04,1.400000000000000133e-01
9.690000000000000262e-04,1.400000000000000133e-01
9.700000000000001590e-04,1.400000000000000133e-01
9.709999999999998580e-04,1.400000000000000133e-01
9.719999999999999907e-04,1.600000000000000033e-01
9.730000000000001235e-04,1.600000000000000033e-01
9.739999999999998225e-04,1.799999999999999933e-01
9.749999999999999552e-04,1.799999999999999933e-01
9.760000000000000880e-04,1.600000000000000033e-01
9.770000000000002207e-04,1.600000000000000033e-01
9.779999999999999197e-04,1.600000000000000033e-01
9.790000000000000525e-04,1.400000000000000133e-01
9.800000000000001852e-04,1.199999999999999956e-01
9.809999999999998842e-04,1.400000000000000133e-01
9.820000000000000170e-04,1.600000000000000033e-01
9.830000000000001497e-04,1.600000000000000033e-01
9.839999999999998487e-04,1.600000000000000033e-01
9.849999999999999815e-04,1.600000000000000033e-01
9.860000000000001142e-04,1.400000000000000133e-01
9.869999999999998132e-04,1.600000000000000033e-01
9.879999999999999460e-04,1.600000000000000033e-01
9.890000000000000787e-04,1.600000000000000033e-01
9.900000000000002114e-04,1.400000000000000133e-01
9.909999999999999105e-04,1.400000000000000133e-01
9.920000000000000432e-04,1.400000000000000133e-01
9.930000000000001759e-04,1.799999999999999933e-01
9.939999999999998750e-04,1.799999999999999933e-01
9.950000000000000077e-04,1.600000000000000033e-01
9.960000000000001404e-04,1.199999999999999956e-01
9.969999999999998395e-04,1.400000000000000133e-01
9.979999999999999722e-04,1.600000000000000033e-01
9.990000000000001049e-04,1.799999999999999933e-01
9.999999999999998040e-04,1.600000000000000033e-01
1.000999999999999937e-03,1.400000000000000133e-01
1.002000000000000069e-03,1.400000000000000133e-01
1.003000000000000202e-03,1.400000000000000133e-01
1.003999999999999901e-03,1.799999999999999933e-01
1.005000000000000034e-03,1.600000000000000033e-01
1.006000000000000167e-03,1.400000000000000133e-01
1.006999999999999866e-03,1.400000000000000133e-01
1.007999999999999998e-03,1.400000000000000133e-01
1.009000000000000131e-03,1.600000000000000033e-01
1.009999999999999830e-03,1.799999999999999933e-01
1.010999999999999963e-03,1.600000000000000033e-01
1.012000000000000096e-03,1.400000000000000133e-01
1.012999999999999795e-03,1.600000000000000033e-01
1.013999999999999927e-03,1.799999999999999933e-01
1.015000000000000060e-03,1.600000000000000033e-01
1.016000000000000193e-03,1.400000000000000133e-01
1.016999999999999892e-03,1.199999999999999956e-01
1.018000000000000025e-03,1.400000000000000133e-01
1.019000000000000157e-03,1.600000000000000033e-01
1.019999999999999856e-03,2.000000000000000111e-01
1.020999999999999989e-03,1.799999999999999933e-01
1.022000000000000122e-03,1.600000000000000033e-01
1.022999999999999821e-03,1.400000000000000133e-01
1.023999999999999954e-03,1.400000000000000133e-01
1.025000000000000086e-03,1.600000000000000033e-01
1.026000000000000219e-03,2.200000000000000011e-01
1.026999999999999918e-03,1.600000000000000033e-01
1.028000000000000051e-03,1.400000000000000133e-01
1.029000000000000184e-03,1.400000000000000133e-01
1.029999999999999883e-03,1.600000000000000033e-01
1.031000000000000015e-03,2.000000000000000111e-01
1.032000000000000148e-03,1.400000000000000133e-01
1.032999999999999847e-03,1.199999999999999956e-01
1.033999999999999980e-03,1.199999999999999956e-01
1.035000000000000113e-03,1.199999999999999956e-01
1.035999999999999812e-03,1.600000000000000033e-01
1.036999999999999944e-03,1.600000000000000033e-01
1.038000000000000077e-03,1.799999999999999933e-01
1.039000000000000210e-03,1.799999999999999933e-01
1.039999999999999909e-03,1.600000000000000033e-01
1.041000000000000042e-03,1.400000000000000133e-01
1.042000000000000174e-03,1.400000000000000133e-01
1.042999999999999873e-03,1.600000000000000033e-01
1.044000000000000006e-03,1.799999999999999933e-01
1.045000000000000139e-03,1.799999999999999933e-01
1.045999999999999838e-03,1.600000000000000033e-01
1.046999999999999971e-03,1.400000000000000133e-01
1.048000000000000103e-03,1.600000000000000033e-01
1.048999999999999802e-03,1.799999999999999933e-01
1.049999999999999935e-03,1.799999999999999933e-01
1.051000000000000068e-03,1.400000000000000133e-01
1.052000000000000201e-03,1.400000000000000133e-01
1.052999999999999900e-03,1.600000000000000033e-01
1.054000000000000032e-03,1.799999999999999933e-01
1.055000000000000165e-03,2.399999999999999911e-01
1.055999999999999864e-03,2.800000000000000266e-01
1.056999999999999997e-03,1.799999999999999933e-01
1.058000000000000130e-03,1.600000000000000033e-01
1.058999999999999829e-03,1.600000000000000033e-01
1.059999999999999961e-03,2.000000000000000111e-01
1.061000000000000094e-03,2.399999999999999911e-01
1.061999999999999793e-03,1.799999999999999933e-01
1.062999999999999926e-03,2.200000000000000011e-01
1.064000000000000059e-03,2.999999999999999889e-01
1.065000000000000191e-03,2.000000000000000111e-01
1.065999999999999890e-03,1.799999999999999933e-01
1.067000000000000023e-03,1.600000000000000033e-01
1.068000000000000156e-03,1.400000000000000133e-01
1.068999999999999855e-03,1.199999999999999956e-01
1.069999999999999988e-03,1.400000000000000133e-01
1.071000000000000120e-03,1.199999999999999956e-01
1.071999999999999819e-03,1.000000000000000056e-01
1.072999999999999952e-03,1.000000000000000056e-01
1.074000000000000085e-03,1.000000000000000056e-01
1.075000000000000218e-03,8.000000000000000167e-02
1.075999999999999917e-03,8.000000000000000167e-02
1.077000000000000049e-03,8.000000000000000167e-02
1.078000000000000182e-03,5.999999999999999778e-02
1.078999999999999881e-03,8.000000000000000167e-02
1.080000000000000014e-03,5.999999999999999778e-02
1.081000000000000147e-03,5.999999999999999778e-02
1.081999999999999846e-03,5.999999999999999778e-02
1.082999999999999978e-03,5.999999999999999778e-02
1.084000000000000111e-03,5.999999999999999778e-02
1.084999999999999810e-03,5.999999999999999778e-02
1.085999999999999943e-03,4.000000000000000083e-02
1.087000000000000076e-03,4.000000000000000083e-02
1.088000000000000208e-03,5.999999999999999778e-02
1.088999999999999907e-03,4.000000000000000083e-02
1.090000000000000040e-03,4.000000000000000083e-02
1.091000000000000173e-03,2.000000000000000042e-02
1.091999999999999872e-03,4.000000000000000083e-02
1.093000000000000005e-03,4.000000000000000083e-02
1.094000000000000137e-03,2.000000000000000042e-02
1.094999999999999836e-03,4.000000000000000083e-02
1.095999999999999969e-03,2.000000000000000042e-02
1.097000000000000102e-03,4.000000000000000083e-02
1.097999999999999801e-03,4.000000000000000083e-02
1.098999999999999934e-03,2.000000000000000042e-02
1.100000000000000066e-03,2.000000000000000042e-02
1.101000000000000199e-03,0.000000000000000000e+00
1.101999999999999898e-03,2.000000000000000042e-02
1.103000000000000031e-03,2.000000000000000042e-02
1.104000000000000163e-03,4.000000000000000083e-02
1.104999999999999863e-03,2.000000000000000042e-02
1.105999999999999995e-03,2.000000000000000042e-02
1.107000000000000128e-03,2.000000000000000042e-02
1.107999999999999827e-03,2.000000000000000042e-02
1.108999999999999960e-03,2.000000000000000042e-02
1.110000000000000092e-03,0.000000000000000000e+00
1.110999999999999792e-03,2.000000000000000042e-02
1.111999999999999924e-03,2.000000000000000042e-02
1.113000000000000057e-03,2.000000000000000042e-02
1.114000000000000190e-03,0.000000000000000000e+00
1.114999999999999889e-03,0.000000000000000000e+00
1.116000000000000021e-03,2.000000000000000042e-02
1.117000000000000154e-03,0.000000000000000000e+00
1.117999999999999853e-03,0.000000000000000000e+00
1.118999999999999986e-03,0.000000000000000000e+00
1.120000000000000119e-03,0.000000000000000000e+00
1.120999999999999818e-03,0.000000000000000000e+00
1.121999999999999950e-03,4.000000000000000083e-02
1.123000000000000083e-03,0.000000000000000000e+00
1.124000000000000216e-03,0.000000000000000000e+00
1.124999999999999915e-03,2.000000000000000042e-02
1.126000000000000048e-03,2.000000000000000042e-02
1.127000000000000180e-03,2.000000000000000042e-02
1.127999999999999879e-03,2.000000000000000042e-02
1.129000000000000012e-03,0.000000000000000000e+00
1.130000000000000145e-03,0.000000000000000000e+00
1.130999999999999844e-03,0.000000000000000000e+00
1.131999999999999977e-03,0.000000000000000000e+00
1.133000000000000109e-03,0.000000000000000000e+00
1.133999999999999809e-03,0.000000000000000000e+00
1.134999999999999941e-03,0.000000000000000000e+00
1.136000000000000074e-03,0.000000000000000000e+00
1.137000000000000207e-03,2.000000000000000042e-02
1.137999999999999906e-03,0.000000000000000000e+00
1.139000000000000038e-03,0.000000000000000000e+00
1.140000000000000171e-03,0.000000000000000000e+00
1.140999999999999870e-03,0.000000000000000000e+00
1.142000000000000003e-03,0.000000000000000000e+00
1.143000000000000136e-03,0.000000000000000000e+00
1.143999999999999835e-03,2.000000000000000042e-02
1.144999999999999967e-03,2.000000000000000042e-02
1.146000000000000100e-03,0.000000000000000000e+00
1.146999999999999799e-03,0.000000000000000000e+00
1.147999999999999932e-03,0.000000000000000000e+00
1.149000000000000065e-03,0.000000000000000000e+00
1.150000000000000197e-03,0.000000000000000000e+00
1.150999999999999896e-03,0.000000000000000000e+00
1.152000000000000029e-03,0.000000000000000000e+00
1.153000000000000162e-03,0.000000000000000000e+00
1.153999999999999861e-03,2.000000000000000042e-02
1.154999999999999994e-03,0.000000000000000000e+00
1.156000000000000126e-03,0.000000000000000000e+00
1.156999999999999825e-03,0.000000000000000000e+00
1.157999999999999958e-03,0.000000000000000000e+00
1.159000000000000091e-03,0.000000000000000000e+00
1.159999999999999790e-03,0.000000000000000000e+00
1.160999999999999923e-03,0.000000000000000000e+00
1.162000000000000055e-03,2.000000000000000042e-02
1.163000000000000188e-03,0.000000000000000000e+00
1.163999999999999887e-03,0.000000000000000000e+00
1.165000000000000020e-03,0.000000000000000000e+00
1.166000000000000153e-03,0.000000000000000000e+00
1.166999999999999852e-03,0.000000000000000000e+00
1.167999999999999984e-03,0.000000000000000000e+00
1.169000000000000117e-03,0.000000000000000000e+00
1.169999999999999816e-03,0.000000000000000000e+00
1.170999999999999949e-03,0.000000000000000000e+00
1.172000000000000082e-03,0.000000000000000000e+00
1.172999999999999781e-03,0.000000000000000000e+00
1.173999999999999913e-03,0.000000000000000000e+00
1.175000000000000046e-03,0.000000000000000000e+00
1.176000000000000179e-03,0.000000000000000000e+00
1.176999999999999878e-03,-2.000000000000000042e-02
1.178000000000000011e-03,0.000000000000000000e+00
1.179000000000000143e-03,0.000000000000000000e+00
1.179999999999999842e-03,0.000000000000000000e+00
1.180999999999999975e-03,0.000000000000000000e+00
1.182000000000000108e-03,0.000000000000000000e+00
1.182999999999999807e-03,0.000000000000000000e+00
1.183999999999999940e-03,0.000000000000000000e+00
1.185000000000000072e-03,0.000000000000000000e+00
1.186000000000000205e-03,0.000000000000000000e+00
1.186999999999999904e-03,0.000000000000000000e+00
1.188000000000000037e-03,-2.000000000000000042e-02
1.189000000000000170e-03,0.000000000000000000e+00
1.189999999999999869e-03,0.000000000000000000e+00
1.191000000000000001e-03,0.000000000000000000e+00
1.192000000000000134e-03,-2.000000000000000042e-02
1.192999999999999833e-03,0.000000000000000000e+00
1.193999999999999966e-03,0.000000000000000000e+00
1.195000000000000099e-03,2.000000000000000042e-02
1.195999999999999798e-03,0.000000000000000000e+00
1.196999999999999930e-03,-2.000000000000000042e-02
1.198000000000000063e-03,0.000000000000000000e+00
1.199000000000000196e-03,0.000000000000000000e+00
1.199999999999999895e-03,0.000000000000000000e+00
1.201000000000000028e-03,0.000000000000000000e+00
1.202000000000000160e-03,0.000000000000000000e+00
1.202999999999999859e-03,0.000000000000000000e+00
1.203999999999999992e-03,0.000000000000000000e+00
1.205000000000000125e-03,0.000000000000000000e+00
1.205999999999999824e-03,0.000000000000000000e+00
1.206999999999999957e-03,0.000000000000000000e+00
1.208000000000000089e-03,0.000000000000000000e+00
1.208999999999999788e-03,2.000000000000000042e-02
1.209999999999999921e-03,0.000000000000000000e+00
1.211000000000000054e-03,2.000000000000000042e-02
1.212000000000000187e-03,0.000000000000000000e+00
1.212999999999999886e-03,0.000000000000000000e+00
1.214000000000000018e-03,0.000000000000000000e+00
1.215000000000000151e-03,0.000000000000000000e+00
1.215999999999999850e-03,0.000000000000000000e+00
1.216999999999999983e-03,-2.000000000000000042e-02
1.218000000000000116e-03,-2.000000000000000042e-02
1.218999999999999815e-03,0.000000000000000000e+00
1.219999999999999947e-03,0.000000000000000000e+00
1.221000000000000080e-03,0.000000000000000000e+00
1.221999999999999779e-03,0.000000000000000000e+00
1.222999999999999912e-03,0.000000000000000000e+00
1.224000000000000045e-03,0.000000000000000000e+00
1.225000000000000177e-03,0.000000000000000000e+00
1.225999999999999876e-03,0.000000000000000000e+00
1.227000000000000009e-03,0.000000000000000000e+00
1.228000000000000142e-03,0.000000000000000000e+00
1.228999999999999841e-03,0.000000000000000000e+00
1.229999999999999974e-03,0.000000000000000000e+00
1.231000000000000106e-03,0.000000000000000000e+00
1.231999999999999805e-03,0.000000000000000000e+00
1.232999999999999938e-03,0.000000000000000000e+00
1.234000000000000071e-03,0.000000000000000000e+00
1.235000000000000204e-03,0.000000000000000000e+00
1.235999999999999903e-03,0.000000000000000000e+00
1.237000000000000035e-03,0.000000000000000000e+00
1.238000000000000168e-03,0.000000000000000000e+00
1.238999999999999867e-03,0.000000000000000000e+00
1.240000000000000000e-03,0.000000000000000000e+00
1.241000000000000133e-03,2.000000000000000042e-02
1.241999999999999832e-03,0.000000000000000000e+00
1.242999999999999964e-03,0.000000000000000000e+00
1.244000000000000097e-03,0.000000000000000000e+00
1.244999999999999796e-03,0.000000000000000000e+00
1.245999999999999929e-03,0.000000000000000000e+00
1.247000000000000062e-03,0.000000000000000000e+00
1.248000000000000194e-03,0.000000000000000000e+00
1.248999999999999893e-03,0.000000000000000000e+00
1.250000000000000026e-03,-2.000000000000000042e-02
