time_s,voltage_V
-1.369999999999999927e-05,-4.000000000000000083e-02
-1.367999999999999947e-05,-4.000000000000000083e-02
-1.365999999999999966e-05,-4.000000000000000083e-02
-1.363999999999999985e-05,2.000000000000000042e-02
-1.362000000000000004e-05,-4.000000000000000083e-02
-1.359999999999999854e-05,-4.000000000000000083e-02
-1.357999999999999873e-05,-4.000000000000000083e-02
-1.355999999999999892e-05,-4.000000000000000083e-02
-1.353999999999999911e-05,0.000000000000000000e+00
-1.351999999999999930e-05,-2.000000000000000042e-02
-1.349999999999999949e-05,-5.999999999999999778e-02
-1.347999999999999969e-05,-4.000000000000000083e-02
-1.345999999999999988e-05,-4.000000000000000083e-02
-1.344000000000000007e-05,-2.000000000000000042e-02
-1.341999999999999857e-05,-4.000000000000000083e-02
-1.339999999999999876e-05,0.000000000000000000e+00
-1.337999999999999895e-05,-4.000000000000000083e-02
-1.335999999999999914e-05,-5.999999999999999778e-02
-1.333999999999999933e-05,-2.000000000000000042e-02
-1.331999999999999952e-05,-4.000000000000000083e-02
-1.329999999999999972e-05,-4.000000000000000083e-02
-1.327999999999999991e-05,-2.000000000000000042e-02
-1.325999999999999840e-05,2.000000000000000042e-02
-1.323999999999999860e-05,-4.000000000000000083e-02
-1.321999999999999879e-05,-2.000000000000000042e-02
-1.319999999999999898e-05,-4.000000000000000083e-02
-1.317999999999999917e-05,-2.000000000000000042e-02
-1.315999999999999936e-05,0.000000000000000000e+00
-1.313999999999999955e-05,-2.000000000000000042e-02
-1.311999999999999975e-05,0.000000000000000000e+00
-1.309999999999999994e-05,-4.000000000000000083e-02
-1.308000000000000013e-05,-2.000000000000000042e-02
-1.305999999999999863e-05,-2.000000000000000042e-02
-1.303999999999999882e-05,-2.000000000000000042e-02
-1.301999999999999901e-05,-5.999999999999999778e-02
-1.299999999999999920e-05,-4.000000000000000083e-02
-1.297999999999999939e-05,-5.999999999999999778e-02
-1.295999999999999958e-05,-4.000000000000000083e-02
-1.293999999999999977e-05,-4.000000000000000083e-02
-1.291999999999999997e-05,-2.000000000000000042e-02
-1.289999999999999846e-05,-2.000000000000000042e-02
-1.287999999999999865e-05,2.000000000000000042e-02
-1.285999999999999885e-05,-2.000000000000000042e-02
-1.283999999999999904e-05,-4.000000000000000083e-02
-1.281999999999999923e-05,0.000000000000000000e+00
-1.279999999999999942e-05,-2.000000000000000042e-02
-1.277999999999999961e-05,-2.000000000000000042e-02
-1.275999999999999980e-05,-2.000000000000000042e-02
-1.274000000000000000e-05,-4.000000000000000083e-02
-1.272000000000000019e-05,-4.000000000000000083e-02
-1.269999999999999868e-05,-2.000000000000000042e-02
-1.267999999999999888e-05,-2.000000000000000042e-02
-1.265999999999999907e-05,-8.000000000000000167e-02
-1.263999999999999926e-05,-4.000000000000000083e-02
-1.261999999999999945e-05,-2.000000000000000042e-02
-1.259999999999999964e-05,-2.000000000000000042e-02
-1.257999999999999983e-05,-2.000000000000000042e-02
-1.255999999999999833e-05,-4.000000000000000083e-02
-1.253999999999999852e-05,-2.000000000000000042e-02
-1.251999999999999871e-05,-4.000000000000000083e-02
-1.249999999999999890e-05,-4.000000000000000083e-02
-1.247999999999999910e-05,0.000000000000000000e+00
-1.245999999999999929e-05,-2.000000000000000042e-02
-1.243999999999999948e-05,-4.000000000000000083e-02
-1.241999999999999967e-05,-2.000000000000000042e-02
-1.239999999999999986e-05,-2.000000000000000042e-02
-1.238000000000000005e-05,-4.000000000000000083e-02
-1.235999999999999855e-05,-2.000000000000000042e-02
-1.233999999999999874e-05,-5.999999999999999778e-02
-1.231999999999999893e-05,0.000000000000000000e+00
-1.229999999999999913e-05,0.000000000000000000e+00
-1.227999999999999932e-05,-2.000000000000000042e-02
-1.225999999999999951e-05,-4.000000000000000083e-02
-1.223999999999999970e-05,-2.000000000000000042e-02
-1.221999999999999989e-05,-4.000000000000000083e-02
-1.219999999999999839e-05,-4.000000000000000083e-02
-1.217999999999999858e-05,0.000000000000000000e+00
-1.215999999999999877e-05,-4.000000000000000083e-02
-1.213999999999999896e-05,-4.000000000000000083e-02
-1.211999999999999916e-05,-4.000000000000000083e-02
-1.209999999999999935e-05,-4.000000000000000083e-02
-1.207999999999999954e-05,-2.000000000000000042e-02
-1.205999999999999973e-05,-4.000000000000000083e-02
-1.203999999999999992e-05,0.000000000000000000e+00
-1.202000000000000011e-05,-4.000000000000000083e-02
-1.199999999999999861e-05,-2.000000000000000042e-02
-1.197999999999999880e-05,-5.999999999999999778e-02
-1.195999999999999899e-05,-4.000000000000000083e-02
-1.193999999999999918e-05,-5.999999999999999778e-02
-1.191999999999999938e-05,-4.000000000000000083e-02
-1.189999999999999957e-05,-2.000000000000000042e-02
-1.187999999999999976e-05,-5.999999999999999778e-02
-1.185999999999999995e-05,-2.000000000000000042e-02
-1.183999999999999845e-05,-2.000000000000000042e-02
-1.181999999999999864e-05,-4.000000000000000083e-02
-1.179999999999999883e-05,-2.000000000000000042e-02
-1.177999999999999902e-05,-2.000000000000000042e-02
-1.175999999999999921e-05,-2.000000000000000042e-02
-1.173999999999999941e-05,-2.000000000000000042e-02
-1.171999999999999960e-05,-5.999999999999999778e-02
-1.169999999999999979e-05,-4.000000000000000083e-02
-1.167999999999999998e-05,-4.000000000000000083e-02
-1.166000000000000017e-05,0.000000000000000000e+00
-1.163999999999999867e-05,-2.000000000000000042e-02
-1.161999999999999886e-05,-4.000000000000000083e-02
-1.159999999999999905e-05,-4.000000000000000083e-02
-1.157999999999999924e-05,-2.000000000000000042e-02
-1.155999999999999943e-05,0.000000000000000000e+00
-1.153999999999999963e-05,-2.000000000000000042e-02
-1.151999999999999982e-05,-4.000000000000000083e-02
-1.149999999999999831e-05,-4.000000000000000083e-02
-1.147999999999999851e-05,-4.000000000000000083e-02
-1.145999999999999870e-05,-4.000000000000000083e-02
-1.143999999999999889e-05,-4.000000000000000083e-02
-1.141999999999999908e-05,-4.000000000000000083e-02
-1.139999999999999927e-05,-4.000000000000000083e-02
-1.137999999999999946e-05,-4.000000000000000083e-02
-1.135999999999999966e-05,-2.000000000000000042e-02
-1.133999999999999985e-05,-4.000000000000000083e-02
-1.132000000000000004e-05,-5.999999999999999778e-02
-1.130000000000000023e-05,-4.000000000000000083e-02
-1.127999999999999873e-05,-2.000000000000000042e-02
-1.125999999999999892e-05,-4.000000000000000083e-02
-1.123999999999999911e-05,-4.000000000000000083e-02
-1.121999999999999930e-05,-4.000000000000000083e-02
-1.119999999999999949e-05,-4.000000000000000083e-02
-1.117999999999999968e-05,0.000000000000000000e+00
-1.115999999999999818e-05,-2.000000000000000042e-02
-1.113999999999999837e-05,-2.000000000000000042e-02
-1.111999999999999857e-05,-4.000000000000000083e-02
-1.109999999999999876e-05,-2.000000000000000042e-02
-1.107999999999999895e-05,-2.000000000000000042e-02
-1.105999999999999914e-05,-2.000000000000000042e-02
-1.103999999999999933e-05,-4.000000000000000083e-02
-1.101999999999999952e-05,-4.000000000000000083e-02
-1.099999999999999971e-05,-4.000000000000000083e-02
-1.097999999999999991e-05,-4.000000000000000083e-02
-1.096000000000000010e-05,-4.000000000000000083e-02
-1.093999999999999859e-05,-4.000000000000000083e-02
-1.091999999999999879e-05,-4.000000000000000083e-02
-1.089999999999999898e-05,0.000000000000000000e+00
-1.087999999999999917e-05,-2.000000000000000042e-02
-1.085999999999999936e-05,-2.000000000000000042e-02
-1.083999999999999955e-05,-2.000000000000000042e-02
-1.081999999999999974e-05,-2.000000000000000042e-02
-1.079999999999999824e-05,2.000000000000000042e-02
-1.077999999999999843e-05,-2.000000000000000042e-02
-1.075999999999999862e-05,-2.000000000000000042e-02
-1.073999999999999882e-05,-5.999999999999999778e-02
-1.071999999999999901e-05,-2.000000000000000042e-02
-1.069999999999999920e-05,-2.000000000000000042e-02
-1.067999999999999939e-05,-4.000000000000000083e-02
-1.065999999999999958e-05,-4.000000000000000083e-02
-1.063999999999999977e-05,-4.000000000000000083e-02
-1.061999999999999996e-05,-2.000000000000000042e-02
-1.060000000000000016e-05,-2.000000000000000042e-02
-1.057999999999999865e-05,-5.999999999999999778e-02
-1.055999999999999884e-05,-4.000000000000000083e-02
-1.053999999999999904e-05,-2.000000000000000042e-02
-1.051999999999999923e-05,-2.000000000000000042e-02
-1.049999999999999942e-05,2.000000000000000042e-02
-1.047999999999999961e-05,-2.000000000000000042e-02
-1.045999999999999980e-05,-4.000000000000000083e-02
-1.043999999999999830e-05,-2.000000000000000042e-02
-1.041999999999999849e-05,-4.000000000000000083e-02
-1.039999999999999868e-05,-2.000000000000000042e-02
-1.037999999999999887e-05,-2.000000000000000042e-02
-1.035999999999999907e-05,-2.000000000000000042e-02
-1.033999999999999926e-05,0.000000000000000000e+00
-1.031999999999999945e-05,-2.000000000000000042e-02
-1.029999999999999964e-05,0.000000000000000000e+00
-1.027999999999999983e-05,-4.000000000000000083e-02
-1.026000000000000002e-05,-2.000000000000000042e-02
-1.024000000000000021e-05,-2.000000000000000042e-02
-1.021999999999999871e-05,0.000000000000000000e+00
-1.019999999999999890e-05,0.000000000000000000e+00
-1.017999999999999909e-05,-2.000000000000000042e-02
-1.015999999999999929e-05,0.000000000000000000e+00
-1.013999999999999948e-05,-2.000000000000000042e-02
-1.011999999999999967e-05,-2.000000000000000042e-02
-1.009999999999999817e-05,-2.000000000000000042e-02
-1.007999999999999836e-05,-4.000000000000000083e-02
-1.005999999999999855e-05,0.000000000000000000e+00
-1.003999999999999874e-05,-4.000000000000000083e-02
-1.001999999999999893e-05,-2.000000000000000042e-02
-9.999999999999999124e-06,-4.000000000000000083e-02
-9.979999999999999315e-06,-2.000000000000000042e-02
-9.959999999999999507e-06,-4.000000000000000083e-02
-9.939999999999999698e-06,-2.000000000000000042e-02
-9.919999999999999890e-06,-4.000000000000000083e-02
-9.900000000000000081e-06,-4.000000000000000083e-02
-9.880000000000000273e-06,-2.000000000000000042e-02
-9.859999999999998770e-06,0.000000000000000000e+00
-9.839999999999998962e-06,-2.000000000000000042e-02
-9.819999999999999153e-06,-2.000000000000000042e-02
-9.799999999999999345e-06,-4.000000000000000083e-02
-9.779999999999999536e-06,-2.000000000000000042e-02
-9.759999999999998034e-06,-4.000000000000000083e-02
-9.739999999999998225e-06,-4.000000000000000083e-02
-9.719999999999998417e-06,-2.000000000000000042e-02
-9.699999999999998608e-06,-4.000000000000000083e-02
-9.679999999999998800e-06,2.000000000000000042e-02
-9.659999999999998991e-06,-2.000000000000000042e-02
-9.639999999999999183e-06,-2.000000000000000042e-02
-9.619999999999999374e-06,-2.000000000000000042e-02
-9.599999999999999566e-06,-2.000000000000000042e-02
-9.579999999999999757e-06,-2.000000000000000042e-02
-9.559999999999999949e-06,-2.000000000000000042e-02
-9.540000000000000140e-06,-4.000000000000000083e-02
-9.520000000000000332e-06,-2.000000000000000042e-02
-9.499999999999998829e-06,-2.000000000000000042e-02
-9.479999999999999020e-06,-2.000000000000000042e-02
-9.459999999999999212e-06,-2.000000000000000042e-02
-9.439999999999999403e-06,-2.000000000000000042e-02
-9.419999999999999595e-06,-4.000000000000000083e-02
-9.399999999999998092e-06,-4.000000000000000083e-02
-9.379999999999998284e-06,-2.000000000000000042e-02
-9.359999999999998475e-06,-2.000000000000000042e-02
-9.339999999999998667e-06,-2.000000000000000042e-02
-9.319999999999998858e-06,-2.000000000000000042e-02
-9.299999999999999050e-06,0.000000000000000000e+00
-9.279999999999999241e-06,-2.000000000000000042e-02
-9.259999999999999433e-06,-2.000000000000000042e-02
-9.239999999999999624e-06,-2.000000000000000042e-02
-9.219999999999999816e-06,-2.000000000000000042e-02
-9.200000000000000007e-06,0.000000000000000000e+00
-9.180000000000000199e-06,-2.000000000000000042e-02
-9.160000000000000390e-06,-4.000000000000000083e-02
-9.139999999999998888e-06,-2.000000000000000042e-02
-9.119999999999999079e-06,-2.000000000000000042e-02
-9.099999999999999271e-06,-2.000000000000000042e-02
-9.079999999999999462e-06,-4.000000000000000083e-02
-9.059999999999997959e-06,-2.000000000000000042e-02
-9.039999999999998151e-06,-4.000000000000000083e-02
-9.019999999999998342e-06,-4.000000000000000083e-02
-8.999999999999998534e-06,-4.000000000000000083e-02
-8.979999999999998725e-06,-4.000000000000000083e-02
-8.959999999999998917e-06,-2.000000000000000042e-02
-8.939999999999999108e-06,-4.000000000000000083e-02
-8.919999999999999300e-06,0.000000000000000000e+00
-8.899999999999999491e-06,-2.000000000000000042e-02
-8.879999999999999683e-06,-4.000000000000000083e-02
-8.859999999999999874e-06,-5.999999999999999778e-02
-8.840000000000000066e-06,-4.000000000000000083e-02
-8.820000000000000257e-06,0.000000000000000000e+00
-8.799999999999998755e-06,-4.000000000000000083e-02
-8.779999999999998946e-06,0.000000000000000000e+00
-8.759999999999999138e-06,-2.000000000000000042e-02
-8.739999999999999329e-06,-2.000000000000000042e-02
-8.719999999999999521e-06,0.000000000000000000e+00
-8.699999999999998018e-06,-4.000000000000000083e-02
-8.679999999999998210e-06,-4.000000000000000083e-02
-8.659999999999998401e-06,-2.000000000000000042e-02
-8.639999999999998593e-06,-4.000000000000000083e-02
-8.619999999999998784e-06,-4.000000000000000083e-02
-8.599999999999998976e-06,-2.000000000000000042e-02
-8.579999999999999167e-06,-2.000000000000000042e-02
-8.559999999999999359e-06,-2.000000000000000042e-02
-8.539999999999999550e-06,-4.000000000000000083e-02
-8.519999999999999742e-06,-2.000000000000000042e-02
-8.499999999999999933e-06,-4.000000000000000083e-02
-8.480000000000000124e-06,-5.999999999999999778e-02
-8.460000000000000316e-06,0.000000000000000000e+00
-8.439999999999998813e-06,-4.000000000000000083e-02
-8.419999999999999005e-06,-4.000000000000000083e-02
-8.399999999999999196e-06,-4.000000000000000083e-02
-8.379999999999999388e-06,-2.000000000000000042e-02
-8.359999999999999579e-06,0.000000000000000000e+00
-8.339999999999998077e-06,-2.000000000000000042e-02
-8.319999999999998268e-06,-4.000000000000000083e-02
-8.299999999999998460e-06,-2.000000000000000042e-02
-8.279999999999998651e-06,-2.000000000000000042e-02
-8.259999999999998843e-06,-2.000000000000000042e-02
-8.239999999999999034e-06,-4.000000000000000083e-02
-8.219999999999999226e-06,-4.000000000000000083e-02
-8.199999999999999417e-06,-4.000000000000000083e-02
-8.179999999999999609e-06,-2.000000000000000042e-02
-8.159999999999999800e-06,-4.000000000000000083e-02
-8.139999999999999992e-06,-4.000000000000000083e-02
-8.120000000000000183e-06,-5.999999999999999778e-02
-8.100000000000000375e-06,-5.999999999999999778e-02
-8.079999999999998872e-06,0.000000000000000000e+00
-8.059999999999999064e-06,-2.000000000000000042e-02
-8.039999999999999255e-06,-2.000000000000000042e-02
-8.019999999999999446e-06,-4.000000000000000083e-02
-7.999999999999997944e-06,-4.000000000000000083e-02
-7.979999999999998135e-06,-5.999999999999999778e-02
-7.959999999999998327e-06,-5.999999999999999778e-02
-7.939999999999998518e-06,-4.000000000000000083e-02
-7.919999999999998710e-06,-4.000000000000000083e-02
-7.899999999999998901e-06,-2.000000000000000042e-02
-7.879999999999999093e-06,-2.000000000000000042e-02
-7.859999999999999284e-06,-2.000000000000000042e-02
-7.839999999999999476e-06,-4.000000000000000083e-02
-7.819999999999999667e-06,-2.000000000000000042e-02
-7.799999999999999859e-06,-2.000000000000000042e-02
-7.780000000000000050e-06,-2.000000000000000042e-02
-7.760000000000000242e-06,-5.999999999999999778e-02
-7.739999999999998739e-06,-5.999999999999999778e-02
-7.719999999999998931e-06,-4.000000000000000083e-02
-7.699999999999999122e-06,-2.000000000000000042e-02
-7.679999999999999314e-06,-2.000000000000000042e-02
-7.659999999999999505e-06,-5.999999999999999778e-02
-7.639999999999998003e-06,-4.000000000000000083e-02
-7.619999999999999041e-06,-5.999999999999999778e-02
-7.599999999999999233e-06,0.000000000000000000e+00
-7.579999999999999424e-06,-4.000000000000000083e-02
-7.559999999999998769e-06,-2.000000000000000042e-02
-7.539999999999998960e-06,-5.999999999999999778e-02
-7.519999999999999151e-06,-4.000000000000000083e-02
-7.499999999999999343e-06,-4.000000000000000083e-02
-7.479999999999999534e-06,-2.000000000000000042e-02
-7.459999999999998879e-06,-2.000000000000000042e-02
-7.439999999999999070e-06,-4.000000000000000083e-02
-7.419999999999999262e-06,-4.000000000000000083e-02
-7.399999999999999453e-06,-2.000000000000000042e-02
-7.379999999999998798e-06,-4.000000000000000083e-02
-7.359999999999998989e-06,-4.000000000000000083e-02
-7.339999999999999181e-06,-2.000000000000000042e-02
-7.319999999999999372e-06,0.000000000000000000e+00
-7.299999999999999564e-06,-2.000000000000000042e-02
-7.279999999999998908e-06,-2.000000000000000042e-02
-7.259999999999999100e-06,-2.000000000000000042e-02
-7.239999999999999291e-06,-2.000000000000000042e-02
-7.219999999999999483e-06,-2.000000000000000042e-02
-7.199999999999998827e-06,-2.000000000000000042e-02
-7.179999999999999019e-06,-2.000000000000000042e-02
-7.159999999999999210e-06,-2.000000000000000042e-02
-7.139999999999999402e-06,-4.000000000000000083e-02
-7.119999999999998746e-06,-4.000000000000000083e-02
-7.099999999999998938e-06,-2.000000000000000042e-02
-7.079999999999999129e-06,-2.000000000000000042e-02
-7.059999999999999321e-06,-4.000000000000000083e-02
-7.039999999999999512e-06,-2.000000000000000042e-02
-7.019999999999998856e-06,-2.000000000000000042e-02
-6.999999999999999048e-06,-4.000000000000000083e-02
-6.979999999999999239e-06,0.000000000000000000e+00
-6.959999999999999431e-06,-2.000000000000000042e-02
-6.939999999999998775e-06,2.000000000000000042e-02
-6.919999999999998967e-06,-2.000000000000000042e-02
-6.899999999999999158e-06,-5.999999999999999778e-02
-6.879999999999999350e-06,-4.000000000000000083e-02
-6.859999999999999541e-06,-2.000000000000000042e-02
-6.839999999999998886e-06,0.000000000000000000e+00
-6.819999999999999077e-06,-4.000000000000000083e-02
-6.799999999999999269e-06,-2.000000000000000042e-02
-6.779999999999999460e-06,-4.000000000000000083e-02
-6.759999999999998805e-06,-4.000000000000000083e-02
-6.739999999999998996e-06,-2.000000000000000042e-02
-6.719999999999999188e-06,-2.000000000000000042e-02
-6.699999999999999379e-06,-2.000000000000000042e-02
-6.679999999999998724e-06,-2.000000000000000042e-02
-6.659999999999998915e-06,-4.000000000000000083e-02
-6.639999999999999107e-06,-2.000000000000000042e-02
-6.619999999999999298e-06,-5.999999999999999778e-02
-6.599999999999999490e-06,-4.000000000000000083e-02
-6.579999999999998834e-06,-2.000000000000000042e-02
-6.559999999999999026e-06,0.000000000000000000e+00
-6.539999999999999217e-06,-4.000000000000000083e-02
-6.519999999999999408e-06,-4.000000000000000083e-02
-6.499999999999998753e-06,-2.000000000000000042e-02
-6.479999999999998944e-06,-2.000000000000000042e-02
-6.459999999999999136e-06,-2.000000000000000042e-02
-6.439999999999999327e-06,-4.000000000000000083e-02
-6.419999999999999519e-06,-4.000000000000000083e-02
-6.399999999999998863e-06,-2.000000000000000042e-02
-6.379999999999999055e-06,0.000000000000000000e+00
-6.359999999999999246e-06,-2.000000000000000042e-02
-6.339999999999999438e-06,-2.000000000000000042e-02
-6.319999999999998782e-06,-5.999999999999999778e-02
-6.299999999999998974e-06,-4.000000000000000083e-02
-6.279999999999999165e-06,-4.000000000000000083e-02
-6.259999999999999357e-06,0.000000000000000000e+00
-6.239999999999998701e-06,-2.000000000000000042e-02
-6.219999999999998893e-06,-2.000000000000000042e-02
-6.199999999999999084e-06,-4.000000000000000083e-02
-6.179999999999999276e-06,-4.000000000000000083e-02
-6.159999999999999467e-06,-4.000000000000000083e-02
-6.139999999999998812e-06,-2.000000000000000042e-02
-6.119999999999999003e-06,-4.000000000000000083e-02
-6.099999999999999195e-06,-2.000000000000000042e-02
-6.079999999999999386e-06,-5.999999999999999778e-02
-6.059999999999999578e-06,-2.000000000000000042e-02
-6.039999999999999769e-06,-4.000000000000000083e-02
-6.019999999999998266e-06,-2.000000000000000042e-02
-5.999999999999998458e-06,-5.999999999999999778e-02
-5.979999999999998649e-06,-4.000000000000000083e-02
-5.959999999999998841e-06,-4.000000000000000083e-02
-5.939999999999999032e-06,-5.999999999999999778e-02
-5.919999999999999224e-06,-2.000000000000000042e-02
-5.899999999999999415e-06,-2.000000000000000042e-02
-5.879999999999999607e-06,-2.000000000000000042e-02
-5.859999999999999798e-06,-2.000000000000000042e-02
-5.839999999999998296e-06,-2.000000000000000042e-02
-5.819999999999998487e-06,-4.000000000000000083e-02
-5.799999999999998679e-06,-4.000000000000000083e-02
-5.779999999999998870e-06,-5.999999999999999778e-02
-5.759999999999999062e-06,-4.000000000000000083e-02
-5.739999999999999253e-06,-4.000000000000000083e-02
-5.719999999999999445e-06,0.000000000000000000e+00
-5.699999999999999636e-06,-4.000000000000000083e-02
-5.679999999999999828e-06,-4.000000000000000083e-02
-5.659999999999998325e-06,-4.000000000000000083e-02
-5.639999999999998517e-06,-4.000000000000000083e-02
-5.619999999999998708e-06,-2.000000000000000042e-02
-5.599999999999998900e-06,-4.000000000000000083e-02
-5.579999999999999091e-06,-5.999999999999999778e-02
-5.559999999999999283e-06,-4.000000000000000083e-02
-5.539999999999999474e-06,-4.000000000000000083e-02
-5.519999999999999666e-06,-4.000000000000000083e-02
-5.499999999999999857e-06,-2.000000000000000042e-02
-5.479999999999998354e-06,0.000000000000000000e+00
-5.459999999999998546e-06,-5.999999999999999778e-02
-5.439999999999998737e-06,-5.999999999999999778e-02
-5.419999999999998929e-06,-2.000000000000000042e-02
-5.399999999999999120e-06,0.000000000000000000e+00
-5.379999999999999312e-06,-4.000000000000000083e-02
-5.359999999999999503e-06,-4.000000000000000083e-02
-5.339999999999999695e-06,-2.000000000000000042e-02
-5.319999999999999886e-06,-2.000000000000000042e-02
-5.299999999999998384e-06,-2.000000000000000042e-02
-5.279999999999998575e-06,-2.000000000000000042e-02
-5.259999999999998767e-06,-2.000000000000000042e-02
-5.239999999999998958e-06,-2.000000000000000042e-02
-5.219999999999999150e-06,-2.000000000000000042e-02
-5.199999999999999341e-06,-2.000000000000000042e-02
-5.179999999999999533e-06,0.000000000000000000e+00
-5.159999999999999724e-06,-2.000000000000000042e-02
-5.139999999999999916e-06,-2.000000000000000042e-02
-5.119999999999998413e-06,-4.000000000000000083e-02
-5.099999999999998605e-06,-4.000000000000000083e-02
-5.079999999999998796e-06,-2.000000000000000042e-02
-5.059999999999998988e-06,-4.000000000000000083e-02
-5.039999999999999179e-06,-4.000000000000000083e-02
-5.019999999999999370e-06,-4.000000000000000083e-02
-4.999999999999999562e-06,0.000000000000000000e+00
-4.979999999999999753e-06,-2.000000000000000042e-02
-4.959999999999998251e-06,0.000000000000000000e+00
-4.939999999999998442e-06,0.000000000000000000e+00
-4.919999999999998634e-06,-5.999999999999999778e-02
-4.899999999999998825e-06,-2.000000000000000042e-02
-4.879999999999999017e-06,-2.000000000000000042e-02
-4.859999999999999208e-06,2.000000000000000042e-02
-4.839999999999999400e-06,-2.000000000000000042e-02
-4.819999999999999591e-06,-4.000000000000000083e-02
-4.799999999999999783e-06,-4.000000000000000083e-02
-4.779999999999998280e-06,-2.000000000000000042e-02
-4.759999999999998472e-06,-2.000000000000000042e-02
-4.739999999999998663e-06,-2.000000000000000042e-02
-4.719999999999998855e-06,-4.000000000000000083e-02
-4.699999999999999046e-06,-2.000000000000000042e-02
-4.679999999999999238e-06,0.000000000000000000e+00
-4.659999999999999429e-06,-2.000000000000000042e-02
-4.639999999999999621e-06,-2.000000000000000042e-02
-4.619999999999999812e-06,-2.000000000000000042e-02
-4.599999999999998310e-06,-2.000000000000000042e-02
-4.579999999999998501e-06,-4.000000000000000083e-02
-4.559999999999998693e-06,0.000000000000000000e+00
-4.539999999999998884e-06,-2.000000000000000042e-02
-4.519999999999999075e-06,-4.000000000000000083e-02
-4.499999999999999267e-06,0.000000000000000000e+00
-4.479999999999999458e-06,-2.000000000000000042e-02
-4.459999999999999650e-06,-4.000000000000000083e-02
-4.439999999999999841e-06,-4.000000000000000083e-02
-4.419999999999998339e-06,-2.000000000000000042e-02
-4.399999999999998530e-06,-2.000000000000000042e-02
-4.379999999999998722e-06,-2.000000000000000042e-02
-4.359999999999998913e-06,-2.000000000000000042e-02
-4.339999999999999105e-06,-4.000000000000000083e-02
-4.319999999999999296e-06,0.000000000000000000e+00
-4.299999999999999488e-06,-4.000000000000000083e-02
-4.279999999999999679e-06,0.000000000000000000e+00
-4.259999999999999871e-06,0.000000000000000000e+00
-4.239999999999998368e-06,-4.000000000000000083e-02
-4.219999999999998560e-06,-2.000000000000000042e-02
-4.199999999999998751e-06,-4.000000000000000083e-02
-4.179999999999998943e-06,-4.000000000000000083e-02
-4.159999999999999134e-06,-4.000000000000000083e-02
-4.139999999999999326e-06,-5.999999999999999778e-02
-4.119999999999999517e-06,-2.000000000000000042e-02
-4.099999999999999709e-06,-2.000000000000000042e-02
-4.079999999999999900e-06,-4.000000000000000083e-02
-4.059999999999998397e-06,-2.000000000000000042e-02
-4.039999999999998589e-06,-2.000000000000000042e-02
-4.019999999999998780e-06,-5.999999999999999778e-02
-3.999999999999998972e-06,-2.000000000000000042e-02
-3.979999999999999163e-06,-2.000000000000000042e-02
-3.959999999999999355e-06,-2.000000000000000042e-02
-3.939999999999999546e-06,-2.000000000000000042e-02
-3.919999999999999738e-06,-2.000000000000000042e-02
-3.899999999999998235e-06,-4.000000000000000083e-02
-3.879999999999998427e-06,-4.000000000000000083e-02
-3.859999999999998618e-06,-4.000000000000000083e-02
-3.839999999999998810e-06,0.000000000000000000e+00
-3.819999999999999001e-06,-2.000000000000000042e-02
-3.799999999999999193e-06,-4.000000000000000083e-02
-3.779999999999999384e-06,-2.000000000000000042e-02
-3.759999999999999576e-06,-4.000000000000000083e-02
-3.739999999999999767e-06,-2.000000000000000042e-02
-3.719999999999998265e-06,-2.000000000000000042e-02
-3.699999999999998456e-06,-2.000000000000000042e-02
-3.679999999999998648e-06,-4.000000000000000083e-02
-3.659999999999998839e-06,-4.000000000000000083e-02
-3.639999999999999031e-06,0.000000000000000000e+00
-3.619999999999999222e-06,-4.000000000000000083e-02
-3.599999999999999414e-06,-5.999999999999999778e-02
-3.579999999999999605e-06,-5.999999999999999778e-02
-3.559999999999999797e-06,-2.000000000000000042e-02
-3.539999999999998294e-06,-2.000000000000000042e-02
-3.519999999999998485e-06,0.000000000000000000e+00
-3.499999999999998677e-06,-2.000000000000000042e-02
-3.479999999999998868e-06,-4.000000000000000083e-02
-3.459999999999999060e-06,-4.000000000000000083e-02
-3.439999999999999251e-06,0.000000000000000000e+00
-3.419999999999999443e-06,-4.000000000000000083e-02
-3.399999999999999634e-06,-4.000000000000000083e-02
-3.379999999999999826e-06,-2.000000000000000042e-02
-3.359999999999998323e-06,0.000000000000000000e+00
-3.339999999999998515e-06,-2.000000000000000042e-02
-3.319999999999998706e-06,-2.000000000000000042e-02
-3.299999999999998898e-06,-4.000000000000000083e-02
-3.279999999999999089e-06,-4.000000000000000083e-02
-3.259999999999999281e-06,0.000000000000000000e+00
-3.239999999999999472e-06,-4.000000000000000083e-02
-3.219999999999999664e-06,-2.000000000000000042e-02
-3.199999999999999855e-06,-4.000000000000000083e-02
-3.179999999999998353e-06,0.000000000000000000e+00
-3.159999999999998544e-06,-4.000000000000000083e-02
-3.139999999999998736e-06,-2.000000000000000042e-02
-3.119999999999998927e-06,-4.000000000000000083e-02
-3.099999999999999119e-06,-2.000000000000000042e-02
-3.079999999999999310e-06,-5.999999999999999778e-02
-3.059999999999999502e-06,-4.000000000000000083e-02
-3.039999999999999693e-06,-2.000000000000000042e-02
-3.019999999999999885e-06,-2.000000000000000042e-02
-2.999999999999998382e-06,-4.000000000000000083e-02
-2.979999999999998573e-06,0.000000000000000000e+00
-2.959999999999998765e-06,-2.000000000000000042e-02
-2.939999999999998956e-06,-4.000000000000000083e-02
-2.919999999999999148e-06,-4.000000000000000083e-02
-2.899999999999999339e-06,-2.000000000000000042e-02
-2.879999999999999531e-06,0.000000000000000000e+00
-2.859999999999999722e-06,-4.000000000000000083e-02
-2.839999999999998220e-06,-4.000000000000000083e-02
-2.819999999999998411e-06,-4.000000000000000083e-02
-2.799999999999998603e-06,0.000000000000000000e+00
-2.779999999999998794e-06,-2.000000000000000042e-02
-2.759999999999998986e-06,-4.000000000000000083e-02
-2.739999999999999177e-06,-2.000000000000000042e-02
-2.719999999999999369e-06,-4.000000000000000083e-02
-2.699999999999999560e-06,-4.000000000000000083e-02
-2.679999999999999752e-06,0.000000000000000000e+00
-2.659999999999998249e-06,-2.000000000000000042e-02
-2.639999999999998441e-06,-5.999999999999999778e-02
-2.619999999999998632e-06,-2.000000000000000042e-02
-2.599999999999998824e-06,-2.000000000000000042e-02
-2.579999999999999015e-06,-2.000000000000000042e-02
-2.559999999999999207e-06,-2.000000000000000042e-02
-2.539999999999999398e-06,-4.000000000000000083e-02
-2.519999999999999590e-06,0.000000000000000000e+00
-2.499999999999999781e-06,-4.000000000000000083e-02
-2.479999999999998278e-06,-2.000000000000000042e-02
-2.459999999999998470e-06,-4.000000000000000083e-02
-2.439999999999998661e-06,-2.000000000000000042e-02
-2.419999999999998853e-06,0.000000000000000000e+00
-2.399999999999999044e-06,-2.000000000000000042e-02
-2.379999999999999236e-06,-2.000000000000000042e-02
-2.359999999999999427e-06,-2.000000000000000042e-02
-2.339999999999999619e-06,-4.000000000000000083e-02
-2.319999999999999810e-06,-4.000000000000000083e-02
-2.299999999999998308e-06,0.000000000000000000e+00
-2.279999999999998499e-06,0.000000000000000000e+00
-2.259999999999998691e-06,-2.000000000000000042e-02
-2.239999999999998882e-06,-4.000000000000000083e-02
-2.219999999999999074e-06,-2.000000000000000042e-02
-2.199999999999999265e-06,-2.000000000000000042e-02
-2.179999999999999457e-06,-2.000000000000000042e-02
-2.159999999999999648e-06,-4.000000000000000083e-02
-2.139999999999999840e-06,-2.000000000000000042e-02
-2.119999999999998337e-06,-4.000000000000000083e-02
-2.099999999999998529e-06,-2.000000000000000042e-02
-2.079999999999998720e-06,-5.999999999999999778e-02
-2.059999999999998912e-06,-4.000000000000000083e-02
-2.039999999999999103e-06,-4.000000000000000083e-02
-2.019999999999999294e-06,-2.000000000000000042e-02
-1.999999999999999486e-06,-4.000000000000000083e-02
-1.979999999999999677e-06,-4.000000000000000083e-02
-1.959999999999999869e-06,-2.000000000000000042e-02
-1.939999999999998366e-06,-2.000000000000000042e-02
-1.919999999999998558e-06,-2.000000000000000042e-02
-1.899999999999998749e-06,-2.000000000000000042e-02
-1.879999999999998941e-06,-4.000000000000000083e-02
-1.859999999999999132e-06,-2.000000000000000042e-02
-1.839999999999999324e-06,-2.000000000000000042e-02
-1.819999999999999515e-06,-4.000000000000000083e-02
-1.799999999999999707e-06,-4.000000000000000083e-02
-1.779999999999998204e-06,-4.000000000000000083e-02
-1.759999999999998396e-06,0.000000000000000000e+00
-1.739999999999998587e-06,-2.000000000000000042e-02
-1.719999999999998779e-06,-2.000000000000000042e-02
-1.699999999999998970e-06,-2.000000000000000042e-02
-1.679999999999999162e-06,-5.999999999999999778e-02
-1.659999999999999353e-06,-2.000000000000000042e-02
-1.639999999999999545e-06,-4.000000000000000083e-02
-1.619999999999999736e-06,-4.000000000000000083e-02
-1.599999999999998234e-06,-4.000000000000000083e-02
-1.579999999999998425e-06,-2.000000000000000042e-02
-1.559999999999998617e-06,-2.000000000000000042e-02
-1.539999999999998808e-06,-4.000000000000000083e-02
-1.519999999999998999e-06,-4.000000000000000083e-02
-1.499999999999999191e-06,-5.999999999999999778e-02
-1.479999999999999382e-06,-4.000000000000000083e-02
-1.459999999999999574e-06,0.000000000000000000e+00
-1.439999999999999765e-06,-2.000000000000000042e-02
-1.419999999999998263e-06,0.000000000000000000e+00
-1.399999999999998454e-06,2.000000000000000042e-02
-1.379999999999998646e-06,8.000000000000000167e-02
-1.359999999999998837e-06,1.600000000000000033e-01
-1.339999999999999029e-06,3.599999999999999867e-01
-1.319999999999999220e-06,6.400000000000000133e-01
-1.299999999999999412e-06,9.000000000000000222e-01
-1.279999999999999603e-06,9.799999999999999822e-01
-1.259999999999999795e-06,8.599999999999999867e-01
-1.239999999999998292e-06,6.400000000000000133e-01
-1.219999999999998484e-06,4.400000000000000022e-01
-1.199999999999998675e-06,3.400000000000000244e-01
-1.179999999999998867e-06,2.600000000000000089e-01
-1.159999999999999058e-06,2.000000000000000111e-01
-1.139999999999999250e-06,1.799999999999999933e-01
-1.119999999999999441e-06,1.600000000000000033e-01
-1.099999999999999633e-06,1.000000000000000056e-01
-1.079999999999999824e-06,1.400000000000000133e-01
-1.059999999999998321e-06,1.000000000000000056e-01
-1.039999999999998513e-06,1.199999999999999956e-01
-1.019999999999998704e-06,1.000000000000000056e-01
-9.999999999999988960e-07,1.400000000000000133e-01
-9.799999999999990874e-07,8.000000000000000167e-02
-9.599999999999992789e-07,5.999999999999999778e-02
-9.399999999999994704e-07,8.000000000000000167e-02
-9.199999999999996619e-07,8.000000000000000167e-02
-8.999999999999998534e-07,8.000000000000000167e-02
-8.799999999999983508e-07,5.999999999999999778e-02
-8.599999999999985423e-07,4.000000000000000083e-02
-8.399999999999987338e-07,5.999999999999999778e-02
-8.199999999999989253e-07,8.000000000000000167e-02
-7.999999999999991168e-07,5.999999999999999778e-02
-7.799999999999993083e-07,4.000000000000000083e-02
-7.599999999999994997e-07,5.999999999999999778e-02
-7.399999999999996912e-07,8.000000000000000167e-02
-7.199999999999981886e-07,5.999999999999999778e-02
-6.999999999999983801e-07,8.000000000000000167e-02
-6.799999999999985716e-07,4.000000000000000083e-02
-6.599999999999987631e-07,4.000000000000000083e-02
-6.399999999999989546e-07,4.000000000000000083e-02
-6.199999999999991461e-07,4.000000000000000083e-02
-5.999999999999993376e-07,4.000000000000000083e-02
-5.799999999999995291e-07,4.000000000000000083e-02
-5.599999999999997205e-07,2.000000000000000042e-02
-5.399999999999982180e-07,5.999999999999999778e-02
-5.199999999999984095e-07,4.000000000000000083e-02
-4.999999999999986009e-07,4.000000000000000083e-02
-4.799999999999987924e-07,0.000000000000000000e+00
-4.599999999999989839e-07,2.000000000000000042e-02
-4.399999999999991754e-07,5.999999999999999778e-02
-4.199999999999993669e-07,4.000000000000000083e-02
-3.999999999999995584e-07,5.999999999999999778e-02
-3.799999999999997499e-07,0.000000000000000000e+00
-3.599999999999982473e-07,4.000000000000000083e-02
-3.399999999999984388e-07,0.000000000000000000e+00
-3.199999999999986303e-07,2.000000000000000042e-02
-2.999999999999988218e-07,5.999999999999999778e-02
-2.799999999999990132e-07,0.000000000000000000e+00
-2.599999999999992047e-07,2.000000000000000042e-02
-2.399999999999993962e-07,4.000000000000000083e-02
-2.199999999999995877e-07,2.000000000000000042e-02
-1.999999999999997792e-07,0.000000000000000000e+00
-1.799999999999982766e-07,2.000000000000000042e-02
-1.599999999999984681e-07,4.000000000000000083e-02
-1.399999999999986596e-07,2.000000000000000042e-02
-1.199999999999988511e-07,2.000000000000000042e-02
-9.999999999999904256e-08,2.000000000000000042e-02
-7.999999999999923405e-08,2.000000000000000042e-02
-5.999999999999942554e-08,2.000000000000000042e-02
-3.999999999999961703e-08,4.000000000000000083e-02
-1.999999999999980851e-08,2.000000000000000042e-02
1.694065894508600678e-21,4.000000000000000083e-02
2.000000000000150258e-08,8.000000000000000167e-02
4.000000000000131109e-08,1.600000000000000033e-01
6.000000000000111960e-08,2.800000000000000266e-01
8.000000000000092812e-08,5.000000000000000000e-01
1.000000000000007366e-07,7.800000000000000266e-01
1.200000000000005451e-07,1.060000000000000053e+00
1.400000000000003537e-07,1.179999999999999938e+00
1.600000000000018562e-07,1.120000000000000107e+00
1.800000000000016647e-07,9.200000000000000400e-01
2.000000000000014733e-07,7.199999999999999734e-01
2.200000000000012818e-07,6.199999999999999956e-01
2.400000000000010903e-07,4.600000000000000200e-01
2.600000000000008988e-07,3.800000000000000044e-01
2.800000000000007073e-07,3.400000000000000244e-01
3.000000000000005158e-07,2.999999999999999889e-01
3.200000000000003243e-07,2.800000000000000266e-01
3.400000000000018269e-07,2.399999999999999911e-01
3.600000000000016354e-07,2.200000000000000011e-01
3.800000000000014439e-07,2.000000000000000111e-01
4.000000000000012524e-07,2.000000000000000111e-01
4.200000000000010610e-07,2.000000000000000111e-01
4.400000000000008695e-07,1.600000000000000033e-01
4.600000000000006780e-07,1.799999999999999933e-01
4.800000000000004865e-07,1.600000000000000033e-01
5.000000000000002950e-07,1.600000000000000033e-01
5.200000000000017976e-07,1.799999999999999933e-01
5.400000000000016061e-07,1.199999999999999956e-01
5.600000000000014146e-07,1.400000000000000133e-01
5.800000000000012231e-07,1.400000000000000133e-01
6.000000000000010316e-07,1.600000000000000033e-01
6.200000000000008402e-07,1.600000000000000033e-01
6.400000000000006487e-07,1.199999999999999956e-01
6.600000000000004572e-07,1.400000000000000133e-01
6.800000000000002657e-07,1.400000000000000133e-01
7.000000000000017683e-07,1.400000000000000133e-01
7.200000000000015768e-07,1.400000000000000133e-01
7.400000000000013853e-07,1.199999999999999956e-01
7.600000000000011938e-07,1.199999999999999956e-01
7.800000000000010023e-07,1.199999999999999956e-01
8.000000000000008108e-07,1.199999999999999956e-01
8.200000000000006193e-07,1.199999999999999956e-01
8.400000000000004279e-07,1.000000000000000056e-01
8.600000000000002364e-07,1.000000000000000056e-01
8.800000000000017389e-07,8.000000000000000167e-02
9.000000000000015475e-07,1.000000000000000056e-01
9.200000000000013560e-07,1.000000000000000056e-01
9.400000000000011645e-07,1.000000000000000056e-01
9.600000000000009730e-07,1.000000000000000056e-01
9.800000000000007815e-07,1.400000000000000133e-01
1.000000000000000590e-06,1.000000000000000056e-01
1.020000000000000399e-06,5.999999999999999778e-02
1.040000000000000207e-06,1.199999999999999956e-01
1.060000000000001710e-06,1.199999999999999956e-01
1.080000000000001518e-06,1.199999999999999956e-01
1.100000000000001327e-06,1.000000000000000056e-01
1.120000000000001135e-06,1.199999999999999956e-01
1.140000000000000944e-06,1.400000000000000133e-01
1.160000000000000752e-06,1.799999999999999933e-01
1.180000000000000561e-06,2.200000000000000011e-01
1.200000000000000369e-06,3.400000000000000244e-01
1.220000000000001872e-06,5.600000000000000533e-01
1.240000000000001680e-06,9.000000000000000222e-01
1.260000000000001489e-06,1.300000000000000044e+00
1.280000000000001297e-06,1.679999999999999938e+00
1.300000000000001106e-06,1.880000000000000115e+00
1.320000000000000914e-06,1.840000000000000080e+00
1.340000000000000723e-06,1.640000000000000124e+00
1.360000000000000531e-06,1.380000000000000115e+00
1.380000000000000340e-06,1.140000000000000124e+00
1.400000000000001842e-06,9.599999999999999645e-01
1.420000000000001651e-06,7.800000000000000266e-01
1.440000000000001459e-06,7.000000000000000666e-01
1.460000000000001268e-06,6.400000000000000133e-01
1.480000000000001077e-06,5.600000000000000533e-01
1.500000000000000885e-06,5.000000000000000000e-01
1.520000000000000694e-06,4.799999999999999822e-01
1.540000000000000502e-06,4.600000000000000200e-01
1.560000000000000311e-06,4.199999999999999845e-01
1.580000000000000119e-06,4.199999999999999845e-01
1.599999999999999928e-06,3.800000000000000044e-01
1.619999999999999736e-06,3.800000000000000044e-01
1.639999999999999545e-06,3.599999999999999867e-01
1.660000000000002741e-06,3.400000000000000244e-01
1.680000000000002550e-06,3.599999999999999867e-01
1.700000000000002358e-06,3.200000000000000067e-01
1.720000000000002167e-06,3.200000000000000067e-01
1.740000000000001975e-06,3.200000000000000067e-01
1.760000000000001784e-06,3.200000000000000067e-01
1.780000000000001592e-06,2.999999999999999889e-01
1.800000000000001401e-06,2.999999999999999889e-01
1.820000000000001209e-06,2.999999999999999889e-01
1.840000000000001018e-06,2.800000000000000266e-01
1.860000000000000826e-06,2.800000000000000266e-01
1.880000000000000635e-06,2.800000000000000266e-01
1.900000000000000443e-06,2.999999999999999889e-01
1.920000000000000252e-06,2.800000000000000266e-01
1.940000000000000060e-06,2.999999999999999889e-01
1.959999999999999869e-06,2.999999999999999889e-01
1.979999999999999677e-06,3.200000000000000067e-01
1.999999999999999486e-06,3.200000000000000067e-01
2.020000000000002683e-06,3.800000000000000044e-01
2.040000000000002491e-06,3.800000000000000044e-01
2.060000000000002300e-06,4.799999999999999822e-01
2.080000000000002108e-06,5.400000000000000355e-01
2.100000000000001917e-06,6.400000000000000133e-01
2.120000000000001725e-06,7.800000000000000266e-01
2.140000000000001534e-06,9.200000000000000400e-01
2.160000000000001342e-06,1.060000000000000053e+00
2.180000000000001151e-06,1.100000000000000089e+00
2.200000000000000959e-06,1.140000000000000124e+00
2.220000000000000768e-06,1.060000000000000053e+00
2.240000000000000576e-06,1.020000000000000018e+00
2.260000000000000385e-06,9.200000000000000400e-01
2.280000000000000193e-06,8.200000000000000622e-01
2.300000000000000002e-06,7.600000000000000089e-01
2.319999999999999810e-06,6.800000000000000488e-01
2.339999999999999619e-06,5.999999999999999778e-01
2.359999999999999427e-06,5.200000000000000178e-01
2.380000000000002624e-06,5.200000000000000178e-01
2.400000000000002432e-06,5.200000000000000178e-01
2.420000000000002241e-06,4.799999999999999822e-01
2.440000000000002050e-06,4.600000000000000200e-01
2.460000000000001858e-06,4.199999999999999845e-01
2.480000000000001667e-06,4.400000000000000022e-01
2.500000000000001475e-06,4.199999999999999845e-01
2.520000000000001284e-06,3.800000000000000044e-01
2.540000000000001092e-06,3.800000000000000044e-01
2.560000000000000901e-06,3.800000000000000044e-01
2.580000000000000709e-06,3.800000000000000044e-01
2.600000000000000518e-06,3.599999999999999867e-01
2.620000000000000326e-06,3.800000000000000044e-01
2.640000000000000135e-06,3.400000000000000244e-01
2.659999999999999943e-06,3.599999999999999867e-01
2.679999999999999752e-06,3.599999999999999867e-01
2.699999999999999560e-06,3.599999999999999867e-01
2.720000000000002757e-06,3.599999999999999867e-01
2.740000000000002565e-06,3.200000000000000067e-01
2.760000000000002374e-06,3.400000000000000244e-01
2.780000000000002182e-06,3.200000000000000067e-01
2.800000000000001991e-06,2.999999999999999889e-01
2.820000000000001799e-06,2.999999999999999889e-01
2.840000000000001608e-06,3.200000000000000067e-01
2.860000000000001416e-06,2.999999999999999889e-01
2.880000000000001225e-06,3.200000000000000067e-01
2.900000000000001033e-06,3.200000000000000067e-01
2.920000000000000842e-06,3.200000000000000067e-01
2.940000000000000650e-06,3.200000000000000067e-01
2.960000000000000459e-06,3.800000000000000044e-01
2.980000000000000267e-06,3.800000000000000044e-01
3.000000000000000076e-06,3.800000000000000044e-01
3.019999999999999885e-06,4.199999999999999845e-01
3.039999999999999693e-06,4.799999999999999822e-01
3.059999999999999502e-06,5.799999999999999600e-01
3.080000000000002698e-06,6.400000000000000133e-01
3.100000000000002507e-06,7.800000000000000266e-01
3.120000000000002315e-06,9.000000000000000222e-01
3.140000000000002124e-06,1.020000000000000018e+00
3.160000000000001932e-06,1.120000000000000107e+00
3.180000000000001741e-06,1.179999999999999938e+00
3.200000000000001549e-06,1.199999999999999956e+00
3.220000000000001358e-06,1.140000000000000124e+00
3.240000000000001166e-06,1.060000000000000053e+00
3.260000000000000975e-06,9.799999999999999822e-01
3.280000000000000783e-06,8.800000000000000044e-01
3.300000000000000592e-06,8.200000000000000622e-01
3.320000000000000400e-06,7.600000000000000089e-01
3.340000000000000209e-06,7.000000000000000666e-01
3.360000000000000017e-06,6.600000000000000311e-01
3.379999999999999826e-06,6.400000000000000133e-01
3.399999999999999634e-06,5.600000000000000533e-01
3.419999999999999443e-06,5.400000000000000355e-01
3.440000000000002640e-06,5.200000000000000178e-01
3.460000000000002448e-06,5.000000000000000000e-01
3.480000000000002257e-06,4.799999999999999822e-01
3.500000000000002065e-06,4.600000000000000200e-01
3.520000000000001874e-06,4.799999999999999822e-01
3.540000000000001682e-06,4.600000000000000200e-01
3.560000000000001491e-06,4.400000000000000022e-01
3.580000000000001299e-06,4.199999999999999845e-01
3.600000000000001108e-06,4.400000000000000022e-01
3.620000000000000916e-06,4.199999999999999845e-01
3.640000000000000725e-06,4.199999999999999845e-01
3.660000000000000533e-06,4.199999999999999845e-01
3.680000000000000342e-06,4.000000000000000222e-01
3.700000000000000150e-06,4.000000000000000222e-01
3.719999999999999959e-06,4.199999999999999845e-01
3.739999999999999767e-06,3.800000000000000044e-01
3.759999999999999576e-06,3.599999999999999867e-01
3.780000000000002772e-06,3.599999999999999867e-01
3.800000000000002581e-06,3.800000000000000044e-01
3.820000000000002389e-06,3.599999999999999867e-01
3.840000000000002198e-06,3.599999999999999867e-01
3.860000000000002006e-06,3.800000000000000044e-01
3.880000000000001815e-06,3.800000000000000044e-01
3.900000000000001623e-06,3.599999999999999867e-01
3.920000000000001432e-06,3.800000000000000044e-01
3.940000000000001240e-06,4.000000000000000222e-01
3.960000000000001049e-06,3.800000000000000044e-01
3.980000000000000858e-06,3.800000000000000044e-01
4.000000000000000666e-06,4.199999999999999845e-01
4.020000000000000475e-06,4.400000000000000022e-01
4.040000000000000283e-06,4.799999999999999822e-01
4.060000000000000092e-06,5.400000000000000355e-01
4.079999999999999900e-06,5.799999999999999600e-01
4.099999999999999709e-06,6.600000000000000311e-01
4.119999999999999517e-06,7.800000000000000266e-01
4.140000000000002714e-06,9.000000000000000222e-01
4.160000000000002522e-06,1.000000000000000000e+00
4.180000000000002331e-06,1.100000000000000089e+00
4.200000000000002139e-06,1.159999999999999920e+00
4.220000000000001948e-06,1.219999999999999973e+00
4.240000000000001756e-06,1.199999999999999956e+00
4.260000000000001565e-06,1.179999999999999938e+00
4.280000000000001373e-06,1.120000000000000107e+00
4.300000000000001182e-06,1.040000000000000036e+00
4.320000000000000990e-06,9.400000000000000577e-01
4.340000000000000799e-06,9.000000000000000222e-01
4.360000000000000607e-06,8.200000000000000622e-01
4.380000000000000416e-06,7.800000000000000266e-01
4.400000000000000224e-06,7.600000000000000089e-01
4.420000000000000033e-06,7.000000000000000666e-01
4.439999999999999841e-06,6.400000000000000133e-01
4.459999999999999650e-06,6.199999999999999956e-01
4.479999999999999458e-06,5.999999999999999778e-01
4.500000000000002655e-06,5.799999999999999600e-01
4.520000000000002464e-06,5.799999999999999600e-01
4.540000000000002272e-06,5.400000000000000355e-01
4.560000000000002081e-06,5.600000000000000533e-01
4.580000000000001889e-06,5.200000000000000178e-01
4.600000000000001698e-06,5.400000000000000355e-01
4.620000000000001506e-06,5.000000000000000000e-01
4.640000000000001315e-06,5.200000000000000178e-01
4.660000000000001123e-06,5.000000000000000000e-01
4.680000000000000932e-06,4.799999999999999822e-01
4.700000000000000740e-06,5.000000000000000000e-01
4.720000000000000549e-06,4.400000000000000022e-01
4.740000000000000357e-06,4.600000000000000200e-01
4.760000000000000166e-06,4.600000000000000200e-01
4.779999999999999974e-06,4.600000000000000200e-01
4.799999999999999783e-06,4.600000000000000200e-01
4.819999999999999591e-06,4.000000000000000222e-01
4.840000000000002788e-06,4.199999999999999845e-01
4.860000000000002596e-06,4.199999999999999845e-01
4.880000000000002405e-06,4.400000000000000022e-01
4.900000000000002213e-06,4.400000000000000022e-01
4.920000000000002022e-06,4.400000000000000022e-01
4.940000000000001831e-06,4.799999999999999822e-01
4.960000000000001639e-06,4.199999999999999845e-01
4.980000000000001448e-06,4.199999999999999845e-01
5.000000000000001256e-06,4.400000000000000022e-01
5.020000000000001065e-06,4.600000000000000200e-01
5.040000000000000873e-06,4.799999999999999822e-01
5.060000000000000682e-06,4.799999999999999822e-01
5.080000000000000490e-06,4.799999999999999822e-01
5.100000000000000299e-06,5.000000000000000000e-01
5.120000000000000107e-06,5.999999999999999778e-01
5.139999999999999916e-06,6.199999999999999956e-01
5.159999999999999724e-06,7.000000000000000666e-01
5.179999999999999533e-06,8.000000000000000444e-01
5.200000000000002729e-06,9.200000000000000400e-01
5.220000000000002538e-06,1.100000000000000089e+00
5.240000000000002346e-06,1.280000000000000027e+00
5.260000000000002155e-06,1.439999999999999947e+00
5.280000000000001963e-06,1.600000000000000089e+00
5.300000000000001772e-06,1.719999999999999973e+00
5.320000000000001580e-06,1.780000000000000027e+00
5.340000000000001389e-06,1.800000000000000044e+00
5.360000000000001197e-06,1.780000000000000027e+00
5.380000000000001006e-06,1.660000000000000142e+00
5.400000000000000814e-06,1.560000000000000053e+00
5.420000000000000623e-06,1.459999999999999964e+00
5.440000000000000431e-06,1.320000000000000062e+00
5.460000000000000240e-06,1.219999999999999973e+00
5.480000000000000048e-06,1.140000000000000124e+00
5.499999999999999857e-06,1.100000000000000089e+00
5.519999999999999666e-06,9.799999999999999822e-01
5.539999999999999474e-06,9.400000000000000577e-01
5.560000000000002671e-06,9.000000000000000222e-01
5.580000000000002479e-06,8.599999999999999867e-01
5.600000000000002288e-06,8.000000000000000444e-01
5.620000000000002096e-06,7.800000000000000266e-01
5.640000000000001905e-06,8.000000000000000444e-01
5.660000000000001713e-06,7.399999999999999911e-01
5.680000000000001522e-06,7.399999999999999911e-01
5.700000000000001330e-06,6.800000000000000488e-01
5.720000000000001139e-06,7.000000000000000666e-01
5.740000000000000947e-06,6.600000000000000311e-01
5.760000000000000756e-06,6.600000000000000311e-01
5.780000000000000564e-06,6.600000000000000311e-01
5.800000000000000373e-06,6.400000000000000133e-01
5.820000000000000181e-06,6.400000000000000133e-01
5.839999999999999990e-06,6.199999999999999956e-01
5.859999999999999798e-06,6.199999999999999956e-01
5.879999999999999607e-06,5.799999999999999600e-01
5.900000000000002804e-06,5.999999999999999778e-01
5.920000000000002612e-06,5.999999999999999778e-01
5.940000000000002421e-06,5.600000000000000533e-01
5.960000000000002229e-06,5.799999999999999600e-01
5.980000000000002038e-06,5.799999999999999600e-01
6.000000000000001846e-06,5.799999999999999600e-01
6.020000000000001655e-06,5.600000000000000533e-01
6.040000000000001463e-06,5.600000000000000533e-01
6.060000000000001272e-06,5.600000000000000533e-01
6.080000000000001080e-06,5.200000000000000178e-01
6.100000000000000889e-06,5.200000000000000178e-01
6.120000000000000697e-06,5.200000000000000178e-01
6.140000000000000506e-06,5.400000000000000355e-01
6.160000000000000314e-06,5.400000000000000355e-01
6.180000000000000123e-06,5.200000000000000178e-01
6.199999999999999931e-06,5.000000000000000000e-01
6.219999999999999740e-06,5.200000000000000178e-01
6.239999999999999548e-06,5.200000000000000178e-01
6.260000000000002745e-06,5.200000000000000178e-01
6.280000000000002553e-06,5.000000000000000000e-01
6.300000000000002362e-06,5.000000000000000000e-01
6.320000000000002170e-06,4.799999999999999822e-01
6.340000000000001979e-06,4.799999999999999822e-01
6.360000000000001787e-06,5.000000000000000000e-01
6.380000000000001596e-06,5.000000000000000000e-01
6.400000000000001404e-06,5.200000000000000178e-01
6.420000000000001213e-06,5.200000000000000178e-01
6.440000000000001021e-06,5.600000000000000533e-01
6.460000000000000830e-06,6.199999999999999956e-01
6.480000000000000639e-06,7.000000000000000666e-01
6.500000000000000447e-06,8.599999999999999867e-01
6.520000000000000256e-06,1.100000000000000089e+00
6.540000000000000064e-06,1.419999999999999929e+00
6.559999999999999873e-06,1.780000000000000027e+00
6.579999999999999681e-06,2.100000000000000089e+00
6.599999999999999490e-06,2.319999999999999840e+00
6.620000000000002686e-06,2.379999999999999893e+00
6.640000000000002495e-06,2.280000000000000249e+00
6.660000000000002303e-06,2.100000000000000089e+00
6.680000000000002112e-06,1.880000000000000115e+00
6.700000000000001920e-06,1.660000000000000142e+00
6.720000000000001729e-06,1.500000000000000000e+00
6.740000000000001537e-06,1.360000000000000098e+00
6.760000000000001346e-06,1.260000000000000009e+00
6.780000000000001154e-06,1.140000000000000124e+00
6.800000000000000963e-06,1.080000000000000071e+00
6.820000000000000771e-06,1.020000000000000018e+00
6.840000000000000580e-06,1.000000000000000000e+00
6.860000000000000388e-06,9.599999999999999645e-01
6.880000000000000197e-06,9.000000000000000222e-01
6.900000000000000005e-06,9.000000000000000222e-01
6.919999999999999814e-06,9.000000000000000222e-01
6.939999999999999622e-06,8.200000000000000622e-01
6.960000000000002819e-06,8.200000000000000622e-01
6.980000000000002628e-06,8.200000000000000622e-01
7.000000000000002436e-06,8.200000000000000622e-01
7.020000000000002245e-06,8.000000000000000444e-01
7.040000000000002053e-06,7.800000000000000266e-01
7.060000000000001862e-06,7.399999999999999911e-01
7.080000000000001670e-06,7.199999999999999734e-01
7.100000000000001479e-06,7.199999999999999734e-01
7.120000000000001287e-06,7.199999999999999734e-01
7.140000000000001096e-06,7.199999999999999734e-01
7.160000000000000904e-06,7.000000000000000666e-01
7.180000000000000713e-06,7.000000000000000666e-01
7.200000000000000521e-06,7.000000000000000666e-01
7.220000000000000330e-06,6.600000000000000311e-01
7.240000000000000138e-06,6.800000000000000488e-01
7.259999999999999947e-06,6.600000000000000311e-01
7.279999999999999755e-06,6.600000000000000311e-01
7.299999999999999564e-06,6.600000000000000311e-01
7.320000000000002760e-06,6.800000000000000488e-01
7.340000000000002569e-06,6.600000000000000311e-01
7.360000000000002377e-06,6.199999999999999956e-01
7.380000000000002186e-06,6.400000000000000133e-01
7.400000000000001994e-06,6.400000000000000133e-01
7.420000000000001803e-06,6.199999999999999956e-01
7.440000000000001612e-06,5.999999999999999778e-01
7.460000000000001420e-06,6.199999999999999956e-01
7.480000000000001229e-06,6.199999999999999956e-01
7.500000000000001037e-06,5.999999999999999778e-01
7.520000000000000846e-06,5.999999999999999778e-01
7.540000000000000654e-06,5.799999999999999600e-01
7.560000000000000463e-06,5.999999999999999778e-01
7.580000000000000271e-06,5.799999999999999600e-01
7.600000000000000080e-06,5.600000000000000533e-01
7.619999999999999888e-06,5.999999999999999778e-01
7.639999999999999697e-06,5.600000000000000533e-01
7.659999999999999505e-06,5.400000000000000355e-01
7.680000000000002702e-06,5.799999999999999600e-01
7.700000000000002510e-06,5.600000000000000533e-01
7.720000000000002319e-06,5.600000000000000533e-01
7.740000000000002127e-06,5.200000000000000178e-01
7.760000000000001936e-06,5.600000000000000533e-01
7.780000000000001744e-06,5.400000000000000355e-01
7.800000000000001553e-06,5.400000000000000355e-01
7.820000000000001361e-06,5.400000000000000355e-01
7.840000000000001170e-06,5.400000000000000355e-01
7.860000000000000978e-06,5.200000000000000178e-01
7.880000000000000787e-06,5.400000000000000355e-01
7.900000000000000595e-06,5.200000000000000178e-01
7.920000000000000404e-06,5.200000000000000178e-01
7.940000000000000212e-06,5.400000000000000355e-01
7.960000000000000021e-06,5.400000000000000355e-01
7.979999999999999829e-06,5.000000000000000000e-01
7.999999999999999638e-06,5.400000000000000355e-01
8.020000000000002835e-06,5.200000000000000178e-01
8.040000000000002643e-06,5.200000000000000178e-01
8.060000000000002452e-06,5.000000000000000000e-01
8.080000000000002260e-06,4.799999999999999822e-01
8.100000000000002069e-06,4.799999999999999822e-01
8.120000000000001877e-06,5.000000000000000000e-01
8.140000000000001686e-06,5.000000000000000000e-01
8.160000000000001494e-06,4.799999999999999822e-01
8.180000000000001303e-06,5.000000000000000000e-01
8.200000000000001111e-06,5.000000000000000000e-01
8.220000000000000920e-06,4.799999999999999822e-01
8.240000000000000728e-06,5.000000000000000000e-01
8.260000000000000537e-06,4.799999999999999822e-01
8.280000000000000345e-06,5.000000000000000000e-01
8.300000000000000154e-06,4.799999999999999822e-01
8.319999999999999962e-06,5.000000000000000000e-01
8.339999999999999771e-06,5.000000000000000000e-01
8.359999999999999579e-06,5.000000000000000000e-01
8.380000000000002776e-06,5.400000000000000355e-01
8.400000000000002584e-06,5.200000000000000178e-01
8.420000000000002393e-06,5.600000000000000533e-01
8.440000000000002202e-06,6.600000000000000311e-01
8.460000000000002010e-06,7.199999999999999734e-01
8.480000000000001819e-06,8.000000000000000444e-01
8.500000000000001627e-06,1.000000000000000000e+00
8.520000000000001436e-06,1.219999999999999973e+00
8.540000000000001244e-06,1.400000000000000133e+00
8.560000000000001053e-06,1.600000000000000089e+00
8.580000000000000861e-06,1.780000000000000027e+00
8.600000000000000670e-06,1.860000000000000098e+00
8.620000000000000478e-06,1.900000000000000133e+00
8.640000000000000287e-06,1.840000000000000080e+00
8.660000000000000095e-06,1.739999999999999991e+00
8.679999999999999904e-06,1.620000000000000107e+00
8.699999999999999712e-06,1.500000000000000000e+00
8.719999999999999521e-06,1.360000000000000098e+00
8.740000000000002717e-06,1.280000000000000027e+00
8.760000000000002526e-06,1.199999999999999956e+00
8.780000000000002334e-06,1.100000000000000089e+00
8.800000000000002143e-06,1.060000000000000053e+00
8.820000000000001951e-06,1.000000000000000000e+00
8.840000000000001760e-06,9.599999999999999645e-01
8.860000000000001568e-06,9.200000000000000400e-01
8.880000000000001377e-06,9.200000000000000400e-01
8.900000000000001185e-06,9.000000000000000222e-01
8.920000000000000994e-06,8.800000000000000044e-01
8.940000000000000802e-06,8.599999999999999867e-01
8.960000000000000611e-06,8.200000000000000622e-01
8.980000000000000419e-06,8.000000000000000444e-01
9.000000000000000228e-06,8.000000000000000444e-01
9.020000000000000037e-06,8.000000000000000444e-01
9.039999999999999845e-06,7.800000000000000266e-01
9.059999999999999654e-06,7.399999999999999911e-01
9.080000000000002850e-06,7.600000000000000089e-01
9.100000000000002659e-06,7.399999999999999911e-01
9.120000000000002467e-06,7.399999999999999911e-01
9.140000000000002276e-06,7.399999999999999911e-01
9.160000000000002084e-06,7.199999999999999734e-01
9.180000000000001893e-06,7.199999999999999734e-01
9.200000000000001701e-06,7.000000000000000666e-01
9.220000000000001510e-06,7.000000000000000666e-01
9.240000000000001318e-06,6.800000000000000488e-01
9.260000000000001127e-06,7.199999999999999734e-01
9.280000000000000935e-06,7.000000000000000666e-01
9.300000000000000744e-06,7.399999999999999911e-01
9.320000000000000552e-06,7.399999999999999911e-01
9.340000000000000361e-06,7.199999999999999734e-01
9.360000000000000169e-06,7.399999999999999911e-01
9.379999999999999978e-06,7.399999999999999911e-01
9.399999999999999786e-06,7.800000000000000266e-01
9.419999999999999595e-06,7.800000000000000266e-01
9.440000000000002792e-06,8.000000000000000444e-01
9.460000000000002600e-06,8.399999999999999689e-01
9.480000000000002409e-06,8.200000000000000622e-01
9.500000000000002217e-06,8.800000000000000044e-01
9.520000000000002026e-06,9.000000000000000222e-01
9.540000000000001834e-06,9.000000000000000222e-01
9.560000000000001643e-06,9.400000000000000577e-01
9.580000000000001451e-06,9.599999999999999645e-01
9.600000000000001260e-06,9.799999999999999822e-01
9.620000000000001068e-06,1.000000000000000000e+00
9.640000000000000877e-06,1.060000000000000053e+00
9.660000000000000685e-06,1.040000000000000036e+00
9.680000000000000494e-06,1.080000000000000071e+00
9.700000000000000302e-06,1.060000000000000053e+00
9.720000000000000111e-06,1.080000000000000071e+00
9.739999999999999919e-06,1.060000000000000053e+00
9.759999999999999728e-06,1.060000000000000053e+00
9.779999999999999536e-06,1.060000000000000053e+00
9.800000000000002733e-06,1.060000000000000053e+00
9.820000000000002541e-06,1.040000000000000036e+00
9.840000000000002350e-06,1.000000000000000000e+00
9.860000000000002158e-06,9.799999999999999822e-01
9.880000000000001967e-06,9.599999999999999645e-01
9.900000000000001775e-06,9.400000000000000577e-01
9.920000000000001584e-06,9.000000000000000222e-01
9.940000000000001392e-06,9.200000000000000400e-01
9.960000000000001201e-06,8.800000000000000044e-01
9.980000000000001010e-06,8.599999999999999867e-01
1.000000000000000082e-05,8.399999999999999689e-01
1.002000000000000063e-05,8.399999999999999689e-01
1.004000000000000044e-05,8.200000000000000622e-01
1.006000000000000024e-05,8.000000000000000444e-01
1.008000000000000005e-05,8.000000000000000444e-01
1.009999999999999986e-05,8.000000000000000444e-01
1.011999999999999967e-05,8.000000000000000444e-01
1.014000000000000287e-05,7.600000000000000089e-01
1.016000000000000267e-05,7.600000000000000089e-01
1.018000000000000248e-05,7.800000000000000266e-01
1.020000000000000229e-05,7.399999999999999911e-01
1.022000000000000210e-05,7.800000000000000266e-01
1.024000000000000191e-05,7.399999999999999911e-01
1.026000000000000172e-05,7.199999999999999734e-01
1.028000000000000153e-05,7.199999999999999734e-01
1.030000000000000133e-05,7.399999999999999911e-01
1.032000000000000114e-05,7.000000000000000666e-01
1.034000000000000095e-05,7.199999999999999734e-01
1.036000000000000076e-05,7.399999999999999911e-01
1.038000000000000057e-05,6.600000000000000311e-01
1.040000000000000038e-05,7.000000000000000666e-01
1.042000000000000018e-05,7.199999999999999734e-01
1.043999999999999999e-05,7.000000000000000666e-01
1.045999999999999980e-05,7.000000000000000666e-01
1.047999999999999961e-05,7.000000000000000666e-01
1.050000000000000281e-05,7.199999999999999734e-01
1.052000000000000262e-05,7.000000000000000666e-01
1.054000000000000242e-05,7.000000000000000666e-01
1.056000000000000223e-05,7.199999999999999734e-01
1.058000000000000204e-05,7.199999999999999734e-01
1.060000000000000185e-05,7.000000000000000666e-01
1.062000000000000166e-05,7.199999999999999734e-01
1.064000000000000147e-05,6.800000000000000488e-01
1.066000000000000128e-05,7.199999999999999734e-01
1.068000000000000108e-05,7.000000000000000666e-01
1.070000000000000089e-05,7.399999999999999911e-01
1.072000000000000070e-05,7.600000000000000089e-01
1.074000000000000051e-05,7.399999999999999911e-01
1.076000000000000032e-05,7.600000000000000089e-01
1.078000000000000013e-05,7.800000000000000266e-01
1.079999999999999993e-05,8.000000000000000444e-01
1.081999999999999974e-05,8.200000000000000622e-01
1.083999999999999955e-05,8.399999999999999689e-01
1.086000000000000275e-05,8.800000000000000044e-01
1.088000000000000256e-05,9.000000000000000222e-01
1.090000000000000237e-05,9.000000000000000222e-01
1.092000000000000217e-05,9.599999999999999645e-01
1.094000000000000198e-05,9.400000000000000577e-01
1.096000000000000179e-05,9.799999999999999822e-01
1.098000000000000160e-05,9.799999999999999822e-01
1.100000000000000141e-05,1.020000000000000018e+00
1.102000000000000122e-05,1.040000000000000036e+00
1.104000000000000103e-05,1.020000000000000018e+00
1.106000000000000083e-05,1.020000000000000018e+00
1.108000000000000064e-05,1.060000000000000053e+00
1.110000000000000045e-05,1.020000000000000018e+00
1.112000000000000026e-05,1.040000000000000036e+00
1.114000000000000007e-05,1.040000000000000036e+00
1.115999999999999988e-05,1.040000000000000036e+00
1.117999999999999968e-05,1.020000000000000018e+00
1.120000000000000288e-05,1.020000000000000018e+00
1.122000000000000269e-05,1.000000000000000000e+00
1.124000000000000250e-05,1.020000000000000018e+00
1.126000000000000231e-05,9.599999999999999645e-01
1.128000000000000212e-05,9.599999999999999645e-01
1.130000000000000192e-05,9.200000000000000400e-01
1.132000000000000173e-05,9.000000000000000222e-01
1.134000000000000154e-05,9.000000000000000222e-01
1.136000000000000135e-05,8.800000000000000044e-01
1.138000000000000116e-05,8.800000000000000044e-01
1.140000000000000097e-05,8.599999999999999867e-01
1.142000000000000077e-05,8.399999999999999689e-01
1.144000000000000058e-05,8.599999999999999867e-01
1.146000000000000039e-05,8.200000000000000622e-01
1.148000000000000020e-05,8.000000000000000444e-01
1.150000000000000001e-05,8.200000000000000622e-01
1.151999999999999982e-05,7.800000000000000266e-01
1.153999999999999963e-05,7.800000000000000266e-01
1.156000000000000282e-05,7.800000000000000266e-01
1.158000000000000263e-05,7.800000000000000266e-01
1.160000000000000244e-05,7.600000000000000089e-01
1.162000000000000225e-05,7.600000000000000089e-01
1.164000000000000206e-05,7.399999999999999911e-01
1.166000000000000187e-05,7.399999999999999911e-01
1.168000000000000167e-05,7.199999999999999734e-01
1.170000000000000148e-05,7.199999999999999734e-01
1.172000000000000129e-05,7.199999999999999734e-01
1.174000000000000110e-05,7.399999999999999911e-01
1.176000000000000091e-05,7.199999999999999734e-01
1.178000000000000072e-05,7.199999999999999734e-01
1.180000000000000052e-05,7.199999999999999734e-01
1.182000000000000033e-05,6.800000000000000488e-01
1.184000000000000014e-05,6.800000000000000488e-01
1.185999999999999995e-05,7.000000000000000666e-01
1.187999999999999976e-05,6.800000000000000488e-01
1.189999999999999957e-05,6.800000000000000488e-01
1.192000000000000276e-05,7.199999999999999734e-01
1.194000000000000257e-05,6.800000000000000488e-01
1.196000000000000238e-05,7.000000000000000666e-01
1.198000000000000219e-05,7.000000000000000666e-01
1.200000000000000200e-05,7.000000000000000666e-01
1.202000000000000181e-05,6.800000000000000488e-01
1.204000000000000162e-05,7.000000000000000666e-01
1.206000000000000142e-05,7.199999999999999734e-01
1.208000000000000123e-05,7.199999999999999734e-01
1.210000000000000104e-05,7.399999999999999911e-01
1.212000000000000085e-05,7.199999999999999734e-01
1.214000000000000066e-05,7.199999999999999734e-01
1.216000000000000047e-05,7.199999999999999734e-01
1.218000000000000027e-05,7.600000000000000089e-01
1.220000000000000008e-05,7.800000000000000266e-01
1.221999999999999989e-05,7.800000000000000266e-01
1.223999999999999970e-05,7.600000000000000089e-01
1.226000000000000290e-05,7.800000000000000266e-01
1.228000000000000271e-05,7.800000000000000266e-01
1.230000000000000251e-05,8.000000000000000444e-01
1.232000000000000232e-05,8.599999999999999867e-01
1.234000000000000213e-05,8.599999999999999867e-01
1.236000000000000194e-05,8.599999999999999867e-01
1.238000000000000175e-05,9.000000000000000222e-01
1.240000000000000156e-05,9.400000000000000577e-01
1.242000000000000136e-05,9.200000000000000400e-01
1.244000000000000117e-05,9.400000000000000577e-01
1.246000000000000098e-05,1.000000000000000000e+00
1.248000000000000079e-05,1.020000000000000018e+00
1.250000000000000060e-05,1.000000000000000000e+00
1.252000000000000041e-05,1.020000000000000018e+00
1.254000000000000022e-05,1.020000000000000018e+00
1.256000000000000002e-05,1.060000000000000053e+00
1.257999999999999983e-05,1.040000000000000036e+00
1.259999999999999964e-05,1.060000000000000053e+00
1.262000000000000284e-05,1.000000000000000000e+00
1.264000000000000265e-05,1.020000000000000018e+00
1.266000000000000246e-05,1.000000000000000000e+00
1.268000000000000226e-05,9.799999999999999822e-01
1.270000000000000207e-05,1.000000000000000000e+00
1.272000000000000188e-05,9.799999999999999822e-01
1.274000000000000169e-05,9.799999999999999822e-01
1.276000000000000150e-05,9.400000000000000577e-01
1.278000000000000131e-05,9.200000000000000400e-01
1.280000000000000111e-05,9.200000000000000400e-01
1.282000000000000092e-05,9.000000000000000222e-01
1.284000000000000073e-05,9.000000000000000222e-01
1.286000000000000054e-05,8.800000000000000044e-01
1.288000000000000035e-05,8.599999999999999867e-01
1.290000000000000016e-05,8.399999999999999689e-01
1.291999999999999997e-05,8.399999999999999689e-01
1.293999999999999977e-05,8.399999999999999689e-01
1.296000000000000297e-05,8.399999999999999689e-01
1.298000000000000278e-05,8.200000000000000622e-01
1.300000000000000259e-05,7.800000000000000266e-01
1.302000000000000240e-05,7.800000000000000266e-01
1.304000000000000221e-05,7.800000000000000266e-01
1.306000000000000201e-05,7.800000000000000266e-01
1.308000000000000182e-05,7.399999999999999911e-01
1.310000000000000163e-05,7.399999999999999911e-01
1.312000000000000144e-05,7.399999999999999911e-01
1.314000000000000125e-05,7.399999999999999911e-01
1.316000000000000106e-05,7.199999999999999734e-01
1.318000000000000086e-05,7.199999999999999734e-01
1.320000000000000067e-05,7.199999999999999734e-01
1.322000000000000048e-05,7.199999999999999734e-01
1.324000000000000029e-05,7.000000000000000666e-01
1.326000000000000010e-05,7.199999999999999734e-01
1.327999999999999991e-05,7.399999999999999911e-01
1.329999999999999972e-05,7.000000000000000666e-01
1.332000000000000291e-05,6.800000000000000488e-01
1.334000000000000272e-05,6.800000000000000488e-01
1.336000000000000253e-05,7.000000000000000666e-01
1.338000000000000234e-05,6.800000000000000488e-01
1.340000000000000215e-05,7.000000000000000666e-01
1.342000000000000195e-05,7.000000000000000666e-01
1.344000000000000176e-05,7.000000000000000666e-01
1.346000000000000157e-05,6.800000000000000488e-01
1.348000000000000138e-05,6.800000000000000488e-01
1.350000000000000119e-05,6.600000000000000311e-01
1.352000000000000100e-05,6.800000000000000488e-01
1.354000000000000081e-05,6.600000000000000311e-01
1.356000000000000061e-05,6.800000000000000488e-01
1.358000000000000042e-05,6.800000000000000488e-01
1.360000000000000023e-05,6.800000000000000488e-01
1.362000000000000004e-05,6.600000000000000311e-01
1.363999999999999985e-05,6.600000000000000311e-01
1.365999999999999966e-05,6.800000000000000488e-01
1.368000000000000285e-05,6.800000000000000488e-01
1.370000000000000266e-05,7.000000000000000666e-01
1.372000000000000247e-05,7.000000000000000666e-01
1.374000000000000228e-05,6.800000000000000488e-01
1.376000000000000209e-05,6.800000000000000488e-01
1.378000000000000190e-05,7.000000000000000666e-01
1.380000000000000170e-05,6.800000000000000488e-01
1.382000000000000151e-05,7.000000000000000666e-01
1.384000000000000132e-05,7.199999999999999734e-01
1.386000000000000113e-05,7.199999999999999734e-01
1.388000000000000094e-05,7.199999999999999734e-01
1.390000000000000075e-05,7.399999999999999911e-01
1.392000000000000056e-05,7.600000000000000089e-01
1.394000000000000036e-05,7.600000000000000089e-01
1.396000000000000017e-05,7.800000000000000266e-01
1.397999999999999998e-05,8.399999999999999689e-01
1.399999999999999979e-05,8.200000000000000622e-01
1.402000000000000299e-05,8.399999999999999689e-01
1.404000000000000280e-05,8.599999999999999867e-01
1.406000000000000260e-05,9.200000000000000400e-01
1.408000000000000241e-05,9.400000000000000577e-01
1.410000000000000222e-05,9.200000000000000400e-01
1.412000000000000203e-05,9.400000000000000577e-01
1.414000000000000184e-05,1.000000000000000000e+00
1.416000000000000165e-05,1.000000000000000000e+00
1.418000000000000145e-05,1.020000000000000018e+00
1.420000000000000126e-05,1.020000000000000018e+00
1.422000000000000107e-05,1.040000000000000036e+00
1.424000000000000088e-05,1.020000000000000018e+00
1.426000000000000069e-05,1.040000000000000036e+00
1.428000000000000050e-05,1.060000000000000053e+00
1.430000000000000031e-05,1.060000000000000053e+00
1.432000000000000011e-05,1.060000000000000053e+00
1.433999999999999992e-05,1.020000000000000018e+00
1.435999999999999973e-05,1.020000000000000018e+00
1.438000000000000293e-05,1.020000000000000018e+00
1.440000000000000274e-05,9.799999999999999822e-01
1.442000000000000255e-05,9.799999999999999822e-01
1.444000000000000235e-05,9.799999999999999822e-01
1.446000000000000216e-05,9.599999999999999645e-01
1.448000000000000197e-05,9.400000000000000577e-01
1.450000000000000178e-05,9.599999999999999645e-01
1.452000000000000159e-05,9.400000000000000577e-01
1.454000000000000140e-05,9.400000000000000577e-01
1.456000000000000120e-05,9.000000000000000222e-01
1.458000000000000101e-05,9.000000000000000222e-01
1.460000000000000082e-05,8.800000000000000044e-01
1.462000000000000063e-05,8.399999999999999689e-01
1.464000000000000044e-05,8.599999999999999867e-01
1.466000000000000025e-05,8.399999999999999689e-01
1.468000000000000006e-05,8.200000000000000622e-01
1.469999999999999986e-05,8.200000000000000622e-01
1.471999999999999967e-05,8.000000000000000444e-01
1.474000000000000287e-05,8.000000000000000444e-01
1.476000000000000268e-05,8.000000000000000444e-01
1.478000000000000249e-05,8.000000000000000444e-01
1.480000000000000229e-05,8.000000000000000444e-01
1.482000000000000210e-05,7.600000000000000089e-01
1.484000000000000191e-05,8.000000000000000444e-01
1.486000000000000172e-05,7.800000000000000266e-01
1.488000000000000153e-05,7.399999999999999911e-01
1.490000000000000134e-05,7.399999999999999911e-01
1.492000000000000115e-05,7.399999999999999911e-01
1.494000000000000095e-05,7.399999999999999911e-01
1.496000000000000076e-05,7.000000000000000666e-01
1.498000000000000057e-05,7.199999999999999734e-01
1.500000000000000038e-05,7.199999999999999734e-01
1.502000000000000019e-05,7.199999999999999734e-01
1.504000000000000000e-05,7.000000000000000666e-01
1.505999999999999981e-05,7.199999999999999734e-01
1.508000000000000300e-05,7.000000000000000666e-01
1.510000000000000281e-05,6.800000000000000488e-01
1.512000000000000262e-05,7.000000000000000666e-01
1.514000000000000243e-05,7.000000000000000666e-01
1.516000000000000224e-05,6.800000000000000488e-01
1.518000000000000204e-05,6.800000000000000488e-01
1.520000000000000185e-05,6.800000000000000488e-01
1.522000000000000166e-05,6.800000000000000488e-01
1.524000000000000147e-05,7.000000000000000666e-01
1.525999999999999958e-05,6.800000000000000488e-01
1.528000000000000278e-05,6.800000000000000488e-01
1.529999999999999920e-05,6.800000000000000488e-01
1.532000000000000240e-05,6.800000000000000488e-01
1.533999999999999882e-05,6.800000000000000488e-01
1.536000000000000202e-05,6.400000000000000133e-01
1.537999999999999844e-05,6.800000000000000488e-01
1.540000000000000163e-05,6.800000000000000488e-01
1.541999999999999805e-05,6.600000000000000311e-01
1.544000000000000125e-05,6.600000000000000311e-01
1.546000000000000445e-05,6.600000000000000311e-01
1.548000000000000087e-05,6.800000000000000488e-01
1.550000000000000406e-05,6.600000000000000311e-01
1.552000000000000048e-05,6.400000000000000133e-01
1.554000000000000368e-05,6.600000000000000311e-01
1.556000000000000010e-05,6.400000000000000133e-01
1.558000000000000330e-05,6.600000000000000311e-01
1.559999999999999972e-05,6.800000000000000488e-01
1.562000000000000291e-05,7.000000000000000666e-01
1.563999999999999933e-05,6.800000000000000488e-01
1.566000000000000253e-05,6.600000000000000311e-01
1.567999999999999895e-05,6.600000000000000311e-01
1.570000000000000215e-05,6.800000000000000488e-01
1.571999999999999857e-05,7.000000000000000666e-01
1.574000000000000177e-05,7.199999999999999734e-01
1.575999999999999819e-05,7.000000000000000666e-01
1.578000000000000138e-05,7.000000000000000666e-01
1.580000000000000458e-05,7.199999999999999734e-01
1.582000000000000100e-05,7.199999999999999734e-01
1.584000000000000420e-05,7.399999999999999911e-01
1.586000000000000062e-05,7.399999999999999911e-01
1.588000000000000381e-05,7.600000000000000089e-01
1.590000000000000023e-05,7.600000000000000089e-01
1.592000000000000343e-05,7.800000000000000266e-01
1.593999999999999985e-05,7.800000000000000266e-01
1.596000000000000305e-05,8.000000000000000444e-01
1.597999999999999947e-05,8.000000000000000444e-01
1.600000000000000266e-05,8.000000000000000444e-01
1.601999999999999908e-05,8.200000000000000622e-01
1.604000000000000228e-05,8.599999999999999867e-01
1.605999999999999870e-05,8.599999999999999867e-01
1.608000000000000190e-05,8.399999999999999689e-01
1.609999999999999832e-05,8.599999999999999867e-01
1.612000000000000152e-05,8.399999999999999689e-01
1.614000000000000471e-05,8.599999999999999867e-01
1.616000000000000113e-05,8.800000000000000044e-01
1.618000000000000433e-05,8.599999999999999867e-01
1.620000000000000075e-05,8.800000000000000044e-01
1.622000000000000395e-05,8.599999999999999867e-01
1.624000000000000037e-05,8.800000000000000044e-01
1.626000000000000356e-05,8.800000000000000044e-01
1.627999999999999998e-05,8.599999999999999867e-01
1.630000000000000318e-05,8.800000000000000044e-01
1.631999999999999960e-05,8.399999999999999689e-01
1.634000000000000280e-05,8.200000000000000622e-01
1.635999999999999922e-05,8.800000000000000044e-01
1.638000000000000241e-05,8.399999999999999689e-01
1.639999999999999883e-05,8.399999999999999689e-01
1.642000000000000203e-05,8.000000000000000444e-01
1.643999999999999845e-05,8.399999999999999689e-01
1.646000000000000165e-05,8.399999999999999689e-01
1.647999999999999807e-05,8.000000000000000444e-01
1.650000000000000127e-05,7.800000000000000266e-01
1.652000000000000446e-05,8.000000000000000444e-01
1.654000000000000088e-05,8.000000000000000444e-01
1.656000000000000408e-05,7.800000000000000266e-01
1.658000000000000050e-05,7.800000000000000266e-01
1.660000000000000370e-05,7.399999999999999911e-01
1.662000000000000012e-05,7.399999999999999911e-01
1.664000000000000331e-05,7.199999999999999734e-01
1.665999999999999973e-05,7.399999999999999911e-01
1.668000000000000293e-05,7.199999999999999734e-01
1.669999999999999935e-05,7.199999999999999734e-01
1.672000000000000255e-05,7.199999999999999734e-01
1.673999999999999897e-05,7.199999999999999734e-01
1.676000000000000216e-05,7.000000000000000666e-01
1.677999999999999858e-05,7.000000000000000666e-01
1.680000000000000178e-05,7.000000000000000666e-01
1.681999999999999820e-05,7.000000000000000666e-01
1.684000000000000140e-05,7.000000000000000666e-01
1.685999999999999782e-05,7.000000000000000666e-01
1.688000000000000101e-05,6.800000000000000488e-01
1.689999999999999744e-05,6.400000000000000133e-01
1.692000000000000063e-05,7.000000000000000666e-01
1.693999999999999705e-05,6.800000000000000488e-01
1.696000000000000025e-05,6.400000000000000133e-01
1.697999999999999667e-05,6.199999999999999956e-01
1.699999999999999987e-05,6.800000000000000488e-01
1.702000000000000306e-05,6.400000000000000133e-01
1.703999999999999948e-05,6.400000000000000133e-01
1.706000000000000268e-05,6.400000000000000133e-01
1.707999999999999910e-05,6.400000000000000133e-01
1.710000000000000230e-05,6.400000000000000133e-01
1.711999999999999872e-05,6.400000000000000133e-01
1.714000000000000191e-05,6.600000000000000311e-01
1.715999999999999833e-05,5.999999999999999778e-01
1.718000000000000153e-05,6.199999999999999956e-01
1.719999999999999795e-05,6.199999999999999956e-01
1.722000000000000115e-05,6.199999999999999956e-01
1.723999999999999757e-05,6.199999999999999956e-01
1.726000000000000076e-05,5.999999999999999778e-01
1.727999999999999719e-05,6.199999999999999956e-01
1.730000000000000038e-05,5.999999999999999778e-01
1.731999999999999680e-05,5.999999999999999778e-01
1.734000000000000000e-05,5.999999999999999778e-01
1.735999999999999642e-05,5.999999999999999778e-01
1.737999999999999962e-05,6.400000000000000133e-01
1.740000000000000281e-05,6.400000000000000133e-01
1.741999999999999923e-05,6.199999999999999956e-01
1.744000000000000243e-05,5.799999999999999600e-01
1.745999999999999885e-05,5.999999999999999778e-01
1.748000000000000205e-05,5.999999999999999778e-01
1.749999999999999847e-05,5.999999999999999778e-01
1.752000000000000166e-05,5.999999999999999778e-01
1.753999999999999808e-05,5.999999999999999778e-01
1.756000000000000128e-05,5.999999999999999778e-01
1.757999999999999770e-05,6.199999999999999956e-01
1.760000000000000090e-05,5.799999999999999600e-01
1.761999999999999732e-05,5.999999999999999778e-01
1.764000000000000051e-05,5.799999999999999600e-01
1.765999999999999694e-05,5.799999999999999600e-01
1.768000000000000013e-05,5.999999999999999778e-01
1.769999999999999655e-05,5.999999999999999778e-01
1.771999999999999975e-05,5.799999999999999600e-01
1.774000000000000295e-05,5.999999999999999778e-01
1.775999999999999937e-05,5.799999999999999600e-01
1.778000000000000256e-05,5.999999999999999778e-01
1.779999999999999898e-05,5.999999999999999778e-01
1.782000000000000218e-05,5.999999999999999778e-01
1.783999999999999860e-05,5.799999999999999600e-01
1.786000000000000180e-05,6.199999999999999956e-01
1.787999999999999822e-05,5.799999999999999600e-01
1.790000000000000141e-05,5.799999999999999600e-01
1.791999999999999783e-05,5.999999999999999778e-01
1.794000000000000103e-05,5.999999999999999778e-01
1.795999999999999745e-05,5.799999999999999600e-01
1.798000000000000065e-05,5.999999999999999778e-01
1.799999999999999707e-05,5.999999999999999778e-01
1.802000000000000026e-05,6.199999999999999956e-01
1.803999999999999668e-05,6.400000000000000133e-01
1.805999999999999988e-05,6.199999999999999956e-01
1.808000000000000308e-05,5.999999999999999778e-01
1.809999999999999950e-05,6.600000000000000311e-01
1.812000000000000270e-05,6.199999999999999956e-01
1.813999999999999912e-05,6.400000000000000133e-01
1.816000000000000231e-05,6.400000000000000133e-01
1.817999999999999873e-05,6.400000000000000133e-01
1.820000000000000193e-05,6.400000000000000133e-01
1.821999999999999835e-05,6.600000000000000311e-01
1.824000000000000155e-05,6.600000000000000311e-01
1.825999999999999797e-05,6.800000000000000488e-01
1.828000000000000116e-05,7.000000000000000666e-01
1.829999999999999758e-05,6.800000000000000488e-01
1.832000000000000078e-05,7.000000000000000666e-01
1.833999999999999720e-05,7.199999999999999734e-01
1.836000000000000040e-05,7.199999999999999734e-01
1.837999999999999682e-05,7.000000000000000666e-01
1.840000000000000001e-05,7.199999999999999734e-01
1.841999999999999643e-05,7.600000000000000089e-01
1.843999999999999963e-05,7.600000000000000089e-01
1.846000000000000283e-05,7.399999999999999911e-01
1.847999999999999925e-05,7.399999999999999911e-01
1.850000000000000245e-05,7.600000000000000089e-01
1.851999999999999887e-05,8.000000000000000444e-01
1.854000000000000206e-05,8.000000000000000444e-01
1.855999999999999848e-05,7.600000000000000089e-01
1.858000000000000168e-05,7.800000000000000266e-01
1.859999999999999810e-05,7.800000000000000266e-01
1.862000000000000130e-05,7.800000000000000266e-01
1.863999999999999772e-05,8.000000000000000444e-01
1.866000000000000091e-05,7.800000000000000266e-01
1.867999999999999733e-05,7.600000000000000089e-01
1.870000000000000053e-05,7.800000000000000266e-01
1.871999999999999695e-05,7.600000000000000089e-01
1.874000000000000015e-05,7.600000000000000089e-01
1.875999999999999657e-05,7.600000000000000089e-01
1.877999999999999976e-05,7.399999999999999911e-01
1.880000000000000296e-05,7.800000000000000266e-01
1.881999999999999938e-05,7.399999999999999911e-01
1.884000000000000258e-05,7.399999999999999911e-01
1.885999999999999900e-05,7.600000000000000089e-01
1.888000000000000219e-05,7.199999999999999734e-01
1.889999999999999862e-05,7.399999999999999911e-01
1.892000000000000181e-05,7.199999999999999734e-01
1.893999999999999823e-05,7.199999999999999734e-01
1.896000000000000143e-05,7.000000000000000666e-01
1.897999999999999785e-05,7.199999999999999734e-01
1.900000000000000105e-05,6.800000000000000488e-01
1.901999999999999747e-05,6.800000000000000488e-01
1.904000000000000066e-05,7.000000000000000666e-01
1.905999999999999708e-05,7.000000000000000666e-01
1.908000000000000028e-05,6.800000000000000488e-01
1.909999999999999670e-05,7.000000000000000666e-01
1.911999999999999990e-05,6.600000000000000311e-01
1.914000000000000309e-05,6.400000000000000133e-01
1.915999999999999951e-05,6.800000000000000488e-01
1.918000000000000271e-05,6.400000000000000133e-01
1.919999999999999913e-05,6.600000000000000311e-01
1.922000000000000233e-05,6.600000000000000311e-01
1.923999999999999875e-05,6.199999999999999956e-01
1.926000000000000194e-05,6.600000000000000311e-01
1.927999999999999837e-05,6.400000000000000133e-01
1.930000000000000156e-05,6.199999999999999956e-01
1.931999999999999798e-05,6.400000000000000133e-01
1.934000000000000118e-05,6.400000000000000133e-01
1.935999999999999760e-05,6.400000000000000133e-01
1.938000000000000080e-05,6.199999999999999956e-01
1.939999999999999722e-05,6.199999999999999956e-01
1.942000000000000041e-05,5.999999999999999778e-01
1.943999999999999683e-05,5.999999999999999778e-01
1.946000000000000003e-05,6.400000000000000133e-01
1.947999999999999645e-05,5.999999999999999778e-01
1.949999999999999965e-05,5.999999999999999778e-01
1.952000000000000284e-05,5.999999999999999778e-01
1.953999999999999926e-05,5.999999999999999778e-01
1.956000000000000246e-05,6.199999999999999956e-01
1.957999999999999888e-05,5.999999999999999778e-01
1.960000000000000208e-05,5.999999999999999778e-01
1.961999999999999850e-05,5.999999999999999778e-01
1.964000000000000169e-05,5.799999999999999600e-01
1.965999999999999812e-05,5.799999999999999600e-01
1.968000000000000131e-05,5.999999999999999778e-01
1.969999999999999773e-05,5.600000000000000533e-01
1.972000000000000093e-05,5.799999999999999600e-01
1.973999999999999735e-05,5.400000000000000355e-01
1.976000000000000055e-05,5.799999999999999600e-01
1.977999999999999697e-05,5.799999999999999600e-01
1.980000000000000016e-05,5.600000000000000533e-01
1.981999999999999658e-05,5.600000000000000533e-01
1.983999999999999978e-05,5.799999999999999600e-01
1.986000000000000298e-05,5.400000000000000355e-01
1.987999999999999940e-05,5.600000000000000533e-01
1.990000000000000259e-05,5.600000000000000533e-01
1.991999999999999901e-05,5.799999999999999600e-01
1.994000000000000221e-05,5.400000000000000355e-01
1.995999999999999863e-05,5.200000000000000178e-01
1.998000000000000183e-05,5.600000000000000533e-01
1.999999999999999825e-05,5.600000000000000533e-01
2.002000000000000144e-05,5.799999999999999600e-01
2.003999999999999786e-05,5.400000000000000355e-01
2.006000000000000106e-05,5.400000000000000355e-01
2.007999999999999748e-05,5.400000000000000355e-01
2.010000000000000068e-05,5.400000000000000355e-01
2.011999999999999710e-05,5.799999999999999600e-01
2.014000000000000030e-05,5.600000000000000533e-01
2.015999999999999672e-05,5.400000000000000355e-01
2.017999999999999991e-05,5.400000000000000355e-01
2.020000000000000311e-05,5.600000000000000533e-01
2.021999999999999953e-05,5.400000000000000355e-01
2.024000000000000273e-05,5.400000000000000355e-01
2.025999999999999915e-05,5.400000000000000355e-01
2.028000000000000234e-05,5.400000000000000355e-01
2.029999999999999876e-05,5.600000000000000533e-01
2.032000000000000196e-05,5.600000000000000533e-01
2.033999999999999838e-05,5.400000000000000355e-01
2.036000000000000158e-05,5.600000000000000533e-01
2.037999999999999800e-05,5.400000000000000355e-01
2.040000000000000119e-05,5.799999999999999600e-01
2.041999999999999761e-05,5.600000000000000533e-01
2.044000000000000081e-05,5.400000000000000355e-01
2.045999999999999723e-05,5.600000000000000533e-01
2.048000000000000043e-05,5.600000000000000533e-01
2.049999999999999685e-05,5.799999999999999600e-01
2.052000000000000005e-05,5.600000000000000533e-01
2.053999999999999647e-05,5.600000000000000533e-01
2.055999999999999966e-05,5.600000000000000533e-01
2.058000000000000286e-05,5.799999999999999600e-01
2.059999999999999928e-05,5.799999999999999600e-01
2.062000000000000248e-05,5.600000000000000533e-01
2.063999999999999890e-05,5.600000000000000533e-01
2.066000000000000209e-05,5.600000000000000533e-01
2.067999999999999851e-05,5.799999999999999600e-01
2.070000000000000171e-05,5.799999999999999600e-01
2.071999999999999813e-05,5.799999999999999600e-01
2.074000000000000133e-05,5.799999999999999600e-01
2.075999999999999775e-05,5.999999999999999778e-01
2.078000000000000094e-05,6.199999999999999956e-01
2.079999999999999736e-05,5.799999999999999600e-01
2.082000000000000056e-05,5.999999999999999778e-01
2.083999999999999698e-05,6.199999999999999956e-01
2.086000000000000018e-05,6.199999999999999956e-01
2.087999999999999660e-05,6.400000000000000133e-01
2.089999999999999980e-05,6.400000000000000133e-01
2.092000000000000299e-05,6.199999999999999956e-01
2.093999999999999941e-05,6.199999999999999956e-01
2.096000000000000261e-05,6.400000000000000133e-01
2.097999999999999903e-05,6.600000000000000311e-01
2.100000000000000223e-05,6.600000000000000311e-01
2.101999999999999865e-05,6.199999999999999956e-01
2.104000000000000184e-05,6.400000000000000133e-01
2.105999999999999826e-05,6.400000000000000133e-01
2.108000000000000146e-05,6.600000000000000311e-01
2.109999999999999788e-05,6.400000000000000133e-01
2.112000000000000108e-05,6.400000000000000133e-01
2.113999999999999750e-05,6.600000000000000311e-01
2.116000000000000069e-05,6.800000000000000488e-01
2.117999999999999711e-05,6.800000000000000488e-01
2.120000000000000031e-05,6.600000000000000311e-01
2.121999999999999673e-05,6.400000000000000133e-01
2.123999999999999993e-05,6.600000000000000311e-01
2.126000000000000312e-05,6.800000000000000488e-01
2.127999999999999955e-05,6.600000000000000311e-01
2.130000000000000274e-05,6.400000000000000133e-01
2.131999999999999916e-05,6.600000000000000311e-01
2.134000000000000236e-05,6.800000000000000488e-01
2.135999999999999878e-05,6.400000000000000133e-01
2.138000000000000198e-05,6.600000000000000311e-01
2.139999999999999840e-05,6.199999999999999956e-01
2.142000000000000159e-05,6.600000000000000311e-01
2.143999999999999801e-05,6.199999999999999956e-01
2.146000000000000121e-05,6.199999999999999956e-01
2.147999999999999763e-05,6.400000000000000133e-01
2.150000000000000083e-05,6.400000000000000133e-01
2.151999999999999725e-05,6.199999999999999956e-01
2.154000000000000044e-05,6.199999999999999956e-01
2.155999999999999686e-05,5.999999999999999778e-01
2.158000000000000006e-05,5.799999999999999600e-01
2.159999999999999648e-05,6.199999999999999956e-01
2.161999999999999968e-05,6.199999999999999956e-01
2.164000000000000287e-05,5.999999999999999778e-01
2.165999999999999930e-05,6.199999999999999956e-01
2.168000000000000249e-05,5.799999999999999600e-01
2.169999999999999891e-05,5.799999999999999600e-01
2.172000000000000211e-05,5.799999999999999600e-01
2.173999999999999853e-05,5.999999999999999778e-01
2.176000000000000173e-05,5.799999999999999600e-01
2.177999999999999815e-05,5.799999999999999600e-01
2.180000000000000134e-05,5.600000000000000533e-01
2.181999999999999776e-05,5.999999999999999778e-01
2.184000000000000096e-05,5.400000000000000355e-01
2.185999999999999738e-05,5.600000000000000533e-01
2.188000000000000058e-05,5.400000000000000355e-01
2.189999999999999700e-05,5.400000000000000355e-01
2.192000000000000019e-05,5.400000000000000355e-01
2.193999999999999661e-05,5.400000000000000355e-01
2.195999999999999981e-05,5.400000000000000355e-01
2.198000000000000301e-05,5.200000000000000178e-01
2.199999999999999943e-05,5.400000000000000355e-01
2.202000000000000262e-05,5.400000000000000355e-01
2.203999999999999905e-05,5.400000000000000355e-01
2.206000000000000224e-05,5.400000000000000355e-01
2.207999999999999866e-05,5.400000000000000355e-01
2.210000000000000186e-05,5.200000000000000178e-01
2.211999999999999828e-05,5.200000000000000178e-01
2.214000000000000148e-05,5.200000000000000178e-01
2.215999999999999790e-05,5.000000000000000000e-01
2.218000000000000109e-05,5.000000000000000000e-01
2.219999999999999751e-05,5.200000000000000178e-01
2.222000000000000071e-05,5.200000000000000178e-01
2.223999999999999713e-05,5.200000000000000178e-01
2.226000000000000033e-05,5.000000000000000000e-01
2.227999999999999675e-05,4.799999999999999822e-01
2.229999999999999994e-05,5.200000000000000178e-01
2.232000000000000314e-05,5.000000000000000000e-01
2.233999999999999956e-05,4.799999999999999822e-01
2.236000000000000276e-05,5.200000000000000178e-01
2.237999999999999918e-05,5.200000000000000178e-01
2.240000000000000237e-05,5.000000000000000000e-01
2.241999999999999879e-05,4.799999999999999822e-01
2.244000000000000199e-05,5.200000000000000178e-01
2.245999999999999841e-05,5.200000000000000178e-01
2.248000000000000161e-05,5.200000000000000178e-01
2.249999999999999803e-05,5.000000000000000000e-01
2.252000000000000123e-05,4.799999999999999822e-01
2.253999999999999765e-05,4.799999999999999822e-01
2.256000000000000084e-05,4.600000000000000200e-01
2.257999999999999726e-05,4.799999999999999822e-01
2.260000000000000046e-05,4.799999999999999822e-01
2.261999999999999688e-05,4.799999999999999822e-01
2.264000000000000008e-05,4.600000000000000200e-01
2.265999999999999650e-05,4.600000000000000200e-01
2.267999999999999969e-05,4.600000000000000200e-01
2.270000000000000289e-05,4.799999999999999822e-01
2.271999999999999931e-05,4.799999999999999822e-01
2.274000000000000251e-05,4.600000000000000200e-01
2.275999999999999893e-05,5.000000000000000000e-01
2.278000000000000212e-05,4.600000000000000200e-01
2.279999999999999854e-05,4.400000000000000022e-01
2.282000000000000174e-05,4.600000000000000200e-01
2.283999999999999816e-05,4.400000000000000022e-01
2.286000000000000136e-05,4.799999999999999822e-01
2.287999999999999778e-05,4.600000000000000200e-01
2.290000000000000098e-05,4.400000000000000022e-01
2.291999999999999740e-05,4.600000000000000200e-01
2.294000000000000059e-05,4.600000000000000200e-01
2.295999999999999701e-05,4.600000000000000200e-01
2.298000000000000021e-05,4.600000000000000200e-01
2.299999999999999663e-05,4.600000000000000200e-01
2.301999999999999983e-05,4.600000000000000200e-01
2.304000000000000302e-05,4.400000000000000022e-01
2.305999999999999944e-05,4.600000000000000200e-01
2.308000000000000264e-05,4.199999999999999845e-01
2.309999999999999906e-05,4.400000000000000022e-01
2.312000000000000226e-05,4.600000000000000200e-01
2.313999999999999868e-05,4.799999999999999822e-01
2.316000000000000187e-05,4.400000000000000022e-01
2.317999999999999829e-05,4.400000000000000022e-01
2.320000000000000149e-05,4.400000000000000022e-01
2.321999999999999791e-05,4.600000000000000200e-01
2.324000000000000111e-05,4.799999999999999822e-01
2.325999999999999753e-05,4.400000000000000022e-01
2.328000000000000073e-05,4.400000000000000022e-01
2.329999999999999715e-05,4.600000000000000200e-01
2.332000000000000034e-05,4.799999999999999822e-01
2.333999999999999676e-05,4.400000000000000022e-01
2.335999999999999996e-05,4.600000000000000200e-01
2.338000000000000316e-05,4.400000000000000022e-01
2.339999999999999958e-05,4.799999999999999822e-01
2.342000000000000277e-05,4.400000000000000022e-01
2.343999999999999919e-05,4.400000000000000022e-01
2.346000000000000239e-05,4.600000000000000200e-01
2.347999999999999881e-05,4.400000000000000022e-01
2.350000000000000201e-05,4.600000000000000200e-01
2.351999999999999843e-05,4.400000000000000022e-01
2.354000000000000162e-05,4.400000000000000022e-01
2.355999999999999804e-05,4.400000000000000022e-01
2.358000000000000124e-05,4.400000000000000022e-01
2.359999999999999766e-05,4.600000000000000200e-01
2.362000000000000086e-05,4.199999999999999845e-01
2.363999999999999728e-05,4.799999999999999822e-01
2.366000000000000048e-05,4.199999999999999845e-01
2.367999999999999690e-05,4.400000000000000022e-01
2.370000000000000009e-05,4.000000000000000222e-01
2.371999999999999651e-05,4.199999999999999845e-01
2.373999999999999971e-05,4.199999999999999845e-01
2.376000000000000291e-05,4.199999999999999845e-01
2.377999999999999933e-05,4.400000000000000022e-01
2.380000000000000252e-05,4.400000000000000022e-01
2.381999999999999894e-05,4.400000000000000022e-01
2.384000000000000214e-05,4.400000000000000022e-01
2.385999999999999856e-05,4.400000000000000022e-01
2.388000000000000176e-05,4.400000000000000022e-01
2.389999999999999818e-05,4.199999999999999845e-01
2.392000000000000137e-05,4.199999999999999845e-01
2.393999999999999779e-05,4.199999999999999845e-01
2.396000000000000099e-05,4.400000000000000022e-01
2.397999999999999741e-05,4.400000000000000022e-01
2.400000000000000061e-05,4.400000000000000022e-01
2.401999999999999703e-05,4.199999999999999845e-01
2.404000000000000023e-05,4.400000000000000022e-01
2.405999999999999665e-05,4.199999999999999845e-01
2.407999999999999984e-05,4.600000000000000200e-01
2.410000000000000304e-05,4.400000000000000022e-01
2.411999999999999946e-05,4.199999999999999845e-01
2.414000000000000266e-05,4.400000000000000022e-01
2.415999999999999908e-05,4.799999999999999822e-01
2.418000000000000227e-05,4.400000000000000022e-01
2.419999999999999869e-05,4.600000000000000200e-01
2.422000000000000189e-05,4.600000000000000200e-01
2.423999999999999831e-05,4.600000000000000200e-01
2.426000000000000151e-05,4.799999999999999822e-01
2.427999999999999793e-05,4.799999999999999822e-01
2.430000000000000112e-05,4.600000000000000200e-01
2.431999999999999754e-05,4.600000000000000200e-01
2.434000000000000074e-05,5.000000000000000000e-01
2.435999999999999716e-05,5.000000000000000000e-01
2.438000000000000036e-05,5.000000000000000000e-01
2.439999999999999678e-05,5.000000000000000000e-01
2.441999999999999997e-05,5.000000000000000000e-01
2.444000000000000317e-05,5.000000000000000000e-01
2.445999999999999959e-05,5.400000000000000355e-01
2.448000000000000279e-05,5.600000000000000533e-01
2.449999999999999921e-05,5.600000000000000533e-01
2.452000000000000241e-05,5.600000000000000533e-01
2.453999999999999883e-05,5.799999999999999600e-01
2.456000000000000202e-05,5.799999999999999600e-01
2.457999999999999844e-05,5.999999999999999778e-01
2.460000000000000164e-05,5.999999999999999778e-01
2.461999999999999806e-05,6.199999999999999956e-01
2.464000000000000126e-05,6.199999999999999956e-01
2.465999999999999768e-05,6.400000000000000133e-01
2.468000000000000087e-05,5.999999999999999778e-01
2.469999999999999729e-05,6.400000000000000133e-01
2.472000000000000049e-05,6.600000000000000311e-01
2.473999999999999691e-05,6.800000000000000488e-01
2.476000000000000011e-05,6.800000000000000488e-01
2.477999999999999653e-05,6.600000000000000311e-01
2.479999999999999972e-05,6.800000000000000488e-01
2.482000000000000292e-05,6.800000000000000488e-01
2.483999999999999934e-05,7.199999999999999734e-01
2.486000000000000254e-05,6.800000000000000488e-01
2.487999999999999896e-05,6.800000000000000488e-01
2.490000000000000216e-05,6.600000000000000311e-01
2.491999999999999858e-05,6.600000000000000311e-01
2.494000000000000177e-05,6.600000000000000311e-01
2.495999999999999819e-05,6.600000000000000311e-01
2.498000000000000139e-05,6.400000000000000133e-01
2.499999999999999781e-05,6.400000000000000133e-01
2.502000000000000101e-05,6.800000000000000488e-01
2.503999999999999743e-05,6.600000000000000311e-01
2.506000000000000062e-05,6.199999999999999956e-01
2.507999999999999704e-05,6.400000000000000133e-01
2.510000000000000024e-05,6.199999999999999956e-01
2.511999999999999666e-05,6.199999999999999956e-01
2.513999999999999986e-05,5.999999999999999778e-01
2.516000000000000305e-05,5.999999999999999778e-01
2.517999999999999947e-05,5.999999999999999778e-01
2.520000000000000267e-05,5.799999999999999600e-01
2.521999999999999909e-05,5.799999999999999600e-01
2.524000000000000229e-05,5.799999999999999600e-01
2.525999999999999871e-05,5.600000000000000533e-01
2.528000000000000191e-05,5.600000000000000533e-01
2.529999999999999833e-05,5.799999999999999600e-01
2.532000000000000152e-05,5.400000000000000355e-01
2.533999999999999794e-05,5.600000000000000533e-01
2.536000000000000114e-05,5.400000000000000355e-01
2.537999999999999756e-05,5.400000000000000355e-01
2.540000000000000076e-05,5.200000000000000178e-01
2.541999999999999718e-05,5.400000000000000355e-01
2.544000000000000037e-05,5.400000000000000355e-01
2.545999999999999679e-05,5.400000000000000355e-01
2.547999999999999999e-05,5.200000000000000178e-01
2.550000000000000319e-05,5.000000000000000000e-01
2.551999999999999961e-05,4.799999999999999822e-01
2.554000000000000280e-05,5.000000000000000000e-01
2.555999999999999922e-05,4.799999999999999822e-01
2.558000000000000242e-05,5.200000000000000178e-01
2.559999999999999884e-05,4.799999999999999822e-01
2.562000000000000204e-05,5.000000000000000000e-01
2.563999999999999846e-05,5.000000000000000000e-01
2.566000000000000166e-05,5.000000000000000000e-01
2.567999999999999808e-05,5.000000000000000000e-01
2.570000000000000127e-05,4.799999999999999822e-01
2.571999999999999769e-05,5.000000000000000000e-01
2.574000000000000089e-05,4.600000000000000200e-01
2.575999999999999731e-05,4.799999999999999822e-01
2.578000000000000051e-05,5.000000000000000000e-01
2.579999999999999693e-05,4.600000000000000200e-01
2.582000000000000012e-05,4.799999999999999822e-01
2.583999999999999654e-05,4.799999999999999822e-01
2.585999999999999974e-05,4.799999999999999822e-01
2.588000000000000294e-05,4.600000000000000200e-01
2.589999999999999936e-05,4.600000000000000200e-01
2.592000000000000255e-05,4.799999999999999822e-01
2.593999999999999897e-05,4.600000000000000200e-01
2.596000000000000217e-05,4.799999999999999822e-01
2.597999999999999859e-05,4.600000000000000200e-01
2.600000000000000179e-05,4.199999999999999845e-01
2.601999999999999821e-05,4.400000000000000022e-01
2.604000000000000141e-05,4.400000000000000022e-01
2.605999999999999783e-05,4.799999999999999822e-01
2.608000000000000102e-05,4.400000000000000022e-01
2.609999999999999744e-05,4.400000000000000022e-01
2.612000000000000064e-05,4.400000000000000022e-01
2.613999999999999706e-05,4.400000000000000022e-01
2.616000000000000026e-05,4.400000000000000022e-01
2.617999999999999668e-05,4.400000000000000022e-01
2.619999999999999987e-05,4.600000000000000200e-01
2.622000000000000307e-05,4.000000000000000222e-01
2.623999999999999949e-05,4.400000000000000022e-01
2.626000000000000269e-05,4.400000000000000022e-01
2.627999999999999911e-05,4.199999999999999845e-01
2.630000000000000230e-05,4.199999999999999845e-01
2.631999999999999872e-05,4.199999999999999845e-01
2.634000000000000192e-05,4.400000000000000022e-01
2.635999999999999834e-05,4.400000000000000022e-01
2.638000000000000154e-05,4.199999999999999845e-01
2.639999999999999796e-05,4.199999999999999845e-01
2.642000000000000115e-05,4.400000000000000022e-01
2.643999999999999758e-05,4.400000000000000022e-01
2.646000000000000077e-05,4.400000000000000022e-01
2.647999999999999719e-05,4.400000000000000022e-01
2.650000000000000039e-05,4.199999999999999845e-01
2.651999999999999681e-05,4.199999999999999845e-01
2.654000000000000001e-05,4.199999999999999845e-01
2.656000000000000320e-05,4.199999999999999845e-01
2.657999999999999962e-05,4.199999999999999845e-01
2.660000000000000282e-05,4.000000000000000222e-01
2.661999999999999924e-05,3.800000000000000044e-01
2.664000000000000244e-05,4.000000000000000222e-01
2.665999999999999886e-05,4.000000000000000222e-01
2.668000000000000205e-05,4.199999999999999845e-01
2.669999999999999847e-05,4.000000000000000222e-01
2.672000000000000167e-05,4.199999999999999845e-01
2.673999999999999809e-05,4.000000000000000222e-01
2.676000000000000129e-05,4.199999999999999845e-01
2.677999999999999771e-05,4.199999999999999845e-01
2.680000000000000090e-05,4.199999999999999845e-01
2.681999999999999733e-05,4.199999999999999845e-01
2.684000000000000052e-05,4.000000000000000222e-01
2.685999999999999694e-05,4.000000000000000222e-01
2.688000000000000014e-05,4.000000000000000222e-01
2.689999999999999656e-05,4.000000000000000222e-01
2.691999999999999976e-05,4.000000000000000222e-01
2.694000000000000295e-05,4.199999999999999845e-01
2.695999999999999937e-05,4.199999999999999845e-01
2.698000000000000257e-05,4.000000000000000222e-01
2.699999999999999899e-05,4.000000000000000222e-01
2.702000000000000219e-05,4.000000000000000222e-01
2.703999999999999861e-05,3.800000000000000044e-01
2.706000000000000180e-05,4.000000000000000222e-01
2.707999999999999822e-05,3.800000000000000044e-01
2.710000000000000142e-05,3.800000000000000044e-01
2.711999999999999784e-05,4.199999999999999845e-01
2.714000000000000104e-05,4.000000000000000222e-01
2.715999999999999746e-05,3.599999999999999867e-01
2.718000000000000065e-05,3.800000000000000044e-01
2.719999999999999708e-05,3.800000000000000044e-01
2.722000000000000027e-05,4.000000000000000222e-01
2.723999999999999669e-05,3.599999999999999867e-01
2.725999999999999989e-05,3.599999999999999867e-01
2.728000000000000309e-05,4.199999999999999845e-01
2.729999999999999951e-05,3.800000000000000044e-01
2.732000000000000270e-05,4.000000000000000222e-01
2.733999999999999912e-05,3.800000000000000044e-01
2.736000000000000232e-05,3.800000000000000044e-01
2.737999999999999874e-05,3.800000000000000044e-01
2.740000000000000194e-05,3.800000000000000044e-01
2.741999999999999836e-05,3.800000000000000044e-01
2.744000000000000155e-05,3.800000000000000044e-01
2.745999999999999797e-05,3.800000000000000044e-01
2.748000000000000117e-05,3.599999999999999867e-01
2.749999999999999759e-05,4.000000000000000222e-01
2.752000000000000079e-05,3.599999999999999867e-01
2.753999999999999721e-05,3.599999999999999867e-01
2.756000000000000040e-05,3.800000000000000044e-01
2.757999999999999682e-05,3.800000000000000044e-01
2.760000000000000002e-05,3.800000000000000044e-01
2.762000000000000322e-05,3.599999999999999867e-01
2.763999999999999964e-05,3.800000000000000044e-01
2.766000000000000284e-05,3.400000000000000244e-01
2.767999999999999926e-05,3.599999999999999867e-01
2.770000000000000245e-05,3.800000000000000044e-01
2.771999999999999887e-05,3.800000000000000044e-01
2.774000000000000207e-05,3.800000000000000044e-01
2.775999999999999849e-05,3.800000000000000044e-01
2.778000000000000169e-05,3.599999999999999867e-01
2.779999999999999811e-05,3.800000000000000044e-01
2.782000000000000130e-05,3.599999999999999867e-01
2.783999999999999772e-05,3.800000000000000044e-01
2.786000000000000092e-05,3.800000000000000044e-01
2.787999999999999734e-05,3.599999999999999867e-01
2.790000000000000054e-05,3.599999999999999867e-01
2.791999999999999696e-05,3.599999999999999867e-01
2.794000000000000015e-05,3.800000000000000044e-01
2.795999999999999657e-05,3.599999999999999867e-01
2.797999999999999977e-05,3.599999999999999867e-01
2.800000000000000297e-05,3.800000000000000044e-01
2.801999999999999939e-05,3.599999999999999867e-01
2.804000000000000259e-05,3.800000000000000044e-01
2.805999999999999901e-05,3.800000000000000044e-01
2.808000000000000220e-05,3.599999999999999867e-01
2.809999999999999862e-05,3.599999999999999867e-01
2.812000000000000182e-05,3.800000000000000044e-01
2.813999999999999824e-05,3.599999999999999867e-01
2.816000000000000144e-05,3.599999999999999867e-01
2.817999999999999786e-05,3.400000000000000244e-01
2.820000000000000105e-05,3.400000000000000244e-01
2.821999999999999747e-05,3.800000000000000044e-01
2.824000000000000067e-05,3.599999999999999867e-01
2.825999999999999709e-05,3.599999999999999867e-01
2.828000000000000029e-05,3.400000000000000244e-01
2.829999999999999671e-05,3.400000000000000244e-01
2.831999999999999990e-05,3.599999999999999867e-01
2.834000000000000310e-05,3.599999999999999867e-01
2.835999999999999952e-05,3.599999999999999867e-01
2.838000000000000272e-05,3.599999999999999867e-01
2.839999999999999914e-05,3.599999999999999867e-01
2.842000000000000234e-05,3.599999999999999867e-01
2.843999999999999876e-05,3.400000000000000244e-01
2.846000000000000195e-05,3.599999999999999867e-01
2.847999999999999837e-05,3.599999999999999867e-01
2.850000000000000157e-05,3.400000000000000244e-01
2.851999999999999799e-05,3.800000000000000044e-01
2.854000000000000119e-05,3.599999999999999867e-01
2.855999999999999761e-05,3.400000000000000244e-01
2.858000000000000080e-05,3.400000000000000244e-01
2.859999999999999722e-05,3.400000000000000244e-01
2.862000000000000042e-05,3.599999999999999867e-01
2.863999999999999684e-05,3.599999999999999867e-01
2.866000000000000004e-05,3.800000000000000044e-01
2.868000000000000323e-05,3.599999999999999867e-01
2.869999999999999965e-05,3.800000000000000044e-01
2.872000000000000285e-05,3.599999999999999867e-01
2.873999999999999927e-05,3.599999999999999867e-01
2.876000000000000247e-05,3.599999999999999867e-01
2.877999999999999889e-05,3.800000000000000044e-01
2.880000000000000208e-05,4.000000000000000222e-01
2.881999999999999851e-05,3.800000000000000044e-01
2.884000000000000170e-05,3.599999999999999867e-01
2.885999999999999812e-05,3.599999999999999867e-01
2.888000000000000132e-05,3.599999999999999867e-01
2.889999999999999774e-05,3.800000000000000044e-01
2.892000000000000094e-05,3.800000000000000044e-01
2.893999999999999736e-05,3.599999999999999867e-01
2.896000000000000055e-05,3.800000000000000044e-01
2.897999999999999697e-05,4.000000000000000222e-01
2.900000000000000017e-05,3.800000000000000044e-01
2.901999999999999659e-05,4.000000000000000222e-01
2.903999999999999979e-05,4.000000000000000222e-01
2.906000000000000298e-05,4.199999999999999845e-01
2.907999999999999940e-05,4.199999999999999845e-01
2.910000000000000260e-05,4.199999999999999845e-01
2.911999999999999902e-05,4.400000000000000022e-01
2.914000000000000222e-05,4.400000000000000022e-01
2.915999999999999864e-05,4.600000000000000200e-01
2.918000000000000183e-05,4.600000000000000200e-01
2.919999999999999826e-05,4.400000000000000022e-01
2.922000000000000145e-05,4.600000000000000200e-01
2.923999999999999787e-05,4.799999999999999822e-01
2.926000000000000107e-05,5.000000000000000000e-01
2.927999999999999749e-05,5.000000000000000000e-01
2.930000000000000069e-05,5.000000000000000000e-01
2.931999999999999711e-05,5.200000000000000178e-01
2.934000000000000030e-05,5.400000000000000355e-01
2.935999999999999672e-05,5.400000000000000355e-01
2.937999999999999992e-05,5.200000000000000178e-01
2.940000000000000312e-05,5.400000000000000355e-01
2.941999999999999954e-05,5.600000000000000533e-01
2.944000000000000273e-05,5.400000000000000355e-01
2.945999999999999915e-05,5.799999999999999600e-01
2.948000000000000235e-05,5.400000000000000355e-01
2.949999999999999877e-05,5.600000000000000533e-01
2.952000000000000197e-05,5.799999999999999600e-01
2.953999999999999839e-05,5.600000000000000533e-01
2.956000000000000158e-05,5.799999999999999600e-01
2.957999999999999800e-05,5.999999999999999778e-01
2.960000000000000120e-05,5.799999999999999600e-01
2.961999999999999762e-05,5.799999999999999600e-01
2.964000000000000082e-05,5.799999999999999600e-01
2.965999999999999724e-05,5.600000000000000533e-01
2.968000000000000044e-05,5.799999999999999600e-01
2.969999999999999686e-05,5.600000000000000533e-01
2.972000000000000005e-05,5.600000000000000533e-01
2.974000000000000325e-05,5.799999999999999600e-01
2.975999999999999967e-05,5.400000000000000355e-01
2.978000000000000287e-05,5.600000000000000533e-01
2.979999999999999929e-05,5.600000000000000533e-01
2.982000000000000248e-05,5.600000000000000533e-01
2.983999999999999890e-05,5.600000000000000533e-01
2.986000000000000210e-05,5.400000000000000355e-01
2.987999999999999852e-05,5.400000000000000355e-01
2.990000000000000172e-05,5.200000000000000178e-01
2.991999999999999814e-05,5.400000000000000355e-01
2.994000000000000133e-05,5.200000000000000178e-01
2.995999999999999775e-05,5.200000000000000178e-01
2.998000000000000095e-05,5.000000000000000000e-01
2.999999999999999737e-05,5.000000000000000000e-01
3.002000000000000057e-05,5.000000000000000000e-01
3.003999999999999699e-05,5.000000000000000000e-01
3.006000000000000019e-05,4.799999999999999822e-01
3.007999999999999661e-05,4.600000000000000200e-01
3.009999999999999980e-05,4.799999999999999822e-01
3.012000000000000300e-05,5.000000000000000000e-01
3.013999999999999942e-05,4.600000000000000200e-01
3.016000000000000262e-05,4.600000000000000200e-01
3.017999999999999904e-05,4.400000000000000022e-01
3.020000000000000223e-05,4.600000000000000200e-01
3.021999999999999865e-05,4.600000000000000200e-01
3.024000000000000185e-05,4.600000000000000200e-01
3.025999999999999827e-05,4.400000000000000022e-01
3.028000000000000147e-05,4.400000000000000022e-01
3.029999999999999789e-05,4.400000000000000022e-01
3.032000000000000108e-05,4.400000000000000022e-01
3.033999999999999750e-05,4.600000000000000200e-01
3.036000000000000070e-05,4.400000000000000022e-01
3.037999999999999712e-05,4.600000000000000200e-01
3.040000000000000032e-05,4.400000000000000022e-01
3.041999999999999674e-05,4.400000000000000022e-01
3.043999999999999994e-05,4.400000000000000022e-01
3.046000000000000313e-05,4.400000000000000022e-01
3.047999999999999955e-05,4.199999999999999845e-01
3.050000000000000275e-05,4.199999999999999845e-01
3.051999999999999917e-05,4.400000000000000022e-01
3.054000000000000237e-05,3.800000000000000044e-01
3.055999999999999879e-05,4.000000000000000222e-01
3.058000000000000198e-05,3.800000000000000044e-01
3.059999999999999840e-05,4.199999999999999845e-01
3.062000000000000160e-05,4.000000000000000222e-01
3.063999999999999802e-05,4.000000000000000222e-01
3.066000000000000122e-05,3.800000000000000044e-01
3.067999999999999764e-05,4.600000000000000200e-01
3.070000000000000083e-05,3.800000000000000044e-01
3.071999999999999725e-05,4.000000000000000222e-01
3.074000000000000045e-05,3.800000000000000044e-01
3.075999999999999687e-05,3.800000000000000044e-01
3.078000000000000007e-05,4.199999999999999845e-01
3.080000000000000326e-05,3.800000000000000044e-01
3.081999999999999969e-05,3.800000000000000044e-01
3.084000000000000288e-05,3.800000000000000044e-01
3.085999999999999930e-05,3.800000000000000044e-01
3.088000000000000250e-05,3.800000000000000044e-01
3.089999999999999892e-05,3.599999999999999867e-01
3.092000000000000212e-05,3.800000000000000044e-01
3.093999999999999854e-05,3.599999999999999867e-01
3.096000000000000173e-05,3.800000000000000044e-01
3.097999999999999815e-05,3.800000000000000044e-01
3.100000000000000135e-05,3.599999999999999867e-01
3.101999999999999777e-05,3.599999999999999867e-01
3.104000000000000097e-05,3.800000000000000044e-01
3.105999999999999739e-05,3.800000000000000044e-01
3.108000000000000058e-05,3.599999999999999867e-01
3.109999999999999700e-05,3.800000000000000044e-01
3.112000000000000020e-05,3.400000000000000244e-01
3.113999999999999662e-05,3.800000000000000044e-01
3.115999999999999982e-05,3.800000000000000044e-01
3.118000000000000301e-05,3.599999999999999867e-01
3.119999999999999944e-05,3.599999999999999867e-01
3.122000000000000263e-05,3.800000000000000044e-01
3.123999999999999905e-05,3.800000000000000044e-01
3.126000000000000225e-05,3.800000000000000044e-01
3.127999999999999867e-05,3.599999999999999867e-01
3.130000000000000187e-05,3.400000000000000244e-01
3.131999999999999829e-05,3.599999999999999867e-01
3.134000000000000148e-05,3.599999999999999867e-01
3.135999999999999790e-05,3.599999999999999867e-01
3.138000000000000110e-05,3.800000000000000044e-01
3.139999999999999752e-05,3.400000000000000244e-01
3.142000000000000072e-05,3.599999999999999867e-01
3.143999999999999714e-05,3.599999999999999867e-01
3.146000000000000033e-05,3.599999999999999867e-01
3.147999999999999675e-05,3.400000000000000244e-01
3.149999999999999995e-05,3.400000000000000244e-01
3.152000000000000315e-05,3.599999999999999867e-01
3.153999999999999957e-05,3.599999999999999867e-01
3.156000000000000276e-05,3.599999999999999867e-01
3.157999999999999919e-05,3.400000000000000244e-01
3.160000000000000238e-05,3.599999999999999867e-01
3.161999999999999880e-05,3.200000000000000067e-01
3.164000000000000200e-05,3.599999999999999867e-01
3.165999999999999842e-05,3.400000000000000244e-01
3.168000000000000162e-05,3.400000000000000244e-01
3.169999999999999804e-05,3.400000000000000244e-01
3.172000000000000123e-05,3.800000000000000044e-01
3.173999999999999765e-05,3.400000000000000244e-01
3.176000000000000085e-05,3.599999999999999867e-01
3.177999999999999727e-05,3.599999999999999867e-01
3.180000000000000047e-05,3.400000000000000244e-01
3.181999999999999689e-05,3.400000000000000244e-01
3.184000000000000008e-05,3.400000000000000244e-01
3.186000000000000328e-05,3.400000000000000244e-01
3.187999999999999970e-05,3.400000000000000244e-01
3.190000000000000290e-05,3.599999999999999867e-01
3.191999999999999932e-05,3.200000000000000067e-01
3.194000000000000251e-05,3.200000000000000067e-01
3.195999999999999893e-05,3.400000000000000244e-01
3.198000000000000213e-05,3.400000000000000244e-01
3.199999999999999855e-05,3.400000000000000244e-01
3.202000000000000175e-05,3.200000000000000067e-01
3.203999999999999817e-05,3.200000000000000067e-01
3.206000000000000137e-05,3.400000000000000244e-01
3.207999999999999779e-05,3.400000000000000244e-01
3.210000000000000098e-05,3.400000000000000244e-01
3.211999999999999740e-05,3.400000000000000244e-01
3.214000000000000060e-05,3.200000000000000067e-01
3.215999999999999702e-05,3.200000000000000067e-01
3.218000000000000022e-05,3.200000000000000067e-01
3.219999999999999664e-05,3.599999999999999867e-01
3.221999999999999983e-05,3.200000000000000067e-01
3.224000000000000303e-05,2.999999999999999889e-01
3.225999999999999945e-05,3.200000000000000067e-01
3.228000000000000265e-05,3.400000000000000244e-01
3.229999999999999907e-05,3.400000000000000244e-01
3.232000000000000226e-05,3.400000000000000244e-01
3.233999999999999868e-05,3.200000000000000067e-01
3.236000000000000188e-05,3.599999999999999867e-01
3.237999999999999830e-05,3.400000000000000244e-01
3.240000000000000150e-05,3.200000000000000067e-01
3.241999999999999792e-05,3.400000000000000244e-01
3.244000000000000112e-05,3.400000000000000244e-01
3.245999999999999754e-05,3.400000000000000244e-01
3.248000000000000073e-05,3.400000000000000244e-01
3.249999999999999715e-05,3.200000000000000067e-01
3.252000000000000035e-05,2.999999999999999889e-01
3.253999999999999677e-05,3.200000000000000067e-01
3.255999999999999997e-05,2.999999999999999889e-01
3.258000000000000316e-05,3.200000000000000067e-01
3.259999999999999958e-05,3.200000000000000067e-01
3.262000000000000278e-05,3.400000000000000244e-01
3.263999999999999920e-05,2.999999999999999889e-01
3.266000000000000240e-05,3.599999999999999867e-01
3.267999999999999882e-05,2.999999999999999889e-01
3.270000000000000201e-05,2.999999999999999889e-01
3.271999999999999843e-05,2.999999999999999889e-01
3.274000000000000163e-05,3.200000000000000067e-01
3.275999999999999805e-05,3.200000000000000067e-01
3.278000000000000125e-05,3.200000000000000067e-01
3.279999999999999767e-05,2.999999999999999889e-01
3.282000000000000087e-05,2.999999999999999889e-01
3.283999999999999729e-05,3.200000000000000067e-01
3.286000000000000048e-05,2.999999999999999889e-01
3.287999999999999690e-05,3.400000000000000244e-01
3.290000000000000010e-05,2.999999999999999889e-01
3.292000000000000330e-05,3.200000000000000067e-01
3.293999999999999972e-05,3.200000000000000067e-01
3.296000000000000291e-05,3.400000000000000244e-01
3.297999999999999933e-05,2.999999999999999889e-01
3.300000000000000253e-05,2.999999999999999889e-01
3.301999999999999895e-05,2.999999999999999889e-01
3.304000000000000215e-05,2.999999999999999889e-01
3.305999999999999857e-05,3.400000000000000244e-01
3.308000000000000176e-05,3.200000000000000067e-01
3.309999999999999818e-05,2.800000000000000266e-01
3.312000000000000138e-05,3.200000000000000067e-01
3.313999999999999780e-05,3.200000000000000067e-01
3.316000000000000100e-05,3.200000000000000067e-01
3.317999999999999742e-05,3.200000000000000067e-01
3.320000000000000062e-05,2.999999999999999889e-01
3.321999999999999704e-05,3.200000000000000067e-01
3.324000000000000023e-05,3.200000000000000067e-01
3.325999999999999665e-05,3.200000000000000067e-01
3.327999999999999985e-05,3.200000000000000067e-01
3.330000000000000305e-05,3.200000000000000067e-01
3.331999999999999947e-05,3.400000000000000244e-01
3.334000000000000266e-05,3.400000000000000244e-01
3.335999999999999908e-05,3.400000000000000244e-01
3.338000000000000228e-05,3.200000000000000067e-01
3.339999999999999870e-05,3.400000000000000244e-01
3.342000000000000190e-05,3.400000000000000244e-01
3.343999999999999832e-05,3.599999999999999867e-01
3.346000000000000151e-05,3.599999999999999867e-01
3.347999999999999793e-05,3.400000000000000244e-01
3.350000000000000113e-05,3.800000000000000044e-01
3.351999999999999755e-05,3.800000000000000044e-01
3.354000000000000075e-05,3.599999999999999867e-01
3.355999999999999717e-05,3.599999999999999867e-01
3.358000000000000037e-05,3.800000000000000044e-01
3.359999999999999679e-05,4.000000000000000222e-01
3.361999999999999998e-05,4.199999999999999845e-01
3.364000000000000318e-05,4.199999999999999845e-01
3.365999999999999960e-05,4.199999999999999845e-01
3.368000000000000280e-05,4.400000000000000022e-01
3.369999999999999922e-05,4.400000000000000022e-01
3.372000000000000241e-05,4.600000000000000200e-01
3.373999999999999883e-05,4.600000000000000200e-01
3.376000000000000203e-05,4.600000000000000200e-01
3.377999999999999845e-05,4.799999999999999822e-01
3.380000000000000165e-05,4.600000000000000200e-01
3.381999999999999807e-05,4.600000000000000200e-01
3.384000000000000126e-05,4.799999999999999822e-01
3.385999999999999768e-05,4.799999999999999822e-01
3.388000000000000088e-05,5.200000000000000178e-01
3.389999999999999730e-05,5.000000000000000000e-01
3.392000000000000050e-05,4.799999999999999822e-01
3.393999999999999692e-05,5.200000000000000178e-01
3.396000000000000011e-05,5.200000000000000178e-01
3.398000000000000331e-05,5.200000000000000178e-01
3.399999999999999973e-05,5.000000000000000000e-01
3.402000000000000293e-05,4.799999999999999822e-01
3.403999999999999935e-05,5.000000000000000000e-01
3.406000000000000255e-05,5.000000000000000000e-01
3.407999999999999897e-05,5.200000000000000178e-01
3.410000000000000216e-05,4.799999999999999822e-01
3.411999999999999858e-05,5.000000000000000000e-01
3.414000000000000178e-05,4.600000000000000200e-01
3.415999999999999820e-05,4.799999999999999822e-01
3.418000000000000140e-05,4.799999999999999822e-01
3.419999999999999782e-05,4.799999999999999822e-01
3.422000000000000101e-05,4.400000000000000022e-01
3.423999999999999743e-05,4.600000000000000200e-01
3.426000000000000063e-05,4.799999999999999822e-01
3.427999999999999705e-05,4.600000000000000200e-01
3.430000000000000025e-05,4.400000000000000022e-01
3.431999999999999667e-05,4.400000000000000022e-01
3.433999999999999986e-05,4.600000000000000200e-01
3.436000000000000306e-05,4.600000000000000200e-01
3.437999999999999948e-05,4.199999999999999845e-01
3.440000000000000268e-05,4.400000000000000022e-01
3.441999999999999910e-05,4.000000000000000222e-01
3.444000000000000230e-05,4.000000000000000222e-01
3.445999999999999872e-05,4.199999999999999845e-01
3.448000000000000191e-05,4.199999999999999845e-01
3.449999999999999833e-05,4.000000000000000222e-01
3.452000000000000153e-05,4.000000000000000222e-01
3.453999999999999795e-05,3.800000000000000044e-01
3.456000000000000115e-05,4.000000000000000222e-01
3.457999999999999757e-05,4.000000000000000222e-01
3.460000000000000076e-05,4.000000000000000222e-01
3.461999999999999718e-05,3.800000000000000044e-01
3.464000000000000038e-05,4.400000000000000022e-01
3.465999999999999680e-05,3.800000000000000044e-01
3.468000000000000000e-05,3.800000000000000044e-01
3.470000000000000319e-05,3.800000000000000044e-01
3.471999999999999961e-05,3.599999999999999867e-01
3.474000000000000281e-05,4.000000000000000222e-01
3.475999999999999923e-05,3.800000000000000044e-01
3.478000000000000243e-05,3.599999999999999867e-01
3.479999999999999885e-05,3.599999999999999867e-01
3.482000000000000205e-05,3.800000000000000044e-01
3.483999999999999847e-05,3.800000000000000044e-01
3.486000000000000166e-05,3.599999999999999867e-01
3.487999999999999808e-05,3.400000000000000244e-01
3.490000000000000128e-05,3.400000000000000244e-01
3.491999999999999770e-05,3.400000000000000244e-01
3.494000000000000090e-05,3.400000000000000244e-01
3.495999999999999732e-05,3.400000000000000244e-01
3.498000000000000051e-05,3.400000000000000244e-01
3.499999999999999693e-05,3.599999999999999867e-01
3.502000000000000013e-05,3.599999999999999867e-01
3.504000000000000333e-05,3.400000000000000244e-01
3.505999999999999975e-05,3.400000000000000244e-01
3.508000000000000294e-05,3.400000000000000244e-01
3.509999999999999936e-05,3.400000000000000244e-01
3.512000000000000256e-05,3.400000000000000244e-01
3.513999999999999898e-05,3.599999999999999867e-01
3.516000000000000218e-05,3.200000000000000067e-01
3.517999999999999860e-05,3.400000000000000244e-01
3.520000000000000180e-05,3.599999999999999867e-01
3.521999999999999822e-05,3.400000000000000244e-01
3.524000000000000141e-05,2.999999999999999889e-01
3.525999999999999783e-05,3.200000000000000067e-01
3.528000000000000103e-05,3.400000000000000244e-01
3.529999999999999745e-05,3.200000000000000067e-01
3.532000000000000065e-05,3.400000000000000244e-01
3.533999999999999707e-05,3.599999999999999867e-01
3.536000000000000026e-05,3.200000000000000067e-01
3.537999999999999668e-05,3.200000000000000067e-01
3.539999999999999988e-05,3.200000000000000067e-01
3.542000000000000308e-05,3.200000000000000067e-01
3.543999999999999950e-05,3.200000000000000067e-01
3.546000000000000269e-05,3.200000000000000067e-01
3.547999999999999911e-05,3.200000000000000067e-01
3.550000000000000231e-05,3.200000000000000067e-01
3.551999999999999873e-05,3.400000000000000244e-01
3.554000000000000193e-05,3.200000000000000067e-01
3.555999999999999835e-05,3.200000000000000067e-01
3.558000000000000155e-05,3.400000000000000244e-01
3.559999999999999797e-05,3.200000000000000067e-01
3.562000000000000116e-05,3.400000000000000244e-01
3.563999999999999758e-05,3.200000000000000067e-01
3.566000000000000078e-05,3.400000000000000244e-01
3.567999999999999720e-05,3.400000000000000244e-01
3.570000000000000040e-05,2.999999999999999889e-01
3.571999999999999682e-05,2.999999999999999889e-01
3.574000000000000001e-05,3.400000000000000244e-01
3.576000000000000321e-05,3.200000000000000067e-01
3.577999999999999963e-05,3.200000000000000067e-01
3.580000000000000283e-05,3.200000000000000067e-01
3.581999999999999925e-05,3.200000000000000067e-01
3.584000000000000244e-05,3.200000000000000067e-01
3.585999999999999886e-05,3.200000000000000067e-01
3.588000000000000206e-05,3.400000000000000244e-01
3.589999999999999848e-05,3.200000000000000067e-01
3.592000000000000168e-05,3.200000000000000067e-01
3.593999999999999810e-05,3.200000000000000067e-01
3.596000000000000130e-05,2.999999999999999889e-01
3.597999999999999772e-05,2.999999999999999889e-01
3.600000000000000091e-05,2.800000000000000266e-01
3.601999999999999733e-05,2.800000000000000266e-01
3.604000000000000053e-05,2.999999999999999889e-01
3.605999999999999695e-05,2.999999999999999889e-01
3.608000000000000015e-05,2.999999999999999889e-01
3.610000000000000334e-05,3.200000000000000067e-01
3.611999999999999976e-05,2.800000000000000266e-01
3.614000000000000296e-05,2.999999999999999889e-01
3.615999999999999938e-05,3.200000000000000067e-01
3.618000000000000258e-05,2.999999999999999889e-01
3.619999999999999900e-05,2.800000000000000266e-01
3.622000000000000219e-05,2.999999999999999889e-01
3.623999999999999861e-05,3.200000000000000067e-01
3.626000000000000181e-05,2.999999999999999889e-01
3.627999999999999823e-05,2.999999999999999889e-01
