time_s,voltage_V
-7.739999999999999485e-04,2.000000000000000042e-02
-7.729999999999999242e-04,2.000000000000000042e-02
-7.719999999999998998e-04,0.000000000000000000e+00
-7.709999999999999840e-04,0.000000000000000000e+00
-7.699999999999999597e-04,0.000000000000000000e+00
-7.689999999999999353e-04,0.000000000000000000e+00
-7.679999999999999110e-04,2.000000000000000042e-02
-7.669999999999999951e-04,0.000000000000000000e+00
-7.659999999999999708e-04,2.000000000000000042e-02
-7.649999999999999465e-04,2.000000000000000042e-02
-7.639999999999999222e-04,0.000000000000000000e+00
-7.629999999999998979e-04,2.000000000000000042e-02
-7.619999999999999820e-04,2.000000000000000042e-02
-7.609999999999999577e-04,0.000000000000000000e+00
-7.599999999999999334e-04,2.000000000000000042e-02
-7.589999999999999091e-04,2.000000000000000042e-02
-7.579999999999999932e-04,2.000000000000000042e-02
-7.569999999999999689e-04,0.000000000000000000e+00
-7.559999999999999446e-04,2.000000000000000042e-02
-7.549999999999999203e-04,2.000000000000000042e-02
-7.539999999999998960e-04,2.000000000000000042e-02
-7.529999999999999801e-04,2.000000000000000042e-02
-7.519999999999999558e-04,0.000000000000000000e+00
-7.509999999999999315e-04,0.000000000000000000e+00
-7.499999999999999072e-04,0.000000000000000000e+00
-7.489999999999999913e-04,2.000000000000000042e-02
-7.479999999999999670e-04,2.000000000000000042e-02
-7.469999999999999427e-04,2.000000000000000042e-02
-7.459999999999999184e-04,0.000000000000000000e+00
-7.450000000000000025e-04,2.000000000000000042e-02
-7.439999999999999782e-04,0.000000000000000000e+00
-7.429999999999999539e-04,2.000000000000000042e-02
-7.419999999999999296e-04,2.000000000000000042e-02
-7.409999999999999053e-04,0.000000000000000000e+00
-7.399999999999999894e-04,0.000000000000000000e+00
-7.389999999999999651e-04,0.000000000000000000e+00
-7.379999999999999408e-04,2.000000000000000042e-02
-7.369999999999999165e-04,2.000000000000000042e-02
-7.360000000000000006e-04,0.000000000000000000e+00
-7.349999999999999763e-04,2.000000000000000042e-02
-7.339999999999999520e-04,2.000000000000000042e-02
-7.329999999999999277e-04,0.000000000000000000e+00
-7.319999999999999033e-04,0.000000000000000000e+00
-7.309999999999999875e-04,2.000000000000000042e-02
-7.299999999999999632e-04,2.000000000000000042e-02
-7.289999999999999388e-04,2.000000000000000042e-02
-7.279999999999999145e-04,0.000000000000000000e+00
-7.269999999999999987e-04,0.000000000000000000e+00
-7.259999999999999743e-04,0.000000000000000000e+00
-7.249999999999999500e-04,2.000000000000000042e-02
-7.239999999999999257e-04,0.000000000000000000e+00
-7.229999999999999014e-04,2.000000000000000042e-02
-7.219999999999999855e-04,2.000000000000000042e-02
-7.209999999999999612e-04,2.000000000000000042e-02
-7.199999999999999369e-04,2.000000000000000042e-02
-7.189999999999999126e-04,2.000000000000000042e-02
-7.179999999999999967e-04,0.000000000000000000e+00
-7.169999999999999724e-04,2.000000000000000042e-02
-7.159999999999999481e-04,2.000000000000000042e-02
-7.149999999999999238e-04,0.000000000000000000e+00
-7.140000000000000079e-04,2.000000000000000042e-02
-7.129999999999999836e-04,2.000000000000000042e-02
-7.119999999999999593e-04,0.000000000000000000e+00
-7.109999999999999350e-04,2.000000000000000042e-02
-7.099999999999999107e-04,2.000000000000000042e-02
-7.089999999999999948e-04,2.000000000000000042e-02
-7.079999999999999705e-04,0.000000000000000000e+00
-7.069999999999999462e-04,2.000000000000000042e-02
-7.059999999999999219e-04,2.000000000000000042e-02
-7.049999999999998976e-04,2.000000000000000042e-02
-7.039999999999999817e-04,0.000000000000000000e+00
-7.029999999999999574e-04,0.000000000000000000e+00
-7.019999999999999331e-04,2.000000000000000042e-02
-7.009999999999999088e-04,0.000000000000000000e+00
-6.999999999999999929e-04,0.000000000000000000e+00
-6.989999999999999686e-04,0.000000000000000000e+00
-6.979999999999999443e-04,2.000000000000000042e-02
-6.969999999999999200e-04,2.000000000000000042e-02
-6.960000000000000041e-04,2.000000000000000042e-02
-6.949999999999999798e-04,0.000000000000000000e+00
-6.939999999999999555e-04,0.000000000000000000e+00
-6.929999999999999312e-04,2.000000000000000042e-02
-6.919999999999999069e-04,2.000000000000000042e-02
-6.909999999999999910e-04,0.000000000000000000e+00
-6.899999999999999667e-04,2.000000000000000042e-02
-6.889999999999999424e-04,2.000000000000000042e-02
-6.879999999999999180e-04,0.000000000000000000e+00
-6.869999999999998937e-04,2.000000000000000042e-02
-6.859999999999999779e-04,0.000000000000000000e+00
-6.849999999999999535e-04,0.000000000000000000e+00
-6.839999999999999292e-04,0.000000000000000000e+00
-6.830000000000000134e-04,2.000000000000000042e-02
-6.819999999999999890e-04,0.000000000000000000e+00
-6.809999999999999647e-04,0.000000000000000000e+00
-6.799999999999999404e-04,0.000000000000000000e+00
-6.789999999999999161e-04,0.000000000000000000e+00
-6.780000000000000002e-04,2.000000000000000042e-02
-6.769999999999999759e-04,0.000000000000000000e+00
-6.759999999999999516e-04,0.000000000000000000e+00
-6.749999999999999273e-04,0.000000000000000000e+00
-6.739999999999999030e-04,0.000000000000000000e+00
-6.729999999999999871e-04,2.000000000000000042e-02
-6.719999999999999628e-04,0.000000000000000000e+00
-6.709999999999999385e-04,0.000000000000000000e+00
-6.699999999999999142e-04,4.000000000000000083e-02
-6.689999999999999983e-04,0.000000000000000000e+00
-6.679999999999999740e-04,2.000000000000000042e-02
-6.669999999999999497e-04,0.000000000000000000e+00
-6.659999999999999254e-04,0.000000000000000000e+00
-6.650000000000000095e-04,2.000000000000000042e-02
-6.639999999999999852e-04,2.000000000000000042e-02
-6.629999999999999609e-04,0.000000000000000000e+00
-6.619999999999999366e-04,0.000000000000000000e+00
-6.609999999999999123e-04,2.000000000000000042e-02
-6.599999999999999964e-04,4.000000000000000083e-02
-6.589999999999999721e-04,2.000000000000000042e-02
-6.579999999999999478e-04,0.000000000000000000e+00
-6.569999999999999235e-04,2.000000000000000042e-02
-6.559999999999998992e-04,2.000000000000000042e-02
-6.549999999999999833e-04,2.000000000000000042e-02
-6.539999999999999590e-04,2.000000000000000042e-02
-6.529999999999999347e-04,0.000000000000000000e+00
-6.519999999999999104e-04,2.000000000000000042e-02
-6.509999999999999945e-04,2.000000000000000042e-02
-6.499999999999999702e-04,0.000000000000000000e+00
-6.489999999999999459e-04,2.000000000000000042e-02
-6.479999999999999215e-04,0.000000000000000000e+00
-6.470000000000000057e-04,0.000000000000000000e+00
-6.459999999999999814e-04,2.000000000000000042e-02
-6.449999999999999570e-04,2.000000000000000042e-02
-6.439999999999999327e-04,0.000000000000000000e+00
-6.429999999999999084e-04,0.000000000000000000e+00
-6.419999999999999925e-04,2.000000000000000042e-02
-6.409999999999999682e-04,0.000000000000000000e+00
-6.399999999999999439e-04,0.000000000000000000e+00
-6.389999999999999196e-04,0.000000000000000000e+00
-6.379999999999998953e-04,0.000000000000000000e+00
-6.369999999999999794e-04,0.000000000000000000e+00
-6.359999999999999551e-04,2.000000000000000042e-02
-6.349999999999999308e-04,0.000000000000000000e+00
-6.340000000000000149e-04,0.000000000000000000e+00
-6.329999999999999906e-04,2.000000000000000042e-02
-6.319999999999999663e-04,0.000000000000000000e+00
-6.309999999999999420e-04,2.000000000000000042e-02
-6.299999999999999177e-04,2.000000000000000042e-02
-6.290000000000000018e-04,0.000000000000000000e+00
-6.279999999999999775e-04,0.000000000000000000e+00
-6.269999999999999532e-04,0.000000000000000000e+00
-6.259999999999999289e-04,0.000000000000000000e+00
-6.249999999999999046e-04,0.000000000000000000e+00
-6.239999999999999887e-04,0.000000000000000000e+00
-6.229999999999999644e-04,2.000000000000000042e-02
-6.219999999999999401e-04,0.000000000000000000e+00
-6.209999999999999158e-04,2.000000000000000042e-02
-6.199999999999998915e-04,0.000000000000000000e+00
-6.189999999999999756e-04,0.000000000000000000e+00
-6.179999999999999513e-04,2.000000000000000042e-02
-6.169999999999999270e-04,0.000000000000000000e+00
-6.160000000000000111e-04,0.000000000000000000e+00
-6.149999999999999868e-04,0.000000000000000000e+00
-6.139999999999999625e-04,0.000000000000000000e+00
-6.129999999999999382e-04,2.000000000000000042e-02
-6.119999999999999139e-04,2.000000000000000042e-02
-6.109999999999999980e-04,0.000000000000000000e+00
-6.099999999999999737e-04,0.000000000000000000e+00
-6.089999999999999494e-04,2.000000000000000042e-02
-6.079999999999999251e-04,2.000000000000000042e-02
-6.069999999999999007e-04,0.000000000000000000e+00
-6.059999999999999849e-04,4.000000000000000083e-02
-6.049999999999999606e-04,2.000000000000000042e-02
-6.039999999999999362e-04,2.000000000000000042e-02
-6.030000000000000204e-04,2.000000000000000042e-02
-6.019999999999999961e-04,0.000000000000000000e+00
-6.009999999999999717e-04,2.000000000000000042e-02
-5.999999999999999474e-04,0.000000000000000000e+00
-5.989999999999999231e-04,2.000000000000000042e-02
-5.980000000000000072e-04,2.000000000000000042e-02
-5.969999999999999829e-04,0.000000000000000000e+00
-5.959999999999999586e-04,2.000000000000000042e-02
-5.949999999999999343e-04,2.000000000000000042e-02
-5.939999999999999100e-04,2.000000000000000042e-02
-5.929999999999999941e-04,2.000000000000000042e-02
-5.919999999999999698e-04,0.000000000000000000e+00
-5.909999999999999455e-04,2.000000000000000042e-02
-5.899999999999999212e-04,2.000000000000000042e-02
-5.889999999999998969e-04,0.000000000000000000e+00
-5.879999999999999810e-04,2.000000000000000042e-02
-5.869999999999999567e-04,0.000000000000000000e+00
-5.859999999999999324e-04,2.000000000000000042e-02
-5.850000000000000165e-04,0.000000000000000000e+00
-5.839999999999999922e-04,2.000000000000000042e-02
-5.829999999999999679e-04,0.000000000000000000e+00
-5.819999999999999436e-04,2.000000000000000042e-02
-5.809999999999999193e-04,0.000000000000000000e+00
-5.800000000000000034e-04,0.000000000000000000e+00
-5.789999999999999791e-04,0.000000000000000000e+00
-5.779999999999999548e-04,0.000000000000000000e+00
-5.769999999999999305e-04,0.000000000000000000e+00
-5.759999999999999062e-04,0.000000000000000000e+00
-5.749999999999999903e-04,0.000000000000000000e+00
-5.739999999999999660e-04,0.000000000000000000e+00
-5.729999999999999417e-04,2.000000000000000042e-02
-5.719999999999999174e-04,2.000000000000000042e-02
-5.709999999999998931e-04,2.000000000000000042e-02
-5.699999999999999772e-04,0.000000000000000000e+00
-5.689999999999999529e-04,2.000000000000000042e-02
-5.679999999999999286e-04,0.000000000000000000e+00
-5.670000000000000127e-04,2.000000000000000042e-02
-5.659999999999999884e-04,2.000000000000000042e-02
-5.649999999999999641e-04,0.000000000000000000e+00
-5.639999999999999397e-04,0.000000000000000000e+00
-5.629999999999999154e-04,2.000000000000000042e-02
-5.619999999999999996e-04,2.000000000000000042e-02
-5.609999999999999752e-04,0.000000000000000000e+00
-5.599999999999999509e-04,2.000000000000000042e-02
-5.589999999999999266e-04,0.000000000000000000e+00
-5.579999999999999023e-04,2.000000000000000042e-02
-5.569999999999999864e-04,0.000000000000000000e+00
-5.559999999999999621e-04,2.000000000000000042e-02
-5.549999999999999378e-04,0.000000000000000000e+00
-5.540000000000000219e-04,0.000000000000000000e+00
-5.529999999999999976e-04,2.000000000000000042e-02
-5.519999999999999733e-04,2.000000000000000042e-02
-5.509999999999999490e-04,2.000000000000000042e-02
-5.499999999999999247e-04,2.000000000000000042e-02
-5.490000000000000088e-04,2.000000000000000042e-02
-5.479999999999999845e-04,2.000000000000000042e-02
-5.469999999999999602e-04,2.000000000000000042e-02
-5.459999999999999359e-04,2.000000000000000042e-02
-5.449999999999999116e-04,0.000000000000000000e+00
-5.439999999999999957e-04,2.000000000000000042e-02
-5.429999999999999714e-04,0.000000000000000000e+00
-5.419999999999999471e-04,0.000000000000000000e+00
-5.409999999999999228e-04,2.000000000000000042e-02
-5.399999999999998985e-04,0.000000000000000000e+00
-5.389999999999999826e-04,0.000000000000000000e+00
-5.379999999999999583e-04,0.000000000000000000e+00
-5.369999999999999340e-04,2.000000000000000042e-02
-5.360000000000000181e-04,0.000000000000000000e+00
-5.349999999999999938e-04,0.000000000000000000e+00
-5.339999999999999695e-04,0.000000000000000000e+00
-5.329999999999999452e-04,2.000000000000000042e-02
-5.319999999999999209e-04,2.000000000000000042e-02
-5.310000000000000050e-04,2.000000000000000042e-02
-5.299999999999999807e-04,0.000000000000000000e+00
-5.289999999999999564e-04,2.000000000000000042e-02
-5.280000000000000405e-04,2.000000000000000042e-02
-5.269999999999999078e-04,2.000000000000000042e-02
-5.259999999999999919e-04,0.000000000000000000e+00
-5.249999999999999676e-04,0.000000000000000000e+00
-5.239999999999999433e-04,0.000000000000000000e+00
-5.230000000000000274e-04,2.000000000000000042e-02
-5.219999999999998946e-04,0.000000000000000000e+00
-5.209999999999999788e-04,2.000000000000000042e-02
-5.199999999999999544e-04,2.000000000000000042e-02
-5.189999999999999301e-04,2.000000000000000042e-02
-5.180000000000000143e-04,2.000000000000000042e-02
-5.169999999999998815e-04,2.000000000000000042e-02
-5.159999999999999656e-04,2.000000000000000042e-02
-5.149999999999999413e-04,2.000000000000000042e-02
-5.139999999999999170e-04,4.000000000000000083e-02
-5.130000000000000011e-04,2.000000000000000042e-02
-5.119999999999999768e-04,0.000000000000000000e+00
-5.109999999999999525e-04,0.000000000000000000e+00
-5.100000000000000366e-04,0.000000000000000000e+00
-5.089999999999999039e-04,2.000000000000000042e-02
-5.079999999999999880e-04,2.000000000000000042e-02
-5.069999999999999637e-04,0.000000000000000000e+00
-5.059999999999999394e-04,0.000000000000000000e+00
-5.050000000000000235e-04,2.000000000000000042e-02
-5.039999999999998908e-04,2.000000000000000042e-02
-5.029999999999999749e-04,2.000000000000000042e-02
-5.019999999999999506e-04,0.000000000000000000e+00
-5.009999999999999263e-04,0.000000000000000000e+00
-5.000000000000000104e-04,2.000000000000000042e-02
-4.989999999999999861e-04,0.000000000000000000e+00
-4.979999999999999618e-04,0.000000000000000000e+00
-4.969999999999999375e-04,0.000000000000000000e+00
-4.959999999999999132e-04,0.000000000000000000e+00
-4.949999999999999973e-04,2.000000000000000042e-02
-4.939999999999999730e-04,2.000000000000000042e-02
-4.929999999999999487e-04,0.000000000000000000e+00
-4.920000000000000328e-04,2.000000000000000042e-02
-4.909999999999999001e-04,2.000000000000000042e-02
-4.899999999999999842e-04,2.000000000000000042e-02
-4.889999999999999599e-04,2.000000000000000042e-02
-4.879999999999999356e-04,0.000000000000000000e+00
-4.869999999999999655e-04,2.000000000000000042e-02
-4.859999999999999412e-04,0.000000000000000000e+00
-4.849999999999999711e-04,0.000000000000000000e+00
-4.839999999999999468e-04,2.000000000000000042e-02
-4.829999999999999767e-04,2.000000000000000042e-02
-4.819999999999999524e-04,2.000000000000000042e-02
-4.809999999999999823e-04,0.000000000000000000e+00
-4.799999999999999580e-04,0.000000000000000000e+00
-4.789999999999999879e-04,0.000000000000000000e+00
-4.779999999999999635e-04,2.000000000000000042e-02
-4.769999999999999392e-04,0.000000000000000000e+00
-4.759999999999999691e-04,2.000000000000000042e-02
-4.749999999999999448e-04,2.000000000000000042e-02
-4.739999999999999747e-04,2.000000000000000042e-02
-4.729999999999999504e-04,0.000000000000000000e+00
-4.719999999999999803e-04,0.000000000000000000e+00
-4.709999999999999560e-04,0.000000000000000000e+00
-4.699999999999999859e-04,2.000000000000000042e-02
-4.689999999999999616e-04,0.000000000000000000e+00
-4.679999999999999373e-04,0.000000000000000000e+00
-4.669999999999999672e-04,4.000000000000000083e-02
-4.659999999999999429e-04,2.000000000000000042e-02
-4.649999999999999728e-04,0.000000000000000000e+00
-4.639999999999999485e-04,2.000000000000000042e-02
-4.629999999999999784e-04,2.000000000000000042e-02
-4.619999999999999541e-04,0.000000000000000000e+00
-4.609999999999999840e-04,0.000000000000000000e+00
-4.599999999999999597e-04,2.000000000000000042e-02
-4.589999999999999896e-04,2.000000000000000042e-02
-4.579999999999999653e-04,0.000000000000000000e+00
-4.569999999999999410e-04,2.000000000000000042e-02
-4.559999999999999709e-04,2.000000000000000042e-02
-4.549999999999999466e-04,2.000000000000000042e-02
-4.539999999999999765e-04,0.000000000000000000e+00
-4.529999999999999522e-04,2.000000000000000042e-02
-4.519999999999999821e-04,2.000000000000000042e-02
-4.509999999999999578e-04,2.000000000000000042e-02
-4.499999999999999877e-04,0.000000000000000000e+00
-4.489999999999999634e-04,0.000000000000000000e+00
-4.479999999999999391e-04,2.000000000000000042e-02
-4.469999999999999690e-04,2.000000000000000042e-02
-4.459999999999999447e-04,2.000000000000000042e-02
-4.449999999999999746e-04,0.000000000000000000e+00
-4.439999999999999503e-04,2.000000000000000042e-02
-4.429999999999999802e-04,0.000000000000000000e+00
-4.419999999999999559e-04,2.000000000000000042e-02
-4.409999999999999858e-04,2.000000000000000042e-02
-4.399999999999999615e-04,0.000000000000000000e+00
-4.389999999999999371e-04,0.000000000000000000e+00
-4.379999999999999671e-04,0.000000000000000000e+00
-4.369999999999999427e-04,2.000000000000000042e-02
-4.359999999999999726e-04,0.000000000000000000e+00
-4.349999999999999483e-04,0.000000000000000000e+00
-4.339999999999999782e-04,2.000000000000000042e-02
-4.329999999999999539e-04,2.000000000000000042e-02
-4.319999999999999838e-04,0.000000000000000000e+00
-4.309999999999999595e-04,0.000000000000000000e+00
-4.299999999999999894e-04,0.000000000000000000e+00
-4.289999999999999651e-04,0.000000000000000000e+00
-4.279999999999999408e-04,0.000000000000000000e+00
-4.269999999999999707e-04,0.000000000000000000e+00
-4.259999999999999464e-04,0.000000000000000000e+00
-4.249999999999999763e-04,0.000000000000000000e+00
-4.239999999999999520e-04,0.000000000000000000e+00
-4.229999999999999819e-04,0.000000000000000000e+00
-4.219999999999999576e-04,0.000000000000000000e+00
-4.209999999999999875e-04,0.000000000000000000e+00
-4.199999999999999632e-04,0.000000000000000000e+00
-4.189999999999999389e-04,0.000000000000000000e+00
-4.179999999999999688e-04,0.000000000000000000e+00
-4.169999999999999445e-04,0.000000000000000000e+00
-4.159999999999999744e-04,2.000000000000000042e-02
-4.149999999999999501e-04,2.000000000000000042e-02
-4.139999999999999800e-04,2.000000000000000042e-02
-4.129999999999999557e-04,2.000000000000000042e-02
-4.119999999999999856e-04,0.000000000000000000e+00
-4.109999999999999613e-04,0.000000000000000000e+00
-4.099999999999999912e-04,0.000000000000000000e+00
-4.089999999999999669e-04,2.000000000000000042e-02
-4.079999999999999426e-04,0.000000000000000000e+00
-4.069999999999999725e-04,2.000000000000000042e-02
-4.059999999999999482e-04,0.000000000000000000e+00
-4.049999999999999781e-04,0.000000000000000000e+00
-4.039999999999999538e-04,0.000000000000000000e+00
-4.029999999999999837e-04,2.000000000000000042e-02
-4.019999999999999594e-04,2.000000000000000042e-02
-4.009999999999999893e-04,0.000000000000000000e+00
-3.999999999999999650e-04,2.000000000000000042e-02
-3.989999999999999407e-04,0.000000000000000000e+00
-3.979999999999999706e-04,2.000000000000000042e-02
-3.969999999999999462e-04,0.000000000000000000e+00
-3.959999999999999762e-04,0.000000000000000000e+00
-3.949999999999999518e-04,4.000000000000000083e-02
-3.939999999999999817e-04,2.000000000000000042e-02
-3.929999999999999574e-04,0.000000000000000000e+00
-3.919999999999999873e-04,2.000000000000000042e-02
-3.909999999999999630e-04,2.000000000000000042e-02
-3.899999999999999387e-04,2.000000000000000042e-02
-3.889999999999999686e-04,2.000000000000000042e-02
-3.879999999999999443e-04,2.000000000000000042e-02
-3.869999999999999742e-04,4.000000000000000083e-02
-3.859999999999999499e-04,2.000000000000000042e-02
-3.849999999999999798e-04,0.000000000000000000e+00
-3.839999999999999555e-04,2.000000000000000042e-02
-3.829999999999999854e-04,2.000000000000000042e-02
-3.819999999999999611e-04,2.000000000000000042e-02
-3.809999999999999910e-04,0.000000000000000000e+00
-3.799999999999999667e-04,0.000000000000000000e+00
-3.789999999999999424e-04,2.000000000000000042e-02
-3.779999999999999723e-04,0.000000000000000000e+00
-3.769999999999999480e-04,0.000000000000000000e+00
-3.759999999999999779e-04,2.000000000000000042e-02
-3.749999999999999536e-04,2.000000000000000042e-02
-3.739999999999999835e-04,2.000000000000000042e-02
-3.729999999999999592e-04,2.000000000000000042e-02
-3.719999999999999891e-04,0.000000000000000000e+00
-3.709999999999999648e-04,2.000000000000000042e-02
-3.699999999999999405e-04,0.000000000000000000e+00
-3.689999999999999704e-04,0.000000000000000000e+00
-3.679999999999999461e-04,0.000000000000000000e+00
-3.669999999999999760e-04,0.000000000000000000e+00
-3.659999999999999517e-04,2.000000000000000042e-02
-3.649999999999999816e-04,2.000000000000000042e-02
-3.639999999999999573e-04,2.000000000000000042e-02
-3.629999999999999872e-04,2.000000000000000042e-02
-3.619999999999999629e-04,2.000000000000000042e-02
-3.609999999999999928e-04,2.000000000000000042e-02
-3.599999999999999685e-04,2.000000000000000042e-02
-3.589999999999999442e-04,0.000000000000000000e+00
-3.579999999999999741e-04,2.000000000000000042e-02
-3.569999999999999498e-04,2.000000000000000042e-02
-3.559999999999999797e-04,2.000000000000000042e-02
-3.549999999999999553e-04,2.000000000000000042e-02
-3.539999999999999853e-04,2.000000000000000042e-02
-3.529999999999999609e-04,0.000000000000000000e+00
-3.519999999999999908e-04,0.000000000000000000e+00
-3.509999999999999665e-04,2.000000000000000042e-02
-3.499999999999999422e-04,2.000000000000000042e-02
-3.489999999999999721e-04,2.000000000000000042e-02
-3.479999999999999478e-04,0.000000000000000000e+00
-3.469999999999999777e-04,2.000000000000000042e-02
-3.459999999999999534e-04,2.000000000000000042e-02
-3.449999999999999833e-04,0.000000000000000000e+00
-3.439999999999999590e-04,2.000000000000000042e-02
-3.429999999999999889e-04,2.000000000000000042e-02
-3.419999999999999646e-04,2.000000000000000042e-02
-3.409999999999999945e-04,2.000000000000000042e-02
-3.399999999999999702e-04,2.000000000000000042e-02
-3.389999999999999459e-04,0.000000000000000000e+00
-3.379999999999999758e-04,0.000000000000000000e+00
-3.369999999999999515e-04,0.000000000000000000e+00
-3.359999999999999814e-04,0.000000000000000000e+00
-3.349999999999999571e-04,2.000000000000000042e-02
-3.339999999999999870e-04,0.000000000000000000e+00
-3.329999999999999627e-04,0.000000000000000000e+00
-3.319999999999999926e-04,0.000000000000000000e+00
-3.309999999999999683e-04,0.000000000000000000e+00
-3.299999999999999440e-04,0.000000000000000000e+00
-3.289999999999999739e-04,2.000000000000000042e-02
-3.279999999999999496e-04,0.000000000000000000e+00
-3.269999999999999795e-04,2.000000000000000042e-02
-3.259999999999999552e-04,2.000000000000000042e-02
-3.249999999999999851e-04,0.000000000000000000e+00
-3.239999999999999608e-04,2.000000000000000042e-02
-3.229999999999999907e-04,0.000000000000000000e+00
-3.219999999999999664e-04,0.000000000000000000e+00
-3.209999999999999421e-04,0.000000000000000000e+00
-3.199999999999999720e-04,0.000000000000000000e+00
-3.189999999999999477e-04,0.000000000000000000e+00
-3.179999999999999776e-04,0.000000000000000000e+00
-3.169999999999999533e-04,0.000000000000000000e+00
-3.159999999999999832e-04,2.000000000000000042e-02
-3.149999999999999589e-04,0.000000000000000000e+00
-3.139999999999999888e-04,0.000000000000000000e+00
-3.129999999999999644e-04,0.000000000000000000e+00
-3.119999999999999944e-04,0.000000000000000000e+00
-3.109999999999999700e-04,0.000000000000000000e+00
-3.099999999999999457e-04,0.000000000000000000e+00
-3.089999999999999756e-04,0.000000000000000000e+00
-3.079999999999999513e-04,2.000000000000000042e-02
-3.069999999999999812e-04,2.000000000000000042e-02
-3.059999999999999569e-04,2.000000000000000042e-02
-3.049999999999999868e-04,2.000000000000000042e-02
-3.039999999999999625e-04,2.000000000000000042e-02
-3.029999999999999924e-04,0.000000000000000000e+00
-3.019999999999999681e-04,2.000000000000000042e-02
-3.009999999999999438e-04,2.000000000000000042e-02
-2.999999999999999737e-04,0.000000000000000000e+00
-2.989999999999999494e-04,2.000000000000000042e-02
-2.979999999999999793e-04,2.000000000000000042e-02
-2.969999999999999550e-04,0.000000000000000000e+00
-2.959999999999999849e-04,2.000000000000000042e-02
-2.949999999999999606e-04,2.000000000000000042e-02
-2.939999999999999905e-04,0.000000000000000000e+00
-2.929999999999999662e-04,0.000000000000000000e+00
-2.919999999999999961e-04,2.000000000000000042e-02
-2.909999999999999718e-04,0.000000000000000000e+00
-2.899999999999999475e-04,2.000000000000000042e-02
-2.889999999999999774e-04,0.000000000000000000e+00
-2.879999999999999531e-04,0.000000000000000000e+00
-2.869999999999999830e-04,2.000000000000000042e-02
-2.859999999999999587e-04,2.000000000000000042e-02
-2.849999999999999886e-04,2.000000000000000042e-02
-2.839999999999999643e-04,0.000000000000000000e+00
-2.829999999999999400e-04,2.000000000000000042e-02
-2.820000000000000241e-04,2.000000000000000042e-02
-2.809999999999999998e-04,2.000000000000000042e-02
-2.799999999999999755e-04,2.000000000000000042e-02
-2.789999999999999512e-04,2.000000000000000042e-02
-2.779999999999999269e-04,2.000000000000000042e-02
-2.770000000000000110e-04,0.000000000000000000e+00
-2.759999999999999867e-04,0.000000000000000000e+00
-2.749999999999999624e-04,2.000000000000000042e-02
-2.739999999999999380e-04,2.000000000000000042e-02
-2.730000000000000222e-04,2.000000000000000042e-02
-2.719999999999999979e-04,2.000000000000000042e-02
-2.709999999999999735e-04,2.000000000000000042e-02
-2.699999999999999492e-04,2.000000000000000042e-02
-2.689999999999999249e-04,2.000000000000000042e-02
-2.680000000000000090e-04,2.000000000000000042e-02
-2.669999999999999847e-04,2.000000000000000042e-02
-2.659999999999999604e-04,0.000000000000000000e+00
-2.649999999999999361e-04,0.000000000000000000e+00
-2.640000000000000202e-04,0.000000000000000000e+00
-2.629999999999999959e-04,0.000000000000000000e+00
-2.619999999999999716e-04,2.000000000000000042e-02
-2.609999999999999473e-04,0.000000000000000000e+00
-2.599999999999999230e-04,0.000000000000000000e+00
-2.590000000000000071e-04,0.000000000000000000e+00
-2.579999999999999828e-04,2.000000000000000042e-02
-2.569999999999999585e-04,0.000000000000000000e+00
-2.559999999999999342e-04,2.000000000000000042e-02
-2.550000000000000183e-04,2.000000000000000042e-02
-2.539999999999999940e-04,0.000000000000000000e+00
-2.529999999999999697e-04,2.000000000000000042e-02
-2.519999999999999454e-04,0.000000000000000000e+00
-2.509999999999999211e-04,0.000000000000000000e+00
-2.500000000000000052e-04,0.000000000000000000e+00
-2.489999999999999809e-04,4.000000000000000083e-02
-2.479999999999999566e-04,2.000000000000000042e-02
-2.469999999999999323e-04,2.000000000000000042e-02
-2.460000000000000164e-04,0.000000000000000000e+00
-2.449999999999999921e-04,0.000000000000000000e+00
-2.439999999999999678e-04,0.000000000000000000e+00
-2.429999999999999435e-04,0.000000000000000000e+00
-2.419999999999999192e-04,2.000000000000000042e-02
-2.410000000000000033e-04,2.000000000000000042e-02
-2.399999999999999790e-04,2.000000000000000042e-02
-2.389999999999999547e-04,2.000000000000000042e-02
-2.379999999999999304e-04,0.000000000000000000e+00
-2.370000000000000145e-04,0.000000000000000000e+00
-2.359999999999999902e-04,2.000000000000000042e-02
-2.349999999999999659e-04,2.000000000000000042e-02
-2.339999999999999416e-04,0.000000000000000000e+00
-2.330000000000000257e-04,0.000000000000000000e+00
-2.320000000000000014e-04,0.000000000000000000e+00
-2.309999999999999771e-04,0.000000000000000000e+00
-2.299999999999999527e-04,0.000000000000000000e+00
-2.289999999999999284e-04,0.000000000000000000e+00
-2.280000000000000126e-04,2.000000000000000042e-02
-2.269999999999999882e-04,2.000000000000000042e-02
-2.259999999999999639e-04,4.000000000000000083e-02
-2.249999999999999396e-04,0.000000000000000000e+00
-2.240000000000000237e-04,2.000000000000000042e-02
-2.229999999999999994e-04,2.000000000000000042e-02
-2.219999999999999751e-04,0.000000000000000000e+00
-2.209999999999999508e-04,2.000000000000000042e-02
-2.199999999999999265e-04,0.000000000000000000e+00
-2.190000000000000106e-04,2.000000000000000042e-02
-2.179999999999999863e-04,2.000000000000000042e-02
-2.169999999999999620e-04,2.000000000000000042e-02
-2.159999999999999377e-04,0.000000000000000000e+00
-2.150000000000000218e-04,0.000000000000000000e+00
-2.139999999999999975e-04,2.000000000000000042e-02
-2.129999999999999732e-04,2.000000000000000042e-02
-2.119999999999999489e-04,0.000000000000000000e+00
-2.109999999999999246e-04,0.000000000000000000e+00
-2.100000000000000087e-04,0.000000000000000000e+00
-2.089999999999999844e-04,0.000000000000000000e+00
-2.079999999999999601e-04,2.000000000000000042e-02
-2.069999999999999358e-04,2.000000000000000042e-02
-2.060000000000000199e-04,2.000000000000000042e-02
-2.049999999999999956e-04,2.000000000000000042e-02
-2.039999999999999713e-04,2.000000000000000042e-02
-2.029999999999999470e-04,2.000000000000000042e-02
-2.019999999999999227e-04,2.000000000000000042e-02
-2.010000000000000068e-04,0.000000000000000000e+00
-1.999999999999999825e-04,2.000000000000000042e-02
-1.989999999999999582e-04,2.000000000000000042e-02
-1.979999999999999339e-04,2.000000000000000042e-02
-1.970000000000000180e-04,2.000000000000000042e-02
-1.959999999999999937e-04,2.000000000000000042e-02
-1.949999999999999694e-04,2.000000000000000042e-02
-1.939999999999999451e-04,2.000000000000000042e-02
-1.929999999999999208e-04,0.000000000000000000e+00
-1.920000000000000049e-04,2.000000000000000042e-02
-1.909999999999999806e-04,0.000000000000000000e+00
-1.899999999999999563e-04,0.000000000000000000e+00
-1.889999999999999319e-04,0.000000000000000000e+00
-1.880000000000000161e-04,2.000000000000000042e-02
-1.869999999999999917e-04,2.000000000000000042e-02
-1.859999999999999674e-04,2.000000000000000042e-02
-1.849999999999999431e-04,0.000000000000000000e+00
-1.840000000000000272e-04,0.000000000000000000e+00
-1.830000000000000029e-04,2.000000000000000042e-02
-1.819999999999999786e-04,0.000000000000000000e+00
-1.809999999999999543e-04,2.000000000000000042e-02
-1.799999999999999300e-04,0.000000000000000000e+00
-1.790000000000000141e-04,0.000000000000000000e+00
-1.779999999999999898e-04,0.000000000000000000e+00
-1.769999999999999655e-04,0.000000000000000000e+00
-1.759999999999999412e-04,2.000000000000000042e-02
-1.750000000000000253e-04,0.000000000000000000e+00
-1.740000000000000010e-04,2.000000000000000042e-02
-1.729999999999999767e-04,0.000000000000000000e+00
-1.719999999999999524e-04,0.000000000000000000e+00
-1.709999999999999281e-04,2.000000000000000042e-02
-1.700000000000000122e-04,0.000000000000000000e+00
-1.689999999999999879e-04,2.000000000000000042e-02
-1.679999999999999636e-04,0.000000000000000000e+00
-1.669999999999999393e-04,2.000000000000000042e-02
-1.660000000000000234e-04,2.000000000000000042e-02
-1.649999999999999991e-04,0.000000000000000000e+00
-1.639999999999999748e-04,2.000000000000000042e-02
-1.629999999999999505e-04,4.000000000000000083e-02
-1.619999999999999262e-04,2.000000000000000042e-02
-1.610000000000000103e-04,0.000000000000000000e+00
-1.599999999999999860e-04,0.000000000000000000e+00
-1.589999999999999617e-04,2.000000000000000042e-02
-1.579999999999999374e-04,2.000000000000000042e-02
-1.570000000000000215e-04,2.000000000000000042e-02
-1.559999999999999972e-04,2.000000000000000042e-02
-1.549999999999999729e-04,2.000000000000000042e-02
-1.539999999999999486e-04,0.000000000000000000e+00
-1.529999999999999243e-04,2.000000000000000042e-02
-1.520000000000000084e-04,0.000000000000000000e+00
-1.509999999999999841e-04,2.000000000000000042e-02
-1.499999999999999598e-04,0.000000000000000000e+00
-1.489999999999999354e-04,0.000000000000000000e+00
-1.480000000000000196e-04,0.000000000000000000e+00
-1.469999999999999953e-04,2.000000000000000042e-02
-1.459999999999999709e-04,0.000000000000000000e+00
-1.449999999999999466e-04,0.000000000000000000e+00
-1.440000000000000308e-04,0.000000000000000000e+00
-1.430000000000000064e-04,0.000000000000000000e+00
-1.419999999999999821e-04,2.000000000000000042e-02
-1.409999999999999578e-04,2.000000000000000042e-02
-1.399999999999999335e-04,0.000000000000000000e+00
-1.390000000000000176e-04,0.000000000000000000e+00
-1.379999999999999933e-04,2.000000000000000042e-02
-1.369999999999999690e-04,0.000000000000000000e+00
-1.359999999999999447e-04,2.000000000000000042e-02
-1.350000000000000288e-04,2.000000000000000042e-02
-1.340000000000000045e-04,0.000000000000000000e+00
-1.329999999999999802e-04,2.000000000000000042e-02
-1.319999999999999559e-04,2.000000000000000042e-02
-1.309999999999999316e-04,2.000000000000000042e-02
-1.300000000000000157e-04,2.000000000000000042e-02
-1.289999999999999914e-04,2.000000000000000042e-02
-1.279999999999999671e-04,2.000000000000000042e-02
-1.269999999999999428e-04,0.000000000000000000e+00
-1.260000000000000269e-04,0.000000000000000000e+00
-1.250000000000000026e-04,2.000000000000000042e-02
-1.239999999999999783e-04,0.000000000000000000e+00
-1.229999999999999540e-04,2.000000000000000042e-02
-1.219999999999999297e-04,2.000000000000000042e-02
-1.210000000000000138e-04,0.000000000000000000e+00
-1.199999999999999895e-04,0.000000000000000000e+00
-1.189999999999999652e-04,0.000000000000000000e+00
-1.179999999999999409e-04,0.000000000000000000e+00
-1.170000000000000250e-04,0.000000000000000000e+00
-1.160000000000000007e-04,2.000000000000000042e-02
-1.149999999999999764e-04,2.000000000000000042e-02
-1.139999999999999521e-04,0.000000000000000000e+00
-1.129999999999999278e-04,2.000000000000000042e-02
-1.120000000000000119e-04,0.000000000000000000e+00
-1.109999999999999876e-04,0.000000000000000000e+00
-1.099999999999999633e-04,4.000000000000000083e-02
-1.089999999999999390e-04,2.000000000000000042e-02
-1.080000000000000231e-04,0.000000000000000000e+00
-1.069999999999999988e-04,0.000000000000000000e+00
-1.059999999999999745e-04,0.000000000000000000e+00
-1.049999999999999501e-04,0.000000000000000000e+00
-1.039999999999999258e-04,2.000000000000000042e-02
-1.030000000000000100e-04,0.000000000000000000e+00
-1.019999999999999856e-04,0.000000000000000000e+00
-1.009999999999999613e-04,2.000000000000000042e-02
-9.999999999999993703e-05,0.000000000000000000e+00
-9.900000000000002114e-05,0.000000000000000000e+00
-9.799999999999999684e-05,2.000000000000000042e-02
-9.699999999999997253e-05,0.000000000000000000e+00
-9.599999999999994822e-05,2.000000000000000042e-02
-9.500000000000003234e-05,0.000000000000000000e+00
-9.400000000000000803e-05,0.000000000000000000e+00
-9.299999999999998372e-05,0.000000000000000000e+00
-9.199999999999995941e-05,0.000000000000000000e+00
-9.099999999999993511e-05,2.000000000000000042e-02
-9.000000000000001922e-05,2.000000000000000042e-02
-8.899999999999999491e-05,2.000000000000000042e-02
-8.799999999999997061e-05,0.000000000000000000e+00
-8.699999999999994630e-05,2.000000000000000042e-02
-8.600000000000003041e-05,0.000000000000000000e+00
-8.500000000000000611e-05,2.000000000000000042e-02
-8.399999999999998180e-05,2.000000000000000042e-02
-8.299999999999995749e-05,0.000000000000000000e+00
-8.199999999999993319e-05,2.000000000000000042e-02
-8.100000000000001730e-05,2.000000000000000042e-02
-7.999999999999999299e-05,2.000000000000000042e-02
-7.899999999999996868e-05,2.000000000000000042e-02
-7.799999999999994438e-05,0.000000000000000000e+00
-7.700000000000002849e-05,0.000000000000000000e+00
-7.600000000000000418e-05,2.000000000000000042e-02
-7.499999999999997988e-05,2.000000000000000042e-02
-7.399999999999995557e-05,0.000000000000000000e+00
-7.299999999999993126e-05,2.000000000000000042e-02
-7.200000000000001538e-05,2.000000000000000042e-02
-7.099999999999999107e-05,2.000000000000000042e-02
-6.999999999999996676e-05,0.000000000000000000e+00
-6.899999999999994246e-05,0.000000000000000000e+00
-6.800000000000002657e-05,2.000000000000000042e-02
-6.700000000000000226e-05,2.000000000000000042e-02
-6.599999999999997796e-05,0.000000000000000000e+00
-6.499999999999995365e-05,2.000000000000000042e-02
-6.399999999999992934e-05,2.000000000000000042e-02
-6.300000000000001345e-05,0.000000000000000000e+00
-6.199999999999998915e-05,0.000000000000000000e+00
-6.099999999999996484e-05,0.000000000000000000e+00
-5.999999999999994053e-05,0.000000000000000000e+00
-5.900000000000002465e-05,0.000000000000000000e+00
-5.800000000000000034e-05,2.000000000000000042e-02
-5.699999999999997603e-05,0.000000000000000000e+00
-5.599999999999995173e-05,2.000000000000000042e-02
-5.499999999999992742e-05,2.000000000000000042e-02
-5.400000000000001153e-05,2.000000000000000042e-02
-5.299999999999998723e-05,2.000000000000000042e-02
-5.199999999999996292e-05,2.000000000000000042e-02
-5.099999999999993861e-05,0.000000000000000000e+00
-5.000000000000002272e-05,0.000000000000000000e+00
-4.899999999999999842e-05,0.000000000000000000e+00
-4.799999999999997411e-05,0.000000000000000000e+00
-4.699999999999994980e-05,2.000000000000000042e-02
-4.600000000000003392e-05,2.000000000000000042e-02
-4.500000000000000961e-05,2.000000000000000042e-02
-4.399999999999998530e-05,2.000000000000000042e-02
-4.299999999999996100e-05,2.000000000000000042e-02
-4.199999999999993669e-05,2.000000000000000042e-02
-4.100000000000002080e-05,0.000000000000000000e+00
-3.999999999999999650e-05,2.000000000000000042e-02
-3.899999999999997219e-05,2.000000000000000042e-02
-3.799999999999994788e-05,0.000000000000000000e+00
-3.700000000000003200e-05,2.000000000000000042e-02
-3.600000000000000769e-05,2.000000000000000042e-02
-3.499999999999998338e-05,2.000000000000000042e-02
-3.399999999999995907e-05,2.000000000000000042e-02
-3.299999999999993477e-05,0.000000000000000000e+00
-3.200000000000001888e-05,2.000000000000000042e-02
-3.099999999999999457e-05,0.000000000000000000e+00
-2.999999999999997027e-05,2.000000000000000042e-02
-2.899999999999994596e-05,4.000000000000000083e-02
-2.800000000000003007e-05,2.000000000000000111e-01
-2.700000000000000577e-05,1.600000000000000033e-01
-2.599999999999998146e-05,5.000000000000000000e-01
-2.499999999999995715e-05,2.999999999999999889e-01
-2.399999999999993285e-05,1.860000000000000098e+00
-2.300000000000001696e-05,3.800000000000000044e-01
-2.199999999999999265e-05,8.399999999999999689e-01
-2.099999999999996834e-05,4.400000000000000022e-01
-1.999999999999994404e-05,3.599999999999999867e-01
-1.900000000000002815e-05,1.040000000000000036e+00
-1.800000000000000384e-05,4.799999999999999822e-01
-1.699999999999997954e-05,3.800000000000000044e-01
-1.599999999999995523e-05,3.400000000000000244e-01
-1.499999999999993092e-05,8.399999999999999689e-01
-1.400000000000001504e-05,4.799999999999999822e-01
-1.299999999999999073e-05,4.000000000000000222e-01
-1.199999999999996642e-05,3.599999999999999867e-01
-1.099999999999994212e-05,3.200000000000000067e-01
-1.000000000000002623e-05,2.999999999999999889e-01
-9.000000000000001922e-06,6.800000000000000488e-01
-7.999999999999977615e-06,3.800000000000000044e-01
-6.999999999999953308e-06,3.200000000000000067e-01
-5.999999999999929001e-06,2.999999999999999889e-01
-5.000000000000013115e-06,2.600000000000000089e-01
-3.999999999999988808e-06,2.399999999999999911e-01
-2.999999999999964501e-06,2.200000000000000011e-01
-1.999999999999940194e-06,2.399999999999999911e-01
-1.000000000000024307e-06,4.000000000000000222e-01
0.000000000000000000e+00,3.599999999999999867e-01
1.000000000000024307e-06,2.800000000000000266e-01
2.000000000000048614e-06,2.600000000000000089e-01
2.999999999999964501e-06,2.600000000000000089e-01
3.999999999999988808e-06,2.600000000000000089e-01
5.000000000000013115e-06,2.399999999999999911e-01
6.000000000000037421e-06,2.200000000000000011e-01
7.000000000000061728e-06,2.000000000000000111e-01
7.999999999999977615e-06,1.799999999999999933e-01
9.000000000000001922e-06,1.799999999999999933e-01
1.000000000000002623e-05,2.000000000000000111e-01
1.100000000000005054e-05,2.399999999999999911e-01
1.199999999999996642e-05,2.200000000000000011e-01
1.299999999999999073e-05,1.799999999999999933e-01
1.400000000000001504e-05,1.799999999999999933e-01
1.500000000000003934e-05,1.799999999999999933e-01
1.600000000000006365e-05,1.799999999999999933e-01
1.699999999999997954e-05,1.799999999999999933e-01
1.800000000000000384e-05,2.999999999999999889e-01
1.900000000000002815e-05,2.600000000000000089e-01
2.000000000000005246e-05,2.000000000000000111e-01
2.099999999999996834e-05,1.799999999999999933e-01
2.199999999999999265e-05,1.600000000000000033e-01
2.300000000000001696e-05,1.400000000000000133e-01
2.400000000000004127e-05,1.600000000000000033e-01
2.500000000000006557e-05,1.799999999999999933e-01
2.599999999999998146e-05,2.399999999999999911e-01
2.700000000000000577e-05,1.799999999999999933e-01
2.800000000000003007e-05,1.600000000000000033e-01
2.900000000000005438e-05,1.600000000000000033e-01
2.999999999999997027e-05,1.199999999999999956e-01
3.099999999999999457e-05,1.199999999999999956e-01
3.200000000000001888e-05,1.199999999999999956e-01
3.300000000000004319e-05,2.399999999999999911e-01
3.400000000000006749e-05,1.799999999999999933e-01
3.499999999999998338e-05,1.600000000000000033e-01
3.600000000000000769e-05,1.199999999999999956e-01
3.700000000000003200e-05,1.600000000000000033e-01
3.800000000000005630e-05,2.000000000000000111e-01
3.899999999999997219e-05,1.600000000000000033e-01
3.999999999999999650e-05,1.199999999999999956e-01
4.100000000000002080e-05,1.199999999999999956e-01
4.200000000000004511e-05,1.000000000000000056e-01
4.299999999999996100e-05,1.400000000000000133e-01
4.399999999999998530e-05,1.799999999999999933e-01
4.500000000000000961e-05,1.400000000000000133e-01
4.600000000000003392e-05,1.199999999999999956e-01
4.700000000000005822e-05,1.799999999999999933e-01
4.799999999999997411e-05,2.000000000000000111e-01
4.899999999999999842e-05,1.600000000000000033e-01
5.000000000000002272e-05,1.400000000000000133e-01
5.100000000000004703e-05,1.199999999999999956e-01
5.199999999999996292e-05,1.199999999999999956e-01
5.299999999999998723e-05,1.400000000000000133e-01
5.400000000000001153e-05,1.799999999999999933e-01
5.500000000000003584e-05,1.600000000000000033e-01
5.600000000000006015e-05,1.400000000000000133e-01
5.699999999999997603e-05,1.199999999999999956e-01
5.800000000000000034e-05,1.799999999999999933e-01
5.900000000000002465e-05,2.000000000000000111e-01
6.000000000000004895e-05,1.600000000000000033e-01
6.099999999999996484e-05,1.199999999999999956e-01
6.199999999999998915e-05,1.199999999999999956e-01
6.300000000000001345e-05,1.199999999999999956e-01
6.400000000000003776e-05,1.199999999999999956e-01
6.500000000000006207e-05,2.000000000000000111e-01
6.599999999999997796e-05,2.000000000000000111e-01
6.700000000000000226e-05,1.400000000000000133e-01
6.800000000000002657e-05,1.199999999999999956e-01
6.900000000000005088e-05,1.199999999999999956e-01
6.999999999999996676e-05,1.199999999999999956e-01
7.099999999999999107e-05,1.199999999999999956e-01
7.200000000000001538e-05,1.400000000000000133e-01
7.300000000000003968e-05,2.200000000000000011e-01
7.400000000000006399e-05,1.600000000000000033e-01
7.499999999999997988e-05,1.199999999999999956e-01
7.600000000000000418e-05,1.199999999999999956e-01
7.700000000000002849e-05,1.199999999999999956e-01
7.800000000000005280e-05,1.199999999999999956e-01
7.899999999999996868e-05,1.799999999999999933e-01
7.999999999999999299e-05,1.799999999999999933e-01
8.100000000000001730e-05,1.400000000000000133e-01
8.200000000000004161e-05,1.000000000000000056e-01
8.300000000000006591e-05,1.199999999999999956e-01
8.399999999999998180e-05,1.199999999999999956e-01
8.500000000000000611e-05,2.200000000000000011e-01
8.600000000000003041e-05,1.600000000000000033e-01
8.700000000000005472e-05,1.199999999999999956e-01
8.799999999999997061e-05,1.199999999999999956e-01
8.899999999999999491e-05,1.000000000000000056e-01
9.000000000000001922e-05,1.000000000000000056e-01
9.100000000000004353e-05,1.199999999999999956e-01
9.199999999999995941e-05,2.200000000000000011e-01
9.299999999999998372e-05,1.600000000000000033e-01
9.400000000000000803e-05,1.199999999999999956e-01
9.500000000000003234e-05,1.199999999999999956e-01
9.600000000000005664e-05,1.199999999999999956e-01
9.699999999999997253e-05,1.199999999999999956e-01
9.799999999999999684e-05,1.799999999999999933e-01
9.900000000000002114e-05,1.799999999999999933e-01
1.000000000000000454e-04,1.199999999999999956e-01
1.009999999999999613e-04,1.000000000000000056e-01
1.019999999999999856e-04,1.000000000000000056e-01
1.030000000000000100e-04,1.199999999999999956e-01
1.040000000000000343e-04,2.000000000000000111e-01
1.050000000000000586e-04,1.400000000000000133e-01
1.059999999999999745e-04,1.199999999999999956e-01
1.069999999999999988e-04,1.199999999999999956e-01
1.080000000000000231e-04,1.199999999999999956e-01
1.090000000000000474e-04,1.400000000000000133e-01
1.099999999999999633e-04,1.799999999999999933e-01
1.109999999999999876e-04,1.400000000000000133e-01
1.120000000000000119e-04,1.199999999999999956e-01
1.130000000000000362e-04,1.199999999999999956e-01
1.140000000000000605e-04,1.000000000000000056e-01
1.149999999999999764e-04,1.400000000000000133e-01
1.160000000000000007e-04,2.000000000000000111e-01
1.170000000000000250e-04,1.600000000000000033e-01
1.180000000000000493e-04,1.199999999999999956e-01
1.189999999999999652e-04,1.000000000000000056e-01
1.199999999999999895e-04,1.199999999999999956e-01
1.210000000000000138e-04,1.199999999999999956e-01
1.220000000000000381e-04,1.799999999999999933e-01
1.230000000000000624e-04,1.199999999999999956e-01
1.239999999999999783e-04,1.199999999999999956e-01
1.250000000000000026e-04,1.199999999999999956e-01
1.260000000000000269e-04,1.199999999999999956e-01
1.270000000000000512e-04,1.799999999999999933e-01
1.279999999999999671e-04,1.600000000000000033e-01
1.289999999999999914e-04,1.400000000000000133e-01
1.300000000000000157e-04,1.000000000000000056e-01
1.310000000000000400e-04,1.000000000000000056e-01
1.320000000000000643e-04,1.400000000000000133e-01
1.329999999999999802e-04,1.799999999999999933e-01
1.340000000000000045e-04,1.400000000000000133e-01
1.350000000000000288e-04,1.199999999999999956e-01
1.360000000000000531e-04,1.000000000000000056e-01
1.369999999999999690e-04,1.199999999999999956e-01
1.379999999999999933e-04,1.400000000000000133e-01
1.390000000000000176e-04,2.000000000000000111e-01
1.400000000000000419e-04,1.199999999999999956e-01
1.409999999999999578e-04,1.199999999999999956e-01
1.419999999999999821e-04,1.199999999999999956e-01
1.430000000000000064e-04,1.199999999999999956e-01
1.440000000000000308e-04,1.400000000000000133e-01
1.450000000000000551e-04,1.799999999999999933e-01
1.459999999999999709e-04,1.400000000000000133e-01
1.469999999999999953e-04,1.199999999999999956e-01
1.480000000000000196e-04,1.199999999999999956e-01
1.490000000000000439e-04,1.199999999999999956e-01
1.499999999999999598e-04,1.600000000000000033e-01
1.509999999999999841e-04,1.400000000000000133e-01
1.520000000000000084e-04,1.199999999999999956e-01
1.530000000000000327e-04,1.199999999999999956e-01
1.540000000000000570e-04,1.400000000000000133e-01
1.549999999999999729e-04,1.799999999999999933e-01
1.559999999999999972e-04,1.400000000000000133e-01
1.570000000000000215e-04,1.199999999999999956e-01
1.580000000000000458e-04,1.199999999999999956e-01
1.589999999999999617e-04,1.000000000000000056e-01
1.599999999999999860e-04,1.199999999999999956e-01
1.610000000000000103e-04,1.799999999999999933e-01
1.620000000000000346e-04,1.400000000000000133e-01
1.630000000000000589e-04,1.199999999999999956e-01
1.639999999999999748e-04,1.000000000000000056e-01
1.649999999999999991e-04,1.000000000000000056e-01
1.660000000000000234e-04,1.199999999999999956e-01
1.670000000000000477e-04,1.799999999999999933e-01
1.679999999999999636e-04,1.799999999999999933e-01
1.689999999999999879e-04,1.199999999999999956e-01
1.700000000000000122e-04,1.199999999999999956e-01
1.710000000000000365e-04,1.199999999999999956e-01
1.720000000000000608e-04,1.199999999999999956e-01
1.729999999999999767e-04,1.600000000000000033e-01
1.740000000000000010e-04,1.600000000000000033e-01
1.750000000000000253e-04,1.400000000000000133e-01
1.760000000000000496e-04,1.199999999999999956e-01
1.769999999999999655e-04,1.199999999999999956e-01
1.779999999999999898e-04,1.600000000000000033e-01
1.790000000000000141e-04,1.600000000000000033e-01
1.800000000000000384e-04,1.199999999999999956e-01
1.809999999999999543e-04,1.199999999999999956e-01
1.819999999999999786e-04,1.199999999999999956e-01
1.830000000000000029e-04,1.199999999999999956e-01
1.840000000000000272e-04,1.199999999999999956e-01
1.850000000000000516e-04,1.600000000000000033e-01
1.859999999999999674e-04,1.400000000000000133e-01
1.869999999999999917e-04,1.400000000000000133e-01
1.880000000000000161e-04,1.400000000000000133e-01
1.890000000000000404e-04,1.199999999999999956e-01
1.899999999999999563e-04,1.199999999999999956e-01
1.909999999999999806e-04,1.199999999999999956e-01
1.920000000000000049e-04,1.400000000000000133e-01
1.930000000000000292e-04,1.400000000000000133e-01
1.940000000000000535e-04,1.400000000000000133e-01
1.949999999999999694e-04,1.600000000000000033e-01
1.959999999999999937e-04,1.400000000000000133e-01
1.970000000000000180e-04,1.400000000000000133e-01
1.980000000000000423e-04,1.199999999999999956e-01
1.989999999999999582e-04,1.400000000000000133e-01
1.999999999999999825e-04,1.400000000000000133e-01
2.010000000000000068e-04,1.400000000000000133e-01
2.020000000000000311e-04,1.400000000000000133e-01
2.030000000000000554e-04,1.400000000000000133e-01
2.039999999999999713e-04,1.600000000000000033e-01
2.050000000000001040e-04,1.600000000000000033e-01
2.060000000000000199e-04,1.199999999999999956e-01
2.069999999999999358e-04,1.199999999999999956e-01
2.080000000000000685e-04,1.199999999999999956e-01
2.089999999999999844e-04,1.400000000000000133e-01
2.099999999999999003e-04,1.799999999999999933e-01
2.110000000000000330e-04,1.600000000000000033e-01
2.119999999999999489e-04,1.400000000000000133e-01
2.130000000000000816e-04,1.199999999999999956e-01
2.139999999999999975e-04,1.199999999999999956e-01
2.149999999999999134e-04,1.199999999999999956e-01
2.160000000000000461e-04,1.400000000000000133e-01
2.169999999999999620e-04,1.600000000000000033e-01
2.180000000000000947e-04,1.400000000000000133e-01
2.190000000000000106e-04,1.199999999999999956e-01
2.199999999999999265e-04,1.400000000000000133e-01
2.210000000000000592e-04,1.400000000000000133e-01
2.219999999999999751e-04,1.400000000000000133e-01
2.230000000000001079e-04,1.199999999999999956e-01
2.240000000000000237e-04,1.199999999999999956e-01
2.249999999999999396e-04,1.400000000000000133e-01
2.260000000000000724e-04,1.600000000000000033e-01
2.269999999999999882e-04,1.400000000000000133e-01
2.279999999999999041e-04,1.400000000000000133e-01
2.290000000000000369e-04,1.000000000000000056e-01
2.299999999999999527e-04,1.199999999999999956e-01
2.310000000000000855e-04,1.199999999999999956e-01
2.320000000000000014e-04,1.600000000000000033e-01
2.329999999999999172e-04,1.600000000000000033e-01
2.340000000000000500e-04,1.199999999999999956e-01
2.349999999999999659e-04,1.199999999999999956e-01
2.360000000000000986e-04,1.199999999999999956e-01
2.370000000000000145e-04,1.199999999999999956e-01
2.379999999999999304e-04,1.400000000000000133e-01
2.390000000000000631e-04,1.400000000000000133e-01
2.399999999999999790e-04,1.199999999999999956e-01
2.410000000000001117e-04,1.400000000000000133e-01
2.420000000000000276e-04,1.400000000000000133e-01
2.429999999999999435e-04,1.400000000000000133e-01
2.440000000000000762e-04,1.199999999999999956e-01
2.449999999999999921e-04,1.199999999999999956e-01
2.459999999999999080e-04,1.199999999999999956e-01
2.470000000000000407e-04,1.400000000000000133e-01
2.479999999999999566e-04,1.600000000000000033e-01
2.490000000000000893e-04,1.600000000000000033e-01
2.500000000000000052e-04,1.400000000000000133e-01
2.509999999999999211e-04,1.400000000000000133e-01
2.520000000000000538e-04,1.199999999999999956e-01
2.529999999999999697e-04,1.199999999999999956e-01
2.540000000000001024e-04,1.400000000000000133e-01
2.550000000000000183e-04,1.600000000000000033e-01
2.559999999999999342e-04,1.400000000000000133e-01
2.570000000000000669e-04,1.199999999999999956e-01
2.579999999999999828e-04,1.199999999999999956e-01
2.589999999999998987e-04,1.199999999999999956e-01
2.600000000000000314e-04,1.400000000000000133e-01
2.609999999999999473e-04,1.400000000000000133e-01
2.620000000000000800e-04,1.400000000000000133e-01
2.629999999999999959e-04,1.199999999999999956e-01
2.639999999999999118e-04,1.400000000000000133e-01
2.650000000000000445e-04,1.400000000000000133e-01
2.659999999999999604e-04,1.400000000000000133e-01
2.670000000000000932e-04,1.400000000000000133e-01
2.680000000000000090e-04,1.400000000000000133e-01
2.689999999999999249e-04,1.199999999999999956e-01
2.700000000000000577e-04,1.400000000000000133e-01
2.709999999999999735e-04,1.400000000000000133e-01
2.720000000000001063e-04,1.400000000000000133e-01
2.730000000000000222e-04,1.199999999999999956e-01
2.739999999999999380e-04,1.199999999999999956e-01
2.750000000000000708e-04,1.199999999999999956e-01
2.759999999999999867e-04,1.199999999999999956e-01
2.769999999999999026e-04,1.600000000000000033e-01
2.780000000000000353e-04,1.400000000000000133e-01
2.789999999999999512e-04,1.199999999999999956e-01
2.800000000000000839e-04,1.199999999999999956e-01
2.809999999999999998e-04,1.199999999999999956e-01
2.819999999999999157e-04,1.199999999999999956e-01
2.830000000000000484e-04,1.600000000000000033e-01
2.839999999999999643e-04,1.400000000000000133e-01
2.850000000000000970e-04,1.400000000000000133e-01
2.860000000000000129e-04,1.199999999999999956e-01
2.869999999999999288e-04,1.199999999999999956e-01
2.880000000000000615e-04,1.199999999999999956e-01
2.889999999999999774e-04,1.199999999999999956e-01
2.900000000000001101e-04,1.199999999999999956e-01
2.910000000000000260e-04,1.199999999999999956e-01
2.919999999999999419e-04,1.400000000000000133e-01
2.930000000000000746e-04,1.400000000000000133e-01
2.939999999999999905e-04,1.400000000000000133e-01
2.949999999999999064e-04,1.199999999999999956e-01
2.960000000000000391e-04,1.199999999999999956e-01
2.969999999999999550e-04,1.199999999999999956e-01
2.980000000000000877e-04,1.400000000000000133e-01
2.990000000000000036e-04,1.400000000000000133e-01
2.999999999999999195e-04,1.400000000000000133e-01
3.010000000000000522e-04,1.199999999999999956e-01
3.019999999999999681e-04,1.199999999999999956e-01
3.030000000000001008e-04,1.199999999999999956e-01
3.040000000000000167e-04,1.400000000000000133e-01
3.049999999999999326e-04,1.600000000000000033e-01
3.060000000000000654e-04,1.400000000000000133e-01
3.069999999999999812e-04,1.199999999999999956e-01
3.079999999999998971e-04,1.199999999999999956e-01
3.090000000000000299e-04,1.199999999999999956e-01
3.099999999999999457e-04,1.400000000000000133e-01
3.110000000000000785e-04,1.600000000000000033e-01
3.119999999999999944e-04,1.600000000000000033e-01
3.129999999999999102e-04,1.400000000000000133e-01
3.140000000000000430e-04,1.199999999999999956e-01
3.149999999999999589e-04,1.199999999999999956e-01
3.160000000000000916e-04,1.400000000000000133e-01
3.170000000000000075e-04,1.400000000000000133e-01
3.179999999999999234e-04,1.400000000000000133e-01
3.190000000000000561e-04,1.400000000000000133e-01
3.199999999999999720e-04,1.199999999999999956e-01
3.210000000000001047e-04,1.199999999999999956e-01
3.220000000000000206e-04,1.400000000000000133e-01
3.229999999999999365e-04,1.400000000000000133e-01
3.240000000000000692e-04,1.400000000000000133e-01
3.249999999999999851e-04,1.199999999999999956e-01
3.259999999999999010e-04,1.400000000000000133e-01
3.270000000000000337e-04,1.400000000000000133e-01
3.279999999999999496e-04,1.600000000000000033e-01
3.290000000000000823e-04,1.400000000000000133e-01
3.299999999999999982e-04,1.199999999999999956e-01
3.309999999999999141e-04,1.199999999999999956e-01
3.320000000000000468e-04,1.400000000000000133e-01
3.329999999999999627e-04,1.400000000000000133e-01
3.340000000000000954e-04,1.600000000000000033e-01
3.350000000000000113e-04,1.400000000000000133e-01
3.359999999999999272e-04,1.400000000000000133e-01
3.370000000000000599e-04,1.199999999999999956e-01
3.379999999999999758e-04,1.400000000000000133e-01
3.390000000000001085e-04,1.400000000000000133e-01
3.400000000000000244e-04,1.400000000000000133e-01
3.409999999999999403e-04,1.400000000000000133e-01
3.420000000000000730e-04,1.400000000000000133e-01
3.429999999999999889e-04,1.000000000000000056e-01
3.439999999999999048e-04,1.400000000000000133e-01
3.450000000000000375e-04,1.400000000000000133e-01
3.459999999999999534e-04,1.400000000000000133e-01
3.470000000000000862e-04,1.400000000000000133e-01
3.480000000000000020e-04,1.199999999999999956e-01
3.489999999999999179e-04,1.199999999999999956e-01
3.500000000000000507e-04,1.199999999999999956e-01
3.509999999999999665e-04,1.400000000000000133e-01
3.520000000000000993e-04,1.400000000000000133e-01
3.530000000000000152e-04,1.199999999999999956e-01
3.539999999999999310e-04,1.400000000000000133e-01
3.550000000000000638e-04,1.199999999999999956e-01
3.559999999999999797e-04,1.199999999999999956e-01
3.569999999999998955e-04,1.400000000000000133e-01
3.580000000000000283e-04,1.199999999999999956e-01
3.589999999999999442e-04,1.400000000000000133e-01
3.600000000000000769e-04,1.400000000000000133e-01
3.609999999999999928e-04,1.199999999999999956e-01
3.619999999999999087e-04,1.400000000000000133e-01
3.630000000000000414e-04,1.400000000000000133e-01
3.639999999999999573e-04,1.400000000000000133e-01
3.650000000000000900e-04,1.199999999999999956e-01
3.660000000000000059e-04,1.400000000000000133e-01
3.669999999999999218e-04,1.199999999999999956e-01
3.680000000000000545e-04,1.400000000000000133e-01
3.689999999999999704e-04,1.400000000000000133e-01
3.700000000000001031e-04,1.199999999999999956e-01
3.710000000000000190e-04,1.199999999999999956e-01
3.719999999999999349e-04,1.199999999999999956e-01
3.730000000000000676e-04,1.400000000000000133e-01
3.739999999999999835e-04,1.600000000000000033e-01
3.749999999999998994e-04,1.400000000000000133e-01
3.760000000000000321e-04,1.400000000000000133e-01
3.769999999999999480e-04,1.400000000000000133e-01
3.780000000000000807e-04,1.400000000000000133e-01
3.789999999999999966e-04,1.400000000000000133e-01
3.799999999999999125e-04,1.400000000000000133e-01
3.810000000000000452e-04,1.199999999999999956e-01
3.819999999999999611e-04,1.400000000000000133e-01
3.830000000000000938e-04,1.199999999999999956e-01
3.840000000000000097e-04,1.199999999999999956e-01
3.849999999999999256e-04,1.600000000000000033e-01
3.860000000000000583e-04,1.400000000000000133e-01
3.869999999999999742e-04,1.400000000000000133e-01
3.880000000000001070e-04,1.400000000000000133e-01
3.890000000000000228e-04,1.199999999999999956e-01
3.899999999999999387e-04,1.199999999999999956e-01
3.910000000000000715e-04,1.400000000000000133e-01
3.919999999999999873e-04,1.400000000000000133e-01
3.929999999999999032e-04,1.400000000000000133e-01
3.940000000000000360e-04,1.400000000000000133e-01
3.949999999999999518e-04,1.199999999999999956e-01
3.960000000000000846e-04,1.400000000000000133e-01
3.970000000000000005e-04,1.400000000000000133e-01
3.979999999999999163e-04,1.400000000000000133e-01
3.990000000000000491e-04,1.199999999999999956e-01
3.999999999999999650e-04,1.199999999999999956e-01
4.010000000000000977e-04,1.199999999999999956e-01
4.020000000000000136e-04,1.400000000000000133e-01
4.029999999999999295e-04,1.600000000000000033e-01
4.040000000000000622e-04,1.400000000000000133e-01
4.049999999999999781e-04,1.400000000000000133e-01
4.059999999999998940e-04,1.199999999999999956e-01
4.070000000000000267e-04,1.199999999999999956e-01
4.079999999999999426e-04,1.400000000000000133e-01
4.090000000000000753e-04,1.199999999999999956e-01
4.099999999999999912e-04,1.199999999999999956e-01
4.109999999999999071e-04,1.199999999999999956e-01
4.120000000000000398e-04,1.400000000000000133e-01
4.129999999999999557e-04,1.400000000000000133e-01
4.140000000000000884e-04,1.199999999999999956e-01
4.150000000000000043e-04,1.199999999999999956e-01
4.159999999999999202e-04,1.400000000000000133e-01
4.170000000000000529e-04,1.199999999999999956e-01
4.179999999999999688e-04,1.400000000000000133e-01
4.190000000000001015e-04,1.400000000000000133e-01
4.200000000000000174e-04,1.400000000000000133e-01
4.209999999999999333e-04,1.400000000000000133e-01
4.220000000000000660e-04,1.600000000000000033e-01
4.229999999999999819e-04,1.199999999999999956e-01
4.239999999999998978e-04,1.400000000000000133e-01
4.250000000000000305e-04,1.400000000000000133e-01
4.259999999999999464e-04,1.400000000000000133e-01
4.270000000000000791e-04,1.199999999999999956e-01
4.279999999999999950e-04,1.400000000000000133e-01
4.289999999999999109e-04,1.400000000000000133e-01
4.300000000000000436e-04,1.400000000000000133e-01
4.309999999999999595e-04,1.600000000000000033e-01
4.320000000000000923e-04,1.400000000000000133e-01
4.330000000000000081e-04,1.400000000000000133e-01
4.339999999999999240e-04,1.400000000000000133e-01
4.350000000000000568e-04,1.400000000000000133e-01
4.359999999999999726e-04,1.199999999999999956e-01
4.369999999999998885e-04,1.600000000000000033e-01
4.380000000000000213e-04,1.400000000000000133e-01
4.389999999999999371e-04,1.400000000000000133e-01
4.400000000000000699e-04,1.400000000000000133e-01
4.409999999999999858e-04,1.400000000000000133e-01
4.419999999999999016e-04,1.199999999999999956e-01
4.430000000000000344e-04,1.400000000000000133e-01
4.439999999999999503e-04,1.400000000000000133e-01
4.450000000000000830e-04,1.400000000000000133e-01
4.459999999999999989e-04,1.199999999999999956e-01
4.469999999999999148e-04,1.199999999999999956e-01
4.480000000000000475e-04,1.199999999999999956e-01
4.489999999999999634e-04,1.199999999999999956e-01
4.500000000000000961e-04,1.400000000000000133e-01
4.510000000000000120e-04,1.400000000000000133e-01
4.519999999999999279e-04,1.400000000000000133e-01
4.530000000000000606e-04,1.199999999999999956e-01
4.539999999999999765e-04,1.199999999999999956e-01
4.549999999999998924e-04,1.199999999999999956e-01
4.560000000000000251e-04,1.199999999999999956e-01
4.569999999999999410e-04,1.199999999999999956e-01
4.580000000000000737e-04,1.400000000000000133e-01
4.589999999999999896e-04,1.199999999999999956e-01
4.599999999999999055e-04,1.400000000000000133e-01
4.610000000000000382e-04,1.400000000000000133e-01
4.619999999999999541e-04,1.400000000000000133e-01
4.630000000000000868e-04,1.199999999999999956e-01
4.640000000000000027e-04,1.400000000000000133e-01
4.649999999999999186e-04,1.400000000000000133e-01
4.660000000000000513e-04,1.199999999999999956e-01
4.669999999999999672e-04,1.400000000000000133e-01
4.680000000000000999e-04,1.400000000000000133e-01
4.690000000000000158e-04,1.199999999999999956e-01
4.699999999999999317e-04,1.400000000000000133e-01
4.710000000000000644e-04,1.400000000000000133e-01
4.719999999999999803e-04,1.199999999999999956e-01
4.729999999999998962e-04,1.199999999999999956e-01
4.740000000000000289e-04,1.400000000000000133e-01
4.749999999999999448e-04,1.400000000000000133e-01
4.760000000000000776e-04,1.400000000000000133e-01
4.769999999999999934e-04,1.400000000000000133e-01
4.779999999999999093e-04,1.199999999999999956e-01
4.790000000000000421e-04,1.199999999999999956e-01
4.799999999999999580e-04,1.199999999999999956e-01
4.810000000000000907e-04,1.199999999999999956e-01
4.820000000000000066e-04,1.400000000000000133e-01
4.829999999999999225e-04,1.400000000000000133e-01
4.840000000000000552e-04,1.400000000000000133e-01
4.849999999999999711e-04,1.400000000000000133e-01
4.859999999999998870e-04,1.199999999999999956e-01
4.870000000000000197e-04,1.199999999999999956e-01
4.879999999999999356e-04,1.400000000000000133e-01
4.890000000000000683e-04,1.199999999999999956e-01
4.899999999999999842e-04,1.199999999999999956e-01
4.909999999999999001e-04,1.400000000000000133e-01
4.920000000000000328e-04,1.199999999999999956e-01
4.929999999999999487e-04,1.199999999999999956e-01
4.940000000000000814e-04,1.199999999999999956e-01
4.949999999999999973e-04,1.400000000000000133e-01
4.959999999999999132e-04,1.400000000000000133e-01
4.970000000000000459e-04,1.400000000000000133e-01
4.979999999999999618e-04,1.400000000000000133e-01
4.990000000000000945e-04,1.400000000000000133e-01
5.000000000000000104e-04,1.199999999999999956e-01
5.009999999999999263e-04,1.400000000000000133e-01
5.020000000000000590e-04,1.400000000000000133e-01
5.029999999999999749e-04,1.400000000000000133e-01
5.039999999999998908e-04,1.199999999999999956e-01
5.050000000000000235e-04,1.600000000000000033e-01
5.059999999999999394e-04,1.400000000000000133e-01
5.070000000000000721e-04,1.400000000000000133e-01
5.079999999999999880e-04,1.199999999999999956e-01
5.089999999999999039e-04,1.400000000000000133e-01
5.100000000000000366e-04,1.199999999999999956e-01
5.109999999999999525e-04,1.199999999999999956e-01
5.120000000000000853e-04,1.199999999999999956e-01
5.130000000000000011e-04,1.400000000000000133e-01
5.139999999999999170e-04,1.400000000000000133e-01
5.150000000000000498e-04,1.199999999999999956e-01
5.159999999999999656e-04,1.400000000000000133e-01
5.170000000000000984e-04,1.199999999999999956e-01
5.180000000000000143e-04,1.400000000000000133e-01
5.189999999999999301e-04,1.199999999999999956e-01
5.200000000000000629e-04,1.400000000000000133e-01
5.209999999999999788e-04,1.400000000000000133e-01
5.219999999999998946e-04,1.600000000000000033e-01
5.230000000000000274e-04,1.400000000000000133e-01
5.239999999999999433e-04,1.199999999999999956e-01
5.250000000000000760e-04,1.400000000000000133e-01
5.259999999999999919e-04,1.400000000000000133e-01
5.269999999999999078e-04,1.400000000000000133e-01
5.280000000000000405e-04,1.199999999999999956e-01
5.289999999999999564e-04,1.400000000000000133e-01
5.300000000000000891e-04,1.400000000000000133e-01
5.310000000000000050e-04,1.400000000000000133e-01
5.319999999999999209e-04,1.400000000000000133e-01
5.330000000000000536e-04,1.199999999999999956e-01
5.339999999999999695e-04,1.400000000000000133e-01
5.349999999999998854e-04,1.400000000000000133e-01
5.360000000000000181e-04,1.400000000000000133e-01
5.369999999999999340e-04,1.199999999999999956e-01
5.380000000000000667e-04,1.400000000000000133e-01
5.389999999999999826e-04,1.400000000000000133e-01
5.399999999999998985e-04,1.199999999999999956e-01
5.410000000000000312e-04,1.400000000000000133e-01
5.419999999999999471e-04,1.400000000000000133e-01
5.430000000000000798e-04,1.400000000000000133e-01
5.439999999999999957e-04,1.400000000000000133e-01
5.449999999999999116e-04,1.199999999999999956e-01
5.460000000000000443e-04,1.400000000000000133e-01
5.469999999999999602e-04,1.199999999999999956e-01
5.480000000000000929e-04,1.400000000000000133e-01
5.490000000000000088e-04,1.400000000000000133e-01
5.499999999999999247e-04,1.400000000000000133e-01
5.510000000000000574e-04,1.400000000000000133e-01
5.519999999999999733e-04,1.400000000000000133e-01
5.529999999999998892e-04,1.400000000000000133e-01
5.540000000000000219e-04,1.199999999999999956e-01
5.549999999999999378e-04,1.199999999999999956e-01
5.560000000000000706e-04,1.400000000000000133e-01
5.569999999999999864e-04,1.199999999999999956e-01
5.579999999999999023e-04,1.400000000000000133e-01
5.590000000000000351e-04,1.400000000000000133e-01
5.599999999999999509e-04,1.400000000000000133e-01
5.610000000000000837e-04,1.199999999999999956e-01
5.619999999999999996e-04,1.400000000000000133e-01
5.629999999999999154e-04,1.400000000000000133e-01
5.640000000000000482e-04,1.400000000000000133e-01
5.649999999999999641e-04,1.400000000000000133e-01
5.660000000000000968e-04,1.199999999999999956e-01
5.670000000000000127e-04,1.400000000000000133e-01
5.679999999999999286e-04,1.199999999999999956e-01
5.690000000000000613e-04,1.400000000000000133e-01
5.699999999999999772e-04,1.199999999999999956e-01
5.709999999999998931e-04,1.400000000000000133e-01
5.720000000000000258e-04,1.600000000000000033e-01
5.729999999999999417e-04,1.199999999999999956e-01
5.740000000000000744e-04,1.199999999999999956e-01
5.749999999999999903e-04,1.400000000000000133e-01
5.759999999999999062e-04,1.400000000000000133e-01
5.770000000000000389e-04,1.400000000000000133e-01
5.779999999999999548e-04,1.199999999999999956e-01
5.790000000000000875e-04,1.400000000000000133e-01
5.800000000000000034e-04,1.199999999999999956e-01
5.809999999999999193e-04,1.400000000000000133e-01
5.820000000000000520e-04,1.400000000000000133e-01
5.829999999999999679e-04,1.199999999999999956e-01
5.839999999999998838e-04,1.199999999999999956e-01
5.850000000000000165e-04,1.400000000000000133e-01
5.859999999999999324e-04,1.400000000000000133e-01
5.870000000000000651e-04,1.400000000000000133e-01
5.879999999999999810e-04,1.400000000000000133e-01
5.889999999999998969e-04,1.199999999999999956e-01
5.900000000000000296e-04,1.400000000000000133e-01
5.909999999999999455e-04,1.199999999999999956e-01
5.920000000000000782e-04,1.400000000000000133e-01
5.929999999999999941e-04,1.400000000000000133e-01
5.939999999999999100e-04,1.400000000000000133e-01
5.950000000000000427e-04,1.199999999999999956e-01
5.959999999999999586e-04,1.199999999999999956e-01
5.970000000000000914e-04,1.400000000000000133e-01
5.980000000000000072e-04,1.400000000000000133e-01
5.989999999999999231e-04,1.400000000000000133e-01
6.000000000000000559e-04,1.400000000000000133e-01
6.009999999999999717e-04,1.400000000000000133e-01
6.019999999999998876e-04,1.400000000000000133e-01
6.030000000000000204e-04,1.199999999999999956e-01
6.039999999999999362e-04,1.400000000000000133e-01
6.050000000000000690e-04,1.400000000000000133e-01
6.059999999999999849e-04,1.400000000000000133e-01
6.069999999999999007e-04,1.400000000000000133e-01
6.080000000000000335e-04,1.400000000000000133e-01
6.089999999999999494e-04,1.199999999999999956e-01
6.100000000000000821e-04,1.199999999999999956e-01
6.109999999999999980e-04,1.400000000000000133e-01
6.119999999999999139e-04,1.400000000000000133e-01
6.130000000000000466e-04,1.199999999999999956e-01
6.139999999999999625e-04,1.199999999999999956e-01
6.150000000000000952e-04,1.199999999999999956e-01
6.160000000000000111e-04,1.199999999999999956e-01
6.169999999999999270e-04,1.199999999999999956e-01
6.180000000000000597e-04,1.400000000000000133e-01
6.189999999999999756e-04,1.199999999999999956e-01
6.199999999999998915e-04,1.400000000000000133e-01
6.210000000000000242e-04,1.199999999999999956e-01
6.219999999999999401e-04,1.199999999999999956e-01
6.230000000000000728e-04,1.400000000000000133e-01
6.239999999999999887e-04,1.199999999999999956e-01
6.249999999999999046e-04,1.400000000000000133e-01
6.260000000000000373e-04,1.400000000000000133e-01
6.269999999999999532e-04,1.400000000000000133e-01
6.280000000000000859e-04,1.400000000000000133e-01
6.290000000000000018e-04,1.199999999999999956e-01
6.299999999999999177e-04,1.400000000000000133e-01
6.310000000000000504e-04,1.400000000000000133e-01
6.319999999999999663e-04,1.199999999999999956e-01
6.329999999999998822e-04,1.199999999999999956e-01
6.340000000000000149e-04,1.400000000000000133e-01
6.349999999999999308e-04,1.199999999999999956e-01
6.360000000000000635e-04,1.199999999999999956e-01
6.369999999999999794e-04,1.400000000000000133e-01
6.379999999999998953e-04,1.199999999999999956e-01
6.390000000000000280e-04,1.400000000000000133e-01
6.399999999999999439e-04,1.400000000000000133e-01
6.410000000000000767e-04,1.199999999999999956e-01
6.419999999999999925e-04,1.199999999999999956e-01
6.429999999999999084e-04,1.199999999999999956e-01
6.440000000000000412e-04,1.400000000000000133e-01
6.449999999999999570e-04,1.400000000000000133e-01
6.460000000000000898e-04,1.400000000000000133e-01
6.470000000000000057e-04,1.199999999999999956e-01
6.479999999999999215e-04,1.199999999999999956e-01
6.490000000000000543e-04,1.199999999999999956e-01
6.499999999999999702e-04,1.199999999999999956e-01
6.509999999999998860e-04,1.199999999999999956e-01
6.520000000000000188e-04,1.600000000000000033e-01
6.529999999999999347e-04,1.400000000000000133e-01
6.540000000000000674e-04,1.400000000000000133e-01
6.549999999999999833e-04,1.400000000000000133e-01
6.559999999999998992e-04,1.400000000000000133e-01
6.570000000000000319e-04,1.400000000000000133e-01
6.579999999999999478e-04,1.199999999999999956e-01
6.590000000000000805e-04,1.400000000000000133e-01
6.599999999999999964e-04,1.400000000000000133e-01
6.609999999999999123e-04,1.400000000000000133e-01
6.620000000000000450e-04,1.400000000000000133e-01
6.629999999999999609e-04,1.400000000000000133e-01
6.640000000000000936e-04,1.199999999999999956e-01
6.650000000000000095e-04,1.400000000000000133e-01
6.659999999999999254e-04,1.400000000000000133e-01
6.670000000000000581e-04,1.199999999999999956e-01
6.679999999999999740e-04,1.199999999999999956e-01
6.689999999999998899e-04,1.199999999999999956e-01
6.700000000000000226e-04,1.600000000000000033e-01
6.709999999999999385e-04,1.400000000000000133e-01
6.720000000000000712e-04,1.199999999999999956e-01
6.729999999999999871e-04,1.400000000000000133e-01
6.739999999999999030e-04,1.400000000000000133e-01
6.750000000000000357e-04,1.199999999999999956e-01
6.759999999999999516e-04,1.400000000000000133e-01
6.770000000000000843e-04,1.400000000000000133e-01
6.780000000000000002e-04,1.199999999999999956e-01
6.789999999999999161e-04,1.199999999999999956e-01
6.800000000000000488e-04,1.199999999999999956e-01
6.809999999999999647e-04,1.400000000000000133e-01
6.819999999999998806e-04,1.199999999999999956e-01
6.830000000000000134e-04,1.400000000000000133e-01
6.839999999999999292e-04,1.199999999999999956e-01
6.850000000000000620e-04,1.199999999999999956e-01
6.859999999999999779e-04,1.199999999999999956e-01
6.869999999999998937e-04,1.199999999999999956e-01
6.880000000000000265e-04,1.400000000000000133e-01
6.889999999999999424e-04,1.199999999999999956e-01
6.900000000000000751e-04,1.199999999999999956e-01
6.909999999999999910e-04,1.199999999999999956e-01
6.919999999999999069e-04,1.400000000000000133e-01
6.930000000000000396e-04,1.199999999999999956e-01
6.939999999999999555e-04,1.400000000000000133e-01
6.950000000000000882e-04,1.400000000000000133e-01
6.960000000000000041e-04,1.199999999999999956e-01
6.969999999999999200e-04,1.199999999999999956e-01
6.980000000000000527e-04,1.199999999999999956e-01
6.989999999999999686e-04,1.400000000000000133e-01
6.999999999999998845e-04,1.400000000000000133e-01
7.010000000000000172e-04,1.400000000000000133e-01
7.019999999999999331e-04,1.400000000000000133e-01
7.030000000000000658e-04,1.199999999999999956e-01
7.039999999999999817e-04,1.199999999999999956e-01
7.049999999999998976e-04,1.400000000000000133e-01
7.060000000000000303e-04,1.199999999999999956e-01
7.069999999999999462e-04,1.400000000000000133e-01
7.080000000000000789e-04,1.400000000000000133e-01
7.089999999999999948e-04,1.199999999999999956e-01
7.099999999999999107e-04,1.400000000000000133e-01
7.110000000000000434e-04,1.400000000000000133e-01
7.119999999999999593e-04,1.400000000000000133e-01
7.130000000000000920e-04,1.400000000000000133e-01
7.140000000000000079e-04,1.400000000000000133e-01
7.149999999999999238e-04,1.400000000000000133e-01
7.160000000000000565e-04,1.199999999999999956e-01
7.169999999999999724e-04,1.199999999999999956e-01
7.179999999999998883e-04,1.400000000000000133e-01
7.190000000000000210e-04,1.400000000000000133e-01
7.199999999999999369e-04,1.400000000000000133e-01
7.210000000000000697e-04,1.400000000000000133e-01
7.219999999999999855e-04,1.199999999999999956e-01
7.229999999999999014e-04,1.400000000000000133e-01
7.240000000000000342e-04,1.199999999999999956e-01
7.249999999999999500e-04,1.400000000000000133e-01
7.260000000000000828e-04,1.400000000000000133e-01
7.269999999999999987e-04,1.400000000000000133e-01
7.279999999999999145e-04,1.199999999999999956e-01
7.290000000000000473e-04,1.199999999999999956e-01
7.299999999999999632e-04,1.400000000000000133e-01
7.309999999999998790e-04,1.600000000000000033e-01
7.320000000000000118e-04,1.199999999999999956e-01
7.329999999999999277e-04,1.199999999999999956e-01
7.340000000000000604e-04,1.400000000000000133e-01
7.349999999999999763e-04,1.199999999999999956e-01
7.359999999999998922e-04,1.400000000000000133e-01
7.370000000000000249e-04,1.199999999999999956e-01
7.379999999999999408e-04,1.400000000000000133e-01
7.390000000000000735e-04,1.400000000000000133e-01
7.399999999999999894e-04,1.400000000000000133e-01
7.409999999999999053e-04,1.400000000000000133e-01
7.420000000000000380e-04,1.400000000000000133e-01
7.429999999999999539e-04,1.400000000000000133e-01
7.440000000000000866e-04,1.199999999999999956e-01
7.450000000000000025e-04,1.400000000000000133e-01
7.459999999999999184e-04,1.400000000000000133e-01
7.470000000000000511e-04,1.199999999999999956e-01
7.479999999999999670e-04,1.400000000000000133e-01
7.489999999999998829e-04,1.400000000000000133e-01
7.500000000000000156e-04,1.199999999999999956e-01
7.509999999999999315e-04,1.199999999999999956e-01
7.520000000000000642e-04,1.400000000000000133e-01
7.529999999999999801e-04,1.400000000000000133e-01
7.539999999999998960e-04,1.400000000000000133e-01
7.550000000000000287e-04,1.400000000000000133e-01
7.559999999999999446e-04,1.199999999999999956e-01
7.570000000000000773e-04,1.400000000000000133e-01
7.579999999999999932e-04,1.199999999999999956e-01
7.589999999999999091e-04,1.400000000000000133e-01
7.600000000000000418e-04,1.199999999999999956e-01
7.609999999999999577e-04,1.400000000000000133e-01
7.620000000000000905e-04,1.199999999999999956e-01
7.630000000000000063e-04,1.199999999999999956e-01
7.639999999999999222e-04,1.400000000000000133e-01
7.650000000000000550e-04,1.400000000000000133e-01
7.659999999999999708e-04,1.400000000000000133e-01
7.669999999999998867e-04,1.199999999999999956e-01
7.680000000000000195e-04,1.400000000000000133e-01
7.689999999999999353e-04,1.199999999999999956e-01
7.700000000000000681e-04,1.400000000000000133e-01
7.709999999999999840e-04,1.400000000000000133e-01
7.719999999999998998e-04,1.199999999999999956e-01
7.730000000000000326e-04,1.400000000000000133e-01
7.739999999999999485e-04,1.400000000000000133e-01
7.750000000000000812e-04,1.199999999999999956e-01
7.759999999999999971e-04,1.400000000000000133e-01
7.769999999999999130e-04,1.400000000000000133e-01
7.780000000000000457e-04,1.400000000000000133e-01
7.789999999999999616e-04,1.400000000000000133e-01
7.799999999999998775e-04,1.400000000000000133e-01
7.810000000000000102e-04,1.400000000000000133e-01
7.819999999999999261e-04,1.400000000000000133e-01
7.830000000000000588e-04,1.400000000000000133e-01
7.839999999999999747e-04,1.400000000000000133e-01
7.849999999999998906e-04,1.199999999999999956e-01
7.860000000000000233e-04,1.400000000000000133e-01
7.869999999999999392e-04,1.400000000000000133e-01
7.880000000000000719e-04,1.400000000000000133e-01
7.889999999999999878e-04,1.400000000000000133e-01
7.899999999999999037e-04,1.400000000000000133e-01
7.910000000000000364e-04,1.199999999999999956e-01
7.919999999999999523e-04,1.199999999999999956e-01
7.930000000000000850e-04,1.400000000000000133e-01
7.940000000000000009e-04,1.199999999999999956e-01
7.949999999999999168e-04,1.400000000000000133e-01
7.960000000000000495e-04,1.199999999999999956e-01
7.969999999999999654e-04,1.400000000000000133e-01
7.979999999999998813e-04,1.199999999999999956e-01
7.990000000000000140e-04,1.400000000000000133e-01
7.999999999999999299e-04,1.400000000000000133e-01
8.010000000000000626e-04,1.400000000000000133e-01
8.019999999999999785e-04,1.400000000000000133e-01
8.029999999999998944e-04,1.199999999999999956e-01
8.040000000000000271e-04,1.199999999999999956e-01
8.049999999999999430e-04,1.199999999999999956e-01
8.060000000000000758e-04,1.199999999999999956e-01
8.069999999999999916e-04,1.400000000000000133e-01
8.079999999999999075e-04,1.400000000000000133e-01
8.090000000000000403e-04,1.400000000000000133e-01
8.099999999999999561e-04,1.400000000000000133e-01
8.109999999999998720e-04,1.400000000000000133e-01
8.120000000000000048e-04,1.199999999999999956e-01
8.129999999999999206e-04,1.400000000000000133e-01
8.140000000000000534e-04,1.400000000000000133e-01
8.149999999999999693e-04,1.199999999999999956e-01
8.159999999999998851e-04,1.400000000000000133e-01
8.170000000000000179e-04,1.400000000000000133e-01
8.179999999999999338e-04,1.199999999999999956e-01
8.190000000000000665e-04,1.400000000000000133e-01
8.199999999999999824e-04,1.400000000000000133e-01
8.209999999999998983e-04,1.400000000000000133e-01
8.220000000000000310e-04,1.400000000000000133e-01
8.229999999999999469e-04,1.400000000000000133e-01
8.240000000000000796e-04,1.600000000000000033e-01
8.249999999999999955e-04,1.199999999999999956e-01
8.259999999999999114e-04,1.400000000000000133e-01
8.270000000000000441e-04,1.400000000000000133e-01
8.279999999999999600e-04,1.199999999999999956e-01
8.289999999999998759e-04,1.400000000000000133e-01
8.300000000000000086e-04,1.199999999999999956e-01
8.309999999999999245e-04,1.400000000000000133e-01
8.320000000000000572e-04,1.400000000000000133e-01
8.329999999999999731e-04,1.400000000000000133e-01
8.339999999999998890e-04,1.199999999999999956e-01
8.350000000000000217e-04,1.199999999999999956e-01
8.359999999999999376e-04,1.400000000000000133e-01
8.370000000000000703e-04,1.400000000000000133e-01
8.379999999999999862e-04,1.199999999999999956e-01
8.389999999999999021e-04,1.199999999999999956e-01
8.400000000000000348e-04,1.400000000000000133e-01
8.409999999999999507e-04,1.199999999999999956e-01
8.420000000000000834e-04,1.400000000000000133e-01
8.429999999999999993e-04,1.199999999999999956e-01
8.439999999999999152e-04,1.400000000000000133e-01
8.450000000000000479e-04,1.400000000000000133e-01
8.459999999999999638e-04,1.400000000000000133e-01
8.469999999999998797e-04,1.199999999999999956e-01
8.480000000000000124e-04,1.199999999999999956e-01
8.489999999999999283e-04,1.199999999999999956e-01
8.500000000000000611e-04,1.400000000000000133e-01
8.509999999999999769e-04,1.400000000000000133e-01
8.519999999999998928e-04,1.199999999999999956e-01
8.530000000000000256e-04,1.400000000000000133e-01
8.539999999999999414e-04,1.400000000000000133e-01
8.550000000000000742e-04,1.400000000000000133e-01
8.559999999999999901e-04,1.400000000000000133e-01
8.569999999999999060e-04,1.400000000000000133e-01
8.580000000000000387e-04,1.199999999999999956e-01
8.589999999999999546e-04,1.400000000000000133e-01
8.599999999999998705e-04,1.400000000000000133e-01
8.610000000000000032e-04,1.400000000000000133e-01
8.619999999999999191e-04,1.400000000000000133e-01
8.630000000000000518e-04,1.400000000000000133e-01
8.639999999999999677e-04,1.400000000000000133e-01
8.649999999999998836e-04,1.199999999999999956e-01
8.660000000000000163e-04,1.400000000000000133e-01
8.669999999999999322e-04,1.199999999999999956e-01
8.680000000000000649e-04,1.199999999999999956e-01
8.689999999999999808e-04,1.199999999999999956e-01
8.699999999999998967e-04,1.600000000000000033e-01
8.710000000000000294e-04,1.400000000000000133e-01
8.719999999999999453e-04,1.199999999999999956e-01
8.730000000000000780e-04,1.199999999999999956e-01
8.739999999999999939e-04,1.400000000000000133e-01
8.749999999999999098e-04,1.199999999999999956e-01
8.760000000000000425e-04,1.400000000000000133e-01
8.769999999999999584e-04,1.400000000000000133e-01
8.779999999999998743e-04,1.400000000000000133e-01
8.790000000000000070e-04,1.199999999999999956e-01
8.799999999999999229e-04,1.400000000000000133e-01
8.810000000000000556e-04,1.400000000000000133e-01
8.819999999999999715e-04,1.400000000000000133e-01
8.829999999999998874e-04,1.400000000000000133e-01
8.840000000000000201e-04,1.600000000000000033e-01
8.849999999999999360e-04,1.199999999999999956e-01
8.860000000000000688e-04,1.199999999999999956e-01
8.869999999999999846e-04,1.400000000000000133e-01
8.879999999999999005e-04,1.199999999999999956e-01
8.890000000000000333e-04,1.400000000000000133e-01
8.899999999999999491e-04,1.199999999999999956e-01
8.910000000000000819e-04,1.400000000000000133e-01
8.919999999999999978e-04,1.400000000000000133e-01
8.929999999999999136e-04,1.400000000000000133e-01
8.940000000000000464e-04,1.400000000000000133e-01
8.949999999999999623e-04,1.400000000000000133e-01
8.959999999999998781e-04,1.400000000000000133e-01
8.970000000000000109e-04,1.400000000000000133e-01
8.979999999999999268e-04,1.400000000000000133e-01
8.990000000000000595e-04,1.400000000000000133e-01
8.999999999999999754e-04,1.400000000000000133e-01
9.009999999999998913e-04,1.400000000000000133e-01
9.020000000000000240e-04,1.199999999999999956e-01
9.029999999999999399e-04,1.400000000000000133e-01
9.040000000000000726e-04,1.400000000000000133e-01
9.049999999999999885e-04,1.199999999999999956e-01
9.059999999999999044e-04,1.400000000000000133e-01
9.070000000000000371e-04,1.400000000000000133e-01
9.079999999999999530e-04,1.199999999999999956e-01
9.089999999999998689e-04,1.199999999999999956e-01
9.100000000000000016e-04,1.400000000000000133e-01
9.109999999999999175e-04,1.400000000000000133e-01
9.120000000000000502e-04,1.400000000000000133e-01
9.129999999999999661e-04,1.400000000000000133e-01
9.139999999999998820e-04,1.199999999999999956e-01
9.150000000000000147e-04,1.400000000000000133e-01
9.159999999999999306e-04,1.400000000000000133e-01
9.170000000000000633e-04,1.400000000000000133e-01
9.179999999999999792e-04,1.400000000000000133e-01
9.189999999999998951e-04,1.199999999999999956e-01
9.200000000000000278e-04,1.400000000000000133e-01
9.209999999999999437e-04,1.400000000000000133e-01
9.220000000000000764e-04,1.199999999999999956e-01
9.229999999999999923e-04,1.400000000000000133e-01
9.239999999999999082e-04,1.400000000000000133e-01
9.250000000000000409e-04,1.199999999999999956e-01
9.259999999999999568e-04,1.199999999999999956e-01
9.269999999999998727e-04,1.199999999999999956e-01
9.280000000000000054e-04,1.400000000000000133e-01
9.289999999999999213e-04,1.199999999999999956e-01
9.300000000000000541e-04,1.199999999999999956e-01
9.309999999999999699e-04,1.400000000000000133e-01
9.319999999999998858e-04,1.400000000000000133e-01
9.330000000000000186e-04,1.199999999999999956e-01
9.339999999999999344e-04,1.400000000000000133e-01
9.350000000000000672e-04,1.400000000000000133e-01
9.359999999999999831e-04,1.199999999999999956e-01
9.369999999999998989e-04,1.400000000000000133e-01
9.380000000000000317e-04,1.400000000000000133e-01
9.389999999999999476e-04,1.400000000000000133e-01
9.400000000000000803e-04,1.400000000000000133e-01
9.409999999999999962e-04,1.400000000000000133e-01
9.419999999999999121e-04,1.400000000000000133e-01
9.430000000000000448e-04,1.400000000000000133e-01
9.439999999999999607e-04,1.400000000000000133e-01
9.449999999999998766e-04,1.199999999999999956e-01
9.460000000000000093e-04,1.199999999999999956e-01
9.469999999999999252e-04,1.199999999999999956e-01
9.480000000000000579e-04,1.400000000000000133e-01
9.489999999999999738e-04,1.400000000000000133e-01
9.499999999999998897e-04,1.400000000000000133e-01
9.510000000000000224e-04,1.400000000000000133e-01
9.519999999999999383e-04,1.199999999999999956e-01
9.530000000000000710e-04,1.400000000000000133e-01
9.539999999999999869e-04,1.199999999999999956e-01
9.549999999999999028e-04,1.199999999999999956e-01
9.560000000000000355e-04,1.400000000000000133e-01
9.569999999999999514e-04,1.600000000000000033e-01
9.579999999999998673e-04,1.600000000000000033e-01
9.590000000000000000e-04,1.199999999999999956e-01
9.599999999999999159e-04,1.199999999999999956e-01
9.610000000000000486e-04,1.400000000000000133e-01
9.619999999999999645e-04,1.400000000000000133e-01
9.629999999999998804e-04,1.600000000000000033e-01
9.640000000000000131e-04,1.400000000000000133e-01
9.649999999999999290e-04,1.199999999999999956e-01
9.660000000000000617e-04,1.199999999999999956e-01
9.669999999999999776e-04,1.400000000000000133e-01
9.679999999999998935e-04,1.400000000000000133e-01
9.690000000000000262e-04,1.400000000000000133e-01
9.699999999999999421e-04,1.400000000000000133e-01
9.710000000000000749e-04,1.600000000000000033e-01
9.719999999999999907e-04,1.600000000000000033e-01
9.729999999999999066e-04,1.600000000000000033e-01
9.740000000000000394e-04,1.400000000000000133e-01
9.749999999999999552e-04,1.199999999999999956e-01
9.759999999999998711e-04,1.400000000000000133e-01
9.770000000000000039e-04,1.400000000000000133e-01
9.779999999999999197e-04,1.199999999999999956e-01
9.790000000000000525e-04,1.400000000000000133e-01
9.799999999999999684e-04,1.400000000000000133e-01
9.809999999999998842e-04,1.400000000000000133e-01
9.820000000000000170e-04,1.400000000000000133e-01
9.829999999999999329e-04,1.400000000000000133e-01
9.840000000000000656e-04,1.199999999999999956e-01
9.849999999999999815e-04,1.199999999999999956e-01
9.859999999999998974e-04,1.400000000000000133e-01
9.870000000000000301e-04,1.600000000000000033e-01
9.879999999999999460e-04,1.600000000000000033e-01
9.890000000000000787e-04,1.400000000000000133e-01
9.899999999999999946e-04,1.400000000000000133e-01
9.909999999999999105e-04,1.199999999999999956e-01
9.920000000000000432e-04,1.400000000000000133e-01
9.929999999999999591e-04,1.799999999999999933e-01
9.939999999999998750e-04,1.600000000000000033e-01
9.950000000000000077e-04,1.400000000000000133e-01
9.959999999999999236e-04,1.199999999999999956e-01
9.970000000000000563e-04,1.199999999999999956e-01
9.979999999999999722e-04,1.400000000000000133e-01
9.989999999999998881e-04,1.600000000000000033e-01
1.000000000000000021e-03,1.600000000000000033e-01
1.000999999999999937e-03,1.199999999999999956e-01
1.002000000000000069e-03,1.199999999999999956e-01
1.002999999999999985e-03,1.199999999999999956e-01
1.003999999999999901e-03,3.200000000000000067e-01
1.005000000000000034e-03,1.799999999999999933e-01
1.005999999999999950e-03,1.199999999999999956e-01
1.006999999999999866e-03,1.199999999999999956e-01
1.007999999999999998e-03,1.000000000000000056e-01
1.008999999999999914e-03,1.000000000000000056e-01
1.010000000000000047e-03,8.000000000000000167e-02
1.010999999999999963e-03,1.000000000000000056e-01
1.011999999999999879e-03,8.000000000000000167e-02
1.013000000000000012e-03,1.000000000000000056e-01
1.013999999999999927e-03,1.000000000000000056e-01
1.015000000000000060e-03,2.399999999999999911e-01
1.015999999999999976e-03,1.600000000000000033e-01
1.016999999999999892e-03,1.600000000000000033e-01
1.018000000000000025e-03,1.199999999999999956e-01
1.018999999999999941e-03,1.199999999999999956e-01
1.020000000000000073e-03,1.199999999999999956e-01
1.020999999999999989e-03,1.400000000000000133e-01
1.021999999999999905e-03,1.600000000000000033e-01
1.023000000000000038e-03,1.400000000000000133e-01
1.023999999999999954e-03,1.199999999999999956e-01
1.024999999999999870e-03,1.400000000000000133e-01
1.026000000000000002e-03,1.600000000000000033e-01
1.026999999999999918e-03,2.200000000000000011e-01
1.028000000000000051e-03,2.000000000000000111e-01
1.028999999999999967e-03,1.600000000000000033e-01
1.029999999999999883e-03,1.400000000000000133e-01
1.031000000000000015e-03,1.199999999999999956e-01
1.031999999999999931e-03,1.400000000000000133e-01
1.033000000000000064e-03,4.199999999999999845e-01
1.033999999999999980e-03,1.799999999999999933e-01
1.034999999999999896e-03,1.600000000000000033e-01
1.036000000000000029e-03,1.400000000000000133e-01
1.036999999999999944e-03,1.400000000000000133e-01
1.038000000000000077e-03,1.199999999999999956e-01
1.038999999999999993e-03,1.000000000000000056e-01
1.039999999999999909e-03,1.000000000000000056e-01
1.041000000000000042e-03,1.000000000000000056e-01
1.041999999999999958e-03,1.000000000000000056e-01
1.042999999999999873e-03,8.000000000000000167e-02
1.044000000000000006e-03,8.000000000000000167e-02
1.044999999999999922e-03,8.000000000000000167e-02
1.046000000000000055e-03,8.000000000000000167e-02
1.046999999999999971e-03,8.000000000000000167e-02
1.047999999999999887e-03,5.999999999999999778e-02
1.049000000000000019e-03,8.000000000000000167e-02
1.049999999999999935e-03,8.000000000000000167e-02
1.051000000000000068e-03,5.999999999999999778e-02
1.051999999999999984e-03,5.999999999999999778e-02
1.052999999999999900e-03,5.999999999999999778e-02
1.054000000000000032e-03,5.999999999999999778e-02
1.054999999999999948e-03,4.000000000000000083e-02
1.055999999999999864e-03,5.999999999999999778e-02
1.056999999999999997e-03,5.999999999999999778e-02
1.057999999999999913e-03,4.000000000000000083e-02
1.059000000000000045e-03,5.999999999999999778e-02
1.059999999999999961e-03,4.000000000000000083e-02
1.060999999999999877e-03,4.000000000000000083e-02
1.062000000000000010e-03,5.999999999999999778e-02
1.062999999999999926e-03,4.000000000000000083e-02
1.064000000000000059e-03,4.000000000000000083e-02
1.064999999999999974e-03,4.000000000000000083e-02
1.065999999999999890e-03,4.000000000000000083e-02
1.067000000000000023e-03,4.000000000000000083e-02
1.067999999999999939e-03,5.999999999999999778e-02
1.069000000000000072e-03,4.000000000000000083e-02
1.069999999999999988e-03,4.000000000000000083e-02
1.070999999999999903e-03,2.000000000000000042e-02
1.072000000000000036e-03,4.000000000000000083e-02
1.072999999999999952e-03,2.000000000000000042e-02
1.073999999999999868e-03,2.000000000000000042e-02
1.075000000000000001e-03,2.000000000000000042e-02
1.075999999999999917e-03,4.000000000000000083e-02
1.077000000000000049e-03,4.000000000000000083e-02
1.077999999999999965e-03,4.000000000000000083e-02
1.078999999999999881e-03,2.000000000000000042e-02
1.080000000000000014e-03,2.000000000000000042e-02
1.080999999999999930e-03,4.000000000000000083e-02
1.082000000000000062e-03,0.000000000000000000e+00
1.082999999999999978e-03,2.000000000000000042e-02
1.083999999999999894e-03,2.000000000000000042e-02
1.085000000000000027e-03,0.000000000000000000e+00
1.085999999999999943e-03,2.000000000000000042e-02
1.087000000000000076e-03,0.000000000000000000e+00
1.087999999999999991e-03,2.000000000000000042e-02
1.088999999999999907e-03,2.000000000000000042e-02
1.090000000000000040e-03,2.000000000000000042e-02
1.090999999999999956e-03,2.000000000000000042e-02
1.091999999999999872e-03,2.000000000000000042e-02
1.093000000000000005e-03,2.000000000000000042e-02
1.093999999999999920e-03,4.000000000000000083e-02
1.095000000000000053e-03,2.000000000000000042e-02
1.095999999999999969e-03,2.000000000000000042e-02
1.096999999999999885e-03,4.000000000000000083e-02
1.098000000000000018e-03,2.000000000000000042e-02
1.098999999999999934e-03,2.000000000000000042e-02
1.100000000000000066e-03,0.000000000000000000e+00
1.100999999999999982e-03,0.000000000000000000e+00
1.101999999999999898e-03,2.000000000000000042e-02
1.103000000000000031e-03,2.000000000000000042e-02
1.103999999999999947e-03,2.000000000000000042e-02
1.104999999999999863e-03,4.000000000000000083e-02
1.105999999999999995e-03,4.000000000000000083e-02
1.106999999999999911e-03,0.000000000000000000e+00
1.108000000000000044e-03,0.000000000000000000e+00
1.108999999999999960e-03,2.000000000000000042e-02
1.109999999999999876e-03,2.000000000000000042e-02
1.111000000000000008e-03,2.000000000000000042e-02
1.111999999999999924e-03,2.000000000000000042e-02
1.113000000000000057e-03,2.000000000000000042e-02
1.113999999999999973e-03,0.000000000000000000e+00
1.114999999999999889e-03,0.000000000000000000e+00
1.116000000000000021e-03,2.000000000000000042e-02
1.116999999999999937e-03,2.000000000000000042e-02
1.118000000000000070e-03,2.000000000000000042e-02
1.118999999999999986e-03,2.000000000000000042e-02
1.119999999999999902e-03,0.000000000000000000e+00
1.121000000000000035e-03,2.000000000000000042e-02
1.121999999999999950e-03,2.000000000000000042e-02
1.122999999999999866e-03,2.000000000000000042e-02
1.123999999999999999e-03,2.000000000000000042e-02
1.124999999999999915e-03,2.000000000000000042e-02
1.126000000000000048e-03,2.000000000000000042e-02
1.126999999999999964e-03,2.000000000000000042e-02
1.127999999999999879e-03,0.000000000000000000e+00
1.129000000000000012e-03,2.000000000000000042e-02
1.129999999999999928e-03,0.000000000000000000e+00
1.131000000000000061e-03,2.000000000000000042e-02
1.131999999999999977e-03,2.000000000000000042e-02
1.132999999999999893e-03,2.000000000000000042e-02
1.134000000000000025e-03,2.000000000000000042e-02
1.134999999999999941e-03,0.000000000000000000e+00
1.135999999999999857e-03,2.000000000000000042e-02
1.136999999999999990e-03,2.000000000000000042e-02
1.137999999999999906e-03,2.000000000000000042e-02
1.139000000000000038e-03,2.000000000000000042e-02
1.139999999999999954e-03,0.000000000000000000e+00
1.140999999999999870e-03,2.000000000000000042e-02
1.142000000000000003e-03,0.000000000000000000e+00
1.142999999999999919e-03,2.000000000000000042e-02
1.144000000000000052e-03,0.000000000000000000e+00
1.144999999999999967e-03,0.000000000000000000e+00
1.145999999999999883e-03,0.000000000000000000e+00
1.147000000000000016e-03,2.000000000000000042e-02
1.147999999999999932e-03,2.000000000000000042e-02
1.149000000000000065e-03,2.000000000000000042e-02
1.149999999999999981e-03,2.000000000000000042e-02
1.150999999999999896e-03,2.000000000000000042e-02
1.152000000000000029e-03,2.000000000000000042e-02
1.152999999999999945e-03,2.000000000000000042e-02
1.153999999999999861e-03,0.000000000000000000e+00
1.154999999999999994e-03,2.000000000000000042e-02
1.155999999999999910e-03,2.000000000000000042e-02
1.157000000000000042e-03,0.000000000000000000e+00
1.157999999999999958e-03,2.000000000000000042e-02
1.158999999999999874e-03,2.000000000000000042e-02
1.160000000000000007e-03,2.000000000000000042e-02
1.160999999999999923e-03,0.000000000000000000e+00
1.162000000000000055e-03,2.000000000000000042e-02
1.162999999999999971e-03,2.000000000000000042e-02
1.163999999999999887e-03,0.000000000000000000e+00
1.165000000000000020e-03,2.000000000000000042e-02
1.165999999999999936e-03,2.000000000000000042e-02
1.167000000000000069e-03,2.000000000000000042e-02
1.167999999999999984e-03,2.000000000000000042e-02
1.168999999999999900e-03,2.000000000000000042e-02
1.170000000000000033e-03,0.000000000000000000e+00
1.170999999999999949e-03,2.000000000000000042e-02
1.171999999999999865e-03,2.000000000000000042e-02
1.172999999999999998e-03,0.000000000000000000e+00
1.173999999999999913e-03,2.000000000000000042e-02
1.175000000000000046e-03,2.000000000000000042e-02
1.175999999999999962e-03,2.000000000000000042e-02
1.176999999999999878e-03,2.000000000000000042e-02
1.178000000000000011e-03,2.000000000000000042e-02
1.178999999999999927e-03,2.000000000000000042e-02
1.180000000000000059e-03,2.000000000000000042e-02
1.180999999999999758e-03,2.000000000000000042e-02
1.181999999999999891e-03,0.000000000000000000e+00
1.183000000000000024e-03,0.000000000000000000e+00
1.184000000000000156e-03,0.000000000000000000e+00
1.184999999999999856e-03,2.000000000000000042e-02
1.185999999999999988e-03,2.000000000000000042e-02
1.187000000000000121e-03,2.000000000000000042e-02
1.187999999999999820e-03,2.000000000000000042e-02
1.188999999999999953e-03,2.000000000000000042e-02
1.190000000000000085e-03,2.000000000000000042e-02
1.190999999999999785e-03,2.000000000000000042e-02
1.191999999999999917e-03,2.000000000000000042e-02
1.193000000000000050e-03,2.000000000000000042e-02
1.193999999999999749e-03,2.000000000000000042e-02
1.194999999999999882e-03,4.000000000000000083e-02
1.196000000000000014e-03,2.000000000000000042e-02
1.197000000000000147e-03,2.000000000000000042e-02
1.197999999999999846e-03,2.000000000000000042e-02
1.198999999999999979e-03,2.000000000000000042e-02
1.200000000000000112e-03,0.000000000000000000e+00
1.200999999999999811e-03,2.000000000000000042e-02
1.201999999999999943e-03,0.000000000000000000e+00
1.203000000000000076e-03,2.000000000000000042e-02
1.203999999999999775e-03,2.000000000000000042e-02
1.204999999999999908e-03,2.000000000000000042e-02
1.206000000000000041e-03,2.000000000000000042e-02
1.207000000000000173e-03,0.000000000000000000e+00
1.207999999999999872e-03,2.000000000000000042e-02
1.209000000000000005e-03,2.000000000000000042e-02
1.210000000000000138e-03,0.000000000000000000e+00
1.210999999999999837e-03,2.000000000000000042e-02
1.211999999999999970e-03,2.000000000000000042e-02
1.213000000000000102e-03,0.000000000000000000e+00
1.213999999999999801e-03,2.000000000000000042e-02
1.214999999999999934e-03,2.000000000000000042e-02
1.216000000000000067e-03,0.000000000000000000e+00
1.216999999999999766e-03,2.000000000000000042e-02
1.217999999999999899e-03,0.000000000000000000e+00
1.219000000000000031e-03,2.000000000000000042e-02
1.220000000000000164e-03,0.000000000000000000e+00
1.220999999999999863e-03,2.000000000000000042e-02
1.221999999999999996e-03,2.000000000000000042e-02
1.223000000000000129e-03,0.000000000000000000e+00
1.223999999999999828e-03,2.000000000000000042e-02
1.224999999999999960e-03,2.000000000000000042e-02
1.226000000000000093e-03,2.000000000000000042e-02
1.226999999999999792e-03,0.000000000000000000e+00
1.227999999999999925e-03,0.000000000000000000e+00
1.229000000000000058e-03,4.000000000000000083e-02
1.229999999999999757e-03,2.000000000000000042e-02
1.230999999999999889e-03,2.000000000000000042e-02
1.232000000000000022e-03,2.000000000000000042e-02
1.233000000000000155e-03,2.000000000000000042e-02
1.233999999999999854e-03,0.000000000000000000e+00
1.234999999999999987e-03,2.000000000000000042e-02
1.236000000000000119e-03,2.000000000000000042e-02
1.236999999999999818e-03,2.000000000000000042e-02
1.237999999999999951e-03,0.000000000000000000e+00
1.239000000000000084e-03,2.000000000000000042e-02
1.239999999999999783e-03,0.000000000000000000e+00
1.240999999999999916e-03,0.000000000000000000e+00
1.242000000000000048e-03,0.000000000000000000e+00
1.242999999999999747e-03,0.000000000000000000e+00
1.243999999999999880e-03,0.000000000000000000e+00
1.245000000000000013e-03,0.000000000000000000e+00
1.246000000000000146e-03,2.000000000000000042e-02
1.246999999999999845e-03,0.000000000000000000e+00
1.247999999999999977e-03,0.000000000000000000e+00
1.249000000000000110e-03,0.000000000000000000e+00
1.249999999999999809e-03,0.000000000000000000e+00
1.250999999999999942e-03,0.000000000000000000e+00
1.252000000000000075e-03,2.000000000000000042e-02
1.252999999999999774e-03,0.000000000000000000e+00
1.253999999999999906e-03,2.000000000000000042e-02
1.255000000000000039e-03,2.000000000000000042e-02
1.256000000000000172e-03,0.000000000000000000e+00
1.256999999999999871e-03,2.000000000000000042e-02
1.258000000000000004e-03,2.000000000000000042e-02
1.259000000000000136e-03,2.000000000000000042e-02
1.259999999999999835e-03,2.000000000000000042e-02
1.260999999999999968e-03,0.000000000000000000e+00
1.262000000000000101e-03,2.000000000000000042e-02
1.262999999999999800e-03,2.000000000000000042e-02
1.263999999999999933e-03,2.000000000000000042e-02
1.265000000000000065e-03,2.000000000000000042e-02
1.265999999999999764e-03,2.000000000000000042e-02
1.266999999999999897e-03,2.000000000000000042e-02
1.268000000000000030e-03,0.000000000000000000e+00
1.269000000000000163e-03,0.000000000000000000e+00
1.269999999999999862e-03,0.000000000000000000e+00
1.270999999999999994e-03,0.000000000000000000e+00
1.272000000000000127e-03,2.000000000000000042e-02
1.272999999999999826e-03,2.000000000000000042e-02
1.273999999999999959e-03,2.000000000000000042e-02
1.275000000000000092e-03,2.000000000000000042e-02
1.275999999999999791e-03,0.000000000000000000e+00
1.276999999999999923e-03,2.000000000000000042e-02
1.278000000000000056e-03,2.000000000000000042e-02
1.278999999999999755e-03,0.000000000000000000e+00
1.279999999999999888e-03,4.000000000000000083e-02
1.281000000000000021e-03,0.000000000000000000e+00
1.282000000000000153e-03,0.000000000000000000e+00
1.282999999999999852e-03,0.000000000000000000e+00
1.283999999999999985e-03,2.000000000000000042e-02
1.285000000000000118e-03,2.000000000000000042e-02
1.285999999999999817e-03,2.000000000000000042e-02
1.286999999999999950e-03,0.000000000000000000e+00
1.288000000000000082e-03,0.000000000000000000e+00
1.288999999999999781e-03,2.000000000000000042e-02
1.289999999999999914e-03,0.000000000000000000e+00
1.291000000000000047e-03,0.000000000000000000e+00
1.291999999999999746e-03,2.000000000000000042e-02
1.292999999999999879e-03,0.000000000000000000e+00
1.294000000000000011e-03,0.000000000000000000e+00
1.295000000000000144e-03,2.000000000000000042e-02
1.295999999999999843e-03,2.000000000000000042e-02
1.296999999999999976e-03,0.000000000000000000e+00
1.298000000000000109e-03,2.000000000000000042e-02
1.298999999999999808e-03,0.000000000000000000e+00
1.299999999999999940e-03,2.000000000000000042e-02
1.301000000000000073e-03,2.000000000000000042e-02
1.301999999999999772e-03,2.000000000000000042e-02
1.302999999999999905e-03,0.000000000000000000e+00
1.304000000000000038e-03,0.000000000000000000e+00
1.305000000000000170e-03,2.000000000000000042e-02
1.305999999999999869e-03,2.000000000000000042e-02
1.307000000000000002e-03,2.000000000000000042e-02
1.308000000000000135e-03,4.000000000000000083e-02
1.308999999999999834e-03,0.000000000000000000e+00
1.309999999999999967e-03,2.000000000000000042e-02
1.311000000000000099e-03,0.000000000000000000e+00
1.311999999999999798e-03,2.000000000000000042e-02
1.312999999999999931e-03,2.000000000000000042e-02
1.314000000000000064e-03,0.000000000000000000e+00
1.314999999999999763e-03,2.000000000000000042e-02
1.315999999999999896e-03,0.000000000000000000e+00
1.317000000000000028e-03,2.000000000000000042e-02
1.318000000000000161e-03,2.000000000000000042e-02
1.318999999999999860e-03,2.000000000000000042e-02
1.319999999999999993e-03,2.000000000000000042e-02
1.321000000000000126e-03,0.000000000000000000e+00
1.321999999999999825e-03,2.000000000000000042e-02
1.322999999999999957e-03,2.000000000000000042e-02
1.324000000000000090e-03,0.000000000000000000e+00
1.324999999999999789e-03,0.000000000000000000e+00
1.325999999999999922e-03,0.000000000000000000e+00
1.327000000000000055e-03,0.000000000000000000e+00
1.327999999999999754e-03,0.000000000000000000e+00
1.328999999999999886e-03,0.000000000000000000e+00
1.330000000000000019e-03,2.000000000000000042e-02
1.331000000000000152e-03,2.000000000000000042e-02
1.331999999999999851e-03,2.000000000000000042e-02
1.332999999999999984e-03,2.000000000000000042e-02
1.334000000000000116e-03,2.000000000000000042e-02
1.334999999999999815e-03,2.000000000000000042e-02
1.335999999999999948e-03,2.000000000000000042e-02
1.337000000000000081e-03,2.000000000000000042e-02
1.337999999999999780e-03,2.000000000000000042e-02
1.338999999999999913e-03,2.000000000000000042e-02
1.340000000000000045e-03,0.000000000000000000e+00
1.340999999999999744e-03,2.000000000000000042e-02
1.341999999999999877e-03,2.000000000000000042e-02
1.343000000000000010e-03,0.000000000000000000e+00
1.344000000000000142e-03,2.000000000000000042e-02
1.344999999999999842e-03,0.000000000000000000e+00
1.345999999999999974e-03,2.000000000000000042e-02
1.347000000000000107e-03,2.000000000000000042e-02
1.347999999999999806e-03,2.000000000000000042e-02
1.348999999999999939e-03,2.000000000000000042e-02
1.350000000000000071e-03,2.000000000000000042e-02
1.350999999999999771e-03,2.000000000000000042e-02
1.351999999999999903e-03,2.000000000000000042e-02
1.353000000000000036e-03,2.000000000000000042e-02
1.354000000000000169e-03,2.000000000000000042e-02
1.354999999999999868e-03,0.000000000000000000e+00
1.356000000000000000e-03,2.000000000000000042e-02
1.357000000000000133e-03,0.000000000000000000e+00
1.357999999999999832e-03,2.000000000000000042e-02
1.358999999999999965e-03,2.000000000000000042e-02
1.360000000000000098e-03,2.000000000000000042e-02
1.360999999999999797e-03,0.000000000000000000e+00
1.361999999999999929e-03,2.000000000000000042e-02
1.363000000000000062e-03,0.000000000000000000e+00
1.363999999999999761e-03,2.000000000000000042e-02
1.364999999999999894e-03,2.000000000000000042e-02
1.366000000000000027e-03,2.000000000000000042e-02
1.367000000000000159e-03,2.000000000000000042e-02
1.367999999999999858e-03,2.000000000000000042e-02
1.368999999999999991e-03,0.000000000000000000e+00
1.370000000000000124e-03,0.000000000000000000e+00
1.370999999999999823e-03,2.000000000000000042e-02
1.371999999999999956e-03,2.000000000000000042e-02
1.373000000000000088e-03,0.000000000000000000e+00
1.373999999999999787e-03,2.000000000000000042e-02
1.374999999999999920e-03,2.000000000000000042e-02
1.376000000000000053e-03,2.000000000000000042e-02
1.376999999999999752e-03,0.000000000000000000e+00
1.377999999999999885e-03,0.000000000000000000e+00
1.379000000000000017e-03,0.000000000000000000e+00
1.380000000000000150e-03,0.000000000000000000e+00
1.380999999999999849e-03,0.000000000000000000e+00
1.381999999999999982e-03,2.000000000000000042e-02
1.383000000000000115e-03,2.000000000000000042e-02
1.383999999999999814e-03,2.000000000000000042e-02
1.384999999999999946e-03,2.000000000000000042e-02
1.386000000000000079e-03,2.000000000000000042e-02
1.386999999999999778e-03,2.000000000000000042e-02
1.387999999999999911e-03,2.000000000000000042e-02
1.389000000000000044e-03,2.000000000000000042e-02
1.389999999999999743e-03,2.000000000000000042e-02
1.390999999999999875e-03,0.000000000000000000e+00
1.392000000000000008e-03,2.000000000000000042e-02
1.393000000000000141e-03,0.000000000000000000e+00
1.393999999999999840e-03,2.000000000000000042e-02
1.394999999999999973e-03,0.000000000000000000e+00
1.396000000000000105e-03,2.000000000000000042e-02
1.396999999999999804e-03,2.000000000000000042e-02
1.397999999999999937e-03,2.000000000000000042e-02
1.399000000000000070e-03,0.000000000000000000e+00
1.399999999999999769e-03,0.000000000000000000e+00
1.400999999999999902e-03,2.000000000000000042e-02
1.402000000000000034e-03,4.000000000000000083e-02
1.403000000000000167e-03,2.000000000000000042e-02
1.403999999999999866e-03,2.000000000000000042e-02
1.404999999999999999e-03,0.000000000000000000e+00
1.406000000000000132e-03,2.000000000000000042e-02
1.406999999999999831e-03,0.000000000000000000e+00
1.407999999999999963e-03,2.000000000000000042e-02
1.409000000000000096e-03,2.000000000000000042e-02
1.409999999999999795e-03,0.000000000000000000e+00
1.410999999999999928e-03,0.000000000000000000e+00
1.412000000000000061e-03,0.000000000000000000e+00
1.412999999999999760e-03,0.000000000000000000e+00
1.413999999999999892e-03,2.000000000000000042e-02
1.415000000000000025e-03,2.000000000000000042e-02
1.416000000000000158e-03,2.000000000000000042e-02
1.416999999999999857e-03,2.000000000000000042e-02
1.417999999999999990e-03,0.000000000000000000e+00
1.419000000000000122e-03,0.000000000000000000e+00
1.419999999999999821e-03,2.000000000000000042e-02
1.420999999999999954e-03,0.000000000000000000e+00
1.422000000000000087e-03,0.000000000000000000e+00
1.422999999999999786e-03,0.000000000000000000e+00
1.423999999999999919e-03,0.000000000000000000e+00
1.425000000000000051e-03,2.000000000000000042e-02
1.425999999999999750e-03,0.000000000000000000e+00
1.426999999999999883e-03,0.000000000000000000e+00
1.428000000000000016e-03,2.000000000000000042e-02
1.429000000000000149e-03,0.000000000000000000e+00
1.429999999999999848e-03,0.000000000000000000e+00
1.430999999999999980e-03,2.000000000000000042e-02
1.432000000000000113e-03,0.000000000000000000e+00
1.432999999999999812e-03,0.000000000000000000e+00
1.433999999999999945e-03,2.000000000000000042e-02
1.435000000000000078e-03,0.000000000000000000e+00
1.435999999999999777e-03,0.000000000000000000e+00
1.436999999999999909e-03,0.000000000000000000e+00
1.438000000000000042e-03,2.000000000000000042e-02
1.438999999999999741e-03,2.000000000000000042e-02
1.439999999999999874e-03,2.000000000000000042e-02
1.441000000000000007e-03,2.000000000000000042e-02
1.442000000000000139e-03,0.000000000000000000e+00
1.442999999999999838e-03,0.000000000000000000e+00
1.443999999999999971e-03,0.000000000000000000e+00
1.445000000000000104e-03,0.000000000000000000e+00
1.445999999999999803e-03,0.000000000000000000e+00
1.446999999999999936e-03,0.000000000000000000e+00
1.448000000000000068e-03,2.000000000000000042e-02
1.448999999999999767e-03,2.000000000000000042e-02
1.449999999999999900e-03,0.000000000000000000e+00
1.451000000000000033e-03,0.000000000000000000e+00
1.452000000000000166e-03,2.000000000000000042e-02
1.452999999999999865e-03,2.000000000000000042e-02
1.453999999999999997e-03,2.000000000000000042e-02
1.455000000000000130e-03,2.000000000000000042e-02
1.455999999999999829e-03,2.000000000000000042e-02
1.456999999999999962e-03,2.000000000000000042e-02
1.458000000000000095e-03,4.000000000000000083e-02
1.458999999999999794e-03,0.000000000000000000e+00
1.459999999999999926e-03,0.000000000000000000e+00
1.461000000000000059e-03,0.000000000000000000e+00
1.461999999999999758e-03,2.000000000000000042e-02
1.462999999999999891e-03,2.000000000000000042e-02
1.464000000000000024e-03,0.000000000000000000e+00
1.465000000000000156e-03,0.000000000000000000e+00
1.465999999999999855e-03,2.000000000000000042e-02
1.466999999999999988e-03,0.000000000000000000e+00
1.468000000000000121e-03,2.000000000000000042e-02
1.468999999999999820e-03,2.000000000000000042e-02
1.469999999999999953e-03,0.000000000000000000e+00
1.471000000000000085e-03,2.000000000000000042e-02
1.471999999999999784e-03,2.000000000000000042e-02
1.472999999999999917e-03,2.000000000000000042e-02
1.474000000000000050e-03,0.000000000000000000e+00
1.474999999999999749e-03,2.000000000000000042e-02
1.475999999999999882e-03,2.000000000000000042e-02
1.477000000000000014e-03,0.000000000000000000e+00
1.478000000000000147e-03,2.000000000000000042e-02
1.478999999999999846e-03,0.000000000000000000e+00
1.479999999999999979e-03,0.000000000000000000e+00
1.481000000000000111e-03,2.000000000000000042e-02
1.481999999999999811e-03,0.000000000000000000e+00
1.482999999999999943e-03,0.000000000000000000e+00
1.484000000000000076e-03,4.000000000000000083e-02
1.484999999999999775e-03,0.000000000000000000e+00
1.485999999999999908e-03,0.000000000000000000e+00
1.487000000000000040e-03,0.000000000000000000e+00
1.487999999999999740e-03,2.000000000000000042e-02
1.488999999999999872e-03,2.000000000000000042e-02
1.490000000000000005e-03,4.000000000000000083e-02
1.491000000000000138e-03,0.000000000000000000e+00
1.491999999999999837e-03,2.000000000000000042e-02
1.492999999999999969e-03,0.000000000000000000e+00
1.494000000000000102e-03,0.000000000000000000e+00
1.494999999999999801e-03,2.000000000000000042e-02
1.495999999999999934e-03,2.000000000000000042e-02
1.497000000000000067e-03,2.000000000000000042e-02
1.497999999999999766e-03,2.000000000000000042e-02
1.498999999999999898e-03,2.000000000000000042e-02
1.500000000000000031e-03,2.000000000000000042e-02
1.501000000000000164e-03,0.000000000000000000e+00
1.501999999999999863e-03,2.000000000000000042e-02
1.502999999999999996e-03,2.000000000000000042e-02
1.504000000000000128e-03,0.000000000000000000e+00
1.504999999999999827e-03,2.000000000000000042e-02
1.505999999999999960e-03,2.000000000000000042e-02
1.507000000000000093e-03,2.000000000000000042e-02
1.507999999999999792e-03,0.000000000000000000e+00
1.508999999999999925e-03,2.000000000000000042e-02
1.510000000000000057e-03,0.000000000000000000e+00
1.510999999999999757e-03,0.000000000000000000e+00
1.511999999999999889e-03,2.000000000000000042e-02
1.513000000000000022e-03,2.000000000000000042e-02
1.514000000000000155e-03,2.000000000000000042e-02
1.514999999999999854e-03,0.000000000000000000e+00
1.515999999999999986e-03,2.000000000000000042e-02
1.517000000000000119e-03,0.000000000000000000e+00
1.517999999999999818e-03,2.000000000000000042e-02
1.518999999999999951e-03,0.000000000000000000e+00
1.520000000000000084e-03,0.000000000000000000e+00
1.520999999999999783e-03,0.000000000000000000e+00
1.521999999999999915e-03,2.000000000000000042e-02
1.523000000000000048e-03,2.000000000000000042e-02
1.523999999999999747e-03,2.000000000000000042e-02
1.524999999999999880e-03,2.000000000000000042e-02
1.526000000000000013e-03,2.000000000000000042e-02
1.527000000000000145e-03,2.000000000000000042e-02
1.527999999999999844e-03,0.000000000000000000e+00
1.528999999999999977e-03,0.000000000000000000e+00
1.530000000000000110e-03,0.000000000000000000e+00
1.530999999999999809e-03,0.000000000000000000e+00
1.531999999999999942e-03,2.000000000000000042e-02
1.533000000000000074e-03,2.000000000000000042e-02
1.533999999999999773e-03,2.000000000000000042e-02
1.534999999999999906e-03,0.000000000000000000e+00
1.536000000000000039e-03,2.000000000000000042e-02
1.536999999999999738e-03,2.000000000000000042e-02
1.537999999999999871e-03,0.000000000000000000e+00
1.539000000000000003e-03,2.000000000000000042e-02
1.540000000000000136e-03,2.000000000000000042e-02
1.540999999999999835e-03,0.000000000000000000e+00
1.541999999999999968e-03,2.000000000000000042e-02
1.543000000000000101e-03,0.000000000000000000e+00
1.543999999999999800e-03,2.000000000000000042e-02
1.544999999999999932e-03,2.000000000000000042e-02
1.546000000000000065e-03,2.000000000000000042e-02
1.546999999999999764e-03,2.000000000000000042e-02
1.547999999999999897e-03,0.000000000000000000e+00
1.549000000000000030e-03,0.000000000000000000e+00
1.550000000000000162e-03,2.000000000000000042e-02
1.550999999999999861e-03,2.000000000000000042e-02
1.551999999999999994e-03,0.000000000000000000e+00
1.553000000000000127e-03,0.000000000000000000e+00
1.553999999999999826e-03,2.000000000000000042e-02
1.554999999999999959e-03,0.000000000000000000e+00
1.556000000000000091e-03,2.000000000000000042e-02
1.556999999999999790e-03,2.000000000000000042e-02
1.557999999999999923e-03,2.000000000000000042e-02
1.559000000000000056e-03,2.000000000000000042e-02
1.559999999999999755e-03,0.000000000000000000e+00
1.560999999999999888e-03,2.000000000000000042e-02
1.562000000000000020e-03,0.000000000000000000e+00
1.563000000000000153e-03,2.000000000000000042e-02
1.563999999999999852e-03,0.000000000000000000e+00
1.564999999999999985e-03,0.000000000000000000e+00
1.566000000000000118e-03,0.000000000000000000e+00
1.566999999999999817e-03,0.000000000000000000e+00
1.567999999999999949e-03,0.000000000000000000e+00
1.569000000000000082e-03,0.000000000000000000e+00
1.569999999999999781e-03,0.000000000000000000e+00
1.570999999999999914e-03,2.000000000000000042e-02
1.572000000000000047e-03,0.000000000000000000e+00
1.572999999999999746e-03,2.000000000000000042e-02
1.573999999999999878e-03,2.000000000000000042e-02
1.575000000000000011e-03,0.000000000000000000e+00
1.576000000000000144e-03,2.000000000000000042e-02
1.576999999999999843e-03,0.000000000000000000e+00
1.577999999999999976e-03,0.000000000000000000e+00
1.579000000000000108e-03,0.000000000000000000e+00
1.579999999999999807e-03,0.000000000000000000e+00
1.580999999999999940e-03,0.000000000000000000e+00
1.582000000000000073e-03,0.000000000000000000e+00
1.582999999999999772e-03,2.000000000000000042e-02
1.583999999999999905e-03,2.000000000000000042e-02
1.585000000000000037e-03,2.000000000000000042e-02
1.585999999999999736e-03,0.000000000000000000e+00
1.586999999999999869e-03,2.000000000000000042e-02
1.588000000000000002e-03,2.000000000000000042e-02
1.589000000000000135e-03,0.000000000000000000e+00
1.589999999999999834e-03,2.000000000000000042e-02
1.590999999999999966e-03,2.000000000000000042e-02
1.592000000000000099e-03,0.000000000000000000e+00
1.592999999999999798e-03,4.000000000000000083e-02
1.593999999999999931e-03,2.000000000000000042e-02
1.595000000000000064e-03,2.000000000000000042e-02
1.595999999999999763e-03,2.000000000000000042e-02
1.596999999999999895e-03,2.000000000000000042e-02
1.598000000000000028e-03,2.000000000000000042e-02
1.599000000000000161e-03,0.000000000000000000e+00
1.599999999999999860e-03,0.000000000000000000e+00
1.600999999999999993e-03,0.000000000000000000e+00
1.602000000000000125e-03,0.000000000000000000e+00
1.602999999999999824e-03,2.000000000000000042e-02
1.603999999999999957e-03,2.000000000000000042e-02
1.605000000000000090e-03,2.000000000000000042e-02
1.605999999999999789e-03,2.000000000000000042e-02
1.606999999999999922e-03,2.000000000000000042e-02
1.608000000000000054e-03,2.000000000000000042e-02
1.608999999999999753e-03,0.000000000000000000e+00
1.609999999999999886e-03,0.000000000000000000e+00
1.611000000000000019e-03,2.000000000000000042e-02
1.612000000000000152e-03,0.000000000000000000e+00
1.612999999999999851e-03,0.000000000000000000e+00
1.613999999999999983e-03,0.000000000000000000e+00
1.615000000000000116e-03,0.000000000000000000e+00
1.615999999999999815e-03,0.000000000000000000e+00
1.616999999999999948e-03,0.000000000000000000e+00
1.618000000000000081e-03,2.000000000000000042e-02
1.618999999999999780e-03,2.000000000000000042e-02
1.619999999999999912e-03,0.000000000000000000e+00
1.621000000000000045e-03,2.000000000000000042e-02
1.621999999999999744e-03,0.000000000000000000e+00
1.622999999999999877e-03,2.000000000000000042e-02
1.624000000000000010e-03,2.000000000000000042e-02
1.625000000000000142e-03,0.000000000000000000e+00
1.625999999999999841e-03,0.000000000000000000e+00
1.626999999999999974e-03,0.000000000000000000e+00
1.628000000000000107e-03,2.000000000000000042e-02
1.628999999999999806e-03,2.000000000000000042e-02
1.629999999999999939e-03,0.000000000000000000e+00
1.631000000000000071e-03,2.000000000000000042e-02
1.631999999999999770e-03,0.000000000000000000e+00
1.632999999999999903e-03,2.000000000000000042e-02
1.634000000000000036e-03,2.000000000000000042e-02
1.634999999999999735e-03,0.000000000000000000e+00
1.635999999999999868e-03,2.000000000000000042e-02
1.637000000000000000e-03,2.000000000000000042e-02
1.638000000000000133e-03,0.000000000000000000e+00
1.638999999999999832e-03,0.000000000000000000e+00
1.639999999999999965e-03,2.000000000000000042e-02
1.641000000000000097e-03,0.000000000000000000e+00
1.641999999999999797e-03,0.000000000000000000e+00
1.642999999999999929e-03,0.000000000000000000e+00
1.644000000000000062e-03,2.000000000000000042e-02
1.644999999999999761e-03,2.000000000000000042e-02
1.645999999999999894e-03,0.000000000000000000e+00
1.647000000000000026e-03,2.000000000000000042e-02
1.647999999999999726e-03,0.000000000000000000e+00
1.648999999999999858e-03,2.000000000000000042e-02
1.649999999999999991e-03,2.000000000000000042e-02
1.651000000000000124e-03,0.000000000000000000e+00
1.651999999999999823e-03,0.000000000000000000e+00
1.652999999999999955e-03,0.000000000000000000e+00
1.654000000000000088e-03,0.000000000000000000e+00
1.654999999999999787e-03,0.000000000000000000e+00
1.655999999999999920e-03,2.000000000000000042e-02
1.657000000000000053e-03,4.000000000000000083e-02
1.657999999999999752e-03,0.000000000000000000e+00
1.658999999999999884e-03,0.000000000000000000e+00
1.660000000000000017e-03,2.000000000000000042e-02
1.661000000000000150e-03,2.000000000000000042e-02
1.661999999999999849e-03,0.000000000000000000e+00
1.662999999999999982e-03,2.000000000000000042e-02
1.664000000000000114e-03,2.000000000000000042e-02
1.664999999999999813e-03,0.000000000000000000e+00
1.665999999999999946e-03,2.000000000000000042e-02
1.667000000000000079e-03,0.000000000000000000e+00
1.667999999999999778e-03,0.000000000000000000e+00
1.668999999999999911e-03,2.000000000000000042e-02
1.670000000000000043e-03,0.000000000000000000e+00
1.670999999999999742e-03,2.000000000000000042e-02
1.671999999999999875e-03,2.000000000000000042e-02
1.673000000000000008e-03,2.000000000000000042e-02
1.674000000000000141e-03,0.000000000000000000e+00
1.674999999999999840e-03,0.000000000000000000e+00
1.675999999999999972e-03,2.000000000000000042e-02
1.677000000000000105e-03,0.000000000000000000e+00
1.677999999999999804e-03,0.000000000000000000e+00
1.678999999999999937e-03,0.000000000000000000e+00
1.680000000000000070e-03,0.000000000000000000e+00
1.680999999999999769e-03,0.000000000000000000e+00
1.681999999999999901e-03,2.000000000000000042e-02
1.683000000000000034e-03,2.000000000000000042e-02
1.683999999999999733e-03,0.000000000000000000e+00
1.684999999999999866e-03,0.000000000000000000e+00
1.685999999999999999e-03,2.000000000000000042e-02
1.687000000000000131e-03,0.000000000000000000e+00
1.687999999999999830e-03,2.000000000000000042e-02
1.688999999999999963e-03,0.000000000000000000e+00
1.690000000000000096e-03,0.000000000000000000e+00
1.690999999999999795e-03,2.000000000000000042e-02
1.691999999999999928e-03,2.000000000000000042e-02
1.693000000000000060e-03,2.000000000000000042e-02
1.693999999999999759e-03,2.000000000000000042e-02
1.694999999999999892e-03,0.000000000000000000e+00
1.696000000000000025e-03,2.000000000000000042e-02
1.696999999999999724e-03,2.000000000000000042e-02
1.697999999999999857e-03,2.000000000000000042e-02
1.698999999999999989e-03,2.000000000000000042e-02
1.700000000000000122e-03,4.000000000000000083e-02
1.700999999999999821e-03,2.000000000000000042e-02
1.701999999999999954e-03,2.000000000000000042e-02
1.703000000000000087e-03,0.000000000000000000e+00
1.703999999999999786e-03,2.000000000000000042e-02
1.704999999999999918e-03,0.000000000000000000e+00
1.706000000000000051e-03,2.000000000000000042e-02
1.706999999999999750e-03,2.000000000000000042e-02
1.707999999999999883e-03,2.000000000000000042e-02
1.709000000000000016e-03,2.000000000000000042e-02
1.710000000000000148e-03,0.000000000000000000e+00
1.710999999999999847e-03,2.000000000000000042e-02
1.711999999999999980e-03,0.000000000000000000e+00
1.713000000000000113e-03,2.000000000000000042e-02
1.713999999999999812e-03,0.000000000000000000e+00
1.714999999999999945e-03,2.000000000000000042e-02
1.716000000000000077e-03,2.000000000000000042e-02
1.716999999999999776e-03,2.000000000000000042e-02
1.717999999999999909e-03,2.000000000000000042e-02
1.719000000000000042e-03,0.000000000000000000e+00
1.719999999999999741e-03,2.000000000000000042e-02
1.720999999999999874e-03,2.000000000000000042e-02
1.722000000000000006e-03,2.000000000000000042e-02
1.723000000000000139e-03,2.000000000000000042e-02
1.723999999999999838e-03,2.000000000000000042e-02
1.724999999999999971e-03,2.000000000000000042e-02
