time_s,voltage_V
-1.080000000000000009e-07,0.000000000000000000e+00
-1.077999999999999991e-07,0.000000000000000000e+00
-1.075999999999999974e-07,0.000000000000000000e+00
-1.073999999999999956e-07,0.000000000000000000e+00
-1.072000000000000070e-07,0.000000000000000000e+00
-1.070000000000000052e-07,0.000000000000000000e+00
-1.068000000000000034e-07,0.000000000000000000e+00
-1.066000000000000016e-07,0.000000000000000000e+00
-1.063999999999999998e-07,0.000000000000000000e+00
-1.061999999999999981e-07,2.000000000000000042e-02
-1.059999999999999963e-07,2.000000000000000042e-02
-1.057999999999999945e-07,2.000000000000000042e-02
-1.056000000000000059e-07,2.000000000000000042e-02
-1.054000000000000041e-07,2.000000000000000042e-02
-1.052000000000000023e-07,2.000000000000000042e-02
-1.050000000000000005e-07,2.000000000000000042e-02
-1.047999999999999988e-07,2.000000000000000042e-02
-1.045999999999999970e-07,4.000000000000000083e-02
-1.043999999999999952e-07,4.000000000000000083e-02
-1.042000000000000066e-07,5.999999999999999778e-02
-1.040000000000000048e-07,5.999999999999999778e-02
-1.038000000000000030e-07,5.999999999999999778e-02
-1.036000000000000012e-07,5.999999999999999778e-02
-1.033999999999999995e-07,5.999999999999999778e-02
-1.031999999999999977e-07,5.999999999999999778e-02
-1.029999999999999959e-07,5.999999999999999778e-02
-1.027999999999999941e-07,5.999999999999999778e-02
-1.026000000000000055e-07,5.999999999999999778e-02
-1.024000000000000037e-07,5.999999999999999778e-02
-1.022000000000000019e-07,5.999999999999999778e-02
-1.020000000000000001e-07,4.000000000000000083e-02
-1.017999999999999984e-07,4.000000000000000083e-02
-1.015999999999999966e-07,4.000000000000000083e-02
-1.013999999999999948e-07,4.000000000000000083e-02
-1.012000000000000062e-07,4.000000000000000083e-02
-1.010000000000000044e-07,2.000000000000000042e-02
-1.008000000000000026e-07,2.000000000000000042e-02
-1.006000000000000008e-07,2.000000000000000042e-02
-1.003999999999999991e-07,2.000000000000000042e-02
-1.001999999999999973e-07,2.000000000000000042e-02
-9.999999999999999547e-08,2.000000000000000042e-02
-9.980000000000000692e-08,2.000000000000000042e-02
-9.960000000000000513e-08,2.000000000000000042e-02
-9.940000000000000334e-08,2.000000000000000042e-02
-9.920000000000000155e-08,4.000000000000000083e-02
-9.899999999999999976e-08,4.000000000000000083e-02
-9.879999999999999796e-08,4.000000000000000083e-02
-9.859999999999999617e-08,4.000000000000000083e-02
-9.840000000000000762e-08,4.000000000000000083e-02
-9.820000000000000583e-08,4.000000000000000083e-02
-9.800000000000000404e-08,2.000000000000000042e-02
-9.780000000000000224e-08,2.000000000000000042e-02
-9.760000000000000045e-08,2.000000000000000042e-02
-9.739999999999999866e-08,2.000000000000000042e-02
-9.719999999999999687e-08,2.000000000000000042e-02
-9.699999999999999508e-08,0.000000000000000000e+00
-9.679999999999999329e-08,0.000000000000000000e+00
-9.660000000000000473e-08,0.000000000000000000e+00
-9.640000000000000294e-08,0.000000000000000000e+00
-9.620000000000000115e-08,0.000000000000000000e+00
-9.599999999999999936e-08,0.000000000000000000e+00
-9.579999999999999757e-08,0.000000000000000000e+00
-9.559999999999999578e-08,0.000000000000000000e+00
-9.539999999999999399e-08,0.000000000000000000e+00
-9.520000000000000543e-08,2.000000000000000042e-02
-9.500000000000000364e-08,2.000000000000000042e-02
-9.480000000000000185e-08,2.000000000000000042e-02
-9.460000000000000006e-08,2.000000000000000042e-02
-9.439999999999999827e-08,2.000000000000000042e-02
-9.419999999999999648e-08,4.000000000000000083e-02
-9.399999999999999469e-08,4.000000000000000083e-02
-9.380000000000000613e-08,4.000000000000000083e-02
-9.360000000000000434e-08,4.000000000000000083e-02
-9.340000000000000255e-08,4.000000000000000083e-02
-9.320000000000000076e-08,4.000000000000000083e-02
-9.299999999999999897e-08,4.000000000000000083e-02
-9.279999999999999718e-08,4.000000000000000083e-02
-9.259999999999999539e-08,4.000000000000000083e-02
-9.240000000000000683e-08,4.000000000000000083e-02
-9.220000000000000504e-08,4.000000000000000083e-02
-9.200000000000000325e-08,4.000000000000000083e-02
-9.180000000000000146e-08,4.000000000000000083e-02
-9.159999999999999967e-08,4.000000000000000083e-02
-9.139999999999999788e-08,4.000000000000000083e-02
-9.119999999999999608e-08,5.999999999999999778e-02
-9.100000000000000753e-08,5.999999999999999778e-02
-9.079999999999999250e-08,5.999999999999999778e-02
-9.060000000000000395e-08,5.999999999999999778e-02
-9.040000000000000216e-08,5.999999999999999778e-02
-9.020000000000000037e-08,5.999999999999999778e-02
-8.999999999999999857e-08,5.999999999999999778e-02
-8.979999999999999678e-08,5.999999999999999778e-02
-8.960000000000000823e-08,5.999999999999999778e-02
-8.939999999999999320e-08,5.999999999999999778e-02
-8.920000000000000465e-08,5.999999999999999778e-02
-8.900000000000000285e-08,5.999999999999999778e-02
-8.880000000000000106e-08,5.999999999999999778e-02
-8.859999999999999927e-08,5.999999999999999778e-02
-8.839999999999999748e-08,5.999999999999999778e-02
-8.819999999999999569e-08,5.999999999999999778e-02
-8.799999999999999390e-08,5.999999999999999778e-02
-8.780000000000000534e-08,5.999999999999999778e-02
-8.760000000000000355e-08,5.999999999999999778e-02
-8.740000000000000176e-08,5.999999999999999778e-02
-8.719999999999999997e-08,5.999999999999999778e-02
-8.699999999999999818e-08,4.000000000000000083e-02
-8.679999999999999639e-08,4.000000000000000083e-02
-8.659999999999999460e-08,4.000000000000000083e-02
-8.640000000000000604e-08,4.000000000000000083e-02
-8.620000000000000425e-08,4.000000000000000083e-02
-8.600000000000000246e-08,4.000000000000000083e-02
-8.580000000000000067e-08,2.000000000000000042e-02
-8.559999999999999888e-08,2.000000000000000042e-02
-8.539999999999999709e-08,4.000000000000000083e-02
-8.519999999999999530e-08,4.000000000000000083e-02
-8.500000000000000674e-08,4.000000000000000083e-02
-8.480000000000000495e-08,4.000000000000000083e-02
-8.460000000000000316e-08,4.000000000000000083e-02
-8.440000000000000137e-08,4.000000000000000083e-02
-8.419999999999999958e-08,5.999999999999999778e-02
-8.399999999999999779e-08,5.999999999999999778e-02
-8.379999999999999600e-08,5.999999999999999778e-02
-8.360000000000000744e-08,5.999999999999999778e-02
-8.339999999999999241e-08,5.999999999999999778e-02
-8.320000000000000386e-08,5.999999999999999778e-02
-8.300000000000000207e-08,5.999999999999999778e-02
-8.280000000000000028e-08,5.999999999999999778e-02
-8.259999999999999849e-08,5.999999999999999778e-02
-8.239999999999999669e-08,5.999999999999999778e-02
-8.220000000000000814e-08,8.000000000000000167e-02
-8.199999999999999311e-08,8.000000000000000167e-02
-8.180000000000000456e-08,5.999999999999999778e-02
-8.160000000000000277e-08,5.999999999999999778e-02
-8.140000000000000098e-08,5.999999999999999778e-02
-8.119999999999999918e-08,5.999999999999999778e-02
-8.099999999999999739e-08,4.000000000000000083e-02
-8.079999999999999560e-08,4.000000000000000083e-02
-8.059999999999999381e-08,4.000000000000000083e-02
-8.040000000000000526e-08,4.000000000000000083e-02
-8.020000000000000346e-08,4.000000000000000083e-02
-8.000000000000000167e-08,4.000000000000000083e-02
-7.979999999999999988e-08,4.000000000000000083e-02
-7.959999999999999809e-08,4.000000000000000083e-02
-7.939999999999999630e-08,4.000000000000000083e-02
-7.919999999999999451e-08,5.999999999999999778e-02
-7.900000000000000595e-08,5.999999999999999778e-02
-7.880000000000000416e-08,5.999999999999999778e-02
-7.860000000000000237e-08,5.999999999999999778e-02
-7.840000000000000058e-08,5.999999999999999778e-02
-7.819999999999999879e-08,5.999999999999999778e-02
-7.799999999999999700e-08,5.999999999999999778e-02
-7.779999999999999521e-08,5.999999999999999778e-02
-7.760000000000000665e-08,5.999999999999999778e-02
-7.739999999999999163e-08,5.999999999999999778e-02
-7.720000000000000307e-08,5.999999999999999778e-02
-7.700000000000000128e-08,5.999999999999999778e-02
-7.679999999999999949e-08,5.999999999999999778e-02
-7.659999999999999770e-08,5.999999999999999778e-02
-7.639999999999999591e-08,5.999999999999999778e-02
-7.620000000000000735e-08,5.999999999999999778e-02
-7.599999999999999233e-08,5.999999999999999778e-02
-7.580000000000000377e-08,5.999999999999999778e-02
-7.560000000000000198e-08,5.999999999999999778e-02
-7.540000000000000019e-08,5.999999999999999778e-02
-7.519999999999999840e-08,8.000000000000000167e-02
-7.499999999999999661e-08,5.999999999999999778e-02
-7.480000000000000805e-08,5.999999999999999778e-02
-7.459999999999999302e-08,5.999999999999999778e-02
-7.440000000000000447e-08,5.999999999999999778e-02
-7.420000000000000268e-08,5.999999999999999778e-02
-7.400000000000000089e-08,5.999999999999999778e-02
-7.379999999999999910e-08,5.999999999999999778e-02
-7.359999999999999730e-08,5.999999999999999778e-02
-7.340000000000000875e-08,5.999999999999999778e-02
-7.319999999999999372e-08,8.000000000000000167e-02
-7.300000000000000517e-08,8.000000000000000167e-02
-7.279999999999999014e-08,8.000000000000000167e-02
-7.260000000000000159e-08,8.000000000000000167e-02
-7.239999999999999979e-08,8.000000000000000167e-02
-7.219999999999999800e-08,8.000000000000000167e-02
-7.200000000000000945e-08,8.000000000000000167e-02
-7.179999999999999442e-08,8.000000000000000167e-02
-7.160000000000000587e-08,8.000000000000000167e-02
-7.139999999999999084e-08,8.000000000000000167e-02
-7.120000000000000228e-08,1.000000000000000056e-01
-7.100000000000000049e-08,8.000000000000000167e-02
-7.079999999999999870e-08,8.000000000000000167e-02
-7.059999999999999691e-08,8.000000000000000167e-02
-7.039999999999999512e-08,8.000000000000000167e-02
-7.020000000000000656e-08,8.000000000000000167e-02
-6.999999999999999154e-08,8.000000000000000167e-02
-6.980000000000000298e-08,5.999999999999999778e-02
-6.960000000000000119e-08,5.999999999999999778e-02
-6.939999999999999940e-08,8.000000000000000167e-02
-6.919999999999999761e-08,8.000000000000000167e-02
-6.899999999999999582e-08,8.000000000000000167e-02
-6.880000000000000726e-08,8.000000000000000167e-02
-6.859999999999999224e-08,8.000000000000000167e-02
-6.840000000000000368e-08,8.000000000000000167e-02
-6.820000000000000189e-08,1.000000000000000056e-01
-6.800000000000000010e-08,1.000000000000000056e-01
-6.779999999999999831e-08,1.000000000000000056e-01
-6.759999999999999652e-08,1.000000000000000056e-01
-6.740000000000000796e-08,1.000000000000000056e-01
-6.719999999999999294e-08,1.000000000000000056e-01
-6.700000000000000438e-08,1.000000000000000056e-01
-6.680000000000000259e-08,1.000000000000000056e-01
-6.660000000000000080e-08,1.000000000000000056e-01
-6.639999999999999901e-08,1.000000000000000056e-01
-6.619999999999999722e-08,1.000000000000000056e-01
-6.600000000000000866e-08,1.000000000000000056e-01
-6.579999999999999363e-08,1.000000000000000056e-01
-6.560000000000000508e-08,1.000000000000000056e-01
-6.539999999999999005e-08,1.000000000000000056e-01
-6.520000000000000150e-08,1.199999999999999956e-01
-6.499999999999999971e-08,1.199999999999999956e-01
-6.479999999999999791e-08,1.199999999999999956e-01
-6.459999999999999612e-08,1.199999999999999956e-01
-6.439999999999999433e-08,1.199999999999999956e-01
-6.420000000000000578e-08,1.199999999999999956e-01
-6.399999999999999075e-08,1.000000000000000056e-01
-6.380000000000000220e-08,1.000000000000000056e-01
-6.360000000000000040e-08,1.000000000000000056e-01
-6.339999999999999861e-08,1.000000000000000056e-01
-6.319999999999999682e-08,1.000000000000000056e-01
-6.299999999999999503e-08,1.000000000000000056e-01
-6.280000000000000648e-08,1.000000000000000056e-01
-6.259999999999999145e-08,1.000000000000000056e-01
-6.240000000000000289e-08,1.000000000000000056e-01
-6.220000000000000110e-08,1.000000000000000056e-01
-6.199999999999999931e-08,1.000000000000000056e-01
-6.179999999999999752e-08,1.000000000000000056e-01
-6.159999999999999573e-08,1.000000000000000056e-01
-6.140000000000000717e-08,1.000000000000000056e-01
-6.119999999999999215e-08,1.000000000000000056e-01
-6.100000000000000359e-08,8.000000000000000167e-02
-6.080000000000000180e-08,8.000000000000000167e-02
-6.060000000000000001e-08,8.000000000000000167e-02
-6.039999999999999822e-08,8.000000000000000167e-02
-6.019999999999999643e-08,8.000000000000000167e-02
-6.000000000000000787e-08,8.000000000000000167e-02
-5.979999999999999285e-08,8.000000000000000167e-02
-5.959999999999999767e-08,8.000000000000000167e-02
-5.939999999999999588e-08,8.000000000000000167e-02
-5.920000000000000071e-08,1.000000000000000056e-01
-5.899999999999999892e-08,1.000000000000000056e-01
-5.879999999999999713e-08,1.000000000000000056e-01
-5.860000000000000195e-08,1.000000000000000056e-01
-5.840000000000000016e-08,1.000000000000000056e-01
-5.819999999999999837e-08,1.199999999999999956e-01
-5.799999999999999658e-08,1.199999999999999956e-01
-5.780000000000000141e-08,1.199999999999999956e-01
-5.759999999999999962e-08,1.199999999999999956e-01
-5.739999999999999783e-08,1.199999999999999956e-01
-5.719999999999999604e-08,1.199999999999999956e-01
-5.700000000000000086e-08,1.199999999999999956e-01
-5.679999999999999907e-08,1.199999999999999956e-01
-5.659999999999999728e-08,1.199999999999999956e-01
-5.640000000000000211e-08,1.199999999999999956e-01
-5.620000000000000032e-08,1.199999999999999956e-01
-5.599999999999999852e-08,1.199999999999999956e-01
-5.579999999999999673e-08,1.199999999999999956e-01
-5.560000000000000156e-08,1.199999999999999956e-01
-5.539999999999999977e-08,1.199999999999999956e-01
-5.519999999999999798e-08,1.199999999999999956e-01
-5.499999999999999619e-08,1.199999999999999956e-01
-5.480000000000000101e-08,1.199999999999999956e-01
-5.459999999999999922e-08,1.199999999999999956e-01
-5.439999999999999743e-08,1.199999999999999956e-01
-5.420000000000000226e-08,1.199999999999999956e-01
-5.400000000000000047e-08,1.199999999999999956e-01
-5.379999999999999868e-08,1.199999999999999956e-01
-5.359999999999999689e-08,1.199999999999999956e-01
-5.340000000000000171e-08,1.199999999999999956e-01
-5.319999999999999992e-08,1.199999999999999956e-01
-5.299999999999999813e-08,1.199999999999999956e-01
-5.279999999999999634e-08,1.199999999999999956e-01
-5.260000000000000117e-08,1.199999999999999956e-01
-5.239999999999999938e-08,1.199999999999999956e-01
-5.219999999999999758e-08,1.199999999999999956e-01
-5.199999999999999579e-08,1.199999999999999956e-01
-5.180000000000000062e-08,1.199999999999999956e-01
-5.159999999999999883e-08,1.199999999999999956e-01
-5.139999999999999704e-08,1.199999999999999956e-01
-5.120000000000000187e-08,1.400000000000000133e-01
-5.100000000000000007e-08,1.400000000000000133e-01
-5.079999999999999828e-08,1.400000000000000133e-01
-5.059999999999999649e-08,1.400000000000000133e-01
-5.040000000000000132e-08,1.600000000000000033e-01
-5.019999999999999953e-08,1.600000000000000033e-01
-4.999999999999999774e-08,1.400000000000000133e-01
-4.979999999999999595e-08,1.400000000000000133e-01
-4.960000000000000077e-08,1.400000000000000133e-01
-4.939999999999999898e-08,1.400000000000000133e-01
-4.919999999999999719e-08,1.400000000000000133e-01
-4.900000000000000202e-08,1.400000000000000133e-01
-4.880000000000000023e-08,1.400000000000000133e-01
-4.859999999999999844e-08,1.400000000000000133e-01
-4.839999999999999665e-08,1.400000000000000133e-01
-4.819999999999999485e-08,1.600000000000000033e-01
-4.799999999999999306e-08,1.600000000000000033e-01
-4.780000000000000451e-08,1.600000000000000033e-01
-4.760000000000000272e-08,1.600000000000000033e-01
-4.740000000000000093e-08,1.600000000000000033e-01
-4.719999999999999913e-08,1.600000000000000033e-01
-4.699999999999999734e-08,1.400000000000000133e-01
-4.679999999999999555e-08,1.400000000000000133e-01
-4.659999999999999376e-08,1.400000000000000133e-01
-4.640000000000000521e-08,1.400000000000000133e-01
-4.620000000000000342e-08,1.400000000000000133e-01
-4.600000000000000162e-08,1.400000000000000133e-01
-4.579999999999999983e-08,1.400000000000000133e-01
-4.559999999999999804e-08,1.400000000000000133e-01
-4.539999999999999625e-08,1.400000000000000133e-01
-4.519999999999999446e-08,1.600000000000000033e-01
-4.499999999999999267e-08,1.600000000000000033e-01
-4.480000000000000411e-08,1.600000000000000033e-01
-4.460000000000000232e-08,1.600000000000000033e-01
-4.440000000000000053e-08,1.600000000000000033e-01
-4.419999999999999874e-08,1.600000000000000033e-01
-4.399999999999999695e-08,1.400000000000000133e-01
-4.379999999999999516e-08,1.400000000000000133e-01
-4.359999999999999337e-08,1.400000000000000133e-01
-4.340000000000000481e-08,1.400000000000000133e-01
-4.320000000000000302e-08,1.400000000000000133e-01
-4.300000000000000123e-08,1.400000000000000133e-01
-4.279999999999999944e-08,1.400000000000000133e-01
-4.259999999999999765e-08,1.400000000000000133e-01
-4.239999999999999586e-08,1.400000000000000133e-01
-4.219999999999999407e-08,1.600000000000000033e-01
-4.199999999999999228e-08,1.600000000000000033e-01
-4.180000000000000372e-08,1.600000000000000033e-01
-4.160000000000000193e-08,1.600000000000000033e-01
-4.140000000000000014e-08,1.600000000000000033e-01
-4.119999999999999835e-08,1.600000000000000033e-01
-4.099999999999999656e-08,1.600000000000000033e-01
-4.079999999999999477e-08,1.600000000000000033e-01
-4.059999999999999297e-08,1.799999999999999933e-01
-4.040000000000000442e-08,1.799999999999999933e-01
-4.020000000000000263e-08,2.000000000000000111e-01
-4.000000000000000084e-08,2.000000000000000111e-01
-3.979999999999999905e-08,2.000000000000000111e-01
-3.959999999999999726e-08,2.000000000000000111e-01
-3.939999999999999546e-08,2.200000000000000011e-01
-3.919999999999999367e-08,2.200000000000000011e-01
-3.899999999999999188e-08,2.200000000000000011e-01
-3.880000000000000333e-08,2.200000000000000011e-01
-3.860000000000000154e-08,2.200000000000000011e-01
-3.839999999999999974e-08,2.200000000000000011e-01
-3.819999999999999795e-08,2.200000000000000011e-01
-3.799999999999999616e-08,2.000000000000000111e-01
-3.779999999999999437e-08,2.000000000000000111e-01
-3.759999999999999258e-08,2.000000000000000111e-01
-3.740000000000000403e-08,2.000000000000000111e-01
-3.720000000000000223e-08,2.000000000000000111e-01
-3.700000000000000044e-08,2.000000000000000111e-01
-3.679999999999999865e-08,1.799999999999999933e-01
-3.659999999999999686e-08,1.799999999999999933e-01
-3.639999999999999507e-08,2.000000000000000111e-01
-3.619999999999999328e-08,2.000000000000000111e-01
-3.600000000000000472e-08,2.000000000000000111e-01
-3.580000000000000293e-08,2.000000000000000111e-01
-3.560000000000000114e-08,2.000000000000000111e-01
-3.539999999999999935e-08,2.000000000000000111e-01
-3.519999999999999756e-08,2.200000000000000011e-01
-3.499999999999999577e-08,2.200000000000000011e-01
-3.479999999999999398e-08,2.200000000000000011e-01
-3.459999999999999219e-08,2.200000000000000011e-01
-3.440000000000000363e-08,2.200000000000000011e-01
-3.420000000000000184e-08,2.200000000000000011e-01
-3.400000000000000005e-08,2.200000000000000011e-01
-3.379999999999999826e-08,2.200000000000000011e-01
-3.359999999999999647e-08,2.399999999999999911e-01
-3.339999999999999468e-08,2.399999999999999911e-01
-3.319999999999999289e-08,2.600000000000000089e-01
-3.300000000000000433e-08,2.600000000000000089e-01
-3.280000000000000254e-08,2.600000000000000089e-01
-3.260000000000000075e-08,2.600000000000000089e-01
-3.239999999999999896e-08,2.600000000000000089e-01
-3.219999999999999717e-08,2.600000000000000089e-01
-3.199999999999999538e-08,2.600000000000000089e-01
-3.179999999999999358e-08,2.600000000000000089e-01
-3.159999999999999179e-08,2.600000000000000089e-01
-3.140000000000000324e-08,2.600000000000000089e-01
-3.120000000000000145e-08,2.600000000000000089e-01
-3.099999999999999966e-08,2.600000000000000089e-01
-3.079999999999999787e-08,2.600000000000000089e-01
-3.059999999999999607e-08,2.600000000000000089e-01
-3.039999999999999428e-08,2.600000000000000089e-01
-3.019999999999999249e-08,2.800000000000000266e-01
-3.000000000000000394e-08,2.800000000000000266e-01
-2.980000000000000215e-08,2.600000000000000089e-01
-2.960000000000000035e-08,2.600000000000000089e-01
-2.939999999999999856e-08,2.600000000000000089e-01
-2.919999999999999677e-08,2.600000000000000089e-01
-2.899999999999999498e-08,2.399999999999999911e-01
-2.879999999999999319e-08,2.399999999999999911e-01
-2.860000000000000464e-08,2.399999999999999911e-01
-2.840000000000000284e-08,2.399999999999999911e-01
-2.820000000000000105e-08,2.399999999999999911e-01
-2.799999999999999926e-08,2.399999999999999911e-01
-2.779999999999999747e-08,2.399999999999999911e-01
-2.759999999999999568e-08,2.399999999999999911e-01
-2.739999999999999389e-08,2.399999999999999911e-01
-2.719999999999999210e-08,2.600000000000000089e-01
-2.700000000000000354e-08,2.600000000000000089e-01
-2.680000000000000175e-08,2.600000000000000089e-01
-2.659999999999999996e-08,2.800000000000000266e-01
-2.639999999999999817e-08,2.800000000000000266e-01
-2.619999999999999638e-08,2.999999999999999889e-01
-2.599999999999999459e-08,2.999999999999999889e-01
-2.579999999999999280e-08,2.999999999999999889e-01
-2.560000000000000424e-08,2.999999999999999889e-01
-2.540000000000000245e-08,3.200000000000000067e-01
-2.520000000000000066e-08,3.200000000000000067e-01
-2.499999999999999887e-08,3.200000000000000067e-01
-2.479999999999999708e-08,3.200000000000000067e-01
-2.459999999999999529e-08,3.200000000000000067e-01
-2.439999999999999350e-08,3.200000000000000067e-01
-2.419999999999999171e-08,3.200000000000000067e-01
-2.400000000000000315e-08,3.200000000000000067e-01
-2.380000000000000136e-08,3.200000000000000067e-01
-2.359999999999999957e-08,3.200000000000000067e-01
-2.339999999999999778e-08,3.200000000000000067e-01
-2.319999999999999599e-08,3.200000000000000067e-01
-2.299999999999999419e-08,3.200000000000000067e-01
-2.279999999999999240e-08,3.200000000000000067e-01
-2.260000000000000385e-08,3.200000000000000067e-01
-2.240000000000000206e-08,3.200000000000000067e-01
-2.220000000000000027e-08,3.400000000000000244e-01
-2.199999999999999848e-08,3.400000000000000244e-01
-2.179999999999999668e-08,3.400000000000000244e-01
-2.159999999999999489e-08,3.400000000000000244e-01
-2.139999999999999310e-08,3.400000000000000244e-01
-2.119999999999999131e-08,3.400000000000000244e-01
-2.100000000000000276e-08,3.200000000000000067e-01
-2.080000000000000096e-08,3.200000000000000067e-01
-2.059999999999999917e-08,3.200000000000000067e-01
-2.039999999999999738e-08,3.200000000000000067e-01
-2.019999999999999559e-08,3.200000000000000067e-01
-1.999999999999999380e-08,3.200000000000000067e-01
-1.979999999999999201e-08,2.999999999999999889e-01
-1.960000000000000345e-08,2.999999999999999889e-01
-1.940000000000000166e-08,3.200000000000000067e-01
-1.919999999999999987e-08,3.200000000000000067e-01
-1.899999999999999808e-08,3.200000000000000067e-01
-1.879999999999999629e-08,3.200000000000000067e-01
-1.859999999999999450e-08,3.200000000000000067e-01
-1.839999999999999271e-08,3.200000000000000067e-01
-1.820000000000000415e-08,3.400000000000000244e-01
-1.800000000000000236e-08,3.400000000000000244e-01
-1.780000000000000057e-08,3.400000000000000244e-01
-1.759999999999999878e-08,3.400000000000000244e-01
-1.739999999999999699e-08,3.400000000000000244e-01
-1.719999999999999520e-08,3.599999999999999867e-01
-1.699999999999999341e-08,3.599999999999999867e-01
-1.679999999999999162e-08,3.800000000000000044e-01
-1.660000000000000306e-08,4.000000000000000222e-01
-1.640000000000000127e-08,4.000000000000000222e-01
-1.619999999999999948e-08,4.199999999999999845e-01
-1.599999999999999769e-08,4.199999999999999845e-01
-1.579999999999999590e-08,4.000000000000000222e-01
-1.559999999999999411e-08,4.000000000000000222e-01
-1.539999999999999232e-08,4.000000000000000222e-01
-1.520000000000000376e-08,4.000000000000000222e-01
-1.500000000000000197e-08,4.000000000000000222e-01
-1.480000000000000018e-08,3.800000000000000044e-01
-1.459999999999999839e-08,3.800000000000000044e-01
-1.439999999999999660e-08,4.000000000000000222e-01
-1.419999999999999480e-08,4.000000000000000222e-01
-1.399999999999999301e-08,4.000000000000000222e-01
-1.379999999999999122e-08,4.000000000000000222e-01
-1.360000000000000267e-08,4.000000000000000222e-01
-1.340000000000000088e-08,4.000000000000000222e-01
-1.319999999999999909e-08,4.199999999999999845e-01
-1.299999999999999729e-08,4.199999999999999845e-01
-1.279999999999999550e-08,4.199999999999999845e-01
-1.259999999999999371e-08,4.400000000000000022e-01
-1.239999999999999192e-08,4.400000000000000022e-01
-1.220000000000000337e-08,4.600000000000000200e-01
-1.200000000000000157e-08,4.600000000000000200e-01
-1.179999999999999978e-08,4.600000000000000200e-01
-1.159999999999999799e-08,4.600000000000000200e-01
-1.139999999999999620e-08,4.600000000000000200e-01
-1.119999999999999441e-08,4.600000000000000200e-01
-1.099999999999999262e-08,4.400000000000000022e-01
-1.079999999999999083e-08,4.400000000000000022e-01
-1.060000000000000227e-08,4.400000000000000022e-01
-1.040000000000000048e-08,4.400000000000000022e-01
-1.019999999999999869e-08,4.400000000000000022e-01
-9.999999999999996901e-09,4.400000000000000022e-01
-9.799999999999995110e-09,4.400000000000000022e-01
-9.599999999999993319e-09,4.600000000000000200e-01
-9.399999999999991528e-09,4.600000000000000200e-01
-9.200000000000002972e-09,4.799999999999999822e-01
-9.000000000000001181e-09,4.799999999999999822e-01
-8.799999999999999390e-09,4.799999999999999822e-01
-8.599999999999997599e-09,4.799999999999999822e-01
-8.399999999999995808e-09,5.000000000000000000e-01
-8.199999999999994017e-09,5.000000000000000000e-01
-7.999999999999992226e-09,4.799999999999999822e-01
-7.800000000000003670e-09,4.799999999999999822e-01
-7.600000000000001880e-09,4.799999999999999822e-01
-7.400000000000000089e-09,4.799999999999999822e-01
-7.199999999999998298e-09,4.799999999999999822e-01
-6.999999999999996507e-09,4.799999999999999822e-01
-6.799999999999994716e-09,4.600000000000000200e-01
-6.599999999999992925e-09,4.600000000000000200e-01
-6.399999999999991134e-09,4.799999999999999822e-01
-6.200000000000002578e-09,4.799999999999999822e-01
-6.000000000000000787e-09,4.799999999999999822e-01
-5.799999999999998996e-09,4.799999999999999822e-01
-5.599999999999997205e-09,4.799999999999999822e-01
-5.399999999999995415e-09,4.799999999999999822e-01
-5.199999999999993624e-09,5.000000000000000000e-01
-4.999999999999991833e-09,5.000000000000000000e-01
-4.800000000000003277e-09,5.000000000000000000e-01
-4.600000000000001486e-09,5.000000000000000000e-01
-4.399999999999999695e-09,5.000000000000000000e-01
-4.199999999999997904e-09,5.200000000000000178e-01
-3.999999999999996113e-09,5.200000000000000178e-01
-3.799999999999994322e-09,5.200000000000000178e-01
-3.599999999999992531e-09,5.400000000000000355e-01
-3.399999999999990741e-09,5.400000000000000355e-01
-3.200000000000002185e-09,5.600000000000000533e-01
-3.000000000000000394e-09,5.600000000000000533e-01
-2.799999999999998603e-09,5.600000000000000533e-01
-2.599999999999996812e-09,5.600000000000000533e-01
-2.399999999999995021e-09,5.600000000000000533e-01
-2.199999999999993230e-09,5.600000000000000533e-01
-1.999999999999991439e-09,5.600000000000000533e-01
-1.800000000000002883e-09,5.400000000000000355e-01
-1.600000000000001092e-09,5.400000000000000355e-01
-1.399999999999999301e-09,5.600000000000000533e-01
-1.199999999999997510e-09,5.600000000000000533e-01
-9.999999999999957196e-10,5.600000000000000533e-01
-7.999999999999939287e-10,5.600000000000000533e-01
-5.999999999999921378e-10,5.799999999999999600e-01
-4.000000000000035818e-10,5.799999999999999600e-01
-2.000000000000017909e-10,5.999999999999999778e-01
0.000000000000000000e+00,5.999999999999999778e-01
2.000000000000017909e-10,5.999999999999999778e-01
4.000000000000035818e-10,5.999999999999999778e-01
6.000000000000053727e-10,5.999999999999999778e-01
8.000000000000071636e-10,6.199999999999999956e-01
1.000000000000008954e-09,6.199999999999999956e-01
1.199999999999997510e-09,6.199999999999999956e-01
1.399999999999999301e-09,6.199999999999999956e-01
1.600000000000001092e-09,6.199999999999999956e-01
1.800000000000002883e-09,6.400000000000000133e-01
2.000000000000004674e-09,6.400000000000000133e-01
2.200000000000006465e-09,6.400000000000000133e-01
2.400000000000008256e-09,6.400000000000000133e-01
2.599999999999996812e-09,6.400000000000000133e-01
2.799999999999998603e-09,6.400000000000000133e-01
3.000000000000000394e-09,6.400000000000000133e-01
3.200000000000002185e-09,6.400000000000000133e-01
3.400000000000003975e-09,6.400000000000000133e-01
3.600000000000005766e-09,6.400000000000000133e-01
3.800000000000007557e-09,6.600000000000000311e-01
4.000000000000009348e-09,6.600000000000000311e-01
4.199999999999997904e-09,6.600000000000000311e-01
4.399999999999999695e-09,6.600000000000000311e-01
4.600000000000001486e-09,6.600000000000000311e-01
4.800000000000003277e-09,6.800000000000000488e-01
5.000000000000005068e-09,6.800000000000000488e-01
5.200000000000006859e-09,6.800000000000000488e-01
5.400000000000008649e-09,6.800000000000000488e-01
5.599999999999997205e-09,6.800000000000000488e-01
5.799999999999998996e-09,6.800000000000000488e-01
6.000000000000000787e-09,6.800000000000000488e-01
6.200000000000002578e-09,6.800000000000000488e-01
6.400000000000004369e-09,7.000000000000000666e-01
6.600000000000006160e-09,7.000000000000000666e-01
6.800000000000007951e-09,7.199999999999999734e-01
7.000000000000009742e-09,7.199999999999999734e-01
7.199999999999998298e-09,7.199999999999999734e-01
7.400000000000000089e-09,7.199999999999999734e-01
7.600000000000001880e-09,7.199999999999999734e-01
7.800000000000003670e-09,7.399999999999999911e-01
8.000000000000005461e-09,7.399999999999999911e-01
8.200000000000007252e-09,7.399999999999999911e-01
8.400000000000009043e-09,7.399999999999999911e-01
8.599999999999997599e-09,7.399999999999999911e-01
8.799999999999999390e-09,7.600000000000000089e-01
9.000000000000001181e-09,7.600000000000000089e-01
9.200000000000002972e-09,7.600000000000000089e-01
9.400000000000004763e-09,7.800000000000000266e-01
9.600000000000006554e-09,7.800000000000000266e-01
9.800000000000008344e-09,8.000000000000000444e-01
9.999999999999996901e-09,8.000000000000000444e-01
1.019999999999999869e-08,8.000000000000000444e-01
1.040000000000000048e-08,8.000000000000000444e-01
1.060000000000000227e-08,8.000000000000000444e-01
1.080000000000000406e-08,8.000000000000000444e-01
1.100000000000000585e-08,8.000000000000000444e-01
1.120000000000000765e-08,8.000000000000000444e-01
1.139999999999999620e-08,8.000000000000000444e-01
1.160000000000001123e-08,8.000000000000000444e-01
1.179999999999999978e-08,8.000000000000000444e-01
1.200000000000001481e-08,8.000000000000000444e-01
1.220000000000000337e-08,8.000000000000000444e-01
1.239999999999999192e-08,8.000000000000000444e-01
1.260000000000000695e-08,8.000000000000000444e-01
1.279999999999999550e-08,8.200000000000000622e-01
1.300000000000001053e-08,8.200000000000000622e-01
1.319999999999999909e-08,8.200000000000000622e-01
1.340000000000001411e-08,8.200000000000000622e-01
1.360000000000000267e-08,8.200000000000000622e-01
1.379999999999999122e-08,8.399999999999999689e-01
1.400000000000000625e-08,8.399999999999999689e-01
1.419999999999999480e-08,8.399999999999999689e-01
1.440000000000000983e-08,8.599999999999999867e-01
1.459999999999999839e-08,8.599999999999999867e-01
1.480000000000001341e-08,8.800000000000000044e-01
1.500000000000000197e-08,8.800000000000000044e-01
1.519999999999999052e-08,9.000000000000000222e-01
1.540000000000000555e-08,9.000000000000000222e-01
1.559999999999999411e-08,9.000000000000000222e-01
1.580000000000000913e-08,9.200000000000000400e-01
1.599999999999999769e-08,9.200000000000000400e-01
1.620000000000001271e-08,9.200000000000000400e-01
1.640000000000000127e-08,9.200000000000000400e-01
1.660000000000001630e-08,9.200000000000000400e-01
1.680000000000000485e-08,9.200000000000000400e-01
1.699999999999999341e-08,9.200000000000000400e-01
1.720000000000000843e-08,9.000000000000000222e-01
1.739999999999999699e-08,9.000000000000000222e-01
1.760000000000001201e-08,9.200000000000000400e-01
1.780000000000000057e-08,9.200000000000000400e-01
1.800000000000001560e-08,9.200000000000000400e-01
1.820000000000000415e-08,9.200000000000000400e-01
1.839999999999999271e-08,9.400000000000000577e-01
1.860000000000000773e-08,9.400000000000000577e-01
1.879999999999999629e-08,9.599999999999999645e-01
1.900000000000001132e-08,9.599999999999999645e-01
1.919999999999999987e-08,9.599999999999999645e-01
1.940000000000001490e-08,9.599999999999999645e-01
1.960000000000000345e-08,9.599999999999999645e-01
1.979999999999999201e-08,9.799999999999999822e-01
2.000000000000000704e-08,9.799999999999999822e-01
2.019999999999999559e-08,9.799999999999999822e-01
2.040000000000001062e-08,9.799999999999999822e-01
2.059999999999999917e-08,9.799999999999999822e-01
2.080000000000001420e-08,1.000000000000000000e+00
2.100000000000000276e-08,1.000000000000000000e+00
2.119999999999999131e-08,1.000000000000000000e+00
2.140000000000000634e-08,1.020000000000000018e+00
2.159999999999999489e-08,1.020000000000000018e+00
2.180000000000000992e-08,1.040000000000000036e+00
2.199999999999999848e-08,1.040000000000000036e+00
2.220000000000001350e-08,1.040000000000000036e+00
2.240000000000000206e-08,1.040000000000000036e+00
2.259999999999999061e-08,1.040000000000000036e+00
2.280000000000000564e-08,1.060000000000000053e+00
2.299999999999999419e-08,1.060000000000000053e+00
2.320000000000000922e-08,1.060000000000000053e+00
2.339999999999999778e-08,1.060000000000000053e+00
2.360000000000001280e-08,1.060000000000000053e+00
2.380000000000000136e-08,1.080000000000000071e+00
2.400000000000001638e-08,1.080000000000000071e+00
2.420000000000000494e-08,1.080000000000000071e+00
2.439999999999999350e-08,1.100000000000000089e+00
2.460000000000000852e-08,1.100000000000000089e+00
2.479999999999999708e-08,1.120000000000000107e+00
2.500000000000001210e-08,1.120000000000000107e+00
2.520000000000000066e-08,1.120000000000000107e+00
2.540000000000001569e-08,1.120000000000000107e+00
2.560000000000000424e-08,1.140000000000000124e+00
2.579999999999999280e-08,1.140000000000000124e+00
2.600000000000000782e-08,1.140000000000000124e+00
2.619999999999999638e-08,1.140000000000000124e+00
2.640000000000001140e-08,1.140000000000000124e+00
2.659999999999999996e-08,1.140000000000000124e+00
2.680000000000001499e-08,1.140000000000000124e+00
2.700000000000000354e-08,1.140000000000000124e+00
2.719999999999999210e-08,1.140000000000000124e+00
2.740000000000000712e-08,1.159999999999999920e+00
2.759999999999999568e-08,1.159999999999999920e+00
2.780000000000001071e-08,1.179999999999999938e+00
2.799999999999999926e-08,1.179999999999999938e+00
2.820000000000001429e-08,1.179999999999999938e+00
2.840000000000000284e-08,1.179999999999999938e+00
2.859999999999999140e-08,1.179999999999999938e+00
2.880000000000000643e-08,1.179999999999999938e+00
2.899999999999999498e-08,1.179999999999999938e+00
2.920000000000001001e-08,1.179999999999999938e+00
2.939999999999999856e-08,1.179999999999999938e+00
2.960000000000001359e-08,1.179999999999999938e+00
2.980000000000000215e-08,1.199999999999999956e+00
3.000000000000001717e-08,1.199999999999999956e+00
3.020000000000000573e-08,1.219999999999999973e+00
3.039999999999999428e-08,1.219999999999999973e+00
3.060000000000000931e-08,1.239999999999999991e+00
3.079999999999999787e-08,1.260000000000000009e+00
3.100000000000001289e-08,1.260000000000000009e+00
3.120000000000000145e-08,1.260000000000000009e+00
3.140000000000001647e-08,1.260000000000000009e+00
3.160000000000000503e-08,1.280000000000000027e+00
3.179999999999999358e-08,1.280000000000000027e+00
3.200000000000000861e-08,1.260000000000000009e+00
3.219999999999999717e-08,1.260000000000000009e+00
3.240000000000001219e-08,1.260000000000000009e+00
3.260000000000000075e-08,1.260000000000000009e+00
3.280000000000001577e-08,1.260000000000000009e+00
3.300000000000000433e-08,1.260000000000000009e+00
3.319999999999999289e-08,1.260000000000000009e+00
3.340000000000000791e-08,1.280000000000000027e+00
3.359999999999999647e-08,1.280000000000000027e+00
3.380000000000001149e-08,1.300000000000000044e+00
3.400000000000000005e-08,1.300000000000000044e+00
3.420000000000001508e-08,1.300000000000000044e+00
3.440000000000000363e-08,1.300000000000000044e+00
3.459999999999999219e-08,1.300000000000000044e+00
3.480000000000000721e-08,1.320000000000000062e+00
3.499999999999999577e-08,1.320000000000000062e+00
3.520000000000001079e-08,1.320000000000000062e+00
3.539999999999999935e-08,1.340000000000000080e+00
3.560000000000001438e-08,1.340000000000000080e+00
3.580000000000000293e-08,1.360000000000000098e+00
3.599999999999999149e-08,1.360000000000000098e+00
3.620000000000000651e-08,1.360000000000000098e+00
3.639999999999999507e-08,1.360000000000000098e+00
3.660000000000001010e-08,1.360000000000000098e+00
3.679999999999999865e-08,1.380000000000000115e+00
3.700000000000001368e-08,1.380000000000000115e+00
3.720000000000000223e-08,1.380000000000000115e+00
3.740000000000001726e-08,1.400000000000000133e+00
3.760000000000000582e-08,1.400000000000000133e+00
3.779999999999999437e-08,1.419999999999999929e+00
3.800000000000000940e-08,1.419999999999999929e+00
3.819999999999999795e-08,1.419999999999999929e+00
3.840000000000001298e-08,1.419999999999999929e+00
3.860000000000000154e-08,1.439999999999999947e+00
3.880000000000001656e-08,1.439999999999999947e+00
3.900000000000000512e-08,1.439999999999999947e+00
3.919999999999999367e-08,1.439999999999999947e+00
3.940000000000000870e-08,1.439999999999999947e+00
3.959999999999999726e-08,1.439999999999999947e+00
3.980000000000001228e-08,1.439999999999999947e+00
4.000000000000000084e-08,1.439999999999999947e+00
4.020000000000001586e-08,1.439999999999999947e+00
4.040000000000000442e-08,1.439999999999999947e+00
4.059999999999999297e-08,1.439999999999999947e+00
4.080000000000000800e-08,1.459999999999999964e+00
4.099999999999999656e-08,1.459999999999999964e+00
4.120000000000001158e-08,1.459999999999999964e+00
4.140000000000000014e-08,1.479999999999999982e+00
4.160000000000001516e-08,1.479999999999999982e+00
4.180000000000000372e-08,1.500000000000000000e+00
4.199999999999999228e-08,1.500000000000000000e+00
4.220000000000000730e-08,1.500000000000000000e+00
4.239999999999999586e-08,1.500000000000000000e+00
4.260000000000001088e-08,1.520000000000000018e+00
4.279999999999999944e-08,1.520000000000000018e+00
4.300000000000001447e-08,1.520000000000000018e+00
4.320000000000000302e-08,1.520000000000000018e+00
4.339999999999999158e-08,1.520000000000000018e+00
4.360000000000000660e-08,1.520000000000000018e+00
4.379999999999999516e-08,1.520000000000000018e+00
4.400000000000001019e-08,1.520000000000000018e+00
4.419999999999999874e-08,1.520000000000000018e+00
4.440000000000001377e-08,1.540000000000000036e+00
4.460000000000000232e-08,1.540000000000000036e+00
4.480000000000001735e-08,1.560000000000000053e+00
4.500000000000000590e-08,1.560000000000000053e+00
4.519999999999999446e-08,1.560000000000000053e+00
4.540000000000000949e-08,1.560000000000000053e+00
4.559999999999999804e-08,1.560000000000000053e+00
4.580000000000001307e-08,1.560000000000000053e+00
4.600000000000000162e-08,1.560000000000000053e+00
4.620000000000001665e-08,1.560000000000000053e+00
4.640000000000000521e-08,1.560000000000000053e+00
4.659999999999999376e-08,1.560000000000000053e+00
4.680000000000000879e-08,1.560000000000000053e+00
4.699999999999999734e-08,1.560000000000000053e+00
4.720000000000001237e-08,1.560000000000000053e+00
4.740000000000000093e-08,1.560000000000000053e+00
4.760000000000001595e-08,1.560000000000000053e+00
4.780000000000000451e-08,1.580000000000000071e+00
4.799999999999999306e-08,1.580000000000000071e+00
4.820000000000000809e-08,1.580000000000000071e+00
4.839999999999999665e-08,1.600000000000000089e+00
4.860000000000001167e-08,1.600000000000000089e+00
4.880000000000000023e-08,1.620000000000000107e+00
4.900000000000001525e-08,1.620000000000000107e+00
4.920000000000000381e-08,1.620000000000000107e+00
4.939999999999999236e-08,1.620000000000000107e+00
4.960000000000000739e-08,1.620000000000000107e+00
4.979999999999999595e-08,1.640000000000000124e+00
5.000000000000001097e-08,1.640000000000000124e+00
5.019999999999999953e-08,1.640000000000000124e+00
5.040000000000001455e-08,1.640000000000000124e+00
5.060000000000000311e-08,1.640000000000000124e+00
5.079999999999999167e-08,1.660000000000000142e+00
5.100000000000000669e-08,1.660000000000000142e+00
5.119999999999999525e-08,1.660000000000000142e+00
5.140000000000001027e-08,1.660000000000000142e+00
5.159999999999999883e-08,1.660000000000000142e+00
5.180000000000001386e-08,1.660000000000000142e+00
5.200000000000000241e-08,1.660000000000000142e+00
5.220000000000001744e-08,1.660000000000000142e+00
5.240000000000000599e-08,1.660000000000000142e+00
5.259999999999999455e-08,1.660000000000000142e+00
5.280000000000000958e-08,1.679999999999999938e+00
5.299999999999999813e-08,1.679999999999999938e+00
5.320000000000001316e-08,1.679999999999999938e+00
5.340000000000000171e-08,1.699999999999999956e+00
5.360000000000001674e-08,1.699999999999999956e+00
5.380000000000000529e-08,1.719999999999999973e+00
5.399999999999999385e-08,1.719999999999999973e+00
5.420000000000000888e-08,1.719999999999999973e+00
5.439999999999999743e-08,1.719999999999999973e+00
5.460000000000001246e-08,1.719999999999999973e+00
5.480000000000000101e-08,1.719999999999999973e+00
5.500000000000001604e-08,1.719999999999999973e+00
5.520000000000000460e-08,1.699999999999999956e+00
5.539999999999999315e-08,1.699999999999999956e+00
5.560000000000000818e-08,1.719999999999999973e+00
5.579999999999999673e-08,1.719999999999999973e+00
5.600000000000001176e-08,1.719999999999999973e+00
5.620000000000000032e-08,1.719999999999999973e+00
5.640000000000001534e-08,1.739999999999999991e+00
5.660000000000000390e-08,1.739999999999999991e+00
5.679999999999999245e-08,-3.359999999999999876e+00
5.700000000000000748e-08,-3.359999999999999876e+00
5.719999999999999604e-08,-3.359999999999999876e+00
5.740000000000001106e-08,-3.359999999999999876e+00
5.759999999999999962e-08,-3.359999999999999876e+00
5.780000000000001464e-08,-3.359999999999999876e+00
5.800000000000000320e-08,-3.359999999999999876e+00
5.820000000000001822e-08,-3.359999999999999876e+00
5.840000000000000678e-08,-3.359999999999999876e+00
5.859999999999999534e-08,-3.359999999999999876e+00
5.880000000000001036e-08,-3.339999999999999858e+00
5.899999999999999892e-08,-3.339999999999999858e+00
5.920000000000001394e-08,-3.339999999999999858e+00
5.940000000000000250e-08,-3.339999999999999858e+00
5.960000000000001753e-08,-3.339999999999999858e+00
5.980000000000000608e-08,-3.320000000000000284e+00
5.999999999999999464e-08,-3.320000000000000284e+00
6.020000000000000966e-08,-3.320000000000000284e+00
6.039999999999999822e-08,-3.320000000000000284e+00
6.060000000000001325e-08,-3.320000000000000284e+00
6.080000000000000180e-08,-3.320000000000000284e+00
6.100000000000001683e-08,-3.320000000000000284e+00
6.120000000000000538e-08,-3.320000000000000284e+00
6.139999999999999394e-08,-3.320000000000000284e+00
6.160000000000000897e-08,-3.320000000000000284e+00
6.179999999999999752e-08,-3.320000000000000284e+00
6.200000000000001255e-08,-3.320000000000000284e+00
6.220000000000000110e-08,-3.320000000000000284e+00
6.240000000000001613e-08,-3.320000000000000284e+00
6.260000000000000468e-08,-3.320000000000000284e+00
6.279999999999999324e-08,-3.300000000000000266e+00
6.300000000000000827e-08,-3.300000000000000266e+00
6.319999999999999682e-08,-3.300000000000000266e+00
6.340000000000001185e-08,-3.300000000000000266e+00
6.360000000000000040e-08,-3.300000000000000266e+00
6.380000000000001543e-08,-3.300000000000000266e+00
6.400000000000000399e-08,-3.300000000000000266e+00
6.419999999999999254e-08,-3.300000000000000266e+00
6.440000000000000757e-08,-3.300000000000000266e+00
6.459999999999999612e-08,-3.300000000000000266e+00
6.480000000000001115e-08,-3.280000000000000249e+00
6.499999999999999971e-08,-3.280000000000000249e+00
6.520000000000001473e-08,-3.280000000000000249e+00
6.540000000000000329e-08,-3.280000000000000249e+00
6.560000000000001831e-08,-3.280000000000000249e+00
6.580000000000000687e-08,-3.260000000000000231e+00
6.599999999999999543e-08,-3.260000000000000231e+00
6.620000000000001045e-08,-3.260000000000000231e+00
6.639999999999999901e-08,-3.260000000000000231e+00
6.660000000000001403e-08,-3.260000000000000231e+00
6.680000000000000259e-08,-3.240000000000000213e+00
6.700000000000001761e-08,-3.240000000000000213e+00
6.720000000000000617e-08,-3.240000000000000213e+00
6.739999999999999473e-08,-3.240000000000000213e+00
6.760000000000000975e-08,-3.240000000000000213e+00
6.779999999999999831e-08,-3.240000000000000213e+00
6.800000000000001333e-08,-3.240000000000000213e+00
6.820000000000000189e-08,-3.240000000000000213e+00
6.840000000000001692e-08,-3.240000000000000213e+00
6.860000000000000547e-08,-3.240000000000000213e+00
6.879999999999999403e-08,-3.240000000000000213e+00
6.900000000000000905e-08,-3.240000000000000213e+00
6.919999999999999761e-08,-3.240000000000000213e+00
6.940000000000001264e-08,-3.240000000000000213e+00
6.960000000000000119e-08,-3.240000000000000213e+00
6.980000000000001622e-08,-3.240000000000000213e+00
7.000000000000000477e-08,-3.240000000000000213e+00
7.019999999999999333e-08,-3.240000000000000213e+00
7.040000000000000836e-08,-3.240000000000000213e+00
7.059999999999999691e-08,-3.240000000000000213e+00
7.080000000000001194e-08,-3.220000000000000195e+00
7.100000000000000049e-08,-3.220000000000000195e+00
7.120000000000001552e-08,-3.220000000000000195e+00
7.140000000000000407e-08,-3.220000000000000195e+00
7.159999999999999263e-08,-3.220000000000000195e+00
7.180000000000000766e-08,-3.200000000000000178e+00
7.199999999999999621e-08,-3.200000000000000178e+00
7.220000000000001124e-08,-3.200000000000000178e+00
7.239999999999999979e-08,-3.200000000000000178e+00
7.260000000000001482e-08,-3.200000000000000178e+00
7.280000000000000338e-08,-3.200000000000000178e+00
7.300000000000001840e-08,-3.220000000000000195e+00
7.320000000000000696e-08,-3.220000000000000195e+00
7.339999999999999551e-08,-3.220000000000000195e+00
7.360000000000001054e-08,-3.220000000000000195e+00
7.379999999999999910e-08,-3.220000000000000195e+00
7.400000000000001412e-08,-3.220000000000000195e+00
7.420000000000000268e-08,-3.220000000000000195e+00
7.440000000000001770e-08,-3.220000000000000195e+00
7.460000000000000626e-08,-3.220000000000000195e+00
7.479999999999999482e-08,-3.200000000000000178e+00
7.500000000000000984e-08,-3.200000000000000178e+00
7.519999999999999840e-08,-3.200000000000000178e+00
7.540000000000001342e-08,-3.200000000000000178e+00
7.560000000000000198e-08,-3.200000000000000178e+00
7.580000000000001700e-08,-3.200000000000000178e+00
7.600000000000000556e-08,-3.200000000000000178e+00
7.619999999999999412e-08,-3.200000000000000178e+00
7.640000000000000914e-08,-3.200000000000000178e+00
7.659999999999999770e-08,-3.200000000000000178e+00
7.680000000000001272e-08,-3.200000000000000178e+00
7.700000000000000128e-08,-3.220000000000000195e+00
7.720000000000001631e-08,-3.220000000000000195e+00
7.740000000000000486e-08,-3.220000000000000195e+00
7.759999999999999342e-08,-3.220000000000000195e+00
7.780000000000000844e-08,-3.220000000000000195e+00
7.799999999999999700e-08,-3.220000000000000195e+00
7.820000000000001203e-08,-3.240000000000000213e+00
7.840000000000000058e-08,-3.240000000000000213e+00
7.860000000000001561e-08,-3.220000000000000195e+00
7.880000000000000416e-08,-3.220000000000000195e+00
7.899999999999999272e-08,-3.220000000000000195e+00
7.920000000000000775e-08,-3.220000000000000195e+00
7.939999999999999630e-08,-3.220000000000000195e+00
7.960000000000001133e-08,-3.220000000000000195e+00
7.979999999999999988e-08,-3.200000000000000178e+00
8.000000000000001491e-08,-3.200000000000000178e+00
8.020000000000000346e-08,-3.200000000000000178e+00
8.040000000000001849e-08,-3.200000000000000178e+00
8.060000000000000705e-08,-3.200000000000000178e+00
8.079999999999999560e-08,-3.200000000000000178e+00
8.100000000000001063e-08,-3.220000000000000195e+00
8.119999999999999918e-08,-3.220000000000000195e+00
8.140000000000001421e-08,-3.220000000000000195e+00
8.160000000000000277e-08,-3.220000000000000195e+00
8.180000000000001779e-08,-3.220000000000000195e+00
8.200000000000000635e-08,-3.220000000000000195e+00
8.219999999999999490e-08,-3.220000000000000195e+00
8.240000000000000993e-08,-3.220000000000000195e+00
8.259999999999999849e-08,-3.220000000000000195e+00
8.280000000000001351e-08,-3.200000000000000178e+00
8.300000000000000207e-08,-3.200000000000000178e+00
8.320000000000001709e-08,-3.200000000000000178e+00
8.340000000000000565e-08,-3.200000000000000178e+00
8.359999999999999421e-08,-3.200000000000000178e+00
8.380000000000000923e-08,-3.200000000000000178e+00
8.399999999999999779e-08,-3.220000000000000195e+00
8.420000000000001281e-08,-3.220000000000000195e+00
8.440000000000000137e-08,-3.220000000000000195e+00
8.460000000000001639e-08,-3.220000000000000195e+00
8.480000000000000495e-08,-3.220000000000000195e+00
8.499999999999999351e-08,-3.220000000000000195e+00
8.520000000000000853e-08,-3.220000000000000195e+00
8.539999999999999709e-08,-3.220000000000000195e+00
8.560000000000001211e-08,-3.220000000000000195e+00
8.580000000000000067e-08,-3.200000000000000178e+00
8.600000000000001570e-08,-3.200000000000000178e+00
8.620000000000000425e-08,-3.220000000000000195e+00
8.640000000000001928e-08,-3.220000000000000195e+00
8.660000000000000783e-08,-3.220000000000000195e+00
8.679999999999999639e-08,-3.220000000000000195e+00
8.700000000000001142e-08,-3.240000000000000213e+00
8.719999999999999997e-08,-3.240000000000000213e+00
8.740000000000001500e-08,-3.240000000000000213e+00
8.760000000000000355e-08,-3.240000000000000213e+00
8.780000000000001858e-08,-3.240000000000000213e+00
8.800000000000000714e-08,-3.240000000000000213e+00
8.819999999999999569e-08,-3.240000000000000213e+00
8.840000000000001072e-08,-3.240000000000000213e+00
8.859999999999999927e-08,-3.220000000000000195e+00
8.880000000000001430e-08,-3.220000000000000195e+00
8.900000000000000285e-08,-3.240000000000000213e+00
8.920000000000001788e-08,-3.240000000000000213e+00
8.940000000000000644e-08,-3.260000000000000231e+00
8.959999999999999499e-08,-3.260000000000000231e+00
8.980000000000001002e-08,-3.260000000000000231e+00
8.999999999999999857e-08,-3.260000000000000231e+00
9.020000000000001360e-08,-3.260000000000000231e+00
9.040000000000000216e-08,-3.260000000000000231e+00
9.060000000000001718e-08,-3.260000000000000231e+00
9.080000000000000574e-08,-3.240000000000000213e+00
9.099999999999999429e-08,-3.240000000000000213e+00
9.120000000000000932e-08,-3.240000000000000213e+00
9.139999999999999788e-08,-3.240000000000000213e+00
9.160000000000001290e-08,-3.240000000000000213e+00
9.180000000000000146e-08,-3.240000000000000213e+00
9.200000000000001648e-08,-3.260000000000000231e+00
9.220000000000000504e-08,-3.260000000000000231e+00
9.239999999999999360e-08,-3.260000000000000231e+00
9.260000000000000862e-08,-3.260000000000000231e+00
9.279999999999999718e-08,-3.260000000000000231e+00
9.300000000000001220e-08,-3.280000000000000249e+00
9.320000000000000076e-08,-3.280000000000000249e+00
9.340000000000001578e-08,-3.280000000000000249e+00
9.360000000000000434e-08,-3.280000000000000249e+00
9.380000000000001937e-08,-3.280000000000000249e+00
9.400000000000000792e-08,-3.280000000000000249e+00
9.419999999999999648e-08,-3.280000000000000249e+00
9.440000000000001150e-08,-3.280000000000000249e+00
9.460000000000000006e-08,-3.280000000000000249e+00
9.480000000000001509e-08,-3.260000000000000231e+00
9.500000000000000364e-08,-3.260000000000000231e+00
9.520000000000001867e-08,-3.260000000000000231e+00
9.540000000000000722e-08,-3.260000000000000231e+00
9.559999999999999578e-08,-3.260000000000000231e+00
9.580000000000001081e-08,-3.260000000000000231e+00
9.599999999999999936e-08,-3.280000000000000249e+00
9.620000000000001439e-08,-3.280000000000000249e+00
9.640000000000000294e-08,-3.300000000000000266e+00
9.660000000000001797e-08,-3.300000000000000266e+00
9.680000000000000653e-08,-3.300000000000000266e+00
9.699999999999999508e-08,-3.300000000000000266e+00
9.720000000000001011e-08,-3.300000000000000266e+00
9.739999999999999866e-08,-3.300000000000000266e+00
9.760000000000001369e-08,-3.300000000000000266e+00
9.780000000000000224e-08,-3.300000000000000266e+00
9.800000000000001727e-08,-3.320000000000000284e+00
9.820000000000000583e-08,-3.320000000000000284e+00
9.839999999999999438e-08,-3.320000000000000284e+00
9.860000000000000941e-08,-3.320000000000000284e+00
9.879999999999999796e-08,-3.320000000000000284e+00
9.900000000000001299e-08,-3.320000000000000284e+00
9.920000000000000155e-08,-3.320000000000000284e+00
9.940000000000001657e-08,-3.320000000000000284e+00
9.960000000000000513e-08,-3.320000000000000284e+00
9.979999999999999368e-08,-3.320000000000000284e+00
1.000000000000000087e-07,-3.320000000000000284e+00
1.001999999999999973e-07,-3.320000000000000284e+00
1.004000000000000123e-07,-3.320000000000000284e+00
1.006000000000000008e-07,-3.320000000000000284e+00
1.008000000000000159e-07,-3.320000000000000284e+00
1.010000000000000044e-07,-3.339999999999999858e+00
1.012000000000000195e-07,-3.339999999999999858e+00
1.014000000000000080e-07,-3.339999999999999858e+00
1.015999999999999966e-07,-3.339999999999999858e+00
1.018000000000000116e-07,-3.339999999999999858e+00
1.020000000000000001e-07,-3.359999999999999876e+00
1.022000000000000152e-07,-3.359999999999999876e+00
1.024000000000000037e-07,-3.359999999999999876e+00
1.026000000000000188e-07,-3.359999999999999876e+00
1.028000000000000073e-07,-3.359999999999999876e+00
1.029999999999999959e-07,1.739999999999999991e+00
1.032000000000000109e-07,1.739999999999999991e+00
1.033999999999999995e-07,1.739999999999999991e+00
1.036000000000000145e-07,1.739999999999999991e+00
1.038000000000000030e-07,1.739999999999999991e+00
1.040000000000000181e-07,1.739999999999999991e+00
1.042000000000000066e-07,1.739999999999999991e+00
1.043999999999999952e-07,1.739999999999999991e+00
1.046000000000000102e-07,1.739999999999999991e+00
1.047999999999999988e-07,1.739999999999999991e+00
1.050000000000000138e-07,1.739999999999999991e+00
1.052000000000000023e-07,1.739999999999999991e+00
1.054000000000000174e-07,1.739999999999999991e+00
1.056000000000000059e-07,1.739999999999999991e+00
1.057999999999999945e-07,1.739999999999999991e+00
1.060000000000000095e-07,1.719999999999999973e+00
1.061999999999999981e-07,1.719999999999999973e+00
1.064000000000000131e-07,1.719999999999999973e+00
1.066000000000000016e-07,1.719999999999999973e+00
1.068000000000000167e-07,1.719999999999999973e+00
1.070000000000000052e-07,1.719999999999999973e+00
1.071999999999999938e-07,1.719999999999999973e+00
1.074000000000000088e-07,1.719999999999999973e+00
1.075999999999999974e-07,1.719999999999999973e+00
1.078000000000000124e-07,1.719999999999999973e+00
1.080000000000000009e-07,1.699999999999999956e+00
1.082000000000000160e-07,1.699999999999999956e+00
1.084000000000000045e-07,1.699999999999999956e+00
1.086000000000000195e-07,1.699999999999999956e+00
1.088000000000000081e-07,1.699999999999999956e+00
1.089999999999999967e-07,1.679999999999999938e+00
1.092000000000000117e-07,1.679999999999999938e+00
1.094000000000000002e-07,1.679999999999999938e+00
1.096000000000000153e-07,1.679999999999999938e+00
1.098000000000000038e-07,1.679999999999999938e+00
1.100000000000000188e-07,1.679999999999999938e+00
1.102000000000000074e-07,1.679999999999999938e+00
1.103999999999999960e-07,1.679999999999999938e+00
1.106000000000000110e-07,1.679999999999999938e+00
1.107999999999999995e-07,1.679999999999999938e+00
1.110000000000000146e-07,1.679999999999999938e+00
1.112000000000000031e-07,1.660000000000000142e+00
1.114000000000000181e-07,1.660000000000000142e+00
1.116000000000000067e-07,1.660000000000000142e+00
1.117999999999999953e-07,1.660000000000000142e+00
1.120000000000000103e-07,1.640000000000000124e+00
1.121999999999999988e-07,1.640000000000000124e+00
1.124000000000000139e-07,1.620000000000000107e+00
1.126000000000000024e-07,1.620000000000000107e+00
1.128000000000000174e-07,1.620000000000000107e+00
1.130000000000000060e-07,1.620000000000000107e+00
1.131999999999999946e-07,1.620000000000000107e+00
1.134000000000000096e-07,1.620000000000000107e+00
1.135999999999999981e-07,1.620000000000000107e+00
1.138000000000000132e-07,1.640000000000000124e+00
1.140000000000000017e-07,1.640000000000000124e+00
1.142000000000000167e-07,1.620000000000000107e+00
1.144000000000000053e-07,1.620000000000000107e+00
1.146000000000000203e-07,1.620000000000000107e+00
1.148000000000000089e-07,1.620000000000000107e+00
1.149999999999999974e-07,1.600000000000000089e+00
1.152000000000000125e-07,1.600000000000000089e+00
1.154000000000000010e-07,1.600000000000000089e+00
1.156000000000000161e-07,1.600000000000000089e+00
1.158000000000000046e-07,1.600000000000000089e+00
1.160000000000000196e-07,1.600000000000000089e+00
1.162000000000000082e-07,1.600000000000000089e+00
1.163999999999999967e-07,1.600000000000000089e+00
1.166000000000000118e-07,1.600000000000000089e+00
1.168000000000000003e-07,1.600000000000000089e+00
1.170000000000000154e-07,1.580000000000000071e+00
1.172000000000000039e-07,1.580000000000000071e+00
1.174000000000000189e-07,1.580000000000000071e+00
1.176000000000000075e-07,1.580000000000000071e+00
1.177999999999999960e-07,1.580000000000000071e+00
1.180000000000000111e-07,1.560000000000000053e+00
1.181999999999999996e-07,1.560000000000000053e+00
1.184000000000000147e-07,1.560000000000000053e+00
1.186000000000000032e-07,1.560000000000000053e+00
1.188000000000000182e-07,1.560000000000000053e+00
1.190000000000000068e-07,1.560000000000000053e+00
1.191999999999999953e-07,1.560000000000000053e+00
1.194000000000000236e-07,1.560000000000000053e+00
1.195999999999999857e-07,1.560000000000000053e+00
1.198000000000000007e-07,1.560000000000000053e+00
1.200000000000000157e-07,1.540000000000000036e+00
1.202000000000000308e-07,1.540000000000000036e+00
1.203999999999999929e-07,1.540000000000000036e+00
1.206000000000000079e-07,1.540000000000000036e+00
1.208000000000000229e-07,1.540000000000000036e+00
1.209999999999999850e-07,1.540000000000000036e+00
1.212000000000000000e-07,1.540000000000000036e+00
1.214000000000000150e-07,1.540000000000000036e+00
1.216000000000000301e-07,1.540000000000000036e+00
1.217999999999999922e-07,1.540000000000000036e+00
1.220000000000000072e-07,1.540000000000000036e+00
1.222000000000000222e-07,1.520000000000000018e+00
1.223999999999999843e-07,1.520000000000000018e+00
1.225999999999999993e-07,1.520000000000000018e+00
1.228000000000000143e-07,1.520000000000000018e+00
1.230000000000000294e-07,1.500000000000000000e+00
1.231999999999999915e-07,1.500000000000000000e+00
1.234000000000000065e-07,1.479999999999999982e+00
1.236000000000000215e-07,1.479999999999999982e+00
1.237999999999999836e-07,1.479999999999999982e+00
1.239999999999999986e-07,1.459999999999999964e+00
1.242000000000000136e-07,1.459999999999999964e+00
1.244000000000000287e-07,1.459999999999999964e+00
1.245999999999999908e-07,1.459999999999999964e+00
1.248000000000000058e-07,1.459999999999999964e+00
1.250000000000000208e-07,1.459999999999999964e+00
1.251999999999999829e-07,1.459999999999999964e+00
1.253999999999999979e-07,1.459999999999999964e+00
1.256000000000000130e-07,1.459999999999999964e+00
1.258000000000000280e-07,1.479999999999999982e+00
1.259999999999999901e-07,1.479999999999999982e+00
1.262000000000000051e-07,1.479999999999999982e+00
1.264000000000000201e-07,1.479999999999999982e+00
1.265999999999999822e-07,1.479999999999999982e+00
1.267999999999999972e-07,1.479999999999999982e+00
1.270000000000000123e-07,1.459999999999999964e+00
1.272000000000000273e-07,1.459999999999999964e+00
1.273999999999999894e-07,1.459999999999999964e+00
1.276000000000000044e-07,1.439999999999999947e+00
1.278000000000000194e-07,1.439999999999999947e+00
1.279999999999999815e-07,1.419999999999999929e+00
1.281999999999999965e-07,1.419999999999999929e+00
1.284000000000000116e-07,1.400000000000000133e+00
1.286000000000000266e-07,1.400000000000000133e+00
1.287999999999999887e-07,1.400000000000000133e+00
1.290000000000000037e-07,1.400000000000000133e+00
1.292000000000000187e-07,1.380000000000000115e+00
1.294000000000000337e-07,1.400000000000000133e+00
1.295999999999999958e-07,1.400000000000000133e+00
1.298000000000000109e-07,1.400000000000000133e+00
1.300000000000000259e-07,1.400000000000000133e+00
1.301999999999999880e-07,1.400000000000000133e+00
1.304000000000000030e-07,1.400000000000000133e+00
1.306000000000000180e-07,1.400000000000000133e+00
1.307999999999999801e-07,1.400000000000000133e+00
1.309999999999999951e-07,1.380000000000000115e+00
1.312000000000000102e-07,1.380000000000000115e+00
1.313999999999999722e-07,1.380000000000000115e+00
1.315999999999999873e-07,1.380000000000000115e+00
1.318000000000000023e-07,1.380000000000000115e+00
1.320000000000000173e-07,1.380000000000000115e+00
1.321999999999999794e-07,1.380000000000000115e+00
1.323999999999999944e-07,1.380000000000000115e+00
1.326000000000000095e-07,1.380000000000000115e+00
1.327999999999999715e-07,1.380000000000000115e+00
1.329999999999999866e-07,1.380000000000000115e+00
1.332000000000000016e-07,1.380000000000000115e+00
1.334000000000000166e-07,1.380000000000000115e+00
1.335999999999999787e-07,1.380000000000000115e+00
1.337999999999999937e-07,1.380000000000000115e+00
1.340000000000000088e-07,1.360000000000000098e+00
1.341999999999999708e-07,1.360000000000000098e+00
1.343999999999999859e-07,1.360000000000000098e+00
1.346000000000000009e-07,1.360000000000000098e+00
1.348000000000000159e-07,1.360000000000000098e+00
1.349999999999999780e-07,1.340000000000000080e+00
1.351999999999999930e-07,1.340000000000000080e+00
1.354000000000000081e-07,1.340000000000000080e+00
1.355999999999999701e-07,1.340000000000000080e+00
1.357999999999999852e-07,1.340000000000000080e+00
1.360000000000000002e-07,1.320000000000000062e+00
1.362000000000000152e-07,1.320000000000000062e+00
1.363999999999999773e-07,1.300000000000000044e+00
1.365999999999999923e-07,1.300000000000000044e+00
1.368000000000000074e-07,1.300000000000000044e+00
1.369999999999999694e-07,1.300000000000000044e+00
1.371999999999999845e-07,1.280000000000000027e+00
1.373999999999999995e-07,1.300000000000000044e+00
1.376000000000000145e-07,1.300000000000000044e+00
1.377999999999999766e-07,1.300000000000000044e+00
1.379999999999999916e-07,1.300000000000000044e+00
1.382000000000000067e-07,1.300000000000000044e+00
1.383999999999999687e-07,1.300000000000000044e+00
1.385999999999999838e-07,1.300000000000000044e+00
1.387999999999999988e-07,1.300000000000000044e+00
1.390000000000000138e-07,1.280000000000000027e+00
1.391999999999999759e-07,1.280000000000000027e+00
1.393999999999999909e-07,1.260000000000000009e+00
1.396000000000000060e-07,1.260000000000000009e+00
1.398000000000000210e-07,1.260000000000000009e+00
1.399999999999999831e-07,1.260000000000000009e+00
1.401999999999999981e-07,1.260000000000000009e+00
1.404000000000000131e-07,1.260000000000000009e+00
1.405999999999999752e-07,1.260000000000000009e+00
1.407999999999999902e-07,1.260000000000000009e+00
1.410000000000000053e-07,1.239999999999999991e+00
1.412000000000000203e-07,1.239999999999999991e+00
1.413999999999999824e-07,1.239999999999999991e+00
1.415999999999999974e-07,1.239999999999999991e+00
1.418000000000000124e-07,1.239999999999999991e+00
1.419999999999999745e-07,1.239999999999999991e+00
1.421999999999999895e-07,1.239999999999999991e+00
1.424000000000000046e-07,1.239999999999999991e+00
1.426000000000000196e-07,1.239999999999999991e+00
1.427999999999999817e-07,1.239999999999999991e+00
1.429999999999999967e-07,1.239999999999999991e+00
1.432000000000000117e-07,1.239999999999999991e+00
1.433999999999999738e-07,1.239999999999999991e+00
1.435999999999999888e-07,1.239999999999999991e+00
1.438000000000000039e-07,1.239999999999999991e+00
1.440000000000000189e-07,1.219999999999999973e+00
1.441999999999999810e-07,1.219999999999999973e+00
1.443999999999999960e-07,1.199999999999999956e+00
1.446000000000000110e-07,1.199999999999999956e+00
1.447999999999999731e-07,1.199999999999999956e+00
1.449999999999999881e-07,1.199999999999999956e+00
1.452000000000000032e-07,1.179999999999999938e+00
1.454000000000000182e-07,1.199999999999999956e+00
1.455999999999999803e-07,1.199999999999999956e+00
1.457999999999999953e-07,1.199999999999999956e+00
1.460000000000000103e-07,1.199999999999999956e+00
1.461999999999999724e-07,1.199999999999999956e+00
1.463999999999999874e-07,1.199999999999999956e+00
1.466000000000000025e-07,1.199999999999999956e+00
1.468000000000000175e-07,1.199999999999999956e+00
1.469999999999999796e-07,1.179999999999999938e+00
1.471999999999999946e-07,1.179999999999999938e+00
1.474000000000000096e-07,1.179999999999999938e+00
1.475999999999999717e-07,1.179999999999999938e+00
1.477999999999999867e-07,1.179999999999999938e+00
1.480000000000000018e-07,1.179999999999999938e+00
1.482000000000000168e-07,1.179999999999999938e+00
1.483999999999999789e-07,1.179999999999999938e+00
1.485999999999999939e-07,1.179999999999999938e+00
1.488000000000000089e-07,1.179999999999999938e+00
1.489999999999999710e-07,1.159999999999999920e+00
1.491999999999999860e-07,1.159999999999999920e+00
1.494000000000000011e-07,1.140000000000000124e+00
1.496000000000000161e-07,1.140000000000000124e+00
1.497999999999999782e-07,1.140000000000000124e+00
1.499999999999999932e-07,1.140000000000000124e+00
1.502000000000000082e-07,1.140000000000000124e+00
1.503999999999999703e-07,1.140000000000000124e+00
1.505999999999999854e-07,1.140000000000000124e+00
1.508000000000000004e-07,1.159999999999999920e+00
1.510000000000000154e-07,1.140000000000000124e+00
1.511999999999999775e-07,1.140000000000000124e+00
1.513999999999999925e-07,1.140000000000000124e+00
1.516000000000000075e-07,1.140000000000000124e+00
1.517999999999999696e-07,1.140000000000000124e+00
1.519999999999999847e-07,1.140000000000000124e+00
1.521999999999999997e-07,1.140000000000000124e+00
1.524000000000000147e-07,1.140000000000000124e+00
1.525999999999999768e-07,1.140000000000000124e+00
1.527999999999999918e-07,1.140000000000000124e+00
1.530000000000000068e-07,1.120000000000000107e+00
1.531999999999999689e-07,1.120000000000000107e+00
1.533999999999999840e-07,1.100000000000000089e+00
1.535999999999999990e-07,1.100000000000000089e+00
1.538000000000000140e-07,1.100000000000000089e+00
1.539999999999999761e-07,1.080000000000000071e+00
1.541999999999999911e-07,1.080000000000000071e+00
1.544000000000000061e-07,1.080000000000000071e+00
1.546000000000000212e-07,1.080000000000000071e+00
1.547999999999999833e-07,1.080000000000000071e+00
1.549999999999999983e-07,1.080000000000000071e+00
1.552000000000000133e-07,1.080000000000000071e+00
1.553999999999999754e-07,1.080000000000000071e+00
1.555999999999999904e-07,1.100000000000000089e+00
1.558000000000000054e-07,1.100000000000000089e+00
1.560000000000000205e-07,1.080000000000000071e+00
1.561999999999999826e-07,1.080000000000000071e+00
1.563999999999999976e-07,1.060000000000000053e+00
1.566000000000000126e-07,1.060000000000000053e+00
1.567999999999999747e-07,1.060000000000000053e+00
1.569999999999999897e-07,1.060000000000000053e+00
1.572000000000000047e-07,1.040000000000000036e+00
1.574000000000000198e-07,1.060000000000000053e+00
1.575999999999999819e-07,1.060000000000000053e+00
1.577999999999999969e-07,1.060000000000000053e+00
1.580000000000000119e-07,1.060000000000000053e+00
1.581999999999999740e-07,1.060000000000000053e+00
1.583999999999999890e-07,1.060000000000000053e+00
1.586000000000000040e-07,1.060000000000000053e+00
1.588000000000000191e-07,1.060000000000000053e+00
1.589999999999999812e-07,1.060000000000000053e+00
1.591999999999999962e-07,1.040000000000000036e+00
1.594000000000000112e-07,1.040000000000000036e+00
1.595999999999999733e-07,1.040000000000000036e+00
1.597999999999999883e-07,1.040000000000000036e+00
1.600000000000000033e-07,1.020000000000000018e+00
1.602000000000000184e-07,1.020000000000000018e+00
1.603999999999999805e-07,1.000000000000000000e+00
1.605999999999999955e-07,1.000000000000000000e+00
1.608000000000000105e-07,1.000000000000000000e+00
1.609999999999999726e-07,1.000000000000000000e+00
1.611999999999999876e-07,9.799999999999999822e-01
1.614000000000000026e-07,1.000000000000000000e+00
1.616000000000000177e-07,1.000000000000000000e+00
1.617999999999999798e-07,1.000000000000000000e+00
1.619999999999999948e-07,1.000000000000000000e+00
1.622000000000000098e-07,1.000000000000000000e+00
1.623999999999999719e-07,1.000000000000000000e+00
1.625999999999999869e-07,1.000000000000000000e+00
1.628000000000000020e-07,1.000000000000000000e+00
1.630000000000000170e-07,9.799999999999999822e-01
1.631999999999999791e-07,9.799999999999999822e-01
1.633999999999999941e-07,9.799999999999999822e-01
1.636000000000000091e-07,9.799999999999999822e-01
1.637999999999999712e-07,9.799999999999999822e-01
1.639999999999999862e-07,9.799999999999999822e-01
1.642000000000000013e-07,9.799999999999999822e-01
1.644000000000000163e-07,9.799999999999999822e-01
1.645999999999999784e-07,9.799999999999999822e-01
1.647999999999999934e-07,9.799999999999999822e-01
1.650000000000000084e-07,9.799999999999999822e-01
1.651999999999999705e-07,9.799999999999999822e-01
1.653999999999999855e-07,9.799999999999999822e-01
1.656000000000000006e-07,9.799999999999999822e-01
1.658000000000000156e-07,9.799999999999999822e-01
1.659999999999999777e-07,9.599999999999999645e-01
1.661999999999999927e-07,9.599999999999999645e-01
1.664000000000000077e-07,9.599999999999999645e-01
1.665999999999999698e-07,9.599999999999999645e-01
1.667999999999999848e-07,9.599999999999999645e-01
1.669999999999999999e-07,9.599999999999999645e-01
1.672000000000000149e-07,9.599999999999999645e-01
1.673999999999999770e-07,9.599999999999999645e-01
1.675999999999999920e-07,9.599999999999999645e-01
1.678000000000000070e-07,9.599999999999999645e-01
1.680000000000000220e-07,9.400000000000000577e-01
1.681999999999999841e-07,9.400000000000000577e-01
1.683999999999999992e-07,9.400000000000000577e-01
1.686000000000000142e-07,9.400000000000000577e-01
1.687999999999999763e-07,9.400000000000000577e-01
1.689999999999999913e-07,9.400000000000000577e-01
1.692000000000000063e-07,9.400000000000000577e-01
1.694000000000000213e-07,9.400000000000000577e-01
1.695999999999999834e-07,9.400000000000000577e-01
1.697999999999999985e-07,9.400000000000000577e-01
1.700000000000000135e-07,9.200000000000000400e-01
1.701999999999999756e-07,9.200000000000000400e-01
1.703999999999999906e-07,9.200000000000000400e-01
1.706000000000000056e-07,9.200000000000000400e-01
1.708000000000000206e-07,9.200000000000000400e-01
1.709999999999999827e-07,9.000000000000000222e-01
1.711999999999999978e-07,9.000000000000000222e-01
1.714000000000000128e-07,9.000000000000000222e-01
1.715999999999999749e-07,9.000000000000000222e-01
1.717999999999999899e-07,9.000000000000000222e-01
1.720000000000000049e-07,9.000000000000000222e-01
1.722000000000000199e-07,9.000000000000000222e-01
1.723999999999999820e-07,9.000000000000000222e-01
1.725999999999999971e-07,9.000000000000000222e-01
1.728000000000000121e-07,9.000000000000000222e-01
1.729999999999999742e-07,8.800000000000000044e-01
1.731999999999999892e-07,8.800000000000000044e-01
1.734000000000000042e-07,8.800000000000000044e-01
1.736000000000000192e-07,8.800000000000000044e-01
1.737999999999999813e-07,8.800000000000000044e-01
1.739999999999999964e-07,8.800000000000000044e-01
1.742000000000000114e-07,8.800000000000000044e-01
1.743999999999999735e-07,8.800000000000000044e-01
1.745999999999999885e-07,8.800000000000000044e-01
1.748000000000000035e-07,9.000000000000000222e-01
1.750000000000000186e-07,9.000000000000000222e-01
1.751999999999999806e-07,9.000000000000000222e-01
1.753999999999999957e-07,9.000000000000000222e-01
1.756000000000000107e-07,9.000000000000000222e-01
1.757999999999999728e-07,9.000000000000000222e-01
1.759999999999999878e-07,8.800000000000000044e-01
1.762000000000000028e-07,8.800000000000000044e-01
1.764000000000000179e-07,8.800000000000000044e-01
1.765999999999999799e-07,8.800000000000000044e-01
1.767999999999999950e-07,8.800000000000000044e-01
1.770000000000000100e-07,8.599999999999999867e-01
1.771999999999999721e-07,8.599999999999999867e-01
1.773999999999999871e-07,8.599999999999999867e-01
1.776000000000000021e-07,8.599999999999999867e-01
1.778000000000000172e-07,8.599999999999999867e-01
1.779999999999999792e-07,8.399999999999999689e-01
1.781999999999999943e-07,8.399999999999999689e-01
1.784000000000000093e-07,8.200000000000000622e-01
1.785999999999999714e-07,8.200000000000000622e-01
1.787999999999999864e-07,8.200000000000000622e-01
1.790000000000000014e-07,8.200000000000000622e-01
1.792000000000000165e-07,8.200000000000000622e-01
1.793999999999999785e-07,8.200000000000000622e-01
1.795999999999999936e-07,8.200000000000000622e-01
1.798000000000000086e-07,8.399999999999999689e-01
1.799999999999999707e-07,8.200000000000000622e-01
1.801999999999999857e-07,8.200000000000000622e-01
1.804000000000000007e-07,8.200000000000000622e-01
1.806000000000000158e-07,8.200000000000000622e-01
1.807999999999999778e-07,8.200000000000000622e-01
1.809999999999999929e-07,8.200000000000000622e-01
1.812000000000000079e-07,8.200000000000000622e-01
1.813999999999999700e-07,8.200000000000000622e-01
1.815999999999999850e-07,8.200000000000000622e-01
1.818000000000000000e-07,8.399999999999999689e-01
1.820000000000000151e-07,8.399999999999999689e-01
1.821999999999999771e-07,8.200000000000000622e-01
1.823999999999999922e-07,8.200000000000000622e-01
1.826000000000000072e-07,8.200000000000000622e-01
1.828000000000000222e-07,8.200000000000000622e-01
1.829999999999999843e-07,8.000000000000000444e-01
1.831999999999999993e-07,8.000000000000000444e-01
1.834000000000000144e-07,8.000000000000000444e-01
1.835999999999999764e-07,8.000000000000000444e-01
1.837999999999999915e-07,8.000000000000000444e-01
1.840000000000000065e-07,8.000000000000000444e-01
1.842000000000000215e-07,8.000000000000000444e-01
1.843999999999999836e-07,8.000000000000000444e-01
1.845999999999999986e-07,8.000000000000000444e-01
1.848000000000000137e-07,8.000000000000000444e-01
1.849999999999999757e-07,8.000000000000000444e-01
1.851999999999999908e-07,8.000000000000000444e-01
1.854000000000000058e-07,8.000000000000000444e-01
1.856000000000000208e-07,8.000000000000000444e-01
1.857999999999999829e-07,8.000000000000000444e-01
1.859999999999999979e-07,7.800000000000000266e-01
1.862000000000000130e-07,7.800000000000000266e-01
1.863999999999999750e-07,7.800000000000000266e-01
1.865999999999999901e-07,7.800000000000000266e-01
1.868000000000000051e-07,7.800000000000000266e-01
1.870000000000000201e-07,7.800000000000000266e-01
1.871999999999999822e-07,7.800000000000000266e-01
1.873999999999999972e-07,7.800000000000000266e-01
1.876000000000000123e-07,7.800000000000000266e-01
1.877999999999999743e-07,8.000000000000000444e-01
1.879999999999999894e-07,8.000000000000000444e-01
1.882000000000000044e-07,7.800000000000000266e-01
1.884000000000000194e-07,7.800000000000000266e-01
1.885999999999999815e-07,7.800000000000000266e-01
1.887999999999999965e-07,7.800000000000000266e-01
1.890000000000000116e-07,7.600000000000000089e-01
1.891999999999999737e-07,7.600000000000000089e-01
1.893999999999999887e-07,7.600000000000000089e-01
1.896000000000000037e-07,7.600000000000000089e-01
1.898000000000000187e-07,7.600000000000000089e-01
1.899999999999999808e-07,7.399999999999999911e-01
1.901999999999999958e-07,7.399999999999999911e-01
1.904000000000000109e-07,7.399999999999999911e-01
1.905999999999999730e-07,7.399999999999999911e-01
1.907999999999999880e-07,7.399999999999999911e-01
1.910000000000000030e-07,7.399999999999999911e-01
1.912000000000000180e-07,7.399999999999999911e-01
1.913999999999999801e-07,7.399999999999999911e-01
1.915999999999999951e-07,7.399999999999999911e-01
1.918000000000000102e-07,7.399999999999999911e-01
1.919999999999999723e-07,7.399999999999999911e-01
1.921999999999999873e-07,7.399999999999999911e-01
1.924000000000000023e-07,7.399999999999999911e-01
1.926000000000000173e-07,7.399999999999999911e-01
1.927999999999999794e-07,7.399999999999999911e-01
1.929999999999999944e-07,7.199999999999999734e-01
1.932000000000000095e-07,7.199999999999999734e-01
1.933999999999999716e-07,7.199999999999999734e-01
1.935999999999999866e-07,7.199999999999999734e-01
1.938000000000000016e-07,7.199999999999999734e-01
1.940000000000000166e-07,7.199999999999999734e-01
1.941999999999999787e-07,7.199999999999999734e-01
1.943999999999999937e-07,7.199999999999999734e-01
1.946000000000000088e-07,7.199999999999999734e-01
1.947999999999999709e-07,7.399999999999999911e-01
1.949999999999999859e-07,7.399999999999999911e-01
1.952000000000000009e-07,7.399999999999999911e-01
1.954000000000000159e-07,7.399999999999999911e-01
1.955999999999999780e-07,7.399999999999999911e-01
1.957999999999999930e-07,7.399999999999999911e-01
1.960000000000000081e-07,7.199999999999999734e-01
1.962000000000000231e-07,7.199999999999999734e-01
1.963999999999999852e-07,7.000000000000000666e-01
1.966000000000000002e-07,7.000000000000000666e-01
1.968000000000000152e-07,7.000000000000000666e-01
1.969999999999999773e-07,7.000000000000000666e-01
1.971999999999999923e-07,7.000000000000000666e-01
1.974000000000000074e-07,7.000000000000000666e-01
1.976000000000000224e-07,7.000000000000000666e-01
1.977999999999999845e-07,7.199999999999999734e-01
1.979999999999999995e-07,7.199999999999999734e-01
1.982000000000000145e-07,7.199999999999999734e-01
1.983999999999999766e-07,7.199999999999999734e-01
1.985999999999999916e-07,7.199999999999999734e-01
1.988000000000000067e-07,7.199999999999999734e-01
1.990000000000000217e-07,7.000000000000000666e-01
1.991999999999999838e-07,7.000000000000000666e-01
1.993999999999999988e-07,6.800000000000000488e-01
1.996000000000000138e-07,6.800000000000000488e-01
1.997999999999999759e-07,6.800000000000000488e-01
1.999999999999999909e-07,6.600000000000000311e-01
2.002000000000000060e-07,6.600000000000000311e-01
2.004000000000000210e-07,6.600000000000000311e-01
2.005999999999999831e-07,6.600000000000000311e-01
2.007999999999999981e-07,6.800000000000000488e-01
2.010000000000000131e-07,6.800000000000000488e-01
2.011999999999999752e-07,6.800000000000000488e-01
2.013999999999999903e-07,6.800000000000000488e-01
2.016000000000000053e-07,6.800000000000000488e-01
2.018000000000000203e-07,7.000000000000000666e-01
2.019999999999999824e-07,7.000000000000000666e-01
2.021999999999999974e-07,6.800000000000000488e-01
2.024000000000000124e-07,6.800000000000000488e-01
2.025999999999999745e-07,6.800000000000000488e-01
2.027999999999999896e-07,6.800000000000000488e-01
2.030000000000000046e-07,6.600000000000000311e-01
2.032000000000000196e-07,6.600000000000000311e-01
2.033999999999999817e-07,6.600000000000000311e-01
2.035999999999999967e-07,6.600000000000000311e-01
2.038000000000000117e-07,6.600000000000000311e-01
2.039999999999999738e-07,6.600000000000000311e-01
2.041999999999999889e-07,6.600000000000000311e-01
2.044000000000000039e-07,6.600000000000000311e-01
2.046000000000000189e-07,6.600000000000000311e-01
2.047999999999999810e-07,6.800000000000000488e-01
2.049999999999999960e-07,6.800000000000000488e-01
2.052000000000000110e-07,6.800000000000000488e-01
2.053999999999999731e-07,6.800000000000000488e-01
2.055999999999999882e-07,6.800000000000000488e-01
2.058000000000000032e-07,6.800000000000000488e-01
2.060000000000000182e-07,6.600000000000000311e-01
2.061999999999999803e-07,6.600000000000000311e-01
2.063999999999999953e-07,6.600000000000000311e-01
2.066000000000000103e-07,6.600000000000000311e-01
2.067999999999999724e-07,6.600000000000000311e-01
2.069999999999999875e-07,6.600000000000000311e-01
2.072000000000000025e-07,6.600000000000000311e-01
2.074000000000000175e-07,6.600000000000000311e-01
2.075999999999999796e-07,6.600000000000000311e-01
2.077999999999999946e-07,6.600000000000000311e-01
2.080000000000000096e-07,6.600000000000000311e-01
2.081999999999999717e-07,6.600000000000000311e-01
2.083999999999999868e-07,6.600000000000000311e-01
2.086000000000000018e-07,6.600000000000000311e-01
2.088000000000000168e-07,6.600000000000000311e-01
2.089999999999999789e-07,6.400000000000000133e-01
2.091999999999999939e-07,6.400000000000000133e-01
2.094000000000000089e-07,6.400000000000000133e-01
2.095999999999999710e-07,6.400000000000000133e-01
2.097999999999999861e-07,6.400000000000000133e-01
2.100000000000000011e-07,6.199999999999999956e-01
2.102000000000000161e-07,6.199999999999999956e-01
2.103999999999999782e-07,6.199999999999999956e-01
2.105999999999999932e-07,6.199999999999999956e-01
2.108000000000000082e-07,6.199999999999999956e-01
2.110000000000000233e-07,6.199999999999999956e-01
2.111999999999999854e-07,6.199999999999999956e-01
2.114000000000000004e-07,6.199999999999999956e-01
2.116000000000000154e-07,6.199999999999999956e-01
2.117999999999999775e-07,6.199999999999999956e-01
2.119999999999999925e-07,6.199999999999999956e-01
2.122000000000000075e-07,6.199999999999999956e-01
2.124000000000000226e-07,6.199999999999999956e-01
2.125999999999999847e-07,6.199999999999999956e-01
2.127999999999999997e-07,6.199999999999999956e-01
2.130000000000000147e-07,6.199999999999999956e-01
2.131999999999999768e-07,6.199999999999999956e-01
2.133999999999999918e-07,6.199999999999999956e-01
2.136000000000000069e-07,6.199999999999999956e-01
2.138000000000000219e-07,6.400000000000000133e-01
2.139999999999999840e-07,6.400000000000000133e-01
2.141999999999999990e-07,6.400000000000000133e-01
2.144000000000000140e-07,6.400000000000000133e-01
2.145999999999999761e-07,6.400000000000000133e-01
2.147999999999999911e-07,6.400000000000000133e-01
2.150000000000000062e-07,6.199999999999999956e-01
2.152000000000000212e-07,6.199999999999999956e-01
2.153999999999999833e-07,5.999999999999999778e-01
2.155999999999999983e-07,5.999999999999999778e-01
2.158000000000000133e-07,5.999999999999999778e-01
2.159999999999999754e-07,5.799999999999999600e-01
2.161999999999999904e-07,5.799999999999999600e-01
2.164000000000000055e-07,5.799999999999999600e-01
2.166000000000000205e-07,5.799999999999999600e-01
2.167999999999999826e-07,5.999999999999999778e-01
2.169999999999999976e-07,5.999999999999999778e-01
2.172000000000000126e-07,5.999999999999999778e-01
2.173999999999999747e-07,5.999999999999999778e-01
2.175999999999999897e-07,5.999999999999999778e-01
2.178000000000000048e-07,6.199999999999999956e-01
2.180000000000000198e-07,5.999999999999999778e-01
2.181999999999999819e-07,5.999999999999999778e-01
2.183999999999999969e-07,5.999999999999999778e-01
2.186000000000000119e-07,5.999999999999999778e-01
2.187999999999999740e-07,5.999999999999999778e-01
2.189999999999999890e-07,5.999999999999999778e-01
2.192000000000000041e-07,5.999999999999999778e-01
2.194000000000000191e-07,5.999999999999999778e-01
2.195999999999999812e-07,5.999999999999999778e-01
2.197999999999999962e-07,6.199999999999999956e-01
2.200000000000000112e-07,6.199999999999999956e-01
2.201999999999999733e-07,5.999999999999999778e-01
2.203999999999999883e-07,5.999999999999999778e-01
2.206000000000000034e-07,5.999999999999999778e-01
2.208000000000000184e-07,5.999999999999999778e-01
2.209999999999999805e-07,5.799999999999999600e-01
2.211999999999999955e-07,5.799999999999999600e-01
2.214000000000000105e-07,5.799999999999999600e-01
2.215999999999999726e-07,5.799999999999999600e-01
2.217999999999999876e-07,5.799999999999999600e-01
2.220000000000000027e-07,5.799999999999999600e-01
2.222000000000000177e-07,5.799999999999999600e-01
2.223999999999999798e-07,5.799999999999999600e-01
2.225999999999999948e-07,5.799999999999999600e-01
2.228000000000000098e-07,5.799999999999999600e-01
2.229999999999999719e-07,5.799999999999999600e-01
2.231999999999999869e-07,5.799999999999999600e-01
2.234000000000000020e-07,5.799999999999999600e-01
2.236000000000000170e-07,5.799999999999999600e-01
2.237999999999999791e-07,5.799999999999999600e-01
2.239999999999999941e-07,5.799999999999999600e-01
2.242000000000000091e-07,5.799999999999999600e-01
2.244000000000000242e-07,5.799999999999999600e-01
2.245999999999999862e-07,5.799999999999999600e-01
2.248000000000000013e-07,5.999999999999999778e-01
2.250000000000000163e-07,5.999999999999999778e-01
2.251999999999999784e-07,5.799999999999999600e-01
2.253999999999999934e-07,5.799999999999999600e-01
2.256000000000000084e-07,5.799999999999999600e-01
2.258000000000000235e-07,5.799999999999999600e-01
2.259999999999999855e-07,5.600000000000000533e-01
2.262000000000000006e-07,5.600000000000000533e-01
2.264000000000000156e-07,5.400000000000000355e-01
2.265999999999999777e-07,5.400000000000000355e-01
2.267999999999999927e-07,5.400000000000000355e-01
2.270000000000000077e-07,5.200000000000000178e-01
2.272000000000000228e-07,5.200000000000000178e-01
2.273999999999999848e-07,5.200000000000000178e-01
2.275999999999999999e-07,5.200000000000000178e-01
2.278000000000000149e-07,5.400000000000000355e-01
2.279999999999999770e-07,5.400000000000000355e-01
2.281999999999999920e-07,5.400000000000000355e-01
2.284000000000000070e-07,5.400000000000000355e-01
2.286000000000000221e-07,5.400000000000000355e-01
2.287999999999999841e-07,5.600000000000000533e-01
2.289999999999999992e-07,5.400000000000000355e-01
2.292000000000000142e-07,5.400000000000000355e-01
2.293999999999999763e-07,5.400000000000000355e-01
2.295999999999999913e-07,5.400000000000000355e-01
2.298000000000000063e-07,5.400000000000000355e-01
2.300000000000000214e-07,5.400000000000000355e-01
2.301999999999999834e-07,5.200000000000000178e-01
2.303999999999999985e-07,5.200000000000000178e-01
2.306000000000000135e-07,5.400000000000000355e-01
2.307999999999999756e-07,5.400000000000000355e-01
2.309999999999999906e-07,5.400000000000000355e-01
2.312000000000000056e-07,5.400000000000000355e-01
2.314000000000000207e-07,5.400000000000000355e-01
2.315999999999999827e-07,5.400000000000000355e-01
2.317999999999999978e-07,5.600000000000000533e-01
2.320000000000000128e-07,5.400000000000000355e-01
2.321999999999999749e-07,5.400000000000000355e-01
2.323999999999999899e-07,5.400000000000000355e-01
2.326000000000000049e-07,5.400000000000000355e-01
2.328000000000000200e-07,5.400000000000000355e-01
2.329999999999999820e-07,5.400000000000000355e-01
2.331999999999999971e-07,5.400000000000000355e-01
2.334000000000000121e-07,5.400000000000000355e-01
2.335999999999999742e-07,5.400000000000000355e-01
2.337999999999999892e-07,5.400000000000000355e-01
2.340000000000000042e-07,5.400000000000000355e-01
2.342000000000000193e-07,5.400000000000000355e-01
2.343999999999999813e-07,5.400000000000000355e-01
2.345999999999999964e-07,5.400000000000000355e-01
2.348000000000000114e-07,5.400000000000000355e-01
2.349999999999999735e-07,5.400000000000000355e-01
2.351999999999999885e-07,5.400000000000000355e-01
2.354000000000000035e-07,5.400000000000000355e-01
2.356000000000000186e-07,5.400000000000000355e-01
2.357999999999999806e-07,5.400000000000000355e-01
2.359999999999999957e-07,5.200000000000000178e-01
2.362000000000000107e-07,5.200000000000000178e-01
2.363999999999999728e-07,5.200000000000000178e-01
2.365999999999999878e-07,5.200000000000000178e-01
2.368000000000000028e-07,5.200000000000000178e-01
2.370000000000000179e-07,5.200000000000000178e-01
2.371999999999999799e-07,5.200000000000000178e-01
2.373999999999999950e-07,5.200000000000000178e-01
2.376000000000000100e-07,5.200000000000000178e-01
2.377999999999999721e-07,5.400000000000000355e-01
2.379999999999999871e-07,5.400000000000000355e-01
2.382000000000000021e-07,5.200000000000000178e-01
2.384000000000000172e-07,5.200000000000000178e-01
2.385999999999999793e-07,5.200000000000000178e-01
2.387999999999999943e-07,5.200000000000000178e-01
2.390000000000000093e-07,5.000000000000000000e-01
2.392000000000000243e-07,5.000000000000000000e-01
2.393999999999999864e-07,5.000000000000000000e-01
2.396000000000000014e-07,5.000000000000000000e-01
2.398000000000000165e-07,5.000000000000000000e-01
2.399999999999999786e-07,5.000000000000000000e-01
2.401999999999999936e-07,5.000000000000000000e-01
2.404000000000000086e-07,5.000000000000000000e-01
2.406000000000000236e-07,5.000000000000000000e-01
2.407999999999999857e-07,5.200000000000000178e-01
2.410000000000000007e-07,5.200000000000000178e-01
2.412000000000000158e-07,5.200000000000000178e-01
2.413999999999999779e-07,5.200000000000000178e-01
2.415999999999999929e-07,5.200000000000000178e-01
2.418000000000000079e-07,5.200000000000000178e-01
2.420000000000000229e-07,5.000000000000000000e-01
2.421999999999999850e-07,5.000000000000000000e-01
2.424000000000000000e-07,5.000000000000000000e-01
2.426000000000000151e-07,5.000000000000000000e-01
2.427999999999999772e-07,5.000000000000000000e-01
2.429999999999999922e-07,5.000000000000000000e-01
2.432000000000000072e-07,5.000000000000000000e-01
2.434000000000000222e-07,5.000000000000000000e-01
2.435999999999999843e-07,5.000000000000000000e-01
2.437999999999999993e-07,5.200000000000000178e-01
2.440000000000000144e-07,5.000000000000000000e-01
2.441999999999999765e-07,5.000000000000000000e-01
2.443999999999999915e-07,5.000000000000000000e-01
2.446000000000000065e-07,5.000000000000000000e-01
2.448000000000000215e-07,5.000000000000000000e-01
2.449999999999999836e-07,5.000000000000000000e-01
2.451999999999999986e-07,5.000000000000000000e-01
2.454000000000000137e-07,5.000000000000000000e-01
2.455999999999999758e-07,5.000000000000000000e-01
2.457999999999999908e-07,5.000000000000000000e-01
2.460000000000000058e-07,5.000000000000000000e-01
2.462000000000000208e-07,5.000000000000000000e-01
2.463999999999999829e-07,5.000000000000000000e-01
2.465999999999999979e-07,5.000000000000000000e-01
2.468000000000000130e-07,5.000000000000000000e-01
2.469999999999999751e-07,5.000000000000000000e-01
2.471999999999999901e-07,5.000000000000000000e-01
2.474000000000000051e-07,5.000000000000000000e-01
2.476000000000000201e-07,5.000000000000000000e-01
2.477999999999999822e-07,5.000000000000000000e-01
2.479999999999999972e-07,5.000000000000000000e-01
2.482000000000000123e-07,5.000000000000000000e-01
2.483999999999999744e-07,5.000000000000000000e-01
2.485999999999999894e-07,5.000000000000000000e-01
2.488000000000000044e-07,5.000000000000000000e-01
2.490000000000000194e-07,4.799999999999999822e-01
2.491999999999999815e-07,4.799999999999999822e-01
2.493999999999999965e-07,4.799999999999999822e-01
2.496000000000000116e-07,4.799999999999999822e-01
2.497999999999999737e-07,4.799999999999999822e-01
2.499999999999999887e-07,4.799999999999999822e-01
2.502000000000000037e-07,4.799999999999999822e-01
2.504000000000000187e-07,4.799999999999999822e-01
2.505999999999999808e-07,4.799999999999999822e-01
2.507999999999999959e-07,4.799999999999999822e-01
2.510000000000000109e-07,4.600000000000000200e-01
2.511999999999999730e-07,4.600000000000000200e-01
2.513999999999999880e-07,4.600000000000000200e-01
2.516000000000000030e-07,4.600000000000000200e-01
2.518000000000000180e-07,4.600000000000000200e-01
2.519999999999999801e-07,4.600000000000000200e-01
2.521999999999999952e-07,4.400000000000000022e-01
2.524000000000000102e-07,4.400000000000000022e-01
2.526000000000000252e-07,4.600000000000000200e-01
2.527999999999999873e-07,4.600000000000000200e-01
2.530000000000000023e-07,4.600000000000000200e-01
2.532000000000000173e-07,4.600000000000000200e-01
2.533999999999999794e-07,4.600000000000000200e-01
2.535999999999999945e-07,4.600000000000000200e-01
2.538000000000000095e-07,4.799999999999999822e-01
2.540000000000000245e-07,4.799999999999999822e-01
2.541999999999999866e-07,4.799999999999999822e-01
2.544000000000000016e-07,4.799999999999999822e-01
2.546000000000000166e-07,4.799999999999999822e-01
2.547999999999999787e-07,4.799999999999999822e-01
2.549999999999999938e-07,4.600000000000000200e-01
2.552000000000000088e-07,4.600000000000000200e-01
2.554000000000000238e-07,4.600000000000000200e-01
2.555999999999999859e-07,4.600000000000000200e-01
2.558000000000000009e-07,4.600000000000000200e-01
2.560000000000000159e-07,4.600000000000000200e-01
2.561999999999999780e-07,4.600000000000000200e-01
2.563999999999999931e-07,4.600000000000000200e-01
2.566000000000000081e-07,4.600000000000000200e-01
2.568000000000000231e-07,4.600000000000000200e-01
2.569999999999999852e-07,4.600000000000000200e-01
2.572000000000000002e-07,4.600000000000000200e-01
2.574000000000000152e-07,4.600000000000000200e-01
2.575999999999999773e-07,4.600000000000000200e-01
2.577999999999999924e-07,4.600000000000000200e-01
2.580000000000000074e-07,4.600000000000000200e-01
2.582000000000000224e-07,4.600000000000000200e-01
2.583999999999999845e-07,4.600000000000000200e-01
2.585999999999999995e-07,4.600000000000000200e-01
2.588000000000000145e-07,4.600000000000000200e-01
2.589999999999999766e-07,4.600000000000000200e-01
2.591999999999999917e-07,4.600000000000000200e-01
2.594000000000000067e-07,4.600000000000000200e-01
2.596000000000000217e-07,4.600000000000000200e-01
2.597999999999999838e-07,4.600000000000000200e-01
2.599999999999999988e-07,4.600000000000000200e-01
2.602000000000000138e-07,4.600000000000000200e-01
2.603999999999999759e-07,4.600000000000000200e-01
2.605999999999999910e-07,4.600000000000000200e-01
2.608000000000000060e-07,4.600000000000000200e-01
2.610000000000000210e-07,4.600000000000000200e-01
2.611999999999999831e-07,4.600000000000000200e-01
2.613999999999999981e-07,4.600000000000000200e-01
2.616000000000000131e-07,4.600000000000000200e-01
2.617999999999999752e-07,4.600000000000000200e-01
2.619999999999999903e-07,4.400000000000000022e-01
2.622000000000000053e-07,4.400000000000000022e-01
2.624000000000000203e-07,4.400000000000000022e-01
2.625999999999999824e-07,4.400000000000000022e-01
2.627999999999999974e-07,4.400000000000000022e-01
2.630000000000000125e-07,4.400000000000000022e-01
2.631999999999999745e-07,4.400000000000000022e-01
2.633999999999999896e-07,4.400000000000000022e-01
2.636000000000000046e-07,4.400000000000000022e-01
2.638000000000000196e-07,4.400000000000000022e-01
2.639999999999999817e-07,4.400000000000000022e-01
2.641999999999999967e-07,4.400000000000000022e-01
2.644000000000000118e-07,4.400000000000000022e-01
2.645999999999999738e-07,4.400000000000000022e-01
2.647999999999999889e-07,4.400000000000000022e-01
2.650000000000000039e-07,4.400000000000000022e-01
2.652000000000000189e-07,4.400000000000000022e-01
2.653999999999999810e-07,4.400000000000000022e-01
2.655999999999999960e-07,4.400000000000000022e-01
2.658000000000000111e-07,4.600000000000000200e-01
2.659999999999999731e-07,4.600000000000000200e-01
2.661999999999999882e-07,4.400000000000000022e-01
2.664000000000000032e-07,4.400000000000000022e-01
2.666000000000000182e-07,4.400000000000000022e-01
2.667999999999999803e-07,4.400000000000000022e-01
2.669999999999999953e-07,4.199999999999999845e-01
2.672000000000000104e-07,4.199999999999999845e-01
2.674000000000000254e-07,4.199999999999999845e-01
2.675999999999999875e-07,4.199999999999999845e-01
2.678000000000000025e-07,4.199999999999999845e-01
2.680000000000000175e-07,4.199999999999999845e-01
2.681999999999999796e-07,4.199999999999999845e-01
2.683999999999999946e-07,4.199999999999999845e-01
2.686000000000000097e-07,4.199999999999999845e-01
2.688000000000000247e-07,4.400000000000000022e-01
2.689999999999999868e-07,4.400000000000000022e-01
2.692000000000000018e-07,4.400000000000000022e-01
2.694000000000000168e-07,4.400000000000000022e-01
2.695999999999999789e-07,4.400000000000000022e-01
2.697999999999999939e-07,4.400000000000000022e-01
2.700000000000000090e-07,4.199999999999999845e-01
2.702000000000000240e-07,4.199999999999999845e-01
2.703999999999999861e-07,4.199999999999999845e-01
2.706000000000000011e-07,4.199999999999999845e-01
2.708000000000000161e-07,4.199999999999999845e-01
2.709999999999999782e-07,4.199999999999999845e-01
2.711999999999999932e-07,4.199999999999999845e-01
2.714000000000000083e-07,4.199999999999999845e-01
2.716000000000000233e-07,4.199999999999999845e-01
2.717999999999999854e-07,4.199999999999999845e-01
2.720000000000000004e-07,4.199999999999999845e-01
2.722000000000000154e-07,4.199999999999999845e-01
2.723999999999999775e-07,4.199999999999999845e-01
2.725999999999999925e-07,4.199999999999999845e-01
2.728000000000000076e-07,4.199999999999999845e-01
2.730000000000000226e-07,4.199999999999999845e-01
2.731999999999999847e-07,4.199999999999999845e-01
2.733999999999999997e-07,4.199999999999999845e-01
2.736000000000000147e-07,4.199999999999999845e-01
2.737999999999999768e-07,4.400000000000000022e-01
2.739999999999999918e-07,4.199999999999999845e-01
2.742000000000000069e-07,4.199999999999999845e-01
2.744000000000000219e-07,4.199999999999999845e-01
2.745999999999999840e-07,4.199999999999999845e-01
2.747999999999999990e-07,4.199999999999999845e-01
2.750000000000000140e-07,4.199999999999999845e-01
2.751999999999999761e-07,4.199999999999999845e-01
2.753999999999999911e-07,4.199999999999999845e-01
2.756000000000000062e-07,4.199999999999999845e-01
2.758000000000000212e-07,4.400000000000000022e-01
2.759999999999999833e-07,4.400000000000000022e-01
2.761999999999999983e-07,4.400000000000000022e-01
2.764000000000000133e-07,4.400000000000000022e-01
2.765999999999999754e-07,4.400000000000000022e-01
2.767999999999999904e-07,4.400000000000000022e-01
2.770000000000000055e-07,4.199999999999999845e-01
2.772000000000000205e-07,4.199999999999999845e-01
2.773999999999999826e-07,4.199999999999999845e-01
2.775999999999999976e-07,4.199999999999999845e-01
2.778000000000000126e-07,4.199999999999999845e-01
2.779999999999999747e-07,4.199999999999999845e-01
2.781999999999999897e-07,4.000000000000000222e-01
2.784000000000000048e-07,4.000000000000000222e-01
2.786000000000000198e-07,4.199999999999999845e-01
2.787999999999999819e-07,4.199999999999999845e-01
2.789999999999999969e-07,4.199999999999999845e-01
2.792000000000000119e-07,4.199999999999999845e-01
2.793999999999999740e-07,4.199999999999999845e-01
2.795999999999999890e-07,4.199999999999999845e-01
2.798000000000000041e-07,4.400000000000000022e-01
2.800000000000000191e-07,4.400000000000000022e-01
2.801999999999999812e-07,4.400000000000000022e-01
2.803999999999999962e-07,4.400000000000000022e-01
2.806000000000000112e-07,4.400000000000000022e-01
2.808000000000000263e-07,4.400000000000000022e-01
2.809999999999999883e-07,4.199999999999999845e-01
2.812000000000000034e-07,4.199999999999999845e-01
2.814000000000000184e-07,4.000000000000000222e-01
2.815999999999999805e-07,4.000000000000000222e-01
2.817999999999999955e-07,4.000000000000000222e-01
2.820000000000000105e-07,4.000000000000000222e-01
2.822000000000000256e-07,4.000000000000000222e-01
2.823999999999999876e-07,4.000000000000000222e-01
2.826000000000000027e-07,4.000000000000000222e-01
2.828000000000000177e-07,4.199999999999999845e-01
2.829999999999999798e-07,4.199999999999999845e-01
2.831999999999999948e-07,4.199999999999999845e-01
2.834000000000000098e-07,4.199999999999999845e-01
2.836000000000000249e-07,4.400000000000000022e-01
2.837999999999999869e-07,4.400000000000000022e-01
2.840000000000000020e-07,4.400000000000000022e-01
2.842000000000000170e-07,4.199999999999999845e-01
2.843999999999999791e-07,4.199999999999999845e-01
2.845999999999999941e-07,4.199999999999999845e-01
2.848000000000000091e-07,4.199999999999999845e-01
2.850000000000000242e-07,4.000000000000000222e-01
2.851999999999999862e-07,4.000000000000000222e-01
2.854000000000000013e-07,3.800000000000000044e-01
2.856000000000000163e-07,3.800000000000000044e-01
2.857999999999999784e-07,3.800000000000000044e-01
2.859999999999999934e-07,3.800000000000000044e-01
2.862000000000000084e-07,3.800000000000000044e-01
2.864000000000000235e-07,3.800000000000000044e-01
2.865999999999999855e-07,3.800000000000000044e-01
2.868000000000000006e-07,4.000000000000000222e-01
2.870000000000000156e-07,4.000000000000000222e-01
2.871999999999999777e-07,4.000000000000000222e-01
2.873999999999999927e-07,4.000000000000000222e-01
2.876000000000000077e-07,4.199999999999999845e-01
2.878000000000000228e-07,4.199999999999999845e-01
2.879999999999999848e-07,4.199999999999999845e-01
2.881999999999999999e-07,4.000000000000000222e-01
2.884000000000000149e-07,4.000000000000000222e-01
2.885999999999999770e-07,4.000000000000000222e-01
2.887999999999999920e-07,4.000000000000000222e-01
2.890000000000000070e-07,3.800000000000000044e-01
2.892000000000000221e-07,3.800000000000000044e-01
2.893999999999999842e-07,3.800000000000000044e-01
2.895999999999999992e-07,3.800000000000000044e-01
2.898000000000000142e-07,3.800000000000000044e-01
2.899999999999999763e-07,3.800000000000000044e-01
2.901999999999999913e-07,3.800000000000000044e-01
2.904000000000000063e-07,3.800000000000000044e-01
2.906000000000000214e-07,3.800000000000000044e-01
2.907999999999999835e-07,4.000000000000000222e-01
2.909999999999999985e-07,4.000000000000000222e-01
2.912000000000000135e-07,4.000000000000000222e-01
2.913999999999999756e-07,4.000000000000000222e-01
2.915999999999999906e-07,4.199999999999999845e-01
2.918000000000000056e-07,4.199999999999999845e-01
2.920000000000000207e-07,4.000000000000000222e-01
2.921999999999999828e-07,4.000000000000000222e-01
2.923999999999999978e-07,3.800000000000000044e-01
2.926000000000000128e-07,3.800000000000000044e-01
2.927999999999999749e-07,3.800000000000000044e-01
2.929999999999999899e-07,3.599999999999999867e-01
2.932000000000000049e-07,3.599999999999999867e-01
2.934000000000000200e-07,3.599999999999999867e-01
2.935999999999999821e-07,3.599999999999999867e-01
2.937999999999999971e-07,3.800000000000000044e-01
2.940000000000000121e-07,3.800000000000000044e-01
2.941999999999999742e-07,3.800000000000000044e-01
2.943999999999999892e-07,4.000000000000000222e-01
2.946000000000000042e-07,4.000000000000000222e-01
2.948000000000000193e-07,4.199999999999999845e-01
2.949999999999999814e-07,4.199999999999999845e-01
2.951999999999999964e-07,4.199999999999999845e-01
2.954000000000000114e-07,4.199999999999999845e-01
2.956000000000000264e-07,4.199999999999999845e-01
2.957999999999999885e-07,4.199999999999999845e-01
2.960000000000000035e-07,4.000000000000000222e-01
2.962000000000000186e-07,4.000000000000000222e-01
2.963999999999999807e-07,3.800000000000000044e-01
2.965999999999999957e-07,3.800000000000000044e-01
2.968000000000000107e-07,3.800000000000000044e-01
2.970000000000000257e-07,3.800000000000000044e-01
2.971999999999999878e-07,3.800000000000000044e-01
2.974000000000000028e-07,3.800000000000000044e-01
2.976000000000000179e-07,3.800000000000000044e-01
2.977999999999999800e-07,4.000000000000000222e-01
2.979999999999999950e-07,4.000000000000000222e-01
2.982000000000000100e-07,4.000000000000000222e-01
2.984000000000000250e-07,4.000000000000000222e-01
2.985999999999999871e-07,4.000000000000000222e-01
2.988000000000000021e-07,4.000000000000000222e-01
2.990000000000000172e-07,3.800000000000000044e-01
2.991999999999999793e-07,3.800000000000000044e-01
2.993999999999999943e-07,3.800000000000000044e-01
2.996000000000000093e-07,3.800000000000000044e-01
2.998000000000000243e-07,3.800000000000000044e-01
2.999999999999999864e-07,3.800000000000000044e-01
3.002000000000000015e-07,3.800000000000000044e-01
3.004000000000000165e-07,3.800000000000000044e-01
3.005999999999999786e-07,3.800000000000000044e-01
3.007999999999999936e-07,3.800000000000000044e-01
3.010000000000000086e-07,3.599999999999999867e-01
3.012000000000000236e-07,3.599999999999999867e-01
3.013999999999999857e-07,3.599999999999999867e-01
3.016000000000000008e-07,3.599999999999999867e-01
3.018000000000000158e-07,3.599999999999999867e-01
3.019999999999999779e-07,3.599999999999999867e-01
3.021999999999999929e-07,3.400000000000000244e-01
3.024000000000000079e-07,3.400000000000000244e-01
3.026000000000000229e-07,3.599999999999999867e-01
3.027999999999999850e-07,3.599999999999999867e-01
3.030000000000000001e-07,3.599999999999999867e-01
3.032000000000000151e-07,3.599999999999999867e-01
3.033999999999999772e-07,3.599999999999999867e-01
3.035999999999999922e-07,3.599999999999999867e-01
3.038000000000000072e-07,3.800000000000000044e-01
3.040000000000000222e-07,3.800000000000000044e-01
3.041999999999999843e-07,3.800000000000000044e-01
3.043999999999999994e-07,3.800000000000000044e-01
3.046000000000000144e-07,3.800000000000000044e-01
3.047999999999999765e-07,3.800000000000000044e-01
3.049999999999999915e-07,3.800000000000000044e-01
3.052000000000000065e-07,3.800000000000000044e-01
3.054000000000000215e-07,3.800000000000000044e-01
3.055999999999999836e-07,3.800000000000000044e-01
3.057999999999999987e-07,4.000000000000000222e-01
3.060000000000000137e-07,4.000000000000000222e-01
3.061999999999999758e-07,4.000000000000000222e-01
3.063999999999999908e-07,4.000000000000000222e-01
3.066000000000000058e-07,4.000000000000000222e-01
3.068000000000000208e-07,4.000000000000000222e-01
3.069999999999999829e-07,3.800000000000000044e-01
3.071999999999999980e-07,3.800000000000000044e-01
3.074000000000000130e-07,3.800000000000000044e-01
3.075999999999999751e-07,3.800000000000000044e-01
3.077999999999999901e-07,3.800000000000000044e-01
3.080000000000000051e-07,3.800000000000000044e-01
3.082000000000000201e-07,3.800000000000000044e-01
3.083999999999999822e-07,3.800000000000000044e-01
3.085999999999999973e-07,3.800000000000000044e-01
3.088000000000000123e-07,4.000000000000000222e-01
3.090000000000000273e-07,4.000000000000000222e-01
3.091999999999999894e-07,3.800000000000000044e-01
3.094000000000000044e-07,3.800000000000000044e-01
3.096000000000000194e-07,3.800000000000000044e-01
3.097999999999999815e-07,3.800000000000000044e-01
3.099999999999999966e-07,3.599999999999999867e-01
3.102000000000000116e-07,3.599999999999999867e-01
3.104000000000000266e-07,3.599999999999999867e-01
3.105999999999999887e-07,3.599999999999999867e-01
3.108000000000000037e-07,3.599999999999999867e-01
3.110000000000000187e-07,3.599999999999999867e-01
3.111999999999999808e-07,3.599999999999999867e-01
3.113999999999999959e-07,3.599999999999999867e-01
3.116000000000000109e-07,3.599999999999999867e-01
3.118000000000000259e-07,3.800000000000000044e-01
3.119999999999999880e-07,3.800000000000000044e-01
3.122000000000000030e-07,3.800000000000000044e-01
3.124000000000000181e-07,3.800000000000000044e-01
3.125999999999999801e-07,3.800000000000000044e-01
3.127999999999999952e-07,3.800000000000000044e-01
3.130000000000000102e-07,3.800000000000000044e-01
3.132000000000000252e-07,3.800000000000000044e-01
3.133999999999999873e-07,3.800000000000000044e-01
3.136000000000000023e-07,3.800000000000000044e-01
3.138000000000000174e-07,3.800000000000000044e-01
3.139999999999999794e-07,3.800000000000000044e-01
3.141999999999999945e-07,3.800000000000000044e-01
3.144000000000000095e-07,3.800000000000000044e-01
3.146000000000000245e-07,3.800000000000000044e-01
3.147999999999999866e-07,3.800000000000000044e-01
3.150000000000000016e-07,3.599999999999999867e-01
3.152000000000000167e-07,3.599999999999999867e-01
3.153999999999999787e-07,3.599999999999999867e-01
3.155999999999999938e-07,3.599999999999999867e-01
3.158000000000000088e-07,3.599999999999999867e-01
3.160000000000000238e-07,3.599999999999999867e-01
3.161999999999999859e-07,3.599999999999999867e-01
3.164000000000000009e-07,3.599999999999999867e-01
3.166000000000000160e-07,3.599999999999999867e-01
3.167999999999999780e-07,3.599999999999999867e-01
3.169999999999999931e-07,3.599999999999999867e-01
3.172000000000000081e-07,3.599999999999999867e-01
3.174000000000000231e-07,3.599999999999999867e-01
3.175999999999999852e-07,3.599999999999999867e-01
3.178000000000000002e-07,3.599999999999999867e-01
3.180000000000000153e-07,3.599999999999999867e-01
3.181999999999999773e-07,3.599999999999999867e-01
3.183999999999999924e-07,3.599999999999999867e-01
3.186000000000000074e-07,3.599999999999999867e-01
3.188000000000000224e-07,3.800000000000000044e-01
3.189999999999999845e-07,3.800000000000000044e-01
3.191999999999999995e-07,3.800000000000000044e-01
3.194000000000000146e-07,3.800000000000000044e-01
3.195999999999999766e-07,3.800000000000000044e-01
3.197999999999999917e-07,3.800000000000000044e-01
3.200000000000000067e-07,3.599999999999999867e-01
3.202000000000000217e-07,3.599999999999999867e-01
3.203999999999999838e-07,3.599999999999999867e-01
3.205999999999999988e-07,3.599999999999999867e-01
3.208000000000000139e-07,3.599999999999999867e-01
3.209999999999999759e-07,3.599999999999999867e-01
3.211999999999999910e-07,3.599999999999999867e-01
3.214000000000000060e-07,3.599999999999999867e-01
3.216000000000000210e-07,3.599999999999999867e-01
3.217999999999999831e-07,3.599999999999999867e-01
3.219999999999999981e-07,3.599999999999999867e-01
3.222000000000000132e-07,3.599999999999999867e-01
3.223999999999999752e-07,3.599999999999999867e-01
3.225999999999999903e-07,3.599999999999999867e-01
3.228000000000000053e-07,3.599999999999999867e-01
3.230000000000000203e-07,3.599999999999999867e-01
3.231999999999999824e-07,3.599999999999999867e-01
3.233999999999999974e-07,3.599999999999999867e-01
3.236000000000000125e-07,3.599999999999999867e-01
3.238000000000000275e-07,3.800000000000000044e-01
3.239999999999999896e-07,3.800000000000000044e-01
3.242000000000000046e-07,3.599999999999999867e-01
3.244000000000000196e-07,3.599999999999999867e-01
3.245999999999999817e-07,3.599999999999999867e-01
3.247999999999999967e-07,3.599999999999999867e-01
3.250000000000000118e-07,3.400000000000000244e-01
3.252000000000000268e-07,3.400000000000000244e-01
3.253999999999999889e-07,3.400000000000000244e-01
3.256000000000000039e-07,3.400000000000000244e-01
3.258000000000000189e-07,3.400000000000000244e-01
3.259999999999999810e-07,3.400000000000000244e-01
3.261999999999999960e-07,3.400000000000000244e-01
3.264000000000000111e-07,3.599999999999999867e-01
3.266000000000000261e-07,3.599999999999999867e-01
3.267999999999999882e-07,3.800000000000000044e-01
3.270000000000000032e-07,3.800000000000000044e-01
3.272000000000000182e-07,3.800000000000000044e-01
3.273999999999999803e-07,3.800000000000000044e-01
3.275999999999999953e-07,3.800000000000000044e-01
3.278000000000000104e-07,3.800000000000000044e-01
3.280000000000000254e-07,3.599999999999999867e-01
3.281999999999999875e-07,3.599999999999999867e-01
3.284000000000000025e-07,3.599999999999999867e-01
3.286000000000000175e-07,3.599999999999999867e-01
3.287999999999999796e-07,3.599999999999999867e-01
3.289999999999999946e-07,3.599999999999999867e-01
3.292000000000000097e-07,3.599999999999999867e-01
3.294000000000000247e-07,3.599999999999999867e-01
3.295999999999999868e-07,3.599999999999999867e-01
3.298000000000000018e-07,3.800000000000000044e-01
3.300000000000000168e-07,3.800000000000000044e-01
3.301999999999999789e-07,3.800000000000000044e-01
3.303999999999999939e-07,3.800000000000000044e-01
3.306000000000000090e-07,3.800000000000000044e-01
3.308000000000000240e-07,3.800000000000000044e-01
3.309999999999999861e-07,3.599999999999999867e-01
3.312000000000000011e-07,3.599999999999999867e-01
3.314000000000000161e-07,3.400000000000000244e-01
3.315999999999999782e-07,3.400000000000000244e-01
3.317999999999999932e-07,3.400000000000000244e-01
3.320000000000000083e-07,3.200000000000000067e-01
3.322000000000000233e-07,3.200000000000000067e-01
3.323999999999999854e-07,3.200000000000000067e-01
3.326000000000000004e-07,3.200000000000000067e-01
3.328000000000000154e-07,3.400000000000000244e-01
3.329999999999999775e-07,3.400000000000000244e-01
3.331999999999999925e-07,3.400000000000000244e-01
3.334000000000000076e-07,3.400000000000000244e-01
3.336000000000000226e-07,3.400000000000000244e-01
3.337999999999999847e-07,3.599999999999999867e-01
3.339999999999999997e-07,3.599999999999999867e-01
3.342000000000000147e-07,3.599999999999999867e-01
3.343999999999999768e-07,3.599999999999999867e-01
3.345999999999999918e-07,3.599999999999999867e-01
3.348000000000000069e-07,3.599999999999999867e-01
3.350000000000000219e-07,3.400000000000000244e-01
3.351999999999999840e-07,3.400000000000000244e-01
3.353999999999999990e-07,3.200000000000000067e-01
3.356000000000000140e-07,3.200000000000000067e-01
3.357999999999999761e-07,3.200000000000000067e-01
3.359999999999999911e-07,3.200000000000000067e-01
3.362000000000000062e-07,3.200000000000000067e-01
3.364000000000000212e-07,3.200000000000000067e-01
3.365999999999999833e-07,3.200000000000000067e-01
3.367999999999999983e-07,3.400000000000000244e-01
3.370000000000000133e-07,3.400000000000000244e-01
3.372000000000000284e-07,3.400000000000000244e-01
3.373999999999999904e-07,3.400000000000000244e-01
3.376000000000000055e-07,3.599999999999999867e-01
3.378000000000000205e-07,3.599999999999999867e-01
3.379999999999999826e-07,3.400000000000000244e-01
3.381999999999999976e-07,3.400000000000000244e-01
3.384000000000000126e-07,3.400000000000000244e-01
3.386000000000000277e-07,3.400000000000000244e-01
3.387999999999999898e-07,3.400000000000000244e-01
3.390000000000000048e-07,3.400000000000000244e-01
3.392000000000000198e-07,3.200000000000000067e-01
3.393999999999999819e-07,3.200000000000000067e-01
3.395999999999999969e-07,3.400000000000000244e-01
3.398000000000000119e-07,3.400000000000000244e-01
3.400000000000000270e-07,3.400000000000000244e-01
3.401999999999999891e-07,3.400000000000000244e-01
3.404000000000000041e-07,3.400000000000000244e-01
3.406000000000000191e-07,3.400000000000000244e-01
3.407999999999999812e-07,3.599999999999999867e-01
3.409999999999999962e-07,3.599999999999999867e-01
3.412000000000000112e-07,3.599999999999999867e-01
3.414000000000000263e-07,3.599999999999999867e-01
3.415999999999999884e-07,3.599999999999999867e-01
3.418000000000000034e-07,3.599999999999999867e-01
3.420000000000000184e-07,3.400000000000000244e-01
3.421999999999999805e-07,3.400000000000000244e-01
3.423999999999999955e-07,3.400000000000000244e-01
3.426000000000000105e-07,3.400000000000000244e-01
3.428000000000000256e-07,3.400000000000000244e-01
3.429999999999999877e-07,3.400000000000000244e-01
3.432000000000000027e-07,3.400000000000000244e-01
3.434000000000000177e-07,3.400000000000000244e-01
3.435999999999999798e-07,3.400000000000000244e-01
3.437999999999999948e-07,3.599999999999999867e-01
3.440000000000000098e-07,3.400000000000000244e-01
3.442000000000000249e-07,3.400000000000000244e-01
3.443999999999999870e-07,3.400000000000000244e-01
3.446000000000000020e-07,3.400000000000000244e-01
3.448000000000000170e-07,3.400000000000000244e-01
3.449999999999999791e-07,3.400000000000000244e-01
3.451999999999999941e-07,3.400000000000000244e-01
3.454000000000000091e-07,3.400000000000000244e-01
3.456000000000000242e-07,3.400000000000000244e-01
3.457999999999999863e-07,3.599999999999999867e-01
3.460000000000000013e-07,3.599999999999999867e-01
3.462000000000000163e-07,3.599999999999999867e-01
3.463999999999999784e-07,3.599999999999999867e-01
3.465999999999999934e-07,3.599999999999999867e-01
3.468000000000000084e-07,3.599999999999999867e-01
3.470000000000000235e-07,3.400000000000000244e-01
3.471999999999999856e-07,3.400000000000000244e-01
3.474000000000000006e-07,3.400000000000000244e-01
3.476000000000000156e-07,3.400000000000000244e-01
3.477999999999999777e-07,3.400000000000000244e-01
3.479999999999999927e-07,3.200000000000000067e-01
3.482000000000000077e-07,3.200000000000000067e-01
3.484000000000000228e-07,3.200000000000000067e-01
3.485999999999999849e-07,3.200000000000000067e-01
3.487999999999999999e-07,3.200000000000000067e-01
3.490000000000000149e-07,3.200000000000000067e-01
3.491999999999999770e-07,2.999999999999999889e-01
3.493999999999999920e-07,2.999999999999999889e-01
3.496000000000000070e-07,3.200000000000000067e-01
3.498000000000000221e-07,3.200000000000000067e-01
3.499999999999999842e-07,3.200000000000000067e-01
3.501999999999999992e-07,3.200000000000000067e-01
3.504000000000000142e-07,3.200000000000000067e-01
3.505999999999999763e-07,3.200000000000000067e-01
3.507999999999999913e-07,3.400000000000000244e-01
3.510000000000000064e-07,3.400000000000000244e-01
3.512000000000000214e-07,3.400000000000000244e-01
3.513999999999999835e-07,3.400000000000000244e-01
3.515999999999999985e-07,3.400000000000000244e-01
3.518000000000000135e-07,3.400000000000000244e-01
3.520000000000000285e-07,3.200000000000000067e-01
3.521999999999999906e-07,3.200000000000000067e-01
3.524000000000000057e-07,3.200000000000000067e-01
3.526000000000000207e-07,3.200000000000000067e-01
3.527999999999999828e-07,3.200000000000000067e-01
3.529999999999999978e-07,3.200000000000000067e-01
3.532000000000000128e-07,3.200000000000000067e-01
3.534000000000000278e-07,3.200000000000000067e-01
3.535999999999999899e-07,3.200000000000000067e-01
3.538000000000000050e-07,3.400000000000000244e-01
3.540000000000000200e-07,3.400000000000000244e-01
3.541999999999999821e-07,3.200000000000000067e-01
3.543999999999999971e-07,3.200000000000000067e-01
3.546000000000000121e-07,3.200000000000000067e-01
3.548000000000000271e-07,3.200000000000000067e-01
3.549999999999999892e-07,2.999999999999999889e-01
3.552000000000000043e-07,2.999999999999999889e-01
3.554000000000000193e-07,2.999999999999999889e-01
3.555999999999999814e-07,2.999999999999999889e-01
3.557999999999999964e-07,2.999999999999999889e-01
3.560000000000000114e-07,2.999999999999999889e-01
3.562000000000000264e-07,2.999999999999999889e-01
3.563999999999999885e-07,3.200000000000000067e-01
3.566000000000000036e-07,3.200000000000000067e-01
3.568000000000000186e-07,3.400000000000000244e-01
3.569999999999999807e-07,3.400000000000000244e-01
3.571999999999999957e-07,3.400000000000000244e-01
3.574000000000000107e-07,3.400000000000000244e-01
3.576000000000000257e-07,3.400000000000000244e-01
3.577999999999999878e-07,3.400000000000000244e-01
3.580000000000000029e-07,3.200000000000000067e-01
3.582000000000000179e-07,3.200000000000000067e-01
3.583999999999999800e-07,3.200000000000000067e-01
3.585999999999999950e-07,3.200000000000000067e-01
3.588000000000000100e-07,3.200000000000000067e-01
3.590000000000000250e-07,2.999999999999999889e-01
3.591999999999999871e-07,2.999999999999999889e-01
3.594000000000000022e-07,2.999999999999999889e-01
3.596000000000000172e-07,2.999999999999999889e-01
3.597999999999999793e-07,2.999999999999999889e-01
3.599999999999999943e-07,2.999999999999999889e-01
3.602000000000000093e-07,2.800000000000000266e-01
3.604000000000000243e-07,2.800000000000000266e-01
3.605999999999999864e-07,2.999999999999999889e-01
3.608000000000000015e-07,2.999999999999999889e-01
3.610000000000000165e-07,2.999999999999999889e-01
3.611999999999999786e-07,2.999999999999999889e-01
3.613999999999999936e-07,2.999999999999999889e-01
3.616000000000000086e-07,2.999999999999999889e-01
3.618000000000000237e-07,3.200000000000000067e-01
3.619999999999999857e-07,3.200000000000000067e-01
3.622000000000000008e-07,3.200000000000000067e-01
3.624000000000000158e-07,3.200000000000000067e-01
3.625999999999999779e-07,3.200000000000000067e-01
3.627999999999999929e-07,3.400000000000000244e-01
3.630000000000000079e-07,3.400000000000000244e-01
3.632000000000000230e-07,3.400000000000000244e-01
3.633999999999999850e-07,3.400000000000000244e-01
3.636000000000000001e-07,3.400000000000000244e-01
3.638000000000000151e-07,3.400000000000000244e-01
3.639999999999999772e-07,3.200000000000000067e-01
3.641999999999999922e-07,3.200000000000000067e-01
3.644000000000000072e-07,3.200000000000000067e-01
3.646000000000000223e-07,3.200000000000000067e-01
3.647999999999999843e-07,3.200000000000000067e-01
3.649999999999999994e-07,3.200000000000000067e-01
3.652000000000000144e-07,3.200000000000000067e-01
3.654000000000000294e-07,3.200000000000000067e-01
3.655999999999999915e-07,3.200000000000000067e-01
3.658000000000000065e-07,3.200000000000000067e-01
3.660000000000000216e-07,3.200000000000000067e-01
3.661999999999999836e-07,3.200000000000000067e-01
3.663999999999999987e-07,3.200000000000000067e-01
3.666000000000000137e-07,3.200000000000000067e-01
3.668000000000000287e-07,3.200000000000000067e-01
3.669999999999999908e-07,2.999999999999999889e-01
3.672000000000000058e-07,2.999999999999999889e-01
3.674000000000000209e-07,2.999999999999999889e-01
3.675999999999999829e-07,2.999999999999999889e-01
3.677999999999999980e-07,2.999999999999999889e-01
3.680000000000000130e-07,2.999999999999999889e-01
3.682000000000000280e-07,2.800000000000000266e-01
3.683999999999999901e-07,2.800000000000000266e-01
3.686000000000000051e-07,2.999999999999999889e-01
3.688000000000000202e-07,2.999999999999999889e-01
3.690000000000000352e-07,2.999999999999999889e-01
3.692000000000000502e-07,2.999999999999999889e-01
3.693999999999999594e-07,2.999999999999999889e-01
3.695999999999999744e-07,2.999999999999999889e-01
3.697999999999999894e-07,3.200000000000000067e-01
3.700000000000000044e-07,3.200000000000000067e-01
3.702000000000000195e-07,3.200000000000000067e-01
3.704000000000000345e-07,3.200000000000000067e-01
3.706000000000000495e-07,3.200000000000000067e-01
3.707999999999999587e-07,3.200000000000000067e-01
3.709999999999999737e-07,2.999999999999999889e-01
3.711999999999999887e-07,2.999999999999999889e-01
3.714000000000000037e-07,2.999999999999999889e-01
3.716000000000000188e-07,2.999999999999999889e-01
3.718000000000000338e-07,2.999999999999999889e-01
3.720000000000000488e-07,2.999999999999999889e-01
3.721999999999999580e-07,2.800000000000000266e-01
3.723999999999999730e-07,2.800000000000000266e-01
3.725999999999999880e-07,2.999999999999999889e-01
3.728000000000000030e-07,2.999999999999999889e-01
3.730000000000000181e-07,2.999999999999999889e-01
3.732000000000000331e-07,2.999999999999999889e-01
3.734000000000000481e-07,2.999999999999999889e-01
3.735999999999999573e-07,2.999999999999999889e-01
3.737999999999999723e-07,3.200000000000000067e-01
3.739999999999999873e-07,3.200000000000000067e-01
3.742000000000000023e-07,2.999999999999999889e-01
3.744000000000000174e-07,2.999999999999999889e-01
3.746000000000000324e-07,2.999999999999999889e-01
3.748000000000000474e-07,2.999999999999999889e-01
3.749999999999999566e-07,2.800000000000000266e-01
3.751999999999999716e-07,2.800000000000000266e-01
3.753999999999999866e-07,2.800000000000000266e-01
3.756000000000000016e-07,2.800000000000000266e-01
3.758000000000000167e-07,2.800000000000000266e-01
3.760000000000000317e-07,2.800000000000000266e-01
3.762000000000000467e-07,2.600000000000000089e-01
3.763999999999999559e-07,2.600000000000000089e-01
3.765999999999999709e-07,2.800000000000000266e-01
3.767999999999999859e-07,2.800000000000000266e-01
3.770000000000000009e-07,2.800000000000000266e-01
3.772000000000000160e-07,2.800000000000000266e-01
3.774000000000000310e-07,2.800000000000000266e-01
3.776000000000000460e-07,2.800000000000000266e-01
3.777999999999999552e-07,2.999999999999999889e-01
3.779999999999999702e-07,2.999999999999999889e-01
3.781999999999999852e-07,2.999999999999999889e-01
3.784000000000000002e-07,2.999999999999999889e-01
3.786000000000000153e-07,2.999999999999999889e-01
3.788000000000000303e-07,2.999999999999999889e-01
3.790000000000000453e-07,2.999999999999999889e-01
3.791999999999999545e-07,2.999999999999999889e-01
3.793999999999999695e-07,2.999999999999999889e-01
3.795999999999999845e-07,2.999999999999999889e-01
3.797999999999999995e-07,2.999999999999999889e-01
3.800000000000000146e-07,2.999999999999999889e-01
3.802000000000000296e-07,2.999999999999999889e-01
3.804000000000000446e-07,2.999999999999999889e-01
3.805999999999999538e-07,2.999999999999999889e-01
3.807999999999999688e-07,3.200000000000000067e-01
3.809999999999999838e-07,3.200000000000000067e-01
3.811999999999999988e-07,3.200000000000000067e-01
3.814000000000000139e-07,3.200000000000000067e-01
3.816000000000000289e-07,3.200000000000000067e-01
3.818000000000000439e-07,3.200000000000000067e-01
3.819999999999999531e-07,3.200000000000000067e-01
3.821999999999999681e-07,3.200000000000000067e-01
3.823999999999999831e-07,3.200000000000000067e-01
3.825999999999999981e-07,3.200000000000000067e-01
3.828000000000000132e-07,3.200000000000000067e-01
3.830000000000000282e-07,3.200000000000000067e-01
3.832000000000000432e-07,3.200000000000000067e-01
3.833999999999999524e-07,3.200000000000000067e-01
3.835999999999999674e-07,3.200000000000000067e-01
3.837999999999999824e-07,3.200000000000000067e-01
3.839999999999999974e-07,2.999999999999999889e-01
3.842000000000000125e-07,2.999999999999999889e-01
3.844000000000000275e-07,2.999999999999999889e-01
3.846000000000000425e-07,2.999999999999999889e-01
3.847999999999999517e-07,2.999999999999999889e-01
3.849999999999999667e-07,2.800000000000000266e-01
3.851999999999999817e-07,2.800000000000000266e-01
3.853999999999999967e-07,2.800000000000000266e-01
3.856000000000000118e-07,2.800000000000000266e-01
3.858000000000000268e-07,2.800000000000000266e-01
3.860000000000000418e-07,2.800000000000000266e-01
3.861999999999999510e-07,2.800000000000000266e-01
3.863999999999999660e-07,2.800000000000000266e-01
3.865999999999999810e-07,2.800000000000000266e-01
3.867999999999999960e-07,2.800000000000000266e-01
3.870000000000000111e-07,2.800000000000000266e-01
3.872000000000000261e-07,2.800000000000000266e-01
3.874000000000000411e-07,2.800000000000000266e-01
3.876000000000000562e-07,2.800000000000000266e-01
3.877999999999999653e-07,2.800000000000000266e-01
3.879999999999999803e-07,2.800000000000000266e-01
3.881999999999999954e-07,2.800000000000000266e-01
3.884000000000000104e-07,2.800000000000000266e-01
3.886000000000000254e-07,2.800000000000000266e-01
3.888000000000000404e-07,2.999999999999999889e-01
3.890000000000000555e-07,2.999999999999999889e-01
3.891999999999999646e-07,2.999999999999999889e-01
3.893999999999999796e-07,2.999999999999999889e-01
3.895999999999999947e-07,2.999999999999999889e-01
3.898000000000000097e-07,3.200000000000000067e-01
3.900000000000000247e-07,3.200000000000000067e-01
3.902000000000000397e-07,3.200000000000000067e-01
3.904000000000000548e-07,3.200000000000000067e-01
3.905999999999999639e-07,3.200000000000000067e-01
3.907999999999999789e-07,3.200000000000000067e-01
3.909999999999999940e-07,2.999999999999999889e-01
3.912000000000000090e-07,2.999999999999999889e-01
3.914000000000000240e-07,2.999999999999999889e-01
3.916000000000000390e-07,2.999999999999999889e-01
3.918000000000000541e-07,2.999999999999999889e-01
