time_s,voltage_V
-2.739999999999999923e-04,0.000000000000000000e+00
-2.737999999999999874e-04,-8.000000000000000167e-03
-2.735999999999999825e-04,-8.000000000000000167e-03
-2.733999999999999777e-04,-8.000000000000000167e-03
-2.731999999999999728e-04,-8.000000000000000167e-03
-2.729999999999999680e-04,0.000000000000000000e+00
-2.728000000000000173e-04,0.000000000000000000e+00
-2.726000000000000124e-04,-8.000000000000000167e-03
-2.724000000000000076e-04,-8.000000000000000167e-03
-2.722000000000000027e-04,-8.000000000000000167e-03
-2.719999999999999979e-04,0.000000000000000000e+00
-2.717999999999999930e-04,0.000000000000000000e+00
-2.715999999999999881e-04,0.000000000000000000e+00
-2.713999999999999833e-04,0.000000000000000000e+00
-2.711999999999999784e-04,0.000000000000000000e+00
-2.709999999999999735e-04,0.000000000000000000e+00
-2.707999999999999687e-04,0.000000000000000000e+00
-2.706000000000000180e-04,-8.000000000000000167e-03
-2.704000000000000132e-04,0.000000000000000000e+00
-2.702000000000000083e-04,0.000000000000000000e+00
-2.700000000000000035e-04,0.000000000000000000e+00
-2.697999999999999986e-04,-1.600000000000000033e-02
-2.695999999999999937e-04,0.000000000000000000e+00
-2.693999999999999889e-04,0.000000000000000000e+00
-2.691999999999999840e-04,-8.000000000000000167e-03
-2.689999999999999791e-04,0.000000000000000000e+00
-2.687999999999999743e-04,0.000000000000000000e+00
-2.685999999999999694e-04,-8.000000000000000167e-03
-2.684000000000000188e-04,0.000000000000000000e+00
-2.682000000000000139e-04,8.000000000000000167e-03
-2.680000000000000090e-04,-8.000000000000000167e-03
-2.678000000000000042e-04,-8.000000000000000167e-03
-2.675999999999999993e-04,-8.000000000000000167e-03
-2.673999999999999945e-04,0.000000000000000000e+00
-2.671999999999999896e-04,-8.000000000000000167e-03
-2.669999999999999847e-04,-1.600000000000000033e-02
-2.667999999999999799e-04,-8.000000000000000167e-03
-2.665999999999999750e-04,0.000000000000000000e+00
-2.663999999999999702e-04,-8.000000000000000167e-03
-2.661999999999999653e-04,0.000000000000000000e+00
-2.660000000000000146e-04,0.000000000000000000e+00
-2.658000000000000098e-04,-8.000000000000000167e-03
-2.656000000000000049e-04,-1.600000000000000033e-02
-2.654000000000000001e-04,-1.600000000000000033e-02
-2.651999999999999952e-04,8.000000000000000167e-03
-2.649999999999999903e-04,0.000000000000000000e+00
-2.647999999999999855e-04,0.000000000000000000e+00
-2.645999999999999806e-04,0.000000000000000000e+00
-2.643999999999999758e-04,8.000000000000000167e-03
-2.641999999999999709e-04,0.000000000000000000e+00
-2.640000000000000202e-04,-8.000000000000000167e-03
-2.638000000000000154e-04,-8.000000000000000167e-03
-2.636000000000000105e-04,0.000000000000000000e+00
-2.634000000000000057e-04,-8.000000000000000167e-03
-2.632000000000000008e-04,0.000000000000000000e+00
-2.629999999999999959e-04,-8.000000000000000167e-03
-2.627999999999999911e-04,0.000000000000000000e+00
-2.625999999999999862e-04,-8.000000000000000167e-03
-2.623999999999999813e-04,0.000000000000000000e+00
-2.621999999999999765e-04,-8.000000000000000167e-03
-2.619999999999999716e-04,0.000000000000000000e+00
-2.617999999999999668e-04,0.000000000000000000e+00
-2.616000000000000161e-04,8.000000000000000167e-03
-2.614000000000000113e-04,0.000000000000000000e+00
-2.612000000000000064e-04,0.000000000000000000e+00
-2.610000000000000015e-04,0.000000000000000000e+00
-2.607999999999999967e-04,-8.000000000000000167e-03
-2.605999999999999918e-04,0.000000000000000000e+00
-2.603999999999999869e-04,-8.000000000000000167e-03
-2.601999999999999821e-04,0.000000000000000000e+00
-2.599999999999999772e-04,8.000000000000000167e-03
-2.597999999999999724e-04,-8.000000000000000167e-03
-2.595999999999999675e-04,0.000000000000000000e+00
-2.594000000000000168e-04,0.000000000000000000e+00
-2.592000000000000120e-04,0.000000000000000000e+00
-2.590000000000000071e-04,-8.000000000000000167e-03
-2.588000000000000023e-04,-8.000000000000000167e-03
-2.585999999999999974e-04,0.000000000000000000e+00
-2.583999999999999925e-04,-8.000000000000000167e-03
-2.581999999999999877e-04,0.000000000000000000e+00
-2.579999999999999828e-04,-8.000000000000000167e-03
-2.577999999999999780e-04,0.000000000000000000e+00
-2.575999999999999731e-04,0.000000000000000000e+00
-2.573999999999999682e-04,-8.000000000000000167e-03
-2.572000000000000176e-04,-8.000000000000000167e-03
-2.570000000000000127e-04,0.000000000000000000e+00
-2.568000000000000079e-04,0.000000000000000000e+00
-2.566000000000000030e-04,-8.000000000000000167e-03
-2.563999999999999981e-04,-8.000000000000000167e-03
-2.561999999999999933e-04,0.000000000000000000e+00
-2.559999999999999884e-04,-1.600000000000000033e-02
-2.557999999999999836e-04,0.000000000000000000e+00
-2.555999999999999787e-04,0.000000000000000000e+00
-2.553999999999999738e-04,-8.000000000000000167e-03
-2.551999999999999690e-04,0.000000000000000000e+00
-2.550000000000000183e-04,-1.600000000000000033e-02
-2.548000000000000135e-04,-8.000000000000000167e-03
-2.546000000000000086e-04,-8.000000000000000167e-03
-2.544000000000000037e-04,0.000000000000000000e+00
-2.541999999999999989e-04,8.000000000000000167e-03
-2.539999999999999940e-04,0.000000000000000000e+00
-2.537999999999999892e-04,-8.000000000000000167e-03
-2.535999999999999843e-04,0.000000000000000000e+00
-2.533999999999999794e-04,-8.000000000000000167e-03
-2.531999999999999746e-04,0.000000000000000000e+00
-2.529999999999999697e-04,0.000000000000000000e+00
-2.527999999999999648e-04,0.000000000000000000e+00
-2.526000000000000142e-04,-1.600000000000000033e-02
-2.524000000000000093e-04,-8.000000000000000167e-03
-2.522000000000000045e-04,0.000000000000000000e+00
-2.519999999999999996e-04,0.000000000000000000e+00
-2.517999999999999947e-04,0.000000000000000000e+00
-2.515999999999999899e-04,-8.000000000000000167e-03
-2.513999999999999850e-04,0.000000000000000000e+00
-2.511999999999999802e-04,0.000000000000000000e+00
-2.509999999999999753e-04,-8.000000000000000167e-03
-2.507999999999999704e-04,-8.000000000000000167e-03
-2.506000000000000198e-04,-8.000000000000000167e-03
-2.504000000000000149e-04,-8.000000000000000167e-03
-2.502000000000000101e-04,-8.000000000000000167e-03
-2.500000000000000052e-04,-8.000000000000000167e-03
-2.498000000000000003e-04,-8.000000000000000167e-03
-2.495999999999999955e-04,-8.000000000000000167e-03
-2.493999999999999906e-04,0.000000000000000000e+00
-2.491999999999999858e-04,0.000000000000000000e+00
-2.489999999999999809e-04,8.000000000000000167e-03
-2.487999999999999760e-04,-8.000000000000000167e-03
-2.485999999999999712e-04,-1.600000000000000033e-02
-2.483999999999999663e-04,0.000000000000000000e+00
-2.482000000000000157e-04,-8.000000000000000167e-03
-2.480000000000000108e-04,0.000000000000000000e+00
-2.478000000000000059e-04,-8.000000000000000167e-03
-2.476000000000000011e-04,0.000000000000000000e+00
-2.473999999999999962e-04,0.000000000000000000e+00
-2.471999999999999914e-04,-8.000000000000000167e-03
-2.469999999999999865e-04,-8.000000000000000167e-03
-2.467999999999999816e-04,0.000000000000000000e+00
-2.465999999999999768e-04,-8.000000000000000167e-03
-2.463999999999999719e-04,0.000000000000000000e+00
-2.462000000000000213e-04,-8.000000000000000167e-03
-2.460000000000000164e-04,0.000000000000000000e+00
-2.458000000000000115e-04,-8.000000000000000167e-03
-2.456000000000000067e-04,0.000000000000000000e+00
-2.454000000000000018e-04,0.000000000000000000e+00
-2.451999999999999970e-04,8.000000000000000167e-03
-2.449999999999999921e-04,8.000000000000000167e-03
-2.447999999999999872e-04,0.000000000000000000e+00
-2.445999999999999824e-04,0.000000000000000000e+00
-2.443999999999999775e-04,0.000000000000000000e+00
-2.441999999999999726e-04,0.000000000000000000e+00
-2.439999999999999949e-04,0.000000000000000000e+00
-2.437999999999999900e-04,0.000000000000000000e+00
-2.435999999999999852e-04,0.000000000000000000e+00
-2.434000000000000074e-04,0.000000000000000000e+00
-2.432000000000000025e-04,0.000000000000000000e+00
-2.429999999999999977e-04,0.000000000000000000e+00
-2.427999999999999928e-04,0.000000000000000000e+00
-2.425999999999999880e-04,-8.000000000000000167e-03
-2.423999999999999831e-04,-8.000000000000000167e-03
-2.421999999999999782e-04,-8.000000000000000167e-03
-2.420000000000000005e-04,-8.000000000000000167e-03
-2.417999999999999956e-04,0.000000000000000000e+00
-2.415999999999999908e-04,0.000000000000000000e+00
-2.413999999999999859e-04,-8.000000000000000167e-03
-2.412000000000000081e-04,0.000000000000000000e+00
-2.410000000000000033e-04,-1.600000000000000033e-02
-2.407999999999999984e-04,-8.000000000000000167e-03
-2.405999999999999936e-04,-1.600000000000000033e-02
-2.403999999999999887e-04,0.000000000000000000e+00
-2.401999999999999838e-04,0.000000000000000000e+00
-2.399999999999999790e-04,-8.000000000000000167e-03
-2.398000000000000012e-04,0.000000000000000000e+00
-2.395999999999999964e-04,0.000000000000000000e+00
-2.393999999999999915e-04,0.000000000000000000e+00
-2.391999999999999866e-04,-8.000000000000000167e-03
-2.390000000000000089e-04,-8.000000000000000167e-03
-2.388000000000000040e-04,-8.000000000000000167e-03
-2.385999999999999992e-04,-8.000000000000000167e-03
-2.383999999999999943e-04,-8.000000000000000167e-03
-2.381999999999999894e-04,-1.600000000000000033e-02
-2.379999999999999846e-04,-8.000000000000000167e-03
-2.377999999999999797e-04,-8.000000000000000167e-03
-2.376000000000000020e-04,0.000000000000000000e+00
-2.373999999999999971e-04,0.000000000000000000e+00
-2.371999999999999922e-04,-8.000000000000000167e-03
-2.369999999999999874e-04,0.000000000000000000e+00
-2.368000000000000096e-04,0.000000000000000000e+00
-2.366000000000000048e-04,8.000000000000000167e-03
-2.363999999999999999e-04,-8.000000000000000167e-03
-2.361999999999999950e-04,-8.000000000000000167e-03
-2.359999999999999902e-04,0.000000000000000000e+00
-2.357999999999999853e-04,0.000000000000000000e+00
-2.355999999999999804e-04,0.000000000000000000e+00
-2.354000000000000027e-04,0.000000000000000000e+00
-2.351999999999999978e-04,0.000000000000000000e+00
-2.349999999999999930e-04,-8.000000000000000167e-03
-2.347999999999999881e-04,8.000000000000000167e-03
-2.346000000000000103e-04,0.000000000000000000e+00
-2.344000000000000055e-04,0.000000000000000000e+00
-2.342000000000000006e-04,-8.000000000000000167e-03
-2.339999999999999958e-04,-8.000000000000000167e-03
-2.337999999999999909e-04,0.000000000000000000e+00
-2.335999999999999860e-04,-8.000000000000000167e-03
-2.333999999999999812e-04,0.000000000000000000e+00
-2.332000000000000034e-04,8.000000000000000167e-03
-2.329999999999999986e-04,-8.000000000000000167e-03
-2.327999999999999937e-04,-8.000000000000000167e-03
-2.325999999999999888e-04,0.000000000000000000e+00
-2.324000000000000111e-04,-8.000000000000000167e-03
-2.322000000000000062e-04,0.000000000000000000e+00
-2.320000000000000014e-04,0.000000000000000000e+00
-2.317999999999999965e-04,-8.000000000000000167e-03
-2.315999999999999916e-04,0.000000000000000000e+00
-2.313999999999999868e-04,0.000000000000000000e+00
-2.311999999999999819e-04,0.000000000000000000e+00
-2.310000000000000042e-04,-8.000000000000000167e-03
-2.307999999999999993e-04,0.000000000000000000e+00
-2.305999999999999944e-04,-8.000000000000000167e-03
-2.303999999999999896e-04,0.000000000000000000e+00
-2.301999999999999847e-04,-8.000000000000000167e-03
-2.300000000000000070e-04,-8.000000000000000167e-03
-2.298000000000000021e-04,-8.000000000000000167e-03
-2.295999999999999972e-04,-8.000000000000000167e-03
-2.293999999999999924e-04,0.000000000000000000e+00
-2.291999999999999875e-04,-8.000000000000000167e-03
-2.289999999999999826e-04,-8.000000000000000167e-03
-2.287999999999999778e-04,0.000000000000000000e+00
-2.286000000000000000e-04,0.000000000000000000e+00
-2.283999999999999952e-04,0.000000000000000000e+00
-2.281999999999999903e-04,0.000000000000000000e+00
-2.279999999999999854e-04,-8.000000000000000167e-03
-2.278000000000000077e-04,-8.000000000000000167e-03
-2.276000000000000028e-04,-8.000000000000000167e-03
-2.273999999999999980e-04,-1.600000000000000033e-02
-2.271999999999999931e-04,0.000000000000000000e+00
-2.269999999999999882e-04,0.000000000000000000e+00
-2.267999999999999834e-04,0.000000000000000000e+00
-2.265999999999999785e-04,0.000000000000000000e+00
-2.264000000000000008e-04,0.000000000000000000e+00
-2.261999999999999959e-04,-8.000000000000000167e-03
-2.259999999999999910e-04,-8.000000000000000167e-03
-2.257999999999999862e-04,-1.600000000000000033e-02
-2.256000000000000084e-04,-8.000000000000000167e-03
-2.254000000000000036e-04,-8.000000000000000167e-03
-2.251999999999999987e-04,0.000000000000000000e+00
-2.249999999999999938e-04,-8.000000000000000167e-03
-2.247999999999999890e-04,0.000000000000000000e+00
-2.245999999999999841e-04,-8.000000000000000167e-03
-2.243999999999999793e-04,0.000000000000000000e+00
-2.242000000000000015e-04,-8.000000000000000167e-03
-2.239999999999999966e-04,-8.000000000000000167e-03
-2.237999999999999918e-04,8.000000000000000167e-03
-2.235999999999999869e-04,0.000000000000000000e+00
-2.234000000000000092e-04,-8.000000000000000167e-03
-2.232000000000000043e-04,-8.000000000000000167e-03
-2.229999999999999994e-04,-8.000000000000000167e-03
-2.227999999999999946e-04,0.000000000000000000e+00
-2.225999999999999897e-04,-1.600000000000000033e-02
-2.223999999999999849e-04,-1.600000000000000033e-02
-2.221999999999999800e-04,0.000000000000000000e+00
-2.220000000000000022e-04,8.000000000000000167e-03
-2.217999999999999974e-04,0.000000000000000000e+00
-2.215999999999999925e-04,0.000000000000000000e+00
-2.213999999999999877e-04,0.000000000000000000e+00
-2.212000000000000099e-04,-8.000000000000000167e-03
-2.210000000000000050e-04,0.000000000000000000e+00
-2.208000000000000002e-04,0.000000000000000000e+00
-2.205999999999999953e-04,8.000000000000000167e-03
-2.203999999999999905e-04,-8.000000000000000167e-03
-2.201999999999999856e-04,8.000000000000000167e-03
-2.199999999999999807e-04,-8.000000000000000167e-03
-2.198000000000000030e-04,-8.000000000000000167e-03
-2.195999999999999981e-04,0.000000000000000000e+00
-2.193999999999999932e-04,-8.000000000000000167e-03
-2.191999999999999884e-04,-8.000000000000000167e-03
-2.190000000000000106e-04,-8.000000000000000167e-03
-2.188000000000000058e-04,0.000000000000000000e+00
-2.186000000000000009e-04,0.000000000000000000e+00
-2.183999999999999960e-04,-8.000000000000000167e-03
-2.181999999999999912e-04,-8.000000000000000167e-03
-2.179999999999999863e-04,0.000000000000000000e+00
-2.177999999999999815e-04,-8.000000000000000167e-03
-2.176000000000000037e-04,-8.000000000000000167e-03
-2.173999999999999988e-04,0.000000000000000000e+00
-2.171999999999999940e-04,0.000000000000000000e+00
-2.169999999999999891e-04,-8.000000000000000167e-03
-2.168000000000000114e-04,0.000000000000000000e+00
-2.166000000000000065e-04,0.000000000000000000e+00
-2.164000000000000016e-04,0.000000000000000000e+00
-2.161999999999999968e-04,0.000000000000000000e+00
-2.159999999999999919e-04,-8.000000000000000167e-03
-2.157999999999999871e-04,0.000000000000000000e+00
-2.155999999999999822e-04,8.000000000000000167e-03
-2.154000000000000044e-04,-1.600000000000000033e-02
-2.151999999999999996e-04,0.000000000000000000e+00
-2.149999999999999947e-04,0.000000000000000000e+00
-2.147999999999999899e-04,-8.000000000000000167e-03
-2.145999999999999850e-04,0.000000000000000000e+00
-2.144000000000000072e-04,-8.000000000000000167e-03
-2.142000000000000024e-04,-8.000000000000000167e-03
-2.139999999999999975e-04,-8.000000000000000167e-03
-2.137999999999999927e-04,-1.600000000000000033e-02
-2.135999999999999878e-04,0.000000000000000000e+00
-2.133999999999999829e-04,0.000000000000000000e+00
-2.131999999999999781e-04,0.000000000000000000e+00
-2.130000000000000003e-04,-8.000000000000000167e-03
-2.127999999999999955e-04,-8.000000000000000167e-03
-2.125999999999999906e-04,0.000000000000000000e+00
-2.124000000000000128e-04,-8.000000000000000167e-03
-2.122000000000000080e-04,0.000000000000000000e+00
-2.120000000000000031e-04,-8.000000000000000167e-03
-2.117999999999999983e-04,-8.000000000000000167e-03
-2.115999999999999934e-04,0.000000000000000000e+00
-2.113999999999999885e-04,0.000000000000000000e+00
-2.111999999999999837e-04,-8.000000000000000167e-03
-2.109999999999999788e-04,-1.600000000000000033e-02
-2.108000000000000010e-04,-8.000000000000000167e-03
-2.105999999999999962e-04,0.000000000000000000e+00
-2.103999999999999913e-04,-1.600000000000000033e-02
-2.102000000000000136e-04,-8.000000000000000167e-03
-2.100000000000000087e-04,-8.000000000000000167e-03
-2.098000000000000038e-04,0.000000000000000000e+00
-2.095999999999999990e-04,0.000000000000000000e+00
-2.093999999999999941e-04,8.000000000000000167e-03
-2.091999999999999893e-04,-8.000000000000000167e-03
-2.089999999999999844e-04,0.000000000000000000e+00
-2.087999999999999795e-04,-8.000000000000000167e-03
-2.086000000000000018e-04,-8.000000000000000167e-03
-2.083999999999999969e-04,0.000000000000000000e+00
-2.081999999999999921e-04,-8.000000000000000167e-03
-2.080000000000000143e-04,0.000000000000000000e+00
-2.078000000000000094e-04,0.000000000000000000e+00
-2.076000000000000046e-04,-8.000000000000000167e-03
-2.073999999999999997e-04,-8.000000000000000167e-03
-2.071999999999999949e-04,0.000000000000000000e+00
-2.069999999999999900e-04,0.000000000000000000e+00
-2.067999999999999851e-04,0.000000000000000000e+00
-2.065999999999999803e-04,-8.000000000000000167e-03
-2.063999999999999754e-04,0.000000000000000000e+00
-2.061999999999999977e-04,0.000000000000000000e+00
-2.059999999999999928e-04,-8.000000000000000167e-03
-2.058000000000000150e-04,-8.000000000000000167e-03
-2.056000000000000102e-04,0.000000000000000000e+00
-2.054000000000000053e-04,-8.000000000000000167e-03
-2.052000000000000005e-04,-8.000000000000000167e-03
-2.049999999999999956e-04,0.000000000000000000e+00
-2.047999999999999907e-04,0.000000000000000000e+00
-2.045999999999999859e-04,0.000000000000000000e+00
-2.043999999999999810e-04,0.000000000000000000e+00
-2.041999999999999761e-04,0.000000000000000000e+00
-2.039999999999999984e-04,-8.000000000000000167e-03
-2.037999999999999935e-04,-8.000000000000000167e-03
-2.035999999999999887e-04,0.000000000000000000e+00
-2.034000000000000109e-04,-8.000000000000000167e-03
-2.032000000000000061e-04,-8.000000000000000167e-03
-2.030000000000000012e-04,0.000000000000000000e+00
-2.027999999999999963e-04,-8.000000000000000167e-03
-2.025999999999999915e-04,-1.600000000000000033e-02
-2.023999999999999866e-04,0.000000000000000000e+00
-2.021999999999999817e-04,0.000000000000000000e+00
-2.019999999999999769e-04,0.000000000000000000e+00
-2.017999999999999991e-04,-8.000000000000000167e-03
-2.015999999999999943e-04,0.000000000000000000e+00
-2.013999999999999894e-04,-1.600000000000000033e-02
-2.012000000000000116e-04,0.000000000000000000e+00
-2.010000000000000068e-04,-8.000000000000000167e-03
-2.008000000000000019e-04,-8.000000000000000167e-03
-2.005999999999999971e-04,0.000000000000000000e+00
-2.003999999999999922e-04,-8.000000000000000167e-03
-2.001999999999999873e-04,0.000000000000000000e+00
-1.999999999999999825e-04,0.000000000000000000e+00
-1.997999999999999776e-04,0.000000000000000000e+00
-1.995999999999999999e-04,-8.000000000000000167e-03
-1.993999999999999950e-04,-8.000000000000000167e-03
-1.991999999999999901e-04,-8.000000000000000167e-03
-1.990000000000000124e-04,0.000000000000000000e+00
-1.988000000000000075e-04,0.000000000000000000e+00
-1.986000000000000027e-04,-8.000000000000000167e-03
-1.983999999999999978e-04,-8.000000000000000167e-03
-1.981999999999999929e-04,-8.000000000000000167e-03
-1.979999999999999881e-04,-8.000000000000000167e-03
-1.977999999999999832e-04,-8.000000000000000167e-03
-1.975999999999999784e-04,0.000000000000000000e+00
-1.974000000000000006e-04,0.000000000000000000e+00
-1.971999999999999957e-04,0.000000000000000000e+00
-1.969999999999999909e-04,0.000000000000000000e+00
-1.968000000000000131e-04,0.000000000000000000e+00
-1.966000000000000083e-04,-8.000000000000000167e-03
-1.964000000000000034e-04,0.000000000000000000e+00
-1.961999999999999985e-04,0.000000000000000000e+00
-1.959999999999999937e-04,-8.000000000000000167e-03
-1.957999999999999888e-04,8.000000000000000167e-03
-1.955999999999999839e-04,-8.000000000000000167e-03
-1.953999999999999791e-04,-8.000000000000000167e-03
-1.952000000000000013e-04,0.000000000000000000e+00
-1.949999999999999965e-04,0.000000000000000000e+00
-1.947999999999999916e-04,0.000000000000000000e+00
-1.946000000000000139e-04,-8.000000000000000167e-03
-1.944000000000000090e-04,-8.000000000000000167e-03
-1.942000000000000041e-04,-8.000000000000000167e-03
-1.939999999999999993e-04,0.000000000000000000e+00
-1.937999999999999944e-04,8.000000000000000167e-03
-1.935999999999999895e-04,0.000000000000000000e+00
-1.933999999999999847e-04,-8.000000000000000167e-03
-1.931999999999999798e-04,-8.000000000000000167e-03
-1.930000000000000021e-04,-8.000000000000000167e-03
-1.927999999999999972e-04,0.000000000000000000e+00
-1.925999999999999923e-04,0.000000000000000000e+00
-1.924000000000000146e-04,0.000000000000000000e+00
-1.922000000000000097e-04,-8.000000000000000167e-03
-1.920000000000000049e-04,0.000000000000000000e+00
-1.918000000000000000e-04,-8.000000000000000167e-03
-1.915999999999999951e-04,0.000000000000000000e+00
-1.913999999999999903e-04,-8.000000000000000167e-03
-1.911999999999999854e-04,-8.000000000000000167e-03
-1.909999999999999806e-04,-8.000000000000000167e-03
-1.908000000000000028e-04,0.000000000000000000e+00
-1.905999999999999979e-04,-1.600000000000000033e-02
-1.903999999999999931e-04,0.000000000000000000e+00
-1.902000000000000153e-04,0.000000000000000000e+00
-1.900000000000000105e-04,0.000000000000000000e+00
-1.898000000000000056e-04,0.000000000000000000e+00
-1.896000000000000007e-04,0.000000000000000000e+00
-1.893999999999999959e-04,0.000000000000000000e+00
-1.891999999999999910e-04,-8.000000000000000167e-03
-1.889999999999999862e-04,0.000000000000000000e+00
-1.887999999999999813e-04,0.000000000000000000e+00
-1.885999999999999764e-04,0.000000000000000000e+00
-1.883999999999999987e-04,-1.600000000000000033e-02
-1.881999999999999938e-04,-8.000000000000000167e-03
-1.880000000000000161e-04,0.000000000000000000e+00
-1.878000000000000112e-04,-1.600000000000000033e-02
-1.876000000000000063e-04,0.000000000000000000e+00
-1.874000000000000015e-04,0.000000000000000000e+00
-1.871999999999999966e-04,8.000000000000000167e-03
-1.869999999999999917e-04,-8.000000000000000167e-03
-1.867999999999999869e-04,0.000000000000000000e+00
-1.865999999999999820e-04,-8.000000000000000167e-03
-1.863999999999999772e-04,-8.000000000000000167e-03
-1.861999999999999994e-04,0.000000000000000000e+00
-1.859999999999999945e-04,-8.000000000000000167e-03
-1.857999999999999897e-04,8.000000000000000167e-03
-1.856000000000000119e-04,0.000000000000000000e+00
-1.854000000000000071e-04,0.000000000000000000e+00
-1.852000000000000022e-04,0.000000000000000000e+00
-1.849999999999999973e-04,0.000000000000000000e+00
-1.847999999999999925e-04,-8.000000000000000167e-03
-1.845999999999999876e-04,0.000000000000000000e+00
-1.843999999999999828e-04,-8.000000000000000167e-03
-1.841999999999999779e-04,0.000000000000000000e+00
-1.840000000000000001e-04,0.000000000000000000e+00
-1.837999999999999953e-04,8.000000000000000167e-03
-1.835999999999999904e-04,-8.000000000000000167e-03
-1.834000000000000127e-04,-8.000000000000000167e-03
-1.832000000000000078e-04,8.000000000000000167e-03
-1.830000000000000029e-04,-1.600000000000000033e-02
-1.827999999999999981e-04,-8.000000000000000167e-03
-1.825999999999999932e-04,0.000000000000000000e+00
-1.823999999999999884e-04,0.000000000000000000e+00
-1.821999999999999835e-04,0.000000000000000000e+00
-1.819999999999999786e-04,0.000000000000000000e+00
-1.818000000000000009e-04,-8.000000000000000167e-03
-1.815999999999999960e-04,-1.600000000000000033e-02
-1.813999999999999912e-04,-8.000000000000000167e-03
-1.812000000000000134e-04,-8.000000000000000167e-03
-1.810000000000000085e-04,-8.000000000000000167e-03
-1.808000000000000037e-04,8.000000000000000167e-03
-1.805999999999999988e-04,-8.000000000000000167e-03
-1.803999999999999940e-04,0.000000000000000000e+00
-1.801999999999999891e-04,0.000000000000000000e+00
-1.799999999999999842e-04,0.000000000000000000e+00
-1.797999999999999794e-04,-8.000000000000000167e-03
-1.796000000000000016e-04,0.000000000000000000e+00
-1.793999999999999968e-04,-8.000000000000000167e-03
-1.791999999999999919e-04,0.000000000000000000e+00
-1.790000000000000141e-04,-8.000000000000000167e-03
-1.788000000000000093e-04,-8.000000000000000167e-03
-1.786000000000000044e-04,0.000000000000000000e+00
-1.783999999999999996e-04,-8.000000000000000167e-03
-1.781999999999999947e-04,-8.000000000000000167e-03
-1.779999999999999898e-04,0.000000000000000000e+00
-1.777999999999999850e-04,-8.000000000000000167e-03
-1.775999999999999801e-04,0.000000000000000000e+00
-1.774000000000000023e-04,-8.000000000000000167e-03
-1.771999999999999975e-04,-8.000000000000000167e-03
-1.769999999999999926e-04,0.000000000000000000e+00
-1.768000000000000149e-04,-8.000000000000000167e-03
-1.766000000000000100e-04,0.000000000000000000e+00
-1.764000000000000051e-04,0.000000000000000000e+00
-1.762000000000000003e-04,-8.000000000000000167e-03
-1.759999999999999954e-04,0.000000000000000000e+00
-1.757999999999999906e-04,-8.000000000000000167e-03
-1.755999999999999857e-04,-8.000000000000000167e-03
-1.753999999999999808e-04,8.000000000000000167e-03
-1.752000000000000031e-04,0.000000000000000000e+00
-1.749999999999999982e-04,-8.000000000000000167e-03
-1.747999999999999934e-04,0.000000000000000000e+00
-1.746000000000000156e-04,0.000000000000000000e+00
-1.744000000000000107e-04,-8.000000000000000167e-03
-1.742000000000000059e-04,0.000000000000000000e+00
-1.740000000000000010e-04,0.000000000000000000e+00
-1.737999999999999962e-04,8.000000000000000167e-03
-1.735999999999999913e-04,0.000000000000000000e+00
-1.733999999999999864e-04,-8.000000000000000167e-03
-1.731999999999999816e-04,-8.000000000000000167e-03
-1.729999999999999767e-04,0.000000000000000000e+00
-1.727999999999999990e-04,0.000000000000000000e+00
-1.725999999999999941e-04,0.000000000000000000e+00
-1.724000000000000163e-04,-8.000000000000000167e-03
-1.722000000000000115e-04,-8.000000000000000167e-03
-1.720000000000000066e-04,0.000000000000000000e+00
-1.718000000000000018e-04,-8.000000000000000167e-03
-1.715999999999999969e-04,-8.000000000000000167e-03
-1.713999999999999920e-04,-8.000000000000000167e-03
-1.711999999999999872e-04,-8.000000000000000167e-03
-1.709999999999999823e-04,-8.000000000000000167e-03
-1.707999999999999774e-04,-1.600000000000000033e-02
-1.705999999999999997e-04,-8.000000000000000167e-03
-1.703999999999999948e-04,-8.000000000000000167e-03
-1.702000000000000171e-04,-8.000000000000000167e-03
-1.700000000000000122e-04,-8.000000000000000167e-03
-1.698000000000000074e-04,0.000000000000000000e+00
-1.696000000000000025e-04,-8.000000000000000167e-03
-1.693999999999999976e-04,0.000000000000000000e+00
-1.691999999999999928e-04,0.000000000000000000e+00
-1.689999999999999879e-04,0.000000000000000000e+00
-1.687999999999999830e-04,0.000000000000000000e+00
-1.685999999999999782e-04,-1.600000000000000033e-02
-1.684000000000000004e-04,0.000000000000000000e+00
-1.681999999999999956e-04,-8.000000000000000167e-03
-1.679999999999999907e-04,-8.000000000000000167e-03
-1.678000000000000129e-04,-8.000000000000000167e-03
-1.676000000000000081e-04,0.000000000000000000e+00
-1.674000000000000032e-04,0.000000000000000000e+00
-1.671999999999999984e-04,0.000000000000000000e+00
-1.669999999999999935e-04,0.000000000000000000e+00
-1.667999999999999886e-04,0.000000000000000000e+00
-1.665999999999999838e-04,-8.000000000000000167e-03
-1.663999999999999789e-04,-8.000000000000000167e-03
-1.662000000000000012e-04,-8.000000000000000167e-03
-1.659999999999999963e-04,0.000000000000000000e+00
-1.657999999999999914e-04,0.000000000000000000e+00
-1.656000000000000137e-04,0.000000000000000000e+00
-1.654000000000000088e-04,0.000000000000000000e+00
-1.652000000000000040e-04,0.000000000000000000e+00
-1.649999999999999991e-04,-8.000000000000000167e-03
-1.647999999999999942e-04,0.000000000000000000e+00
-1.645999999999999894e-04,0.000000000000000000e+00
-1.643999999999999845e-04,-8.000000000000000167e-03
-1.641999999999999797e-04,0.000000000000000000e+00
-1.640000000000000019e-04,0.000000000000000000e+00
-1.637999999999999970e-04,-8.000000000000000167e-03
-1.635999999999999922e-04,-8.000000000000000167e-03
-1.634000000000000144e-04,0.000000000000000000e+00
-1.632000000000000096e-04,-8.000000000000000167e-03
-1.630000000000000047e-04,-1.600000000000000033e-02
-1.627999999999999998e-04,0.000000000000000000e+00
-1.625999999999999950e-04,-8.000000000000000167e-03
-1.623999999999999901e-04,-8.000000000000000167e-03
-1.621999999999999852e-04,-8.000000000000000167e-03
-1.619999999999999804e-04,0.000000000000000000e+00
-1.618000000000000026e-04,-1.600000000000000033e-02
-1.615999999999999978e-04,-8.000000000000000167e-03
-1.613999999999999929e-04,-8.000000000000000167e-03
-1.612000000000000152e-04,0.000000000000000000e+00
-1.610000000000000103e-04,8.000000000000000167e-03
-1.608000000000000054e-04,0.000000000000000000e+00
-1.606000000000000006e-04,0.000000000000000000e+00
-1.603999999999999957e-04,0.000000000000000000e+00
-1.601999999999999908e-04,0.000000000000000000e+00
-1.599999999999999860e-04,-8.000000000000000167e-03
-1.597999999999999811e-04,0.000000000000000000e+00
-1.596000000000000034e-04,0.000000000000000000e+00
-1.593999999999999985e-04,-8.000000000000000167e-03
-1.591999999999999936e-04,-8.000000000000000167e-03
-1.590000000000000159e-04,-8.000000000000000167e-03
-1.588000000000000110e-04,0.000000000000000000e+00
-1.586000000000000062e-04,-8.000000000000000167e-03
-1.584000000000000013e-04,-8.000000000000000167e-03
-1.581999999999999964e-04,0.000000000000000000e+00
-1.579999999999999916e-04,-8.000000000000000167e-03
-1.577999999999999867e-04,0.000000000000000000e+00
-1.575999999999999819e-04,-8.000000000000000167e-03
-1.574000000000000041e-04,8.000000000000000167e-03
-1.571999999999999992e-04,-8.000000000000000167e-03
-1.569999999999999944e-04,-8.000000000000000167e-03
-1.568000000000000166e-04,0.000000000000000000e+00
-1.566000000000000118e-04,0.000000000000000000e+00
-1.564000000000000069e-04,0.000000000000000000e+00
-1.562000000000000020e-04,0.000000000000000000e+00
-1.559999999999999972e-04,-8.000000000000000167e-03
-1.557999999999999923e-04,0.000000000000000000e+00
-1.555999999999999875e-04,0.000000000000000000e+00
-1.553999999999999826e-04,0.000000000000000000e+00
-1.551999999999999777e-04,8.000000000000000167e-03
-1.550000000000000000e-04,-1.600000000000000033e-02
-1.547999999999999951e-04,-8.000000000000000167e-03
-1.546000000000000174e-04,0.000000000000000000e+00
-1.544000000000000125e-04,0.000000000000000000e+00
-1.542000000000000076e-04,0.000000000000000000e+00
-1.540000000000000028e-04,0.000000000000000000e+00
-1.537999999999999979e-04,-8.000000000000000167e-03
-1.535999999999999930e-04,-8.000000000000000167e-03
-1.533999999999999882e-04,-8.000000000000000167e-03
-1.531999999999999833e-04,0.000000000000000000e+00
-1.529999999999999785e-04,0.000000000000000000e+00
-1.528000000000000007e-04,8.000000000000000167e-03
-1.525999999999999958e-04,-1.600000000000000033e-02
-1.523999999999999910e-04,-8.000000000000000167e-03
-1.522000000000000132e-04,0.000000000000000000e+00
-1.520000000000000084e-04,-8.000000000000000167e-03
-1.518000000000000035e-04,-8.000000000000000167e-03
-1.515999999999999986e-04,0.000000000000000000e+00
-1.513999999999999938e-04,-8.000000000000000167e-03
-1.511999999999999889e-04,8.000000000000000167e-03
-1.510000000000000112e-04,-8.000000000000000167e-03
-1.508000000000000063e-04,-1.600000000000000033e-02
-1.506000000000000014e-04,0.000000000000000000e+00
-1.503999999999999966e-04,-8.000000000000000167e-03
-1.501999999999999917e-04,0.000000000000000000e+00
-1.499999999999999869e-04,-8.000000000000000167e-03
-1.498000000000000091e-04,0.000000000000000000e+00
-1.496000000000000042e-04,-8.000000000000000167e-03
-1.493999999999999994e-04,0.000000000000000000e+00
-1.491999999999999945e-04,-1.600000000000000033e-02
-1.489999999999999897e-04,-8.000000000000000167e-03
-1.487999999999999848e-04,-1.600000000000000033e-02
-1.486000000000000070e-04,0.000000000000000000e+00
-1.484000000000000022e-04,-8.000000000000000167e-03
-1.481999999999999973e-04,-8.000000000000000167e-03
-1.479999999999999925e-04,0.000000000000000000e+00
-1.477999999999999876e-04,-8.000000000000000167e-03
-1.476000000000000098e-04,-8.000000000000000167e-03
-1.474000000000000050e-04,0.000000000000000000e+00
-1.472000000000000001e-04,-8.000000000000000167e-03
-1.469999999999999953e-04,-8.000000000000000167e-03
-1.467999999999999904e-04,0.000000000000000000e+00
-1.465999999999999855e-04,0.000000000000000000e+00
-1.464000000000000078e-04,-8.000000000000000167e-03
-1.462000000000000029e-04,0.000000000000000000e+00
-1.459999999999999981e-04,8.000000000000000167e-03
-1.457999999999999932e-04,0.000000000000000000e+00
-1.455999999999999883e-04,-8.000000000000000167e-03
-1.454000000000000106e-04,0.000000000000000000e+00
-1.452000000000000057e-04,0.000000000000000000e+00
-1.450000000000000009e-04,0.000000000000000000e+00
-1.447999999999999960e-04,0.000000000000000000e+00
-1.445999999999999911e-04,0.000000000000000000e+00
-1.443999999999999863e-04,0.000000000000000000e+00
-1.442000000000000085e-04,0.000000000000000000e+00
-1.440000000000000036e-04,-8.000000000000000167e-03
-1.437999999999999988e-04,-1.600000000000000033e-02
-1.435999999999999939e-04,-8.000000000000000167e-03
-1.433999999999999891e-04,-8.000000000000000167e-03
-1.432000000000000113e-04,-1.600000000000000033e-02
-1.430000000000000064e-04,-8.000000000000000167e-03
-1.428000000000000016e-04,-1.600000000000000033e-02
-1.425999999999999967e-04,-8.000000000000000167e-03
-1.423999999999999919e-04,0.000000000000000000e+00
-1.421999999999999870e-04,0.000000000000000000e+00
-1.420000000000000092e-04,-1.600000000000000033e-02
-1.418000000000000044e-04,0.000000000000000000e+00
-1.415999999999999995e-04,-8.000000000000000167e-03
-1.413999999999999947e-04,0.000000000000000000e+00
-1.411999999999999898e-04,0.000000000000000000e+00
-1.409999999999999849e-04,-8.000000000000000167e-03
-1.408000000000000072e-04,0.000000000000000000e+00
-1.406000000000000023e-04,-8.000000000000000167e-03
-1.403999999999999975e-04,-8.000000000000000167e-03
-1.401999999999999926e-04,-8.000000000000000167e-03
-1.399999999999999877e-04,0.000000000000000000e+00
-1.398000000000000100e-04,-8.000000000000000167e-03
-1.396000000000000051e-04,-8.000000000000000167e-03
-1.394000000000000003e-04,0.000000000000000000e+00
-1.391999999999999954e-04,-8.000000000000000167e-03
-1.389999999999999905e-04,0.000000000000000000e+00
-1.387999999999999857e-04,-8.000000000000000167e-03
-1.386000000000000079e-04,0.000000000000000000e+00
-1.384000000000000031e-04,-8.000000000000000167e-03
-1.381999999999999982e-04,0.000000000000000000e+00
-1.379999999999999933e-04,-8.000000000000000167e-03
-1.377999999999999885e-04,0.000000000000000000e+00
-1.376000000000000107e-04,-8.000000000000000167e-03
-1.374000000000000059e-04,-8.000000000000000167e-03
-1.372000000000000010e-04,-8.000000000000000167e-03
-1.369999999999999961e-04,0.000000000000000000e+00
-1.367999999999999913e-04,0.000000000000000000e+00
-1.365999999999999864e-04,0.000000000000000000e+00
-1.364000000000000087e-04,0.000000000000000000e+00
-1.362000000000000038e-04,-8.000000000000000167e-03
-1.359999999999999989e-04,-8.000000000000000167e-03
-1.357999999999999941e-04,0.000000000000000000e+00
-1.355999999999999892e-04,-8.000000000000000167e-03
-1.354000000000000114e-04,0.000000000000000000e+00
-1.352000000000000066e-04,0.000000000000000000e+00
-1.350000000000000017e-04,0.000000000000000000e+00
-1.347999999999999969e-04,-8.000000000000000167e-03
-1.345999999999999920e-04,-8.000000000000000167e-03
-1.343999999999999871e-04,-8.000000000000000167e-03
-1.342000000000000094e-04,-8.000000000000000167e-03
-1.340000000000000045e-04,-1.600000000000000033e-02
-1.337999999999999997e-04,-1.600000000000000033e-02
-1.335999999999999948e-04,-1.600000000000000033e-02
-1.333999999999999899e-04,0.000000000000000000e+00
-1.331999999999999851e-04,0.000000000000000000e+00
-1.330000000000000073e-04,0.000000000000000000e+00
-1.328000000000000025e-04,-8.000000000000000167e-03
-1.325999999999999976e-04,-8.000000000000000167e-03
-1.323999999999999927e-04,0.000000000000000000e+00
-1.321999999999999879e-04,-8.000000000000000167e-03
-1.320000000000000101e-04,0.000000000000000000e+00
-1.318000000000000053e-04,0.000000000000000000e+00
-1.316000000000000004e-04,-8.000000000000000167e-03
-1.313999999999999955e-04,0.000000000000000000e+00
-1.311999999999999907e-04,-8.000000000000000167e-03
-1.309999999999999858e-04,-1.600000000000000033e-02
-1.308000000000000081e-04,-8.000000000000000167e-03
-1.306000000000000032e-04,0.000000000000000000e+00
-1.303999999999999983e-04,0.000000000000000000e+00
-1.301999999999999935e-04,-8.000000000000000167e-03
-1.299999999999999886e-04,-8.000000000000000167e-03
-1.298000000000000109e-04,-8.000000000000000167e-03
-1.296000000000000060e-04,8.000000000000000167e-03
-1.294000000000000011e-04,-1.600000000000000033e-02
-1.291999999999999963e-04,-8.000000000000000167e-03
-1.289999999999999914e-04,-1.600000000000000033e-02
-1.287999999999999865e-04,0.000000000000000000e+00
-1.286000000000000088e-04,0.000000000000000000e+00
-1.284000000000000039e-04,-8.000000000000000167e-03
-1.281999999999999991e-04,-8.000000000000000167e-03
-1.279999999999999942e-04,-8.000000000000000167e-03
-1.277999999999999893e-04,-8.000000000000000167e-03
-1.276000000000000116e-04,0.000000000000000000e+00
-1.274000000000000067e-04,8.000000000000000167e-03
-1.272000000000000019e-04,0.000000000000000000e+00
-1.269999999999999970e-04,-8.000000000000000167e-03
-1.267999999999999921e-04,-8.000000000000000167e-03
-1.265999999999999873e-04,0.000000000000000000e+00
-1.264000000000000095e-04,-8.000000000000000167e-03
-1.262000000000000047e-04,0.000000000000000000e+00
-1.259999999999999998e-04,-8.000000000000000167e-03
-1.257999999999999949e-04,8.000000000000000167e-03
-1.255999999999999901e-04,0.000000000000000000e+00
-1.254000000000000123e-04,-8.000000000000000167e-03
-1.252000000000000075e-04,0.000000000000000000e+00
-1.250000000000000026e-04,-8.000000000000000167e-03
-1.247999999999999977e-04,0.000000000000000000e+00
-1.245999999999999929e-04,-8.000000000000000167e-03
-1.243999999999999880e-04,0.000000000000000000e+00
-1.242000000000000103e-04,-8.000000000000000167e-03
-1.240000000000000054e-04,-8.000000000000000167e-03
-1.238000000000000005e-04,0.000000000000000000e+00
-1.235999999999999957e-04,-8.000000000000000167e-03
-1.233999999999999908e-04,-1.600000000000000033e-02
-1.231999999999999860e-04,-8.000000000000000167e-03
-1.230000000000000082e-04,0.000000000000000000e+00
-1.228000000000000033e-04,0.000000000000000000e+00
-1.225999999999999985e-04,0.000000000000000000e+00
-1.223999999999999936e-04,0.000000000000000000e+00
-1.221999999999999888e-04,-8.000000000000000167e-03
-1.220000000000000110e-04,-8.000000000000000167e-03
-1.218000000000000061e-04,-1.600000000000000033e-02
-1.216000000000000013e-04,0.000000000000000000e+00
-1.213999999999999964e-04,8.000000000000000167e-03
-1.211999999999999916e-04,-8.000000000000000167e-03
-1.209999999999999867e-04,0.000000000000000000e+00
-1.208000000000000089e-04,-8.000000000000000167e-03
-1.206000000000000041e-04,8.000000000000000167e-03
-1.203999999999999992e-04,-8.000000000000000167e-03
-1.201999999999999943e-04,-8.000000000000000167e-03
-1.199999999999999895e-04,-8.000000000000000167e-03
-1.198000000000000117e-04,0.000000000000000000e+00
-1.196000000000000069e-04,0.000000000000000000e+00
-1.194000000000000020e-04,-1.600000000000000033e-02
-1.191999999999999971e-04,-8.000000000000000167e-03
-1.189999999999999923e-04,-1.600000000000000033e-02
-1.187999999999999874e-04,-8.000000000000000167e-03
-1.186000000000000097e-04,-8.000000000000000167e-03
-1.184000000000000048e-04,-8.000000000000000167e-03
-1.181999999999999999e-04,0.000000000000000000e+00
-1.179999999999999951e-04,-8.000000000000000167e-03
-1.177999999999999902e-04,0.000000000000000000e+00
-1.176000000000000125e-04,0.000000000000000000e+00
-1.174000000000000076e-04,0.000000000000000000e+00
-1.172000000000000027e-04,0.000000000000000000e+00
-1.169999999999999979e-04,-8.000000000000000167e-03
-1.167999999999999930e-04,-1.600000000000000033e-02
-1.165999999999999882e-04,0.000000000000000000e+00
-1.164000000000000104e-04,-8.000000000000000167e-03
-1.162000000000000055e-04,-8.000000000000000167e-03
-1.160000000000000007e-04,0.000000000000000000e+00
-1.157999999999999958e-04,-8.000000000000000167e-03
-1.155999999999999910e-04,0.000000000000000000e+00
-1.153999999999999861e-04,-8.000000000000000167e-03
-1.152000000000000083e-04,-8.000000000000000167e-03
-1.150000000000000035e-04,-8.000000000000000167e-03
-1.147999999999999986e-04,-8.000000000000000167e-03
-1.145999999999999938e-04,0.000000000000000000e+00
-1.143999999999999889e-04,-8.000000000000000167e-03
-1.142000000000000111e-04,-8.000000000000000167e-03
-1.140000000000000063e-04,-8.000000000000000167e-03
-1.138000000000000014e-04,-8.000000000000000167e-03
-1.135999999999999966e-04,0.000000000000000000e+00
-1.133999999999999917e-04,-8.000000000000000167e-03
-1.131999999999999868e-04,-8.000000000000000167e-03
-1.130000000000000091e-04,-8.000000000000000167e-03
-1.128000000000000042e-04,-8.000000000000000167e-03
-1.125999999999999994e-04,-8.000000000000000167e-03
-1.123999999999999945e-04,-8.000000000000000167e-03
-1.121999999999999896e-04,-8.000000000000000167e-03
-1.120000000000000119e-04,-8.000000000000000167e-03
-1.118000000000000070e-04,-8.000000000000000167e-03
-1.116000000000000021e-04,0.000000000000000000e+00
-1.113999999999999973e-04,-8.000000000000000167e-03
-1.111999999999999924e-04,0.000000000000000000e+00
-1.109999999999999876e-04,0.000000000000000000e+00
-1.108000000000000098e-04,-8.000000000000000167e-03
-1.106000000000000049e-04,0.000000000000000000e+00
-1.104000000000000001e-04,8.000000000000000167e-03
-1.101999999999999952e-04,-8.000000000000000167e-03
-1.099999999999999904e-04,0.000000000000000000e+00
-1.098000000000000126e-04,0.000000000000000000e+00
-1.096000000000000077e-04,-8.000000000000000167e-03
-1.094000000000000029e-04,-8.000000000000000167e-03
-1.091999999999999980e-04,0.000000000000000000e+00
-1.089999999999999932e-04,-8.000000000000000167e-03
-1.087999999999999883e-04,-8.000000000000000167e-03
-1.086000000000000105e-04,0.000000000000000000e+00
-1.084000000000000057e-04,-8.000000000000000167e-03
-1.082000000000000008e-04,0.000000000000000000e+00
-1.079999999999999960e-04,0.000000000000000000e+00
-1.077999999999999911e-04,0.000000000000000000e+00
-1.076000000000000133e-04,-8.000000000000000167e-03
-1.074000000000000085e-04,0.000000000000000000e+00
-1.072000000000000036e-04,-8.000000000000000167e-03
-1.069999999999999988e-04,-8.000000000000000167e-03
-1.067999999999999939e-04,0.000000000000000000e+00
-1.065999999999999890e-04,0.000000000000000000e+00
-1.064000000000000113e-04,0.000000000000000000e+00
-1.062000000000000064e-04,-8.000000000000000167e-03
-1.060000000000000016e-04,-8.000000000000000167e-03
-1.057999999999999967e-04,0.000000000000000000e+00
-1.055999999999999918e-04,0.000000000000000000e+00
-1.053999999999999870e-04,-8.000000000000000167e-03
-1.052000000000000092e-04,-8.000000000000000167e-03
-1.050000000000000044e-04,-8.000000000000000167e-03
-1.047999999999999995e-04,-8.000000000000000167e-03
-1.045999999999999946e-04,0.000000000000000000e+00
-1.043999999999999898e-04,-8.000000000000000167e-03
-1.042000000000000120e-04,-8.000000000000000167e-03
-1.040000000000000072e-04,-8.000000000000000167e-03
-1.038000000000000023e-04,0.000000000000000000e+00
-1.035999999999999974e-04,-8.000000000000000167e-03
-1.033999999999999926e-04,8.000000000000000167e-03
-1.031999999999999877e-04,0.000000000000000000e+00
-1.030000000000000100e-04,-8.000000000000000167e-03
-1.028000000000000051e-04,0.000000000000000000e+00
-1.026000000000000002e-04,0.000000000000000000e+00
-1.023999999999999954e-04,-8.000000000000000167e-03
-1.021999999999999905e-04,-8.000000000000000167e-03
-1.020000000000000127e-04,0.000000000000000000e+00
-1.018000000000000079e-04,0.000000000000000000e+00
-1.016000000000000030e-04,0.000000000000000000e+00
-1.013999999999999982e-04,-8.000000000000000167e-03
-1.011999999999999933e-04,0.000000000000000000e+00
-1.009999999999999884e-04,-8.000000000000000167e-03
-1.008000000000000107e-04,0.000000000000000000e+00
-1.006000000000000058e-04,0.000000000000000000e+00
-1.004000000000000010e-04,-8.000000000000000167e-03
-1.001999999999999961e-04,0.000000000000000000e+00
-9.999999999999999124e-05,0.000000000000000000e+00
-9.980000000000001348e-05,0.000000000000000000e+00
-9.960000000000000862e-05,0.000000000000000000e+00
-9.940000000000000376e-05,-8.000000000000000167e-03
-9.919999999999999890e-05,0.000000000000000000e+00
-9.899999999999999404e-05,-8.000000000000000167e-03
-9.879999999999998918e-05,0.000000000000000000e+00
-9.860000000000001142e-05,0.000000000000000000e+00
-9.840000000000000656e-05,0.000000000000000000e+00
-9.820000000000000170e-05,-8.000000000000000167e-03
-9.799999999999999684e-05,-8.000000000000000167e-03
-9.779999999999999197e-05,-8.000000000000000167e-03
-9.759999999999998711e-05,0.000000000000000000e+00
-9.740000000000000936e-05,0.000000000000000000e+00
-9.720000000000000450e-05,8.000000000000000167e-03
-9.699999999999999963e-05,-8.000000000000000167e-03
-9.679999999999999477e-05,0.000000000000000000e+00
-9.659999999999998991e-05,0.000000000000000000e+00
-9.640000000000001215e-05,8.000000000000000167e-03
-9.620000000000000729e-05,0.000000000000000000e+00
-9.600000000000000243e-05,0.000000000000000000e+00
-9.579999999999999757e-05,0.000000000000000000e+00
-9.559999999999999271e-05,-8.000000000000000167e-03
-9.539999999999998785e-05,-1.600000000000000033e-02
-9.520000000000001009e-05,0.000000000000000000e+00
-9.500000000000000523e-05,0.000000000000000000e+00
-9.480000000000000037e-05,0.000000000000000000e+00
-9.459999999999999551e-05,0.000000000000000000e+00
-9.439999999999999065e-05,0.000000000000000000e+00
-9.420000000000001289e-05,-1.600000000000000033e-02
-9.400000000000000803e-05,-1.600000000000000033e-02
-9.380000000000000317e-05,0.000000000000000000e+00
-9.359999999999999831e-05,0.000000000000000000e+00
-9.339999999999999344e-05,0.000000000000000000e+00
-9.319999999999998858e-05,0.000000000000000000e+00
-9.300000000000001083e-05,-8.000000000000000167e-03
-9.280000000000000597e-05,0.000000000000000000e+00
-9.260000000000000110e-05,-8.000000000000000167e-03
-9.239999999999999624e-05,0.000000000000000000e+00
-9.219999999999999138e-05,-8.000000000000000167e-03
-9.200000000000001362e-05,-8.000000000000000167e-03
-9.180000000000000876e-05,8.000000000000000167e-03
-9.160000000000000390e-05,-8.000000000000000167e-03
-9.139999999999999904e-05,8.000000000000000167e-03
-9.119999999999999418e-05,-8.000000000000000167e-03
-9.099999999999998932e-05,-8.000000000000000167e-03
-9.080000000000001156e-05,0.000000000000000000e+00
-9.060000000000000670e-05,-8.000000000000000167e-03
-9.040000000000000184e-05,-8.000000000000000167e-03
-9.019999999999999698e-05,0.000000000000000000e+00
-8.999999999999999212e-05,0.000000000000000000e+00
-8.979999999999998725e-05,-8.000000000000000167e-03
-8.960000000000000950e-05,-8.000000000000000167e-03
-8.940000000000000464e-05,0.000000000000000000e+00
-8.919999999999999978e-05,-8.000000000000000167e-03
-8.899999999999999491e-05,-8.000000000000000167e-03
-8.879999999999999005e-05,0.000000000000000000e+00
-8.860000000000001230e-05,-8.000000000000000167e-03
-8.840000000000000743e-05,0.000000000000000000e+00
-8.820000000000000257e-05,0.000000000000000000e+00
-8.799999999999999771e-05,0.000000000000000000e+00
-8.779999999999999285e-05,0.000000000000000000e+00
-8.759999999999998799e-05,-8.000000000000000167e-03
-8.740000000000001023e-05,0.000000000000000000e+00
-8.720000000000000537e-05,-8.000000000000000167e-03
-8.700000000000000051e-05,-8.000000000000000167e-03
-8.679999999999999565e-05,-8.000000000000000167e-03
-8.659999999999999079e-05,0.000000000000000000e+00
-8.640000000000001303e-05,0.000000000000000000e+00
-8.620000000000000817e-05,0.000000000000000000e+00
-8.600000000000000331e-05,0.000000000000000000e+00
-8.579999999999999845e-05,-8.000000000000000167e-03
-8.559999999999999359e-05,0.000000000000000000e+00
-8.539999999999998872e-05,0.000000000000000000e+00
-8.520000000000001097e-05,0.000000000000000000e+00
-8.500000000000000611e-05,0.000000000000000000e+00
-8.480000000000000124e-05,-8.000000000000000167e-03
-8.459999999999999638e-05,0.000000000000000000e+00
-8.439999999999999152e-05,-8.000000000000000167e-03
-8.420000000000001377e-05,0.000000000000000000e+00
-8.400000000000000890e-05,-8.000000000000000167e-03
-8.380000000000000404e-05,-1.600000000000000033e-02
-8.359999999999999918e-05,0.000000000000000000e+00
-8.339999999999999432e-05,-8.000000000000000167e-03
-8.319999999999998946e-05,0.000000000000000000e+00
-8.300000000000001170e-05,8.000000000000000167e-03
-8.280000000000000684e-05,0.000000000000000000e+00
-8.260000000000000198e-05,-8.000000000000000167e-03
-8.239999999999999712e-05,-8.000000000000000167e-03
-8.219999999999999226e-05,-8.000000000000000167e-03
-8.199999999999998740e-05,0.000000000000000000e+00
-8.180000000000000964e-05,0.000000000000000000e+00
-8.160000000000000478e-05,-8.000000000000000167e-03
-8.139999999999999992e-05,-8.000000000000000167e-03
-8.119999999999999505e-05,-8.000000000000000167e-03
-8.099999999999999019e-05,0.000000000000000000e+00
-8.080000000000001244e-05,-1.600000000000000033e-02
-8.060000000000000758e-05,-8.000000000000000167e-03
-8.040000000000000271e-05,-8.000000000000000167e-03
-8.019999999999999785e-05,0.000000000000000000e+00
-7.999999999999999299e-05,-8.000000000000000167e-03
-7.979999999999998813e-05,0.000000000000000000e+00
-7.960000000000001037e-05,0.000000000000000000e+00
-7.940000000000000551e-05,-8.000000000000000167e-03
-7.920000000000000065e-05,0.000000000000000000e+00
-7.899999999999999579e-05,-8.000000000000000167e-03
-7.879999999999999093e-05,0.000000000000000000e+00
-7.860000000000001317e-05,-8.000000000000000167e-03
-7.840000000000000831e-05,-8.000000000000000167e-03
-7.820000000000000345e-05,0.000000000000000000e+00
-7.799999999999999859e-05,-8.000000000000000167e-03
-7.779999999999999373e-05,0.000000000000000000e+00
-7.759999999999998887e-05,0.000000000000000000e+00
-7.740000000000001111e-05,-8.000000000000000167e-03
-7.720000000000000625e-05,-8.000000000000000167e-03
-7.700000000000000139e-05,8.000000000000000167e-03
-7.679999999999999652e-05,-8.000000000000000167e-03
-7.659999999999999166e-05,0.000000000000000000e+00
-7.640000000000001391e-05,0.000000000000000000e+00
-7.620000000000000905e-05,-8.000000000000000167e-03
-7.600000000000000418e-05,0.000000000000000000e+00
-7.579999999999999932e-05,-8.000000000000000167e-03
-7.559999999999999446e-05,0.000000000000000000e+00
-7.539999999999998960e-05,-8.000000000000000167e-03
-7.520000000000001184e-05,0.000000000000000000e+00
-7.500000000000000698e-05,0.000000000000000000e+00
-7.480000000000000212e-05,0.000000000000000000e+00
-7.459999999999999726e-05,-8.000000000000000167e-03
-7.439999999999999240e-05,-8.000000000000000167e-03
-7.420000000000001464e-05,-1.600000000000000033e-02
-7.400000000000000978e-05,-8.000000000000000167e-03
-7.380000000000000492e-05,-8.000000000000000167e-03
-7.360000000000000006e-05,-8.000000000000000167e-03
-7.339999999999999520e-05,-1.600000000000000033e-02
-7.319999999999999033e-05,0.000000000000000000e+00
-7.300000000000001258e-05,0.000000000000000000e+00
-7.280000000000000772e-05,-8.000000000000000167e-03
-7.260000000000000286e-05,-1.600000000000000033e-02
-7.239999999999999799e-05,0.000000000000000000e+00
-7.219999999999999313e-05,-8.000000000000000167e-03
-7.199999999999998827e-05,-8.000000000000000167e-03
-7.180000000000001052e-05,-8.000000000000000167e-03
-7.160000000000000565e-05,-8.000000000000000167e-03
-7.140000000000000079e-05,-8.000000000000000167e-03
-7.119999999999999593e-05,0.000000000000000000e+00
-7.099999999999999107e-05,0.000000000000000000e+00
-7.080000000000001331e-05,0.000000000000000000e+00
-7.060000000000000845e-05,-8.000000000000000167e-03
-7.040000000000000359e-05,0.000000000000000000e+00
-7.019999999999999873e-05,0.000000000000000000e+00
-6.999999999999999387e-05,-8.000000000000000167e-03
-6.979999999999998901e-05,0.000000000000000000e+00
-6.960000000000001125e-05,-8.000000000000000167e-03
-6.940000000000000639e-05,-1.600000000000000033e-02
-6.920000000000000153e-05,-8.000000000000000167e-03
-6.899999999999999667e-05,-8.000000000000000167e-03
-6.879999999999999180e-05,0.000000000000000000e+00
-6.860000000000001405e-05,0.000000000000000000e+00
-6.840000000000000919e-05,0.000000000000000000e+00
-6.820000000000000433e-05,0.000000000000000000e+00
-6.799999999999999946e-05,-8.000000000000000167e-03
-6.779999999999999460e-05,0.000000000000000000e+00
-6.759999999999998974e-05,-8.000000000000000167e-03
-6.740000000000001198e-05,8.000000000000000167e-03
-6.720000000000000712e-05,-8.000000000000000167e-03
-6.700000000000000226e-05,0.000000000000000000e+00
-6.679999999999999740e-05,8.000000000000000167e-03
-6.659999999999999254e-05,0.000000000000000000e+00
-6.640000000000001478e-05,0.000000000000000000e+00
-6.620000000000000992e-05,0.000000000000000000e+00
-6.600000000000000506e-05,0.000000000000000000e+00
-6.580000000000000020e-05,0.000000000000000000e+00
-6.559999999999999534e-05,-1.600000000000000033e-02
-6.539999999999999048e-05,-8.000000000000000167e-03
-6.520000000000001272e-05,-8.000000000000000167e-03
-6.500000000000000786e-05,0.000000000000000000e+00
-6.480000000000000300e-05,-8.000000000000000167e-03
-6.459999999999999814e-05,0.000000000000000000e+00
-6.439999999999999327e-05,0.000000000000000000e+00
-6.419999999999998841e-05,0.000000000000000000e+00
-6.400000000000001066e-05,-1.600000000000000033e-02
-6.380000000000000580e-05,0.000000000000000000e+00
-6.360000000000000093e-05,0.000000000000000000e+00
-6.339999999999999607e-05,0.000000000000000000e+00
-6.319999999999999121e-05,-8.000000000000000167e-03
-6.300000000000001345e-05,0.000000000000000000e+00
-6.280000000000000859e-05,-1.600000000000000033e-02
-6.260000000000000373e-05,-8.000000000000000167e-03
-6.239999999999999887e-05,-1.600000000000000033e-02
-6.219999999999999401e-05,0.000000000000000000e+00
-6.199999999999998915e-05,0.000000000000000000e+00
-6.180000000000001139e-05,-8.000000000000000167e-03
-6.160000000000000653e-05,-8.000000000000000167e-03
-6.140000000000000167e-05,-8.000000000000000167e-03
-6.119999999999999681e-05,0.000000000000000000e+00
-6.099999999999999195e-05,-8.000000000000000167e-03
-6.080000000000001419e-05,-8.000000000000000167e-03
-6.060000000000000933e-05,0.000000000000000000e+00
-6.040000000000000447e-05,-8.000000000000000167e-03
-6.019999999999999961e-05,0.000000000000000000e+00
-5.999999999999999474e-05,-8.000000000000000167e-03
-5.979999999999998988e-05,-8.000000000000000167e-03
-5.960000000000001213e-05,-1.600000000000000033e-02
-5.940000000000000726e-05,-8.000000000000000167e-03
-5.920000000000000240e-05,-8.000000000000000167e-03
-5.899999999999999754e-05,-8.000000000000000167e-03
-5.879999999999999268e-05,-8.000000000000000167e-03
-5.860000000000001492e-05,-8.000000000000000167e-03
-5.840000000000001006e-05,0.000000000000000000e+00
-5.820000000000000520e-05,0.000000000000000000e+00
-5.800000000000000034e-05,-8.000000000000000167e-03
-5.779999999999999548e-05,8.000000000000000167e-03
-5.759999999999999062e-05,-8.000000000000000167e-03
-5.740000000000001286e-05,-8.000000000000000167e-03
-5.720000000000000800e-05,8.000000000000000167e-03
-5.700000000000000314e-05,-8.000000000000000167e-03
-5.679999999999999828e-05,-8.000000000000000167e-03
-5.659999999999999342e-05,8.000000000000000167e-03
-5.640000000000001566e-05,-8.000000000000000167e-03
-5.620000000000001080e-05,0.000000000000000000e+00
-5.600000000000000594e-05,-1.600000000000000033e-02
-5.580000000000000107e-05,0.000000000000000000e+00
-5.559999999999999621e-05,0.000000000000000000e+00
-5.539999999999999135e-05,0.000000000000000000e+00
-5.520000000000001360e-05,-8.000000000000000167e-03
-5.500000000000000873e-05,-8.000000000000000167e-03
-5.480000000000000387e-05,0.000000000000000000e+00
-5.459999999999999901e-05,-1.600000000000000033e-02
-5.439999999999999415e-05,0.000000000000000000e+00
-5.419999999999998929e-05,-1.600000000000000033e-02
-5.400000000000001153e-05,-8.000000000000000167e-03
-5.380000000000000667e-05,0.000000000000000000e+00
-5.360000000000000181e-05,-1.600000000000000033e-02
-5.339999999999999695e-05,0.000000000000000000e+00
-5.319999999999999209e-05,0.000000000000000000e+00
-5.300000000000001433e-05,-8.000000000000000167e-03
-5.280000000000000947e-05,8.000000000000000167e-03
-5.260000000000000461e-05,-8.000000000000000167e-03
-5.239999999999999975e-05,-1.600000000000000033e-02
-5.219999999999999488e-05,0.000000000000000000e+00
-5.199999999999999002e-05,-1.600000000000000033e-02
-5.180000000000001227e-05,-8.000000000000000167e-03
-5.160000000000000741e-05,0.000000000000000000e+00
-5.140000000000000254e-05,0.000000000000000000e+00
-5.119999999999999768e-05,0.000000000000000000e+00
-5.099999999999999282e-05,8.000000000000000167e-03
-5.080000000000001507e-05,-1.600000000000000033e-02
-5.060000000000001020e-05,0.000000000000000000e+00
-5.040000000000000534e-05,0.000000000000000000e+00
-5.020000000000000048e-05,-1.600000000000000033e-02
-4.999999999999999562e-05,8.000000000000000167e-03
-4.979999999999999076e-05,-1.600000000000000033e-02
-4.960000000000001300e-05,-8.000000000000000167e-03
-4.940000000000000814e-05,-8.000000000000000167e-03
-4.920000000000000328e-05,0.000000000000000000e+00
-4.899999999999999842e-05,-8.000000000000000167e-03
-4.879999999999999356e-05,-8.000000000000000167e-03
-4.860000000000001580e-05,0.000000000000000000e+00
-4.840000000000001094e-05,-8.000000000000000167e-03
-4.820000000000000608e-05,0.000000000000000000e+00
-4.800000000000000122e-05,0.000000000000000000e+00
-4.779999999999999635e-05,-8.000000000000000167e-03
-4.759999999999999149e-05,-8.000000000000000167e-03
-4.740000000000001374e-05,-8.000000000000000167e-03
-4.720000000000000888e-05,-8.000000000000000167e-03
-4.700000000000000401e-05,0.000000000000000000e+00
-4.679999999999999915e-05,-8.000000000000000167e-03
-4.659999999999999429e-05,-8.000000000000000167e-03
-4.639999999999998943e-05,0.000000000000000000e+00
-4.620000000000001167e-05,0.000000000000000000e+00
-4.600000000000000681e-05,-8.000000000000000167e-03
-4.580000000000000195e-05,-8.000000000000000167e-03
-4.559999999999999709e-05,0.000000000000000000e+00
-4.539999999999999223e-05,0.000000000000000000e+00
-4.520000000000001447e-05,0.000000000000000000e+00
-4.500000000000000961e-05,-8.000000000000000167e-03
-4.480000000000000475e-05,-1.600000000000000033e-02
-4.459999999999999989e-05,0.000000000000000000e+00
-4.439999999999999503e-05,-8.000000000000000167e-03
-4.419999999999999016e-05,-8.000000000000000167e-03
-4.400000000000001241e-05,-8.000000000000000167e-03
-4.380000000000000755e-05,-8.000000000000000167e-03
-4.360000000000000269e-05,0.000000000000000000e+00
-4.339999999999999782e-05,0.000000000000000000e+00
-4.319999999999999296e-05,-8.000000000000000167e-03
-4.300000000000001521e-05,-1.600000000000000033e-02
-4.280000000000001035e-05,-8.000000000000000167e-03
-4.260000000000000548e-05,-8.000000000000000167e-03
-4.240000000000000062e-05,-8.000000000000000167e-03
-4.219999999999999576e-05,0.000000000000000000e+00
-4.199999999999999090e-05,-8.000000000000000167e-03
-4.180000000000001314e-05,-8.000000000000000167e-03
-4.160000000000000828e-05,0.000000000000000000e+00
-4.140000000000000342e-05,0.000000000000000000e+00
-4.119999999999999856e-05,-1.600000000000000033e-02
-4.099999999999999370e-05,-8.000000000000000167e-03
-4.080000000000001594e-05,-8.000000000000000167e-03
-4.060000000000001108e-05,-8.000000000000000167e-03
-4.040000000000000622e-05,-8.000000000000000167e-03
-4.020000000000000136e-05,-8.000000000000000167e-03
-3.999999999999999650e-05,0.000000000000000000e+00
-3.979999999999999163e-05,0.000000000000000000e+00
-3.960000000000001388e-05,0.000000000000000000e+00
-3.940000000000000902e-05,-8.000000000000000167e-03
-3.920000000000000416e-05,0.000000000000000000e+00
-3.899999999999999929e-05,-8.000000000000000167e-03
-3.879999999999999443e-05,-8.000000000000000167e-03
-3.859999999999998957e-05,-8.000000000000000167e-03
-3.840000000000001181e-05,0.000000000000000000e+00
-3.820000000000000695e-05,0.000000000000000000e+00
-3.800000000000000209e-05,-8.000000000000000167e-03
-3.779999999999999723e-05,0.000000000000000000e+00
-3.759999999999999237e-05,-8.000000000000000167e-03
-3.740000000000001461e-05,8.000000000000000167e-03
-3.720000000000000975e-05,-8.000000000000000167e-03
-3.700000000000000489e-05,-8.000000000000000167e-03
-3.680000000000000003e-05,0.000000000000000000e+00
-3.659999999999999517e-05,0.000000000000000000e+00
-3.639999999999999031e-05,0.000000000000000000e+00
-3.620000000000001255e-05,-8.000000000000000167e-03
-3.600000000000000769e-05,0.000000000000000000e+00
-3.580000000000000283e-05,0.000000000000000000e+00
-3.559999999999999797e-05,0.000000000000000000e+00
-3.539999999999999310e-05,0.000000000000000000e+00
-3.520000000000001535e-05,8.000000000000000167e-03
-3.500000000000001049e-05,0.000000000000000000e+00
-3.480000000000000563e-05,-1.600000000000000033e-02
-3.460000000000000076e-05,-8.000000000000000167e-03
-3.439999999999999590e-05,-8.000000000000000167e-03
-3.419999999999999104e-05,0.000000000000000000e+00
-3.400000000000001328e-05,0.000000000000000000e+00
-3.380000000000000842e-05,-8.000000000000000167e-03
-3.360000000000000356e-05,-8.000000000000000167e-03
-3.339999999999999870e-05,0.000000000000000000e+00
-3.319999999999999384e-05,-8.000000000000000167e-03
-3.300000000000001608e-05,0.000000000000000000e+00
-3.280000000000001122e-05,-1.600000000000000033e-02
-3.260000000000000636e-05,0.000000000000000000e+00
-3.240000000000000150e-05,0.000000000000000000e+00
-3.219999999999999664e-05,-8.000000000000000167e-03
-3.199999999999999178e-05,0.000000000000000000e+00
-3.180000000000001402e-05,0.000000000000000000e+00
-3.160000000000000916e-05,-8.000000000000000167e-03
-3.140000000000000430e-05,-8.000000000000000167e-03
-3.119999999999999944e-05,8.000000000000000167e-03
-3.099999999999999457e-05,-1.600000000000000033e-02
-3.079999999999998971e-05,0.000000000000000000e+00
-3.060000000000001196e-05,0.000000000000000000e+00
-3.040000000000000709e-05,-8.000000000000000167e-03
-3.020000000000000223e-05,-8.000000000000000167e-03
-2.999999999999999737e-05,-1.600000000000000033e-02
-2.980000000000001962e-05,-8.000000000000000167e-03
-2.960000000000001475e-05,0.000000000000000000e+00
-2.940000000000000989e-05,0.000000000000000000e+00
-2.920000000000000503e-05,-8.000000000000000167e-03
-2.900000000000000017e-05,0.000000000000000000e+00
-2.879999999999999531e-05,0.000000000000000000e+00
-2.859999999999999045e-05,-8.000000000000000167e-03
-2.839999999999998559e-05,-8.000000000000000167e-03
-2.819999999999998072e-05,-8.000000000000000167e-03
-2.800000000000003007e-05,-8.000000000000000167e-03
-2.780000000000002521e-05,-8.000000000000000167e-03
-2.760000000000002035e-05,-8.000000000000000167e-03
-2.740000000000001549e-05,0.000000000000000000e+00
-2.720000000000001063e-05,0.000000000000000000e+00
-2.700000000000000577e-05,-8.000000000000000167e-03
-2.680000000000000090e-05,-8.000000000000000167e-03
-2.659999999999999604e-05,-8.000000000000000167e-03
-2.639999999999999118e-05,-8.000000000000000167e-03
-2.619999999999998632e-05,-8.000000000000000167e-03
-2.599999999999998146e-05,-1.600000000000000033e-02
-2.579999999999997660e-05,-8.000000000000000167e-03
-2.560000000000002595e-05,0.000000000000000000e+00
-2.540000000000002109e-05,0.000000000000000000e+00
-2.520000000000001622e-05,0.000000000000000000e+00
-2.500000000000001136e-05,0.000000000000000000e+00
-2.480000000000000650e-05,-8.000000000000000167e-03
-2.460000000000000164e-05,-8.000000000000000167e-03
-2.439999999999999678e-05,-8.000000000000000167e-03
-2.419999999999999192e-05,0.000000000000000000e+00
-2.399999999999998706e-05,0.000000000000000000e+00
-2.379999999999998219e-05,-8.000000000000000167e-03
-2.359999999999997733e-05,0.000000000000000000e+00
-2.340000000000002668e-05,0.000000000000000000e+00
-2.320000000000002182e-05,-8.000000000000000167e-03
-2.300000000000001696e-05,-8.000000000000000167e-03
-2.280000000000001210e-05,-8.000000000000000167e-03
-2.260000000000000724e-05,-8.000000000000000167e-03
-2.240000000000000237e-05,8.000000000000000167e-03
-2.219999999999999751e-05,0.000000000000000000e+00
-2.199999999999999265e-05,0.000000000000000000e+00
-2.179999999999998779e-05,0.000000000000000000e+00
-2.159999999999998293e-05,0.000000000000000000e+00
-2.139999999999997807e-05,-1.600000000000000033e-02
-2.120000000000002742e-05,0.000000000000000000e+00
-2.100000000000002255e-05,0.000000000000000000e+00
-2.080000000000001769e-05,-8.000000000000000167e-03
-2.060000000000001283e-05,0.000000000000000000e+00
-2.040000000000000797e-05,-8.000000000000000167e-03
-2.020000000000000311e-05,-8.000000000000000167e-03
-1.999999999999999825e-05,0.000000000000000000e+00
-1.979999999999999339e-05,-8.000000000000000167e-03
-1.959999999999998853e-05,-8.000000000000000167e-03
-1.939999999999998366e-05,-8.000000000000000167e-03
-1.919999999999997880e-05,-8.000000000000000167e-03
-1.900000000000002815e-05,0.000000000000000000e+00
-1.880000000000002329e-05,0.000000000000000000e+00
-1.860000000000001843e-05,0.000000000000000000e+00
-1.840000000000001357e-05,-8.000000000000000167e-03
-1.820000000000000871e-05,0.000000000000000000e+00
-1.800000000000000384e-05,0.000000000000000000e+00
-1.779999999999999898e-05,-8.000000000000000167e-03
-1.759999999999999412e-05,0.000000000000000000e+00
-1.739999999999998926e-05,-8.000000000000000167e-03
-1.719999999999998440e-05,0.000000000000000000e+00
-1.699999999999997954e-05,0.000000000000000000e+00
-1.680000000000002889e-05,-8.000000000000000167e-03
-1.660000000000002402e-05,0.000000000000000000e+00
-1.640000000000001916e-05,-8.000000000000000167e-03
-1.620000000000001430e-05,0.000000000000000000e+00
-1.600000000000000944e-05,0.000000000000000000e+00
-1.580000000000000458e-05,0.000000000000000000e+00
-1.559999999999999972e-05,0.000000000000000000e+00
-1.539999999999999486e-05,0.000000000000000000e+00
-1.519999999999998999e-05,0.000000000000000000e+00
-1.499999999999998513e-05,-8.000000000000000167e-03
-1.479999999999998027e-05,-8.000000000000000167e-03
-1.460000000000002962e-05,-8.000000000000000167e-03
-1.440000000000002476e-05,8.000000000000000167e-03
-1.420000000000001990e-05,8.000000000000000167e-03
-1.400000000000001504e-05,0.000000000000000000e+00
-1.380000000000001018e-05,0.000000000000000000e+00
-1.360000000000000531e-05,8.000000000000000167e-03
-1.340000000000000045e-05,-8.000000000000000167e-03
-1.319999999999999559e-05,0.000000000000000000e+00
-1.299999999999999073e-05,0.000000000000000000e+00
-1.279999999999998587e-05,0.000000000000000000e+00
-1.259999999999998101e-05,8.000000000000000167e-03
-1.240000000000003036e-05,0.000000000000000000e+00
-1.220000000000002549e-05,8.000000000000000167e-03
-1.200000000000002063e-05,8.000000000000000167e-03
-1.180000000000001577e-05,8.000000000000000167e-03
-1.160000000000001091e-05,0.000000000000000000e+00
-1.140000000000000605e-05,0.000000000000000000e+00
-1.120000000000000119e-05,0.000000000000000000e+00
-1.099999999999999633e-05,8.000000000000000167e-03
-1.079999999999999146e-05,8.000000000000000167e-03
-1.059999999999998660e-05,8.000000000000000167e-03
-1.039999999999998174e-05,8.000000000000000167e-03
-1.020000000000003109e-05,0.000000000000000000e+00
-1.000000000000002623e-05,8.000000000000000167e-03
-9.800000000000021368e-06,0.000000000000000000e+00
-9.600000000000016506e-06,8.000000000000000167e-03
-9.400000000000011645e-06,8.000000000000000167e-03
-9.200000000000006783e-06,0.000000000000000000e+00
-9.000000000000001922e-06,0.000000000000000000e+00
-8.799999999999997061e-06,0.000000000000000000e+00
-8.599999999999992199e-06,0.000000000000000000e+00
-8.399999999999987338e-06,8.000000000000000167e-03
-8.199999999999982477e-06,0.000000000000000000e+00
-7.999999999999977615e-06,8.000000000000000167e-03
-7.800000000000026964e-06,8.000000000000000167e-03
-7.600000000000022102e-06,0.000000000000000000e+00
-7.400000000000017241e-06,8.000000000000000167e-03
-7.200000000000012380e-06,8.000000000000000167e-03
-7.000000000000007518e-06,8.000000000000000167e-03
-6.800000000000002657e-06,8.000000000000000167e-03
-6.599999999999997796e-06,8.000000000000000167e-03
-6.399999999999992934e-06,8.000000000000000167e-03
-6.199999999999988073e-06,-8.000000000000000167e-03
-5.999999999999983211e-06,0.000000000000000000e+00
-5.799999999999978350e-06,8.000000000000000167e-03
-5.600000000000027699e-06,8.000000000000000167e-03
-5.400000000000022837e-06,8.000000000000000167e-03
-5.200000000000017976e-06,0.000000000000000000e+00
-5.000000000000013115e-06,8.000000000000000167e-03
-4.800000000000008253e-06,-8.000000000000000167e-03
-4.600000000000003392e-06,0.000000000000000000e+00
-4.399999999999998530e-06,0.000000000000000000e+00
-4.199999999999993669e-06,0.000000000000000000e+00
-3.999999999999988808e-06,8.000000000000000167e-03
-3.799999999999983946e-06,0.000000000000000000e+00
-3.599999999999979085e-06,0.000000000000000000e+00
-3.400000000000028434e-06,0.000000000000000000e+00
-3.200000000000023572e-06,0.000000000000000000e+00
-3.000000000000018711e-06,0.000000000000000000e+00
-2.800000000000013849e-06,8.000000000000000167e-03
-2.600000000000008988e-06,1.600000000000000033e-02
-2.400000000000004127e-06,1.600000000000000033e-02
-2.199999999999999265e-06,8.000000000000000167e-03
-1.999999999999994404e-06,8.000000000000000167e-03
-1.799999999999989542e-06,8.000000000000000167e-03
-1.599999999999984681e-06,0.000000000000000000e+00
-1.399999999999979820e-06,0.000000000000000000e+00
-1.200000000000029168e-06,8.000000000000000167e-03
-1.000000000000024307e-06,8.000000000000000167e-03
-8.000000000000194456e-07,8.000000000000000167e-03
-6.000000000000145842e-07,8.000000000000000167e-03
-4.000000000000097228e-07,8.000000000000000167e-03
-2.000000000000048614e-07,8.000000000000000167e-03
0.000000000000000000e+00,0.000000000000000000e+00
2.000000000000048614e-07,1.600000000000000033e-02
4.000000000000097228e-07,8.000000000000000167e-03
6.000000000000145842e-07,-8.000000000000000167e-03
8.000000000000194456e-07,0.000000000000000000e+00
9.999999999999700968e-07,8.000000000000000167e-03
1.199999999999974958e-06,1.600000000000000033e-02
1.399999999999979820e-06,8.479999999999999760e-01
1.599999999999984681e-06,1.759999999999999898e-01
1.799999999999989542e-06,1.199999999999999956e-01
1.999999999999994404e-06,9.600000000000000200e-02
2.199999999999999265e-06,9.600000000000000200e-02
2.400000000000004127e-06,7.200000000000000844e-02
2.600000000000008988e-06,8.000000000000000167e-02
2.800000000000013849e-06,5.200000000000000178e-01
3.000000000000018711e-06,5.520000000000000462e-01
3.199999999999969362e-06,2.800000000000000266e-01
3.399999999999974223e-06,2.159999999999999976e-01
3.599999999999979085e-06,1.920000000000000040e-01
3.799999999999983946e-06,1.759999999999999898e-01
3.999999999999988808e-06,1.519999999999999962e-01
4.199999999999993669e-06,1.839999999999999969e-01
4.399999999999998530e-06,1.512000000000000011e+00
4.600000000000003392e-06,4.640000000000000235e-01
4.800000000000008253e-06,3.280000000000000138e-01
5.000000000000013115e-06,2.959999999999999853e-01
5.200000000000017976e-06,2.720000000000000195e-01
5.399999999999968627e-06,1.592000000000000082e+00
5.599999999999973489e-06,7.920000000000000373e-01
5.799999999999978350e-06,5.280000000000000249e-01
5.999999999999983211e-06,4.239999999999999880e-01
6.199999999999988073e-06,4.080000000000000293e-01
6.399999999999992934e-06,3.519999999999999796e-01
6.599999999999997796e-06,3.280000000000000138e-01
6.800000000000002657e-06,3.119999999999999996e-01
7.000000000000007518e-06,2.959999999999999853e-01
7.200000000000012380e-06,5.680000000000000604e-01
7.400000000000017241e-06,1.423999999999999932e+00
7.600000000000022102e-06,6.640000000000000346e-01
7.799999999999972754e-06,5.360000000000000320e-01
7.999999999999977615e-06,4.879999999999999893e-01
8.199999999999982477e-06,5.680000000000000604e-01
8.399999999999987338e-06,8.240000000000000657e-01
8.599999999999992199e-06,7.039999999999999591e-01
8.799999999999997061e-06,5.520000000000000462e-01
9.000000000000001922e-06,4.879999999999999893e-01
9.200000000000006783e-06,4.400000000000000022e-01
9.400000000000011645e-06,4.319999999999999951e-01
9.600000000000016506e-06,4.319999999999999951e-01
9.800000000000021368e-06,5.600000000000000533e-01
9.999999999999972019e-06,9.599999999999999645e-01
1.019999999999997688e-05,8.240000000000000657e-01
1.039999999999998174e-05,6.159999999999999920e-01
1.059999999999998660e-05,5.200000000000000178e-01
1.079999999999999146e-05,4.640000000000000235e-01
1.099999999999999633e-05,4.480000000000000093e-01
1.120000000000000119e-05,4.319999999999999951e-01
1.140000000000000605e-05,4.160000000000000364e-01
1.160000000000001091e-05,4.480000000000000093e-01
1.180000000000001577e-05,6.079999999999999849e-01
1.200000000000002063e-05,9.520000000000000684e-01
1.219999999999997128e-05,8.479999999999999760e-01
1.239999999999997615e-05,8.080000000000000515e-01
1.259999999999998101e-05,8.000000000000000444e-01
1.279999999999998587e-05,7.199999999999999734e-01
1.299999999999999073e-05,6.400000000000000133e-01
1.319999999999999559e-05,5.919999999999999707e-01
1.340000000000000045e-05,5.600000000000000533e-01
1.360000000000000531e-05,5.440000000000000391e-01
1.380000000000001018e-05,5.680000000000000604e-01
1.400000000000001504e-05,6.320000000000000062e-01
1.420000000000001990e-05,7.199999999999999734e-01
1.439999999999997055e-05,7.359999999999999876e-01
1.459999999999997541e-05,6.560000000000000275e-01
1.479999999999998027e-05,5.999999999999999778e-01
1.499999999999998513e-05,5.680000000000000604e-01
1.519999999999998999e-05,5.360000000000000320e-01
1.539999999999999486e-05,5.120000000000000107e-01
1.559999999999999972e-05,5.040000000000000036e-01
1.580000000000000458e-05,5.040000000000000036e-01
1.600000000000000944e-05,5.360000000000000320e-01
1.620000000000001430e-05,5.839999999999999636e-01
1.640000000000001916e-05,6.159999999999999920e-01
1.659999999999996981e-05,6.079999999999999849e-01
1.679999999999997468e-05,5.760000000000000675e-01
1.699999999999997954e-05,5.440000000000000391e-01
1.719999999999998440e-05,5.040000000000000036e-01
1.739999999999998926e-05,4.799999999999999822e-01
1.759999999999999412e-05,4.720000000000000306e-01
1.779999999999999898e-05,4.640000000000000235e-01
1.800000000000000384e-05,4.720000000000000306e-01
1.820000000000000871e-05,4.799999999999999822e-01
1.840000000000001357e-05,5.040000000000000036e-01
1.860000000000001843e-05,5.440000000000000391e-01
1.879999999999996908e-05,5.919999999999999707e-01
1.899999999999997394e-05,6.480000000000000204e-01
1.919999999999997880e-05,6.960000000000000631e-01
1.939999999999998366e-05,6.800000000000000488e-01
1.959999999999998853e-05,6.079999999999999849e-01
1.979999999999999339e-05,5.360000000000000320e-01
1.999999999999999825e-05,4.959999999999999964e-01
2.020000000000000311e-05,4.720000000000000306e-01
2.040000000000000797e-05,4.400000000000000022e-01
2.060000000000001283e-05,4.319999999999999951e-01
2.080000000000001769e-05,4.160000000000000364e-01
2.099999999999996834e-05,4.080000000000000293e-01
2.119999999999997321e-05,3.920000000000000151e-01
2.139999999999997807e-05,3.920000000000000151e-01
2.159999999999998293e-05,4.000000000000000222e-01
2.179999999999998779e-05,4.400000000000000022e-01
2.199999999999999265e-05,5.600000000000000533e-01
2.219999999999999751e-05,7.039999999999999591e-01
2.240000000000000237e-05,7.279999999999999805e-01
2.260000000000000724e-05,6.400000000000000133e-01
2.280000000000001210e-05,5.520000000000000462e-01
2.300000000000001696e-05,5.040000000000000036e-01
2.319999999999996761e-05,4.640000000000000235e-01
2.339999999999997247e-05,4.400000000000000022e-01
2.359999999999997733e-05,4.239999999999999880e-01
2.379999999999998219e-05,4.160000000000000364e-01
2.399999999999998706e-05,3.920000000000000151e-01
2.419999999999999192e-05,3.840000000000000080e-01
2.439999999999999678e-05,3.760000000000000009e-01
2.460000000000000164e-05,3.599999999999999867e-01
2.480000000000000650e-05,3.599999999999999867e-01
2.500000000000001136e-05,3.519999999999999796e-01
2.520000000000001622e-05,3.519999999999999796e-01
2.540000000000002109e-05,3.440000000000000280e-01
2.559999999999997174e-05,3.280000000000000138e-01
2.579999999999997660e-05,3.200000000000000067e-01
2.599999999999998146e-05,3.280000000000000138e-01
2.619999999999998632e-05,3.119999999999999996e-01
2.639999999999999118e-05,3.039999999999999925e-01
2.659999999999999604e-05,3.039999999999999925e-01
2.680000000000000090e-05,2.959999999999999853e-01
2.700000000000000577e-05,2.959999999999999853e-01
2.720000000000001063e-05,2.959999999999999853e-01
2.740000000000001549e-05,2.959999999999999853e-01
2.760000000000002035e-05,2.959999999999999853e-01
2.779999999999997100e-05,3.039999999999999925e-01
2.799999999999997586e-05,3.599999999999999867e-01
2.819999999999998072e-05,4.720000000000000306e-01
2.839999999999998559e-05,5.680000000000000604e-01
2.859999999999999045e-05,5.839999999999999636e-01
2.879999999999999531e-05,5.120000000000000107e-01
2.900000000000000017e-05,4.480000000000000093e-01
2.920000000000000503e-05,4.000000000000000222e-01
2.940000000000000989e-05,3.760000000000000009e-01
2.960000000000001475e-05,3.519999999999999796e-01
2.980000000000001962e-05,3.440000000000000280e-01
2.999999999999997027e-05,3.280000000000000138e-01
3.019999999999997513e-05,3.280000000000000138e-01
3.039999999999997999e-05,3.119999999999999996e-01
3.059999999999998485e-05,3.119999999999999996e-01
3.079999999999998971e-05,3.039999999999999925e-01
3.099999999999999457e-05,2.959999999999999853e-01
3.119999999999999944e-05,2.880000000000000338e-01
3.140000000000000430e-05,2.880000000000000338e-01
3.160000000000000916e-05,2.720000000000000195e-01
3.180000000000001402e-05,2.800000000000000266e-01
3.200000000000001888e-05,2.720000000000000195e-01
3.219999999999996953e-05,2.640000000000000124e-01
3.239999999999997439e-05,2.560000000000000053e-01
3.259999999999997925e-05,2.640000000000000124e-01
3.279999999999998412e-05,2.560000000000000053e-01
3.299999999999998898e-05,2.479999999999999982e-01
3.319999999999999384e-05,2.479999999999999982e-01
3.339999999999999870e-05,2.399999999999999911e-01
3.360000000000000356e-05,2.479999999999999982e-01
3.380000000000000842e-05,2.800000000000000266e-01
3.400000000000001328e-05,3.200000000000000067e-01
3.420000000000001815e-05,4.319999999999999951e-01
3.439999999999996880e-05,5.600000000000000533e-01
3.459999999999997366e-05,5.680000000000000604e-01
3.479999999999997852e-05,4.959999999999999964e-01
3.499999999999998338e-05,4.319999999999999951e-01
3.519999999999998824e-05,3.840000000000000080e-01
3.539999999999999310e-05,3.519999999999999796e-01
3.559999999999999797e-05,3.360000000000000209e-01
3.580000000000000283e-05,3.200000000000000067e-01
3.600000000000000769e-05,3.039999999999999925e-01
3.620000000000001255e-05,2.959999999999999853e-01
3.640000000000001741e-05,2.959999999999999853e-01
3.659999999999996806e-05,2.800000000000000266e-01
3.679999999999997292e-05,2.800000000000000266e-01
3.699999999999997779e-05,2.720000000000000195e-01
3.719999999999998265e-05,2.560000000000000053e-01
3.739999999999998751e-05,2.479999999999999982e-01
3.759999999999999237e-05,2.560000000000000053e-01
3.779999999999999723e-05,2.560000000000000053e-01
3.800000000000000209e-05,2.399999999999999911e-01
3.820000000000000695e-05,2.399999999999999911e-01
3.840000000000001181e-05,2.399999999999999911e-01
3.860000000000001668e-05,2.320000000000000118e-01
3.879999999999996733e-05,2.320000000000000118e-01
3.899999999999997219e-05,2.320000000000000118e-01
3.919999999999997705e-05,2.240000000000000047e-01
3.939999999999998191e-05,2.320000000000000118e-01
3.959999999999998677e-05,2.320000000000000118e-01
3.979999999999999163e-05,2.640000000000000124e-01
3.999999999999999650e-05,3.280000000000000138e-01
4.020000000000000136e-05,4.080000000000000293e-01
4.040000000000000622e-05,4.319999999999999951e-01
4.060000000000001108e-05,4.080000000000000293e-01
4.080000000000001594e-05,3.440000000000000280e-01
4.099999999999996659e-05,3.039999999999999925e-01
4.119999999999997145e-05,2.880000000000000338e-01
4.139999999999997632e-05,2.800000000000000266e-01
4.159999999999998118e-05,2.640000000000000124e-01
4.179999999999998604e-05,2.640000000000000124e-01
4.199999999999999090e-05,2.399999999999999911e-01
4.219999999999999576e-05,2.479999999999999982e-01
4.240000000000000062e-05,2.399999999999999911e-01
4.260000000000000548e-05,2.399999999999999911e-01
4.280000000000001035e-05,2.320000000000000118e-01
4.300000000000001521e-05,2.240000000000000047e-01
4.320000000000002007e-05,2.240000000000000047e-01
4.339999999999997072e-05,2.159999999999999976e-01
4.359999999999997558e-05,2.159999999999999976e-01
4.379999999999998044e-05,2.080000000000000182e-01
4.399999999999998530e-05,2.080000000000000182e-01
4.419999999999999016e-05,2.000000000000000111e-01
4.439999999999999503e-05,2.000000000000000111e-01
4.459999999999999989e-05,1.920000000000000040e-01
4.480000000000000475e-05,2.000000000000000111e-01
4.500000000000000961e-05,2.159999999999999976e-01
4.520000000000001447e-05,2.320000000000000118e-01
4.540000000000001933e-05,2.479999999999999982e-01
4.559999999999996998e-05,2.959999999999999853e-01
4.579999999999997485e-05,3.519999999999999796e-01
4.599999999999997971e-05,3.599999999999999867e-01
4.619999999999998457e-05,3.440000000000000280e-01
4.639999999999998943e-05,3.280000000000000138e-01
4.659999999999999429e-05,2.959999999999999853e-01
4.679999999999999915e-05,2.800000000000000266e-01
4.700000000000000401e-05,2.560000000000000053e-01
4.720000000000000888e-05,2.479999999999999982e-01
4.740000000000001374e-05,2.399999999999999911e-01
4.760000000000001860e-05,2.320000000000000118e-01
4.779999999999996925e-05,2.240000000000000047e-01
4.799999999999997411e-05,2.159999999999999976e-01
4.819999999999997897e-05,2.080000000000000182e-01
4.839999999999998383e-05,2.080000000000000182e-01
4.859999999999998870e-05,2.080000000000000182e-01
4.879999999999999356e-05,2.000000000000000111e-01
4.899999999999999842e-05,2.000000000000000111e-01
4.920000000000000328e-05,1.920000000000000040e-01
4.940000000000000814e-05,1.839999999999999969e-01
4.960000000000001300e-05,1.839999999999999969e-01
4.980000000000001786e-05,1.839999999999999969e-01
4.999999999999996851e-05,1.759999999999999898e-01
5.019999999999997338e-05,1.839999999999999969e-01
5.039999999999997824e-05,1.839999999999999969e-01
5.059999999999998310e-05,1.839999999999999969e-01
5.079999999999998796e-05,1.920000000000000040e-01
5.099999999999999282e-05,2.080000000000000182e-01
5.119999999999999768e-05,2.560000000000000053e-01
5.140000000000000254e-05,3.360000000000000209e-01
5.160000000000000741e-05,3.920000000000000151e-01
5.180000000000001227e-05,3.760000000000000009e-01
5.200000000000001713e-05,3.360000000000000209e-01
5.219999999999996778e-05,2.959999999999999853e-01
5.239999999999997264e-05,2.720000000000000195e-01
5.259999999999997750e-05,2.479999999999999982e-01
5.279999999999998236e-05,2.399999999999999911e-01
5.299999999999998723e-05,2.240000000000000047e-01
5.319999999999999209e-05,2.159999999999999976e-01
5.339999999999999695e-05,2.080000000000000182e-01
5.360000000000000181e-05,2.000000000000000111e-01
5.380000000000000667e-05,2.000000000000000111e-01
5.400000000000001153e-05,2.000000000000000111e-01
5.420000000000001639e-05,1.920000000000000040e-01
5.439999999999996705e-05,2.000000000000000111e-01
5.459999999999997191e-05,1.920000000000000040e-01
5.479999999999997677e-05,1.839999999999999969e-01
5.499999999999998163e-05,1.839999999999999969e-01
5.519999999999998649e-05,1.920000000000000040e-01
5.539999999999999135e-05,1.839999999999999969e-01
5.559999999999999621e-05,1.920000000000000040e-01
5.580000000000000107e-05,2.080000000000000182e-01
5.600000000000000594e-05,2.159999999999999976e-01
5.620000000000001080e-05,2.479999999999999982e-01
5.640000000000001566e-05,2.640000000000000124e-01
5.659999999999996631e-05,2.800000000000000266e-01
5.679999999999997117e-05,2.720000000000000195e-01
5.699999999999997603e-05,2.399999999999999911e-01
5.719999999999998089e-05,2.320000000000000118e-01
5.739999999999998576e-05,2.240000000000000047e-01
5.759999999999999062e-05,2.159999999999999976e-01
5.779999999999999548e-05,2.000000000000000111e-01
5.800000000000000034e-05,2.080000000000000182e-01
5.820000000000000520e-05,1.920000000000000040e-01
5.840000000000001006e-05,1.839999999999999969e-01
5.860000000000001492e-05,1.839999999999999969e-01
5.879999999999996558e-05,1.759999999999999898e-01
5.899999999999997044e-05,1.759999999999999898e-01
5.919999999999997530e-05,1.680000000000000104e-01
5.939999999999998016e-05,1.680000000000000104e-01
5.959999999999998502e-05,1.680000000000000104e-01
5.979999999999998988e-05,1.680000000000000104e-01
5.999999999999999474e-05,1.680000000000000104e-01
6.019999999999999961e-05,1.680000000000000104e-01
6.040000000000000447e-05,1.600000000000000033e-01
6.060000000000000933e-05,1.680000000000000104e-01
6.080000000000001419e-05,1.680000000000000104e-01
6.100000000000001905e-05,1.839999999999999969e-01
6.119999999999996970e-05,2.000000000000000111e-01
6.139999999999997456e-05,2.240000000000000047e-01
6.159999999999997942e-05,2.560000000000000053e-01
6.179999999999998429e-05,2.720000000000000195e-01
6.199999999999998915e-05,2.880000000000000338e-01
6.219999999999999401e-05,2.880000000000000338e-01
6.239999999999999887e-05,2.640000000000000124e-01
6.260000000000000373e-05,2.479999999999999982e-01
6.280000000000000859e-05,2.320000000000000118e-01
6.300000000000001345e-05,2.240000000000000047e-01
6.320000000000001832e-05,2.080000000000000182e-01
6.339999999999996897e-05,2.000000000000000111e-01
6.359999999999997383e-05,1.920000000000000040e-01
6.379999999999997869e-05,1.920000000000000040e-01
6.399999999999998355e-05,1.839999999999999969e-01
6.419999999999998841e-05,1.680000000000000104e-01
6.439999999999999327e-05,1.759999999999999898e-01
6.459999999999999814e-05,1.680000000000000104e-01
6.480000000000000300e-05,1.680000000000000104e-01
6.500000000000000786e-05,1.680000000000000104e-01
6.520000000000001272e-05,1.519999999999999962e-01
6.540000000000001758e-05,1.600000000000000033e-01
6.559999999999996823e-05,1.600000000000000033e-01
6.579999999999997309e-05,1.519999999999999962e-01
6.599999999999997796e-05,1.519999999999999962e-01
6.619999999999998282e-05,1.519999999999999962e-01
6.639999999999998768e-05,1.600000000000000033e-01
6.659999999999999254e-05,1.519999999999999962e-01
6.679999999999999740e-05,1.519999999999999962e-01
6.700000000000000226e-05,1.680000000000000104e-01
6.720000000000000712e-05,1.839999999999999969e-01
6.740000000000001198e-05,1.839999999999999969e-01
6.760000000000001685e-05,2.000000000000000111e-01
6.779999999999996750e-05,2.159999999999999976e-01
6.799999999999997236e-05,2.240000000000000047e-01
6.819999999999997722e-05,2.320000000000000118e-01
6.839999999999998208e-05,2.399999999999999911e-01
6.859999999999998694e-05,2.159999999999999976e-01
6.879999999999999180e-05,2.159999999999999976e-01
6.899999999999999667e-05,2.080000000000000182e-01
6.920000000000000153e-05,1.920000000000000040e-01
6.940000000000000639e-05,1.920000000000000040e-01
6.960000000000001125e-05,1.839999999999999969e-01
6.980000000000001611e-05,1.759999999999999898e-01
6.999999999999996676e-05,1.839999999999999969e-01
7.019999999999997162e-05,1.680000000000000104e-01
7.039999999999997649e-05,1.600000000000000033e-01
7.059999999999998135e-05,1.600000000000000033e-01
7.079999999999998621e-05,1.519999999999999962e-01
7.099999999999999107e-05,1.600000000000000033e-01
7.119999999999999593e-05,1.600000000000000033e-01
7.140000000000000079e-05,1.600000000000000033e-01
7.160000000000000565e-05,1.680000000000000104e-01
7.180000000000001052e-05,1.759999999999999898e-01
7.200000000000001538e-05,1.759999999999999898e-01
7.219999999999996603e-05,1.920000000000000040e-01
7.239999999999997089e-05,1.839999999999999969e-01
7.259999999999997575e-05,1.920000000000000040e-01
7.279999999999998061e-05,2.000000000000000111e-01
7.299999999999998547e-05,2.000000000000000111e-01
7.319999999999999033e-05,1.920000000000000040e-01
7.339999999999999520e-05,1.839999999999999969e-01
7.360000000000000006e-05,1.839999999999999969e-01
7.380000000000000492e-05,1.680000000000000104e-01
7.400000000000000978e-05,1.600000000000000033e-01
7.420000000000001464e-05,1.600000000000000033e-01
7.439999999999996529e-05,1.600000000000000033e-01
7.459999999999997015e-05,1.519999999999999962e-01
7.479999999999997502e-05,1.519999999999999962e-01
7.499999999999997988e-05,1.519999999999999962e-01
7.519999999999998474e-05,1.440000000000000169e-01
7.539999999999998960e-05,1.440000000000000169e-01
7.559999999999999446e-05,1.440000000000000169e-01
7.579999999999999932e-05,1.440000000000000169e-01
7.600000000000000418e-05,1.440000000000000169e-01
7.620000000000000905e-05,1.440000000000000169e-01
7.640000000000001391e-05,1.600000000000000033e-01
7.660000000000001877e-05,1.680000000000000104e-01
7.679999999999996942e-05,1.759999999999999898e-01
7.699999999999997428e-05,1.759999999999999898e-01
7.719999999999997914e-05,1.839999999999999969e-01
7.739999999999998400e-05,2.000000000000000111e-01
7.759999999999998887e-05,1.920000000000000040e-01
7.779999999999999373e-05,1.759999999999999898e-01
7.799999999999999859e-05,1.839999999999999969e-01
7.820000000000000345e-05,1.759999999999999898e-01
7.840000000000000831e-05,1.600000000000000033e-01
7.860000000000001317e-05,1.600000000000000033e-01
7.880000000000001803e-05,1.519999999999999962e-01
7.899999999999996868e-05,1.519999999999999962e-01
7.919999999999997355e-05,1.519999999999999962e-01
7.939999999999997841e-05,1.600000000000000033e-01
7.959999999999998327e-05,1.600000000000000033e-01
7.979999999999998813e-05,1.600000000000000033e-01
7.999999999999999299e-05,1.759999999999999898e-01
8.019999999999999785e-05,1.920000000000000040e-01
8.040000000000000271e-05,2.000000000000000111e-01
8.060000000000000758e-05,2.320000000000000118e-01
8.080000000000001244e-05,2.320000000000000118e-01
8.100000000000001730e-05,2.479999999999999982e-01
8.119999999999996795e-05,2.320000000000000118e-01
8.139999999999997281e-05,2.320000000000000118e-01
8.159999999999997767e-05,2.080000000000000182e-01
8.179999999999998253e-05,2.000000000000000111e-01
8.199999999999998740e-05,1.920000000000000040e-01
8.219999999999999226e-05,1.839999999999999969e-01
8.239999999999999712e-05,1.759999999999999898e-01
8.260000000000000198e-05,1.600000000000000033e-01
8.280000000000000684e-05,1.600000000000000033e-01
8.300000000000001170e-05,1.600000000000000033e-01
8.320000000000001656e-05,1.519999999999999962e-01
8.339999999999996722e-05,1.519999999999999962e-01
8.359999999999997208e-05,1.519999999999999962e-01
8.379999999999997694e-05,1.519999999999999962e-01
8.399999999999998180e-05,1.360000000000000098e-01
8.419999999999998666e-05,1.360000000000000098e-01
8.439999999999999152e-05,1.360000000000000098e-01
8.459999999999999638e-05,1.440000000000000169e-01
8.480000000000000124e-05,1.440000000000000169e-01
8.500000000000000611e-05,1.519999999999999962e-01
8.520000000000001097e-05,1.440000000000000169e-01
8.540000000000001583e-05,1.600000000000000033e-01
8.559999999999996648e-05,1.519999999999999962e-01
8.579999999999997134e-05,1.680000000000000104e-01
8.599999999999997620e-05,1.759999999999999898e-01
8.619999999999998106e-05,1.920000000000000040e-01
8.639999999999998593e-05,2.000000000000000111e-01
8.659999999999999079e-05,2.240000000000000047e-01
8.679999999999999565e-05,2.320000000000000118e-01
8.700000000000000051e-05,2.320000000000000118e-01
8.720000000000000537e-05,2.080000000000000182e-01
8.740000000000001023e-05,2.000000000000000111e-01
8.760000000000001509e-05,2.080000000000000182e-01
8.779999999999996575e-05,1.920000000000000040e-01
8.799999999999997061e-05,1.839999999999999969e-01
8.819999999999997547e-05,1.759999999999999898e-01
8.839999999999998033e-05,1.680000000000000104e-01
8.859999999999998519e-05,1.600000000000000033e-01
8.879999999999999005e-05,1.440000000000000169e-01
8.899999999999999491e-05,1.519999999999999962e-01
8.919999999999999978e-05,1.440000000000000169e-01
8.940000000000000464e-05,1.440000000000000169e-01
8.960000000000000950e-05,1.440000000000000169e-01
8.980000000000001436e-05,1.440000000000000169e-01
8.999999999999996501e-05,1.440000000000000169e-01
9.019999999999996987e-05,1.440000000000000169e-01
9.039999999999997473e-05,1.360000000000000098e-01
9.059999999999997959e-05,1.440000000000000169e-01
9.079999999999998446e-05,1.440000000000000169e-01
9.099999999999998932e-05,1.519999999999999962e-01
9.119999999999999418e-05,1.600000000000000033e-01
9.139999999999999904e-05,1.680000000000000104e-01
9.160000000000000390e-05,1.920000000000000040e-01
9.180000000000000876e-05,1.920000000000000040e-01
9.200000000000001362e-05,1.920000000000000040e-01
9.219999999999996428e-05,2.000000000000000111e-01
9.239999999999996914e-05,1.839999999999999969e-01
9.259999999999997400e-05,1.759999999999999898e-01
9.279999999999997886e-05,1.759999999999999898e-01
9.299999999999998372e-05,1.759999999999999898e-01
9.319999999999998858e-05,1.680000000000000104e-01
9.339999999999999344e-05,1.680000000000000104e-01
9.359999999999999831e-05,1.680000000000000104e-01
9.380000000000000317e-05,1.680000000000000104e-01
9.400000000000000803e-05,1.600000000000000033e-01
9.420000000000001289e-05,1.519999999999999962e-01
9.440000000000001775e-05,1.680000000000000104e-01
9.459999999999996840e-05,1.680000000000000104e-01
9.479999999999997326e-05,1.519999999999999962e-01
9.499999999999997813e-05,1.600000000000000033e-01
9.519999999999998299e-05,1.680000000000000104e-01
9.539999999999998785e-05,1.519999999999999962e-01
9.559999999999999271e-05,1.519999999999999962e-01
9.579999999999999757e-05,1.600000000000000033e-01
9.600000000000000243e-05,1.600000000000000033e-01
9.620000000000000729e-05,1.600000000000000033e-01
9.640000000000001215e-05,1.600000000000000033e-01
9.660000000000001702e-05,1.440000000000000169e-01
9.679999999999996767e-05,1.519999999999999962e-01
9.699999999999997253e-05,1.600000000000000033e-01
9.719999999999997739e-05,1.600000000000000033e-01
9.739999999999998225e-05,1.600000000000000033e-01
9.759999999999998711e-05,1.600000000000000033e-01
9.779999999999999197e-05,1.759999999999999898e-01
9.799999999999999684e-05,1.759999999999999898e-01
9.820000000000000170e-05,1.839999999999999969e-01
9.840000000000000656e-05,1.920000000000000040e-01
9.860000000000001142e-05,2.080000000000000182e-01
9.880000000000001628e-05,1.920000000000000040e-01
9.899999999999996693e-05,1.920000000000000040e-01
9.919999999999997179e-05,2.000000000000000111e-01
9.939999999999997666e-05,1.839999999999999969e-01
9.959999999999998152e-05,1.759999999999999898e-01
9.979999999999998638e-05,1.680000000000000104e-01
9.999999999999999124e-05,1.680000000000000104e-01
1.001999999999999961e-04,1.600000000000000033e-01
1.004000000000000010e-04,1.519999999999999962e-01
1.006000000000000058e-04,1.519999999999999962e-01
1.008000000000000107e-04,1.519999999999999962e-01
1.010000000000000155e-04,1.440000000000000169e-01
1.011999999999999662e-04,1.440000000000000169e-01
1.013999999999999711e-04,1.360000000000000098e-01
1.015999999999999759e-04,1.440000000000000169e-01
1.017999999999999808e-04,1.440000000000000169e-01
1.019999999999999856e-04,1.360000000000000098e-01
1.021999999999999905e-04,1.440000000000000169e-01
1.023999999999999954e-04,1.360000000000000098e-01
1.026000000000000002e-04,1.519999999999999962e-01
1.028000000000000051e-04,1.519999999999999962e-01
1.030000000000000100e-04,1.680000000000000104e-01
1.032000000000000148e-04,1.920000000000000040e-01
1.033999999999999655e-04,2.159999999999999976e-01
1.035999999999999703e-04,2.320000000000000118e-01
1.037999999999999752e-04,2.240000000000000047e-01
1.039999999999999800e-04,2.240000000000000047e-01
1.041999999999999849e-04,2.080000000000000182e-01
1.043999999999999898e-04,1.920000000000000040e-01
1.045999999999999946e-04,1.839999999999999969e-01
1.047999999999999995e-04,1.680000000000000104e-01
1.050000000000000044e-04,1.600000000000000033e-01
1.052000000000000092e-04,1.600000000000000033e-01
1.054000000000000141e-04,1.440000000000000169e-01
1.055999999999999647e-04,1.440000000000000169e-01
1.057999999999999696e-04,1.360000000000000098e-01
1.059999999999999745e-04,1.360000000000000098e-01
1.061999999999999793e-04,1.280000000000000027e-01
1.063999999999999842e-04,1.280000000000000027e-01
1.065999999999999890e-04,1.360000000000000098e-01
1.067999999999999939e-04,1.280000000000000027e-01
1.069999999999999988e-04,1.280000000000000027e-01
1.072000000000000036e-04,1.280000000000000027e-01
1.074000000000000085e-04,1.360000000000000098e-01
1.076000000000000133e-04,1.280000000000000027e-01
1.077999999999999640e-04,1.440000000000000169e-01
1.079999999999999689e-04,1.519999999999999962e-01
1.081999999999999737e-04,1.600000000000000033e-01
1.083999999999999786e-04,1.920000000000000040e-01
1.085999999999999834e-04,2.000000000000000111e-01
1.087999999999999883e-04,2.240000000000000047e-01
1.089999999999999932e-04,2.320000000000000118e-01
1.091999999999999980e-04,2.240000000000000047e-01
1.094000000000000029e-04,2.159999999999999976e-01
1.096000000000000077e-04,2.000000000000000111e-01
1.098000000000000126e-04,2.000000000000000111e-01
1.100000000000000175e-04,1.759999999999999898e-01
1.101999999999999681e-04,1.759999999999999898e-01
1.103999999999999730e-04,1.600000000000000033e-01
1.105999999999999778e-04,1.600000000000000033e-01
1.107999999999999827e-04,1.519999999999999962e-01
1.109999999999999876e-04,1.519999999999999962e-01
1.111999999999999924e-04,1.440000000000000169e-01
1.113999999999999973e-04,1.360000000000000098e-01
1.116000000000000021e-04,1.360000000000000098e-01
1.118000000000000070e-04,1.360000000000000098e-01
1.120000000000000119e-04,1.360000000000000098e-01
1.122000000000000167e-04,1.360000000000000098e-01
1.123999999999999674e-04,1.360000000000000098e-01
1.125999999999999722e-04,1.440000000000000169e-01
1.127999999999999771e-04,1.360000000000000098e-01
1.129999999999999820e-04,1.519999999999999962e-01
1.131999999999999868e-04,1.680000000000000104e-01
1.133999999999999917e-04,1.839999999999999969e-01
1.135999999999999966e-04,1.920000000000000040e-01
1.138000000000000014e-04,2.000000000000000111e-01
1.140000000000000063e-04,1.920000000000000040e-01
1.142000000000000111e-04,1.839999999999999969e-01
1.144000000000000160e-04,1.759999999999999898e-01
1.145999999999999667e-04,1.759999999999999898e-01
1.147999999999999715e-04,1.600000000000000033e-01
1.149999999999999764e-04,1.519999999999999962e-01
1.151999999999999812e-04,1.440000000000000169e-01
1.153999999999999861e-04,1.519999999999999962e-01
1.155999999999999910e-04,1.519999999999999962e-01
1.157999999999999958e-04,1.360000000000000098e-01
1.160000000000000007e-04,1.440000000000000169e-01
1.162000000000000055e-04,1.440000000000000169e-01
1.164000000000000104e-04,1.360000000000000098e-01
1.166000000000000153e-04,1.440000000000000169e-01
1.167999999999999659e-04,1.440000000000000169e-01
1.169999999999999708e-04,1.519999999999999962e-01
1.171999999999999756e-04,1.519999999999999962e-01
1.173999999999999805e-04,1.680000000000000104e-01
1.175999999999999854e-04,1.839999999999999969e-01
1.177999999999999902e-04,1.920000000000000040e-01
1.179999999999999951e-04,2.000000000000000111e-01
1.181999999999999999e-04,2.000000000000000111e-01
1.184000000000000048e-04,2.080000000000000182e-01
1.186000000000000097e-04,2.000000000000000111e-01
1.188000000000000145e-04,1.920000000000000040e-01
1.189999999999999652e-04,1.839999999999999969e-01
1.191999999999999700e-04,1.759999999999999898e-01
1.193999999999999749e-04,1.759999999999999898e-01
1.195999999999999798e-04,1.600000000000000033e-01
1.197999999999999846e-04,1.600000000000000033e-01
1.199999999999999895e-04,1.440000000000000169e-01
1.201999999999999943e-04,1.440000000000000169e-01
1.203999999999999992e-04,1.440000000000000169e-01
1.206000000000000041e-04,1.440000000000000169e-01
1.208000000000000089e-04,1.280000000000000027e-01
1.210000000000000138e-04,1.440000000000000169e-01
1.211999999999999644e-04,1.360000000000000098e-01
1.213999999999999693e-04,1.360000000000000098e-01
1.215999999999999742e-04,1.519999999999999962e-01
1.217999999999999790e-04,1.360000000000000098e-01
1.219999999999999839e-04,1.519999999999999962e-01
1.221999999999999888e-04,1.440000000000000169e-01
1.223999999999999936e-04,1.600000000000000033e-01
1.225999999999999985e-04,1.600000000000000033e-01
1.228000000000000033e-04,1.759999999999999898e-01
1.230000000000000082e-04,1.920000000000000040e-01
1.232000000000000131e-04,2.000000000000000111e-01
1.233999999999999637e-04,2.080000000000000182e-01
1.235999999999999686e-04,2.000000000000000111e-01
1.237999999999999734e-04,1.839999999999999969e-01
1.239999999999999783e-04,1.839999999999999969e-01
1.241999999999999832e-04,1.759999999999999898e-01
1.243999999999999880e-04,1.839999999999999969e-01
1.245999999999999929e-04,1.680000000000000104e-01
1.247999999999999977e-04,1.600000000000000033e-01
1.250000000000000026e-04,1.519999999999999962e-01
1.252000000000000075e-04,1.519999999999999962e-01
1.254000000000000123e-04,1.360000000000000098e-01
1.255999999999999630e-04,1.440000000000000169e-01
1.257999999999999678e-04,1.360000000000000098e-01
1.259999999999999727e-04,1.360000000000000098e-01
1.261999999999999776e-04,1.360000000000000098e-01
1.263999999999999824e-04,1.360000000000000098e-01
1.265999999999999873e-04,1.280000000000000027e-01
1.267999999999999921e-04,1.360000000000000098e-01
1.269999999999999970e-04,1.360000000000000098e-01
1.272000000000000019e-04,1.440000000000000169e-01
1.274000000000000067e-04,1.360000000000000098e-01
1.276000000000000116e-04,1.600000000000000033e-01
1.278000000000000165e-04,1.680000000000000104e-01
1.279999999999999671e-04,1.759999999999999898e-01
1.281999999999999720e-04,1.920000000000000040e-01
1.283999999999999768e-04,1.920000000000000040e-01
1.285999999999999817e-04,1.920000000000000040e-01
1.287999999999999865e-04,1.920000000000000040e-01
1.289999999999999914e-04,1.839999999999999969e-01
1.291999999999999963e-04,1.759999999999999898e-01
1.294000000000000011e-04,1.839999999999999969e-01
1.296000000000000060e-04,1.680000000000000104e-01
1.298000000000000109e-04,1.600000000000000033e-01
1.300000000000000157e-04,1.519999999999999962e-01
1.301999999999999664e-04,1.519999999999999962e-01
1.303999999999999712e-04,1.519999999999999962e-01
1.305999999999999761e-04,1.440000000000000169e-01
1.307999999999999810e-04,1.519999999999999962e-01
1.309999999999999858e-04,1.519999999999999962e-01
1.311999999999999907e-04,1.600000000000000033e-01
1.313999999999999955e-04,1.440000000000000169e-01
1.316000000000000004e-04,1.600000000000000033e-01
1.318000000000000053e-04,1.600000000000000033e-01
1.320000000000000101e-04,1.600000000000000033e-01
1.322000000000000150e-04,1.680000000000000104e-01
1.323999999999999656e-04,1.759999999999999898e-01
1.325999999999999705e-04,1.839999999999999969e-01
1.327999999999999754e-04,1.839999999999999969e-01
1.329999999999999802e-04,1.759999999999999898e-01
1.331999999999999851e-04,1.839999999999999969e-01
1.333999999999999899e-04,1.680000000000000104e-01
1.335999999999999948e-04,1.519999999999999962e-01
1.337999999999999997e-04,1.600000000000000033e-01
1.340000000000000045e-04,1.519999999999999962e-01
1.342000000000000094e-04,1.519999999999999962e-01
1.344000000000000142e-04,1.519999999999999962e-01
1.345999999999999649e-04,1.440000000000000169e-01
1.347999999999999698e-04,1.360000000000000098e-01
1.349999999999999746e-04,1.360000000000000098e-01
1.351999999999999795e-04,1.280000000000000027e-01
1.353999999999999843e-04,1.280000000000000027e-01
1.355999999999999892e-04,1.280000000000000027e-01
1.357999999999999941e-04,1.360000000000000098e-01
1.359999999999999989e-04,1.440000000000000169e-01
1.362000000000000038e-04,1.360000000000000098e-01
1.364000000000000087e-04,1.519999999999999962e-01
1.366000000000000135e-04,1.600000000000000033e-01
1.367999999999999642e-04,1.600000000000000033e-01
1.369999999999999690e-04,1.759999999999999898e-01
1.371999999999999739e-04,1.839999999999999969e-01
1.373999999999999787e-04,2.000000000000000111e-01
1.375999999999999836e-04,2.000000000000000111e-01
1.377999999999999885e-04,2.080000000000000182e-01
1.379999999999999933e-04,2.000000000000000111e-01
1.381999999999999982e-04,1.920000000000000040e-01
1.384000000000000031e-04,1.920000000000000040e-01
1.386000000000000079e-04,1.680000000000000104e-01
1.388000000000000128e-04,1.680000000000000104e-01
1.389999999999999634e-04,1.680000000000000104e-01
1.391999999999999683e-04,1.680000000000000104e-01
1.393999999999999732e-04,1.600000000000000033e-01
1.395999999999999780e-04,1.600000000000000033e-01
1.397999999999999829e-04,1.440000000000000169e-01
1.399999999999999877e-04,1.440000000000000169e-01
1.401999999999999926e-04,1.360000000000000098e-01
1.403999999999999975e-04,1.440000000000000169e-01
1.406000000000000023e-04,1.360000000000000098e-01
1.408000000000000072e-04,1.440000000000000169e-01
1.410000000000000120e-04,1.360000000000000098e-01
1.411999999999999627e-04,1.440000000000000169e-01
1.413999999999999676e-04,1.519999999999999962e-01
1.415999999999999724e-04,1.440000000000000169e-01
1.417999999999999773e-04,1.600000000000000033e-01
1.419999999999999821e-04,1.519999999999999962e-01
1.421999999999999870e-04,1.680000000000000104e-01
1.423999999999999919e-04,1.680000000000000104e-01
1.425999999999999967e-04,1.759999999999999898e-01
1.428000000000000016e-04,1.680000000000000104e-01
1.430000000000000064e-04,1.680000000000000104e-01
1.432000000000000113e-04,1.600000000000000033e-01
1.433999999999999620e-04,1.600000000000000033e-01
1.435999999999999668e-04,1.600000000000000033e-01
1.437999999999999717e-04,1.440000000000000169e-01
1.439999999999999765e-04,1.519999999999999962e-01
1.441999999999999814e-04,1.440000000000000169e-01
1.443999999999999863e-04,1.440000000000000169e-01
1.445999999999999911e-04,1.440000000000000169e-01
1.447999999999999960e-04,1.440000000000000169e-01
1.450000000000000009e-04,1.440000000000000169e-01
1.452000000000000057e-04,1.360000000000000098e-01
1.454000000000000106e-04,1.440000000000000169e-01
1.456000000000000154e-04,1.440000000000000169e-01
1.457999999999999661e-04,1.519999999999999962e-01
1.459999999999999709e-04,1.600000000000000033e-01
1.461999999999999758e-04,1.680000000000000104e-01
1.463999999999999807e-04,1.759999999999999898e-01
1.465999999999999855e-04,1.839999999999999969e-01
1.467999999999999904e-04,2.000000000000000111e-01
1.469999999999999953e-04,2.000000000000000111e-01
1.472000000000000001e-04,1.920000000000000040e-01
1.474000000000000050e-04,1.920000000000000040e-01
1.476000000000000098e-04,1.839999999999999969e-01
1.478000000000000147e-04,1.759999999999999898e-01
1.479999999999999654e-04,1.759999999999999898e-01
1.481999999999999702e-04,1.519999999999999962e-01
1.483999999999999751e-04,1.600000000000000033e-01
1.485999999999999799e-04,1.600000000000000033e-01
1.487999999999999848e-04,1.360000000000000098e-01
1.489999999999999897e-04,1.519999999999999962e-01
1.491999999999999945e-04,1.440000000000000169e-01
1.493999999999999994e-04,1.440000000000000169e-01
1.496000000000000042e-04,1.440000000000000169e-01
1.498000000000000091e-04,1.360000000000000098e-01
1.500000000000000140e-04,1.360000000000000098e-01
1.501999999999999646e-04,1.360000000000000098e-01
1.503999999999999695e-04,1.360000000000000098e-01
1.505999999999999743e-04,1.440000000000000169e-01
1.507999999999999792e-04,1.519999999999999962e-01
1.509999999999999841e-04,1.519999999999999962e-01
1.511999999999999889e-04,1.680000000000000104e-01
1.513999999999999938e-04,1.600000000000000033e-01
1.515999999999999986e-04,1.759999999999999898e-01
1.518000000000000035e-04,1.600000000000000033e-01
1.520000000000000084e-04,1.680000000000000104e-01
1.522000000000000132e-04,1.759999999999999898e-01
1.523999999999999639e-04,1.759999999999999898e-01
1.525999999999999687e-04,1.600000000000000033e-01
1.527999999999999736e-04,1.680000000000000104e-01
1.529999999999999785e-04,1.600000000000000033e-01
1.531999999999999833e-04,1.600000000000000033e-01
1.533999999999999882e-04,1.600000000000000033e-01
1.535999999999999930e-04,1.519999999999999962e-01
1.537999999999999979e-04,1.519999999999999962e-01
1.540000000000000028e-04,1.600000000000000033e-01
1.542000000000000076e-04,1.519999999999999962e-01
1.544000000000000125e-04,1.600000000000000033e-01
1.545999999999999631e-04,1.519999999999999962e-01
1.547999999999999680e-04,1.519999999999999962e-01
1.549999999999999729e-04,1.600000000000000033e-01
1.551999999999999777e-04,1.759999999999999898e-01
1.553999999999999826e-04,1.519999999999999962e-01
1.555999999999999875e-04,1.600000000000000033e-01
1.557999999999999923e-04,1.680000000000000104e-01
1.559999999999999972e-04,1.519999999999999962e-01
1.562000000000000020e-04,1.600000000000000033e-01
1.564000000000000069e-04,1.519999999999999962e-01
1.566000000000000118e-04,1.600000000000000033e-01
1.567999999999999624e-04,1.519999999999999962e-01
1.569999999999999673e-04,1.600000000000000033e-01
1.571999999999999721e-04,1.600000000000000033e-01
1.573999999999999770e-04,1.600000000000000033e-01
1.575999999999999819e-04,1.600000000000000033e-01
1.577999999999999867e-04,1.519999999999999962e-01
1.579999999999999916e-04,1.600000000000000033e-01
1.581999999999999964e-04,1.519999999999999962e-01
1.584000000000000013e-04,1.519999999999999962e-01
1.586000000000000062e-04,1.519999999999999962e-01
1.588000000000000110e-04,1.600000000000000033e-01
1.589999999999999617e-04,1.600000000000000033e-01
1.591999999999999665e-04,1.680000000000000104e-01
1.593999999999999714e-04,1.519999999999999962e-01
1.595999999999999763e-04,1.600000000000000033e-01
1.597999999999999811e-04,1.600000000000000033e-01
1.599999999999999860e-04,1.680000000000000104e-01
1.601999999999999908e-04,1.680000000000000104e-01
1.603999999999999957e-04,1.600000000000000033e-01
1.606000000000000006e-04,1.680000000000000104e-01
1.608000000000000054e-04,1.600000000000000033e-01
1.610000000000000103e-04,1.519999999999999962e-01
1.611999999999999609e-04,1.600000000000000033e-01
1.613999999999999658e-04,1.519999999999999962e-01
1.615999999999999707e-04,1.600000000000000033e-01
1.617999999999999755e-04,1.519999999999999962e-01
1.619999999999999804e-04,1.519999999999999962e-01
1.621999999999999852e-04,1.360000000000000098e-01
1.623999999999999901e-04,1.519999999999999962e-01
1.625999999999999950e-04,1.519999999999999962e-01
1.627999999999999998e-04,1.680000000000000104e-01
1.630000000000000047e-04,1.519999999999999962e-01
1.632000000000000096e-04,1.440000000000000169e-01
1.634000000000000144e-04,1.519999999999999962e-01
1.635999999999999651e-04,1.519999999999999962e-01
1.637999999999999699e-04,1.600000000000000033e-01
1.639999999999999748e-04,1.600000000000000033e-01
1.641999999999999797e-04,1.600000000000000033e-01
1.643999999999999845e-04,1.680000000000000104e-01
1.645999999999999894e-04,1.759999999999999898e-01
1.647999999999999942e-04,1.759999999999999898e-01
1.649999999999999991e-04,1.600000000000000033e-01
1.652000000000000040e-04,1.600000000000000033e-01
1.654000000000000088e-04,1.600000000000000033e-01
1.656000000000000137e-04,1.680000000000000104e-01
1.657999999999999643e-04,1.600000000000000033e-01
1.659999999999999692e-04,1.519999999999999962e-01
1.661999999999999741e-04,1.600000000000000033e-01
1.663999999999999789e-04,1.440000000000000169e-01
1.665999999999999838e-04,1.440000000000000169e-01
1.667999999999999886e-04,1.519999999999999962e-01
1.669999999999999935e-04,1.440000000000000169e-01
1.671999999999999984e-04,1.519999999999999962e-01
1.674000000000000032e-04,1.440000000000000169e-01
1.676000000000000081e-04,1.519999999999999962e-01
1.678000000000000129e-04,1.519999999999999962e-01
1.679999999999999636e-04,1.600000000000000033e-01
1.681999999999999685e-04,1.519999999999999962e-01
1.683999999999999733e-04,1.680000000000000104e-01
1.685999999999999782e-04,1.680000000000000104e-01
1.687999999999999830e-04,1.759999999999999898e-01
1.689999999999999879e-04,1.839999999999999969e-01
1.691999999999999928e-04,1.839999999999999969e-01
1.693999999999999976e-04,1.759999999999999898e-01
1.696000000000000025e-04,1.759999999999999898e-01
1.698000000000000074e-04,1.600000000000000033e-01
1.700000000000000122e-04,1.519999999999999962e-01
1.701999999999999629e-04,1.519999999999999962e-01
1.703999999999999677e-04,1.519999999999999962e-01
1.705999999999999726e-04,1.440000000000000169e-01
1.707999999999999774e-04,1.519999999999999962e-01
1.709999999999999823e-04,1.440000000000000169e-01
1.711999999999999872e-04,1.360000000000000098e-01
1.713999999999999920e-04,1.440000000000000169e-01
1.715999999999999969e-04,1.360000000000000098e-01
1.718000000000000018e-04,1.360000000000000098e-01
1.720000000000000066e-04,1.280000000000000027e-01
1.722000000000000115e-04,1.360000000000000098e-01
1.723999999999999621e-04,1.360000000000000098e-01
1.725999999999999670e-04,1.360000000000000098e-01
1.727999999999999719e-04,1.440000000000000169e-01
1.729999999999999767e-04,1.600000000000000033e-01
1.731999999999999816e-04,1.600000000000000033e-01
1.733999999999999864e-04,1.759999999999999898e-01
1.735999999999999913e-04,1.920000000000000040e-01
1.737999999999999962e-04,1.920000000000000040e-01
1.740000000000000010e-04,2.000000000000000111e-01
1.742000000000000059e-04,1.920000000000000040e-01
1.744000000000000107e-04,2.000000000000000111e-01
1.745999999999999614e-04,1.920000000000000040e-01
1.747999999999999663e-04,1.759999999999999898e-01
1.749999999999999711e-04,1.680000000000000104e-01
1.751999999999999760e-04,1.600000000000000033e-01
1.753999999999999808e-04,1.600000000000000033e-01
1.755999999999999857e-04,1.600000000000000033e-01
1.757999999999999906e-04,1.440000000000000169e-01
1.759999999999999954e-04,1.440000000000000169e-01
1.762000000000000003e-04,1.360000000000000098e-01
1.764000000000000051e-04,1.360000000000000098e-01
1.766000000000000100e-04,1.360000000000000098e-01
1.767999999999999607e-04,1.360000000000000098e-01
1.769999999999999655e-04,1.440000000000000169e-01
1.771999999999999704e-04,1.360000000000000098e-01
1.773999999999999752e-04,1.360000000000000098e-01
1.775999999999999801e-04,1.360000000000000098e-01
1.777999999999999850e-04,1.360000000000000098e-01
1.779999999999999898e-04,1.519999999999999962e-01
1.781999999999999947e-04,1.600000000000000033e-01
1.783999999999999996e-04,1.759999999999999898e-01
1.786000000000000044e-04,1.680000000000000104e-01
1.788000000000000093e-04,1.839999999999999969e-01
1.790000000000000141e-04,1.839999999999999969e-01
1.791999999999999648e-04,1.839999999999999969e-01
1.793999999999999696e-04,1.759999999999999898e-01
1.795999999999999745e-04,1.600000000000000033e-01
1.797999999999999794e-04,1.680000000000000104e-01
1.799999999999999842e-04,1.519999999999999962e-01
1.801999999999999891e-04,1.440000000000000169e-01
1.803999999999999940e-04,1.600000000000000033e-01
1.805999999999999988e-04,1.519999999999999962e-01
1.808000000000000037e-04,1.440000000000000169e-01
1.810000000000000085e-04,1.440000000000000169e-01
1.812000000000000134e-04,1.440000000000000169e-01
1.813999999999999641e-04,1.519999999999999962e-01
1.815999999999999689e-04,1.360000000000000098e-01
1.817999999999999738e-04,1.360000000000000098e-01
1.819999999999999786e-04,1.440000000000000169e-01
1.821999999999999835e-04,1.440000000000000169e-01
1.823999999999999884e-04,1.519999999999999962e-01
1.825999999999999932e-04,1.519999999999999962e-01
1.827999999999999981e-04,1.519999999999999962e-01
1.830000000000000029e-04,1.680000000000000104e-01
1.832000000000000078e-04,1.680000000000000104e-01
1.834000000000000127e-04,1.680000000000000104e-01
1.835999999999999633e-04,1.920000000000000040e-01
1.837999999999999682e-04,2.000000000000000111e-01
1.839999999999999730e-04,1.839999999999999969e-01
1.841999999999999779e-04,1.759999999999999898e-01
1.843999999999999828e-04,1.920000000000000040e-01
1.845999999999999876e-04,1.759999999999999898e-01
1.847999999999999925e-04,1.680000000000000104e-01
1.849999999999999973e-04,1.519999999999999962e-01
1.852000000000000022e-04,1.519999999999999962e-01
1.854000000000000071e-04,1.600000000000000033e-01
1.856000000000000119e-04,1.440000000000000169e-01
1.857999999999999626e-04,1.440000000000000169e-01
1.859999999999999674e-04,1.519999999999999962e-01
1.861999999999999723e-04,1.440000000000000169e-01
1.863999999999999772e-04,1.440000000000000169e-01
1.865999999999999820e-04,1.440000000000000169e-01
1.867999999999999869e-04,1.360000000000000098e-01
1.869999999999999917e-04,1.440000000000000169e-01
1.871999999999999966e-04,1.440000000000000169e-01
1.874000000000000015e-04,1.440000000000000169e-01
1.876000000000000063e-04,1.440000000000000169e-01
1.878000000000000112e-04,1.519999999999999962e-01
1.879999999999999618e-04,1.519999999999999962e-01
1.881999999999999667e-04,1.600000000000000033e-01
1.883999999999999716e-04,1.680000000000000104e-01
1.885999999999999764e-04,1.680000000000000104e-01
1.887999999999999813e-04,1.759999999999999898e-01
1.889999999999999862e-04,1.759999999999999898e-01
1.891999999999999910e-04,1.759999999999999898e-01
1.893999999999999959e-04,1.759999999999999898e-01
1.896000000000000007e-04,1.680000000000000104e-01
1.898000000000000056e-04,1.519999999999999962e-01
1.900000000000000105e-04,1.519999999999999962e-01
1.901999999999999611e-04,1.519999999999999962e-01
1.903999999999999660e-04,1.519999999999999962e-01
1.905999999999999708e-04,1.519999999999999962e-01
1.907999999999999757e-04,1.440000000000000169e-01
1.909999999999999806e-04,1.519999999999999962e-01
1.911999999999999854e-04,1.440000000000000169e-01
1.913999999999999903e-04,1.360000000000000098e-01
1.915999999999999951e-04,1.360000000000000098e-01
1.918000000000000000e-04,1.440000000000000169e-01
1.920000000000000049e-04,1.440000000000000169e-01
1.922000000000000097e-04,1.440000000000000169e-01
1.923999999999999604e-04,1.440000000000000169e-01
1.925999999999999652e-04,1.440000000000000169e-01
1.927999999999999701e-04,1.519999999999999962e-01
1.929999999999999750e-04,1.600000000000000033e-01
1.931999999999999798e-04,1.600000000000000033e-01
1.933999999999999847e-04,1.680000000000000104e-01
1.935999999999999895e-04,1.839999999999999969e-01
1.937999999999999944e-04,1.839999999999999969e-01
1.939999999999999993e-04,1.839999999999999969e-01
1.942000000000000041e-04,1.839999999999999969e-01
1.944000000000000090e-04,1.839999999999999969e-01
1.945999999999999596e-04,1.680000000000000104e-01
1.947999999999999645e-04,1.680000000000000104e-01
1.949999999999999694e-04,1.600000000000000033e-01
1.951999999999999742e-04,1.600000000000000033e-01
1.953999999999999791e-04,1.600000000000000033e-01
1.955999999999999839e-04,1.519999999999999962e-01
1.957999999999999888e-04,1.440000000000000169e-01
1.959999999999999937e-04,1.440000000000000169e-01
1.961999999999999985e-04,1.519999999999999962e-01
1.964000000000000034e-04,1.440000000000000169e-01
1.966000000000000083e-04,1.440000000000000169e-01
1.968000000000000131e-04,1.360000000000000098e-01
1.969999999999999638e-04,1.360000000000000098e-01
1.971999999999999686e-04,1.360000000000000098e-01
1.973999999999999735e-04,1.440000000000000169e-01
1.975999999999999784e-04,1.440000000000000169e-01
1.977999999999999832e-04,1.440000000000000169e-01
1.979999999999999881e-04,1.519999999999999962e-01
1.981999999999999929e-04,1.519999999999999962e-01
1.983999999999999978e-04,1.600000000000000033e-01
1.986000000000000027e-04,1.600000000000000033e-01
1.988000000000000075e-04,1.680000000000000104e-01
1.990000000000000124e-04,1.759999999999999898e-01
1.991999999999999630e-04,1.839999999999999969e-01
1.993999999999999679e-04,1.759999999999999898e-01
1.995999999999999728e-04,1.839999999999999969e-01
1.997999999999999776e-04,1.759999999999999898e-01
1.999999999999999825e-04,1.759999999999999898e-01
2.001999999999999873e-04,1.759999999999999898e-01
2.003999999999999922e-04,1.519999999999999962e-01
2.005999999999999971e-04,1.680000000000000104e-01
2.008000000000000019e-04,1.680000000000000104e-01
2.010000000000000068e-04,1.519999999999999962e-01
2.012000000000000116e-04,1.600000000000000033e-01
2.013999999999999623e-04,1.519999999999999962e-01
2.015999999999999672e-04,1.519999999999999962e-01
2.017999999999999720e-04,1.519999999999999962e-01
2.019999999999999769e-04,1.519999999999999962e-01
2.021999999999999817e-04,1.440000000000000169e-01
2.023999999999999866e-04,1.440000000000000169e-01
2.025999999999999915e-04,1.440000000000000169e-01
2.027999999999999963e-04,1.360000000000000098e-01
2.030000000000000012e-04,1.519999999999999962e-01
2.032000000000000061e-04,1.519999999999999962e-01
2.034000000000000109e-04,1.600000000000000033e-01
2.035999999999999616e-04,1.519999999999999962e-01
2.037999999999999664e-04,1.600000000000000033e-01
2.039999999999999713e-04,1.600000000000000033e-01
2.041999999999999761e-04,1.680000000000000104e-01
2.043999999999999810e-04,1.680000000000000104e-01
2.045999999999999859e-04,1.600000000000000033e-01
2.047999999999999907e-04,1.519999999999999962e-01
2.049999999999999956e-04,1.519999999999999962e-01
2.052000000000000005e-04,1.600000000000000033e-01
2.054000000000000053e-04,1.519999999999999962e-01
2.056000000000000102e-04,1.519999999999999962e-01
2.057999999999999608e-04,1.440000000000000169e-01
2.059999999999999657e-04,1.440000000000000169e-01
2.061999999999999706e-04,1.519999999999999962e-01
2.063999999999999754e-04,1.519999999999999962e-01
2.065999999999999803e-04,1.440000000000000169e-01
2.067999999999999851e-04,1.440000000000000169e-01
2.069999999999999900e-04,1.440000000000000169e-01
2.071999999999999949e-04,1.440000000000000169e-01
2.073999999999999997e-04,1.440000000000000169e-01
2.076000000000000046e-04,1.360000000000000098e-01
2.078000000000000094e-04,1.519999999999999962e-01
2.079999999999999601e-04,1.519999999999999962e-01
2.081999999999999650e-04,1.600000000000000033e-01
2.083999999999999698e-04,1.680000000000000104e-01
2.085999999999999747e-04,1.759999999999999898e-01
2.087999999999999795e-04,1.759999999999999898e-01
2.089999999999999844e-04,1.759999999999999898e-01
2.091999999999999893e-04,1.759999999999999898e-01
2.093999999999999941e-04,1.839999999999999969e-01
2.095999999999999990e-04,1.839999999999999969e-01
2.098000000000000038e-04,1.759999999999999898e-01
2.100000000000000087e-04,1.680000000000000104e-01
2.101999999999999594e-04,1.759999999999999898e-01
2.103999999999999642e-04,1.680000000000000104e-01
2.105999999999999691e-04,1.600000000000000033e-01
2.107999999999999739e-04,1.600000000000000033e-01
2.109999999999999788e-04,1.600000000000000033e-01
2.111999999999999837e-04,1.440000000000000169e-01
2.113999999999999885e-04,1.360000000000000098e-01
2.115999999999999934e-04,1.360000000000000098e-01
2.117999999999999983e-04,1.440000000000000169e-01
2.120000000000000031e-04,1.360000000000000098e-01
2.122000000000000080e-04,1.440000000000000169e-01
2.124000000000000128e-04,1.440000000000000169e-01
2.125999999999999635e-04,1.519999999999999962e-01
2.127999999999999683e-04,1.519999999999999962e-01
2.129999999999999732e-04,1.440000000000000169e-01
2.131999999999999781e-04,1.440000000000000169e-01
2.133999999999999829e-04,1.519999999999999962e-01
2.135999999999999878e-04,1.600000000000000033e-01
2.137999999999999927e-04,1.600000000000000033e-01
2.139999999999999975e-04,1.759999999999999898e-01
2.142000000000000024e-04,1.839999999999999969e-01
2.143999999999999530e-04,1.839999999999999969e-01
2.145999999999999579e-04,1.759999999999999898e-01
2.147999999999999628e-04,1.759999999999999898e-01
2.149999999999999676e-04,1.759999999999999898e-01
2.151999999999999725e-04,1.759999999999999898e-01
2.153999999999999773e-04,1.600000000000000033e-01
2.155999999999999822e-04,1.600000000000000033e-01
2.157999999999999871e-04,1.600000000000000033e-01
2.159999999999999919e-04,1.519999999999999962e-01
2.161999999999999968e-04,1.440000000000000169e-01
2.164000000000000016e-04,1.440000000000000169e-01
2.166000000000000065e-04,1.440000000000000169e-01
2.168000000000000114e-04,1.440000000000000169e-01
2.170000000000000162e-04,1.360000000000000098e-01
2.172000000000000211e-04,1.360000000000000098e-01
2.174000000000000259e-04,1.440000000000000169e-01
2.176000000000000308e-04,1.360000000000000098e-01
2.178000000000000357e-04,1.360000000000000098e-01
2.179999999999999321e-04,1.519999999999999962e-01
2.181999999999999370e-04,1.440000000000000169e-01
2.183999999999999418e-04,1.519999999999999962e-01
2.185999999999999467e-04,1.680000000000000104e-01
2.187999999999999516e-04,1.680000000000000104e-01
2.189999999999999564e-04,1.759999999999999898e-01
2.191999999999999613e-04,1.680000000000000104e-01
2.193999999999999661e-04,1.680000000000000104e-01
2.195999999999999710e-04,1.759999999999999898e-01
2.197999999999999759e-04,1.600000000000000033e-01
2.199999999999999807e-04,1.759999999999999898e-01
2.201999999999999856e-04,1.600000000000000033e-01
2.203999999999999905e-04,1.600000000000000033e-01
2.205999999999999953e-04,1.519999999999999962e-01
2.208000000000000002e-04,1.440000000000000169e-01
2.210000000000000050e-04,1.519999999999999962e-01
2.212000000000000099e-04,1.440000000000000169e-01
2.214000000000000148e-04,1.360000000000000098e-01
2.216000000000000196e-04,1.360000000000000098e-01
2.218000000000000245e-04,1.440000000000000169e-01
2.220000000000000293e-04,1.360000000000000098e-01
2.222000000000000342e-04,1.360000000000000098e-01
2.224000000000000391e-04,1.440000000000000169e-01
2.225999999999999355e-04,1.360000000000000098e-01
2.227999999999999404e-04,1.360000000000000098e-01
2.229999999999999452e-04,1.440000000000000169e-01
2.231999999999999501e-04,1.600000000000000033e-01
2.233999999999999550e-04,1.680000000000000104e-01
2.235999999999999598e-04,1.680000000000000104e-01
2.237999999999999647e-04,1.759999999999999898e-01
2.239999999999999695e-04,1.920000000000000040e-01
2.241999999999999744e-04,1.839999999999999969e-01
2.243999999999999793e-04,1.759999999999999898e-01
2.245999999999999841e-04,1.759999999999999898e-01
2.247999999999999890e-04,1.759999999999999898e-01
2.249999999999999938e-04,1.680000000000000104e-01
2.251999999999999987e-04,1.519999999999999962e-01
2.254000000000000036e-04,1.600000000000000033e-01
2.256000000000000084e-04,1.600000000000000033e-01
2.258000000000000133e-04,1.519999999999999962e-01
