time_s,voltage_V
-1.040000000000000038e-05,-4.000000000000000083e-02
-1.036000000000000076e-05,-8.000000000000000167e-02
-1.032000000000000114e-05,-8.000000000000000167e-02
-1.027999999999999983e-05,-4.000000000000000083e-02
-1.024000000000000021e-05,-1.199999999999999956e-01
-1.020000000000000060e-05,-4.000000000000000083e-02
-1.016000000000000098e-05,0.000000000000000000e+00
-1.011999999999999967e-05,0.000000000000000000e+00
-1.008000000000000005e-05,-1.199999999999999956e-01
-1.004000000000000044e-05,-8.000000000000000167e-02
-1.000000000000000082e-05,-8.000000000000000167e-02
-9.959999999999999507e-06,-8.000000000000000167e-02
-9.919999999999999890e-06,-8.000000000000000167e-02
-9.880000000000000273e-06,-1.199999999999999956e-01
-9.840000000000000656e-06,-8.000000000000000167e-02
-9.800000000000001039e-06,-4.000000000000000083e-02
-9.759999999999999728e-06,-4.000000000000000083e-02
-9.720000000000000111e-06,-4.000000000000000083e-02
-9.680000000000000494e-06,-8.000000000000000167e-02
-9.640000000000000877e-06,-4.000000000000000083e-02
-9.599999999999999566e-06,-4.000000000000000083e-02
-9.559999999999999949e-06,0.000000000000000000e+00
-9.520000000000000332e-06,-8.000000000000000167e-02
-9.480000000000000715e-06,-8.000000000000000167e-02
-9.440000000000001097e-06,-4.000000000000000083e-02
-9.399999999999999786e-06,-8.000000000000000167e-02
-9.360000000000000169e-06,-8.000000000000000167e-02
-9.320000000000000552e-06,-8.000000000000000167e-02
-9.280000000000000935e-06,-4.000000000000000083e-02
-9.239999999999999624e-06,-8.000000000000000167e-02
-9.200000000000000007e-06,-8.000000000000000167e-02
-9.160000000000000390e-06,-4.000000000000000083e-02
-9.120000000000000773e-06,-1.199999999999999956e-01
-9.080000000000001156e-06,-4.000000000000000083e-02
-9.039999999999999845e-06,0.000000000000000000e+00
-9.000000000000000228e-06,-4.000000000000000083e-02
-8.960000000000000611e-06,0.000000000000000000e+00
-8.920000000000000994e-06,-8.000000000000000167e-02
-8.879999999999999683e-06,-4.000000000000000083e-02
-8.840000000000000066e-06,-4.000000000000000083e-02
-8.800000000000000449e-06,-4.000000000000000083e-02
-8.760000000000000832e-06,-4.000000000000000083e-02
-8.720000000000001215e-06,-4.000000000000000083e-02
-8.679999999999999904e-06,-4.000000000000000083e-02
-8.640000000000000287e-06,-8.000000000000000167e-02
-8.600000000000000670e-06,-8.000000000000000167e-02
-8.560000000000001053e-06,0.000000000000000000e+00
-8.519999999999999742e-06,-4.000000000000000083e-02
-8.480000000000000124e-06,-4.000000000000000083e-02
-8.440000000000000507e-06,-1.199999999999999956e-01
-8.400000000000000890e-06,-8.000000000000000167e-02
-8.360000000000001273e-06,-1.600000000000000033e-01
-8.319999999999999962e-06,-8.000000000000000167e-02
-8.280000000000000345e-06,-8.000000000000000167e-02
-8.240000000000000728e-06,-4.000000000000000083e-02
-8.199999999999999417e-06,-8.000000000000000167e-02
-8.159999999999999800e-06,-4.000000000000000083e-02
-8.120000000000000183e-06,-1.199999999999999956e-01
-8.080000000000000566e-06,-8.000000000000000167e-02
-8.040000000000000949e-06,0.000000000000000000e+00
-8.000000000000001332e-06,-1.199999999999999956e-01
-7.960000000000000021e-06,-4.000000000000000083e-02
-7.920000000000000404e-06,-8.000000000000000167e-02
-7.880000000000000787e-06,-8.000000000000000167e-02
-7.839999999999999476e-06,-8.000000000000000167e-02
-7.799999999999999859e-06,-1.199999999999999956e-01
-7.760000000000000242e-06,-8.000000000000000167e-02
-7.720000000000000625e-06,4.000000000000000083e-02
-7.680000000000001008e-06,-4.000000000000000083e-02
-7.639999999999999697e-06,-8.000000000000000167e-02
-7.600000000000000080e-06,-4.000000000000000083e-02
-7.560000000000000463e-06,-4.000000000000000083e-02
-7.520000000000000846e-06,-4.000000000000000083e-02
-7.480000000000000381e-06,0.000000000000000000e+00
-7.439999999999999917e-06,-4.000000000000000083e-02
-7.400000000000000300e-06,-4.000000000000000083e-02
-7.360000000000000683e-06,-4.000000000000000083e-02
-7.320000000000000219e-06,0.000000000000000000e+00
-7.279999999999999755e-06,0.000000000000000000e+00
-7.240000000000000138e-06,-1.199999999999999956e-01
-7.200000000000000521e-06,-4.000000000000000083e-02
-7.160000000000000904e-06,-8.000000000000000167e-02
-7.120000000000000440e-06,-8.000000000000000167e-02
-7.079999999999999976e-06,0.000000000000000000e+00
-7.040000000000000359e-06,-8.000000000000000167e-02
-7.000000000000000742e-06,-4.000000000000000083e-02
-6.960000000000000278e-06,-8.000000000000000167e-02
-6.919999999999999814e-06,-8.000000000000000167e-02
-6.880000000000000197e-06,-4.000000000000000083e-02
-6.840000000000000580e-06,-8.000000000000000167e-02
-6.800000000000000116e-06,0.000000000000000000e+00
-6.760000000000000499e-06,-4.000000000000000083e-02
-6.720000000000000035e-06,-4.000000000000000083e-02
-6.680000000000000418e-06,-8.000000000000000167e-02
-6.640000000000000801e-06,-4.000000000000000083e-02
-6.600000000000000337e-06,-4.000000000000000083e-02
-6.559999999999999873e-06,-1.199999999999999956e-01
-6.520000000000000256e-06,-8.000000000000000167e-02
-6.480000000000000639e-06,-8.000000000000000167e-02
-6.440000000000000174e-06,-4.000000000000000083e-02
-6.400000000000000557e-06,-4.000000000000000083e-02
-6.360000000000000093e-06,-8.000000000000000167e-02
-6.320000000000000476e-06,0.000000000000000000e+00
-6.280000000000000012e-06,-1.199999999999999956e-01
-6.240000000000000395e-06,-8.000000000000000167e-02
-6.199999999999999931e-06,-8.000000000000000167e-02
-6.160000000000000314e-06,-4.000000000000000083e-02
-6.120000000000000697e-06,-1.199999999999999956e-01
-6.080000000000000233e-06,-8.000000000000000167e-02
-6.040000000000000616e-06,0.000000000000000000e+00
-6.000000000000000152e-06,-4.000000000000000083e-02
-5.960000000000000535e-06,-8.000000000000000167e-02
-5.920000000000000071e-06,-8.000000000000000167e-02
-5.880000000000000454e-06,-4.000000000000000083e-02
-5.839999999999999990e-06,-4.000000000000000083e-02
-5.800000000000000373e-06,-8.000000000000000167e-02
-5.759999999999999909e-06,-4.000000000000000083e-02
-5.720000000000000292e-06,-8.000000000000000167e-02
-5.680000000000000675e-06,-4.000000000000000083e-02
-5.640000000000000211e-06,-8.000000000000000167e-02
-5.600000000000000594e-06,-4.000000000000000083e-02
-5.560000000000000130e-06,-4.000000000000000083e-02
-5.520000000000000513e-06,-8.000000000000000167e-02
-5.480000000000000048e-06,-8.000000000000000167e-02
-5.440000000000000431e-06,-1.199999999999999956e-01
-5.399999999999999967e-06,-8.000000000000000167e-02
-5.360000000000000350e-06,-4.000000000000000083e-02
-5.319999999999999886e-06,-8.000000000000000167e-02
-5.280000000000000269e-06,-8.000000000000000167e-02
-5.240000000000000652e-06,-4.000000000000000083e-02
-5.200000000000000188e-06,-4.000000000000000083e-02
-5.160000000000000571e-06,-4.000000000000000083e-02
-5.120000000000000107e-06,-4.000000000000000083e-02
-5.080000000000000490e-06,-4.000000000000000083e-02
-5.040000000000000026e-06,-4.000000000000000083e-02
-5.000000000000000409e-06,-4.000000000000000083e-02
-4.959999999999999945e-06,-8.000000000000000167e-02
-4.920000000000000328e-06,-4.000000000000000083e-02
-4.879999999999999864e-06,-8.000000000000000167e-02
-4.840000000000000247e-06,-4.000000000000000083e-02
-4.800000000000000630e-06,0.000000000000000000e+00
-4.760000000000000166e-06,-8.000000000000000167e-02
-4.720000000000000549e-06,-4.000000000000000083e-02
-4.680000000000000085e-06,-8.000000000000000167e-02
-4.640000000000000468e-06,-8.000000000000000167e-02
-4.600000000000000004e-06,0.000000000000000000e+00
-4.560000000000000387e-06,-4.000000000000000083e-02
-4.519999999999999923e-06,-8.000000000000000167e-02
-4.480000000000000305e-06,-8.000000000000000167e-02
-4.439999999999999841e-06,-8.000000000000000167e-02
-4.400000000000000224e-06,-8.000000000000000167e-02
-4.360000000000000607e-06,-8.000000000000000167e-02
-4.320000000000000143e-06,-4.000000000000000083e-02
-4.280000000000000526e-06,-4.000000000000000083e-02
-4.240000000000000062e-06,-4.000000000000000083e-02
-4.200000000000000445e-06,-4.000000000000000083e-02
-4.159999999999999981e-06,-1.199999999999999956e-01
-4.120000000000000364e-06,-8.000000000000000167e-02
-4.079999999999999900e-06,-4.000000000000000083e-02
-4.040000000000000283e-06,-8.000000000000000167e-02
-4.000000000000000666e-06,-4.000000000000000083e-02
-3.960000000000000202e-06,-4.000000000000000083e-02
-3.920000000000000585e-06,-4.000000000000000083e-02
-3.880000000000000121e-06,-4.000000000000000083e-02
-3.840000000000000504e-06,-4.000000000000000083e-02
-3.800000000000000040e-06,-4.000000000000000083e-02
-3.760000000000000423e-06,0.000000000000000000e+00
-3.719999999999999959e-06,-4.000000000000000083e-02
-3.680000000000000342e-06,0.000000000000000000e+00
-3.639999999999999878e-06,-8.000000000000000167e-02
-3.600000000000000261e-06,0.000000000000000000e+00
-3.560000000000000644e-06,0.000000000000000000e+00
-3.520000000000000180e-06,-8.000000000000000167e-02
-3.480000000000000563e-06,-4.000000000000000083e-02
-3.440000000000000098e-06,-4.000000000000000083e-02
-3.400000000000000481e-06,0.000000000000000000e+00
-3.360000000000000017e-06,-4.000000000000000083e-02
-3.320000000000000400e-06,-4.000000000000000083e-02
-3.279999999999999936e-06,-8.000000000000000167e-02
-3.240000000000000319e-06,-8.000000000000000167e-02
-3.199999999999999855e-06,-4.000000000000000083e-02
-3.160000000000000238e-06,-8.000000000000000167e-02
-3.120000000000000621e-06,-4.000000000000000083e-02
-3.080000000000000157e-06,-8.000000000000000167e-02
-3.040000000000000540e-06,-4.000000000000000083e-02
-3.000000000000000076e-06,-4.000000000000000083e-02
-2.960000000000000459e-06,-4.000000000000000083e-02
-2.919999999999999995e-06,-4.000000000000000083e-02
-2.880000000000000378e-06,-8.000000000000000167e-02
-2.839999999999999914e-06,-4.000000000000000083e-02
-2.800000000000000297e-06,-8.000000000000000167e-02
-2.760000000000000680e-06,-4.000000000000000083e-02
-2.719999999999999369e-06,-4.000000000000000083e-02
-2.679999999999999752e-06,0.000000000000000000e+00
-2.640000000000000135e-06,0.000000000000000000e+00
-2.600000000000000518e-06,-4.000000000000000083e-02
-2.560000000000000901e-06,-8.000000000000000167e-02
-2.519999999999999590e-06,-8.000000000000000167e-02
-2.479999999999999972e-06,0.000000000000000000e+00
-2.440000000000000355e-06,-4.000000000000000083e-02
-2.400000000000000738e-06,0.000000000000000000e+00
-2.359999999999999427e-06,-4.000000000000000083e-02
-2.319999999999999810e-06,-4.000000000000000083e-02
-2.280000000000000193e-06,-4.000000000000000083e-02
-2.240000000000000576e-06,-4.000000000000000083e-02
-2.200000000000000959e-06,0.000000000000000000e+00
-2.159999999999999648e-06,-8.000000000000000167e-02
-2.120000000000000031e-06,-4.000000000000000083e-02
-2.080000000000000414e-06,0.000000000000000000e+00
-2.040000000000000797e-06,-8.000000000000000167e-02
-1.999999999999999486e-06,-8.000000000000000167e-02
-1.959999999999999869e-06,-8.000000000000000167e-02
-1.920000000000000252e-06,-8.000000000000000167e-02
-1.880000000000000635e-06,-8.000000000000000167e-02
-1.840000000000001018e-06,-8.000000000000000167e-02
-1.799999999999999707e-06,-4.000000000000000083e-02
-1.760000000000000090e-06,-1.199999999999999956e-01
-1.720000000000000473e-06,-4.000000000000000083e-02
-1.680000000000000856e-06,-4.000000000000000083e-02
-1.639999999999999545e-06,-4.000000000000000083e-02
-1.599999999999999928e-06,-4.000000000000000083e-02
-1.560000000000000311e-06,-8.000000000000000167e-02
-1.520000000000000694e-06,-4.000000000000000083e-02
-1.479999999999999382e-06,-8.000000000000000167e-02
-1.439999999999999765e-06,-8.000000000000000167e-02
-1.400000000000000148e-06,-8.000000000000000167e-02
-1.360000000000000531e-06,-1.199999999999999956e-01
-1.320000000000000914e-06,-4.000000000000000083e-02
-1.279999999999999603e-06,-4.000000000000000083e-02
-1.239999999999999986e-06,-4.000000000000000083e-02
-1.200000000000000369e-06,-8.000000000000000167e-02
-1.160000000000000752e-06,-4.000000000000000083e-02
-1.119999999999999441e-06,0.000000000000000000e+00
-1.079999999999999824e-06,-8.000000000000000167e-02
-1.040000000000000207e-06,-4.000000000000000083e-02
-1.000000000000000590e-06,-8.000000000000000167e-02
-9.600000000000009730e-07,-8.000000000000000167e-02
-9.199999999999996619e-07,-8.000000000000000167e-02
-8.800000000000000449e-07,-8.000000000000000167e-02
-8.400000000000004279e-07,-8.000000000000000167e-02
-8.000000000000008108e-07,-8.000000000000000167e-02
-7.599999999999994997e-07,-4.000000000000000083e-02
-7.199999999999998827e-07,-1.199999999999999956e-01
-6.800000000000002657e-07,-4.000000000000000083e-02
-6.400000000000006487e-07,-4.000000000000000083e-02
-5.999999999999993376e-07,-4.000000000000000083e-02
-5.599999999999997205e-07,-4.000000000000000083e-02
-5.200000000000001035e-07,-8.000000000000000167e-02
-4.800000000000004865e-07,-8.000000000000000167e-02
-4.400000000000008695e-07,-1.199999999999999956e-01
-3.999999999999995584e-07,-4.000000000000000083e-02
-3.599999999999999414e-07,-4.000000000000000083e-02
-3.200000000000003243e-07,-8.000000000000000167e-02
-2.800000000000007073e-07,-8.000000000000000167e-02
-2.399999999999993962e-07,-8.000000000000000167e-02
-1.999999999999997792e-07,-4.000000000000000083e-02
-1.600000000000001622e-07,-4.000000000000000083e-02
-1.200000000000005451e-07,-8.000000000000000167e-02
-8.000000000000092812e-08,-4.000000000000000083e-02
-3.999999999999961703e-08,-8.000000000000000167e-02
0.000000000000000000e+00,-8.000000000000000167e-02
3.999999999999961703e-08,-8.000000000000000167e-02
7.999999999999923405e-08,-4.000000000000000083e-02
1.200000000000005451e-07,-4.000000000000000083e-02
1.600000000000001622e-07,0.000000000000000000e+00
1.999999999999997792e-07,2.399999999999999911e-01
2.399999999999993962e-07,8.399999999999999689e-01
2.799999999999990132e-07,1.800000000000000044e+00
3.200000000000003243e-07,2.000000000000000000e+00
3.599999999999999414e-07,1.400000000000000133e+00
3.999999999999995584e-07,8.800000000000000044e-01
4.399999999999991754e-07,5.999999999999999778e-01
4.800000000000004865e-07,5.200000000000000178e-01
5.200000000000001035e-07,3.200000000000000067e-01
5.599999999999997205e-07,3.200000000000000067e-01
5.999999999999993376e-07,3.200000000000000067e-01
6.400000000000006487e-07,2.399999999999999911e-01
6.800000000000002657e-07,2.399999999999999911e-01
7.199999999999998827e-07,2.399999999999999911e-01
7.599999999999994997e-07,1.600000000000000033e-01
7.999999999999991168e-07,1.600000000000000033e-01
8.400000000000004279e-07,1.600000000000000033e-01
8.800000000000000449e-07,1.199999999999999956e-01
9.199999999999996619e-07,1.199999999999999956e-01
9.599999999999992789e-07,8.000000000000000167e-02
1.000000000000000590e-06,2.000000000000000111e-01
1.040000000000000207e-06,1.199999999999999956e-01
1.079999999999999824e-06,8.000000000000000167e-02
1.119999999999999441e-06,1.199999999999999956e-01
1.159999999999999058e-06,8.000000000000000167e-02
1.200000000000000369e-06,1.199999999999999956e-01
1.239999999999999986e-06,1.199999999999999956e-01
1.279999999999999603e-06,1.199999999999999956e-01
1.319999999999999220e-06,1.199999999999999956e-01
1.360000000000000531e-06,8.000000000000000167e-02
1.400000000000000148e-06,0.000000000000000000e+00
1.439999999999999765e-06,4.000000000000000083e-02
1.479999999999999382e-06,1.199999999999999956e-01
1.520000000000000694e-06,4.000000000000000083e-02
1.560000000000000311e-06,1.199999999999999956e-01
1.599999999999999928e-06,8.000000000000000167e-02
1.639999999999999545e-06,8.000000000000000167e-02
1.679999999999999162e-06,8.000000000000000167e-02
1.720000000000000473e-06,8.000000000000000167e-02
1.760000000000000090e-06,1.199999999999999956e-01
1.799999999999999707e-06,0.000000000000000000e+00
1.839999999999999324e-06,4.000000000000000083e-02
1.880000000000000635e-06,1.199999999999999956e-01
1.920000000000000252e-06,4.000000000000000083e-02
1.959999999999999869e-06,4.000000000000000083e-02
1.999999999999999486e-06,8.000000000000000167e-02
2.039999999999999103e-06,8.000000000000000167e-02
2.080000000000000414e-06,8.000000000000000167e-02
2.120000000000000031e-06,0.000000000000000000e+00
2.159999999999999648e-06,4.000000000000000083e-02
2.199999999999999265e-06,4.000000000000000083e-02
2.240000000000000576e-06,4.000000000000000083e-02
2.280000000000000193e-06,8.000000000000000167e-02
2.319999999999999810e-06,8.000000000000000167e-02
2.359999999999999427e-06,4.000000000000000083e-02
2.399999999999999044e-06,8.000000000000000167e-02
2.440000000000000355e-06,1.199999999999999956e-01
2.479999999999999972e-06,1.199999999999999956e-01
2.519999999999999590e-06,1.600000000000000033e-01
2.559999999999999207e-06,4.000000000000000222e-01
2.600000000000000518e-06,7.600000000000000089e-01
2.640000000000000135e-06,1.199999999999999956e+00
2.679999999999999752e-06,1.520000000000000018e+00
2.719999999999999369e-06,1.439999999999999947e+00
2.760000000000000680e-06,1.199999999999999956e+00
2.800000000000000297e-06,9.599999999999999645e-01
2.839999999999999914e-06,7.199999999999999734e-01
2.879999999999999531e-06,5.999999999999999778e-01
2.919999999999999148e-06,5.200000000000000178e-01
2.960000000000000459e-06,4.000000000000000222e-01
3.000000000000000076e-06,3.599999999999999867e-01
3.039999999999999693e-06,3.599999999999999867e-01
3.079999999999999310e-06,3.599999999999999867e-01
3.120000000000000621e-06,3.599999999999999867e-01
3.160000000000000238e-06,2.800000000000000266e-01
3.199999999999999855e-06,2.800000000000000266e-01
3.239999999999999472e-06,2.000000000000000111e-01
3.279999999999999089e-06,2.800000000000000266e-01
3.320000000000000400e-06,2.800000000000000266e-01
3.360000000000000017e-06,2.399999999999999911e-01
3.399999999999999634e-06,2.000000000000000111e-01
3.439999999999999251e-06,1.600000000000000033e-01
3.480000000000000563e-06,2.000000000000000111e-01
3.520000000000000180e-06,2.000000000000000111e-01
3.559999999999999797e-06,2.000000000000000111e-01
3.599999999999999414e-06,2.000000000000000111e-01
3.640000000000000725e-06,2.000000000000000111e-01
3.680000000000000342e-06,2.000000000000000111e-01
3.719999999999999959e-06,2.000000000000000111e-01
3.759999999999999576e-06,2.000000000000000111e-01
3.799999999999999193e-06,1.600000000000000033e-01
3.840000000000000504e-06,1.600000000000000033e-01
3.880000000000000121e-06,2.000000000000000111e-01
3.919999999999999738e-06,1.600000000000000033e-01
3.959999999999999355e-06,2.000000000000000111e-01
4.000000000000000666e-06,1.199999999999999956e-01
4.040000000000000283e-06,1.600000000000000033e-01
4.079999999999999900e-06,1.600000000000000033e-01
4.119999999999999517e-06,1.600000000000000033e-01
4.159999999999999134e-06,1.600000000000000033e-01
4.200000000000000445e-06,1.600000000000000033e-01
4.240000000000000062e-06,1.600000000000000033e-01
4.279999999999999679e-06,1.600000000000000033e-01
4.319999999999999296e-06,1.600000000000000033e-01
4.360000000000000607e-06,1.600000000000000033e-01
4.400000000000000224e-06,1.600000000000000033e-01
4.439999999999999841e-06,1.600000000000000033e-01
4.479999999999999458e-06,1.600000000000000033e-01
4.520000000000000770e-06,2.000000000000000111e-01
4.560000000000000387e-06,1.600000000000000033e-01
4.600000000000000004e-06,2.000000000000000111e-01
4.639999999999999621e-06,1.199999999999999956e-01
4.679999999999999238e-06,1.199999999999999956e-01
4.720000000000000549e-06,1.600000000000000033e-01
4.760000000000000166e-06,8.000000000000000167e-02
4.799999999999999783e-06,1.199999999999999956e-01
4.839999999999999400e-06,8.000000000000000167e-02
4.879999999999999017e-06,1.199999999999999956e-01
4.919999999999998634e-06,8.000000000000000167e-02
4.960000000000001639e-06,1.600000000000000033e-01
5.000000000000001256e-06,1.600000000000000033e-01
5.040000000000000873e-06,1.199999999999999956e-01
5.080000000000000490e-06,1.199999999999999956e-01
5.120000000000000107e-06,1.199999999999999956e-01
5.159999999999999724e-06,1.199999999999999956e-01
5.199999999999999341e-06,2.000000000000000111e-01
5.239999999999998958e-06,2.800000000000000266e-01
5.279999999999998575e-06,3.200000000000000067e-01
5.320000000000001580e-06,5.600000000000000533e-01
5.360000000000001197e-06,8.399999999999999689e-01
5.400000000000000814e-06,1.159999999999999920e+00
5.440000000000000431e-06,1.439999999999999947e+00
5.480000000000000048e-06,1.360000000000000098e+00
5.519999999999999666e-06,1.280000000000000027e+00
5.559999999999999283e-06,1.040000000000000036e+00
5.599999999999998900e-06,9.200000000000000400e-01
5.639999999999998517e-06,7.199999999999999734e-01
5.680000000000001522e-06,5.999999999999999778e-01
5.720000000000001139e-06,5.600000000000000533e-01
5.760000000000000756e-06,4.400000000000000022e-01
5.800000000000000373e-06,4.799999999999999822e-01
5.839999999999999990e-06,4.000000000000000222e-01
5.879999999999999607e-06,3.599999999999999867e-01
5.919999999999999224e-06,3.599999999999999867e-01
5.959999999999998841e-06,3.599999999999999867e-01
5.999999999999998458e-06,3.599999999999999867e-01
6.040000000000001463e-06,3.200000000000000067e-01
6.080000000000001080e-06,3.200000000000000067e-01
6.120000000000000697e-06,3.200000000000000067e-01
6.160000000000000314e-06,2.800000000000000266e-01
6.199999999999999931e-06,2.800000000000000266e-01
6.239999999999999548e-06,2.800000000000000266e-01
6.279999999999999165e-06,3.200000000000000067e-01
6.319999999999998782e-06,2.800000000000000266e-01
6.359999999999998399e-06,2.399999999999999911e-01
6.400000000000001404e-06,2.800000000000000266e-01
6.440000000000001021e-06,2.399999999999999911e-01
6.480000000000000639e-06,2.399999999999999911e-01
6.520000000000000256e-06,2.399999999999999911e-01
6.559999999999999873e-06,2.800000000000000266e-01
6.599999999999999490e-06,2.399999999999999911e-01
6.639999999999999107e-06,2.399999999999999911e-01
6.679999999999998724e-06,2.399999999999999911e-01
6.719999999999998341e-06,2.000000000000000111e-01
6.760000000000001346e-06,2.000000000000000111e-01
6.800000000000000963e-06,2.000000000000000111e-01
6.840000000000000580e-06,2.399999999999999911e-01
6.880000000000000197e-06,2.000000000000000111e-01
6.919999999999999814e-06,1.600000000000000033e-01
6.959999999999999431e-06,2.399999999999999911e-01
6.999999999999999048e-06,2.000000000000000111e-01
7.039999999999998665e-06,2.000000000000000111e-01
7.080000000000001670e-06,2.000000000000000111e-01
7.120000000000001287e-06,2.000000000000000111e-01
7.160000000000000904e-06,2.000000000000000111e-01
7.200000000000000521e-06,2.000000000000000111e-01
7.240000000000000138e-06,2.000000000000000111e-01
7.279999999999999755e-06,1.600000000000000033e-01
7.319999999999999372e-06,2.000000000000000111e-01
7.359999999999998989e-06,2.000000000000000111e-01
7.399999999999998606e-06,1.600000000000000033e-01
7.440000000000001612e-06,1.600000000000000033e-01
7.480000000000001229e-06,2.000000000000000111e-01
7.520000000000000846e-06,1.199999999999999956e-01
7.560000000000000463e-06,1.600000000000000033e-01
7.600000000000000080e-06,2.000000000000000111e-01
7.639999999999999697e-06,2.000000000000000111e-01
7.679999999999999314e-06,1.600000000000000033e-01
7.719999999999998931e-06,1.600000000000000033e-01
7.759999999999998548e-06,1.600000000000000033e-01
7.800000000000001553e-06,2.000000000000000111e-01
7.840000000000001170e-06,1.600000000000000033e-01
7.880000000000000787e-06,2.000000000000000111e-01
7.920000000000000404e-06,1.600000000000000033e-01
7.960000000000000021e-06,1.600000000000000033e-01
7.999999999999999638e-06,2.000000000000000111e-01
8.039999999999999255e-06,1.600000000000000033e-01
8.079999999999998872e-06,2.000000000000000111e-01
8.119999999999998489e-06,1.600000000000000033e-01
8.160000000000001494e-06,2.000000000000000111e-01
8.200000000000001111e-06,2.800000000000000266e-01
8.240000000000000728e-06,3.599999999999999867e-01
8.280000000000000345e-06,5.200000000000000178e-01
8.319999999999999962e-06,8.000000000000000444e-01
8.359999999999999579e-06,1.080000000000000071e+00
8.399999999999999196e-06,1.239999999999999991e+00
8.439999999999998813e-06,1.199999999999999956e+00
8.479999999999998430e-06,1.120000000000000107e+00
8.520000000000001436e-06,9.200000000000000400e-01
8.560000000000001053e-06,7.600000000000000089e-01
8.600000000000000670e-06,5.999999999999999778e-01
8.640000000000000287e-06,5.600000000000000533e-01
8.679999999999999904e-06,4.799999999999999822e-01
8.719999999999999521e-06,4.000000000000000222e-01
8.759999999999999138e-06,4.400000000000000022e-01
8.799999999999998755e-06,3.599999999999999867e-01
8.839999999999998372e-06,3.599999999999999867e-01
8.880000000000001377e-06,3.599999999999999867e-01
8.920000000000000994e-06,3.599999999999999867e-01
8.960000000000000611e-06,4.000000000000000222e-01
9.000000000000000228e-06,3.200000000000000067e-01
9.039999999999999845e-06,3.599999999999999867e-01
9.079999999999999462e-06,3.200000000000000067e-01
9.119999999999999079e-06,3.200000000000000067e-01
9.159999999999998696e-06,3.200000000000000067e-01
9.200000000000001701e-06,3.200000000000000067e-01
9.240000000000001318e-06,2.800000000000000266e-01
9.280000000000000935e-06,2.800000000000000266e-01
9.320000000000000552e-06,2.800000000000000266e-01
9.360000000000000169e-06,2.800000000000000266e-01
9.399999999999999786e-06,3.200000000000000067e-01
9.439999999999999403e-06,2.800000000000000266e-01
9.479999999999999020e-06,3.200000000000000067e-01
9.519999999999998637e-06,2.399999999999999911e-01
9.560000000000001643e-06,2.800000000000000266e-01
9.600000000000001260e-06,2.000000000000000111e-01
9.640000000000000877e-06,2.399999999999999911e-01
9.680000000000000494e-06,2.399999999999999911e-01
9.720000000000000111e-06,2.000000000000000111e-01
9.759999999999999728e-06,2.399999999999999911e-01
9.799999999999999345e-06,2.399999999999999911e-01
9.839999999999998962e-06,2.399999999999999911e-01
9.879999999999998579e-06,2.399999999999999911e-01
9.920000000000001584e-06,2.399999999999999911e-01
9.960000000000001201e-06,2.399999999999999911e-01
1.000000000000000082e-05,2.399999999999999911e-01
1.004000000000000044e-05,2.399999999999999911e-01
1.008000000000000005e-05,2.399999999999999911e-01
1.011999999999999967e-05,2.399999999999999911e-01
1.015999999999999929e-05,2.800000000000000266e-01
1.019999999999999890e-05,2.399999999999999911e-01
1.023999999999999852e-05,2.399999999999999911e-01
1.028000000000000153e-05,2.399999999999999911e-01
1.032000000000000114e-05,2.000000000000000111e-01
1.036000000000000076e-05,2.000000000000000111e-01
1.040000000000000038e-05,1.600000000000000033e-01
1.043999999999999999e-05,1.600000000000000033e-01
1.047999999999999961e-05,2.000000000000000111e-01
1.051999999999999923e-05,2.000000000000000111e-01
1.055999999999999884e-05,2.000000000000000111e-01
1.059999999999999846e-05,2.000000000000000111e-01
1.064000000000000147e-05,1.600000000000000033e-01
1.068000000000000108e-05,2.000000000000000111e-01
1.072000000000000070e-05,2.000000000000000111e-01
1.076000000000000032e-05,2.000000000000000111e-01
1.079999999999999993e-05,2.399999999999999911e-01
1.083999999999999955e-05,2.399999999999999911e-01
1.087999999999999917e-05,2.399999999999999911e-01
1.091999999999999879e-05,3.200000000000000067e-01
1.095999999999999840e-05,3.200000000000000067e-01
1.100000000000000141e-05,2.800000000000000266e-01
1.104000000000000103e-05,4.000000000000000222e-01
1.108000000000000064e-05,4.400000000000000022e-01
1.112000000000000026e-05,5.600000000000000533e-01
1.115999999999999988e-05,6.400000000000000133e-01
1.119999999999999949e-05,6.800000000000000488e-01
1.123999999999999911e-05,8.000000000000000444e-01
1.127999999999999873e-05,8.399999999999999689e-01
1.132000000000000173e-05,8.000000000000000444e-01
1.136000000000000135e-05,8.000000000000000444e-01
1.140000000000000097e-05,8.000000000000000444e-01
1.144000000000000058e-05,7.199999999999999734e-01
1.148000000000000020e-05,5.999999999999999778e-01
1.151999999999999982e-05,5.600000000000000533e-01
1.155999999999999943e-05,5.600000000000000533e-01
1.159999999999999905e-05,4.799999999999999822e-01
1.163999999999999867e-05,4.799999999999999822e-01
1.168000000000000167e-05,4.400000000000000022e-01
1.172000000000000129e-05,4.400000000000000022e-01
1.176000000000000091e-05,4.000000000000000222e-01
1.180000000000000052e-05,4.000000000000000222e-01
1.184000000000000014e-05,4.000000000000000222e-01
1.187999999999999976e-05,3.599999999999999867e-01
1.191999999999999938e-05,3.200000000000000067e-01
1.195999999999999899e-05,3.599999999999999867e-01
1.199999999999999861e-05,3.200000000000000067e-01
1.204000000000000162e-05,3.200000000000000067e-01
1.208000000000000123e-05,3.200000000000000067e-01
1.212000000000000085e-05,3.200000000000000067e-01
1.216000000000000047e-05,3.200000000000000067e-01
1.220000000000000008e-05,2.399999999999999911e-01
1.223999999999999970e-05,2.800000000000000266e-01
1.227999999999999932e-05,3.200000000000000067e-01
1.231999999999999893e-05,2.800000000000000266e-01
1.235999999999999855e-05,3.200000000000000067e-01
1.240000000000000156e-05,3.200000000000000067e-01
1.244000000000000117e-05,3.200000000000000067e-01
1.248000000000000079e-05,2.800000000000000266e-01
1.252000000000000041e-05,2.800000000000000266e-01
1.256000000000000002e-05,2.000000000000000111e-01
1.259999999999999964e-05,2.800000000000000266e-01
1.263999999999999926e-05,2.399999999999999911e-01
1.267999999999999888e-05,2.399999999999999911e-01
1.271999999999999849e-05,2.800000000000000266e-01
1.276000000000000150e-05,2.399999999999999911e-01
1.280000000000000111e-05,2.399999999999999911e-01
1.284000000000000073e-05,2.000000000000000111e-01
1.288000000000000035e-05,2.399999999999999911e-01
1.291999999999999997e-05,2.800000000000000266e-01
1.295999999999999958e-05,2.000000000000000111e-01
1.299999999999999920e-05,2.800000000000000266e-01
1.303999999999999882e-05,2.000000000000000111e-01
1.307999999999999843e-05,2.399999999999999911e-01
1.312000000000000144e-05,2.399999999999999911e-01
1.316000000000000106e-05,2.399999999999999911e-01
1.320000000000000067e-05,2.399999999999999911e-01
1.324000000000000029e-05,2.000000000000000111e-01
1.327999999999999991e-05,2.000000000000000111e-01
1.331999999999999952e-05,2.399999999999999911e-01
1.335999999999999914e-05,2.800000000000000266e-01
1.339999999999999876e-05,2.000000000000000111e-01
1.344000000000000176e-05,2.000000000000000111e-01
1.348000000000000138e-05,2.399999999999999911e-01
1.352000000000000100e-05,1.600000000000000033e-01
1.356000000000000061e-05,2.000000000000000111e-01
1.360000000000000023e-05,2.000000000000000111e-01
1.363999999999999985e-05,2.000000000000000111e-01
1.367999999999999947e-05,1.600000000000000033e-01
1.371999999999999908e-05,2.000000000000000111e-01
1.375999999999999870e-05,2.399999999999999911e-01
1.380000000000000170e-05,2.000000000000000111e-01
1.384000000000000132e-05,2.000000000000000111e-01
1.388000000000000094e-05,2.000000000000000111e-01
1.392000000000000056e-05,2.399999999999999911e-01
1.396000000000000017e-05,1.600000000000000033e-01
1.399999999999999979e-05,2.000000000000000111e-01
1.403999999999999941e-05,1.600000000000000033e-01
1.407999999999999902e-05,1.600000000000000033e-01
1.411999999999999864e-05,1.600000000000000033e-01
1.416000000000000165e-05,2.000000000000000111e-01
1.420000000000000126e-05,1.600000000000000033e-01
1.424000000000000088e-05,2.399999999999999911e-01
1.428000000000000050e-05,2.000000000000000111e-01
1.432000000000000011e-05,2.000000000000000111e-01
1.435999999999999973e-05,1.600000000000000033e-01
1.439999999999999935e-05,1.600000000000000033e-01
1.443999999999999897e-05,1.600000000000000033e-01
1.447999999999999858e-05,2.000000000000000111e-01
1.452000000000000159e-05,2.000000000000000111e-01
1.456000000000000120e-05,2.399999999999999911e-01
1.460000000000000082e-05,2.000000000000000111e-01
1.464000000000000044e-05,1.600000000000000033e-01
1.468000000000000006e-05,1.600000000000000033e-01
1.471999999999999967e-05,1.600000000000000033e-01
1.475999999999999929e-05,1.600000000000000033e-01
1.479999999999999891e-05,2.000000000000000111e-01
1.483999999999999852e-05,1.600000000000000033e-01
1.488000000000000153e-05,2.399999999999999911e-01
1.492000000000000115e-05,2.399999999999999911e-01
1.496000000000000076e-05,2.000000000000000111e-01
1.500000000000000038e-05,2.000000000000000111e-01
1.504000000000000000e-05,1.600000000000000033e-01
1.507999999999999961e-05,1.600000000000000033e-01
1.511999999999999923e-05,1.600000000000000033e-01
1.515999999999999885e-05,1.600000000000000033e-01
1.519999999999999847e-05,2.000000000000000111e-01
1.524000000000000147e-05,2.000000000000000111e-01
1.528000000000000278e-05,1.600000000000000033e-01
1.532000000000000240e-05,1.199999999999999956e-01
1.536000000000000202e-05,1.600000000000000033e-01
1.540000000000000163e-05,1.600000000000000033e-01
1.544000000000000125e-05,1.199999999999999956e-01
1.548000000000000087e-05,1.600000000000000033e-01
1.552000000000000048e-05,1.600000000000000033e-01
1.556000000000000010e-05,2.000000000000000111e-01
1.559999999999999972e-05,2.000000000000000111e-01
1.563999999999999933e-05,1.199999999999999956e-01
1.567999999999999895e-05,1.199999999999999956e-01
1.571999999999999857e-05,2.000000000000000111e-01
1.575999999999999819e-05,1.600000000000000033e-01
1.579999999999999780e-05,1.600000000000000033e-01
1.583999999999999742e-05,1.600000000000000033e-01
1.587999999999999704e-05,1.600000000000000033e-01
1.592000000000000343e-05,1.600000000000000033e-01
1.596000000000000305e-05,2.000000000000000111e-01
1.600000000000000266e-05,2.000000000000000111e-01
1.604000000000000228e-05,2.399999999999999911e-01
1.608000000000000190e-05,2.399999999999999911e-01
1.612000000000000152e-05,2.399999999999999911e-01
1.616000000000000113e-05,2.399999999999999911e-01
1.620000000000000075e-05,2.800000000000000266e-01
1.624000000000000037e-05,2.800000000000000266e-01
1.627999999999999998e-05,2.800000000000000266e-01
1.631999999999999960e-05,3.200000000000000067e-01
1.635999999999999922e-05,3.200000000000000067e-01
1.639999999999999883e-05,3.200000000000000067e-01
1.643999999999999845e-05,4.000000000000000222e-01
1.647999999999999807e-05,4.000000000000000222e-01
1.651999999999999769e-05,3.599999999999999867e-01
1.655999999999999730e-05,4.400000000000000022e-01
1.659999999999999692e-05,4.400000000000000022e-01
1.664000000000000331e-05,4.000000000000000222e-01
1.668000000000000293e-05,4.400000000000000022e-01
1.672000000000000255e-05,4.400000000000000022e-01
1.676000000000000216e-05,4.400000000000000022e-01
1.680000000000000178e-05,4.000000000000000222e-01
1.684000000000000140e-05,4.000000000000000222e-01
1.688000000000000101e-05,4.000000000000000222e-01
1.692000000000000063e-05,3.599999999999999867e-01
1.696000000000000025e-05,3.599999999999999867e-01
1.699999999999999987e-05,3.200000000000000067e-01
1.703999999999999948e-05,3.599999999999999867e-01
1.707999999999999910e-05,3.599999999999999867e-01
1.711999999999999872e-05,3.200000000000000067e-01
1.715999999999999833e-05,2.800000000000000266e-01
1.719999999999999795e-05,2.800000000000000266e-01
1.723999999999999757e-05,2.399999999999999911e-01
1.727999999999999719e-05,2.399999999999999911e-01
1.732000000000000358e-05,2.800000000000000266e-01
1.736000000000000320e-05,2.399999999999999911e-01
1.740000000000000281e-05,2.800000000000000266e-01
1.744000000000000243e-05,2.399999999999999911e-01
1.748000000000000205e-05,2.000000000000000111e-01
1.752000000000000166e-05,2.399999999999999911e-01
1.756000000000000128e-05,2.399999999999999911e-01
1.760000000000000090e-05,2.399999999999999911e-01
1.764000000000000051e-05,2.000000000000000111e-01
1.768000000000000013e-05,2.000000000000000111e-01
1.771999999999999975e-05,1.600000000000000033e-01
1.775999999999999937e-05,2.399999999999999911e-01
1.779999999999999898e-05,2.000000000000000111e-01
1.783999999999999860e-05,2.000000000000000111e-01
1.787999999999999822e-05,2.000000000000000111e-01
1.791999999999999783e-05,2.000000000000000111e-01
1.795999999999999745e-05,2.000000000000000111e-01
1.799999999999999707e-05,1.600000000000000033e-01
1.804000000000000346e-05,1.600000000000000033e-01
1.808000000000000308e-05,2.000000000000000111e-01
1.812000000000000270e-05,1.600000000000000033e-01
1.816000000000000231e-05,1.600000000000000033e-01
1.820000000000000193e-05,2.399999999999999911e-01
1.824000000000000155e-05,2.000000000000000111e-01
1.828000000000000116e-05,2.000000000000000111e-01
1.832000000000000078e-05,1.600000000000000033e-01
1.836000000000000040e-05,1.600000000000000033e-01
1.840000000000000001e-05,1.600000000000000033e-01
1.843999999999999963e-05,1.600000000000000033e-01
1.847999999999999925e-05,1.600000000000000033e-01
1.851999999999999887e-05,1.600000000000000033e-01
1.855999999999999848e-05,2.000000000000000111e-01
1.859999999999999810e-05,1.600000000000000033e-01
1.863999999999999772e-05,2.000000000000000111e-01
1.867999999999999733e-05,1.600000000000000033e-01
1.871999999999999695e-05,1.600000000000000033e-01
1.876000000000000334e-05,1.600000000000000033e-01
1.880000000000000296e-05,2.000000000000000111e-01
1.884000000000000258e-05,2.000000000000000111e-01
1.888000000000000219e-05,2.000000000000000111e-01
1.892000000000000181e-05,2.000000000000000111e-01
1.896000000000000143e-05,1.199999999999999956e-01
1.900000000000000105e-05,2.000000000000000111e-01
1.904000000000000066e-05,1.600000000000000033e-01
1.908000000000000028e-05,1.600000000000000033e-01
1.911999999999999990e-05,1.600000000000000033e-01
1.915999999999999951e-05,1.600000000000000033e-01
1.919999999999999913e-05,1.600000000000000033e-01
1.923999999999999875e-05,1.199999999999999956e-01
1.927999999999999837e-05,1.199999999999999956e-01
1.931999999999999798e-05,2.000000000000000111e-01
1.935999999999999760e-05,1.600000000000000033e-01
1.939999999999999722e-05,1.600000000000000033e-01
1.944000000000000361e-05,1.199999999999999956e-01
1.948000000000000323e-05,1.600000000000000033e-01
1.952000000000000284e-05,1.199999999999999956e-01
1.956000000000000246e-05,1.199999999999999956e-01
1.960000000000000208e-05,1.600000000000000033e-01
1.964000000000000169e-05,1.199999999999999956e-01
1.968000000000000131e-05,1.600000000000000033e-01
1.972000000000000093e-05,1.199999999999999956e-01
1.976000000000000055e-05,1.600000000000000033e-01
1.980000000000000016e-05,1.600000000000000033e-01
1.983999999999999978e-05,1.600000000000000033e-01
1.987999999999999940e-05,1.600000000000000033e-01
1.991999999999999901e-05,1.199999999999999956e-01
1.995999999999999863e-05,1.199999999999999956e-01
1.999999999999999825e-05,1.199999999999999956e-01
2.003999999999999786e-05,1.199999999999999956e-01
2.007999999999999748e-05,1.199999999999999956e-01
2.011999999999999710e-05,1.199999999999999956e-01
2.015999999999999672e-05,1.199999999999999956e-01
2.019999999999999633e-05,1.199999999999999956e-01
2.023999999999999595e-05,1.600000000000000033e-01
2.027999999999999557e-05,1.600000000000000033e-01
2.032000000000000196e-05,1.199999999999999956e-01
2.036000000000000158e-05,1.600000000000000033e-01
2.040000000000000119e-05,1.600000000000000033e-01
2.044000000000000081e-05,1.600000000000000033e-01
2.048000000000000043e-05,1.199999999999999956e-01
2.052000000000000005e-05,1.199999999999999956e-01
2.055999999999999966e-05,1.199999999999999956e-01
2.059999999999999928e-05,1.199999999999999956e-01
2.063999999999999890e-05,1.199999999999999956e-01
2.067999999999999851e-05,1.199999999999999956e-01
2.071999999999999813e-05,1.199999999999999956e-01
2.075999999999999775e-05,1.199999999999999956e-01
2.079999999999999736e-05,1.600000000000000033e-01
2.083999999999999698e-05,2.000000000000000111e-01
2.087999999999999660e-05,8.000000000000000167e-02
2.091999999999999622e-05,1.600000000000000033e-01
2.095999999999999583e-05,8.000000000000000167e-02
2.099999999999999545e-05,1.600000000000000033e-01
2.104000000000000184e-05,1.600000000000000033e-01
2.108000000000000146e-05,1.600000000000000033e-01
2.112000000000000108e-05,1.199999999999999956e-01
2.116000000000000069e-05,1.199999999999999956e-01
2.120000000000000031e-05,1.199999999999999956e-01
2.123999999999999993e-05,1.199999999999999956e-01
2.127999999999999955e-05,1.600000000000000033e-01
2.131999999999999916e-05,1.199999999999999956e-01
2.135999999999999878e-05,1.199999999999999956e-01
2.139999999999999840e-05,8.000000000000000167e-02
2.143999999999999801e-05,8.000000000000000167e-02
2.147999999999999763e-05,8.000000000000000167e-02
2.151999999999999725e-05,1.600000000000000033e-01
2.155999999999999686e-05,1.199999999999999956e-01
2.159999999999999648e-05,8.000000000000000167e-02
2.163999999999999610e-05,1.199999999999999956e-01
2.167999999999999572e-05,1.199999999999999956e-01
2.171999999999999533e-05,1.600000000000000033e-01
2.176000000000000173e-05,1.600000000000000033e-01
2.180000000000000134e-05,1.199999999999999956e-01
2.184000000000000096e-05,1.199999999999999956e-01
2.188000000000000058e-05,1.199999999999999956e-01
2.192000000000000019e-05,8.000000000000000167e-02
2.195999999999999981e-05,8.000000000000000167e-02
2.199999999999999943e-05,8.000000000000000167e-02
2.203999999999999905e-05,1.199999999999999956e-01
2.207999999999999866e-05,1.199999999999999956e-01
2.211999999999999828e-05,1.600000000000000033e-01
2.215999999999999790e-05,1.199999999999999956e-01
2.219999999999999751e-05,8.000000000000000167e-02
2.223999999999999713e-05,8.000000000000000167e-02
2.227999999999999675e-05,8.000000000000000167e-02
2.231999999999999636e-05,8.000000000000000167e-02
2.235999999999999598e-05,1.199999999999999956e-01
2.239999999999999560e-05,1.199999999999999956e-01
2.244000000000000199e-05,1.199999999999999956e-01
2.248000000000000161e-05,8.000000000000000167e-02
2.252000000000000123e-05,8.000000000000000167e-02
2.256000000000000084e-05,8.000000000000000167e-02
2.260000000000000046e-05,1.199999999999999956e-01
2.264000000000000008e-05,1.199999999999999956e-01
2.267999999999999969e-05,1.199999999999999956e-01
2.271999999999999931e-05,1.199999999999999956e-01
2.275999999999999893e-05,8.000000000000000167e-02
2.279999999999999854e-05,1.199999999999999956e-01
2.283999999999999816e-05,8.000000000000000167e-02
2.287999999999999778e-05,8.000000000000000167e-02
2.291999999999999740e-05,1.199999999999999956e-01
2.295999999999999701e-05,1.199999999999999956e-01
2.299999999999999663e-05,1.199999999999999956e-01
2.303999999999999625e-05,8.000000000000000167e-02
2.307999999999999586e-05,8.000000000000000167e-02
2.311999999999999548e-05,1.199999999999999956e-01
2.316000000000000187e-05,8.000000000000000167e-02
2.320000000000000149e-05,1.199999999999999956e-01
2.324000000000000111e-05,4.000000000000000083e-02
2.328000000000000073e-05,0.000000000000000000e+00
2.332000000000000034e-05,8.000000000000000167e-02
2.335999999999999996e-05,8.000000000000000167e-02
2.339999999999999958e-05,1.199999999999999956e-01
2.343999999999999919e-05,1.199999999999999956e-01
2.347999999999999881e-05,8.000000000000000167e-02
2.351999999999999843e-05,1.199999999999999956e-01
2.355999999999999804e-05,1.600000000000000033e-01
2.359999999999999766e-05,4.000000000000000083e-02
2.363999999999999728e-05,8.000000000000000167e-02
2.367999999999999690e-05,4.000000000000000083e-02
2.371999999999999651e-05,8.000000000000000167e-02
2.375999999999999613e-05,8.000000000000000167e-02
2.379999999999999575e-05,8.000000000000000167e-02
2.383999999999999536e-05,1.199999999999999956e-01
2.388000000000000176e-05,8.000000000000000167e-02
2.392000000000000137e-05,8.000000000000000167e-02
2.396000000000000099e-05,4.000000000000000083e-02
2.400000000000000061e-05,1.199999999999999956e-01
2.404000000000000023e-05,1.199999999999999956e-01
2.407999999999999984e-05,1.199999999999999956e-01
2.411999999999999946e-05,1.199999999999999956e-01
2.415999999999999908e-05,1.199999999999999956e-01
2.419999999999999869e-05,1.199999999999999956e-01
2.423999999999999831e-05,8.000000000000000167e-02
2.427999999999999793e-05,8.000000000000000167e-02
2.431999999999999754e-05,1.199999999999999956e-01
2.435999999999999716e-05,1.600000000000000033e-01
2.439999999999999678e-05,1.199999999999999956e-01
2.443999999999999640e-05,8.000000000000000167e-02
2.447999999999999601e-05,1.199999999999999956e-01
2.451999999999999563e-05,4.000000000000000083e-02
2.456000000000000202e-05,1.199999999999999956e-01
2.460000000000000164e-05,1.199999999999999956e-01
2.464000000000000126e-05,1.199999999999999956e-01
2.468000000000000087e-05,8.000000000000000167e-02
2.472000000000000049e-05,1.199999999999999956e-01
2.476000000000000011e-05,1.600000000000000033e-01
2.479999999999999972e-05,1.600000000000000033e-01
2.483999999999999934e-05,2.000000000000000111e-01
2.487999999999999896e-05,2.399999999999999911e-01
2.491999999999999858e-05,2.399999999999999911e-01
2.495999999999999819e-05,2.800000000000000266e-01
2.499999999999999781e-05,3.200000000000000067e-01
2.503999999999999743e-05,3.200000000000000067e-01
2.507999999999999704e-05,3.200000000000000067e-01
2.511999999999999666e-05,3.599999999999999867e-01
2.515999999999999628e-05,3.200000000000000067e-01
2.519999999999999590e-05,3.200000000000000067e-01
2.523999999999999551e-05,3.599999999999999867e-01
2.528000000000000191e-05,3.200000000000000067e-01
2.532000000000000152e-05,3.599999999999999867e-01
2.536000000000000114e-05,3.200000000000000067e-01
2.540000000000000076e-05,2.800000000000000266e-01
2.544000000000000037e-05,2.399999999999999911e-01
2.547999999999999999e-05,2.800000000000000266e-01
2.551999999999999961e-05,3.200000000000000067e-01
2.555999999999999922e-05,2.800000000000000266e-01
2.559999999999999884e-05,2.399999999999999911e-01
2.563999999999999846e-05,2.000000000000000111e-01
2.567999999999999808e-05,2.000000000000000111e-01
2.571999999999999769e-05,2.000000000000000111e-01
2.575999999999999731e-05,1.600000000000000033e-01
2.579999999999999693e-05,2.000000000000000111e-01
2.583999999999999654e-05,1.600000000000000033e-01
2.587999999999999616e-05,1.600000000000000033e-01
2.591999999999999578e-05,1.600000000000000033e-01
2.595999999999999539e-05,1.600000000000000033e-01
2.600000000000000179e-05,1.600000000000000033e-01
2.604000000000000141e-05,1.600000000000000033e-01
2.608000000000000102e-05,2.000000000000000111e-01
2.612000000000000064e-05,2.000000000000000111e-01
2.616000000000000026e-05,1.600000000000000033e-01
2.619999999999999987e-05,1.199999999999999956e-01
2.623999999999999949e-05,1.199999999999999956e-01
2.627999999999999911e-05,1.199999999999999956e-01
2.631999999999999872e-05,1.199999999999999956e-01
2.635999999999999834e-05,2.000000000000000111e-01
2.639999999999999796e-05,1.199999999999999956e-01
2.643999999999999758e-05,1.600000000000000033e-01
2.647999999999999719e-05,1.600000000000000033e-01
2.651999999999999681e-05,1.199999999999999956e-01
2.655999999999999643e-05,1.600000000000000033e-01
2.659999999999999604e-05,1.600000000000000033e-01
2.663999999999999566e-05,1.199999999999999956e-01
2.668000000000000205e-05,1.600000000000000033e-01
2.672000000000000167e-05,1.199999999999999956e-01
2.676000000000000129e-05,2.000000000000000111e-01
2.680000000000000090e-05,1.600000000000000033e-01
2.684000000000000052e-05,1.600000000000000033e-01
2.688000000000000014e-05,1.600000000000000033e-01
2.691999999999999976e-05,1.199999999999999956e-01
2.695999999999999937e-05,8.000000000000000167e-02
2.699999999999999899e-05,8.000000000000000167e-02
2.703999999999999861e-05,1.199999999999999956e-01
2.707999999999999822e-05,1.600000000000000033e-01
2.711999999999999784e-05,1.600000000000000033e-01
2.715999999999999746e-05,1.199999999999999956e-01
2.719999999999999708e-05,8.000000000000000167e-02
2.723999999999999669e-05,1.199999999999999956e-01
2.727999999999999631e-05,8.000000000000000167e-02
2.731999999999999593e-05,1.199999999999999956e-01
2.735999999999999554e-05,8.000000000000000167e-02
2.740000000000000194e-05,1.600000000000000033e-01
2.744000000000000155e-05,1.199999999999999956e-01
2.748000000000000117e-05,1.199999999999999956e-01
2.752000000000000079e-05,1.199999999999999956e-01
2.756000000000000040e-05,8.000000000000000167e-02
2.760000000000000002e-05,1.199999999999999956e-01
2.763999999999999964e-05,8.000000000000000167e-02
2.767999999999999926e-05,8.000000000000000167e-02
2.771999999999999887e-05,1.199999999999999956e-01
2.775999999999999849e-05,8.000000000000000167e-02
2.779999999999999811e-05,1.199999999999999956e-01
2.783999999999999772e-05,8.000000000000000167e-02
2.787999999999999734e-05,1.199999999999999956e-01
2.791999999999999696e-05,1.199999999999999956e-01
2.795999999999999657e-05,8.000000000000000167e-02
2.799999999999999619e-05,8.000000000000000167e-02
2.803999999999999581e-05,1.199999999999999956e-01
2.807999999999999543e-05,1.199999999999999956e-01
2.812000000000000182e-05,1.600000000000000033e-01
2.816000000000000144e-05,1.199999999999999956e-01
2.820000000000000105e-05,1.199999999999999956e-01
2.824000000000000067e-05,8.000000000000000167e-02
2.828000000000000029e-05,1.199999999999999956e-01
2.831999999999999990e-05,1.600000000000000033e-01
2.835999999999999952e-05,1.199999999999999956e-01
2.839999999999999914e-05,4.000000000000000083e-02
2.843999999999999876e-05,1.199999999999999956e-01
2.847999999999999837e-05,4.000000000000000083e-02
2.851999999999999799e-05,8.000000000000000167e-02
2.855999999999999761e-05,1.199999999999999956e-01
2.859999999999999722e-05,4.000000000000000083e-02
2.863999999999999684e-05,1.199999999999999956e-01
2.867999999999999646e-05,8.000000000000000167e-02
2.871999999999999607e-05,8.000000000000000167e-02
2.875999999999999569e-05,1.600000000000000033e-01
2.880000000000000208e-05,8.000000000000000167e-02
2.884000000000000170e-05,1.199999999999999956e-01
2.888000000000000132e-05,4.000000000000000083e-02
2.892000000000000094e-05,1.199999999999999956e-01
2.896000000000000055e-05,1.199999999999999956e-01
2.900000000000000017e-05,1.199999999999999956e-01
2.903999999999999979e-05,8.000000000000000167e-02
2.907999999999999940e-05,8.000000000000000167e-02
2.911999999999999902e-05,4.000000000000000083e-02
2.915999999999999864e-05,8.000000000000000167e-02
2.919999999999999826e-05,8.000000000000000167e-02
2.923999999999999787e-05,8.000000000000000167e-02
2.927999999999999749e-05,8.000000000000000167e-02
2.931999999999999711e-05,1.199999999999999956e-01
2.935999999999999672e-05,4.000000000000000083e-02
2.939999999999999634e-05,8.000000000000000167e-02
2.943999999999999596e-05,8.000000000000000167e-02
2.947999999999999557e-05,1.199999999999999956e-01
2.952000000000000197e-05,4.000000000000000083e-02
2.956000000000000158e-05,8.000000000000000167e-02
2.960000000000000120e-05,8.000000000000000167e-02
2.964000000000000082e-05,4.000000000000000083e-02
2.968000000000000044e-05,8.000000000000000167e-02
2.972000000000000005e-05,4.000000000000000083e-02
2.975999999999999967e-05,8.000000000000000167e-02
2.979999999999999929e-05,8.000000000000000167e-02
2.983999999999999890e-05,8.000000000000000167e-02
2.987999999999999852e-05,8.000000000000000167e-02
2.991999999999999814e-05,8.000000000000000167e-02
2.995999999999999775e-05,8.000000000000000167e-02
2.999999999999999737e-05,8.000000000000000167e-02
3.003999999999999699e-05,1.199999999999999956e-01
3.007999999999999661e-05,8.000000000000000167e-02
3.011999999999999622e-05,8.000000000000000167e-02
3.015999999999999584e-05,8.000000000000000167e-02
3.019999999999999546e-05,8.000000000000000167e-02
3.024000000000000185e-05,4.000000000000000083e-02
3.028000000000000147e-05,1.199999999999999956e-01
3.032000000000000108e-05,1.199999999999999956e-01
3.036000000000000070e-05,8.000000000000000167e-02
3.040000000000000032e-05,4.000000000000000083e-02
3.043999999999999994e-05,1.199999999999999956e-01
3.047999999999999955e-05,4.000000000000000083e-02
3.051999999999999917e-05,1.199999999999999956e-01
3.055999999999999879e-05,8.000000000000000167e-02
3.059999999999999840e-05,8.000000000000000167e-02
3.063999999999999802e-05,1.199999999999999956e-01
3.067999999999999764e-05,4.000000000000000083e-02
3.071999999999999725e-05,1.199999999999999956e-01
3.075999999999999687e-05,4.000000000000000083e-02
3.079999999999999649e-05,8.000000000000000167e-02
3.083999999999999611e-05,8.000000000000000167e-02
3.087999999999999572e-05,8.000000000000000167e-02
3.092000000000000212e-05,1.199999999999999956e-01
3.096000000000000173e-05,8.000000000000000167e-02
3.100000000000000135e-05,8.000000000000000167e-02
3.104000000000000097e-05,1.199999999999999956e-01
3.108000000000000058e-05,8.000000000000000167e-02
3.112000000000000020e-05,8.000000000000000167e-02
3.115999999999999982e-05,4.000000000000000083e-02
3.119999999999999944e-05,4.000000000000000083e-02
3.123999999999999905e-05,4.000000000000000083e-02
3.127999999999999867e-05,8.000000000000000167e-02
3.131999999999999829e-05,8.000000000000000167e-02
3.135999999999999790e-05,8.000000000000000167e-02
3.139999999999999752e-05,8.000000000000000167e-02
3.143999999999999714e-05,4.000000000000000083e-02
3.147999999999999675e-05,8.000000000000000167e-02
3.151999999999999637e-05,8.000000000000000167e-02
3.155999999999999599e-05,1.199999999999999956e-01
3.159999999999999561e-05,8.000000000000000167e-02
3.164000000000000200e-05,4.000000000000000083e-02
3.168000000000000162e-05,4.000000000000000083e-02
3.172000000000000123e-05,4.000000000000000083e-02
3.176000000000000085e-05,8.000000000000000167e-02
3.180000000000000047e-05,4.000000000000000083e-02
3.184000000000000008e-05,8.000000000000000167e-02
3.187999999999999970e-05,8.000000000000000167e-02
3.191999999999999932e-05,8.000000000000000167e-02
3.195999999999999893e-05,8.000000000000000167e-02
3.199999999999999855e-05,4.000000000000000083e-02
3.203999999999999817e-05,8.000000000000000167e-02
3.207999999999999779e-05,4.000000000000000083e-02
3.211999999999999740e-05,8.000000000000000167e-02
3.215999999999999702e-05,8.000000000000000167e-02
3.219999999999999664e-05,4.000000000000000083e-02
3.223999999999999625e-05,4.000000000000000083e-02
3.227999999999999587e-05,1.199999999999999956e-01
3.231999999999999549e-05,8.000000000000000167e-02
3.236000000000000188e-05,4.000000000000000083e-02
3.240000000000000150e-05,8.000000000000000167e-02
3.244000000000000112e-05,4.000000000000000083e-02
3.248000000000000073e-05,-4.000000000000000083e-02
3.252000000000000035e-05,8.000000000000000167e-02
3.255999999999999997e-05,4.000000000000000083e-02
3.259999999999999958e-05,4.000000000000000083e-02
3.263999999999999920e-05,4.000000000000000083e-02
3.267999999999999882e-05,8.000000000000000167e-02
3.271999999999999843e-05,8.000000000000000167e-02
3.275999999999999805e-05,4.000000000000000083e-02
3.279999999999999767e-05,8.000000000000000167e-02
3.283999999999999729e-05,4.000000000000000083e-02
3.287999999999999690e-05,8.000000000000000167e-02
3.291999999999999652e-05,8.000000000000000167e-02
3.295999999999999614e-05,8.000000000000000167e-02
3.299999999999999575e-05,1.199999999999999956e-01
3.304000000000000215e-05,8.000000000000000167e-02
3.308000000000000176e-05,4.000000000000000083e-02
3.312000000000000138e-05,8.000000000000000167e-02
3.316000000000000100e-05,8.000000000000000167e-02
3.320000000000000062e-05,4.000000000000000083e-02
3.324000000000000023e-05,4.000000000000000083e-02
3.327999999999999985e-05,8.000000000000000167e-02
3.331999999999999947e-05,4.000000000000000083e-02
3.335999999999999908e-05,4.000000000000000083e-02
3.339999999999999870e-05,8.000000000000000167e-02
3.343999999999999832e-05,8.000000000000000167e-02
3.347999999999999793e-05,0.000000000000000000e+00
3.351999999999999755e-05,4.000000000000000083e-02
3.355999999999999717e-05,1.199999999999999956e-01
3.359999999999999679e-05,4.000000000000000083e-02
3.363999999999999640e-05,4.000000000000000083e-02
3.367999999999999602e-05,8.000000000000000167e-02
3.371999999999999564e-05,4.000000000000000083e-02
3.376000000000000203e-05,4.000000000000000083e-02
3.380000000000000165e-05,4.000000000000000083e-02
3.384000000000000126e-05,4.000000000000000083e-02
3.388000000000000088e-05,8.000000000000000167e-02
3.392000000000000050e-05,4.000000000000000083e-02
3.396000000000000011e-05,8.000000000000000167e-02
3.399999999999999973e-05,4.000000000000000083e-02
3.403999999999999935e-05,8.000000000000000167e-02
3.407999999999999897e-05,0.000000000000000000e+00
3.411999999999999858e-05,8.000000000000000167e-02
3.415999999999999820e-05,4.000000000000000083e-02
3.419999999999999782e-05,0.000000000000000000e+00
3.423999999999999743e-05,4.000000000000000083e-02
3.427999999999999705e-05,4.000000000000000083e-02
3.431999999999999667e-05,4.000000000000000083e-02
3.435999999999999629e-05,8.000000000000000167e-02
3.439999999999999590e-05,4.000000000000000083e-02
3.443999999999999552e-05,0.000000000000000000e+00
3.448000000000000191e-05,8.000000000000000167e-02
3.452000000000000153e-05,8.000000000000000167e-02
3.456000000000000115e-05,8.000000000000000167e-02
3.460000000000000076e-05,8.000000000000000167e-02
3.464000000000000038e-05,4.000000000000000083e-02
3.468000000000000000e-05,4.000000000000000083e-02
3.471999999999999961e-05,4.000000000000000083e-02
3.475999999999999923e-05,4.000000000000000083e-02
3.479999999999999885e-05,4.000000000000000083e-02
3.483999999999999847e-05,4.000000000000000083e-02
3.487999999999999808e-05,4.000000000000000083e-02
3.491999999999999770e-05,4.000000000000000083e-02
3.495999999999999732e-05,4.000000000000000083e-02
3.499999999999999693e-05,1.199999999999999956e-01
3.503999999999999655e-05,8.000000000000000167e-02
3.507999999999999617e-05,8.000000000000000167e-02
3.511999999999999578e-05,4.000000000000000083e-02
3.516000000000000218e-05,4.000000000000000083e-02
3.520000000000000180e-05,4.000000000000000083e-02
3.524000000000000141e-05,4.000000000000000083e-02
3.528000000000000103e-05,4.000000000000000083e-02
3.532000000000000065e-05,8.000000000000000167e-02
3.536000000000000026e-05,4.000000000000000083e-02
3.539999999999999988e-05,0.000000000000000000e+00
3.543999999999999950e-05,4.000000000000000083e-02
3.547999999999999911e-05,-4.000000000000000083e-02
3.551999999999999873e-05,4.000000000000000083e-02
3.555999999999999835e-05,4.000000000000000083e-02
3.559999999999999797e-05,0.000000000000000000e+00
3.563999999999999758e-05,4.000000000000000083e-02
3.567999999999999720e-05,0.000000000000000000e+00
3.571999999999999682e-05,8.000000000000000167e-02
3.575999999999999643e-05,0.000000000000000000e+00
3.579999999999999605e-05,4.000000000000000083e-02
3.583999999999999567e-05,4.000000000000000083e-02
3.588000000000000206e-05,4.000000000000000083e-02
3.592000000000000168e-05,4.000000000000000083e-02
3.596000000000000130e-05,0.000000000000000000e+00
3.600000000000000091e-05,4.000000000000000083e-02
3.604000000000000053e-05,4.000000000000000083e-02
3.608000000000000015e-05,4.000000000000000083e-02
3.611999999999999976e-05,4.000000000000000083e-02
3.615999999999999938e-05,4.000000000000000083e-02
3.619999999999999900e-05,4.000000000000000083e-02
3.623999999999999861e-05,8.000000000000000167e-02
3.627999999999999823e-05,1.199999999999999956e-01
3.631999999999999785e-05,0.000000000000000000e+00
3.635999999999999747e-05,4.000000000000000083e-02
3.639999999999999708e-05,0.000000000000000000e+00
3.643999999999999670e-05,0.000000000000000000e+00
3.647999999999999632e-05,4.000000000000000083e-02
3.651999999999999593e-05,8.000000000000000167e-02
3.655999999999999555e-05,4.000000000000000083e-02
3.660000000000000194e-05,0.000000000000000000e+00
3.664000000000000156e-05,4.000000000000000083e-02
3.668000000000000118e-05,4.000000000000000083e-02
3.672000000000000079e-05,0.000000000000000000e+00
3.676000000000000041e-05,4.000000000000000083e-02
3.680000000000000003e-05,0.000000000000000000e+00
3.683999999999999965e-05,8.000000000000000167e-02
3.687999999999999926e-05,4.000000000000000083e-02
3.691999999999999888e-05,8.000000000000000167e-02
3.695999999999999850e-05,0.000000000000000000e+00
3.699999999999999811e-05,0.000000000000000000e+00
3.703999999999999773e-05,0.000000000000000000e+00
3.707999999999999735e-05,0.000000000000000000e+00
3.711999999999999696e-05,4.000000000000000083e-02
3.715999999999999658e-05,4.000000000000000083e-02
3.719999999999999620e-05,8.000000000000000167e-02
3.723999999999999582e-05,1.199999999999999956e-01
3.728000000000000221e-05,0.000000000000000000e+00
3.732000000000000183e-05,4.000000000000000083e-02
3.736000000000000144e-05,8.000000000000000167e-02
3.740000000000000106e-05,8.000000000000000167e-02
3.744000000000000068e-05,8.000000000000000167e-02
3.748000000000000029e-05,8.000000000000000167e-02
3.751999999999999991e-05,8.000000000000000167e-02
3.755999999999999953e-05,8.000000000000000167e-02
3.759999999999999915e-05,8.000000000000000167e-02
3.763999999999999876e-05,4.000000000000000083e-02
3.767999999999999838e-05,1.600000000000000033e-01
3.771999999999999800e-05,1.199999999999999956e-01
3.775999999999999761e-05,1.199999999999999956e-01
3.779999999999999723e-05,1.600000000000000033e-01
3.783999999999999685e-05,2.000000000000000111e-01
3.787999999999999646e-05,2.000000000000000111e-01
3.791999999999999608e-05,2.000000000000000111e-01
3.795999999999999570e-05,2.800000000000000266e-01
3.800000000000000209e-05,2.399999999999999911e-01
3.804000000000000171e-05,2.000000000000000111e-01
3.808000000000000133e-05,2.399999999999999911e-01
3.812000000000000094e-05,2.000000000000000111e-01
3.816000000000000056e-05,2.000000000000000111e-01
3.820000000000000018e-05,2.399999999999999911e-01
3.823999999999999979e-05,2.800000000000000266e-01
3.827999999999999941e-05,2.000000000000000111e-01
3.831999999999999903e-05,2.399999999999999911e-01
3.835999999999999865e-05,2.000000000000000111e-01
3.839999999999999826e-05,2.000000000000000111e-01
3.843999999999999788e-05,2.000000000000000111e-01
3.847999999999999750e-05,1.600000000000000033e-01
3.851999999999999711e-05,1.600000000000000033e-01
3.855999999999999673e-05,1.600000000000000033e-01
3.859999999999999635e-05,1.199999999999999956e-01
3.863999999999999596e-05,2.399999999999999911e-01
3.867999999999999558e-05,1.600000000000000033e-01
3.872000000000000197e-05,1.199999999999999956e-01
3.876000000000000159e-05,1.199999999999999956e-01
3.880000000000000121e-05,1.600000000000000033e-01
3.884000000000000083e-05,1.600000000000000033e-01
3.888000000000000044e-05,1.199999999999999956e-01
3.892000000000000006e-05,1.199999999999999956e-01
3.895999999999999968e-05,2.000000000000000111e-01
3.899999999999999929e-05,1.600000000000000033e-01
3.903999999999999891e-05,8.000000000000000167e-02
3.907999999999999853e-05,8.000000000000000167e-02
3.911999999999999815e-05,8.000000000000000167e-02
3.915999999999999776e-05,1.199999999999999956e-01
3.919999999999999738e-05,4.000000000000000083e-02
3.923999999999999700e-05,8.000000000000000167e-02
3.927999999999999661e-05,8.000000000000000167e-02
3.931999999999999623e-05,4.000000000000000083e-02
3.935999999999999585e-05,8.000000000000000167e-02
3.940000000000000224e-05,8.000000000000000167e-02
3.944000000000000186e-05,8.000000000000000167e-02
3.948000000000000147e-05,1.199999999999999956e-01
3.952000000000000109e-05,8.000000000000000167e-02
3.956000000000000071e-05,8.000000000000000167e-02
3.960000000000000033e-05,1.199999999999999956e-01
3.963999999999999994e-05,4.000000000000000083e-02
3.967999999999999956e-05,1.199999999999999956e-01
3.971999999999999918e-05,8.000000000000000167e-02
3.975999999999999879e-05,8.000000000000000167e-02
3.979999999999999841e-05,8.000000000000000167e-02
3.983999999999999803e-05,8.000000000000000167e-02
3.987999999999999764e-05,8.000000000000000167e-02
3.991999999999999726e-05,1.199999999999999956e-01
3.995999999999999688e-05,8.000000000000000167e-02
3.999999999999999650e-05,4.000000000000000083e-02
4.003999999999999611e-05,1.199999999999999956e-01
4.007999999999999573e-05,8.000000000000000167e-02
4.012000000000000212e-05,8.000000000000000167e-02
4.016000000000000174e-05,8.000000000000000167e-02
4.020000000000000136e-05,1.199999999999999956e-01
4.024000000000000097e-05,8.000000000000000167e-02
4.028000000000000059e-05,0.000000000000000000e+00
4.032000000000000021e-05,8.000000000000000167e-02
4.035999999999999983e-05,8.000000000000000167e-02
4.039999999999999944e-05,8.000000000000000167e-02
4.043999999999999906e-05,4.000000000000000083e-02
4.047999999999999868e-05,4.000000000000000083e-02
4.051999999999999829e-05,4.000000000000000083e-02
4.055999999999999791e-05,8.000000000000000167e-02
4.059999999999999753e-05,8.000000000000000167e-02
4.063999999999999714e-05,1.199999999999999956e-01
4.067999999999999676e-05,4.000000000000000083e-02
4.071999999999999638e-05,8.000000000000000167e-02
4.075999999999999600e-05,0.000000000000000000e+00
4.079999999999999561e-05,4.000000000000000083e-02
4.084000000000000201e-05,8.000000000000000167e-02
4.088000000000000162e-05,8.000000000000000167e-02
4.092000000000000124e-05,8.000000000000000167e-02
4.096000000000000086e-05,8.000000000000000167e-02
4.100000000000000047e-05,8.000000000000000167e-02
4.104000000000000009e-05,1.199999999999999956e-01
4.107999999999999971e-05,1.199999999999999956e-01
4.111999999999999933e-05,8.000000000000000167e-02
4.115999999999999894e-05,8.000000000000000167e-02
4.119999999999999856e-05,8.000000000000000167e-02
4.123999999999999818e-05,8.000000000000000167e-02
4.127999999999999779e-05,4.000000000000000083e-02
4.131999999999999741e-05,1.199999999999999956e-01
4.135999999999999703e-05,4.000000000000000083e-02
4.139999999999999664e-05,4.000000000000000083e-02
4.143999999999999626e-05,8.000000000000000167e-02
4.147999999999999588e-05,8.000000000000000167e-02
4.152000000000000227e-05,4.000000000000000083e-02
4.156000000000000189e-05,8.000000000000000167e-02
4.160000000000000151e-05,8.000000000000000167e-02
4.164000000000000112e-05,4.000000000000000083e-02
4.168000000000000074e-05,8.000000000000000167e-02
4.172000000000000036e-05,4.000000000000000083e-02
4.175999999999999997e-05,4.000000000000000083e-02
4.179999999999999959e-05,4.000000000000000083e-02
4.183999999999999921e-05,4.000000000000000083e-02
4.187999999999999882e-05,8.000000000000000167e-02
4.191999999999999844e-05,4.000000000000000083e-02
4.195999999999999806e-05,1.199999999999999956e-01
4.199999999999999768e-05,4.000000000000000083e-02
4.203999999999999729e-05,4.000000000000000083e-02
4.207999999999999691e-05,8.000000000000000167e-02
4.211999999999999653e-05,0.000000000000000000e+00
4.215999999999999614e-05,4.000000000000000083e-02
4.219999999999999576e-05,8.000000000000000167e-02
4.224000000000000215e-05,8.000000000000000167e-02
4.228000000000000177e-05,4.000000000000000083e-02
4.232000000000000139e-05,8.000000000000000167e-02
4.236000000000000101e-05,8.000000000000000167e-02
4.240000000000000062e-05,1.199999999999999956e-01
4.244000000000000024e-05,4.000000000000000083e-02
4.247999999999999986e-05,0.000000000000000000e+00
4.251999999999999947e-05,8.000000000000000167e-02
4.255999999999999909e-05,4.000000000000000083e-02
4.259999999999999871e-05,8.000000000000000167e-02
4.263999999999999832e-05,8.000000000000000167e-02
4.267999999999999794e-05,4.000000000000000083e-02
4.271999999999999756e-05,4.000000000000000083e-02
4.275999999999999718e-05,4.000000000000000083e-02
4.279999999999999679e-05,0.000000000000000000e+00
4.283999999999999641e-05,4.000000000000000083e-02
4.287999999999999603e-05,4.000000000000000083e-02
4.292000000000000242e-05,8.000000000000000167e-02
4.296000000000000204e-05,8.000000000000000167e-02
4.300000000000000165e-05,4.000000000000000083e-02
4.304000000000000127e-05,0.000000000000000000e+00
4.308000000000000089e-05,4.000000000000000083e-02
4.312000000000000051e-05,4.000000000000000083e-02
4.316000000000000012e-05,8.000000000000000167e-02
4.319999999999999974e-05,8.000000000000000167e-02
4.323999999999999936e-05,4.000000000000000083e-02
4.327999999999999897e-05,4.000000000000000083e-02
4.331999999999999859e-05,8.000000000000000167e-02
4.335999999999999821e-05,4.000000000000000083e-02
4.339999999999999782e-05,0.000000000000000000e+00
4.343999999999999744e-05,8.000000000000000167e-02
4.347999999999999706e-05,8.000000000000000167e-02
4.351999999999999668e-05,4.000000000000000083e-02
4.355999999999999629e-05,0.000000000000000000e+00
4.359999999999999591e-05,0.000000000000000000e+00
4.364000000000000230e-05,8.000000000000000167e-02
4.368000000000000192e-05,4.000000000000000083e-02
4.372000000000000154e-05,4.000000000000000083e-02
4.376000000000000115e-05,4.000000000000000083e-02
4.380000000000000077e-05,4.000000000000000083e-02
4.384000000000000039e-05,4.000000000000000083e-02
4.388000000000000000e-05,8.000000000000000167e-02
4.391999999999999962e-05,1.199999999999999956e-01
4.395999999999999924e-05,1.199999999999999956e-01
4.399999999999999886e-05,4.000000000000000083e-02
4.403999999999999847e-05,4.000000000000000083e-02
4.407999999999999809e-05,4.000000000000000083e-02
4.411999999999999771e-05,4.000000000000000083e-02
4.415999999999999732e-05,4.000000000000000083e-02
4.419999999999999694e-05,8.000000000000000167e-02
4.423999999999999656e-05,0.000000000000000000e+00
4.427999999999999618e-05,8.000000000000000167e-02
4.431999999999999579e-05,4.000000000000000083e-02
4.436000000000000219e-05,4.000000000000000083e-02
4.440000000000000180e-05,4.000000000000000083e-02
4.444000000000000142e-05,0.000000000000000000e+00
4.448000000000000104e-05,4.000000000000000083e-02
4.452000000000000065e-05,-4.000000000000000083e-02
4.456000000000000027e-05,4.000000000000000083e-02
4.459999999999999989e-05,8.000000000000000167e-02
4.463999999999999950e-05,0.000000000000000000e+00
4.467999999999999912e-05,1.199999999999999956e-01
4.471999999999999874e-05,4.000000000000000083e-02
4.475999999999999836e-05,0.000000000000000000e+00
4.479999999999999797e-05,4.000000000000000083e-02
4.483999999999999759e-05,4.000000000000000083e-02
4.487999999999999721e-05,8.000000000000000167e-02
4.491999999999999682e-05,0.000000000000000000e+00
4.495999999999999644e-05,4.000000000000000083e-02
4.499999999999999606e-05,0.000000000000000000e+00
4.504000000000000245e-05,8.000000000000000167e-02
4.508000000000000207e-05,0.000000000000000000e+00
4.512000000000000169e-05,4.000000000000000083e-02
4.516000000000000130e-05,8.000000000000000167e-02
4.520000000000000092e-05,0.000000000000000000e+00
4.524000000000000054e-05,-4.000000000000000083e-02
4.528000000000000015e-05,0.000000000000000000e+00
4.531999999999999977e-05,4.000000000000000083e-02
4.535999999999999939e-05,0.000000000000000000e+00
4.539999999999999900e-05,1.199999999999999956e-01
4.543999999999999862e-05,8.000000000000000167e-02
4.547999999999999824e-05,4.000000000000000083e-02
4.551999999999999786e-05,4.000000000000000083e-02
4.555999999999999747e-05,-4.000000000000000083e-02
4.559999999999999709e-05,8.000000000000000167e-02
4.563999999999999671e-05,4.000000000000000083e-02
4.567999999999999632e-05,4.000000000000000083e-02
4.571999999999999594e-05,4.000000000000000083e-02
4.576000000000000233e-05,4.000000000000000083e-02
4.580000000000000195e-05,4.000000000000000083e-02
4.584000000000000157e-05,8.000000000000000167e-02
4.588000000000000118e-05,8.000000000000000167e-02
4.592000000000000080e-05,8.000000000000000167e-02
4.596000000000000042e-05,0.000000000000000000e+00
4.600000000000000004e-05,4.000000000000000083e-02
4.603999999999999965e-05,0.000000000000000000e+00
4.607999999999999927e-05,4.000000000000000083e-02
4.611999999999999889e-05,4.000000000000000083e-02
4.615999999999999850e-05,8.000000000000000167e-02
4.619999999999999812e-05,8.000000000000000167e-02
4.623999999999999774e-05,4.000000000000000083e-02
4.627999999999999736e-05,8.000000000000000167e-02
4.631999999999999697e-05,4.000000000000000083e-02
4.635999999999999659e-05,1.199999999999999956e-01
4.639999999999999621e-05,8.000000000000000167e-02
4.643999999999999582e-05,4.000000000000000083e-02
4.648000000000000222e-05,8.000000000000000167e-02
4.652000000000000183e-05,4.000000000000000083e-02
4.656000000000000145e-05,8.000000000000000167e-02
4.660000000000000107e-05,1.199999999999999956e-01
4.664000000000000068e-05,1.199999999999999956e-01
4.668000000000000030e-05,8.000000000000000167e-02
4.671999999999999992e-05,1.199999999999999956e-01
4.675999999999999954e-05,1.199999999999999956e-01
4.679999999999999915e-05,1.199999999999999956e-01
4.683999999999999877e-05,1.199999999999999956e-01
4.687999999999999839e-05,1.600000000000000033e-01
4.691999999999999800e-05,1.600000000000000033e-01
4.695999999999999762e-05,1.600000000000000033e-01
4.699999999999999724e-05,1.199999999999999956e-01
4.703999999999999685e-05,1.199999999999999956e-01
4.707999999999999647e-05,8.000000000000000167e-02
4.711999999999999609e-05,1.199999999999999956e-01
4.716000000000000248e-05,1.600000000000000033e-01
4.720000000000000210e-05,1.199999999999999956e-01
4.724000000000000172e-05,1.199999999999999956e-01
4.728000000000000133e-05,1.199999999999999956e-01
4.732000000000000095e-05,1.199999999999999956e-01
4.736000000000000057e-05,1.199999999999999956e-01
4.740000000000000018e-05,1.600000000000000033e-01
4.743999999999999980e-05,1.199999999999999956e-01
4.747999999999999942e-05,1.199999999999999956e-01
4.751999999999999904e-05,1.199999999999999956e-01
4.755999999999999865e-05,8.000000000000000167e-02
4.759999999999999827e-05,1.199999999999999956e-01
4.763999999999999789e-05,4.000000000000000083e-02
4.767999999999999750e-05,1.199999999999999956e-01
4.771999999999999712e-05,1.199999999999999956e-01
4.775999999999999674e-05,8.000000000000000167e-02
4.779999999999999635e-05,1.199999999999999956e-01
4.783999999999999597e-05,1.199999999999999956e-01
4.788000000000000236e-05,8.000000000000000167e-02
4.792000000000000198e-05,1.600000000000000033e-01
4.796000000000000160e-05,1.199999999999999956e-01
4.800000000000000122e-05,1.199999999999999956e-01
4.804000000000000083e-05,4.000000000000000083e-02
4.808000000000000045e-05,8.000000000000000167e-02
4.812000000000000007e-05,1.199999999999999956e-01
4.815999999999999968e-05,1.199999999999999956e-01
4.819999999999999930e-05,4.000000000000000083e-02
4.823999999999999892e-05,4.000000000000000083e-02
4.827999999999999854e-05,4.000000000000000083e-02
4.831999999999999815e-05,4.000000000000000083e-02
4.835999999999999777e-05,4.000000000000000083e-02
4.839999999999999739e-05,4.000000000000000083e-02
4.843999999999999700e-05,4.000000000000000083e-02
4.847999999999999662e-05,4.000000000000000083e-02
4.851999999999999624e-05,8.000000000000000167e-02
4.855999999999999585e-05,8.000000000000000167e-02
4.860000000000000225e-05,4.000000000000000083e-02
4.864000000000000186e-05,1.199999999999999956e-01
4.868000000000000148e-05,4.000000000000000083e-02
4.872000000000000110e-05,1.199999999999999956e-01
4.876000000000000072e-05,4.000000000000000083e-02
4.880000000000000033e-05,1.199999999999999956e-01
4.883999999999999995e-05,8.000000000000000167e-02
4.887999999999999957e-05,4.000000000000000083e-02
4.891999999999999918e-05,4.000000000000000083e-02
4.895999999999999880e-05,0.000000000000000000e+00
4.899999999999999842e-05,8.000000000000000167e-02
4.903999999999999803e-05,4.000000000000000083e-02
4.907999999999999765e-05,8.000000000000000167e-02
4.911999999999999727e-05,8.000000000000000167e-02
4.915999999999999689e-05,4.000000000000000083e-02
4.919999999999999650e-05,8.000000000000000167e-02
4.923999999999999612e-05,0.000000000000000000e+00
4.928000000000000251e-05,8.000000000000000167e-02
4.932000000000000213e-05,4.000000000000000083e-02
4.936000000000000175e-05,4.000000000000000083e-02
4.940000000000000136e-05,4.000000000000000083e-02
4.944000000000000098e-05,4.000000000000000083e-02
4.948000000000000060e-05,4.000000000000000083e-02
4.952000000000000022e-05,0.000000000000000000e+00
4.955999999999999983e-05,4.000000000000000083e-02
4.959999999999999945e-05,0.000000000000000000e+00
4.963999999999999907e-05,0.000000000000000000e+00
4.967999999999999868e-05,4.000000000000000083e-02
4.971999999999999830e-05,0.000000000000000000e+00
4.975999999999999792e-05,4.000000000000000083e-02
4.979999999999999753e-05,4.000000000000000083e-02
4.983999999999999715e-05,4.000000000000000083e-02
4.987999999999999677e-05,8.000000000000000167e-02
4.991999999999999639e-05,4.000000000000000083e-02
4.995999999999999600e-05,4.000000000000000083e-02
5.000000000000000240e-05,0.000000000000000000e+00
5.004000000000000201e-05,0.000000000000000000e+00
5.008000000000000163e-05,4.000000000000000083e-02
5.012000000000000125e-05,8.000000000000000167e-02
5.016000000000000086e-05,4.000000000000000083e-02
5.020000000000000048e-05,4.000000000000000083e-02
5.024000000000000010e-05,8.000000000000000167e-02
5.027999999999999972e-05,0.000000000000000000e+00
5.031999999999999933e-05,8.000000000000000167e-02
5.035999999999999895e-05,4.000000000000000083e-02
5.039999999999999857e-05,4.000000000000000083e-02
5.043999999999999818e-05,4.000000000000000083e-02
5.047999999999999780e-05,0.000000000000000000e+00
5.051999999999999742e-05,8.000000000000000167e-02
5.055999999999999703e-05,4.000000000000000083e-02
5.059999999999999665e-05,0.000000000000000000e+00
5.063999999999999627e-05,4.000000000000000083e-02
5.068000000000000266e-05,-4.000000000000000083e-02
5.071999999999999550e-05,4.000000000000000083e-02
5.076000000000000190e-05,0.000000000000000000e+00
5.079999999999999474e-05,4.000000000000000083e-02
5.084000000000000113e-05,4.000000000000000083e-02
5.087999999999999397e-05,4.000000000000000083e-02
5.092000000000000036e-05,4.000000000000000083e-02
5.095999999999999320e-05,-4.000000000000000083e-02
5.099999999999999960e-05,0.000000000000000000e+00
5.104000000000000599e-05,0.000000000000000000e+00
5.107999999999999883e-05,0.000000000000000000e+00
5.112000000000000523e-05,4.000000000000000083e-02
5.115999999999999807e-05,4.000000000000000083e-02
5.120000000000000446e-05,8.000000000000000167e-02
5.123999999999999730e-05,-4.000000000000000083e-02
5.128000000000000369e-05,0.000000000000000000e+00
5.131999999999999653e-05,4.000000000000000083e-02
5.136000000000000293e-05,4.000000000000000083e-02
5.139999999999999577e-05,0.000000000000000000e+00
5.144000000000000216e-05,0.000000000000000000e+00
5.147999999999999500e-05,4.000000000000000083e-02
5.152000000000000140e-05,0.000000000000000000e+00
5.155999999999999424e-05,4.000000000000000083e-02
5.160000000000000063e-05,0.000000000000000000e+00
5.163999999999999347e-05,4.000000000000000083e-02
5.167999999999999986e-05,4.000000000000000083e-02
5.171999999999999270e-05,4.000000000000000083e-02
5.175999999999999910e-05,0.000000000000000000e+00
5.180000000000000549e-05,4.000000000000000083e-02
5.183999999999999833e-05,8.000000000000000167e-02
5.188000000000000473e-05,0.000000000000000000e+00
5.191999999999999757e-05,8.000000000000000167e-02
5.196000000000000396e-05,4.000000000000000083e-02
5.199999999999999680e-05,4.000000000000000083e-02
5.204000000000000319e-05,0.000000000000000000e+00
5.207999999999999603e-05,4.000000000000000083e-02
5.212000000000000243e-05,8.000000000000000167e-02
5.215999999999999527e-05,0.000000000000000000e+00
5.220000000000000166e-05,4.000000000000000083e-02
5.223999999999999450e-05,4.000000000000000083e-02
5.228000000000000090e-05,4.000000000000000083e-02
5.231999999999999374e-05,4.000000000000000083e-02
5.236000000000000013e-05,4.000000000000000083e-02
5.239999999999999297e-05,0.000000000000000000e+00
5.243999999999999936e-05,4.000000000000000083e-02
5.248000000000000576e-05,4.000000000000000083e-02
5.251999999999999860e-05,0.000000000000000000e+00
5.256000000000000499e-05,-4.000000000000000083e-02
5.259999999999999783e-05,4.000000000000000083e-02
5.264000000000000422e-05,0.000000000000000000e+00
5.267999999999999707e-05,4.000000000000000083e-02
5.272000000000000346e-05,4.000000000000000083e-02
5.275999999999999630e-05,4.000000000000000083e-02
5.280000000000000269e-05,4.000000000000000083e-02
5.283999999999999553e-05,-4.000000000000000083e-02
5.288000000000000193e-05,4.000000000000000083e-02
5.291999999999999477e-05,4.000000000000000083e-02
5.296000000000000116e-05,4.000000000000000083e-02
5.299999999999999400e-05,0.000000000000000000e+00
5.304000000000000040e-05,4.000000000000000083e-02
5.307999999999999324e-05,0.000000000000000000e+00
5.311999999999999963e-05,0.000000000000000000e+00
5.316000000000000602e-05,-4.000000000000000083e-02
5.319999999999999886e-05,4.000000000000000083e-02
5.324000000000000526e-05,4.000000000000000083e-02
5.327999999999999810e-05,-4.000000000000000083e-02
5.332000000000000449e-05,4.000000000000000083e-02
5.335999999999999733e-05,4.000000000000000083e-02
5.340000000000000372e-05,0.000000000000000000e+00
5.343999999999999657e-05,0.000000000000000000e+00
5.348000000000000296e-05,0.000000000000000000e+00
5.351999999999999580e-05,0.000000000000000000e+00
5.356000000000000219e-05,0.000000000000000000e+00
5.359999999999999503e-05,4.000000000000000083e-02
5.364000000000000143e-05,4.000000000000000083e-02
5.367999999999999427e-05,0.000000000000000000e+00
5.372000000000000066e-05,4.000000000000000083e-02
5.375999999999999350e-05,4.000000000000000083e-02
5.379999999999999989e-05,4.000000000000000083e-02
5.383999999999999274e-05,4.000000000000000083e-02
5.387999999999999913e-05,-4.000000000000000083e-02
5.392000000000000552e-05,4.000000000000000083e-02
5.395999999999999836e-05,4.000000000000000083e-02
5.400000000000000476e-05,-4.000000000000000083e-02
5.403999999999999760e-05,-4.000000000000000083e-02
5.408000000000000399e-05,0.000000000000000000e+00
5.411999999999999683e-05,0.000000000000000000e+00
5.416000000000000322e-05,0.000000000000000000e+00
5.419999999999999607e-05,8.000000000000000167e-02
5.424000000000000246e-05,4.000000000000000083e-02
5.427999999999999530e-05,4.000000000000000083e-02
5.432000000000000169e-05,4.000000000000000083e-02
5.435999999999999453e-05,0.000000000000000000e+00
5.440000000000000093e-05,4.000000000000000083e-02
5.443999999999999377e-05,0.000000000000000000e+00
5.448000000000000016e-05,4.000000000000000083e-02
5.451999999999999300e-05,0.000000000000000000e+00
5.455999999999999939e-05,0.000000000000000000e+00
5.460000000000000579e-05,4.000000000000000083e-02
5.463999999999999863e-05,0.000000000000000000e+00
5.468000000000000502e-05,0.000000000000000000e+00
5.471999999999999786e-05,0.000000000000000000e+00
5.476000000000000426e-05,4.000000000000000083e-02
5.479999999999999710e-05,4.000000000000000083e-02
5.484000000000000349e-05,4.000000000000000083e-02
5.487999999999999633e-05,8.000000000000000167e-02
5.492000000000000272e-05,-4.000000000000000083e-02
5.495999999999999556e-05,-4.000000000000000083e-02
5.500000000000000196e-05,4.000000000000000083e-02
5.503999999999999480e-05,-4.000000000000000083e-02
5.508000000000000119e-05,4.000000000000000083e-02
5.511999999999999403e-05,4.000000000000000083e-02
5.516000000000000043e-05,0.000000000000000000e+00
5.519999999999999327e-05,0.000000000000000000e+00
5.523999999999999966e-05,4.000000000000000083e-02
5.528000000000000605e-05,0.000000000000000000e+00
5.531999999999999889e-05,8.000000000000000167e-02
5.536000000000000529e-05,0.000000000000000000e+00
5.539999999999999813e-05,0.000000000000000000e+00
5.544000000000000452e-05,0.000000000000000000e+00
5.547999999999999736e-05,4.000000000000000083e-02
5.552000000000000376e-05,4.000000000000000083e-02
5.555999999999999660e-05,-4.000000000000000083e-02
5.560000000000000299e-05,0.000000000000000000e+00
5.563999999999999583e-05,4.000000000000000083e-02
5.568000000000000222e-05,0.000000000000000000e+00
5.571999999999999506e-05,4.000000000000000083e-02
5.576000000000000146e-05,4.000000000000000083e-02
5.579999999999999430e-05,4.000000000000000083e-02
5.584000000000000069e-05,8.000000000000000167e-02
5.587999999999999353e-05,8.000000000000000167e-02
5.591999999999999993e-05,4.000000000000000083e-02
5.595999999999999277e-05,0.000000000000000000e+00
5.599999999999999916e-05,0.000000000000000000e+00
5.604000000000000555e-05,4.000000000000000083e-02
5.607999999999999839e-05,4.000000000000000083e-02
5.612000000000000479e-05,0.000000000000000000e+00
5.615999999999999763e-05,0.000000000000000000e+00
5.620000000000000402e-05,0.000000000000000000e+00
5.623999999999999686e-05,-4.000000000000000083e-02
5.628000000000000326e-05,4.000000000000000083e-02
5.631999999999999610e-05,0.000000000000000000e+00
5.636000000000000249e-05,4.000000000000000083e-02
5.639999999999999533e-05,0.000000000000000000e+00
5.644000000000000172e-05,4.000000000000000083e-02
5.647999999999999456e-05,4.000000000000000083e-02
5.652000000000000096e-05,4.000000000000000083e-02
5.655999999999999380e-05,4.000000000000000083e-02
5.660000000000000019e-05,0.000000000000000000e+00
5.663999999999999303e-05,8.000000000000000167e-02
5.667999999999999943e-05,8.000000000000000167e-02
5.672000000000000582e-05,8.000000000000000167e-02
5.675999999999999866e-05,8.000000000000000167e-02
5.680000000000000505e-05,0.000000000000000000e+00
5.683999999999999789e-05,4.000000000000000083e-02
5.688000000000000429e-05,8.000000000000000167e-02
5.691999999999999713e-05,1.199999999999999956e-01
5.696000000000000352e-05,1.199999999999999956e-01
5.699999999999999636e-05,1.199999999999999956e-01
5.704000000000000276e-05,1.199999999999999956e-01
5.707999999999999560e-05,8.000000000000000167e-02
5.712000000000000199e-05,8.000000000000000167e-02
5.715999999999999483e-05,8.000000000000000167e-02
5.720000000000000122e-05,1.199999999999999956e-01
5.723999999999999406e-05,4.000000000000000083e-02
5.728000000000000046e-05,1.199999999999999956e-01
5.731999999999999330e-05,8.000000000000000167e-02
5.735999999999999969e-05,1.600000000000000033e-01
5.740000000000000608e-05,1.600000000000000033e-01
5.743999999999999893e-05,8.000000000000000167e-02
5.748000000000000532e-05,1.600000000000000033e-01
5.751999999999999816e-05,8.000000000000000167e-02
5.756000000000000455e-05,8.000000000000000167e-02
5.759999999999999739e-05,4.000000000000000083e-02
5.764000000000000379e-05,8.000000000000000167e-02
5.767999999999999663e-05,8.000000000000000167e-02
5.772000000000000302e-05,1.199999999999999956e-01
5.775999999999999586e-05,1.199999999999999956e-01
5.780000000000000225e-05,8.000000000000000167e-02
5.783999999999999510e-05,8.000000000000000167e-02
5.788000000000000149e-05,8.000000000000000167e-02
5.791999999999999433e-05,4.000000000000000083e-02
5.796000000000000072e-05,4.000000000000000083e-02
5.799999999999999356e-05,4.000000000000000083e-02
5.803999999999999996e-05,8.000000000000000167e-02
5.807999999999999280e-05,4.000000000000000083e-02
5.811999999999999919e-05,4.000000000000000083e-02
5.816000000000000558e-05,4.000000000000000083e-02
5.819999999999999843e-05,4.000000000000000083e-02
5.824000000000000482e-05,8.000000000000000167e-02
5.827999999999999766e-05,4.000000000000000083e-02
5.832000000000000405e-05,4.000000000000000083e-02
5.835999999999999689e-05,8.000000000000000167e-02
5.840000000000000329e-05,4.000000000000000083e-02
5.843999999999999613e-05,8.000000000000000167e-02
5.848000000000000252e-05,8.000000000000000167e-02
5.851999999999999536e-05,4.000000000000000083e-02
5.856000000000000175e-05,8.000000000000000167e-02
5.859999999999999460e-05,8.000000000000000167e-02
5.864000000000000099e-05,4.000000000000000083e-02
5.867999999999999383e-05,0.000000000000000000e+00
5.872000000000000022e-05,4.000000000000000083e-02
5.875999999999999306e-05,1.199999999999999956e-01
5.879999999999999946e-05,8.000000000000000167e-02
5.884000000000000585e-05,4.000000000000000083e-02
5.887999999999999869e-05,4.000000000000000083e-02
5.892000000000000508e-05,4.000000000000000083e-02
5.895999999999999792e-05,4.000000000000000083e-02
5.900000000000000432e-05,4.000000000000000083e-02
5.903999999999999716e-05,8.000000000000000167e-02
5.908000000000000355e-05,0.000000000000000000e+00
5.911999999999999639e-05,0.000000000000000000e+00
5.916000000000000279e-05,4.000000000000000083e-02
5.919999999999999563e-05,4.000000000000000083e-02
5.924000000000000202e-05,-4.000000000000000083e-02
5.927999999999999486e-05,4.000000000000000083e-02
5.932000000000000125e-05,0.000000000000000000e+00
5.935999999999999410e-05,4.000000000000000083e-02
5.940000000000000049e-05,4.000000000000000083e-02
5.943999999999999333e-05,4.000000000000000083e-02
5.947999999999999972e-05,4.000000000000000083e-02
5.952000000000000612e-05,4.000000000000000083e-02
5.955999999999999896e-05,4.000000000000000083e-02
5.960000000000000535e-05,4.000000000000000083e-02
5.963999999999999819e-05,4.000000000000000083e-02
5.968000000000000458e-05,8.000000000000000167e-02
5.971999999999999742e-05,4.000000000000000083e-02
5.976000000000000382e-05,0.000000000000000000e+00
5.979999999999999666e-05,0.000000000000000000e+00
5.984000000000000305e-05,4.000000000000000083e-02
5.987999999999999589e-05,4.000000000000000083e-02
5.992000000000000229e-05,0.000000000000000000e+00
5.995999999999999513e-05,4.000000000000000083e-02
6.000000000000000152e-05,4.000000000000000083e-02
6.003999999999999436e-05,4.000000000000000083e-02
6.008000000000000075e-05,0.000000000000000000e+00
6.011999999999999359e-05,0.000000000000000000e+00
6.015999999999999999e-05,4.000000000000000083e-02
6.019999999999999283e-05,-4.000000000000000083e-02
6.023999999999999922e-05,4.000000000000000083e-02
6.028000000000000562e-05,0.000000000000000000e+00
6.031999999999999846e-05,0.000000000000000000e+00
6.036000000000000485e-05,4.000000000000000083e-02
6.039999999999999769e-05,4.000000000000000083e-02
6.044000000000000408e-05,4.000000000000000083e-02
6.047999999999999692e-05,0.000000000000000000e+00
6.052000000000000332e-05,4.000000000000000083e-02
6.055999999999999616e-05,0.000000000000000000e+00
6.060000000000000255e-05,0.000000000000000000e+00
6.063999999999999539e-05,8.000000000000000167e-02
6.068000000000000179e-05,4.000000000000000083e-02
6.071999999999999463e-05,8.000000000000000167e-02
6.076000000000000102e-05,4.000000000000000083e-02
6.079999999999999386e-05,4.000000000000000083e-02
6.084000000000000025e-05,4.000000000000000083e-02
6.087999999999999309e-05,4.000000000000000083e-02
6.091999999999999949e-05,0.000000000000000000e+00
6.096000000000000588e-05,4.000000000000000083e-02
6.099999999999999872e-05,4.000000000000000083e-02
6.104000000000001189e-05,4.000000000000000083e-02
6.108000000000000473e-05,4.000000000000000083e-02
6.112000000000001113e-05,4.000000000000000083e-02
6.116000000000000397e-05,8.000000000000000167e-02
6.120000000000001036e-05,0.000000000000000000e+00
6.124000000000000320e-05,4.000000000000000083e-02
6.128000000000000959e-05,8.000000000000000167e-02
6.132000000000000243e-05,0.000000000000000000e+00
6.136000000000000883e-05,8.000000000000000167e-02
6.140000000000000167e-05,0.000000000000000000e+00
6.144000000000000806e-05,4.000000000000000083e-02
6.148000000000000090e-05,4.000000000000000083e-02
6.152000000000000730e-05,0.000000000000000000e+00
6.156000000000000014e-05,4.000000000000000083e-02
6.160000000000000653e-05,0.000000000000000000e+00
6.164000000000001292e-05,8.000000000000000167e-02
6.168000000000000576e-05,8.000000000000000167e-02
6.172000000000001216e-05,8.000000000000000167e-02
6.176000000000000500e-05,8.000000000000000167e-02
6.180000000000001139e-05,4.000000000000000083e-02
6.184000000000000423e-05,4.000000000000000083e-02
6.188000000000001063e-05,4.000000000000000083e-02
6.192000000000000347e-05,0.000000000000000000e+00
6.196000000000000986e-05,4.000000000000000083e-02
6.200000000000000270e-05,8.000000000000000167e-02
6.204000000000000909e-05,1.199999999999999956e-01
6.208000000000000193e-05,4.000000000000000083e-02
6.212000000000000833e-05,0.000000000000000000e+00
6.216000000000000117e-05,0.000000000000000000e+00
6.220000000000000756e-05,8.000000000000000167e-02
6.224000000000000040e-05,4.000000000000000083e-02
6.228000000000000680e-05,4.000000000000000083e-02
6.231999999999999964e-05,4.000000000000000083e-02
6.236000000000000603e-05,8.000000000000000167e-02
6.240000000000001242e-05,8.000000000000000167e-02
6.244000000000000526e-05,8.000000000000000167e-02
6.248000000000001166e-05,4.000000000000000083e-02
6.252000000000000450e-05,4.000000000000000083e-02
6.256000000000001089e-05,4.000000000000000083e-02
6.260000000000000373e-05,4.000000000000000083e-02
6.264000000000001013e-05,0.000000000000000000e+00
6.268000000000000297e-05,8.000000000000000167e-02
6.272000000000000936e-05,8.000000000000000167e-02
6.276000000000000220e-05,8.000000000000000167e-02
6.280000000000000859e-05,4.000000000000000083e-02
6.284000000000000143e-05,4.000000000000000083e-02
6.288000000000000783e-05,4.000000000000000083e-02
6.292000000000000067e-05,4.000000000000000083e-02
6.296000000000000706e-05,0.000000000000000000e+00
6.299999999999999990e-05,4.000000000000000083e-02
6.304000000000000630e-05,8.000000000000000167e-02
6.308000000000001269e-05,4.000000000000000083e-02
6.312000000000000553e-05,8.000000000000000167e-02
6.316000000000001192e-05,4.000000000000000083e-02
6.320000000000000476e-05,8.000000000000000167e-02
6.324000000000001116e-05,4.000000000000000083e-02
6.328000000000000400e-05,0.000000000000000000e+00
6.332000000000001039e-05,4.000000000000000083e-02
6.336000000000000323e-05,4.000000000000000083e-02
6.340000000000000962e-05,0.000000000000000000e+00
6.344000000000000247e-05,4.000000000000000083e-02
6.348000000000000886e-05,0.000000000000000000e+00
6.352000000000000170e-05,0.000000000000000000e+00
6.356000000000000809e-05,4.000000000000000083e-02
6.360000000000000093e-05,4.000000000000000083e-02
6.364000000000000733e-05,4.000000000000000083e-02
6.368000000000000017e-05,4.000000000000000083e-02
6.372000000000000656e-05,4.000000000000000083e-02
6.376000000000001295e-05,4.000000000000000083e-02
6.380000000000000580e-05,4.000000000000000083e-02
6.384000000000001219e-05,4.000000000000000083e-02
6.388000000000000503e-05,0.000000000000000000e+00
6.392000000000001142e-05,4.000000000000000083e-02
6.396000000000000426e-05,8.000000000000000167e-02
6.400000000000001066e-05,4.000000000000000083e-02
6.404000000000000350e-05,0.000000000000000000e+00
6.408000000000000989e-05,0.000000000000000000e+00
6.412000000000000273e-05,0.000000000000000000e+00
6.416000000000000912e-05,0.000000000000000000e+00
6.420000000000000197e-05,4.000000000000000083e-02
6.424000000000000836e-05,0.000000000000000000e+00
6.428000000000000120e-05,0.000000000000000000e+00
6.432000000000000759e-05,-4.000000000000000083e-02
6.436000000000000043e-05,4.000000000000000083e-02
6.440000000000000683e-05,8.000000000000000167e-02
6.443999999999999967e-05,-4.000000000000000083e-02
6.448000000000000606e-05,0.000000000000000000e+00
6.452000000000001245e-05,0.000000000000000000e+00
6.456000000000000529e-05,4.000000000000000083e-02
6.460000000000001169e-05,4.000000000000000083e-02
6.464000000000000453e-05,4.000000000000000083e-02
6.468000000000001092e-05,4.000000000000000083e-02
6.472000000000000376e-05,0.000000000000000000e+00
6.476000000000001016e-05,0.000000000000000000e+00
6.480000000000000300e-05,0.000000000000000000e+00
6.484000000000000939e-05,8.000000000000000167e-02
6.488000000000000223e-05,0.000000000000000000e+00
6.492000000000000862e-05,4.000000000000000083e-02
6.496000000000000147e-05,4.000000000000000083e-02
6.500000000000000786e-05,4.000000000000000083e-02
6.504000000000000070e-05,4.000000000000000083e-02
6.508000000000000709e-05,4.000000000000000083e-02
6.511999999999999993e-05,4.000000000000000083e-02
6.516000000000000633e-05,-4.000000000000000083e-02
6.520000000000001272e-05,4.000000000000000083e-02
6.524000000000000556e-05,4.000000000000000083e-02
6.528000000000001195e-05,4.000000000000000083e-02
6.532000000000000479e-05,4.000000000000000083e-02
6.536000000000001119e-05,0.000000000000000000e+00
6.540000000000000403e-05,4.000000000000000083e-02
6.544000000000001042e-05,0.000000000000000000e+00
6.548000000000000326e-05,0.000000000000000000e+00
6.552000000000000966e-05,4.000000000000000083e-02
6.556000000000000250e-05,0.000000000000000000e+00
6.560000000000000889e-05,4.000000000000000083e-02
6.564000000000000173e-05,8.000000000000000167e-02
6.568000000000000812e-05,4.000000000000000083e-02
6.572000000000000096e-05,0.000000000000000000e+00
6.576000000000000736e-05,0.000000000000000000e+00
6.580000000000000020e-05,0.000000000000000000e+00
6.584000000000000659e-05,0.000000000000000000e+00
6.588000000000001299e-05,0.000000000000000000e+00
6.592000000000000583e-05,0.000000000000000000e+00
6.596000000000001222e-05,0.000000000000000000e+00
6.600000000000000506e-05,0.000000000000000000e+00
6.604000000000001145e-05,0.000000000000000000e+00
6.608000000000000429e-05,0.000000000000000000e+00
6.612000000000001069e-05,-4.000000000000000083e-02
6.616000000000000353e-05,4.000000000000000083e-02
6.620000000000000992e-05,4.000000000000000083e-02
6.624000000000000276e-05,4.000000000000000083e-02
6.628000000000000916e-05,4.000000000000000083e-02
6.632000000000000200e-05,-4.000000000000000083e-02
6.636000000000000839e-05,4.000000000000000083e-02
6.640000000000000123e-05,4.000000000000000083e-02
6.644000000000000762e-05,0.000000000000000000e+00
6.648000000000000046e-05,8.000000000000000167e-02
6.652000000000000686e-05,0.000000000000000000e+00
6.655999999999999970e-05,0.000000000000000000e+00
6.660000000000000609e-05,0.000000000000000000e+00
6.664000000000001249e-05,4.000000000000000083e-02
6.668000000000000533e-05,4.000000000000000083e-02
6.672000000000001172e-05,0.000000000000000000e+00
6.676000000000000456e-05,0.000000000000000000e+00
6.680000000000001095e-05,-4.000000000000000083e-02
6.684000000000000379e-05,-4.000000000000000083e-02
6.688000000000001019e-05,0.000000000000000000e+00
6.692000000000000303e-05,0.000000000000000000e+00
6.696000000000000942e-05,4.000000000000000083e-02
6.700000000000000226e-05,4.000000000000000083e-02
6.704000000000000866e-05,4.000000000000000083e-02
6.708000000000000150e-05,0.000000000000000000e+00
6.712000000000000789e-05,0.000000000000000000e+00
6.716000000000000073e-05,0.000000000000000000e+00
6.720000000000000712e-05,4.000000000000000083e-02
6.723999999999999996e-05,-4.000000000000000083e-02
6.728000000000000636e-05,4.000000000000000083e-02
6.732000000000001275e-05,4.000000000000000083e-02
6.736000000000000559e-05,0.000000000000000000e+00
6.740000000000001198e-05,0.000000000000000000e+00
6.744000000000000483e-05,-4.000000000000000083e-02
6.748000000000001122e-05,0.000000000000000000e+00
6.752000000000000406e-05,0.000000000000000000e+00
6.756000000000001045e-05,4.000000000000000083e-02
6.760000000000000329e-05,0.000000000000000000e+00
6.764000000000000969e-05,4.000000000000000083e-02
6.768000000000000253e-05,4.000000000000000083e-02
6.772000000000000892e-05,4.000000000000000083e-02
6.776000000000000176e-05,8.000000000000000167e-02
6.780000000000000816e-05,4.000000000000000083e-02
6.784000000000000100e-05,-4.000000000000000083e-02
6.788000000000000739e-05,4.000000000000000083e-02
6.792000000000000023e-05,8.000000000000000167e-02
6.796000000000000662e-05,8.000000000000000167e-02
6.800000000000001302e-05,0.000000000000000000e+00
6.804000000000000586e-05,0.000000000000000000e+00
6.808000000000001225e-05,0.000000000000000000e+00
6.812000000000000509e-05,0.000000000000000000e+00
6.816000000000001148e-05,4.000000000000000083e-02
6.820000000000000433e-05,0.000000000000000000e+00
6.824000000000001072e-05,0.000000000000000000e+00
6.828000000000000356e-05,0.000000000000000000e+00
6.832000000000000995e-05,0.000000000000000000e+00
6.836000000000000279e-05,4.000000000000000083e-02
6.840000000000000919e-05,-4.000000000000000083e-02
6.844000000000000203e-05,8.000000000000000167e-02
6.848000000000000842e-05,4.000000000000000083e-02
6.852000000000000126e-05,4.000000000000000083e-02
6.856000000000000765e-05,4.000000000000000083e-02
6.860000000000000050e-05,8.000000000000000167e-02
6.864000000000000689e-05,0.000000000000000000e+00
6.867999999999999973e-05,4.000000000000000083e-02
6.872000000000000612e-05,4.000000000000000083e-02
6.876000000000001252e-05,0.000000000000000000e+00
6.880000000000000536e-05,4.000000000000000083e-02
6.884000000000001175e-05,0.000000000000000000e+00
6.888000000000000459e-05,4.000000000000000083e-02
6.892000000000001098e-05,8.000000000000000167e-02
6.896000000000000383e-05,4.000000000000000083e-02
6.900000000000001022e-05,4.000000000000000083e-02
6.904000000000000306e-05,4.000000000000000083e-02
6.908000000000000945e-05,8.000000000000000167e-02
6.912000000000000229e-05,-4.000000000000000083e-02
6.916000000000000869e-05,8.000000000000000167e-02
6.920000000000000153e-05,8.000000000000000167e-02
6.924000000000000792e-05,0.000000000000000000e+00
6.928000000000000076e-05,8.000000000000000167e-02
6.932000000000000715e-05,0.000000000000000000e+00
6.936000000000000000e-05,8.000000000000000167e-02
6.940000000000000639e-05,0.000000000000000000e+00
6.944000000000001278e-05,8.000000000000000167e-02
6.948000000000000562e-05,4.000000000000000083e-02
6.952000000000001202e-05,4.000000000000000083e-02
6.956000000000000486e-05,4.000000000000000083e-02
6.960000000000001125e-05,8.000000000000000167e-02
6.964000000000000409e-05,8.000000000000000167e-02
6.968000000000001048e-05,8.000000000000000167e-02
6.972000000000000332e-05,4.000000000000000083e-02
6.976000000000000972e-05,4.000000000000000083e-02
6.980000000000000256e-05,4.000000000000000083e-02
6.984000000000000895e-05,0.000000000000000000e+00
6.988000000000000179e-05,8.000000000000000167e-02
6.992000000000000819e-05,4.000000000000000083e-02
6.996000000000000103e-05,8.000000000000000167e-02
7.000000000000000742e-05,4.000000000000000083e-02
7.004000000000000026e-05,8.000000000000000167e-02
7.008000000000000665e-05,4.000000000000000083e-02
7.012000000000001305e-05,8.000000000000000167e-02
7.016000000000000589e-05,8.000000000000000167e-02
7.020000000000001228e-05,4.000000000000000083e-02
7.024000000000000512e-05,8.000000000000000167e-02
7.028000000000001152e-05,0.000000000000000000e+00
7.032000000000000436e-05,8.000000000000000167e-02
7.036000000000001075e-05,4.000000000000000083e-02
7.040000000000000359e-05,4.000000000000000083e-02
7.044000000000000998e-05,0.000000000000000000e+00
7.048000000000000282e-05,4.000000000000000083e-02
7.052000000000000922e-05,4.000000000000000083e-02
7.056000000000000206e-05,4.000000000000000083e-02
7.060000000000000845e-05,8.000000000000000167e-02
7.064000000000000129e-05,4.000000000000000083e-02
7.068000000000000769e-05,4.000000000000000083e-02
7.072000000000000053e-05,8.000000000000000167e-02
7.076000000000000692e-05,0.000000000000000000e+00
7.079999999999999976e-05,4.000000000000000083e-02
7.084000000000000615e-05,0.000000000000000000e+00
7.088000000000001255e-05,0.000000000000000000e+00
7.092000000000000539e-05,4.000000000000000083e-02
7.096000000000001178e-05,4.000000000000000083e-02
7.100000000000000462e-05,4.000000000000000083e-02
7.104000000000001102e-05,0.000000000000000000e+00
7.108000000000000386e-05,0.000000000000000000e+00
7.112000000000001025e-05,0.000000000000000000e+00
7.116000000000000309e-05,8.000000000000000167e-02
7.120000000000000948e-05,4.000000000000000083e-02
7.124000000000000232e-05,0.000000000000000000e+00
7.128000000000000872e-05,4.000000000000000083e-02
7.132000000000000156e-05,0.000000000000000000e+00
7.136000000000000795e-05,4.000000000000000083e-02
7.140000000000000079e-05,0.000000000000000000e+00
7.144000000000000719e-05,4.000000000000000083e-02
7.148000000000000003e-05,4.000000000000000083e-02
7.152000000000000642e-05,0.000000000000000000e+00
7.156000000000001281e-05,4.000000000000000083e-02
7.160000000000000565e-05,0.000000000000000000e+00
7.164000000000001205e-05,8.000000000000000167e-02
7.168000000000000489e-05,4.000000000000000083e-02
7.172000000000001128e-05,0.000000000000000000e+00
7.176000000000000412e-05,4.000000000000000083e-02
7.180000000000001052e-05,0.000000000000000000e+00
7.184000000000000336e-05,4.000000000000000083e-02
7.188000000000000975e-05,4.000000000000000083e-02
7.192000000000000259e-05,4.000000000000000083e-02
7.196000000000000898e-05,0.000000000000000000e+00
7.200000000000000182e-05,4.000000000000000083e-02
7.204000000000000822e-05,4.000000000000000083e-02
7.208000000000000106e-05,0.000000000000000000e+00
7.212000000000000745e-05,4.000000000000000083e-02
7.216000000000000029e-05,4.000000000000000083e-02
7.220000000000000669e-05,4.000000000000000083e-02
7.224000000000001308e-05,4.000000000000000083e-02
7.228000000000000592e-05,4.000000000000000083e-02
7.232000000000001231e-05,8.000000000000000167e-02
7.236000000000000515e-05,4.000000000000000083e-02
7.240000000000001155e-05,4.000000000000000083e-02
7.244000000000000439e-05,4.000000000000000083e-02
7.248000000000001078e-05,8.000000000000000167e-02
7.252000000000000362e-05,8.000000000000000167e-02
7.256000000000001001e-05,8.000000000000000167e-02
7.260000000000000286e-05,4.000000000000000083e-02
7.264000000000000925e-05,4.000000000000000083e-02
7.268000000000000209e-05,4.000000000000000083e-02
7.272000000000000848e-05,4.000000000000000083e-02
7.276000000000000132e-05,8.000000000000000167e-02
7.280000000000000772e-05,4.000000000000000083e-02
7.284000000000000056e-05,8.000000000000000167e-02
7.288000000000000695e-05,4.000000000000000083e-02
7.291999999999999979e-05,4.000000000000000083e-02
7.296000000000000619e-05,8.000000000000000167e-02
7.300000000000001258e-05,8.000000000000000167e-02
7.304000000000000542e-05,8.000000000000000167e-02
7.308000000000001181e-05,4.000000000000000083e-02
7.312000000000000465e-05,8.000000000000000167e-02
7.316000000000001105e-05,8.000000000000000167e-02
7.320000000000000389e-05,4.000000000000000083e-02
7.324000000000001028e-05,4.000000000000000083e-02
7.328000000000000312e-05,8.000000000000000167e-02
7.332000000000000951e-05,4.000000000000000083e-02
7.336000000000000236e-05,0.000000000000000000e+00
7.340000000000000875e-05,4.000000000000000083e-02
7.344000000000000159e-05,0.000000000000000000e+00
7.348000000000000798e-05,8.000000000000000167e-02
7.352000000000000082e-05,8.000000000000000167e-02
7.356000000000000722e-05,1.199999999999999956e-01
7.360000000000000006e-05,8.000000000000000167e-02
7.364000000000000645e-05,1.199999999999999956e-01
7.368000000000001284e-05,0.000000000000000000e+00
7.372000000000000568e-05,8.000000000000000167e-02
7.376000000000001208e-05,0.000000000000000000e+00
7.380000000000000492e-05,0.000000000000000000e+00
7.384000000000001131e-05,4.000000000000000083e-02
7.388000000000000415e-05,4.000000000000000083e-02
7.392000000000001055e-05,4.000000000000000083e-02
7.396000000000000339e-05,8.000000000000000167e-02
7.400000000000000978e-05,4.000000000000000083e-02
7.404000000000000262e-05,4.000000000000000083e-02
7.408000000000000901e-05,8.000000000000000167e-02
7.412000000000000186e-05,8.000000000000000167e-02
7.416000000000000825e-05,8.000000000000000167e-02
7.420000000000000109e-05,8.000000000000000167e-02
7.424000000000000748e-05,0.000000000000000000e+00
7.428000000000000032e-05,8.000000000000000167e-02
7.432000000000000672e-05,4.000000000000000083e-02
7.436000000000001311e-05,4.000000000000000083e-02
7.440000000000000595e-05,8.000000000000000167e-02
7.444000000000001234e-05,4.000000000000000083e-02
7.448000000000000518e-05,0.000000000000000000e+00
7.452000000000001158e-05,4.000000000000000083e-02
7.456000000000000442e-05,0.000000000000000000e+00
7.460000000000001081e-05,8.000000000000000167e-02
7.464000000000000365e-05,4.000000000000000083e-02
7.468000000000001005e-05,4.000000000000000083e-02
7.472000000000000289e-05,0.000000000000000000e+00
7.476000000000000928e-05,0.000000000000000000e+00
7.480000000000000212e-05,0.000000000000000000e+00
7.484000000000000851e-05,0.000000000000000000e+00
7.488000000000000135e-05,4.000000000000000083e-02
7.492000000000000775e-05,-4.000000000000000083e-02
7.496000000000000059e-05,4.000000000000000083e-02
7.500000000000000698e-05,0.000000000000000000e+00
7.503999999999999982e-05,0.000000000000000000e+00
7.508000000000000622e-05,0.000000000000000000e+00
7.512000000000001261e-05,4.000000000000000083e-02
7.516000000000000545e-05,0.000000000000000000e+00
7.520000000000001184e-05,-4.000000000000000083e-02
7.524000000000000468e-05,4.000000000000000083e-02
7.528000000000001108e-05,0.000000000000000000e+00
7.532000000000000392e-05,4.000000000000000083e-02
7.536000000000001031e-05,0.000000000000000000e+00
7.540000000000000315e-05,4.000000000000000083e-02
7.544000000000000955e-05,4.000000000000000083e-02
7.548000000000000239e-05,4.000000000000000083e-02
7.552000000000000878e-05,4.000000000000000083e-02
7.556000000000000162e-05,4.000000000000000083e-02
7.560000000000000801e-05,8.000000000000000167e-02
7.564000000000000085e-05,4.000000000000000083e-02
7.568000000000000725e-05,4.000000000000000083e-02
7.572000000000000009e-05,4.000000000000000083e-02
7.576000000000000648e-05,4.000000000000000083e-02
7.580000000000001288e-05,4.000000000000000083e-02
7.584000000000000572e-05,4.000000000000000083e-02
7.588000000000001211e-05,4.000000000000000083e-02
7.592000000000000495e-05,0.000000000000000000e+00
7.596000000000001134e-05,0.000000000000000000e+00
7.600000000000000418e-05,0.000000000000000000e+00
7.604000000000001058e-05,-4.000000000000000083e-02
7.608000000000000342e-05,4.000000000000000083e-02
7.612000000000000981e-05,0.000000000000000000e+00
7.616000000000000265e-05,0.000000000000000000e+00
7.620000000000000905e-05,0.000000000000000000e+00
7.624000000000000189e-05,4.000000000000000083e-02
7.628000000000000828e-05,8.000000000000000167e-02
7.632000000000000112e-05,0.000000000000000000e+00
7.636000000000000751e-05,4.000000000000000083e-02
7.640000000000000035e-05,0.000000000000000000e+00
7.644000000000000675e-05,8.000000000000000167e-02
7.648000000000001314e-05,4.000000000000000083e-02
7.652000000000000598e-05,4.000000000000000083e-02
7.656000000000001238e-05,4.000000000000000083e-02
7.660000000000000522e-05,0.000000000000000000e+00
7.664000000000001161e-05,0.000000000000000000e+00
7.668000000000000445e-05,8.000000000000000167e-02
7.672000000000001084e-05,4.000000000000000083e-02
7.676000000000000368e-05,0.000000000000000000e+00
7.680000000000001008e-05,4.000000000000000083e-02
7.684000000000000292e-05,8.000000000000000167e-02
7.688000000000000931e-05,4.000000000000000083e-02
7.692000000000000215e-05,4.000000000000000083e-02
7.696000000000000855e-05,4.000000000000000083e-02
7.700000000000000139e-05,0.000000000000000000e+00
7.704000000000000778e-05,-4.000000000000000083e-02
7.708000000000000062e-05,4.000000000000000083e-02
7.712000000000000701e-05,4.000000000000000083e-02
7.715999999999999985e-05,4.000000000000000083e-02
7.720000000000000625e-05,4.000000000000000083e-02
7.724000000000001264e-05,0.000000000000000000e+00
7.728000000000000548e-05,4.000000000000000083e-02
7.732000000000001187e-05,0.000000000000000000e+00
7.736000000000000472e-05,-4.000000000000000083e-02
7.740000000000001111e-05,4.000000000000000083e-02
7.744000000000000395e-05,4.000000000000000083e-02
7.748000000000001034e-05,4.000000000000000083e-02
7.752000000000000318e-05,4.000000000000000083e-02
7.756000000000000958e-05,4.000000000000000083e-02
7.760000000000000242e-05,4.000000000000000083e-02
7.764000000000000881e-05,0.000000000000000000e+00
7.768000000000000165e-05,4.000000000000000083e-02
7.772000000000000805e-05,0.000000000000000000e+00
7.776000000000000089e-05,0.000000000000000000e+00
7.780000000000000728e-05,4.000000000000000083e-02
7.784000000000000012e-05,0.000000000000000000e+00
7.788000000000000651e-05,4.000000000000000083e-02
7.792000000000001291e-05,4.000000000000000083e-02
7.796000000000000575e-05,4.000000000000000083e-02
7.800000000000001214e-05,0.000000000000000000e+00
7.804000000000000498e-05,1.199999999999999956e-01
7.808000000000001137e-05,0.000000000000000000e+00
7.812000000000000422e-05,4.000000000000000083e-02
7.816000000000001061e-05,8.000000000000000167e-02
7.820000000000000345e-05,0.000000000000000000e+00
7.824000000000000984e-05,8.000000000000000167e-02
7.828000000000000268e-05,8.000000000000000167e-02
7.832000000000000908e-05,0.000000000000000000e+00
7.836000000000000192e-05,4.000000000000000083e-02
7.840000000000000831e-05,4.000000000000000083e-02
7.844000000000000115e-05,4.000000000000000083e-02
7.848000000000000754e-05,0.000000000000000000e+00
7.852000000000000039e-05,0.000000000000000000e+00
7.856000000000000678e-05,4.000000000000000083e-02
7.860000000000001317e-05,4.000000000000000083e-02
7.864000000000000601e-05,4.000000000000000083e-02
7.868000000000001241e-05,0.000000000000000000e+00
7.872000000000000525e-05,-4.000000000000000083e-02
7.876000000000001164e-05,4.000000000000000083e-02
7.880000000000000448e-05,4.000000000000000083e-02
7.884000000000001087e-05,4.000000000000000083e-02
7.888000000000000372e-05,4.000000000000000083e-02
7.892000000000001011e-05,0.000000000000000000e+00
7.896000000000000295e-05,4.000000000000000083e-02
7.900000000000000934e-05,0.000000000000000000e+00
7.904000000000000218e-05,4.000000000000000083e-02
7.908000000000000858e-05,4.000000000000000083e-02
7.912000000000000142e-05,0.000000000000000000e+00
7.916000000000000781e-05,0.000000000000000000e+00
7.920000000000000065e-05,4.000000000000000083e-02
7.924000000000000704e-05,4.000000000000000083e-02
7.927999999999999989e-05,8.000000000000000167e-02
7.932000000000000628e-05,0.000000000000000000e+00
7.936000000000001267e-05,8.000000000000000167e-02
7.940000000000000551e-05,4.000000000000000083e-02
7.944000000000001191e-05,8.000000000000000167e-02
7.948000000000000475e-05,4.000000000000000083e-02
7.952000000000001114e-05,4.000000000000000083e-02
7.956000000000000398e-05,8.000000000000000167e-02
7.960000000000001037e-05,4.000000000000000083e-02
7.964000000000000321e-05,8.000000000000000167e-02
7.968000000000000961e-05,4.000000000000000083e-02
7.972000000000000245e-05,-4.000000000000000083e-02
7.976000000000000884e-05,4.000000000000000083e-02
7.980000000000000168e-05,8.000000000000000167e-02
7.984000000000000808e-05,8.000000000000000167e-02
7.988000000000000092e-05,0.000000000000000000e+00
7.992000000000000731e-05,4.000000000000000083e-02
7.996000000000000015e-05,4.000000000000000083e-02
8.000000000000000654e-05,4.000000000000000083e-02
8.004000000000001294e-05,8.000000000000000167e-02
8.008000000000000578e-05,0.000000000000000000e+00
8.012000000000001217e-05,4.000000000000000083e-02
8.016000000000000501e-05,0.000000000000000000e+00
8.020000000000001141e-05,0.000000000000000000e+00
8.024000000000000425e-05,4.000000000000000083e-02
8.028000000000001064e-05,0.000000000000000000e+00
8.032000000000000348e-05,4.000000000000000083e-02
8.036000000000000987e-05,-4.000000000000000083e-02
8.040000000000000271e-05,8.000000000000000167e-02
8.044000000000000911e-05,4.000000000000000083e-02
8.048000000000000195e-05,4.000000000000000083e-02
8.052000000000000834e-05,4.000000000000000083e-02
8.056000000000000118e-05,4.000000000000000083e-02
8.060000000000000758e-05,4.000000000000000083e-02
8.064000000000000042e-05,0.000000000000000000e+00
8.068000000000000681e-05,8.000000000000000167e-02
8.072000000000001320e-05,4.000000000000000083e-02
8.076000000000000604e-05,4.000000000000000083e-02
8.080000000000001244e-05,4.000000000000000083e-02
8.084000000000000528e-05,4.000000000000000083e-02
8.088000000000001167e-05,4.000000000000000083e-02
8.092000000000000451e-05,8.000000000000000167e-02
8.096000000000001091e-05,8.000000000000000167e-02
8.100000000000000375e-05,0.000000000000000000e+00
8.104000000000001014e-05,4.000000000000000083e-02
8.108000000000000298e-05,4.000000000000000083e-02
8.112000000000000937e-05,4.000000000000000083e-02
8.116000000000000221e-05,0.000000000000000000e+00
8.120000000000000861e-05,4.000000000000000083e-02
8.124000000000000145e-05,4.000000000000000083e-02
8.128000000000000784e-05,0.000000000000000000e+00
8.132000000000000068e-05,4.000000000000000083e-02
8.136000000000000708e-05,0.000000000000000000e+00
8.139999999999999992e-05,0.000000000000000000e+00
8.144000000000000631e-05,4.000000000000000083e-02
8.148000000000001270e-05,4.000000000000000083e-02
8.152000000000000554e-05,8.000000000000000167e-02
8.156000000000001194e-05,8.000000000000000167e-02
8.160000000000000478e-05,4.000000000000000083e-02
8.164000000000001117e-05,0.000000000000000000e+00
8.168000000000000401e-05,0.000000000000000000e+00
8.172000000000001041e-05,0.000000000000000000e+00
8.176000000000000325e-05,-4.000000000000000083e-02
8.180000000000000964e-05,0.000000000000000000e+00
8.184000000000000248e-05,0.000000000000000000e+00
8.188000000000000887e-05,-4.000000000000000083e-02
8.192000000000000171e-05,0.000000000000000000e+00
8.196000000000000811e-05,0.000000000000000000e+00
8.200000000000000095e-05,8.000000000000000167e-02
8.204000000000000734e-05,4.000000000000000083e-02
8.208000000000000018e-05,0.000000000000000000e+00
8.212000000000000658e-05,0.000000000000000000e+00
8.216000000000001297e-05,-4.000000000000000083e-02
8.220000000000000581e-05,4.000000000000000083e-02
8.224000000000001220e-05,0.000000000000000000e+00
8.228000000000000504e-05,0.000000000000000000e+00
8.232000000000001144e-05,0.000000000000000000e+00
8.236000000000000428e-05,0.000000000000000000e+00
8.240000000000001067e-05,4.000000000000000083e-02
8.244000000000000351e-05,-4.000000000000000083e-02
8.248000000000000990e-05,4.000000000000000083e-02
8.252000000000000275e-05,0.000000000000000000e+00
8.256000000000000914e-05,0.000000000000000000e+00
8.260000000000000198e-05,0.000000000000000000e+00
8.264000000000000837e-05,-4.000000000000000083e-02
8.268000000000000121e-05,0.000000000000000000e+00
8.272000000000000761e-05,-4.000000000000000083e-02
8.276000000000000045e-05,0.000000000000000000e+00
8.280000000000000684e-05,0.000000000000000000e+00
8.284000000000001323e-05,4.000000000000000083e-02
8.288000000000000608e-05,4.000000000000000083e-02
8.292000000000001247e-05,0.000000000000000000e+00
8.296000000000000531e-05,0.000000000000000000e+00
8.300000000000001170e-05,0.000000000000000000e+00
8.304000000000000454e-05,0.000000000000000000e+00
8.308000000000001094e-05,0.000000000000000000e+00
8.312000000000000378e-05,4.000000000000000083e-02
8.316000000000001017e-05,0.000000000000000000e+00
8.320000000000000301e-05,0.000000000000000000e+00
8.324000000000000940e-05,4.000000000000000083e-02
8.328000000000000225e-05,0.000000000000000000e+00
8.332000000000000864e-05,0.000000000000000000e+00
8.336000000000000148e-05,0.000000000000000000e+00
8.340000000000000787e-05,4.000000000000000083e-02
8.344000000000000071e-05,8.000000000000000167e-02
8.348000000000000711e-05,4.000000000000000083e-02
8.351999999999999995e-05,8.000000000000000167e-02
8.356000000000000634e-05,0.000000000000000000e+00
8.360000000000001273e-05,4.000000000000000083e-02
8.364000000000000557e-05,4.000000000000000083e-02
8.368000000000001197e-05,0.000000000000000000e+00
8.372000000000000481e-05,0.000000000000000000e+00
8.376000000000001120e-05,8.000000000000000167e-02
8.380000000000000404e-05,8.000000000000000167e-02
8.384000000000001044e-05,0.000000000000000000e+00
8.388000000000000328e-05,0.000000000000000000e+00
8.392000000000000967e-05,0.000000000000000000e+00
8.396000000000000251e-05,0.000000000000000000e+00
8.400000000000000890e-05,0.000000000000000000e+00
8.404000000000000175e-05,0.000000000000000000e+00
8.408000000000000814e-05,0.000000000000000000e+00
8.412000000000000098e-05,-4.000000000000000083e-02
8.416000000000000737e-05,4.000000000000000083e-02
8.420000000000000021e-05,0.000000000000000000e+00
8.424000000000000661e-05,0.000000000000000000e+00
8.428000000000001300e-05,4.000000000000000083e-02
8.432000000000000584e-05,-4.000000000000000083e-02
8.436000000000001223e-05,4.000000000000000083e-02
8.440000000000000507e-05,8.000000000000000167e-02
8.444000000000001147e-05,0.000000000000000000e+00
8.448000000000000431e-05,4.000000000000000083e-02
8.452000000000001070e-05,4.000000000000000083e-02
8.456000000000000354e-05,4.000000000000000083e-02
8.460000000000000994e-05,0.000000000000000000e+00
8.464000000000000278e-05,4.000000000000000083e-02
8.468000000000000917e-05,0.000000000000000000e+00
8.472000000000000201e-05,4.000000000000000083e-02
8.476000000000000840e-05,0.000000000000000000e+00
8.480000000000000124e-05,-4.000000000000000083e-02
8.484000000000000764e-05,0.000000000000000000e+00
8.488000000000000048e-05,4.000000000000000083e-02
8.492000000000000687e-05,8.000000000000000167e-02
8.496000000000001327e-05,0.000000000000000000e+00
8.500000000000000611e-05,0.000000000000000000e+00
8.504000000000001250e-05,8.000000000000000167e-02
8.508000000000000534e-05,4.000000000000000083e-02
8.512000000000001173e-05,4.000000000000000083e-02
8.516000000000000457e-05,0.000000000000000000e+00
8.520000000000001097e-05,4.000000000000000083e-02
8.524000000000000381e-05,0.000000000000000000e+00
8.528000000000001020e-05,4.000000000000000083e-02
8.532000000000000304e-05,4.000000000000000083e-02
8.536000000000000944e-05,0.000000000000000000e+00
8.540000000000000228e-05,4.000000000000000083e-02
8.544000000000000867e-05,0.000000000000000000e+00
8.548000000000000151e-05,4.000000000000000083e-02
8.552000000000000790e-05,8.000000000000000167e-02
8.556000000000000074e-05,0.000000000000000000e+00
8.560000000000000714e-05,4.000000000000000083e-02
8.563999999999999998e-05,0.000000000000000000e+00
8.568000000000000637e-05,0.000000000000000000e+00
8.572000000000001277e-05,0.000000000000000000e+00
8.576000000000000561e-05,4.000000000000000083e-02
8.580000000000001200e-05,4.000000000000000083e-02
8.584000000000000484e-05,0.000000000000000000e+00
8.588000000000001123e-05,8.000000000000000167e-02
8.592000000000000407e-05,0.000000000000000000e+00
8.596000000000001047e-05,4.000000000000000083e-02
8.600000000000000331e-05,0.000000000000000000e+00
8.604000000000000970e-05,4.000000000000000083e-02
8.608000000000000254e-05,8.000000000000000167e-02
8.612000000000000894e-05,4.000000000000000083e-02
8.616000000000000178e-05,8.000000000000000167e-02
8.620000000000000817e-05,4.000000000000000083e-02
8.624000000000000101e-05,4.000000000000000083e-02
8.628000000000000740e-05,8.000000000000000167e-02
8.632000000000000024e-05,8.000000000000000167e-02
8.636000000000000664e-05,8.000000000000000167e-02
8.640000000000001303e-05,4.000000000000000083e-02
8.644000000000000587e-05,8.000000000000000167e-02
8.648000000000001226e-05,4.000000000000000083e-02
8.652000000000000511e-05,8.000000000000000167e-02
8.656000000000001150e-05,4.000000000000000083e-02
8.660000000000000434e-05,0.000000000000000000e+00
8.664000000000001073e-05,0.000000000000000000e+00
8.668000000000000357e-05,8.000000000000000167e-02
8.672000000000000997e-05,-4.000000000000000083e-02
8.676000000000000281e-05,0.000000000000000000e+00
8.680000000000000920e-05,4.000000000000000083e-02
8.684000000000000204e-05,8.000000000000000167e-02
8.688000000000000844e-05,4.000000000000000083e-02
8.692000000000000128e-05,0.000000000000000000e+00
8.696000000000000767e-05,0.000000000000000000e+00
8.700000000000000051e-05,0.000000000000000000e+00
8.704000000000000690e-05,4.000000000000000083e-02
8.708000000000001330e-05,0.000000000000000000e+00
8.712000000000000614e-05,4.000000000000000083e-02
8.716000000000001253e-05,4.000000000000000083e-02
8.720000000000000537e-05,4.000000000000000083e-02
8.724000000000001176e-05,0.000000000000000000e+00
8.728000000000000461e-05,8.000000000000000167e-02
8.732000000000001100e-05,4.000000000000000083e-02
8.736000000000000384e-05,0.000000000000000000e+00
8.740000000000001023e-05,4.000000000000000083e-02
8.744000000000000307e-05,0.000000000000000000e+00
8.748000000000000947e-05,0.000000000000000000e+00
8.752000000000000231e-05,4.000000000000000083e-02
8.756000000000000870e-05,4.000000000000000083e-02
8.760000000000000154e-05,4.000000000000000083e-02
8.764000000000000793e-05,0.000000000000000000e+00
8.768000000000000078e-05,4.000000000000000083e-02
8.772000000000000717e-05,4.000000000000000083e-02
8.776000000000000001e-05,4.000000000000000083e-02
8.780000000000000640e-05,0.000000000000000000e+00
8.784000000000001280e-05,0.000000000000000000e+00
8.788000000000000564e-05,0.000000000000000000e+00
8.792000000000001203e-05,0.000000000000000000e+00
8.796000000000000487e-05,4.000000000000000083e-02
8.800000000000001126e-05,0.000000000000000000e+00
8.804000000000000411e-05,0.000000000000000000e+00
8.808000000000001050e-05,-4.000000000000000083e-02
8.812000000000000334e-05,4.000000000000000083e-02
8.816000000000000973e-05,0.000000000000000000e+00
8.820000000000000257e-05,0.000000000000000000e+00
8.824000000000000897e-05,0.000000000000000000e+00
8.828000000000000181e-05,0.000000000000000000e+00
8.832000000000000820e-05,0.000000000000000000e+00
8.836000000000000104e-05,4.000000000000000083e-02
8.840000000000000743e-05,4.000000000000000083e-02
8.844000000000000028e-05,0.000000000000000000e+00
8.848000000000000667e-05,-4.000000000000000083e-02
8.852000000000001306e-05,0.000000000000000000e+00
8.856000000000000590e-05,4.000000000000000083e-02
8.860000000000001230e-05,4.000000000000000083e-02
8.864000000000000514e-05,0.000000000000000000e+00
8.868000000000001153e-05,4.000000000000000083e-02
8.872000000000000437e-05,0.000000000000000000e+00
8.876000000000001076e-05,-4.000000000000000083e-02
8.880000000000000360e-05,-4.000000000000000083e-02
8.884000000000001000e-05,0.000000000000000000e+00
8.888000000000000284e-05,4.000000000000000083e-02
8.892000000000000923e-05,-4.000000000000000083e-02
8.896000000000000207e-05,4.000000000000000083e-02
8.900000000000000847e-05,0.000000000000000000e+00
8.904000000000000131e-05,0.000000000000000000e+00
8.908000000000000770e-05,0.000000000000000000e+00
8.912000000000000054e-05,0.000000000000000000e+00
8.916000000000000693e-05,4.000000000000000083e-02
8.920000000000001333e-05,0.000000000000000000e+00
8.924000000000000617e-05,-4.000000000000000083e-02
8.928000000000001256e-05,0.000000000000000000e+00
8.932000000000000540e-05,0.000000000000000000e+00
8.936000000000001180e-05,0.000000000000000000e+00
8.940000000000000464e-05,4.000000000000000083e-02
8.944000000000001103e-05,8.000000000000000167e-02
8.948000000000000387e-05,0.000000000000000000e+00
8.952000000000001026e-05,0.000000000000000000e+00
8.956000000000000310e-05,4.000000000000000083e-02
