time_s,voltage_V
-4.099999999999999709e-06,-4.000000000000000083e-02
-4.089999999999999804e-06,0.000000000000000000e+00
-4.079999999999999900e-06,-2.000000000000000042e-02
-4.069999999999999996e-06,0.000000000000000000e+00
-4.060000000000000092e-06,-4.000000000000000083e-02
-4.049999999999999340e-06,-5.999999999999999778e-02
-4.039999999999999436e-06,-2.000000000000000042e-02
-4.029999999999999532e-06,-4.000000000000000083e-02
-4.019999999999999628e-06,-2.000000000000000042e-02
-4.009999999999999723e-06,-4.000000000000000083e-02
-3.999999999999999819e-06,-2.000000000000000042e-02
-3.989999999999999915e-06,-2.000000000000000042e-02
-3.980000000000000010e-06,-2.000000000000000042e-02
-3.970000000000000106e-06,-2.000000000000000042e-02
-3.959999999999999355e-06,-2.000000000000000042e-02
-3.949999999999999451e-06,-5.999999999999999778e-02
-3.939999999999999546e-06,-4.000000000000000083e-02
-3.929999999999999642e-06,-2.000000000000000042e-02
-3.919999999999999738e-06,0.000000000000000000e+00
-3.909999999999999834e-06,-4.000000000000000083e-02
-3.899999999999999929e-06,-4.000000000000000083e-02
-3.890000000000000025e-06,-2.000000000000000042e-02
-3.880000000000000121e-06,-2.000000000000000042e-02
-3.869999999999999370e-06,-4.000000000000000083e-02
-3.859999999999999465e-06,-2.000000000000000042e-02
-3.849999999999999561e-06,0.000000000000000000e+00
-3.839999999999999657e-06,-2.000000000000000042e-02
-3.829999999999999753e-06,-5.999999999999999778e-02
-3.819999999999999848e-06,-2.000000000000000042e-02
-3.809999999999999521e-06,-4.000000000000000083e-02
-3.799999999999999616e-06,-2.000000000000000042e-02
-3.789999999999999712e-06,-2.000000000000000042e-02
-3.779999999999999808e-06,-4.000000000000000083e-02
-3.769999999999999480e-06,-2.000000000000000042e-02
-3.759999999999999576e-06,-4.000000000000000083e-02
-3.749999999999999671e-06,-4.000000000000000083e-02
-3.739999999999999767e-06,-2.000000000000000042e-02
-3.729999999999999863e-06,-4.000000000000000083e-02
-3.719999999999999535e-06,-4.000000000000000083e-02
-3.709999999999999631e-06,-4.000000000000000083e-02
-3.699999999999999727e-06,-4.000000000000000083e-02
-3.689999999999999822e-06,-5.999999999999999778e-02
-3.679999999999999495e-06,-4.000000000000000083e-02
-3.669999999999999590e-06,-4.000000000000000083e-02
-3.659999999999999686e-06,-2.000000000000000042e-02
-3.649999999999999782e-06,-5.999999999999999778e-02
-3.639999999999999878e-06,-2.000000000000000042e-02
-3.629999999999999550e-06,-2.000000000000000042e-02
-3.619999999999999646e-06,-2.000000000000000042e-02
-3.609999999999999741e-06,0.000000000000000000e+00
-3.599999999999999837e-06,-4.000000000000000083e-02
-3.589999999999999509e-06,-2.000000000000000042e-02
-3.579999999999999605e-06,-4.000000000000000083e-02
-3.569999999999999701e-06,-2.000000000000000042e-02
-3.559999999999999797e-06,-2.000000000000000042e-02
-3.549999999999999892e-06,-2.000000000000000042e-02
-3.539999999999999565e-06,0.000000000000000000e+00
-3.529999999999999660e-06,0.000000000000000000e+00
-3.519999999999999756e-06,-2.000000000000000042e-02
-3.509999999999999852e-06,-2.000000000000000042e-02
-3.499999999999999524e-06,-2.000000000000000042e-02
-3.489999999999999620e-06,-2.000000000000000042e-02
-3.479999999999999715e-06,-4.000000000000000083e-02
-3.469999999999999811e-06,-2.000000000000000042e-02
-3.459999999999999907e-06,-2.000000000000000042e-02
-3.449999999999999579e-06,-4.000000000000000083e-02
-3.439999999999999675e-06,-2.000000000000000042e-02
-3.429999999999999771e-06,-2.000000000000000042e-02
-3.419999999999999443e-06,-4.000000000000000083e-02
-3.409999999999999539e-06,-4.000000000000000083e-02
-3.399999999999999634e-06,-5.999999999999999778e-02
-3.389999999999999730e-06,-4.000000000000000083e-02
-3.379999999999999826e-06,0.000000000000000000e+00
-3.369999999999999922e-06,-2.000000000000000042e-02
-3.359999999999999594e-06,-2.000000000000000042e-02
-3.349999999999999690e-06,-2.000000000000000042e-02
-3.339999999999999785e-06,-5.999999999999999778e-02
-3.329999999999999458e-06,-4.000000000000000083e-02
-3.319999999999999553e-06,-4.000000000000000083e-02
-3.309999999999999649e-06,-4.000000000000000083e-02
-3.299999999999999745e-06,-2.000000000000000042e-02
-3.289999999999999841e-06,-4.000000000000000083e-02
-3.279999999999999936e-06,-4.000000000000000083e-02
-3.269999999999999609e-06,-2.000000000000000042e-02
-3.259999999999999704e-06,-2.000000000000000042e-02
-3.249999999999999800e-06,-2.000000000000000042e-02
-3.239999999999999472e-06,-2.000000000000000042e-02
-3.229999999999999568e-06,0.000000000000000000e+00
-3.219999999999999664e-06,-4.000000000000000083e-02
-3.209999999999999759e-06,-2.000000000000000042e-02
-3.199999999999999855e-06,-2.000000000000000042e-02
-3.189999999999999951e-06,-2.000000000000000042e-02
-3.179999999999999623e-06,-4.000000000000000083e-02
-3.169999999999999719e-06,-2.000000000000000042e-02
-3.159999999999999815e-06,-2.000000000000000042e-02
-3.149999999999999487e-06,-4.000000000000000083e-02
-3.139999999999999583e-06,-2.000000000000000042e-02
-3.129999999999999678e-06,-2.000000000000000042e-02
-3.119999999999999774e-06,-2.000000000000000042e-02
-3.109999999999999870e-06,-2.000000000000000042e-02
-3.099999999999999966e-06,-2.000000000000000042e-02
-3.089999999999999638e-06,-2.000000000000000042e-02
-3.079999999999999734e-06,-2.000000000000000042e-02
-3.069999999999999406e-06,-4.000000000000000083e-02
-3.059999999999999502e-06,-4.000000000000000083e-02
-3.049999999999999597e-06,0.000000000000000000e+00
-3.039999999999999693e-06,-2.000000000000000042e-02
-3.029999999999999789e-06,-2.000000000000000042e-02
-3.019999999999999885e-06,-4.000000000000000083e-02
-3.009999999999999980e-06,-4.000000000000000083e-02
-2.999999999999999652e-06,-2.000000000000000042e-02
-2.989999999999999748e-06,-4.000000000000000083e-02
-2.979999999999999420e-06,-4.000000000000000083e-02
-2.969999999999999516e-06,-2.000000000000000042e-02
-2.959999999999999612e-06,-2.000000000000000042e-02
-2.949999999999999708e-06,-4.000000000000000083e-02
-2.939999999999999803e-06,-4.000000000000000083e-02
-2.929999999999999899e-06,0.000000000000000000e+00
-2.919999999999999995e-06,-4.000000000000000083e-02
-2.909999999999999667e-06,-4.000000000000000083e-02
-2.899999999999999763e-06,-4.000000000000000083e-02
-2.889999999999999435e-06,-2.000000000000000042e-02
-2.879999999999999531e-06,-2.000000000000000042e-02
-2.869999999999999627e-06,-2.000000000000000042e-02
-2.859999999999999722e-06,-4.000000000000000083e-02
-2.849999999999999818e-06,-2.000000000000000042e-02
-2.839999999999999914e-06,-5.999999999999999778e-02
-2.829999999999999586e-06,0.000000000000000000e+00
-2.819999999999999682e-06,-4.000000000000000083e-02
-2.809999999999999778e-06,-2.000000000000000042e-02
-2.799999999999999450e-06,-2.000000000000000042e-02
-2.789999999999999546e-06,-5.999999999999999778e-02
-2.779999999999999641e-06,-2.000000000000000042e-02
-2.769999999999999737e-06,-2.000000000000000042e-02
-2.759999999999999833e-06,-2.000000000000000042e-02
-2.749999999999999928e-06,-2.000000000000000042e-02
-2.739999999999999601e-06,-5.999999999999999778e-02
-2.729999999999999696e-06,-5.999999999999999778e-02
-2.719999999999999369e-06,-4.000000000000000083e-02
-2.709999999999999464e-06,-4.000000000000000083e-02
-2.699999999999999560e-06,-2.000000000000000042e-02
-2.689999999999999656e-06,-2.000000000000000042e-02
-2.679999999999999752e-06,-2.000000000000000042e-02
-2.669999999999999847e-06,-4.000000000000000083e-02
-2.659999999999999943e-06,-4.000000000000000083e-02
-2.649999999999999615e-06,-2.000000000000000042e-02
-2.639999999999999711e-06,-4.000000000000000083e-02
-2.629999999999999383e-06,-4.000000000000000083e-02
-2.619999999999999479e-06,-2.000000000000000042e-02
-2.609999999999999575e-06,-5.999999999999999778e-02
-2.599999999999999671e-06,-4.000000000000000083e-02
-2.589999999999999766e-06,-2.000000000000000042e-02
-2.579999999999999862e-06,-2.000000000000000042e-02
-2.569999999999999958e-06,-4.000000000000000083e-02
-2.559999999999999630e-06,-2.000000000000000042e-02
-2.549999999999999726e-06,-2.000000000000000042e-02
-2.539999999999999398e-06,-2.000000000000000042e-02
-2.529999999999999494e-06,0.000000000000000000e+00
-2.519999999999999590e-06,-4.000000000000000083e-02
-2.509999999999999685e-06,-5.999999999999999778e-02
-2.499999999999999781e-06,-2.000000000000000042e-02
-2.489999999999999877e-06,-4.000000000000000083e-02
-2.479999999999999972e-06,-2.000000000000000042e-02
-2.469999999999999645e-06,-4.000000000000000083e-02
-2.459999999999999740e-06,-4.000000000000000083e-02
-2.449999999999999413e-06,-4.000000000000000083e-02
-2.439999999999999508e-06,-2.000000000000000042e-02
-2.429999999999999604e-06,-4.000000000000000083e-02
-2.419999999999999700e-06,-2.000000000000000042e-02
-2.409999999999999796e-06,-5.999999999999999778e-02
-2.399999999999999891e-06,-4.000000000000000083e-02
-2.389999999999999987e-06,-2.000000000000000042e-02
-2.379999999999999659e-06,-5.999999999999999778e-02
-2.369999999999999755e-06,-4.000000000000000083e-02
-2.359999999999999427e-06,-4.000000000000000083e-02
-2.349999999999999523e-06,-5.999999999999999778e-02
-2.339999999999999619e-06,-4.000000000000000083e-02
-2.329999999999999715e-06,-4.000000000000000083e-02
-2.319999999999999810e-06,-2.000000000000000042e-02
-2.309999999999999906e-06,-2.000000000000000042e-02
-2.299999999999999578e-06,-2.000000000000000042e-02
-2.289999999999999674e-06,-4.000000000000000083e-02
-2.279999999999999770e-06,0.000000000000000000e+00
-2.269999999999999442e-06,0.000000000000000000e+00
-2.259999999999999538e-06,-4.000000000000000083e-02
-2.249999999999999633e-06,-4.000000000000000083e-02
-2.239999999999999729e-06,0.000000000000000000e+00
-2.229999999999999825e-06,-2.000000000000000042e-02
-2.219999999999999921e-06,-2.000000000000000042e-02
-2.209999999999999593e-06,-4.000000000000000083e-02
-2.199999999999999689e-06,-5.999999999999999778e-02
-2.189999999999999784e-06,-4.000000000000000083e-02
-2.179999999999999457e-06,-4.000000000000000083e-02
-2.169999999999999552e-06,-4.000000000000000083e-02
-2.159999999999999648e-06,0.000000000000000000e+00
-2.149999999999999744e-06,-2.000000000000000042e-02
-2.139999999999999840e-06,-2.000000000000000042e-02
-2.129999999999999512e-06,-5.999999999999999778e-02
-2.119999999999999608e-06,-4.000000000000000083e-02
-2.109999999999999703e-06,-2.000000000000000042e-02
-2.099999999999999799e-06,-2.000000000000000042e-02
-2.089999999999999471e-06,-2.000000000000000042e-02
-2.079999999999999567e-06,-5.999999999999999778e-02
-2.069999999999999663e-06,-4.000000000000000083e-02
-2.059999999999999759e-06,0.000000000000000000e+00
-2.049999999999999854e-06,-2.000000000000000042e-02
-2.039999999999999527e-06,-2.000000000000000042e-02
-2.029999999999999622e-06,-4.000000000000000083e-02
-2.019999999999999718e-06,-4.000000000000000083e-02
-2.009999999999999814e-06,-2.000000000000000042e-02
-1.999999999999999486e-06,-4.000000000000000083e-02
-1.989999999999999582e-06,-4.000000000000000083e-02
-1.979999999999999677e-06,-2.000000000000000042e-02
-1.969999999999999773e-06,-2.000000000000000042e-02
-1.959999999999999869e-06,-2.000000000000000042e-02
-1.949999999999999541e-06,-2.000000000000000042e-02
-1.939999999999999637e-06,0.000000000000000000e+00
-1.929999999999999733e-06,-4.000000000000000083e-02
-1.919999999999999828e-06,0.000000000000000000e+00
-1.909999999999999501e-06,-2.000000000000000042e-02
-1.899999999999999596e-06,-4.000000000000000083e-02
-1.889999999999999692e-06,0.000000000000000000e+00
-1.879999999999999788e-06,-2.000000000000000042e-02
-1.869999999999999460e-06,-4.000000000000000083e-02
-1.859999999999999556e-06,0.000000000000000000e+00
-1.849999999999999652e-06,-5.999999999999999778e-02
-1.839999999999999747e-06,-2.000000000000000042e-02
-1.829999999999999843e-06,-2.000000000000000042e-02
-1.819999999999999515e-06,-5.999999999999999778e-02
-1.809999999999999611e-06,-4.000000000000000083e-02
-1.799999999999999707e-06,-4.000000000000000083e-02
-1.789999999999999803e-06,0.000000000000000000e+00
-1.779999999999999475e-06,-4.000000000000000083e-02
-1.769999999999999571e-06,-4.000000000000000083e-02
-1.759999999999999666e-06,-4.000000000000000083e-02
-1.749999999999999762e-06,-4.000000000000000083e-02
-1.739999999999999858e-06,-4.000000000000000083e-02
-1.729999999999999530e-06,-4.000000000000000083e-02
-1.719999999999999626e-06,-4.000000000000000083e-02
-1.709999999999999721e-06,-2.000000000000000042e-02
-1.699999999999999817e-06,-4.000000000000000083e-02
-1.689999999999999489e-06,-2.000000000000000042e-02
-1.679999999999999585e-06,-2.000000000000000042e-02
-1.669999999999999681e-06,-4.000000000000000083e-02
-1.659999999999999777e-06,-2.000000000000000042e-02
-1.649999999999999449e-06,-2.000000000000000042e-02
-1.639999999999999545e-06,-2.000000000000000042e-02
-1.629999999999999640e-06,0.000000000000000000e+00
-1.619999999999999736e-06,-4.000000000000000083e-02
-1.609999999999999832e-06,-4.000000000000000083e-02
-1.599999999999999504e-06,-4.000000000000000083e-02
-1.589999999999999600e-06,-4.000000000000000083e-02
-1.579999999999999696e-06,-5.999999999999999778e-02
-1.569999999999999791e-06,-4.000000000000000083e-02
-1.559999999999999464e-06,0.000000000000000000e+00
-1.549999999999999559e-06,-2.000000000000000042e-02
-1.539999999999999655e-06,-4.000000000000000083e-02
-1.529999999999999751e-06,-2.000000000000000042e-02
-1.519999999999999847e-06,-2.000000000000000042e-02
-1.509999999999999519e-06,-2.000000000000000042e-02
-1.499999999999999614e-06,-4.000000000000000083e-02
-1.489999999999999710e-06,-5.999999999999999778e-02
-1.479999999999999806e-06,0.000000000000000000e+00
-1.469999999999999478e-06,0.000000000000000000e+00
-1.459999999999999574e-06,-2.000000000000000042e-02
-1.449999999999999670e-06,0.000000000000000000e+00
-1.439999999999999765e-06,0.000000000000000000e+00
-1.429999999999999861e-06,4.000000000000000083e-02
-1.419999999999999533e-06,8.000000000000000167e-02
-1.409999999999999629e-06,1.400000000000000133e-01
-1.399999999999999725e-06,2.399999999999999911e-01
-1.389999999999999821e-06,3.200000000000000067e-01
-1.379999999999999493e-06,4.600000000000000200e-01
-1.369999999999999589e-06,5.999999999999999778e-01
-1.359999999999999684e-06,7.600000000000000089e-01
-1.349999999999999780e-06,8.800000000000000044e-01
-1.339999999999999452e-06,9.400000000000000577e-01
-1.329999999999999548e-06,9.200000000000000400e-01
-1.319999999999999644e-06,8.599999999999999867e-01
-1.309999999999999740e-06,7.800000000000000266e-01
-1.299999999999999835e-06,6.600000000000000311e-01
-1.289999999999999508e-06,5.600000000000000533e-01
-1.279999999999999603e-06,4.799999999999999822e-01
-1.269999999999999699e-06,4.000000000000000222e-01
-1.259999999999999795e-06,3.400000000000000244e-01
-1.249999999999999467e-06,2.999999999999999889e-01
-1.239999999999999563e-06,2.200000000000000011e-01
-1.229999999999999658e-06,2.200000000000000011e-01
-1.219999999999999754e-06,2.000000000000000111e-01
-1.209999999999999850e-06,1.600000000000000033e-01
-1.199999999999999522e-06,1.400000000000000133e-01
-1.189999999999999618e-06,1.400000000000000133e-01
-1.179999999999999714e-06,1.400000000000000133e-01
-1.169999999999999809e-06,1.199999999999999956e-01
-1.159999999999999482e-06,1.400000000000000133e-01
-1.149999999999999577e-06,1.000000000000000056e-01
-1.139999999999999673e-06,1.000000000000000056e-01
-1.129999999999999769e-06,1.000000000000000056e-01
-1.119999999999999441e-06,1.000000000000000056e-01
-1.109999999999999537e-06,5.999999999999999778e-02
-1.099999999999999633e-06,8.000000000000000167e-02
-1.089999999999999728e-06,1.000000000000000056e-01
-1.079999999999999824e-06,4.000000000000000083e-02
-1.069999999999999496e-06,1.000000000000000056e-01
-1.059999999999999592e-06,8.000000000000000167e-02
-1.049999999999999688e-06,1.000000000000000056e-01
-1.039999999999999784e-06,8.000000000000000167e-02
-1.029999999999999456e-06,8.000000000000000167e-02
-1.019999999999999552e-06,5.999999999999999778e-02
-1.009999999999999647e-06,5.999999999999999778e-02
-9.999999999999997430e-07,5.999999999999999778e-02
-9.899999999999998387e-07,8.000000000000000167e-02
-9.799999999999995110e-07,4.000000000000000083e-02
-9.699999999999996067e-07,5.999999999999999778e-02
-9.599999999999997024e-07,5.999999999999999778e-02
-9.499999999999997982e-07,8.000000000000000167e-02
-9.399999999999994704e-07,4.000000000000000083e-02
-9.299999999999995662e-07,4.000000000000000083e-02
-9.199999999999996619e-07,2.000000000000000042e-02
-9.099999999999997577e-07,5.999999999999999778e-02
-8.999999999999998534e-07,4.000000000000000083e-02
-8.899999999999995256e-07,4.000000000000000083e-02
-8.799999999999996214e-07,2.000000000000000042e-02
-8.699999999999997171e-07,4.000000000000000083e-02
-8.599999999999998129e-07,4.000000000000000083e-02
-8.499999999999994851e-07,4.000000000000000083e-02
-8.399999999999995808e-07,5.999999999999999778e-02
-8.299999999999996766e-07,5.999999999999999778e-02
-8.199999999999997723e-07,4.000000000000000083e-02
-8.099999999999994445e-07,2.000000000000000042e-02
-7.999999999999995403e-07,2.000000000000000042e-02
-7.899999999999996360e-07,4.000000000000000083e-02
-7.799999999999997318e-07,0.000000000000000000e+00
-7.699999999999998275e-07,2.000000000000000042e-02
-7.599999999999994997e-07,4.000000000000000083e-02
-7.499999999999995955e-07,4.000000000000000083e-02
-7.399999999999996912e-07,4.000000000000000083e-02
-7.299999999999997870e-07,2.000000000000000042e-02
-7.199999999999994592e-07,5.999999999999999778e-02
-7.099999999999995549e-07,2.000000000000000042e-02
-6.999999999999996507e-07,4.000000000000000083e-02
-6.899999999999997464e-07,4.000000000000000083e-02
-6.799999999999998422e-07,2.000000000000000042e-02
-6.699999999999995144e-07,2.000000000000000042e-02
-6.599999999999996101e-07,4.000000000000000083e-02
-6.499999999999997059e-07,4.000000000000000083e-02
-6.399999999999998016e-07,4.000000000000000083e-02
-6.299999999999994739e-07,0.000000000000000000e+00
-6.199999999999995696e-07,4.000000000000000083e-02
-6.099999999999996653e-07,4.000000000000000083e-02
-5.999999999999997611e-07,4.000000000000000083e-02
-5.899999999999994333e-07,2.000000000000000042e-02
-5.799999999999995291e-07,0.000000000000000000e+00
-5.699999999999996248e-07,0.000000000000000000e+00
-5.599999999999997205e-07,4.000000000000000083e-02
-5.499999999999998163e-07,4.000000000000000083e-02
-5.399999999999994885e-07,2.000000000000000042e-02
-5.299999999999995843e-07,0.000000000000000000e+00
-5.199999999999996800e-07,4.000000000000000083e-02
-5.099999999999997758e-07,4.000000000000000083e-02
-4.999999999999994480e-07,5.999999999999999778e-02
-4.899999999999995437e-07,4.000000000000000083e-02
-4.799999999999996395e-07,0.000000000000000000e+00
-4.699999999999997352e-07,2.000000000000000042e-02
-4.599999999999998310e-07,2.000000000000000042e-02
-4.499999999999995032e-07,0.000000000000000000e+00
-4.399999999999995989e-07,4.000000000000000083e-02
-4.299999999999996947e-07,0.000000000000000000e+00
-4.199999999999997904e-07,2.000000000000000042e-02
-4.099999999999994626e-07,4.000000000000000083e-02
-3.999999999999995584e-07,2.000000000000000042e-02
-3.899999999999996541e-07,2.000000000000000042e-02
-3.799999999999997499e-07,2.000000000000000042e-02
-3.699999999999994221e-07,2.000000000000000042e-02
-3.599999999999995178e-07,2.000000000000000042e-02
-3.499999999999996136e-07,2.000000000000000042e-02
-3.399999999999997093e-07,2.000000000000000042e-02
-3.299999999999998051e-07,2.000000000000000042e-02
-3.199999999999994773e-07,2.000000000000000042e-02
-3.099999999999995730e-07,2.000000000000000042e-02
-2.999999999999996688e-07,2.000000000000000042e-02
-2.899999999999997645e-07,2.000000000000000042e-02
-2.799999999999998603e-07,4.000000000000000083e-02
-2.699999999999999560e-07,0.000000000000000000e+00
-2.599999999999992047e-07,2.000000000000000042e-02
-2.499999999999993005e-07,0.000000000000000000e+00
-2.399999999999993962e-07,0.000000000000000000e+00
-2.299999999999994920e-07,2.000000000000000042e-02
-2.199999999999995877e-07,0.000000000000000000e+00
-2.099999999999996834e-07,2.000000000000000042e-02
-1.999999999999997792e-07,2.000000000000000042e-02
-1.899999999999998749e-07,2.000000000000000042e-02
-1.799999999999999707e-07,2.000000000000000042e-02
-1.699999999999992194e-07,2.000000000000000042e-02
-1.599999999999993151e-07,2.000000000000000042e-02
-1.499999999999994109e-07,0.000000000000000000e+00
-1.399999999999995066e-07,2.000000000000000042e-02
-1.299999999999996024e-07,2.000000000000000042e-02
-1.199999999999996981e-07,0.000000000000000000e+00
-1.099999999999997939e-07,4.000000000000000083e-02
-9.999999999999988960e-08,0.000000000000000000e+00
-8.999999999999998534e-08,2.000000000000000042e-02
-7.999999999999923405e-08,5.999999999999999778e-02
-6.999999999999932979e-08,5.999999999999999778e-02
-5.999999999999942554e-08,5.999999999999999778e-02
-4.999999999999952128e-08,8.000000000000000167e-02
-3.999999999999961703e-08,1.000000000000000056e-01
-2.999999999999971277e-08,1.400000000000000133e-01
-1.999999999999980851e-08,1.799999999999999933e-01
-9.999999999999904256e-09,2.600000000000000089e-01
0.000000000000000000e+00,3.800000000000000044e-01
1.000000000000075129e-08,4.600000000000000200e-01
2.000000000000065555e-08,6.199999999999999956e-01
3.000000000000055980e-08,7.800000000000000266e-01
4.000000000000046406e-08,9.400000000000000577e-01
5.000000000000036831e-08,1.060000000000000053e+00
6.000000000000027257e-08,1.100000000000000089e+00
7.000000000000017683e-08,1.100000000000000089e+00
8.000000000000008108e-08,1.040000000000000036e+00
8.999999999999998534e-08,9.599999999999999645e-01
1.000000000000007366e-07,8.599999999999999867e-01
1.100000000000006409e-07,7.399999999999999911e-01
1.200000000000005451e-07,6.600000000000000311e-01
1.300000000000004494e-07,5.600000000000000533e-01
1.400000000000003537e-07,5.000000000000000000e-01
1.500000000000002579e-07,4.600000000000000200e-01
1.600000000000001622e-07,3.800000000000000044e-01
1.700000000000000664e-07,3.599999999999999867e-01
1.799999999999999707e-07,2.999999999999999889e-01
1.900000000000007220e-07,2.999999999999999889e-01
2.000000000000006262e-07,2.800000000000000266e-01
2.100000000000005305e-07,2.399999999999999911e-01
2.200000000000004347e-07,2.800000000000000266e-01
2.300000000000003390e-07,2.200000000000000011e-01
2.400000000000002432e-07,2.200000000000000011e-01
2.500000000000001475e-07,2.200000000000000011e-01
2.600000000000000518e-07,1.799999999999999933e-01
2.700000000000008031e-07,2.000000000000000111e-01
2.800000000000007073e-07,1.799999999999999933e-01
2.900000000000006116e-07,1.799999999999999933e-01
3.000000000000005158e-07,1.799999999999999933e-01
3.100000000000004201e-07,1.799999999999999933e-01
3.200000000000003243e-07,1.600000000000000033e-01
3.300000000000002286e-07,1.600000000000000033e-01
3.400000000000001328e-07,1.799999999999999933e-01
3.500000000000000371e-07,2.000000000000000111e-01
3.600000000000007884e-07,1.600000000000000033e-01
3.700000000000006926e-07,1.799999999999999933e-01
3.800000000000005969e-07,1.400000000000000133e-01
3.900000000000005012e-07,1.600000000000000033e-01
4.000000000000004054e-07,1.400000000000000133e-01
4.100000000000003097e-07,1.600000000000000033e-01
4.200000000000002139e-07,1.400000000000000133e-01
4.300000000000001182e-07,1.600000000000000033e-01
4.400000000000000224e-07,1.600000000000000033e-01
4.500000000000007737e-07,1.199999999999999956e-01
4.600000000000006780e-07,1.199999999999999956e-01
4.700000000000005822e-07,1.400000000000000133e-01
4.800000000000004865e-07,1.400000000000000133e-01
4.900000000000003908e-07,1.000000000000000056e-01
5.000000000000002950e-07,1.000000000000000056e-01
5.100000000000001993e-07,1.000000000000000056e-01
5.200000000000001035e-07,1.199999999999999956e-01
5.300000000000000078e-07,1.400000000000000133e-01
5.400000000000007591e-07,1.199999999999999956e-01
5.500000000000006633e-07,1.000000000000000056e-01
5.600000000000005676e-07,1.000000000000000056e-01
5.700000000000004718e-07,1.400000000000000133e-01
5.800000000000003761e-07,1.400000000000000133e-01
5.900000000000002804e-07,1.000000000000000056e-01
6.000000000000001846e-07,1.199999999999999956e-01
6.100000000000000889e-07,1.000000000000000056e-01
6.199999999999999931e-07,8.000000000000000167e-02
6.300000000000007444e-07,8.000000000000000167e-02
6.400000000000006487e-07,1.199999999999999956e-01
6.500000000000005529e-07,1.000000000000000056e-01
6.600000000000004572e-07,1.000000000000000056e-01
6.700000000000003614e-07,1.000000000000000056e-01
6.800000000000002657e-07,1.199999999999999956e-01
6.900000000000001699e-07,1.199999999999999956e-01
7.000000000000000742e-07,1.000000000000000056e-01
7.099999999999999785e-07,1.000000000000000056e-01
7.200000000000007297e-07,8.000000000000000167e-02
7.300000000000006340e-07,1.000000000000000056e-01
7.400000000000005383e-07,1.000000000000000056e-01
7.500000000000004425e-07,1.000000000000000056e-01
7.600000000000003468e-07,1.000000000000000056e-01
7.700000000000002510e-07,1.000000000000000056e-01
7.800000000000001553e-07,8.000000000000000167e-02
7.900000000000000595e-07,8.000000000000000167e-02
8.000000000000008108e-07,1.000000000000000056e-01
8.100000000000007151e-07,1.000000000000000056e-01
8.200000000000006193e-07,1.000000000000000056e-01
8.300000000000005236e-07,1.000000000000000056e-01
8.400000000000004279e-07,1.000000000000000056e-01
8.500000000000003321e-07,1.000000000000000056e-01
8.600000000000002364e-07,1.000000000000000056e-01
8.700000000000001406e-07,8.000000000000000167e-02
8.800000000000000449e-07,8.000000000000000167e-02
8.900000000000007962e-07,8.000000000000000167e-02
9.000000000000007004e-07,5.999999999999999778e-02
9.100000000000006047e-07,1.400000000000000133e-01
9.200000000000005089e-07,5.999999999999999778e-02
9.300000000000004132e-07,8.000000000000000167e-02
9.400000000000003175e-07,1.199999999999999956e-01
9.500000000000002217e-07,1.000000000000000056e-01
9.600000000000001260e-07,1.000000000000000056e-01
9.700000000000000302e-07,8.000000000000000167e-02
9.800000000000007815e-07,8.000000000000000167e-02
9.900000000000006858e-07,1.000000000000000056e-01
1.000000000000000590e-06,8.000000000000000167e-02
1.010000000000000494e-06,5.999999999999999778e-02
1.020000000000000399e-06,1.000000000000000056e-01
1.030000000000000303e-06,1.000000000000000056e-01
1.040000000000000207e-06,8.000000000000000167e-02
1.050000000000000111e-06,5.999999999999999778e-02
1.060000000000000016e-06,1.000000000000000056e-01
1.070000000000000767e-06,5.999999999999999778e-02
1.080000000000000671e-06,1.000000000000000056e-01
1.090000000000000575e-06,5.999999999999999778e-02
1.100000000000000480e-06,8.000000000000000167e-02
1.110000000000000384e-06,1.000000000000000056e-01
1.120000000000000288e-06,5.999999999999999778e-02
1.130000000000000192e-06,1.000000000000000056e-01
1.140000000000000097e-06,8.000000000000000167e-02
1.150000000000000001e-06,8.000000000000000167e-02
1.160000000000000752e-06,1.000000000000000056e-01
1.170000000000000656e-06,5.999999999999999778e-02
1.180000000000000561e-06,8.000000000000000167e-02
1.190000000000000465e-06,8.000000000000000167e-02
1.200000000000000369e-06,8.000000000000000167e-02
1.210000000000000273e-06,1.000000000000000056e-01
1.220000000000000178e-06,1.000000000000000056e-01
1.230000000000000082e-06,8.000000000000000167e-02
1.239999999999999986e-06,8.000000000000000167e-02
1.250000000000000738e-06,8.000000000000000167e-02
1.260000000000000642e-06,1.000000000000000056e-01
1.270000000000000546e-06,1.000000000000000056e-01
1.280000000000000450e-06,1.199999999999999956e-01
1.290000000000000355e-06,1.400000000000000133e-01
1.300000000000000259e-06,1.799999999999999933e-01
1.310000000000000163e-06,2.200000000000000011e-01
1.320000000000000067e-06,2.600000000000000089e-01
1.330000000000000819e-06,3.400000000000000244e-01
1.340000000000000723e-06,4.600000000000000200e-01
1.350000000000000627e-06,5.200000000000000178e-01
1.360000000000000531e-06,6.600000000000000311e-01
1.370000000000000436e-06,7.800000000000000266e-01
1.380000000000000340e-06,9.200000000000000400e-01
1.390000000000000244e-06,1.020000000000000018e+00
1.400000000000000148e-06,1.100000000000000089e+00
1.410000000000000053e-06,1.140000000000000124e+00
1.420000000000000804e-06,1.140000000000000124e+00
1.430000000000000708e-06,1.100000000000000089e+00
1.440000000000000612e-06,1.020000000000000018e+00
1.450000000000000517e-06,9.400000000000000577e-01
1.460000000000000421e-06,9.000000000000000222e-01
1.470000000000000325e-06,7.800000000000000266e-01
1.480000000000000229e-06,7.199999999999999734e-01
1.490000000000000134e-06,6.199999999999999956e-01
1.500000000000000038e-06,5.600000000000000533e-01
1.510000000000000789e-06,5.000000000000000000e-01
1.520000000000000694e-06,4.799999999999999822e-01
1.530000000000000598e-06,4.199999999999999845e-01
1.540000000000000502e-06,3.800000000000000044e-01
1.550000000000000406e-06,3.400000000000000244e-01
1.560000000000000311e-06,3.400000000000000244e-01
1.570000000000000215e-06,3.400000000000000244e-01
1.580000000000000119e-06,3.200000000000000067e-01
1.590000000000000023e-06,2.999999999999999889e-01
1.600000000000000775e-06,2.999999999999999889e-01
1.610000000000000679e-06,2.800000000000000266e-01
1.620000000000000583e-06,2.600000000000000089e-01
1.630000000000000487e-06,2.800000000000000266e-01
1.640000000000000392e-06,2.399999999999999911e-01
1.650000000000000296e-06,2.600000000000000089e-01
1.660000000000000200e-06,2.600000000000000089e-01
1.670000000000000104e-06,2.399999999999999911e-01
1.680000000000000009e-06,2.399999999999999911e-01
1.690000000000000760e-06,2.200000000000000011e-01
1.700000000000000664e-06,2.399999999999999911e-01
1.710000000000000568e-06,2.200000000000000011e-01
1.720000000000000473e-06,2.200000000000000011e-01
1.730000000000000377e-06,2.000000000000000111e-01
1.740000000000000281e-06,2.399999999999999911e-01
1.750000000000000186e-06,2.000000000000000111e-01
1.760000000000000090e-06,1.799999999999999933e-01
1.769999999999999994e-06,1.799999999999999933e-01
1.780000000000000745e-06,2.000000000000000111e-01
1.790000000000000650e-06,2.000000000000000111e-01
1.800000000000000554e-06,1.799999999999999933e-01
1.810000000000000458e-06,1.799999999999999933e-01
1.820000000000000362e-06,1.799999999999999933e-01
1.830000000000000267e-06,1.799999999999999933e-01
1.840000000000000171e-06,1.600000000000000033e-01
1.850000000000000075e-06,1.799999999999999933e-01
1.860000000000000826e-06,1.799999999999999933e-01
1.870000000000000731e-06,1.600000000000000033e-01
1.880000000000000635e-06,1.799999999999999933e-01
1.890000000000000539e-06,1.600000000000000033e-01
1.900000000000000443e-06,2.000000000000000111e-01
1.910000000000000348e-06,1.799999999999999933e-01
1.920000000000000252e-06,1.600000000000000033e-01
1.930000000000000156e-06,1.799999999999999933e-01
1.940000000000000060e-06,1.799999999999999933e-01
1.950000000000000812e-06,1.600000000000000033e-01
1.960000000000000716e-06,1.600000000000000033e-01
1.970000000000000620e-06,1.799999999999999933e-01
1.980000000000000525e-06,1.400000000000000133e-01
1.990000000000000429e-06,1.600000000000000033e-01
2.000000000000000333e-06,1.400000000000000133e-01
2.010000000000000237e-06,1.600000000000000033e-01
2.020000000000000142e-06,1.600000000000000033e-01
2.030000000000000046e-06,1.600000000000000033e-01
2.040000000000000797e-06,1.199999999999999956e-01
2.050000000000000701e-06,1.600000000000000033e-01
2.060000000000000606e-06,1.199999999999999956e-01
2.070000000000000510e-06,1.400000000000000133e-01
2.080000000000000414e-06,1.400000000000000133e-01
2.090000000000000318e-06,1.199999999999999956e-01
2.100000000000000223e-06,1.400000000000000133e-01
2.110000000000000127e-06,1.600000000000000033e-01
2.120000000000000031e-06,1.600000000000000033e-01
2.130000000000000782e-06,1.400000000000000133e-01
2.140000000000000687e-06,1.600000000000000033e-01
2.150000000000000591e-06,1.199999999999999956e-01
2.160000000000000495e-06,1.400000000000000133e-01
2.170000000000000399e-06,1.400000000000000133e-01
2.180000000000000304e-06,1.400000000000000133e-01
2.190000000000000208e-06,1.199999999999999956e-01
2.200000000000000112e-06,1.600000000000000033e-01
2.210000000000000016e-06,1.199999999999999956e-01
2.220000000000000768e-06,1.400000000000000133e-01
2.230000000000000672e-06,1.000000000000000056e-01
2.240000000000000576e-06,1.000000000000000056e-01
2.250000000000000481e-06,1.199999999999999956e-01
2.260000000000000385e-06,1.199999999999999956e-01
2.270000000000000289e-06,1.400000000000000133e-01
2.280000000000000193e-06,1.400000000000000133e-01
2.290000000000000098e-06,1.199999999999999956e-01
2.300000000000000002e-06,1.199999999999999956e-01
2.310000000000000753e-06,1.000000000000000056e-01
2.320000000000000657e-06,1.400000000000000133e-01
2.330000000000000562e-06,1.199999999999999956e-01
2.340000000000000466e-06,1.400000000000000133e-01
2.350000000000000370e-06,1.400000000000000133e-01
2.360000000000000274e-06,1.199999999999999956e-01
2.370000000000000179e-06,1.799999999999999933e-01
2.380000000000000083e-06,1.400000000000000133e-01
2.390000000000000834e-06,1.600000000000000033e-01
2.400000000000000738e-06,1.799999999999999933e-01
2.410000000000000643e-06,2.200000000000000011e-01
2.420000000000000547e-06,2.600000000000000089e-01
2.430000000000000451e-06,2.800000000000000266e-01
2.440000000000000355e-06,3.599999999999999867e-01
2.450000000000000260e-06,5.000000000000000000e-01
2.460000000000000164e-06,6.400000000000000133e-01
2.470000000000000068e-06,8.399999999999999689e-01
2.480000000000000820e-06,1.020000000000000018e+00
2.490000000000000724e-06,1.239999999999999991e+00
2.500000000000000628e-06,1.419999999999999929e+00
2.510000000000000532e-06,1.520000000000000018e+00
2.520000000000000437e-06,1.520000000000000018e+00
2.530000000000000341e-06,1.459999999999999964e+00
2.540000000000000245e-06,1.360000000000000098e+00
2.550000000000000149e-06,1.239999999999999991e+00
2.560000000000000054e-06,1.080000000000000071e+00
2.570000000000000805e-06,9.599999999999999645e-01
2.580000000000000709e-06,8.399999999999999689e-01
2.590000000000000613e-06,7.600000000000000089e-01
2.600000000000000518e-06,6.800000000000000488e-01
2.610000000000000422e-06,5.999999999999999778e-01
2.620000000000000326e-06,5.600000000000000533e-01
2.630000000000000230e-06,5.000000000000000000e-01
2.640000000000000135e-06,5.000000000000000000e-01
2.650000000000000039e-06,4.799999999999999822e-01
2.660000000000000790e-06,4.199999999999999845e-01
2.670000000000000694e-06,4.199999999999999845e-01
2.680000000000000599e-06,4.199999999999999845e-01
2.690000000000000503e-06,3.800000000000000044e-01
2.700000000000000407e-06,3.800000000000000044e-01
2.710000000000000311e-06,3.800000000000000044e-01
2.720000000000000216e-06,3.200000000000000067e-01
2.730000000000000120e-06,3.400000000000000244e-01
2.740000000000000024e-06,3.400000000000000244e-01
2.750000000000000776e-06,3.200000000000000067e-01
2.760000000000000680e-06,3.400000000000000244e-01
2.770000000000000584e-06,3.200000000000000067e-01
2.780000000000000488e-06,3.400000000000000244e-01
2.790000000000000393e-06,2.999999999999999889e-01
2.800000000000000297e-06,2.800000000000000266e-01
2.810000000000000201e-06,2.999999999999999889e-01
2.820000000000000105e-06,2.800000000000000266e-01
2.830000000000000857e-06,2.800000000000000266e-01
2.840000000000000761e-06,2.800000000000000266e-01
2.850000000000000665e-06,2.600000000000000089e-01
2.860000000000000569e-06,2.600000000000000089e-01
2.870000000000000474e-06,2.800000000000000266e-01
2.880000000000000378e-06,2.200000000000000011e-01
2.890000000000000282e-06,2.600000000000000089e-01
2.900000000000000186e-06,2.600000000000000089e-01
2.910000000000000091e-06,2.600000000000000089e-01
2.920000000000000842e-06,2.600000000000000089e-01
2.930000000000000746e-06,2.600000000000000089e-01
2.940000000000000650e-06,2.600000000000000089e-01
2.950000000000000555e-06,2.600000000000000089e-01
2.960000000000000459e-06,2.600000000000000089e-01
2.970000000000000363e-06,2.600000000000000089e-01
2.980000000000000267e-06,2.399999999999999911e-01
2.990000000000000172e-06,2.200000000000000011e-01
3.000000000000000076e-06,2.200000000000000011e-01
3.010000000000000827e-06,2.399999999999999911e-01
3.020000000000000732e-06,2.399999999999999911e-01
3.030000000000000636e-06,2.399999999999999911e-01
3.040000000000000540e-06,2.200000000000000011e-01
3.050000000000000444e-06,2.200000000000000011e-01
3.060000000000000349e-06,2.399999999999999911e-01
3.070000000000000253e-06,2.399999999999999911e-01
3.080000000000000157e-06,2.200000000000000011e-01
3.090000000000000061e-06,2.200000000000000011e-01
3.100000000000000813e-06,2.000000000000000111e-01
3.110000000000000717e-06,2.399999999999999911e-01
3.120000000000000621e-06,2.000000000000000111e-01
3.130000000000000525e-06,2.399999999999999911e-01
3.140000000000000430e-06,2.200000000000000011e-01
3.150000000000000334e-06,1.799999999999999933e-01
3.160000000000000238e-06,2.000000000000000111e-01
3.170000000000000142e-06,2.000000000000000111e-01
3.180000000000000047e-06,1.799999999999999933e-01
3.190000000000000798e-06,2.200000000000000011e-01
3.200000000000000702e-06,2.000000000000000111e-01
3.210000000000000606e-06,2.000000000000000111e-01
3.220000000000000511e-06,2.000000000000000111e-01
3.230000000000000415e-06,2.000000000000000111e-01
3.240000000000000319e-06,1.799999999999999933e-01
3.250000000000000224e-06,2.000000000000000111e-01
3.260000000000000128e-06,2.000000000000000111e-01
3.270000000000000032e-06,2.200000000000000011e-01
3.280000000000000783e-06,1.799999999999999933e-01
3.290000000000000688e-06,2.000000000000000111e-01
3.300000000000000592e-06,2.200000000000000011e-01
3.310000000000000496e-06,2.000000000000000111e-01
3.320000000000000400e-06,2.000000000000000111e-01
3.330000000000000305e-06,1.600000000000000033e-01
3.340000000000000209e-06,1.799999999999999933e-01
3.350000000000000113e-06,1.799999999999999933e-01
3.360000000000000864e-06,1.799999999999999933e-01
3.370000000000000769e-06,1.799999999999999933e-01
3.380000000000000673e-06,1.799999999999999933e-01
3.390000000000000577e-06,1.600000000000000033e-01
3.400000000000000481e-06,2.000000000000000111e-01
3.410000000000000386e-06,2.000000000000000111e-01
3.420000000000000290e-06,1.600000000000000033e-01
3.430000000000000194e-06,1.600000000000000033e-01
3.440000000000000098e-06,2.000000000000000111e-01
3.450000000000000850e-06,1.799999999999999933e-01
3.460000000000000754e-06,1.799999999999999933e-01
3.470000000000000658e-06,1.799999999999999933e-01
3.480000000000000563e-06,1.600000000000000033e-01
3.490000000000000467e-06,1.799999999999999933e-01
3.500000000000000371e-06,2.000000000000000111e-01
3.510000000000000275e-06,2.000000000000000111e-01
3.520000000000000180e-06,2.000000000000000111e-01
3.530000000000000084e-06,1.799999999999999933e-01
3.539999999999999988e-06,2.000000000000000111e-01
3.549999999999999892e-06,2.000000000000000111e-01
3.559999999999999797e-06,1.600000000000000033e-01
3.569999999999999701e-06,1.600000000000000033e-01
3.580000000000001299e-06,1.600000000000000033e-01
3.590000000000001203e-06,1.799999999999999933e-01
3.600000000000001108e-06,1.400000000000000133e-01
3.610000000000001012e-06,1.799999999999999933e-01
3.620000000000000916e-06,1.799999999999999933e-01
3.630000000000000820e-06,1.799999999999999933e-01
3.640000000000000725e-06,1.600000000000000033e-01
3.650000000000000629e-06,1.799999999999999933e-01
3.660000000000000533e-06,2.200000000000000011e-01
3.670000000000000437e-06,2.000000000000000111e-01
3.680000000000000342e-06,2.600000000000000089e-01
3.690000000000000246e-06,2.600000000000000089e-01
3.700000000000000150e-06,2.999999999999999889e-01
3.710000000000000054e-06,3.400000000000000244e-01
3.719999999999999959e-06,4.199999999999999845e-01
3.729999999999999863e-06,5.000000000000000000e-01
3.739999999999999767e-06,6.199999999999999956e-01
3.749999999999999671e-06,7.800000000000000266e-01
3.760000000000001270e-06,9.599999999999999645e-01
3.770000000000001174e-06,1.199999999999999956e+00
3.780000000000001078e-06,1.459999999999999964e+00
3.790000000000000983e-06,1.660000000000000142e+00
3.800000000000000887e-06,1.840000000000000080e+00
3.810000000000000791e-06,1.959999999999999964e+00
3.820000000000000695e-06,1.979999999999999982e+00
3.830000000000000600e-06,1.919999999999999929e+00
3.840000000000000504e-06,1.840000000000000080e+00
3.850000000000000408e-06,1.719999999999999973e+00
3.860000000000000312e-06,1.560000000000000053e+00
3.870000000000000217e-06,1.439999999999999947e+00
3.880000000000000121e-06,1.300000000000000044e+00
3.890000000000000025e-06,1.199999999999999956e+00
3.899999999999999929e-06,1.060000000000000053e+00
3.909999999999999834e-06,9.799999999999999822e-01
3.919999999999999738e-06,9.000000000000000222e-01
3.929999999999999642e-06,8.399999999999999689e-01
3.940000000000001240e-06,8.000000000000000444e-01
3.950000000000001145e-06,7.399999999999999911e-01
3.960000000000001049e-06,6.800000000000000488e-01
3.970000000000000953e-06,6.600000000000000311e-01
3.980000000000000858e-06,5.999999999999999778e-01
3.990000000000000762e-06,6.199999999999999956e-01
4.000000000000000666e-06,5.799999999999999600e-01
4.010000000000000570e-06,5.799999999999999600e-01
4.020000000000000475e-06,5.600000000000000533e-01
4.030000000000000379e-06,5.400000000000000355e-01
4.040000000000000283e-06,5.400000000000000355e-01
4.050000000000000187e-06,4.799999999999999822e-01
4.060000000000000092e-06,5.000000000000000000e-01
4.069999999999999996e-06,5.000000000000000000e-01
4.079999999999999900e-06,4.799999999999999822e-01
4.089999999999999804e-06,4.400000000000000022e-01
4.099999999999999709e-06,4.600000000000000200e-01
4.110000000000001307e-06,4.600000000000000200e-01
4.120000000000001211e-06,4.799999999999999822e-01
4.130000000000001115e-06,4.400000000000000022e-01
4.140000000000001020e-06,4.400000000000000022e-01
4.150000000000000924e-06,4.199999999999999845e-01
4.160000000000000828e-06,4.199999999999999845e-01
4.170000000000000732e-06,4.000000000000000222e-01
4.180000000000000637e-06,4.199999999999999845e-01
4.190000000000000541e-06,3.800000000000000044e-01
4.200000000000000445e-06,3.800000000000000044e-01
4.210000000000000349e-06,4.000000000000000222e-01
4.220000000000000254e-06,3.800000000000000044e-01
4.230000000000000158e-06,3.800000000000000044e-01
4.240000000000000062e-06,4.000000000000000222e-01
4.249999999999999966e-06,3.800000000000000044e-01
4.259999999999999871e-06,4.000000000000000222e-01
4.269999999999999775e-06,3.599999999999999867e-01
4.279999999999999679e-06,3.800000000000000044e-01
4.290000000000001278e-06,3.800000000000000044e-01
4.300000000000001182e-06,3.800000000000000044e-01
4.310000000000001086e-06,4.000000000000000222e-01
4.320000000000000990e-06,3.800000000000000044e-01
4.330000000000000895e-06,3.800000000000000044e-01
4.340000000000000799e-06,3.599999999999999867e-01
4.350000000000000703e-06,3.599999999999999867e-01
4.360000000000000607e-06,3.599999999999999867e-01
4.370000000000000512e-06,3.400000000000000244e-01
4.380000000000000416e-06,3.599999999999999867e-01
4.390000000000000320e-06,3.800000000000000044e-01
4.400000000000000224e-06,3.599999999999999867e-01
4.410000000000000129e-06,3.400000000000000244e-01
4.420000000000000033e-06,3.400000000000000244e-01
4.429999999999999937e-06,3.800000000000000044e-01
4.439999999999999841e-06,3.599999999999999867e-01
4.449999999999999746e-06,3.599999999999999867e-01
4.459999999999999650e-06,3.400000000000000244e-01
4.470000000000001248e-06,3.599999999999999867e-01
4.480000000000001153e-06,3.800000000000000044e-01
4.490000000000001057e-06,4.199999999999999845e-01
4.500000000000000961e-06,3.800000000000000044e-01
4.510000000000000865e-06,4.000000000000000222e-01
4.520000000000000770e-06,4.000000000000000222e-01
4.530000000000000674e-06,4.400000000000000022e-01
4.540000000000000578e-06,4.799999999999999822e-01
4.550000000000000482e-06,4.799999999999999822e-01
4.560000000000000387e-06,5.200000000000000178e-01
4.570000000000000291e-06,5.600000000000000533e-01
4.580000000000000195e-06,6.199999999999999956e-01
4.590000000000000099e-06,6.600000000000000311e-01
4.600000000000000004e-06,7.600000000000000089e-01
4.609999999999999908e-06,8.000000000000000444e-01
4.619999999999999812e-06,9.200000000000000400e-01
4.629999999999999716e-06,9.599999999999999645e-01
4.640000000000001315e-06,1.020000000000000018e+00
4.650000000000001219e-06,1.080000000000000071e+00
4.660000000000001123e-06,1.140000000000000124e+00
4.670000000000001027e-06,1.199999999999999956e+00
4.680000000000000932e-06,1.199999999999999956e+00
4.690000000000000836e-06,1.179999999999999938e+00
4.700000000000000740e-06,1.159999999999999920e+00
4.710000000000000644e-06,1.140000000000000124e+00
4.720000000000000549e-06,1.100000000000000089e+00
4.730000000000000453e-06,1.080000000000000071e+00
4.740000000000000357e-06,1.020000000000000018e+00
4.750000000000000262e-06,9.599999999999999645e-01
4.760000000000000166e-06,9.200000000000000400e-01
4.770000000000000070e-06,9.000000000000000222e-01
4.779999999999999974e-06,8.399999999999999689e-01
4.789999999999999879e-06,8.000000000000000444e-01
4.799999999999999783e-06,7.600000000000000089e-01
4.809999999999999687e-06,7.000000000000000666e-01
4.820000000000001285e-06,7.199999999999999734e-01
4.830000000000001190e-06,6.800000000000000488e-01
4.840000000000001094e-06,6.199999999999999956e-01
4.850000000000000998e-06,6.199999999999999956e-01
4.860000000000000902e-06,5.799999999999999600e-01
4.870000000000000807e-06,5.999999999999999778e-01
4.880000000000000711e-06,5.600000000000000533e-01
4.890000000000000615e-06,5.600000000000000533e-01
4.900000000000000519e-06,5.400000000000000355e-01
4.910000000000000424e-06,5.400000000000000355e-01
4.920000000000000328e-06,5.200000000000000178e-01
4.930000000000000232e-06,5.000000000000000000e-01
4.940000000000000136e-06,5.000000000000000000e-01
4.950000000000000041e-06,4.799999999999999822e-01
4.959999999999999945e-06,4.799999999999999822e-01
4.969999999999999849e-06,4.799999999999999822e-01
4.979999999999999753e-06,5.000000000000000000e-01
4.989999999999999658e-06,4.600000000000000200e-01
5.000000000000001256e-06,4.600000000000000200e-01
5.010000000000001160e-06,4.600000000000000200e-01
5.020000000000001065e-06,4.600000000000000200e-01
5.030000000000000969e-06,4.600000000000000200e-01
5.040000000000000873e-06,4.400000000000000022e-01
5.050000000000000777e-06,4.400000000000000022e-01
5.060000000000000682e-06,4.199999999999999845e-01
5.070000000000000586e-06,4.199999999999999845e-01
5.080000000000000490e-06,4.000000000000000222e-01
5.090000000000000394e-06,4.000000000000000222e-01
5.100000000000000299e-06,4.199999999999999845e-01
5.110000000000000203e-06,4.199999999999999845e-01
5.120000000000000107e-06,4.000000000000000222e-01
5.130000000000000011e-06,4.000000000000000222e-01
5.139999999999999916e-06,4.199999999999999845e-01
5.149999999999999820e-06,4.000000000000000222e-01
5.159999999999999724e-06,4.199999999999999845e-01
5.170000000000001322e-06,4.000000000000000222e-01
5.180000000000001227e-06,3.599999999999999867e-01
5.190000000000001131e-06,4.000000000000000222e-01
5.200000000000001035e-06,4.000000000000000222e-01
5.210000000000000939e-06,3.800000000000000044e-01
5.220000000000000844e-06,3.800000000000000044e-01
5.230000000000000748e-06,4.000000000000000222e-01
5.240000000000000652e-06,3.800000000000000044e-01
5.250000000000000557e-06,3.800000000000000044e-01
5.260000000000000461e-06,3.800000000000000044e-01
5.270000000000000365e-06,3.800000000000000044e-01
5.280000000000000269e-06,4.000000000000000222e-01
5.290000000000000174e-06,4.000000000000000222e-01
5.300000000000000078e-06,4.000000000000000222e-01
5.309999999999999982e-06,3.599999999999999867e-01
5.319999999999999886e-06,3.800000000000000044e-01
5.329999999999999791e-06,3.800000000000000044e-01
5.339999999999999695e-06,3.599999999999999867e-01
5.350000000000001293e-06,3.800000000000000044e-01
5.360000000000001197e-06,4.000000000000000222e-01
5.370000000000001102e-06,3.800000000000000044e-01
5.380000000000001006e-06,4.000000000000000222e-01
5.390000000000000910e-06,3.800000000000000044e-01
5.400000000000000814e-06,3.400000000000000244e-01
5.410000000000000719e-06,3.800000000000000044e-01
5.420000000000000623e-06,3.599999999999999867e-01
5.430000000000000527e-06,3.800000000000000044e-01
5.440000000000000431e-06,3.599999999999999867e-01
5.450000000000000336e-06,4.000000000000000222e-01
5.460000000000000240e-06,3.800000000000000044e-01
5.470000000000000144e-06,3.800000000000000044e-01
5.480000000000000048e-06,4.000000000000000222e-01
5.489999999999999953e-06,4.199999999999999845e-01
5.499999999999999857e-06,4.000000000000000222e-01
5.509999999999999761e-06,4.400000000000000022e-01
5.519999999999999666e-06,4.199999999999999845e-01
5.530000000000001264e-06,4.600000000000000200e-01
5.540000000000001168e-06,4.600000000000000200e-01
5.550000000000001072e-06,5.000000000000000000e-01
5.560000000000000977e-06,5.200000000000000178e-01
5.570000000000000881e-06,5.400000000000000355e-01
5.580000000000000785e-06,5.999999999999999778e-01
5.590000000000000689e-06,6.600000000000000311e-01
5.600000000000000594e-06,7.000000000000000666e-01
5.610000000000000498e-06,8.000000000000000444e-01
5.620000000000000402e-06,8.399999999999999689e-01
5.630000000000000306e-06,9.000000000000000222e-01
5.640000000000000211e-06,1.000000000000000000e+00
5.650000000000000115e-06,1.040000000000000036e+00
5.660000000000000019e-06,1.120000000000000107e+00
5.669999999999999923e-06,1.159999999999999920e+00
5.679999999999999828e-06,1.219999999999999973e+00
5.689999999999999732e-06,1.260000000000000009e+00
5.700000000000001330e-06,1.260000000000000009e+00
5.710000000000001235e-06,1.260000000000000009e+00
5.720000000000001139e-06,1.260000000000000009e+00
5.730000000000001043e-06,1.239999999999999991e+00
5.740000000000000947e-06,1.179999999999999938e+00
5.750000000000000852e-06,1.140000000000000124e+00
5.760000000000000756e-06,1.120000000000000107e+00
5.770000000000000660e-06,1.080000000000000071e+00
5.780000000000000564e-06,1.020000000000000018e+00
5.790000000000000469e-06,1.020000000000000018e+00
5.800000000000000373e-06,9.400000000000000577e-01
5.810000000000000277e-06,9.000000000000000222e-01
5.820000000000000181e-06,8.599999999999999867e-01
5.830000000000000086e-06,8.200000000000000622e-01
5.839999999999999990e-06,7.800000000000000266e-01
5.849999999999999894e-06,7.600000000000000089e-01
5.859999999999999798e-06,7.399999999999999911e-01
5.869999999999999703e-06,7.199999999999999734e-01
5.880000000000001301e-06,7.000000000000000666e-01
5.890000000000001205e-06,7.000000000000000666e-01
5.900000000000001109e-06,6.600000000000000311e-01
5.910000000000001014e-06,6.600000000000000311e-01
5.920000000000000918e-06,6.400000000000000133e-01
5.930000000000000822e-06,6.199999999999999956e-01
5.940000000000000726e-06,5.999999999999999778e-01
5.950000000000000631e-06,5.799999999999999600e-01
5.960000000000000535e-06,5.799999999999999600e-01
5.970000000000000439e-06,5.600000000000000533e-01
5.980000000000000343e-06,5.600000000000000533e-01
5.990000000000000248e-06,5.600000000000000533e-01
6.000000000000000152e-06,5.400000000000000355e-01
6.010000000000000056e-06,5.200000000000000178e-01
6.019999999999999961e-06,5.400000000000000355e-01
6.029999999999999865e-06,5.200000000000000178e-01
6.039999999999999769e-06,5.200000000000000178e-01
6.049999999999999673e-06,5.200000000000000178e-01
6.060000000000001272e-06,5.000000000000000000e-01
6.070000000000001176e-06,4.799999999999999822e-01
6.080000000000001080e-06,5.000000000000000000e-01
6.090000000000000984e-06,5.000000000000000000e-01
6.100000000000000889e-06,4.799999999999999822e-01
6.110000000000000793e-06,4.799999999999999822e-01
6.120000000000000697e-06,4.600000000000000200e-01
6.130000000000000601e-06,4.799999999999999822e-01
6.140000000000000506e-06,4.600000000000000200e-01
6.150000000000000410e-06,4.799999999999999822e-01
6.160000000000000314e-06,4.600000000000000200e-01
6.170000000000000218e-06,4.600000000000000200e-01
6.180000000000000123e-06,4.600000000000000200e-01
6.190000000000000027e-06,4.600000000000000200e-01
6.199999999999999931e-06,4.400000000000000022e-01
6.209999999999999835e-06,4.600000000000000200e-01
6.219999999999999740e-06,4.199999999999999845e-01
6.230000000000001338e-06,4.199999999999999845e-01
6.240000000000001242e-06,4.600000000000000200e-01
6.250000000000001147e-06,4.199999999999999845e-01
6.260000000000001051e-06,4.199999999999999845e-01
6.270000000000000955e-06,4.400000000000000022e-01
6.280000000000000859e-06,4.400000000000000022e-01
6.290000000000000764e-06,4.600000000000000200e-01
6.300000000000000668e-06,4.199999999999999845e-01
6.310000000000000572e-06,4.199999999999999845e-01
6.320000000000000476e-06,4.400000000000000022e-01
6.330000000000000381e-06,4.199999999999999845e-01
6.340000000000000285e-06,4.400000000000000022e-01
6.350000000000000189e-06,4.400000000000000022e-01
6.360000000000000093e-06,4.199999999999999845e-01
6.369999999999999998e-06,4.600000000000000200e-01
6.379999999999999902e-06,4.600000000000000200e-01
6.389999999999999806e-06,4.600000000000000200e-01
6.399999999999999710e-06,4.400000000000000022e-01
6.410000000000001309e-06,4.600000000000000200e-01
6.420000000000001213e-06,4.600000000000000200e-01
6.430000000000001117e-06,4.600000000000000200e-01
6.440000000000001021e-06,4.600000000000000200e-01
6.450000000000000926e-06,5.000000000000000000e-01
6.460000000000000830e-06,5.000000000000000000e-01
6.470000000000000734e-06,5.400000000000000355e-01
6.480000000000000639e-06,5.600000000000000533e-01
6.490000000000000543e-06,5.999999999999999778e-01
6.500000000000000447e-06,6.800000000000000488e-01
6.510000000000000351e-06,7.600000000000000089e-01
6.520000000000000256e-06,8.000000000000000444e-01
6.530000000000000160e-06,8.800000000000000044e-01
6.540000000000000064e-06,1.000000000000000000e+00
6.549999999999999968e-06,1.100000000000000089e+00
6.559999999999999873e-06,1.219999999999999973e+00
6.569999999999999777e-06,1.360000000000000098e+00
6.579999999999999681e-06,1.479999999999999982e+00
6.590000000000001279e-06,1.600000000000000089e+00
6.600000000000001184e-06,1.719999999999999973e+00
6.610000000000001088e-06,1.800000000000000044e+00
6.620000000000000992e-06,1.840000000000000080e+00
6.630000000000000896e-06,1.860000000000000098e+00
6.640000000000000801e-06,1.860000000000000098e+00
6.650000000000000705e-06,1.820000000000000062e+00
6.660000000000000609e-06,1.780000000000000027e+00
6.670000000000000513e-06,1.679999999999999938e+00
6.680000000000000418e-06,1.640000000000000124e+00
6.690000000000000322e-06,1.520000000000000018e+00
6.700000000000000226e-06,1.459999999999999964e+00
6.710000000000000130e-06,1.419999999999999929e+00
6.720000000000000035e-06,1.320000000000000062e+00
6.729999999999999939e-06,1.239999999999999991e+00
6.739999999999999843e-06,1.179999999999999938e+00
6.749999999999999747e-06,1.120000000000000107e+00
6.760000000000001346e-06,1.080000000000000071e+00
6.770000000000001250e-06,1.020000000000000018e+00
6.780000000000001154e-06,9.799999999999999822e-01
6.790000000000001059e-06,9.400000000000000577e-01
6.800000000000000963e-06,9.400000000000000577e-01
6.810000000000000867e-06,9.000000000000000222e-01
6.820000000000000771e-06,8.399999999999999689e-01
6.830000000000000676e-06,8.399999999999999689e-01
6.840000000000000580e-06,8.200000000000000622e-01
6.850000000000000484e-06,8.000000000000000444e-01
6.860000000000000388e-06,8.000000000000000444e-01
6.870000000000000293e-06,7.600000000000000089e-01
6.880000000000000197e-06,7.800000000000000266e-01
6.890000000000000101e-06,7.399999999999999911e-01
6.900000000000000005e-06,7.399999999999999911e-01
6.909999999999999910e-06,7.199999999999999734e-01
6.919999999999999814e-06,7.199999999999999734e-01
6.929999999999999718e-06,6.800000000000000488e-01
6.940000000000001316e-06,6.800000000000000488e-01
6.950000000000001221e-06,7.000000000000000666e-01
6.960000000000001125e-06,7.000000000000000666e-01
6.970000000000001029e-06,6.800000000000000488e-01
6.980000000000000934e-06,6.400000000000000133e-01
6.990000000000000838e-06,6.600000000000000311e-01
7.000000000000000742e-06,6.400000000000000133e-01
7.010000000000000646e-06,6.400000000000000133e-01
7.020000000000000551e-06,6.400000000000000133e-01
7.030000000000000455e-06,6.400000000000000133e-01
7.040000000000000359e-06,6.199999999999999956e-01
7.050000000000000263e-06,6.199999999999999956e-01
7.060000000000000168e-06,5.999999999999999778e-01
7.070000000000000072e-06,6.199999999999999956e-01
7.079999999999999976e-06,5.999999999999999778e-01
7.089999999999999880e-06,5.999999999999999778e-01
7.099999999999999785e-06,5.999999999999999778e-01
7.109999999999999689e-06,5.799999999999999600e-01
7.120000000000001287e-06,5.799999999999999600e-01
7.130000000000001191e-06,5.799999999999999600e-01
7.140000000000001096e-06,5.600000000000000533e-01
7.150000000000001000e-06,5.799999999999999600e-01
7.160000000000000904e-06,5.600000000000000533e-01
7.170000000000000808e-06,5.600000000000000533e-01
7.180000000000000713e-06,5.600000000000000533e-01
7.190000000000000617e-06,5.600000000000000533e-01
7.200000000000000521e-06,5.400000000000000355e-01
7.210000000000000425e-06,5.400000000000000355e-01
7.220000000000000330e-06,5.600000000000000533e-01
7.230000000000000234e-06,5.600000000000000533e-01
7.240000000000000138e-06,5.400000000000000355e-01
7.250000000000000043e-06,5.400000000000000355e-01
7.259999999999999947e-06,5.600000000000000533e-01
7.269999999999999851e-06,5.600000000000000533e-01
7.279999999999999755e-06,5.600000000000000533e-01
7.290000000000001354e-06,5.200000000000000178e-01
7.300000000000001258e-06,5.400000000000000355e-01
7.310000000000001162e-06,5.200000000000000178e-01
7.320000000000001066e-06,5.200000000000000178e-01
7.330000000000000971e-06,5.200000000000000178e-01
7.340000000000000875e-06,5.200000000000000178e-01
7.350000000000000779e-06,5.200000000000000178e-01
7.360000000000000683e-06,5.200000000000000178e-01
7.370000000000000588e-06,5.200000000000000178e-01
7.380000000000000492e-06,5.200000000000000178e-01
7.390000000000000396e-06,5.200000000000000178e-01
7.400000000000000300e-06,5.000000000000000000e-01
7.410000000000000205e-06,5.200000000000000178e-01
7.420000000000000109e-06,5.200000000000000178e-01
7.430000000000000013e-06,5.200000000000000178e-01
7.439999999999999917e-06,5.200000000000000178e-01
7.449999999999999822e-06,5.200000000000000178e-01
7.459999999999999726e-06,5.400000000000000355e-01
7.470000000000001324e-06,5.200000000000000178e-01
7.480000000000001229e-06,5.200000000000000178e-01
7.490000000000001133e-06,5.200000000000000178e-01
7.500000000000001037e-06,5.400000000000000355e-01
7.510000000000000941e-06,5.600000000000000533e-01
7.520000000000000846e-06,5.200000000000000178e-01
7.530000000000000750e-06,5.600000000000000533e-01
7.540000000000000654e-06,5.799999999999999600e-01
7.550000000000000558e-06,5.799999999999999600e-01
7.560000000000000463e-06,5.999999999999999778e-01
7.570000000000000367e-06,6.400000000000000133e-01
7.580000000000000271e-06,6.600000000000000311e-01
7.590000000000000175e-06,6.800000000000000488e-01
7.600000000000000080e-06,7.199999999999999734e-01
7.609999999999999984e-06,7.399999999999999911e-01
7.619999999999999888e-06,8.000000000000000444e-01
7.629999999999999792e-06,8.599999999999999867e-01
7.639999999999999697e-06,9.400000000000000577e-01
7.650000000000001295e-06,9.799999999999999822e-01
7.660000000000001199e-06,1.040000000000000036e+00
7.670000000000001103e-06,1.100000000000000089e+00
7.680000000000001008e-06,1.159999999999999920e+00
7.690000000000000912e-06,1.219999999999999973e+00
7.700000000000000816e-06,1.300000000000000044e+00
7.710000000000000720e-06,1.320000000000000062e+00
7.720000000000000625e-06,1.380000000000000115e+00
7.730000000000000529e-06,1.380000000000000115e+00
7.740000000000000433e-06,1.419999999999999929e+00
7.750000000000000338e-06,1.400000000000000133e+00
7.760000000000000242e-06,1.419999999999999929e+00
7.770000000000000146e-06,1.400000000000000133e+00
7.780000000000000050e-06,1.380000000000000115e+00
7.789999999999999955e-06,1.340000000000000080e+00
7.799999999999999859e-06,1.300000000000000044e+00
7.809999999999999763e-06,1.280000000000000027e+00
7.820000000000001361e-06,1.219999999999999973e+00
7.830000000000001266e-06,1.179999999999999938e+00
7.840000000000001170e-06,1.120000000000000107e+00
7.850000000000001074e-06,1.120000000000000107e+00
7.860000000000000978e-06,1.060000000000000053e+00
7.870000000000000883e-06,1.060000000000000053e+00
7.880000000000000787e-06,9.799999999999999822e-01
7.890000000000000691e-06,9.799999999999999822e-01
7.900000000000000595e-06,9.599999999999999645e-01
7.910000000000000500e-06,9.000000000000000222e-01
7.920000000000000404e-06,9.000000000000000222e-01
7.930000000000000308e-06,8.800000000000000044e-01
7.940000000000000212e-06,8.399999999999999689e-01
7.950000000000000117e-06,8.000000000000000444e-01
7.960000000000000021e-06,8.200000000000000622e-01
7.969999999999999925e-06,7.800000000000000266e-01
7.979999999999999829e-06,7.800000000000000266e-01
7.989999999999999734e-06,7.600000000000000089e-01
8.000000000000001332e-06,7.399999999999999911e-01
8.010000000000001236e-06,7.399999999999999911e-01
8.020000000000001141e-06,7.399999999999999911e-01
8.030000000000001045e-06,7.199999999999999734e-01
8.040000000000000949e-06,7.199999999999999734e-01
8.050000000000000853e-06,6.800000000000000488e-01
8.060000000000000758e-06,7.000000000000000666e-01
8.070000000000000662e-06,6.800000000000000488e-01
8.080000000000000566e-06,6.800000000000000488e-01
8.090000000000000470e-06,6.800000000000000488e-01
8.100000000000000375e-06,6.600000000000000311e-01
8.110000000000000279e-06,6.800000000000000488e-01
8.120000000000000183e-06,6.600000000000000311e-01
8.130000000000000087e-06,6.400000000000000133e-01
8.139999999999999992e-06,6.400000000000000133e-01
8.149999999999999896e-06,6.199999999999999956e-01
8.159999999999999800e-06,6.199999999999999956e-01
8.169999999999999704e-06,6.400000000000000133e-01
8.180000000000001303e-06,6.400000000000000133e-01
8.190000000000001207e-06,6.400000000000000133e-01
8.200000000000001111e-06,5.999999999999999778e-01
8.210000000000001015e-06,5.999999999999999778e-01
8.220000000000000920e-06,6.199999999999999956e-01
8.230000000000000824e-06,5.999999999999999778e-01
8.240000000000000728e-06,5.999999999999999778e-01
8.250000000000000633e-06,5.799999999999999600e-01
8.260000000000000537e-06,5.999999999999999778e-01
8.270000000000000441e-06,6.199999999999999956e-01
8.280000000000000345e-06,5.799999999999999600e-01
8.290000000000000250e-06,5.999999999999999778e-01
8.300000000000000154e-06,5.799999999999999600e-01
8.310000000000000058e-06,5.799999999999999600e-01
8.319999999999999962e-06,5.799999999999999600e-01
8.329999999999999867e-06,5.600000000000000533e-01
8.339999999999999771e-06,5.400000000000000355e-01
8.350000000000001369e-06,5.799999999999999600e-01
8.360000000000001273e-06,5.600000000000000533e-01
8.370000000000001178e-06,5.600000000000000533e-01
8.380000000000001082e-06,5.600000000000000533e-01
8.390000000000000986e-06,5.600000000000000533e-01
8.400000000000000890e-06,5.600000000000000533e-01
8.410000000000000795e-06,5.600000000000000533e-01
8.420000000000000699e-06,5.600000000000000533e-01
8.430000000000000603e-06,5.400000000000000355e-01
8.440000000000000507e-06,5.400000000000000355e-01
8.450000000000000412e-06,5.400000000000000355e-01
8.460000000000000316e-06,5.400000000000000355e-01
8.470000000000000220e-06,5.200000000000000178e-01
8.480000000000000124e-06,5.200000000000000178e-01
8.490000000000000029e-06,5.400000000000000355e-01
8.499999999999999933e-06,5.400000000000000355e-01
8.509999999999999837e-06,5.400000000000000355e-01
8.519999999999999742e-06,5.200000000000000178e-01
8.530000000000001340e-06,5.400000000000000355e-01
8.540000000000001244e-06,5.000000000000000000e-01
8.550000000000001148e-06,5.000000000000000000e-01
8.560000000000001053e-06,5.000000000000000000e-01
8.570000000000000957e-06,5.400000000000000355e-01
8.580000000000000861e-06,5.200000000000000178e-01
8.590000000000000765e-06,5.400000000000000355e-01
8.600000000000000670e-06,4.799999999999999822e-01
8.610000000000000574e-06,5.200000000000000178e-01
8.620000000000000478e-06,5.200000000000000178e-01
8.630000000000000382e-06,5.000000000000000000e-01
8.640000000000000287e-06,4.799999999999999822e-01
8.650000000000000191e-06,5.200000000000000178e-01
8.660000000000000095e-06,5.200000000000000178e-01
8.669999999999999999e-06,5.200000000000000178e-01
8.679999999999999904e-06,4.799999999999999822e-01
8.689999999999999808e-06,5.200000000000000178e-01
8.699999999999999712e-06,5.200000000000000178e-01
8.710000000000001311e-06,5.200000000000000178e-01
8.720000000000001215e-06,5.000000000000000000e-01
8.730000000000001119e-06,5.200000000000000178e-01
8.740000000000001023e-06,5.000000000000000000e-01
8.750000000000000928e-06,5.000000000000000000e-01
8.760000000000000832e-06,5.000000000000000000e-01
8.770000000000000736e-06,5.000000000000000000e-01
8.780000000000000640e-06,4.799999999999999822e-01
8.790000000000000545e-06,5.000000000000000000e-01
8.800000000000000449e-06,5.000000000000000000e-01
8.810000000000000353e-06,4.799999999999999822e-01
8.820000000000000257e-06,5.000000000000000000e-01
8.830000000000000162e-06,4.799999999999999822e-01
8.840000000000000066e-06,5.000000000000000000e-01
8.849999999999999970e-06,4.600000000000000200e-01
8.859999999999999874e-06,4.799999999999999822e-01
8.869999999999999779e-06,4.799999999999999822e-01
8.880000000000001377e-06,5.000000000000000000e-01
8.890000000000001281e-06,5.000000000000000000e-01
8.900000000000001185e-06,5.200000000000000178e-01
8.910000000000001090e-06,5.200000000000000178e-01
8.920000000000000994e-06,5.200000000000000178e-01
8.930000000000000898e-06,5.400000000000000355e-01
8.940000000000000802e-06,5.600000000000000533e-01
8.950000000000000707e-06,5.799999999999999600e-01
8.960000000000000611e-06,5.600000000000000533e-01
8.970000000000000515e-06,5.600000000000000533e-01
8.980000000000000419e-06,5.799999999999999600e-01
8.990000000000000324e-06,5.999999999999999778e-01
9.000000000000000228e-06,6.400000000000000133e-01
9.010000000000000132e-06,6.800000000000000488e-01
9.020000000000000037e-06,7.000000000000000666e-01
9.029999999999999941e-06,7.600000000000000089e-01
9.039999999999999845e-06,7.800000000000000266e-01
9.049999999999999749e-06,8.599999999999999867e-01
9.060000000000001348e-06,9.200000000000000400e-01
9.070000000000001252e-06,1.000000000000000000e+00
9.080000000000001156e-06,1.060000000000000053e+00
9.090000000000001060e-06,1.140000000000000124e+00
9.100000000000000965e-06,1.239999999999999991e+00
9.110000000000000869e-06,1.340000000000000080e+00
9.120000000000000773e-06,1.419999999999999929e+00
9.130000000000000677e-06,1.540000000000000036e+00
9.140000000000000582e-06,1.600000000000000089e+00
9.150000000000000486e-06,1.699999999999999956e+00
9.160000000000000390e-06,1.760000000000000009e+00
9.170000000000000294e-06,1.800000000000000044e+00
9.180000000000000199e-06,1.840000000000000080e+00
9.190000000000000103e-06,1.860000000000000098e+00
9.200000000000000007e-06,1.840000000000000080e+00
9.209999999999999911e-06,1.840000000000000080e+00
9.219999999999999816e-06,1.800000000000000044e+00
9.230000000000001414e-06,1.760000000000000009e+00
9.240000000000001318e-06,1.739999999999999991e+00
9.250000000000001223e-06,1.679999999999999938e+00
9.260000000000001127e-06,1.620000000000000107e+00
9.270000000000001031e-06,1.560000000000000053e+00
9.280000000000000935e-06,1.500000000000000000e+00
9.290000000000000840e-06,1.439999999999999947e+00
9.300000000000000744e-06,1.400000000000000133e+00
9.310000000000000648e-06,1.320000000000000062e+00
9.320000000000000552e-06,1.260000000000000009e+00
9.330000000000000457e-06,1.219999999999999973e+00
9.340000000000000361e-06,1.179999999999999938e+00
9.350000000000000265e-06,1.179999999999999938e+00
9.360000000000000169e-06,1.100000000000000089e+00
9.370000000000000074e-06,1.060000000000000053e+00
9.379999999999999978e-06,1.080000000000000071e+00
9.389999999999999882e-06,1.020000000000000018e+00
9.399999999999999786e-06,1.000000000000000000e+00
9.410000000000001385e-06,9.799999999999999822e-01
9.420000000000001289e-06,9.400000000000000577e-01
9.430000000000001193e-06,9.400000000000000577e-01
9.440000000000001097e-06,9.200000000000000400e-01
9.450000000000001002e-06,9.000000000000000222e-01
9.460000000000000906e-06,9.000000000000000222e-01
9.470000000000000810e-06,8.599999999999999867e-01
9.480000000000000715e-06,8.800000000000000044e-01
9.490000000000000619e-06,8.599999999999999867e-01
9.500000000000000523e-06,8.200000000000000622e-01
9.510000000000000427e-06,8.200000000000000622e-01
9.520000000000000332e-06,8.399999999999999689e-01
9.530000000000000236e-06,8.000000000000000444e-01
9.540000000000000140e-06,7.800000000000000266e-01
9.550000000000000044e-06,7.800000000000000266e-01
9.559999999999999949e-06,7.800000000000000266e-01
9.569999999999999853e-06,7.800000000000000266e-01
9.579999999999999757e-06,7.600000000000000089e-01
9.590000000000001355e-06,7.399999999999999911e-01
9.600000000000001260e-06,7.600000000000000089e-01
9.610000000000001164e-06,7.600000000000000089e-01
9.620000000000001068e-06,7.399999999999999911e-01
9.630000000000000972e-06,7.399999999999999911e-01
9.640000000000000877e-06,7.199999999999999734e-01
9.650000000000000781e-06,7.000000000000000666e-01
9.660000000000000685e-06,7.000000000000000666e-01
9.670000000000000589e-06,7.000000000000000666e-01
9.680000000000000494e-06,7.000000000000000666e-01
9.690000000000000398e-06,7.000000000000000666e-01
9.700000000000000302e-06,7.000000000000000666e-01
9.710000000000000206e-06,6.800000000000000488e-01
9.720000000000000111e-06,6.800000000000000488e-01
9.730000000000000015e-06,6.600000000000000311e-01
9.739999999999999919e-06,6.600000000000000311e-01
9.749999999999999823e-06,6.600000000000000311e-01
9.760000000000001422e-06,6.600000000000000311e-01
9.770000000000001326e-06,6.600000000000000311e-01
9.780000000000001230e-06,6.600000000000000311e-01
9.790000000000001135e-06,6.800000000000000488e-01
9.800000000000001039e-06,6.400000000000000133e-01
9.810000000000000943e-06,6.199999999999999956e-01
9.820000000000000847e-06,6.600000000000000311e-01
9.830000000000000752e-06,6.400000000000000133e-01
9.840000000000000656e-06,6.400000000000000133e-01
9.850000000000000560e-06,6.400000000000000133e-01
9.860000000000000464e-06,6.199999999999999956e-01
9.870000000000000369e-06,6.400000000000000133e-01
9.880000000000000273e-06,5.999999999999999778e-01
9.890000000000000177e-06,6.199999999999999956e-01
9.900000000000000081e-06,5.999999999999999778e-01
9.909999999999999986e-06,5.999999999999999778e-01
9.919999999999999890e-06,6.199999999999999956e-01
9.929999999999999794e-06,6.199999999999999956e-01
9.940000000000001392e-06,6.199999999999999956e-01
9.950000000000001297e-06,5.999999999999999778e-01
9.960000000000001201e-06,5.999999999999999778e-01
9.970000000000001105e-06,6.199999999999999956e-01
9.980000000000001010e-06,5.999999999999999778e-01
9.990000000000000914e-06,5.799999999999999600e-01
1.000000000000000082e-05,5.999999999999999778e-01
1.001000000000000072e-05,5.999999999999999778e-01
1.002000000000000063e-05,5.799999999999999600e-01
1.003000000000000053e-05,5.799999999999999600e-01
1.004000000000000044e-05,5.999999999999999778e-01
1.005000000000000034e-05,5.799999999999999600e-01
1.006000000000000024e-05,5.999999999999999778e-01
1.007000000000000015e-05,5.799999999999999600e-01
1.008000000000000005e-05,5.799999999999999600e-01
1.008999999999999996e-05,5.799999999999999600e-01
1.009999999999999986e-05,5.799999999999999600e-01
1.010999999999999976e-05,5.600000000000000533e-01
1.012000000000000136e-05,5.600000000000000533e-01
1.013000000000000127e-05,5.400000000000000355e-01
1.014000000000000117e-05,5.799999999999999600e-01
1.015000000000000108e-05,5.600000000000000533e-01
1.016000000000000098e-05,5.600000000000000533e-01
1.017000000000000088e-05,5.600000000000000533e-01
1.018000000000000079e-05,5.600000000000000533e-01
1.019000000000000069e-05,5.600000000000000533e-01
1.020000000000000060e-05,5.600000000000000533e-01
1.021000000000000050e-05,5.600000000000000533e-01
1.022000000000000041e-05,5.600000000000000533e-01
1.023000000000000031e-05,5.799999999999999600e-01
1.024000000000000021e-05,5.600000000000000533e-01
1.025000000000000012e-05,5.799999999999999600e-01
1.026000000000000002e-05,5.400000000000000355e-01
1.026999999999999993e-05,5.600000000000000533e-01
1.027999999999999983e-05,5.600000000000000533e-01
1.029000000000000143e-05,5.600000000000000533e-01
1.030000000000000133e-05,5.400000000000000355e-01
1.031000000000000124e-05,5.600000000000000533e-01
1.032000000000000114e-05,5.400000000000000355e-01
1.033000000000000105e-05,5.600000000000000533e-01
1.034000000000000095e-05,5.400000000000000355e-01
1.035000000000000086e-05,5.400000000000000355e-01
1.036000000000000076e-05,5.400000000000000355e-01
1.037000000000000066e-05,5.600000000000000533e-01
1.038000000000000057e-05,5.200000000000000178e-01
1.039000000000000047e-05,5.400000000000000355e-01
1.040000000000000038e-05,5.400000000000000355e-01
1.041000000000000028e-05,5.200000000000000178e-01
1.042000000000000018e-05,5.200000000000000178e-01
1.043000000000000009e-05,5.200000000000000178e-01
1.043999999999999999e-05,5.200000000000000178e-01
1.044999999999999990e-05,5.200000000000000178e-01
1.045999999999999980e-05,5.400000000000000355e-01
1.047000000000000140e-05,5.000000000000000000e-01
1.048000000000000130e-05,5.400000000000000355e-01
1.049000000000000121e-05,5.000000000000000000e-01
1.050000000000000111e-05,5.200000000000000178e-01
1.051000000000000102e-05,5.000000000000000000e-01
1.052000000000000092e-05,5.400000000000000355e-01
1.053000000000000083e-05,5.200000000000000178e-01
1.054000000000000073e-05,5.200000000000000178e-01
1.055000000000000063e-05,5.200000000000000178e-01
1.056000000000000054e-05,5.200000000000000178e-01
1.057000000000000044e-05,5.200000000000000178e-01
1.058000000000000035e-05,4.799999999999999822e-01
1.059000000000000025e-05,5.200000000000000178e-01
1.060000000000000016e-05,5.200000000000000178e-01
1.061000000000000006e-05,5.000000000000000000e-01
1.061999999999999996e-05,5.000000000000000000e-01
1.062999999999999987e-05,5.200000000000000178e-01
1.063999999999999977e-05,5.200000000000000178e-01
1.065000000000000137e-05,4.799999999999999822e-01
1.066000000000000128e-05,5.000000000000000000e-01
1.067000000000000118e-05,5.000000000000000000e-01
1.068000000000000108e-05,4.799999999999999822e-01
1.069000000000000099e-05,4.799999999999999822e-01
1.070000000000000089e-05,5.000000000000000000e-01
1.071000000000000080e-05,5.000000000000000000e-01
1.072000000000000070e-05,5.200000000000000178e-01
1.073000000000000061e-05,4.799999999999999822e-01
1.074000000000000051e-05,5.000000000000000000e-01
1.075000000000000041e-05,4.799999999999999822e-01
1.076000000000000032e-05,4.799999999999999822e-01
1.077000000000000022e-05,5.000000000000000000e-01
1.078000000000000013e-05,4.799999999999999822e-01
1.079000000000000003e-05,4.799999999999999822e-01
1.079999999999999993e-05,4.799999999999999822e-01
1.080999999999999984e-05,5.000000000000000000e-01
1.082000000000000144e-05,4.799999999999999822e-01
1.083000000000000134e-05,4.799999999999999822e-01
1.084000000000000125e-05,5.000000000000000000e-01
1.085000000000000115e-05,4.799999999999999822e-01
1.086000000000000105e-05,4.600000000000000200e-01
1.087000000000000096e-05,4.799999999999999822e-01
1.088000000000000086e-05,4.799999999999999822e-01
1.089000000000000077e-05,4.799999999999999822e-01
1.090000000000000067e-05,4.799999999999999822e-01
1.091000000000000058e-05,4.799999999999999822e-01
1.092000000000000048e-05,5.000000000000000000e-01
1.093000000000000038e-05,5.000000000000000000e-01
1.094000000000000029e-05,4.799999999999999822e-01
1.095000000000000019e-05,4.600000000000000200e-01
1.096000000000000010e-05,4.799999999999999822e-01
1.097000000000000000e-05,4.600000000000000200e-01
1.097999999999999991e-05,4.799999999999999822e-01
1.098999999999999981e-05,4.799999999999999822e-01
1.100000000000000141e-05,5.000000000000000000e-01
1.101000000000000131e-05,5.000000000000000000e-01
1.102000000000000122e-05,4.600000000000000200e-01
1.103000000000000112e-05,4.600000000000000200e-01
1.104000000000000103e-05,4.799999999999999822e-01
1.105000000000000093e-05,4.799999999999999822e-01
1.106000000000000083e-05,4.799999999999999822e-01
1.107000000000000074e-05,4.600000000000000200e-01
1.108000000000000064e-05,5.000000000000000000e-01
1.109000000000000055e-05,4.600000000000000200e-01
1.110000000000000045e-05,4.600000000000000200e-01
1.111000000000000035e-05,4.799999999999999822e-01
1.112000000000000026e-05,4.799999999999999822e-01
1.113000000000000016e-05,4.600000000000000200e-01
1.114000000000000007e-05,4.799999999999999822e-01
1.114999999999999997e-05,4.799999999999999822e-01
1.115999999999999988e-05,5.000000000000000000e-01
1.117000000000000147e-05,5.000000000000000000e-01
1.117999999999999968e-05,5.000000000000000000e-01
1.119000000000000128e-05,5.200000000000000178e-01
1.119999999999999949e-05,5.000000000000000000e-01
1.121000000000000109e-05,5.400000000000000355e-01
1.121999999999999930e-05,5.600000000000000533e-01
1.123000000000000090e-05,5.600000000000000533e-01
1.123999999999999911e-05,5.799999999999999600e-01
1.125000000000000071e-05,5.799999999999999600e-01
1.126000000000000231e-05,6.199999999999999956e-01
1.127000000000000052e-05,6.600000000000000311e-01
1.128000000000000212e-05,6.600000000000000311e-01
1.129000000000000033e-05,7.000000000000000666e-01
1.130000000000000192e-05,7.600000000000000089e-01
1.131000000000000013e-05,7.600000000000000089e-01
1.132000000000000173e-05,8.800000000000000044e-01
1.132999999999999994e-05,9.000000000000000222e-01
1.134000000000000154e-05,9.599999999999999645e-01
1.134999999999999975e-05,1.000000000000000000e+00
1.136000000000000135e-05,1.100000000000000089e+00
1.136999999999999956e-05,1.140000000000000124e+00
1.138000000000000116e-05,1.239999999999999991e+00
1.138999999999999937e-05,1.320000000000000062e+00
1.140000000000000097e-05,1.380000000000000115e+00
1.140999999999999918e-05,1.439999999999999947e+00
1.142000000000000077e-05,1.500000000000000000e+00
1.142999999999999899e-05,1.540000000000000036e+00
1.144000000000000058e-05,1.540000000000000036e+00
1.145000000000000218e-05,1.620000000000000107e+00
1.146000000000000039e-05,1.640000000000000124e+00
1.147000000000000199e-05,1.660000000000000142e+00
1.148000000000000020e-05,1.660000000000000142e+00
1.149000000000000180e-05,1.640000000000000124e+00
1.150000000000000001e-05,1.600000000000000089e+00
1.151000000000000161e-05,1.580000000000000071e+00
1.151999999999999982e-05,1.560000000000000053e+00
1.153000000000000142e-05,1.520000000000000018e+00
1.153999999999999963e-05,1.479999999999999982e+00
1.155000000000000122e-05,1.459999999999999964e+00
1.155999999999999943e-05,1.419999999999999929e+00
1.157000000000000103e-05,1.360000000000000098e+00
1.157999999999999924e-05,1.320000000000000062e+00
1.159000000000000084e-05,1.300000000000000044e+00
1.159999999999999905e-05,1.260000000000000009e+00
1.161000000000000065e-05,1.219999999999999973e+00
1.162000000000000225e-05,1.199999999999999956e+00
1.163000000000000046e-05,1.140000000000000124e+00
1.164000000000000206e-05,1.140000000000000124e+00
1.165000000000000027e-05,1.120000000000000107e+00
1.166000000000000187e-05,1.080000000000000071e+00
1.167000000000000008e-05,1.040000000000000036e+00
1.168000000000000167e-05,1.040000000000000036e+00
1.168999999999999988e-05,1.000000000000000000e+00
1.170000000000000148e-05,9.799999999999999822e-01
1.170999999999999969e-05,9.599999999999999645e-01
1.172000000000000129e-05,9.400000000000000577e-01
1.172999999999999950e-05,9.400000000000000577e-01
1.174000000000000110e-05,9.200000000000000400e-01
1.174999999999999931e-05,9.200000000000000400e-01
1.176000000000000091e-05,8.599999999999999867e-01
1.176999999999999912e-05,8.599999999999999867e-01
1.178000000000000072e-05,8.599999999999999867e-01
1.179000000000000231e-05,8.599999999999999867e-01
1.180000000000000052e-05,8.200000000000000622e-01
1.181000000000000212e-05,8.200000000000000622e-01
1.182000000000000033e-05,8.000000000000000444e-01
1.183000000000000193e-05,8.000000000000000444e-01
1.184000000000000014e-05,8.000000000000000444e-01
1.185000000000000174e-05,7.600000000000000089e-01
1.185999999999999995e-05,7.800000000000000266e-01
1.187000000000000155e-05,8.000000000000000444e-01
1.187999999999999976e-05,7.600000000000000089e-01
1.189000000000000136e-05,7.399999999999999911e-01
1.189999999999999957e-05,7.800000000000000266e-01
1.191000000000000117e-05,7.600000000000000089e-01
1.191999999999999938e-05,7.399999999999999911e-01
1.193000000000000097e-05,7.399999999999999911e-01
1.193999999999999918e-05,7.199999999999999734e-01
1.195000000000000078e-05,7.199999999999999734e-01
1.195999999999999899e-05,7.199999999999999734e-01
1.197000000000000059e-05,7.600000000000000089e-01
1.198000000000000219e-05,7.000000000000000666e-01
1.199000000000000040e-05,7.199999999999999734e-01
1.200000000000000200e-05,7.000000000000000666e-01
1.201000000000000021e-05,7.000000000000000666e-01
1.202000000000000181e-05,7.000000000000000666e-01
1.203000000000000002e-05,7.000000000000000666e-01
1.204000000000000162e-05,7.000000000000000666e-01
1.204999999999999983e-05,6.600000000000000311e-01
1.206000000000000142e-05,6.600000000000000311e-01
1.206999999999999963e-05,6.800000000000000488e-01
1.208000000000000123e-05,6.600000000000000311e-01
1.208999999999999944e-05,6.600000000000000311e-01
1.210000000000000104e-05,6.600000000000000311e-01
1.210999999999999925e-05,6.400000000000000133e-01
1.212000000000000085e-05,6.600000000000000311e-01
1.212999999999999906e-05,6.400000000000000133e-01
1.214000000000000066e-05,6.600000000000000311e-01
1.215000000000000226e-05,6.400000000000000133e-01
1.216000000000000047e-05,6.600000000000000311e-01
1.217000000000000206e-05,6.400000000000000133e-01
1.218000000000000027e-05,6.600000000000000311e-01
1.219000000000000187e-05,6.199999999999999956e-01
1.220000000000000008e-05,6.199999999999999956e-01
1.221000000000000168e-05,6.400000000000000133e-01
1.221999999999999989e-05,6.400000000000000133e-01
1.223000000000000149e-05,6.400000000000000133e-01
1.223999999999999970e-05,5.999999999999999778e-01
1.225000000000000130e-05,6.199999999999999956e-01
1.225999999999999951e-05,6.199999999999999956e-01
1.227000000000000111e-05,6.199999999999999956e-01
1.227999999999999932e-05,6.199999999999999956e-01
1.229000000000000092e-05,6.199999999999999956e-01
1.229999999999999913e-05,6.199999999999999956e-01
1.231000000000000072e-05,6.199999999999999956e-01
1.232000000000000232e-05,5.999999999999999778e-01
1.233000000000000053e-05,5.799999999999999600e-01
1.234000000000000213e-05,5.999999999999999778e-01
1.235000000000000034e-05,6.199999999999999956e-01
1.236000000000000194e-05,5.999999999999999778e-01
1.237000000000000015e-05,5.999999999999999778e-01
1.238000000000000175e-05,5.999999999999999778e-01
1.238999999999999996e-05,5.999999999999999778e-01
1.240000000000000156e-05,5.999999999999999778e-01
1.240999999999999977e-05,5.999999999999999778e-01
1.242000000000000136e-05,5.999999999999999778e-01
1.242999999999999958e-05,6.199999999999999956e-01
1.244000000000000117e-05,5.600000000000000533e-01
1.244999999999999938e-05,5.799999999999999600e-01
1.246000000000000098e-05,5.999999999999999778e-01
1.246999999999999919e-05,5.600000000000000533e-01
1.248000000000000079e-05,5.799999999999999600e-01
1.248999999999999900e-05,5.999999999999999778e-01
1.250000000000000060e-05,5.600000000000000533e-01
1.251000000000000220e-05,5.600000000000000533e-01
1.252000000000000041e-05,5.799999999999999600e-01
1.253000000000000201e-05,5.799999999999999600e-01
1.254000000000000022e-05,5.600000000000000533e-01
1.255000000000000181e-05,5.600000000000000533e-01
1.256000000000000002e-05,5.600000000000000533e-01
1.257000000000000162e-05,5.600000000000000533e-01
1.257999999999999983e-05,5.600000000000000533e-01
1.259000000000000143e-05,5.600000000000000533e-01
1.259999999999999964e-05,5.799999999999999600e-01
1.261000000000000124e-05,5.600000000000000533e-01
1.261999999999999945e-05,5.600000000000000533e-01
1.263000000000000105e-05,5.799999999999999600e-01
1.263999999999999926e-05,5.799999999999999600e-01
1.265000000000000086e-05,5.799999999999999600e-01
1.265999999999999907e-05,5.600000000000000533e-01
1.267000000000000067e-05,5.600000000000000533e-01
1.268000000000000226e-05,5.400000000000000355e-01
1.269000000000000047e-05,5.799999999999999600e-01
1.270000000000000207e-05,5.600000000000000533e-01
1.271000000000000028e-05,5.600000000000000533e-01
1.272000000000000188e-05,5.600000000000000533e-01
1.273000000000000009e-05,5.600000000000000533e-01
1.274000000000000169e-05,5.600000000000000533e-01
1.274999999999999990e-05,5.600000000000000533e-01
1.276000000000000150e-05,5.600000000000000533e-01
1.276999999999999971e-05,5.600000000000000533e-01
1.278000000000000131e-05,5.600000000000000533e-01
1.278999999999999952e-05,5.600000000000000533e-01
1.280000000000000111e-05,5.999999999999999778e-01
1.280999999999999933e-05,5.600000000000000533e-01
1.282000000000000092e-05,5.999999999999999778e-01
1.282999999999999913e-05,5.799999999999999600e-01
1.284000000000000073e-05,5.799999999999999600e-01
1.285000000000000233e-05,5.999999999999999778e-01
1.286000000000000054e-05,5.999999999999999778e-01
1.287000000000000214e-05,5.799999999999999600e-01
1.288000000000000035e-05,5.799999999999999600e-01
1.289000000000000195e-05,5.999999999999999778e-01
1.290000000000000016e-05,5.999999999999999778e-01
1.291000000000000176e-05,6.400000000000000133e-01
1.291999999999999997e-05,6.199999999999999956e-01
1.293000000000000156e-05,6.400000000000000133e-01
1.293999999999999977e-05,6.400000000000000133e-01
1.295000000000000137e-05,6.600000000000000311e-01
1.295999999999999958e-05,6.800000000000000488e-01
1.297000000000000118e-05,6.800000000000000488e-01
1.297999999999999939e-05,7.000000000000000666e-01
1.299000000000000099e-05,7.399999999999999911e-01
1.299999999999999920e-05,7.399999999999999911e-01
1.301000000000000080e-05,7.800000000000000266e-01
1.301999999999999901e-05,8.000000000000000444e-01
1.303000000000000061e-05,8.200000000000000622e-01
1.304000000000000221e-05,8.200000000000000622e-01
1.305000000000000042e-05,8.599999999999999867e-01
1.306000000000000201e-05,9.000000000000000222e-01
1.307000000000000022e-05,9.200000000000000400e-01
1.308000000000000182e-05,9.400000000000000577e-01
1.309000000000000003e-05,1.000000000000000000e+00
1.310000000000000163e-05,9.799999999999999822e-01
1.310999999999999984e-05,1.040000000000000036e+00
1.312000000000000144e-05,1.060000000000000053e+00
1.312999999999999965e-05,1.080000000000000071e+00
1.314000000000000125e-05,1.080000000000000071e+00
1.314999999999999946e-05,1.120000000000000107e+00
1.316000000000000106e-05,1.159999999999999920e+00
1.316999999999999927e-05,1.179999999999999938e+00
1.318000000000000086e-05,1.179999999999999938e+00
1.318999999999999907e-05,1.199999999999999956e+00
1.320000000000000067e-05,1.199999999999999956e+00
1.321000000000000227e-05,1.219999999999999973e+00
1.322000000000000048e-05,1.219999999999999973e+00
1.323000000000000208e-05,1.239999999999999991e+00
1.324000000000000029e-05,1.239999999999999991e+00
1.325000000000000189e-05,1.219999999999999973e+00
1.326000000000000010e-05,1.219999999999999973e+00
1.327000000000000170e-05,1.179999999999999938e+00
1.327999999999999991e-05,1.179999999999999938e+00
1.329000000000000151e-05,1.140000000000000124e+00
1.329999999999999972e-05,1.179999999999999938e+00
1.331000000000000131e-05,1.120000000000000107e+00
1.331999999999999952e-05,1.100000000000000089e+00
1.333000000000000112e-05,1.100000000000000089e+00
1.333999999999999933e-05,1.080000000000000071e+00
1.335000000000000093e-05,1.080000000000000071e+00
1.335999999999999914e-05,1.060000000000000053e+00
1.337000000000000074e-05,1.020000000000000018e+00
1.338000000000000234e-05,1.000000000000000000e+00
1.339000000000000055e-05,1.000000000000000000e+00
1.340000000000000215e-05,9.799999999999999822e-01
1.341000000000000036e-05,9.799999999999999822e-01
1.342000000000000195e-05,9.599999999999999645e-01
1.343000000000000017e-05,9.200000000000000400e-01
1.344000000000000176e-05,9.400000000000000577e-01
1.344999999999999997e-05,9.200000000000000400e-01
1.346000000000000157e-05,9.000000000000000222e-01
1.346999999999999978e-05,8.800000000000000044e-01
1.348000000000000138e-05,8.599999999999999867e-01
1.348999999999999959e-05,8.599999999999999867e-01
1.350000000000000119e-05,8.399999999999999689e-01
1.350999999999999940e-05,8.599999999999999867e-01
1.352000000000000100e-05,8.200000000000000622e-01
1.352999999999999921e-05,8.200000000000000622e-01
1.354000000000000081e-05,8.000000000000000444e-01
1.354999999999999902e-05,8.000000000000000444e-01
1.356000000000000061e-05,8.200000000000000622e-01
1.357000000000000221e-05,7.800000000000000266e-01
1.358000000000000042e-05,8.000000000000000444e-01
1.359000000000000202e-05,7.800000000000000266e-01
1.360000000000000023e-05,7.800000000000000266e-01
1.361000000000000183e-05,7.600000000000000089e-01
1.362000000000000004e-05,7.399999999999999911e-01
1.363000000000000164e-05,7.600000000000000089e-01
1.363999999999999985e-05,7.600000000000000089e-01
1.365000000000000145e-05,7.199999999999999734e-01
1.365999999999999966e-05,7.199999999999999734e-01
1.367000000000000126e-05,7.399999999999999911e-01
1.367999999999999947e-05,7.399999999999999911e-01
1.369000000000000106e-05,7.399999999999999911e-01
1.369999999999999927e-05,7.199999999999999734e-01
1.371000000000000087e-05,7.199999999999999734e-01
1.371999999999999908e-05,7.199999999999999734e-01
1.373000000000000068e-05,7.199999999999999734e-01
1.374000000000000228e-05,7.000000000000000666e-01
1.375000000000000049e-05,6.800000000000000488e-01
1.376000000000000209e-05,7.000000000000000666e-01
1.377000000000000030e-05,7.000000000000000666e-01
1.378000000000000190e-05,7.000000000000000666e-01
1.379000000000000011e-05,7.199999999999999734e-01
1.380000000000000170e-05,6.800000000000000488e-01
1.380999999999999992e-05,6.800000000000000488e-01
1.382000000000000151e-05,6.800000000000000488e-01
1.382999999999999972e-05,6.800000000000000488e-01
1.384000000000000132e-05,6.400000000000000133e-01
1.384999999999999953e-05,6.800000000000000488e-01
1.386000000000000113e-05,6.400000000000000133e-01
1.386999999999999934e-05,6.600000000000000311e-01
1.388000000000000094e-05,6.600000000000000311e-01
1.388999999999999915e-05,6.800000000000000488e-01
1.390000000000000075e-05,6.600000000000000311e-01
1.391000000000000235e-05,6.400000000000000133e-01
1.392000000000000056e-05,6.400000000000000133e-01
1.393000000000000215e-05,6.400000000000000133e-01
1.394000000000000036e-05,6.199999999999999956e-01
1.395000000000000196e-05,6.600000000000000311e-01
1.396000000000000017e-05,6.400000000000000133e-01
1.397000000000000177e-05,6.600000000000000311e-01
1.397999999999999998e-05,6.400000000000000133e-01
1.399000000000000158e-05,6.400000000000000133e-01
1.399999999999999979e-05,6.400000000000000133e-01
1.401000000000000139e-05,6.199999999999999956e-01
1.401999999999999960e-05,6.199999999999999956e-01
1.403000000000000120e-05,6.199999999999999956e-01
1.403999999999999941e-05,6.199999999999999956e-01
1.405000000000000101e-05,5.999999999999999778e-01
1.405999999999999922e-05,6.199999999999999956e-01
1.407000000000000081e-05,5.999999999999999778e-01
1.407999999999999902e-05,5.999999999999999778e-01
1.409000000000000062e-05,5.799999999999999600e-01
1.410000000000000222e-05,5.999999999999999778e-01
1.411000000000000043e-05,6.199999999999999956e-01
1.412000000000000203e-05,5.999999999999999778e-01
1.413000000000000024e-05,5.999999999999999778e-01
1.414000000000000184e-05,6.199999999999999956e-01
1.415000000000000005e-05,5.999999999999999778e-01
1.416000000000000165e-05,5.799999999999999600e-01
1.416999999999999986e-05,5.999999999999999778e-01
1.418000000000000145e-05,5.799999999999999600e-01
1.418999999999999966e-05,5.999999999999999778e-01
1.420000000000000126e-05,5.999999999999999778e-01
1.420999999999999947e-05,6.199999999999999956e-01
1.422000000000000107e-05,5.999999999999999778e-01
1.422999999999999928e-05,5.999999999999999778e-01
1.424000000000000088e-05,5.999999999999999778e-01
1.424999999999999909e-05,5.999999999999999778e-01
1.426000000000000069e-05,5.799999999999999600e-01
1.427000000000000229e-05,5.999999999999999778e-01
1.428000000000000050e-05,5.799999999999999600e-01
1.429000000000000210e-05,5.799999999999999600e-01
1.430000000000000031e-05,5.799999999999999600e-01
1.431000000000000190e-05,5.600000000000000533e-01
1.432000000000000011e-05,5.799999999999999600e-01
1.433000000000000171e-05,5.999999999999999778e-01
1.433999999999999992e-05,5.799999999999999600e-01
1.435000000000000152e-05,5.799999999999999600e-01
1.435999999999999973e-05,5.799999999999999600e-01
1.437000000000000133e-05,5.799999999999999600e-01
1.437999999999999954e-05,5.600000000000000533e-01
1.439000000000000114e-05,5.600000000000000533e-01
1.439999999999999935e-05,5.799999999999999600e-01
1.441000000000000095e-05,5.999999999999999778e-01
1.441999999999999916e-05,5.600000000000000533e-01
1.443000000000000076e-05,5.600000000000000533e-01
1.444000000000000235e-05,5.600000000000000533e-01
1.445000000000000056e-05,5.600000000000000533e-01
1.446000000000000216e-05,5.600000000000000533e-01
1.447000000000000037e-05,5.400000000000000355e-01
1.448000000000000197e-05,5.600000000000000533e-01
1.449000000000000018e-05,5.600000000000000533e-01
1.450000000000000178e-05,5.400000000000000355e-01
1.450999999999999999e-05,5.799999999999999600e-01
1.452000000000000159e-05,5.799999999999999600e-01
1.452999999999999980e-05,5.600000000000000533e-01
1.454000000000000140e-05,5.600000000000000533e-01
1.454999999999999961e-05,5.600000000000000533e-01
1.456000000000000120e-05,5.600000000000000533e-01
1.456999999999999941e-05,5.600000000000000533e-01
1.458000000000000101e-05,5.600000000000000533e-01
1.458999999999999922e-05,5.799999999999999600e-01
1.460000000000000082e-05,5.799999999999999600e-01
1.460999999999999903e-05,5.600000000000000533e-01
1.462000000000000063e-05,5.799999999999999600e-01
1.463000000000000223e-05,5.600000000000000533e-01
1.464000000000000044e-05,5.799999999999999600e-01
1.465000000000000204e-05,5.600000000000000533e-01
1.466000000000000025e-05,5.799999999999999600e-01
1.467000000000000185e-05,5.799999999999999600e-01
1.468000000000000006e-05,5.600000000000000533e-01
1.469000000000000165e-05,5.799999999999999600e-01
1.469999999999999986e-05,5.799999999999999600e-01
1.471000000000000146e-05,5.799999999999999600e-01
1.471999999999999967e-05,5.799999999999999600e-01
1.473000000000000127e-05,5.799999999999999600e-01
1.473999999999999948e-05,5.999999999999999778e-01
1.475000000000000108e-05,5.799999999999999600e-01
1.475999999999999929e-05,5.999999999999999778e-01
1.477000000000000089e-05,5.999999999999999778e-01
1.477999999999999910e-05,5.999999999999999778e-01
1.479000000000000070e-05,6.199999999999999956e-01
1.480000000000000229e-05,6.199999999999999956e-01
1.481000000000000051e-05,5.999999999999999778e-01
1.482000000000000210e-05,6.199999999999999956e-01
1.483000000000000031e-05,6.199999999999999956e-01
1.484000000000000191e-05,6.400000000000000133e-01
1.485000000000000012e-05,6.199999999999999956e-01
1.486000000000000172e-05,6.199999999999999956e-01
1.486999999999999993e-05,6.600000000000000311e-01
1.488000000000000153e-05,6.800000000000000488e-01
1.488999999999999974e-05,7.000000000000000666e-01
1.490000000000000134e-05,6.800000000000000488e-01
1.490999999999999955e-05,6.800000000000000488e-01
1.492000000000000115e-05,7.199999999999999734e-01
1.492999999999999936e-05,7.000000000000000666e-01
1.494000000000000095e-05,7.600000000000000089e-01
1.494999999999999916e-05,7.600000000000000089e-01
1.496000000000000076e-05,7.600000000000000089e-01
1.497000000000000236e-05,7.800000000000000266e-01
1.498000000000000057e-05,7.800000000000000266e-01
1.499000000000000217e-05,8.200000000000000622e-01
1.500000000000000038e-05,8.399999999999999689e-01
1.501000000000000198e-05,8.399999999999999689e-01
1.502000000000000019e-05,9.000000000000000222e-01
1.503000000000000179e-05,8.800000000000000044e-01
1.504000000000000000e-05,9.000000000000000222e-01
1.505000000000000160e-05,9.200000000000000400e-01
1.505999999999999981e-05,9.400000000000000577e-01
1.507000000000000140e-05,9.599999999999999645e-01
1.507999999999999961e-05,9.599999999999999645e-01
1.509000000000000121e-05,9.400000000000000577e-01
1.509999999999999942e-05,1.000000000000000000e+00
1.511000000000000102e-05,9.799999999999999822e-01
1.511999999999999923e-05,9.799999999999999822e-01
1.513000000000000083e-05,1.060000000000000053e+00
1.513999999999999904e-05,1.020000000000000018e+00
1.515000000000000064e-05,1.040000000000000036e+00
1.516000000000000224e-05,1.080000000000000071e+00
1.517000000000000045e-05,1.040000000000000036e+00
1.518000000000000204e-05,1.060000000000000053e+00
1.519000000000000025e-05,1.080000000000000071e+00
1.520000000000000185e-05,1.080000000000000071e+00
1.521000000000000006e-05,1.060000000000000053e+00
1.522000000000000166e-05,1.060000000000000053e+00
1.522999999999999987e-05,1.060000000000000053e+00
1.524000000000000147e-05,1.080000000000000071e+00
1.524999999999999968e-05,1.080000000000000071e+00
1.525999999999999958e-05,1.040000000000000036e+00
1.527000000000000118e-05,1.020000000000000018e+00
1.528000000000000278e-05,1.060000000000000053e+00
1.528999999999999760e-05,1.040000000000000036e+00
1.529999999999999920e-05,1.040000000000000036e+00
1.531000000000000080e-05,1.020000000000000018e+00
1.532000000000000240e-05,1.040000000000000036e+00
1.533000000000000400e-05,1.020000000000000018e+00
1.533999999999999882e-05,9.799999999999999822e-01
1.535000000000000042e-05,9.799999999999999822e-01
1.536000000000000202e-05,1.000000000000000000e+00
1.537000000000000361e-05,9.799999999999999822e-01
1.537999999999999844e-05,9.400000000000000577e-01
1.539000000000000003e-05,9.599999999999999645e-01
1.540000000000000163e-05,9.200000000000000400e-01
1.541000000000000323e-05,9.200000000000000400e-01
1.541999999999999805e-05,9.000000000000000222e-01
1.542999999999999965e-05,9.200000000000000400e-01
1.544000000000000125e-05,8.800000000000000044e-01
1.545000000000000285e-05,9.000000000000000222e-01
1.545999999999999767e-05,9.000000000000000222e-01
1.546999999999999927e-05,8.599999999999999867e-01
1.548000000000000087e-05,8.599999999999999867e-01
1.549000000000000246e-05,8.599999999999999867e-01
1.550000000000000406e-05,8.399999999999999689e-01
1.550999999999999889e-05,8.599999999999999867e-01
1.552000000000000048e-05,8.399999999999999689e-01
1.553000000000000208e-05,8.200000000000000622e-01
1.554000000000000368e-05,8.399999999999999689e-01
1.554999999999999850e-05,8.399999999999999689e-01
1.556000000000000010e-05,8.200000000000000622e-01
1.557000000000000170e-05,7.800000000000000266e-01
1.558000000000000330e-05,7.800000000000000266e-01
1.558999999999999812e-05,7.800000000000000266e-01
1.559999999999999972e-05,7.600000000000000089e-01
1.561000000000000132e-05,8.000000000000000444e-01
1.562000000000000291e-05,7.600000000000000089e-01
1.562999999999999774e-05,7.600000000000000089e-01
1.563999999999999933e-05,7.600000000000000089e-01
1.565000000000000093e-05,7.600000000000000089e-01
1.566000000000000253e-05,7.600000000000000089e-01
1.566999999999999735e-05,7.600000000000000089e-01
1.567999999999999895e-05,7.399999999999999911e-01
1.569000000000000055e-05,7.600000000000000089e-01
1.570000000000000215e-05,7.600000000000000089e-01
1.571000000000000375e-05,7.399999999999999911e-01
1.571999999999999857e-05,7.199999999999999734e-01
1.573000000000000017e-05,7.199999999999999734e-01
1.574000000000000177e-05,7.000000000000000666e-01
1.575000000000000336e-05,7.199999999999999734e-01
1.575999999999999819e-05,7.199999999999999734e-01
1.576999999999999978e-05,7.399999999999999911e-01
1.578000000000000138e-05,7.000000000000000666e-01
1.579000000000000298e-05,7.199999999999999734e-01
1.579999999999999780e-05,7.000000000000000666e-01
1.580999999999999940e-05,7.000000000000000666e-01
1.582000000000000100e-05,6.800000000000000488e-01
1.583000000000000260e-05,6.800000000000000488e-01
1.583999999999999742e-05,7.000000000000000666e-01
1.584999999999999902e-05,6.800000000000000488e-01
1.586000000000000062e-05,6.800000000000000488e-01
1.587000000000000221e-05,7.000000000000000666e-01
1.588000000000000381e-05,6.800000000000000488e-01
1.588999999999999864e-05,6.800000000000000488e-01
1.590000000000000023e-05,6.600000000000000311e-01
1.591000000000000183e-05,6.400000000000000133e-01
1.592000000000000343e-05,6.400000000000000133e-01
1.592999999999999825e-05,6.600000000000000311e-01
1.593999999999999985e-05,6.600000000000000311e-01
1.595000000000000145e-05,6.600000000000000311e-01
1.596000000000000305e-05,6.600000000000000311e-01
1.596999999999999787e-05,6.600000000000000311e-01
1.597999999999999947e-05,6.800000000000000488e-01
1.599000000000000107e-05,6.199999999999999956e-01
1.600000000000000266e-05,6.400000000000000133e-01
1.600999999999999749e-05,6.199999999999999956e-01
1.601999999999999908e-05,6.400000000000000133e-01
1.603000000000000068e-05,6.600000000000000311e-01
1.604000000000000228e-05,6.400000000000000133e-01
1.605000000000000388e-05,6.199999999999999956e-01
1.605999999999999870e-05,6.600000000000000311e-01
1.607000000000000030e-05,5.999999999999999778e-01
1.608000000000000190e-05,6.199999999999999956e-01
1.609000000000000350e-05,6.199999999999999956e-01
1.609999999999999832e-05,6.400000000000000133e-01
1.610999999999999992e-05,6.199999999999999956e-01
1.612000000000000152e-05,6.400000000000000133e-01
1.613000000000000311e-05,6.199999999999999956e-01
1.613999999999999794e-05,6.400000000000000133e-01
1.614999999999999953e-05,6.199999999999999956e-01
1.616000000000000113e-05,5.999999999999999778e-01
1.617000000000000273e-05,6.199999999999999956e-01
1.617999999999999755e-05,6.199999999999999956e-01
1.618999999999999915e-05,6.400000000000000133e-01
1.620000000000000075e-05,6.199999999999999956e-01
1.621000000000000235e-05,6.199999999999999956e-01
1.622000000000000395e-05,6.199999999999999956e-01
1.622999999999999877e-05,6.400000000000000133e-01
1.624000000000000037e-05,5.999999999999999778e-01
1.625000000000000196e-05,5.999999999999999778e-01
1.626000000000000356e-05,5.999999999999999778e-01
1.626999999999999838e-05,6.199999999999999956e-01
1.627999999999999998e-05,6.400000000000000133e-01
1.629000000000000158e-05,5.999999999999999778e-01
1.630000000000000318e-05,5.799999999999999600e-01
1.630999999999999800e-05,6.199999999999999956e-01
1.631999999999999960e-05,6.199999999999999956e-01
1.633000000000000120e-05,5.999999999999999778e-01
1.634000000000000280e-05,5.799999999999999600e-01
1.634999999999999762e-05,5.999999999999999778e-01
1.635999999999999922e-05,6.199999999999999956e-01
1.637000000000000082e-05,6.199999999999999956e-01
1.638000000000000241e-05,6.199999999999999956e-01
1.639000000000000401e-05,6.199999999999999956e-01
1.639999999999999883e-05,5.799999999999999600e-01
1.641000000000000043e-05,6.199999999999999956e-01
1.642000000000000203e-05,6.199999999999999956e-01
1.643000000000000363e-05,6.199999999999999956e-01
1.643999999999999845e-05,6.199999999999999956e-01
1.645000000000000005e-05,6.199999999999999956e-01
1.646000000000000165e-05,5.999999999999999778e-01
1.647000000000000325e-05,5.999999999999999778e-01
1.647999999999999807e-05,5.799999999999999600e-01
1.648999999999999967e-05,6.199999999999999956e-01
1.650000000000000127e-05,6.199999999999999956e-01
1.651000000000000286e-05,6.199999999999999956e-01
1.651999999999999769e-05,5.999999999999999778e-01
1.652999999999999928e-05,6.199999999999999956e-01
1.654000000000000088e-05,6.400000000000000133e-01
1.655000000000000248e-05,6.400000000000000133e-01
1.656000000000000408e-05,6.199999999999999956e-01
1.656999999999999890e-05,6.400000000000000133e-01
1.658000000000000050e-05,6.199999999999999956e-01
1.659000000000000210e-05,6.199999999999999956e-01
1.660000000000000370e-05,6.400000000000000133e-01
1.660999999999999852e-05,6.400000000000000133e-01
1.662000000000000012e-05,6.400000000000000133e-01
1.663000000000000171e-05,6.400000000000000133e-01
1.664000000000000331e-05,6.600000000000000311e-01
1.664999999999999813e-05,6.400000000000000133e-01
1.665999999999999973e-05,6.400000000000000133e-01
1.667000000000000133e-05,6.400000000000000133e-01
1.668000000000000293e-05,6.600000000000000311e-01
1.668999999999999775e-05,6.600000000000000311e-01
1.669999999999999935e-05,6.800000000000000488e-01
1.671000000000000095e-05,6.600000000000000311e-01
1.672000000000000255e-05,6.800000000000000488e-01
1.672999999999999737e-05,6.400000000000000133e-01
1.673999999999999897e-05,6.800000000000000488e-01
1.675000000000000057e-05,7.000000000000000666e-01
1.676000000000000216e-05,7.199999999999999734e-01
1.677000000000000376e-05,7.000000000000000666e-01
1.677999999999999858e-05,7.199999999999999734e-01
1.679000000000000018e-05,6.800000000000000488e-01
1.680000000000000178e-05,7.000000000000000666e-01
1.681000000000000338e-05,7.199999999999999734e-01
1.681999999999999820e-05,7.199999999999999734e-01
1.682999999999999980e-05,7.199999999999999734e-01
1.684000000000000140e-05,7.199999999999999734e-01
1.685000000000000300e-05,7.399999999999999911e-01
1.685999999999999782e-05,7.600000000000000089e-01
1.686999999999999942e-05,7.399999999999999911e-01
1.688000000000000101e-05,7.600000000000000089e-01
1.689000000000000261e-05,7.600000000000000089e-01
1.689999999999999744e-05,7.399999999999999911e-01
1.690999999999999903e-05,7.600000000000000089e-01
1.692000000000000063e-05,8.000000000000000444e-01
1.693000000000000223e-05,8.000000000000000444e-01
1.694000000000000383e-05,7.800000000000000266e-01
1.694999999999999865e-05,8.000000000000000444e-01
1.696000000000000025e-05,8.000000000000000444e-01
1.697000000000000185e-05,8.000000000000000444e-01
1.698000000000000345e-05,8.200000000000000622e-01
1.698999999999999827e-05,8.200000000000000622e-01
1.699999999999999987e-05,8.200000000000000622e-01
1.701000000000000146e-05,8.000000000000000444e-01
1.702000000000000306e-05,8.200000000000000622e-01
1.702999999999999788e-05,8.000000000000000444e-01
1.703999999999999948e-05,8.000000000000000444e-01
1.705000000000000108e-05,8.000000000000000444e-01
1.706000000000000268e-05,8.200000000000000622e-01
1.706999999999999750e-05,8.399999999999999689e-01
1.707999999999999910e-05,8.000000000000000444e-01
1.709000000000000070e-05,7.800000000000000266e-01
1.710000000000000230e-05,8.000000000000000444e-01
1.711000000000000390e-05,8.200000000000000622e-01
1.711999999999999872e-05,8.000000000000000444e-01
1.713000000000000032e-05,8.000000000000000444e-01
1.714000000000000191e-05,8.000000000000000444e-01
1.715000000000000351e-05,8.000000000000000444e-01
1.715999999999999833e-05,8.000000000000000444e-01
1.716999999999999993e-05,7.800000000000000266e-01
1.718000000000000153e-05,8.000000000000000444e-01
1.719000000000000313e-05,7.800000000000000266e-01
1.719999999999999795e-05,8.200000000000000622e-01
1.720999999999999955e-05,8.200000000000000622e-01
1.722000000000000115e-05,7.600000000000000089e-01
1.723000000000000275e-05,7.600000000000000089e-01
1.723999999999999757e-05,7.600000000000000089e-01
1.724999999999999917e-05,7.600000000000000089e-01
1.726000000000000076e-05,7.800000000000000266e-01
1.727000000000000236e-05,8.000000000000000444e-01
1.728000000000000396e-05,7.399999999999999911e-01
1.728999999999999878e-05,7.199999999999999734e-01
1.730000000000000038e-05,7.600000000000000089e-01
1.731000000000000198e-05,7.600000000000000089e-01
1.732000000000000358e-05,7.399999999999999911e-01
1.732999999999999840e-05,7.199999999999999734e-01
1.734000000000000000e-05,7.199999999999999734e-01
1.735000000000000160e-05,7.199999999999999734e-01
1.736000000000000320e-05,7.199999999999999734e-01
1.736999999999999802e-05,7.199999999999999734e-01
1.737999999999999962e-05,7.000000000000000666e-01
1.739000000000000121e-05,7.199999999999999734e-01
1.740000000000000281e-05,7.000000000000000666e-01
1.740999999999999763e-05,7.199999999999999734e-01
1.741999999999999923e-05,6.800000000000000488e-01
1.743000000000000083e-05,7.199999999999999734e-01
1.744000000000000243e-05,7.000000000000000666e-01
1.745000000000000403e-05,7.000000000000000666e-01
1.745999999999999885e-05,6.600000000000000311e-01
1.747000000000000045e-05,6.800000000000000488e-01
1.748000000000000205e-05,6.600000000000000311e-01
1.749000000000000364e-05,7.000000000000000666e-01
1.749999999999999847e-05,6.600000000000000311e-01
1.751000000000000007e-05,6.600000000000000311e-01
1.752000000000000166e-05,6.600000000000000311e-01
1.753000000000000326e-05,6.800000000000000488e-01
1.753999999999999808e-05,6.400000000000000133e-01
1.754999999999999968e-05,6.600000000000000311e-01
1.756000000000000128e-05,6.600000000000000311e-01
1.757000000000000288e-05,6.400000000000000133e-01
1.757999999999999770e-05,6.600000000000000311e-01
1.758999999999999930e-05,6.400000000000000133e-01
1.760000000000000090e-05,6.600000000000000311e-01
1.761000000000000250e-05,6.400000000000000133e-01
1.762000000000000409e-05,6.400000000000000133e-01
1.762999999999999892e-05,6.400000000000000133e-01
1.764000000000000051e-05,6.400000000000000133e-01
1.765000000000000211e-05,6.400000000000000133e-01
1.766000000000000371e-05,6.199999999999999956e-01
1.766999999999999853e-05,6.400000000000000133e-01
1.768000000000000013e-05,6.400000000000000133e-01
1.769000000000000173e-05,6.400000000000000133e-01
1.770000000000000333e-05,5.999999999999999778e-01
1.770999999999999815e-05,6.199999999999999956e-01
1.771999999999999975e-05,5.999999999999999778e-01
1.773000000000000135e-05,5.999999999999999778e-01
1.774000000000000295e-05,5.999999999999999778e-01
1.774999999999999777e-05,6.199999999999999956e-01
1.775999999999999937e-05,5.799999999999999600e-01
1.777000000000000096e-05,6.199999999999999956e-01
1.778000000000000256e-05,6.199999999999999956e-01
1.778999999999999738e-05,5.799999999999999600e-01
1.779999999999999898e-05,5.999999999999999778e-01
1.781000000000000058e-05,6.199999999999999956e-01
1.782000000000000218e-05,6.199999999999999956e-01
1.783000000000000378e-05,5.600000000000000533e-01
1.783999999999999860e-05,5.999999999999999778e-01
1.785000000000000020e-05,5.799999999999999600e-01
1.786000000000000180e-05,5.999999999999999778e-01
1.787000000000000339e-05,6.199999999999999956e-01
1.787999999999999822e-05,5.799999999999999600e-01
1.788999999999999982e-05,5.600000000000000533e-01
1.790000000000000141e-05,5.799999999999999600e-01
1.791000000000000301e-05,5.999999999999999778e-01
1.791999999999999783e-05,6.199999999999999956e-01
1.792999999999999943e-05,5.799999999999999600e-01
1.794000000000000103e-05,5.799999999999999600e-01
1.795000000000000263e-05,5.600000000000000533e-01
1.795999999999999745e-05,5.799999999999999600e-01
1.796999999999999905e-05,5.600000000000000533e-01
1.798000000000000065e-05,5.799999999999999600e-01
1.799000000000000225e-05,5.799999999999999600e-01
1.800000000000000384e-05,5.799999999999999600e-01
1.800999999999999867e-05,5.999999999999999778e-01
1.802000000000000026e-05,5.799999999999999600e-01
1.803000000000000186e-05,5.600000000000000533e-01
1.804000000000000346e-05,5.799999999999999600e-01
1.804999999999999828e-05,5.400000000000000355e-01
1.805999999999999988e-05,5.600000000000000533e-01
1.807000000000000148e-05,5.600000000000000533e-01
1.808000000000000308e-05,5.600000000000000533e-01
1.808999999999999790e-05,5.400000000000000355e-01
1.809999999999999950e-05,5.400000000000000355e-01
1.811000000000000110e-05,5.600000000000000533e-01
1.812000000000000270e-05,5.600000000000000533e-01
1.812999999999999752e-05,5.799999999999999600e-01
1.813999999999999912e-05,5.400000000000000355e-01
1.815000000000000071e-05,5.600000000000000533e-01
1.816000000000000231e-05,5.799999999999999600e-01
1.817000000000000391e-05,5.999999999999999778e-01
1.817999999999999873e-05,5.200000000000000178e-01
1.819000000000000033e-05,5.600000000000000533e-01
1.820000000000000193e-05,5.400000000000000355e-01
1.821000000000000353e-05,5.400000000000000355e-01
1.821999999999999835e-05,5.600000000000000533e-01
1.822999999999999995e-05,5.799999999999999600e-01
1.824000000000000155e-05,5.400000000000000355e-01
1.825000000000000314e-05,5.799999999999999600e-01
1.825999999999999797e-05,5.600000000000000533e-01
1.826999999999999957e-05,5.400000000000000355e-01
1.828000000000000116e-05,5.400000000000000355e-01
1.829000000000000276e-05,5.600000000000000533e-01
1.829999999999999758e-05,5.600000000000000533e-01
1.830999999999999918e-05,5.400000000000000355e-01
1.832000000000000078e-05,5.200000000000000178e-01
1.833000000000000238e-05,5.600000000000000533e-01
1.834000000000000398e-05,5.400000000000000355e-01
1.834999999999999880e-05,5.400000000000000355e-01
1.836000000000000040e-05,5.400000000000000355e-01
1.837000000000000200e-05,5.400000000000000355e-01
1.838000000000000359e-05,5.200000000000000178e-01
1.838999999999999842e-05,5.600000000000000533e-01
1.840000000000000001e-05,5.400000000000000355e-01
1.841000000000000161e-05,5.400000000000000355e-01
1.842000000000000321e-05,5.400000000000000355e-01
1.842999999999999803e-05,5.200000000000000178e-01
1.843999999999999963e-05,5.400000000000000355e-01
1.845000000000000123e-05,5.200000000000000178e-01
1.846000000000000283e-05,5.400000000000000355e-01
1.846999999999999765e-05,5.000000000000000000e-01
1.847999999999999925e-05,5.600000000000000533e-01
1.849000000000000085e-05,5.400000000000000355e-01
1.850000000000000245e-05,5.200000000000000178e-01
1.851000000000000404e-05,5.000000000000000000e-01
1.851999999999999887e-05,5.400000000000000355e-01
1.853000000000000046e-05,5.600000000000000533e-01
1.854000000000000206e-05,5.600000000000000533e-01
1.855000000000000366e-05,5.200000000000000178e-01
1.855999999999999848e-05,5.400000000000000355e-01
1.857000000000000008e-05,5.600000000000000533e-01
1.858000000000000168e-05,5.400000000000000355e-01
1.859000000000000328e-05,5.600000000000000533e-01
1.859999999999999810e-05,5.400000000000000355e-01
1.860999999999999970e-05,5.200000000000000178e-01
1.862000000000000130e-05,5.200000000000000178e-01
1.863000000000000289e-05,5.400000000000000355e-01
1.863999999999999772e-05,5.200000000000000178e-01
1.864999999999999931e-05,5.200000000000000178e-01
1.866000000000000091e-05,5.400000000000000355e-01
1.867000000000000251e-05,5.600000000000000533e-01
1.868000000000000411e-05,5.400000000000000355e-01
1.868999999999999893e-05,5.200000000000000178e-01
1.870000000000000053e-05,5.400000000000000355e-01
1.871000000000000213e-05,5.400000000000000355e-01
1.872000000000000373e-05,5.200000000000000178e-01
1.872999999999999855e-05,5.400000000000000355e-01
1.874000000000000015e-05,5.200000000000000178e-01
1.875000000000000175e-05,5.400000000000000355e-01
1.876000000000000334e-05,5.400000000000000355e-01
1.876999999999999817e-05,5.400000000000000355e-01
1.877999999999999976e-05,5.200000000000000178e-01
1.879000000000000136e-05,5.200000000000000178e-01
1.880000000000000296e-05,5.600000000000000533e-01
1.880999999999999778e-05,5.799999999999999600e-01
1.881999999999999938e-05,5.799999999999999600e-01
1.883000000000000098e-05,5.600000000000000533e-01
1.884000000000000258e-05,5.200000000000000178e-01
1.884999999999999740e-05,5.400000000000000355e-01
1.885999999999999900e-05,5.600000000000000533e-01
1.887000000000000060e-05,5.400000000000000355e-01
1.888000000000000219e-05,5.400000000000000355e-01
1.889000000000000379e-05,5.400000000000000355e-01
1.889999999999999862e-05,5.600000000000000533e-01
1.891000000000000021e-05,5.400000000000000355e-01
1.892000000000000181e-05,5.600000000000000533e-01
1.893000000000000341e-05,5.600000000000000533e-01
1.893999999999999823e-05,5.799999999999999600e-01
1.894999999999999983e-05,5.799999999999999600e-01
1.896000000000000143e-05,5.600000000000000533e-01
1.897000000000000303e-05,5.600000000000000533e-01
1.897999999999999785e-05,5.799999999999999600e-01
1.898999999999999945e-05,5.799999999999999600e-01
1.900000000000000105e-05,5.799999999999999600e-01
1.901000000000000264e-05,5.999999999999999778e-01
1.901999999999999747e-05,5.799999999999999600e-01
1.902999999999999906e-05,5.999999999999999778e-01
1.904000000000000066e-05,5.799999999999999600e-01
1.905000000000000226e-05,5.799999999999999600e-01
1.906000000000000386e-05,5.999999999999999778e-01
1.906999999999999868e-05,5.999999999999999778e-01
1.908000000000000028e-05,5.799999999999999600e-01
1.909000000000000188e-05,5.999999999999999778e-01
1.910000000000000348e-05,5.999999999999999778e-01
1.910999999999999830e-05,5.999999999999999778e-01
1.911999999999999990e-05,6.199999999999999956e-01
1.913000000000000150e-05,5.999999999999999778e-01
1.914000000000000309e-05,6.199999999999999956e-01
1.914999999999999792e-05,6.400000000000000133e-01
1.915999999999999951e-05,6.400000000000000133e-01
1.917000000000000111e-05,6.199999999999999956e-01
1.918000000000000271e-05,6.400000000000000133e-01
1.918999999999999753e-05,6.400000000000000133e-01
1.919999999999999913e-05,6.400000000000000133e-01
1.921000000000000073e-05,6.600000000000000311e-01
1.922000000000000233e-05,6.600000000000000311e-01
1.923000000000000393e-05,6.400000000000000133e-01
1.923999999999999875e-05,6.600000000000000311e-01
1.925000000000000035e-05,6.800000000000000488e-01
1.926000000000000194e-05,6.600000000000000311e-01
1.927000000000000354e-05,6.800000000000000488e-01
1.927999999999999837e-05,6.800000000000000488e-01
1.928999999999999996e-05,6.600000000000000311e-01
1.930000000000000156e-05,6.600000000000000311e-01
1.931000000000000316e-05,6.800000000000000488e-01
1.931999999999999798e-05,7.000000000000000666e-01
1.932999999999999958e-05,6.800000000000000488e-01
1.934000000000000118e-05,6.800000000000000488e-01
1.935000000000000278e-05,6.800000000000000488e-01
1.935999999999999760e-05,6.800000000000000488e-01
1.936999999999999920e-05,6.800000000000000488e-01
1.938000000000000080e-05,7.000000000000000666e-01
1.939000000000000239e-05,7.000000000000000666e-01
1.940000000000000399e-05,6.800000000000000488e-01
1.940999999999999881e-05,7.000000000000000666e-01
1.942000000000000041e-05,7.000000000000000666e-01
1.943000000000000201e-05,6.800000000000000488e-01
1.944000000000000361e-05,7.000000000000000666e-01
1.944999999999999843e-05,7.000000000000000666e-01
1.946000000000000003e-05,6.800000000000000488e-01
1.947000000000000163e-05,7.199999999999999734e-01
1.948000000000000323e-05,6.800000000000000488e-01
1.948999999999999805e-05,6.800000000000000488e-01
1.949999999999999965e-05,7.000000000000000666e-01
1.951000000000000125e-05,7.000000000000000666e-01
1.952000000000000284e-05,7.199999999999999734e-01
1.952999999999999767e-05,7.000000000000000666e-01
1.953999999999999926e-05,7.199999999999999734e-01
1.955000000000000086e-05,7.199999999999999734e-01
1.956000000000000246e-05,7.199999999999999734e-01
1.957000000000000406e-05,6.800000000000000488e-01
1.957999999999999888e-05,7.000000000000000666e-01
1.959000000000000048e-05,6.800000000000000488e-01
1.960000000000000208e-05,6.800000000000000488e-01
1.961000000000000368e-05,7.199999999999999734e-01
1.961999999999999850e-05,6.800000000000000488e-01
1.963000000000000010e-05,6.800000000000000488e-01
1.964000000000000169e-05,7.000000000000000666e-01
1.965000000000000329e-05,7.000000000000000666e-01
1.965999999999999812e-05,6.800000000000000488e-01
1.966999999999999971e-05,7.000000000000000666e-01
1.968000000000000131e-05,6.800000000000000488e-01
1.969000000000000291e-05,6.800000000000000488e-01
1.969999999999999773e-05,6.800000000000000488e-01
1.970999999999999933e-05,6.600000000000000311e-01
1.972000000000000093e-05,7.000000000000000666e-01
1.973000000000000253e-05,7.000000000000000666e-01
1.974000000000000413e-05,6.800000000000000488e-01
1.974999999999999895e-05,7.000000000000000666e-01
1.976000000000000055e-05,6.800000000000000488e-01
1.977000000000000214e-05,6.600000000000000311e-01
1.978000000000000374e-05,7.000000000000000666e-01
1.978999999999999856e-05,7.000000000000000666e-01
1.980000000000000016e-05,7.000000000000000666e-01
1.981000000000000176e-05,7.000000000000000666e-01
1.982000000000000336e-05,7.000000000000000666e-01
1.982999999999999818e-05,7.199999999999999734e-01
1.983999999999999978e-05,7.199999999999999734e-01
1.985000000000000138e-05,7.399999999999999911e-01
1.986000000000000298e-05,7.199999999999999734e-01
1.986999999999999780e-05,7.199999999999999734e-01
1.987999999999999940e-05,7.199999999999999734e-01
1.989000000000000100e-05,7.399999999999999911e-01
1.990000000000000259e-05,7.199999999999999734e-01
1.990999999999999742e-05,7.399999999999999911e-01
1.991999999999999901e-05,7.600000000000000089e-01
1.993000000000000061e-05,7.600000000000000089e-01
1.994000000000000221e-05,7.800000000000000266e-01
1.995000000000000381e-05,7.800000000000000266e-01
1.995999999999999863e-05,8.000000000000000444e-01
1.997000000000000023e-05,7.800000000000000266e-01
1.998000000000000183e-05,8.000000000000000444e-01
1.999000000000000343e-05,7.800000000000000266e-01
1.999999999999999825e-05,8.200000000000000622e-01
2.000999999999999985e-05,8.000000000000000444e-01
2.002000000000000144e-05,8.200000000000000622e-01
2.003000000000000304e-05,8.200000000000000622e-01
2.003999999999999786e-05,8.399999999999999689e-01
2.004999999999999946e-05,8.800000000000000044e-01
2.006000000000000106e-05,8.599999999999999867e-01
2.007000000000000266e-05,8.599999999999999867e-01
2.007999999999999748e-05,8.599999999999999867e-01
2.008999999999999908e-05,8.599999999999999867e-01
2.010000000000000068e-05,9.000000000000000222e-01
2.011000000000000228e-05,8.800000000000000044e-01
2.012000000000000388e-05,9.000000000000000222e-01
2.012999999999999870e-05,9.200000000000000400e-01
2.014000000000000030e-05,9.200000000000000400e-01
2.015000000000000189e-05,9.200000000000000400e-01
2.016000000000000349e-05,9.000000000000000222e-01
2.016999999999999831e-05,9.400000000000000577e-01
2.017999999999999991e-05,9.400000000000000577e-01
2.019000000000000151e-05,9.599999999999999645e-01
2.020000000000000311e-05,9.599999999999999645e-01
2.020999999999999793e-05,9.400000000000000577e-01
2.021999999999999953e-05,9.400000000000000577e-01
2.023000000000000113e-05,9.799999999999999822e-01
2.024000000000000273e-05,9.400000000000000577e-01
2.024999999999999755e-05,9.400000000000000577e-01
2.025999999999999915e-05,9.599999999999999645e-01
2.027000000000000075e-05,9.799999999999999822e-01
2.028000000000000234e-05,9.599999999999999645e-01
2.029000000000000394e-05,9.599999999999999645e-01
2.029999999999999876e-05,9.400000000000000577e-01
2.031000000000000036e-05,9.400000000000000577e-01
2.032000000000000196e-05,9.599999999999999645e-01
2.033000000000000356e-05,9.400000000000000577e-01
2.033999999999999838e-05,9.200000000000000400e-01
2.034999999999999998e-05,9.200000000000000400e-01
2.036000000000000158e-05,9.200000000000000400e-01
2.037000000000000318e-05,9.200000000000000400e-01
2.037999999999999800e-05,9.200000000000000400e-01
2.038999999999999960e-05,8.800000000000000044e-01
2.040000000000000119e-05,9.000000000000000222e-01
2.041000000000000279e-05,8.599999999999999867e-01
2.041999999999999761e-05,8.800000000000000044e-01
2.042999999999999921e-05,8.599999999999999867e-01
2.044000000000000081e-05,8.800000000000000044e-01
2.045000000000000241e-05,8.599999999999999867e-01
2.046000000000000401e-05,8.800000000000000044e-01
2.046999999999999883e-05,8.599999999999999867e-01
2.048000000000000043e-05,8.399999999999999689e-01
2.049000000000000203e-05,8.599999999999999867e-01
2.050000000000000363e-05,8.399999999999999689e-01
2.050999999999999845e-05,8.399999999999999689e-01
2.052000000000000005e-05,8.200000000000000622e-01
2.053000000000000164e-05,8.200000000000000622e-01
2.054000000000000324e-05,8.200000000000000622e-01
2.054999999999999806e-05,8.000000000000000444e-01
2.055999999999999966e-05,8.000000000000000444e-01
2.057000000000000126e-05,7.600000000000000089e-01
2.058000000000000286e-05,8.000000000000000444e-01
2.058999999999999768e-05,8.000000000000000444e-01
2.059999999999999928e-05,7.800000000000000266e-01
2.061000000000000088e-05,7.600000000000000089e-01
2.062000000000000248e-05,7.800000000000000266e-01
2.063000000000000407e-05,7.600000000000000089e-01
2.063999999999999890e-05,7.800000000000000266e-01
2.065000000000000049e-05,7.399999999999999911e-01
2.066000000000000209e-05,7.600000000000000089e-01
2.067000000000000369e-05,7.399999999999999911e-01
2.067999999999999851e-05,7.600000000000000089e-01
2.069000000000000011e-05,7.199999999999999734e-01
2.070000000000000171e-05,7.399999999999999911e-01
2.071000000000000331e-05,7.399999999999999911e-01
2.071999999999999813e-05,7.399999999999999911e-01
2.072999999999999973e-05,7.199999999999999734e-01
2.074000000000000133e-05,7.199999999999999734e-01
2.075000000000000293e-05,7.199999999999999734e-01
2.075999999999999775e-05,7.199999999999999734e-01
2.076999999999999935e-05,7.199999999999999734e-01
2.078000000000000094e-05,7.000000000000000666e-01
2.079000000000000254e-05,7.199999999999999734e-01
2.080000000000000414e-05,7.000000000000000666e-01
2.080999999999999896e-05,6.800000000000000488e-01
2.082000000000000056e-05,7.000000000000000666e-01
2.083000000000000216e-05,6.800000000000000488e-01
2.084000000000000376e-05,6.800000000000000488e-01
2.084999999999999858e-05,6.800000000000000488e-01
2.086000000000000018e-05,7.000000000000000666e-01
2.087000000000000178e-05,7.000000000000000666e-01
2.088000000000000338e-05,6.800000000000000488e-01
2.088999999999999820e-05,6.600000000000000311e-01
