time_s,voltage_V
1.000000000000000082e-05,5.040000000000000036e-01
1.004000000000000044e-05,4.959999999999999964e-01
1.008000000000000005e-05,4.959999999999999964e-01
1.012000000000000136e-05,4.959999999999999964e-01
1.016000000000000098e-05,4.799999999999999822e-01
1.020000000000000060e-05,4.720000000000000306e-01
1.024000000000000021e-05,4.720000000000000306e-01
1.028000000000000153e-05,4.720000000000000306e-01
1.032000000000000114e-05,4.720000000000000306e-01
1.036000000000000076e-05,4.560000000000000164e-01
1.040000000000000038e-05,4.640000000000000235e-01
1.044000000000000169e-05,4.480000000000000093e-01
1.048000000000000130e-05,4.560000000000000164e-01
1.052000000000000092e-05,4.480000000000000093e-01
1.056000000000000054e-05,4.400000000000000022e-01
1.060000000000000016e-05,4.400000000000000022e-01
1.064000000000000147e-05,4.400000000000000022e-01
1.068000000000000108e-05,4.400000000000000022e-01
1.072000000000000070e-05,4.480000000000000093e-01
1.076000000000000032e-05,4.560000000000000164e-01
1.080000000000000163e-05,4.799999999999999822e-01
1.084000000000000125e-05,4.959999999999999964e-01
1.088000000000000086e-05,5.440000000000000391e-01
1.092000000000000048e-05,6.239999999999999991e-01
1.096000000000000010e-05,7.199999999999999734e-01
1.100000000000000141e-05,8.559999999999999831e-01
1.104000000000000103e-05,1.000000000000000000e+00
1.108000000000000064e-05,1.120000000000000107e+00
1.112000000000000026e-05,1.183999999999999941e+00
1.116000000000000157e-05,1.167999999999999927e+00
1.120000000000000119e-05,1.128000000000000114e+00
1.124000000000000080e-05,1.040000000000000036e+00
1.128000000000000042e-05,9.520000000000000684e-01
1.132000000000000004e-05,8.719999999999999973e-01
1.136000000000000135e-05,8.000000000000000444e-01
1.140000000000000097e-05,7.600000000000000089e-01
1.144000000000000058e-05,7.199999999999999734e-01
1.148000000000000020e-05,6.800000000000000488e-01
1.152000000000000151e-05,6.560000000000000275e-01
1.156000000000000113e-05,6.320000000000000062e-01
1.160000000000000075e-05,6.079999999999999849e-01
1.164000000000000036e-05,5.919999999999999707e-01
1.167999999999999998e-05,5.839999999999999636e-01
1.172000000000000129e-05,5.680000000000000604e-01
1.176000000000000091e-05,5.600000000000000533e-01
1.180000000000000052e-05,5.440000000000000391e-01
1.184000000000000014e-05,5.440000000000000391e-01
1.188000000000000145e-05,5.360000000000000320e-01
1.192000000000000107e-05,5.200000000000000178e-01
1.196000000000000069e-05,5.280000000000000249e-01
1.200000000000000030e-05,5.120000000000000107e-01
1.203999999999999992e-05,5.120000000000000107e-01
1.208000000000000123e-05,4.959999999999999964e-01
1.212000000000000085e-05,4.959999999999999964e-01
1.216000000000000047e-05,4.879999999999999893e-01
1.220000000000000178e-05,4.879999999999999893e-01
1.224000000000000139e-05,4.720000000000000306e-01
1.228000000000000101e-05,4.640000000000000235e-01
1.232000000000000063e-05,4.720000000000000306e-01
1.236000000000000025e-05,4.720000000000000306e-01
1.239999999999999986e-05,4.560000000000000164e-01
1.244000000000000117e-05,4.640000000000000235e-01
1.248000000000000079e-05,4.560000000000000164e-01
1.252000000000000041e-05,4.560000000000000164e-01
1.256000000000000172e-05,4.480000000000000093e-01
1.260000000000000134e-05,4.480000000000000093e-01
1.264000000000000095e-05,4.480000000000000093e-01
1.268000000000000057e-05,4.480000000000000093e-01
1.272000000000000019e-05,4.640000000000000235e-01
1.276000000000000150e-05,4.720000000000000306e-01
1.280000000000000111e-05,4.799999999999999822e-01
1.284000000000000073e-05,4.959999999999999964e-01
1.288000000000000035e-05,5.360000000000000320e-01
1.292000000000000166e-05,5.919999999999999707e-01
1.296000000000000128e-05,6.720000000000000417e-01
1.300000000000000089e-05,7.680000000000000160e-01
1.304000000000000051e-05,8.639999999999999902e-01
1.308000000000000013e-05,1.000000000000000000e+00
1.312000000000000144e-05,1.088000000000000078e+00
1.316000000000000106e-05,1.136000000000000121e+00
1.320000000000000067e-05,1.144000000000000128e+00
1.324000000000000029e-05,1.096000000000000085e+00
1.328000000000000160e-05,1.040000000000000036e+00
1.332000000000000122e-05,9.599999999999999645e-01
1.336000000000000084e-05,9.040000000000000258e-01
1.340000000000000045e-05,8.479999999999999760e-01
1.344000000000000007e-05,7.920000000000000373e-01
1.348000000000000138e-05,7.439999999999999947e-01
1.352000000000000100e-05,7.119999999999999662e-01
1.356000000000000061e-05,6.960000000000000631e-01
1.360000000000000193e-05,6.640000000000000346e-01
1.364000000000000154e-05,6.320000000000000062e-01
1.368000000000000116e-05,6.320000000000000062e-01
1.372000000000000078e-05,6.159999999999999920e-01
1.376000000000000039e-05,5.919999999999999707e-01
1.380000000000000001e-05,5.839999999999999636e-01
1.384000000000000132e-05,5.760000000000000675e-01
1.388000000000000094e-05,5.680000000000000604e-01
1.392000000000000056e-05,5.600000000000000533e-01
1.396000000000000187e-05,5.520000000000000462e-01
1.400000000000000148e-05,5.360000000000000320e-01
1.404000000000000110e-05,5.280000000000000249e-01
1.408000000000000072e-05,5.280000000000000249e-01
1.412000000000000034e-05,5.200000000000000178e-01
1.415999999999999995e-05,5.200000000000000178e-01
1.420000000000000126e-05,5.120000000000000107e-01
1.424000000000000088e-05,5.120000000000000107e-01
1.428000000000000050e-05,5.120000000000000107e-01
1.432000000000000181e-05,4.879999999999999893e-01
1.436000000000000143e-05,4.959999999999999964e-01
1.440000000000000104e-05,4.879999999999999893e-01
1.444000000000000066e-05,4.879999999999999893e-01
1.448000000000000028e-05,4.799999999999999822e-01
1.451999999999999989e-05,4.799999999999999822e-01
1.456000000000000120e-05,4.720000000000000306e-01
1.460000000000000082e-05,4.799999999999999822e-01
1.464000000000000213e-05,4.640000000000000235e-01
1.468000000000000175e-05,4.720000000000000306e-01
1.472000000000000137e-05,4.640000000000000235e-01
1.476000000000000098e-05,4.720000000000000306e-01
1.480000000000000060e-05,4.640000000000000235e-01
1.484000000000000022e-05,4.560000000000000164e-01
1.487999999999999983e-05,4.560000000000000164e-01
1.492000000000000115e-05,4.720000000000000306e-01
1.496000000000000076e-05,4.640000000000000235e-01
1.500000000000000207e-05,4.720000000000000306e-01
1.504000000000000169e-05,4.879999999999999893e-01
1.508000000000000131e-05,4.959999999999999964e-01
1.512000000000000093e-05,4.959999999999999964e-01
1.516000000000000054e-05,5.120000000000000107e-01
1.520000000000000016e-05,5.360000000000000320e-01
1.523999999999999978e-05,5.520000000000000462e-01
1.528000000000000278e-05,5.919999999999999707e-01
1.532000000000000240e-05,6.159999999999999920e-01
1.536000000000000202e-05,6.480000000000000204e-01
1.540000000000000163e-05,6.880000000000000560e-01
1.544000000000000125e-05,7.279999999999999805e-01
1.548000000000000087e-05,7.520000000000000018e-01
1.552000000000000048e-05,7.680000000000000160e-01
1.556000000000000010e-05,7.840000000000000302e-01
1.559999999999999972e-05,7.840000000000000302e-01
1.563999999999999933e-05,7.760000000000000231e-01
1.567999999999999895e-05,7.600000000000000089e-01
1.572000000000000196e-05,7.520000000000000018e-01
1.576000000000000157e-05,7.199999999999999734e-01
1.580000000000000119e-05,7.039999999999999591e-01
1.584000000000000081e-05,6.800000000000000488e-01
1.588000000000000042e-05,6.480000000000000204e-01
1.592000000000000004e-05,6.320000000000000062e-01
1.596000000000000305e-05,6.239999999999999991e-01
1.600000000000000266e-05,6.079999999999999849e-01
1.604000000000000228e-05,5.839999999999999636e-01
1.608000000000000190e-05,5.760000000000000675e-01
1.612000000000000152e-05,5.600000000000000533e-01
1.616000000000000113e-05,5.600000000000000533e-01
1.620000000000000075e-05,5.360000000000000320e-01
1.624000000000000037e-05,5.200000000000000178e-01
1.627999999999999998e-05,5.200000000000000178e-01
1.631999999999999960e-05,5.120000000000000107e-01
1.635999999999999922e-05,5.120000000000000107e-01
1.639999999999999883e-05,5.120000000000000107e-01
1.644000000000000184e-05,4.959999999999999964e-01
1.648000000000000146e-05,4.959999999999999964e-01
1.652000000000000107e-05,4.799999999999999822e-01
1.656000000000000069e-05,4.879999999999999893e-01
1.660000000000000031e-05,4.879999999999999893e-01
1.663999999999999992e-05,4.879999999999999893e-01
1.668000000000000293e-05,4.640000000000000235e-01
1.672000000000000255e-05,4.799999999999999822e-01
1.676000000000000216e-05,4.640000000000000235e-01
1.680000000000000178e-05,4.640000000000000235e-01
1.684000000000000140e-05,4.640000000000000235e-01
1.688000000000000101e-05,4.640000000000000235e-01
1.692000000000000063e-05,4.560000000000000164e-01
1.696000000000000025e-05,4.480000000000000093e-01
1.699999999999999987e-05,4.480000000000000093e-01
1.703999999999999948e-05,4.400000000000000022e-01
1.707999999999999910e-05,4.480000000000000093e-01
1.712000000000000211e-05,4.319999999999999951e-01
1.716000000000000172e-05,4.319999999999999951e-01
1.720000000000000134e-05,4.400000000000000022e-01
1.724000000000000096e-05,4.319999999999999951e-01
1.728000000000000057e-05,4.319999999999999951e-01
1.732000000000000019e-05,4.400000000000000022e-01
1.735999999999999981e-05,4.319999999999999951e-01
1.740000000000000281e-05,4.319999999999999951e-01
1.744000000000000243e-05,4.239999999999999880e-01
1.748000000000000205e-05,4.319999999999999951e-01
1.752000000000000166e-05,4.400000000000000022e-01
1.756000000000000128e-05,4.480000000000000093e-01
1.760000000000000090e-05,4.400000000000000022e-01
1.764000000000000051e-05,4.480000000000000093e-01
1.768000000000000013e-05,4.480000000000000093e-01
1.771999999999999975e-05,4.560000000000000164e-01
1.775999999999999937e-05,4.560000000000000164e-01
1.779999999999999898e-05,4.640000000000000235e-01
1.783999999999999860e-05,4.799999999999999822e-01
1.788000000000000160e-05,4.959999999999999964e-01
1.792000000000000122e-05,5.200000000000000178e-01
1.796000000000000084e-05,5.360000000000000320e-01
1.800000000000000046e-05,5.600000000000000533e-01
1.804000000000000346e-05,5.760000000000000675e-01
1.808000000000000308e-05,5.999999999999999778e-01
1.812000000000000270e-05,6.239999999999999991e-01
1.816000000000000231e-05,6.400000000000000133e-01
1.820000000000000193e-05,6.720000000000000417e-01
1.824000000000000155e-05,6.720000000000000417e-01
1.828000000000000116e-05,6.880000000000000560e-01
1.832000000000000078e-05,6.800000000000000488e-01
1.836000000000000040e-05,6.720000000000000417e-01
1.840000000000000001e-05,6.640000000000000346e-01
1.843999999999999963e-05,6.480000000000000204e-01
1.847999999999999925e-05,6.400000000000000133e-01
1.851999999999999887e-05,6.320000000000000062e-01
1.855999999999999848e-05,6.159999999999999920e-01
1.860000000000000149e-05,5.839999999999999636e-01
1.864000000000000110e-05,5.760000000000000675e-01
1.868000000000000072e-05,5.680000000000000604e-01
1.872000000000000034e-05,5.600000000000000533e-01
1.876000000000000334e-05,5.360000000000000320e-01
1.880000000000000296e-05,5.280000000000000249e-01
1.884000000000000258e-05,5.280000000000000249e-01
1.888000000000000219e-05,5.200000000000000178e-01
1.892000000000000181e-05,5.040000000000000036e-01
1.896000000000000143e-05,5.120000000000000107e-01
1.900000000000000105e-05,5.040000000000000036e-01
1.904000000000000066e-05,4.959999999999999964e-01
1.908000000000000028e-05,4.879999999999999893e-01
1.911999999999999990e-05,4.879999999999999893e-01
1.915999999999999951e-05,4.799999999999999822e-01
1.919999999999999913e-05,4.799999999999999822e-01
1.923999999999999875e-05,4.720000000000000306e-01
1.928000000000000175e-05,4.640000000000000235e-01
1.932000000000000137e-05,4.640000000000000235e-01
1.936000000000000099e-05,4.720000000000000306e-01
1.940000000000000060e-05,4.640000000000000235e-01
1.944000000000000022e-05,4.640000000000000235e-01
1.948000000000000323e-05,4.640000000000000235e-01
1.952000000000000284e-05,4.560000000000000164e-01
1.956000000000000246e-05,4.640000000000000235e-01
1.960000000000000208e-05,4.560000000000000164e-01
1.964000000000000169e-05,4.480000000000000093e-01
1.968000000000000131e-05,4.560000000000000164e-01
1.972000000000000093e-05,4.400000000000000022e-01
1.976000000000000055e-05,4.480000000000000093e-01
1.980000000000000016e-05,4.480000000000000093e-01
1.983999999999999978e-05,4.400000000000000022e-01
1.987999999999999940e-05,4.400000000000000022e-01
1.991999999999999901e-05,4.480000000000000093e-01
1.995999999999999863e-05,4.400000000000000022e-01
2.000000000000000164e-05,4.400000000000000022e-01
2.004000000000000125e-05,4.400000000000000022e-01
2.008000000000000087e-05,4.400000000000000022e-01
2.012000000000000049e-05,4.400000000000000022e-01
2.016000000000000349e-05,4.400000000000000022e-01
2.020000000000000311e-05,4.400000000000000022e-01
2.024000000000000273e-05,4.400000000000000022e-01
2.028000000000000234e-05,4.319999999999999951e-01
2.032000000000000196e-05,4.239999999999999880e-01
2.036000000000000158e-05,4.319999999999999951e-01
2.040000000000000119e-05,4.319999999999999951e-01
2.044000000000000081e-05,4.319999999999999951e-01
2.048000000000000043e-05,4.239999999999999880e-01
2.052000000000000005e-05,4.319999999999999951e-01
2.055999999999999966e-05,4.319999999999999951e-01
2.059999999999999928e-05,4.319999999999999951e-01
2.063999999999999890e-05,4.319999999999999951e-01
2.067999999999999851e-05,4.319999999999999951e-01
2.072000000000000152e-05,4.160000000000000364e-01
2.076000000000000114e-05,4.239999999999999880e-01
2.080000000000000075e-05,4.239999999999999880e-01
2.084000000000000037e-05,4.319999999999999951e-01
2.088000000000000338e-05,4.239999999999999880e-01
2.092000000000000299e-05,4.239999999999999880e-01
2.096000000000000261e-05,4.160000000000000364e-01
2.100000000000000223e-05,4.160000000000000364e-01
2.104000000000000184e-05,4.160000000000000364e-01
2.108000000000000146e-05,4.239999999999999880e-01
2.112000000000000108e-05,4.080000000000000293e-01
2.116000000000000069e-05,4.160000000000000364e-01
2.120000000000000031e-05,4.160000000000000364e-01
2.123999999999999993e-05,4.160000000000000364e-01
2.127999999999999955e-05,4.239999999999999880e-01
2.131999999999999916e-05,4.080000000000000293e-01
2.135999999999999878e-05,4.080000000000000293e-01
2.140000000000000178e-05,4.000000000000000222e-01
2.144000000000000140e-05,4.000000000000000222e-01
2.148000000000000102e-05,4.160000000000000364e-01
2.152000000000000064e-05,4.080000000000000293e-01
2.156000000000000025e-05,3.840000000000000080e-01
2.160000000000000326e-05,4.000000000000000222e-01
2.164000000000000287e-05,3.920000000000000151e-01
2.168000000000000249e-05,4.000000000000000222e-01
2.172000000000000211e-05,3.920000000000000151e-01
2.176000000000000173e-05,3.840000000000000080e-01
2.180000000000000134e-05,3.920000000000000151e-01
2.184000000000000096e-05,3.840000000000000080e-01
2.188000000000000058e-05,3.840000000000000080e-01
2.192000000000000019e-05,3.920000000000000151e-01
2.195999999999999981e-05,3.840000000000000080e-01
2.199999999999999943e-05,3.760000000000000009e-01
2.203999999999999905e-05,3.679999999999999938e-01
2.207999999999999866e-05,3.840000000000000080e-01
2.212000000000000167e-05,3.760000000000000009e-01
2.216000000000000128e-05,3.760000000000000009e-01
2.220000000000000090e-05,3.760000000000000009e-01
2.224000000000000052e-05,3.760000000000000009e-01
2.228000000000000352e-05,3.760000000000000009e-01
2.232000000000000314e-05,3.679999999999999938e-01
2.236000000000000276e-05,3.760000000000000009e-01
2.240000000000000237e-05,3.679999999999999938e-01
2.244000000000000199e-05,3.679999999999999938e-01
2.248000000000000161e-05,3.679999999999999938e-01
2.252000000000000123e-05,3.679999999999999938e-01
2.256000000000000084e-05,3.679999999999999938e-01
2.260000000000000046e-05,3.679999999999999938e-01
2.264000000000000008e-05,3.679999999999999938e-01
2.267999999999999969e-05,3.679999999999999938e-01
2.271999999999999931e-05,3.599999999999999867e-01
2.275999999999999893e-05,3.519999999999999796e-01
2.279999999999999854e-05,3.599999999999999867e-01
2.284000000000000155e-05,3.599999999999999867e-01
2.288000000000000117e-05,3.599999999999999867e-01
2.292000000000000078e-05,3.599999999999999867e-01
2.296000000000000040e-05,3.679999999999999938e-01
2.300000000000000341e-05,3.519999999999999796e-01
2.304000000000000302e-05,3.599999999999999867e-01
2.308000000000000264e-05,3.519999999999999796e-01
2.312000000000000226e-05,3.440000000000000280e-01
2.316000000000000187e-05,3.519999999999999796e-01
2.320000000000000149e-05,3.519999999999999796e-01
2.324000000000000111e-05,3.519999999999999796e-01
2.328000000000000073e-05,3.519999999999999796e-01
2.332000000000000034e-05,3.360000000000000209e-01
2.335999999999999996e-05,3.519999999999999796e-01
2.339999999999999958e-05,3.440000000000000280e-01
2.343999999999999919e-05,3.519999999999999796e-01
2.347999999999999881e-05,3.440000000000000280e-01
2.352000000000000182e-05,3.360000000000000209e-01
2.356000000000000143e-05,3.360000000000000209e-01
2.360000000000000105e-05,3.440000000000000280e-01
2.364000000000000067e-05,3.440000000000000280e-01
2.368000000000000028e-05,3.440000000000000280e-01
2.372000000000000329e-05,3.440000000000000280e-01
2.376000000000000291e-05,3.440000000000000280e-01
2.380000000000000252e-05,3.360000000000000209e-01
2.384000000000000214e-05,3.360000000000000209e-01
2.388000000000000176e-05,3.360000000000000209e-01
2.392000000000000137e-05,3.360000000000000209e-01
2.396000000000000099e-05,3.360000000000000209e-01
2.400000000000000061e-05,3.360000000000000209e-01
2.404000000000000023e-05,3.360000000000000209e-01
2.407999999999999984e-05,3.440000000000000280e-01
2.411999999999999946e-05,3.360000000000000209e-01
2.415999999999999908e-05,3.360000000000000209e-01
2.419999999999999869e-05,3.360000000000000209e-01
2.424000000000000170e-05,3.360000000000000209e-01
2.428000000000000132e-05,3.360000000000000209e-01
2.432000000000000093e-05,3.440000000000000280e-01
2.436000000000000055e-05,3.519999999999999796e-01
2.440000000000000355e-05,3.440000000000000280e-01
2.444000000000000317e-05,3.440000000000000280e-01
2.448000000000000279e-05,3.599999999999999867e-01
2.452000000000000241e-05,3.599999999999999867e-01
2.456000000000000202e-05,3.599999999999999867e-01
2.460000000000000164e-05,3.679999999999999938e-01
2.464000000000000126e-05,3.679999999999999938e-01
2.468000000000000087e-05,3.760000000000000009e-01
2.472000000000000049e-05,3.840000000000000080e-01
2.476000000000000011e-05,3.840000000000000080e-01
2.479999999999999972e-05,4.000000000000000222e-01
2.483999999999999934e-05,4.160000000000000364e-01
2.487999999999999896e-05,4.160000000000000364e-01
2.492000000000000196e-05,4.160000000000000364e-01
2.496000000000000158e-05,4.319999999999999951e-01
2.500000000000000120e-05,4.319999999999999951e-01
2.504000000000000082e-05,4.480000000000000093e-01
2.508000000000000043e-05,4.480000000000000093e-01
2.512000000000000344e-05,4.480000000000000093e-01
2.516000000000000305e-05,4.480000000000000093e-01
2.520000000000000267e-05,4.480000000000000093e-01
2.524000000000000229e-05,4.319999999999999951e-01
2.528000000000000191e-05,4.400000000000000022e-01
2.532000000000000152e-05,4.319999999999999951e-01
2.536000000000000114e-05,4.239999999999999880e-01
2.540000000000000076e-05,4.239999999999999880e-01
2.544000000000000037e-05,4.160000000000000364e-01
2.547999999999999999e-05,4.160000000000000364e-01
2.551999999999999961e-05,3.920000000000000151e-01
2.555999999999999922e-05,3.920000000000000151e-01
2.559999999999999884e-05,3.920000000000000151e-01
2.563999999999999846e-05,3.920000000000000151e-01
2.567999999999999808e-05,3.760000000000000009e-01
2.572000000000000447e-05,3.760000000000000009e-01
2.576000000000000409e-05,3.599999999999999867e-01
2.580000000000000370e-05,3.679999999999999938e-01
2.584000000000000332e-05,3.679999999999999938e-01
2.588000000000000294e-05,3.519999999999999796e-01
2.592000000000000255e-05,3.599999999999999867e-01
2.596000000000000217e-05,3.440000000000000280e-01
2.600000000000000179e-05,3.440000000000000280e-01
2.604000000000000141e-05,3.440000000000000280e-01
2.608000000000000102e-05,3.280000000000000138e-01
2.612000000000000064e-05,3.440000000000000280e-01
2.616000000000000026e-05,3.360000000000000209e-01
2.619999999999999987e-05,3.360000000000000209e-01
2.623999999999999949e-05,3.280000000000000138e-01
2.627999999999999911e-05,3.200000000000000067e-01
2.631999999999999872e-05,3.280000000000000138e-01
2.635999999999999834e-05,3.200000000000000067e-01
2.639999999999999796e-05,3.280000000000000138e-01
2.644000000000000435e-05,3.200000000000000067e-01
2.648000000000000397e-05,3.119999999999999996e-01
2.652000000000000359e-05,3.200000000000000067e-01
2.656000000000000320e-05,3.039999999999999925e-01
2.660000000000000282e-05,3.200000000000000067e-01
2.664000000000000244e-05,3.039999999999999925e-01
2.668000000000000205e-05,2.959999999999999853e-01
2.672000000000000167e-05,3.039999999999999925e-01
2.676000000000000129e-05,2.959999999999999853e-01
2.680000000000000090e-05,2.959999999999999853e-01
2.684000000000000052e-05,3.039999999999999925e-01
2.688000000000000014e-05,3.039999999999999925e-01
2.691999999999999976e-05,3.119999999999999996e-01
2.695999999999999937e-05,2.959999999999999853e-01
2.699999999999999899e-05,2.959999999999999853e-01
2.703999999999999861e-05,2.959999999999999853e-01
2.707999999999999822e-05,2.880000000000000338e-01
2.711999999999999784e-05,2.959999999999999853e-01
2.716000000000000423e-05,2.959999999999999853e-01
2.720000000000000385e-05,2.959999999999999853e-01
2.724000000000000347e-05,2.880000000000000338e-01
2.728000000000000309e-05,2.880000000000000338e-01
2.732000000000000270e-05,2.800000000000000266e-01
2.736000000000000232e-05,2.880000000000000338e-01
2.740000000000000194e-05,2.720000000000000195e-01
2.744000000000000155e-05,2.880000000000000338e-01
2.748000000000000117e-05,2.800000000000000266e-01
2.752000000000000079e-05,2.800000000000000266e-01
2.756000000000000040e-05,2.800000000000000266e-01
2.760000000000000002e-05,2.880000000000000338e-01
2.763999999999999964e-05,2.800000000000000266e-01
2.767999999999999926e-05,2.720000000000000195e-01
2.771999999999999887e-05,2.800000000000000266e-01
2.775999999999999849e-05,2.800000000000000266e-01
2.779999999999999811e-05,2.720000000000000195e-01
2.784000000000000450e-05,2.800000000000000266e-01
2.788000000000000412e-05,2.720000000000000195e-01
2.792000000000000373e-05,2.720000000000000195e-01
2.796000000000000335e-05,2.720000000000000195e-01
2.800000000000000297e-05,2.720000000000000195e-01
2.804000000000000259e-05,2.720000000000000195e-01
2.808000000000000220e-05,2.640000000000000124e-01
2.812000000000000182e-05,2.640000000000000124e-01
2.816000000000000144e-05,2.640000000000000124e-01
2.820000000000000105e-05,2.720000000000000195e-01
2.824000000000000067e-05,2.640000000000000124e-01
2.828000000000000029e-05,2.640000000000000124e-01
2.831999999999999990e-05,2.640000000000000124e-01
2.835999999999999952e-05,2.640000000000000124e-01
2.839999999999999914e-05,2.640000000000000124e-01
2.843999999999999876e-05,2.640000000000000124e-01
2.847999999999999837e-05,2.640000000000000124e-01
2.851999999999999799e-05,2.560000000000000053e-01
2.856000000000000438e-05,2.560000000000000053e-01
2.860000000000000400e-05,2.560000000000000053e-01
2.864000000000000362e-05,2.560000000000000053e-01
2.868000000000000323e-05,2.640000000000000124e-01
2.872000000000000285e-05,2.560000000000000053e-01
2.876000000000000247e-05,2.560000000000000053e-01
2.880000000000000208e-05,2.640000000000000124e-01
2.884000000000000170e-05,2.479999999999999982e-01
2.888000000000000132e-05,2.479999999999999982e-01
2.892000000000000094e-05,2.560000000000000053e-01
2.896000000000000055e-05,2.640000000000000124e-01
2.900000000000000017e-05,2.560000000000000053e-01
2.903999999999999979e-05,2.479999999999999982e-01
2.907999999999999940e-05,2.560000000000000053e-01
2.911999999999999902e-05,2.479999999999999982e-01
2.915999999999999864e-05,2.560000000000000053e-01
2.919999999999999826e-05,2.479999999999999982e-01
2.923999999999999787e-05,2.640000000000000124e-01
2.928000000000000427e-05,2.560000000000000053e-01
2.932000000000000388e-05,2.560000000000000053e-01
2.936000000000000350e-05,2.640000000000000124e-01
2.940000000000000312e-05,2.560000000000000053e-01
2.944000000000000273e-05,2.640000000000000124e-01
2.948000000000000235e-05,2.640000000000000124e-01
2.952000000000000197e-05,2.640000000000000124e-01
2.956000000000000158e-05,2.800000000000000266e-01
2.960000000000000120e-05,2.800000000000000266e-01
2.964000000000000082e-05,2.880000000000000338e-01
2.968000000000000044e-05,2.880000000000000338e-01
2.972000000000000005e-05,3.039999999999999925e-01
2.975999999999999967e-05,2.959999999999999853e-01
2.979999999999999929e-05,3.200000000000000067e-01
2.983999999999999890e-05,3.119999999999999996e-01
2.987999999999999852e-05,3.280000000000000138e-01
2.991999999999999814e-05,3.280000000000000138e-01
2.996000000000000453e-05,3.360000000000000209e-01
3.000000000000000415e-05,3.440000000000000280e-01
3.004000000000000377e-05,3.519999999999999796e-01
3.008000000000000338e-05,3.679999999999999938e-01
3.012000000000000300e-05,3.599999999999999867e-01
3.016000000000000262e-05,3.679999999999999938e-01
3.020000000000000223e-05,3.599999999999999867e-01
3.024000000000000185e-05,3.679999999999999938e-01
3.028000000000000147e-05,3.760000000000000009e-01
3.032000000000000108e-05,3.679999999999999938e-01
3.036000000000000070e-05,3.599999999999999867e-01
3.040000000000000032e-05,3.519999999999999796e-01
3.043999999999999994e-05,3.440000000000000280e-01
3.047999999999999955e-05,3.519999999999999796e-01
3.051999999999999917e-05,3.360000000000000209e-01
3.055999999999999879e-05,3.360000000000000209e-01
3.059999999999999840e-05,3.280000000000000138e-01
3.063999999999999802e-05,3.280000000000000138e-01
3.068000000000000441e-05,3.119999999999999996e-01
3.072000000000000403e-05,3.119999999999999996e-01
3.076000000000000365e-05,3.200000000000000067e-01
3.080000000000000326e-05,3.119999999999999996e-01
3.084000000000000288e-05,3.039999999999999925e-01
3.088000000000000250e-05,3.119999999999999996e-01
3.092000000000000212e-05,2.959999999999999853e-01
3.096000000000000173e-05,2.959999999999999853e-01
3.100000000000000135e-05,2.880000000000000338e-01
3.104000000000000097e-05,2.880000000000000338e-01
3.108000000000000058e-05,2.880000000000000338e-01
3.112000000000000020e-05,2.880000000000000338e-01
3.115999999999999982e-05,2.800000000000000266e-01
3.119999999999999944e-05,2.959999999999999853e-01
3.123999999999999905e-05,2.880000000000000338e-01
3.127999999999999867e-05,2.800000000000000266e-01
3.131999999999999829e-05,2.880000000000000338e-01
3.135999999999999790e-05,2.800000000000000266e-01
3.140000000000000430e-05,2.959999999999999853e-01
3.144000000000000391e-05,2.959999999999999853e-01
3.148000000000000353e-05,2.880000000000000338e-01
3.152000000000000315e-05,3.039999999999999925e-01
3.156000000000000276e-05,2.959999999999999853e-01
3.160000000000000238e-05,3.039999999999999925e-01
3.164000000000000200e-05,3.039999999999999925e-01
3.168000000000000162e-05,3.039999999999999925e-01
3.172000000000000123e-05,3.200000000000000067e-01
3.176000000000000085e-05,3.200000000000000067e-01
3.180000000000000047e-05,3.200000000000000067e-01
3.184000000000000008e-05,3.440000000000000280e-01
3.187999999999999970e-05,3.440000000000000280e-01
3.191999999999999932e-05,3.599999999999999867e-01
3.195999999999999893e-05,3.599999999999999867e-01
3.199999999999999855e-05,3.760000000000000009e-01
3.203999999999999817e-05,3.840000000000000080e-01
3.208000000000000456e-05,3.840000000000000080e-01
3.212000000000000418e-05,3.840000000000000080e-01
3.216000000000000380e-05,3.920000000000000151e-01
3.220000000000000341e-05,4.000000000000000222e-01
3.224000000000000303e-05,4.000000000000000222e-01
3.228000000000000265e-05,3.920000000000000151e-01
3.232000000000000226e-05,4.000000000000000222e-01
3.236000000000000188e-05,3.920000000000000151e-01
3.240000000000000150e-05,3.920000000000000151e-01
3.244000000000000112e-05,3.920000000000000151e-01
3.248000000000000073e-05,3.840000000000000080e-01
3.252000000000000035e-05,3.679999999999999938e-01
3.255999999999999997e-05,3.760000000000000009e-01
3.259999999999999958e-05,3.679999999999999938e-01
3.263999999999999920e-05,3.679999999999999938e-01
3.267999999999999882e-05,3.599999999999999867e-01
3.271999999999999843e-05,3.519999999999999796e-01
3.275999999999999805e-05,3.519999999999999796e-01
3.280000000000000444e-05,3.280000000000000138e-01
3.284000000000000406e-05,3.360000000000000209e-01
3.288000000000000368e-05,3.280000000000000138e-01
3.292000000000000330e-05,3.360000000000000209e-01
3.296000000000000291e-05,3.119999999999999996e-01
3.300000000000000253e-05,3.119999999999999996e-01
3.304000000000000215e-05,3.119999999999999996e-01
3.308000000000000176e-05,3.200000000000000067e-01
3.312000000000000138e-05,3.119999999999999996e-01
3.316000000000000100e-05,3.039999999999999925e-01
3.320000000000000062e-05,3.039999999999999925e-01
3.324000000000000023e-05,2.880000000000000338e-01
3.327999999999999985e-05,3.039999999999999925e-01
3.331999999999999947e-05,2.880000000000000338e-01
3.335999999999999908e-05,2.959999999999999853e-01
3.339999999999999870e-05,2.880000000000000338e-01
3.343999999999999832e-05,2.800000000000000266e-01
3.347999999999999793e-05,2.800000000000000266e-01
3.352000000000000433e-05,2.880000000000000338e-01
3.356000000000000394e-05,2.880000000000000338e-01
3.360000000000000356e-05,2.959999999999999853e-01
3.364000000000000318e-05,2.720000000000000195e-01
3.368000000000000280e-05,2.720000000000000195e-01
3.372000000000000241e-05,2.720000000000000195e-01
3.376000000000000203e-05,2.800000000000000266e-01
3.380000000000000165e-05,2.640000000000000124e-01
3.384000000000000126e-05,2.640000000000000124e-01
3.388000000000000088e-05,2.640000000000000124e-01
3.392000000000000050e-05,2.640000000000000124e-01
3.396000000000000011e-05,2.640000000000000124e-01
3.399999999999999973e-05,2.640000000000000124e-01
3.403999999999999935e-05,2.640000000000000124e-01
3.407999999999999897e-05,2.640000000000000124e-01
3.411999999999999858e-05,2.560000000000000053e-01
3.415999999999999820e-05,2.560000000000000053e-01
3.420000000000000459e-05,2.560000000000000053e-01
3.424000000000000421e-05,2.560000000000000053e-01
3.428000000000000383e-05,2.479999999999999982e-01
3.432000000000000344e-05,2.560000000000000053e-01
3.436000000000000306e-05,2.479999999999999982e-01
3.440000000000000268e-05,2.479999999999999982e-01
3.444000000000000230e-05,2.399999999999999911e-01
3.448000000000000191e-05,2.479999999999999982e-01
3.452000000000000153e-05,2.399999999999999911e-01
3.456000000000000115e-05,2.479999999999999982e-01
3.460000000000000076e-05,2.479999999999999982e-01
3.464000000000000038e-05,2.479999999999999982e-01
3.468000000000000000e-05,2.399999999999999911e-01
3.471999999999999961e-05,2.399999999999999911e-01
3.475999999999999923e-05,2.479999999999999982e-01
3.479999999999999885e-05,2.399999999999999911e-01
3.483999999999999847e-05,2.479999999999999982e-01
3.487999999999999808e-05,2.399999999999999911e-01
3.492000000000000448e-05,2.399999999999999911e-01
3.496000000000000409e-05,2.320000000000000118e-01
3.500000000000000371e-05,2.399999999999999911e-01
3.504000000000000333e-05,2.320000000000000118e-01
3.508000000000000294e-05,2.320000000000000118e-01
3.512000000000000256e-05,2.320000000000000118e-01
3.516000000000000218e-05,2.320000000000000118e-01
3.520000000000000180e-05,2.320000000000000118e-01
3.524000000000000141e-05,2.240000000000000047e-01
3.528000000000000103e-05,2.320000000000000118e-01
3.532000000000000065e-05,2.240000000000000047e-01
3.536000000000000026e-05,2.240000000000000047e-01
3.539999999999999988e-05,2.320000000000000118e-01
3.543999999999999950e-05,2.159999999999999976e-01
3.547999999999999911e-05,2.320000000000000118e-01
3.551999999999999873e-05,2.320000000000000118e-01
3.555999999999999835e-05,2.240000000000000047e-01
3.559999999999999797e-05,2.240000000000000047e-01
3.564000000000000436e-05,2.240000000000000047e-01
3.568000000000000398e-05,2.240000000000000047e-01
3.572000000000000359e-05,2.240000000000000047e-01
3.576000000000000321e-05,2.240000000000000047e-01
3.580000000000000283e-05,2.240000000000000047e-01
3.584000000000000244e-05,2.320000000000000118e-01
3.588000000000000206e-05,2.159999999999999976e-01
3.592000000000000168e-05,2.240000000000000047e-01
3.596000000000000130e-05,2.159999999999999976e-01
3.600000000000000091e-05,2.159999999999999976e-01
3.604000000000000053e-05,2.080000000000000182e-01
3.608000000000000015e-05,2.159999999999999976e-01
3.611999999999999976e-05,2.240000000000000047e-01
3.615999999999999938e-05,2.159999999999999976e-01
3.619999999999999900e-05,2.159999999999999976e-01
3.623999999999999861e-05,2.159999999999999976e-01
3.627999999999999823e-05,2.159999999999999976e-01
3.632000000000000462e-05,2.159999999999999976e-01
3.636000000000000424e-05,2.159999999999999976e-01
3.640000000000000386e-05,2.159999999999999976e-01
3.644000000000000348e-05,2.159999999999999976e-01
3.648000000000000309e-05,2.159999999999999976e-01
3.652000000000000271e-05,2.080000000000000182e-01
3.656000000000000233e-05,2.240000000000000047e-01
3.660000000000000194e-05,2.159999999999999976e-01
3.664000000000000156e-05,2.159999999999999976e-01
3.668000000000000118e-05,2.159999999999999976e-01
3.672000000000000079e-05,2.159999999999999976e-01
3.676000000000000041e-05,2.159999999999999976e-01
3.680000000000000003e-05,2.159999999999999976e-01
3.683999999999999965e-05,2.240000000000000047e-01
3.687999999999999926e-05,2.159999999999999976e-01
3.691999999999999888e-05,2.240000000000000047e-01
3.695999999999999850e-05,2.320000000000000118e-01
3.699999999999999811e-05,2.240000000000000047e-01
3.704000000000000451e-05,2.240000000000000047e-01
3.708000000000000412e-05,2.320000000000000118e-01
3.712000000000000374e-05,2.320000000000000118e-01
3.716000000000000336e-05,2.479999999999999982e-01
3.720000000000000298e-05,2.399999999999999911e-01
3.724000000000000259e-05,2.399999999999999911e-01
3.728000000000000221e-05,2.560000000000000053e-01
3.732000000000000183e-05,2.560000000000000053e-01
3.736000000000000144e-05,2.720000000000000195e-01
3.740000000000000106e-05,2.640000000000000124e-01
3.744000000000000068e-05,2.800000000000000266e-01
3.748000000000000029e-05,2.880000000000000338e-01
3.751999999999999991e-05,2.880000000000000338e-01
3.755999999999999953e-05,2.959999999999999853e-01
3.759999999999999915e-05,3.039999999999999925e-01
3.763999999999999876e-05,3.119999999999999996e-01
3.767999999999999838e-05,3.280000000000000138e-01
3.772000000000000477e-05,3.280000000000000138e-01
3.776000000000000439e-05,3.200000000000000067e-01
3.780000000000000401e-05,3.280000000000000138e-01
3.784000000000000362e-05,3.280000000000000138e-01
3.788000000000000324e-05,3.280000000000000138e-01
3.792000000000000286e-05,3.360000000000000209e-01
3.796000000000000248e-05,3.280000000000000138e-01
3.800000000000000209e-05,3.360000000000000209e-01
3.804000000000000171e-05,3.280000000000000138e-01
3.808000000000000133e-05,3.200000000000000067e-01
3.812000000000000094e-05,3.119999999999999996e-01
3.816000000000000056e-05,3.119999999999999996e-01
3.820000000000000018e-05,3.119999999999999996e-01
3.823999999999999979e-05,3.039999999999999925e-01
3.827999999999999941e-05,3.039999999999999925e-01
3.831999999999999903e-05,2.959999999999999853e-01
3.835999999999999865e-05,2.959999999999999853e-01
3.839999999999999826e-05,2.880000000000000338e-01
3.844000000000000466e-05,2.720000000000000195e-01
3.848000000000000427e-05,2.720000000000000195e-01
3.852000000000000389e-05,2.720000000000000195e-01
3.856000000000000351e-05,2.640000000000000124e-01
3.860000000000000312e-05,2.640000000000000124e-01
3.864000000000000274e-05,2.720000000000000195e-01
3.868000000000000236e-05,2.640000000000000124e-01
3.872000000000000197e-05,2.640000000000000124e-01
3.876000000000000159e-05,2.640000000000000124e-01
3.880000000000000121e-05,2.640000000000000124e-01
3.884000000000000083e-05,2.560000000000000053e-01
3.888000000000000044e-05,2.560000000000000053e-01
3.892000000000000006e-05,2.479999999999999982e-01
3.895999999999999968e-05,2.479999999999999982e-01
3.899999999999999929e-05,2.479999999999999982e-01
3.903999999999999891e-05,2.399999999999999911e-01
3.907999999999999853e-05,2.320000000000000118e-01
3.911999999999999815e-05,2.320000000000000118e-01
3.916000000000000454e-05,2.320000000000000118e-01
3.920000000000000416e-05,2.399999999999999911e-01
3.924000000000000377e-05,2.399999999999999911e-01
3.928000000000000339e-05,2.240000000000000047e-01
3.932000000000000301e-05,2.320000000000000118e-01
3.936000000000000262e-05,2.240000000000000047e-01
3.940000000000000224e-05,2.320000000000000118e-01
3.944000000000000186e-05,2.320000000000000118e-01
3.948000000000000147e-05,2.240000000000000047e-01
3.952000000000000109e-05,2.240000000000000047e-01
3.956000000000000071e-05,2.240000000000000047e-01
3.960000000000000033e-05,2.320000000000000118e-01
3.963999999999999994e-05,2.240000000000000047e-01
3.967999999999999956e-05,2.240000000000000047e-01
3.971999999999999918e-05,2.240000000000000047e-01
3.975999999999999879e-05,2.159999999999999976e-01
3.979999999999999841e-05,2.159999999999999976e-01
3.984000000000000480e-05,2.159999999999999976e-01
3.988000000000000442e-05,2.159999999999999976e-01
3.992000000000000404e-05,2.159999999999999976e-01
3.996000000000000366e-05,2.080000000000000182e-01
4.000000000000000327e-05,2.080000000000000182e-01
4.004000000000000289e-05,2.000000000000000111e-01
4.008000000000000251e-05,2.080000000000000182e-01
4.012000000000000212e-05,2.000000000000000111e-01
4.016000000000000174e-05,2.080000000000000182e-01
4.020000000000000136e-05,2.000000000000000111e-01
4.024000000000000097e-05,2.080000000000000182e-01
4.028000000000000059e-05,2.080000000000000182e-01
4.032000000000000021e-05,2.080000000000000182e-01
4.035999999999999983e-05,2.080000000000000182e-01
4.039999999999999944e-05,2.080000000000000182e-01
4.043999999999999906e-05,2.080000000000000182e-01
4.047999999999999868e-05,2.000000000000000111e-01
4.051999999999999829e-05,2.000000000000000111e-01
4.055999999999999791e-05,1.920000000000000040e-01
4.059999999999999753e-05,1.920000000000000040e-01
4.063999999999999714e-05,2.080000000000000182e-01
4.067999999999999676e-05,2.000000000000000111e-01
4.072000000000000315e-05,2.000000000000000111e-01
4.076000000000000277e-05,2.000000000000000111e-01
4.080000000000000239e-05,2.000000000000000111e-01
4.084000000000000201e-05,2.000000000000000111e-01
4.088000000000000162e-05,2.000000000000000111e-01
4.092000000000000124e-05,1.920000000000000040e-01
4.096000000000000086e-05,2.000000000000000111e-01
4.100000000000000047e-05,2.000000000000000111e-01
4.104000000000000009e-05,2.000000000000000111e-01
4.107999999999999971e-05,1.920000000000000040e-01
4.111999999999999933e-05,1.920000000000000040e-01
4.115999999999999894e-05,1.920000000000000040e-01
4.119999999999999856e-05,1.839999999999999969e-01
4.123999999999999818e-05,1.920000000000000040e-01
4.127999999999999779e-05,1.920000000000000040e-01
4.131999999999999741e-05,1.920000000000000040e-01
4.135999999999999703e-05,1.839999999999999969e-01
4.139999999999999664e-05,1.920000000000000040e-01
4.144000000000000304e-05,2.000000000000000111e-01
4.148000000000000265e-05,1.839999999999999969e-01
4.152000000000000227e-05,1.839999999999999969e-01
4.156000000000000189e-05,1.759999999999999898e-01
4.160000000000000151e-05,1.920000000000000040e-01
4.164000000000000112e-05,1.920000000000000040e-01
4.168000000000000074e-05,2.000000000000000111e-01
4.172000000000000036e-05,1.920000000000000040e-01
4.175999999999999997e-05,1.759999999999999898e-01
4.179999999999999959e-05,1.839999999999999969e-01
4.183999999999999921e-05,1.759999999999999898e-01
4.187999999999999882e-05,1.839999999999999969e-01
4.191999999999999844e-05,1.839999999999999969e-01
4.195999999999999806e-05,1.839999999999999969e-01
4.199999999999999768e-05,1.839999999999999969e-01
4.203999999999999729e-05,1.839999999999999969e-01
4.207999999999999691e-05,1.839999999999999969e-01
4.211999999999999653e-05,1.920000000000000040e-01
4.216000000000000292e-05,1.920000000000000040e-01
4.220000000000000254e-05,1.759999999999999898e-01
4.224000000000000215e-05,1.839999999999999969e-01
4.228000000000000177e-05,1.920000000000000040e-01
4.232000000000000139e-05,1.920000000000000040e-01
4.236000000000000101e-05,1.920000000000000040e-01
4.240000000000000062e-05,1.920000000000000040e-01
4.244000000000000024e-05,1.920000000000000040e-01
4.247999999999999986e-05,2.000000000000000111e-01
4.251999999999999947e-05,2.000000000000000111e-01
4.255999999999999909e-05,2.000000000000000111e-01
4.259999999999999871e-05,2.000000000000000111e-01
4.263999999999999832e-05,2.159999999999999976e-01
4.267999999999999794e-05,2.240000000000000047e-01
4.271999999999999756e-05,2.399999999999999911e-01
4.275999999999999718e-05,2.399999999999999911e-01
4.279999999999999679e-05,2.399999999999999911e-01
4.284000000000000319e-05,2.479999999999999982e-01
4.288000000000000280e-05,2.640000000000000124e-01
4.292000000000000242e-05,2.720000000000000195e-01
4.296000000000000204e-05,2.880000000000000338e-01
4.300000000000000165e-05,2.959999999999999853e-01
4.304000000000000127e-05,3.200000000000000067e-01
4.308000000000000089e-05,3.200000000000000067e-01
4.312000000000000051e-05,3.280000000000000138e-01
4.316000000000000012e-05,3.440000000000000280e-01
4.319999999999999974e-05,3.440000000000000280e-01
4.323999999999999936e-05,3.519999999999999796e-01
4.327999999999999897e-05,3.519999999999999796e-01
4.331999999999999859e-05,3.519999999999999796e-01
4.335999999999999821e-05,3.440000000000000280e-01
4.339999999999999782e-05,3.440000000000000280e-01
4.343999999999999744e-05,3.440000000000000280e-01
4.347999999999999706e-05,3.280000000000000138e-01
4.351999999999999668e-05,3.200000000000000067e-01
4.356000000000000307e-05,3.119999999999999996e-01
4.360000000000000269e-05,3.039999999999999925e-01
4.364000000000000230e-05,3.039999999999999925e-01
4.368000000000000192e-05,3.039999999999999925e-01
4.372000000000000154e-05,2.959999999999999853e-01
4.376000000000000115e-05,2.880000000000000338e-01
4.380000000000000077e-05,2.800000000000000266e-01
4.384000000000000039e-05,2.800000000000000266e-01
4.388000000000000000e-05,2.720000000000000195e-01
4.391999999999999962e-05,2.640000000000000124e-01
4.395999999999999924e-05,2.560000000000000053e-01
4.399999999999999886e-05,2.560000000000000053e-01
4.403999999999999847e-05,2.560000000000000053e-01
4.407999999999999809e-05,2.479999999999999982e-01
4.411999999999999771e-05,2.479999999999999982e-01
4.415999999999999732e-05,2.479999999999999982e-01
4.419999999999999694e-05,2.399999999999999911e-01
4.423999999999999656e-05,2.320000000000000118e-01
4.428000000000000295e-05,2.320000000000000118e-01
4.432000000000000257e-05,2.240000000000000047e-01
4.436000000000000219e-05,2.399999999999999911e-01
4.440000000000000180e-05,2.240000000000000047e-01
4.444000000000000142e-05,2.320000000000000118e-01
4.448000000000000104e-05,2.159999999999999976e-01
4.452000000000000065e-05,2.240000000000000047e-01
4.456000000000000027e-05,2.080000000000000182e-01
4.459999999999999989e-05,2.159999999999999976e-01
4.463999999999999950e-05,2.240000000000000047e-01
4.467999999999999912e-05,2.240000000000000047e-01
4.471999999999999874e-05,2.159999999999999976e-01
4.475999999999999836e-05,2.159999999999999976e-01
4.479999999999999797e-05,2.159999999999999976e-01
4.483999999999999759e-05,2.240000000000000047e-01
4.487999999999999721e-05,2.080000000000000182e-01
4.491999999999999682e-05,2.240000000000000047e-01
4.496000000000000322e-05,2.159999999999999976e-01
4.500000000000000283e-05,2.240000000000000047e-01
4.504000000000000245e-05,2.000000000000000111e-01
4.508000000000000207e-05,2.159999999999999976e-01
4.512000000000000169e-05,2.080000000000000182e-01
4.516000000000000130e-05,2.000000000000000111e-01
4.520000000000000092e-05,2.080000000000000182e-01
4.524000000000000054e-05,2.080000000000000182e-01
4.528000000000000015e-05,2.000000000000000111e-01
4.531999999999999977e-05,2.000000000000000111e-01
4.535999999999999939e-05,2.080000000000000182e-01
4.539999999999999900e-05,2.080000000000000182e-01
4.543999999999999862e-05,2.000000000000000111e-01
4.547999999999999824e-05,2.080000000000000182e-01
4.551999999999999786e-05,2.000000000000000111e-01
4.555999999999999747e-05,2.159999999999999976e-01
4.559999999999999709e-05,2.159999999999999976e-01
4.563999999999999671e-05,2.080000000000000182e-01
4.568000000000000310e-05,2.080000000000000182e-01
4.572000000000000272e-05,2.080000000000000182e-01
4.576000000000000233e-05,2.159999999999999976e-01
4.580000000000000195e-05,2.000000000000000111e-01
4.584000000000000157e-05,2.159999999999999976e-01
4.588000000000000118e-05,2.000000000000000111e-01
4.592000000000000080e-05,2.240000000000000047e-01
4.596000000000000042e-05,2.159999999999999976e-01
4.600000000000000004e-05,2.080000000000000182e-01
4.603999999999999965e-05,2.080000000000000182e-01
4.607999999999999927e-05,2.159999999999999976e-01
4.611999999999999889e-05,2.240000000000000047e-01
4.615999999999999850e-05,2.240000000000000047e-01
4.619999999999999812e-05,2.320000000000000118e-01
4.623999999999999774e-05,2.240000000000000047e-01
4.627999999999999736e-05,2.320000000000000118e-01
4.631999999999999697e-05,2.240000000000000047e-01
4.635999999999999659e-05,2.320000000000000118e-01
4.640000000000000298e-05,2.399999999999999911e-01
4.644000000000000260e-05,2.399999999999999911e-01
4.648000000000000222e-05,2.399999999999999911e-01
4.652000000000000183e-05,2.399999999999999911e-01
4.656000000000000145e-05,2.560000000000000053e-01
4.660000000000000107e-05,2.560000000000000053e-01
4.664000000000000068e-05,2.560000000000000053e-01
4.668000000000000030e-05,2.720000000000000195e-01
4.671999999999999992e-05,2.800000000000000266e-01
4.675999999999999954e-05,2.720000000000000195e-01
4.679999999999999915e-05,2.800000000000000266e-01
4.683999999999999877e-05,2.720000000000000195e-01
4.687999999999999839e-05,2.800000000000000266e-01
4.691999999999999800e-05,2.800000000000000266e-01
4.695999999999999762e-05,2.880000000000000338e-01
4.699999999999999724e-05,2.880000000000000338e-01
4.703999999999999685e-05,2.959999999999999853e-01
4.708000000000000325e-05,2.880000000000000338e-01
4.712000000000000287e-05,2.880000000000000338e-01
4.716000000000000248e-05,2.959999999999999853e-01
4.720000000000000210e-05,2.880000000000000338e-01
4.724000000000000172e-05,2.959999999999999853e-01
4.728000000000000133e-05,2.959999999999999853e-01
4.732000000000000095e-05,2.959999999999999853e-01
4.736000000000000057e-05,2.800000000000000266e-01
4.740000000000000018e-05,3.039999999999999925e-01
4.743999999999999980e-05,2.880000000000000338e-01
4.747999999999999942e-05,2.800000000000000266e-01
4.751999999999999904e-05,2.880000000000000338e-01
4.755999999999999865e-05,2.800000000000000266e-01
4.759999999999999827e-05,2.720000000000000195e-01
4.763999999999999789e-05,2.800000000000000266e-01
4.767999999999999750e-05,2.720000000000000195e-01
4.771999999999999712e-05,2.720000000000000195e-01
4.775999999999999674e-05,2.640000000000000124e-01
4.780000000000000313e-05,2.560000000000000053e-01
4.784000000000000275e-05,2.640000000000000124e-01
4.788000000000000236e-05,2.560000000000000053e-01
4.792000000000000198e-05,2.560000000000000053e-01
4.796000000000000160e-05,2.560000000000000053e-01
4.800000000000000122e-05,2.560000000000000053e-01
4.804000000000000083e-05,2.479999999999999982e-01
4.808000000000000045e-05,2.479999999999999982e-01
4.812000000000000007e-05,2.479999999999999982e-01
4.815999999999999968e-05,2.399999999999999911e-01
4.819999999999999930e-05,2.399999999999999911e-01
4.823999999999999892e-05,2.399999999999999911e-01
4.827999999999999854e-05,2.240000000000000047e-01
4.831999999999999815e-05,2.399999999999999911e-01
4.835999999999999777e-05,2.240000000000000047e-01
4.839999999999999739e-05,2.320000000000000118e-01
4.843999999999999700e-05,2.320000000000000118e-01
4.847999999999999662e-05,2.320000000000000118e-01
4.852000000000000301e-05,2.320000000000000118e-01
4.856000000000000263e-05,2.240000000000000047e-01
4.860000000000000225e-05,2.240000000000000047e-01
4.864000000000000186e-05,2.240000000000000047e-01
4.868000000000000148e-05,2.159999999999999976e-01
4.872000000000000110e-05,2.240000000000000047e-01
4.876000000000000072e-05,2.159999999999999976e-01
4.880000000000000033e-05,2.000000000000000111e-01
4.883999999999999995e-05,2.159999999999999976e-01
4.887999999999999957e-05,2.159999999999999976e-01
4.891999999999999918e-05,2.159999999999999976e-01
4.895999999999999880e-05,2.080000000000000182e-01
4.899999999999999842e-05,2.000000000000000111e-01
4.903999999999999803e-05,2.159999999999999976e-01
4.907999999999999765e-05,1.920000000000000040e-01
4.911999999999999727e-05,2.000000000000000111e-01
4.915999999999999689e-05,2.080000000000000182e-01
4.920000000000000328e-05,2.000000000000000111e-01
4.924000000000000290e-05,2.000000000000000111e-01
4.928000000000000251e-05,2.080000000000000182e-01
4.932000000000000213e-05,1.920000000000000040e-01
4.936000000000000175e-05,2.000000000000000111e-01
4.940000000000000136e-05,1.920000000000000040e-01
4.944000000000000098e-05,1.920000000000000040e-01
4.948000000000000060e-05,1.920000000000000040e-01
4.952000000000000022e-05,2.000000000000000111e-01
4.955999999999999983e-05,2.000000000000000111e-01
4.959999999999999945e-05,2.000000000000000111e-01
4.963999999999999907e-05,1.920000000000000040e-01
4.967999999999999868e-05,1.839999999999999969e-01
4.971999999999999830e-05,2.000000000000000111e-01
4.975999999999999792e-05,1.839999999999999969e-01
4.979999999999999753e-05,1.839999999999999969e-01
4.983999999999999715e-05,1.920000000000000040e-01
4.987999999999999677e-05,1.920000000000000040e-01
4.992000000000000316e-05,2.000000000000000111e-01
4.996000000000000278e-05,1.839999999999999969e-01
5.000000000000000240e-05,1.839999999999999969e-01
5.004000000000000201e-05,1.759999999999999898e-01
5.008000000000000163e-05,2.000000000000000111e-01
5.012000000000000125e-05,1.839999999999999969e-01
5.016000000000000086e-05,1.920000000000000040e-01
5.020000000000000048e-05,1.839999999999999969e-01
5.024000000000000010e-05,1.839999999999999969e-01
5.027999999999999972e-05,1.839999999999999969e-01
5.031999999999999933e-05,1.759999999999999898e-01
5.035999999999999895e-05,1.839999999999999969e-01
5.039999999999999857e-05,1.920000000000000040e-01
5.043999999999999818e-05,1.839999999999999969e-01
5.047999999999999780e-05,1.759999999999999898e-01
5.051999999999999742e-05,1.839999999999999969e-01
5.055999999999999703e-05,1.759999999999999898e-01
5.059999999999999665e-05,1.759999999999999898e-01
5.064000000000000304e-05,1.839999999999999969e-01
5.068000000000000266e-05,1.839999999999999969e-01
5.072000000000000228e-05,1.839999999999999969e-01
5.076000000000000190e-05,1.759999999999999898e-01
5.080000000000000151e-05,1.759999999999999898e-01
5.084000000000000113e-05,1.680000000000000104e-01
5.088000000000000075e-05,1.920000000000000040e-01
5.092000000000000036e-05,1.680000000000000104e-01
5.095999999999999998e-05,1.839999999999999969e-01
5.099999999999999960e-05,1.759999999999999898e-01
5.103999999999999922e-05,1.920000000000000040e-01
5.107999999999999883e-05,1.759999999999999898e-01
5.111999999999999845e-05,1.839999999999999969e-01
5.115999999999999807e-05,1.839999999999999969e-01
5.119999999999999768e-05,1.839999999999999969e-01
5.123999999999999730e-05,1.839999999999999969e-01
5.127999999999999692e-05,1.759999999999999898e-01
5.132000000000000331e-05,1.920000000000000040e-01
5.136000000000000293e-05,1.839999999999999969e-01
5.140000000000000254e-05,1.839999999999999969e-01
5.144000000000000216e-05,1.839999999999999969e-01
5.148000000000000178e-05,1.839999999999999969e-01
5.152000000000000140e-05,1.920000000000000040e-01
5.156000000000000101e-05,1.920000000000000040e-01
5.160000000000000063e-05,1.920000000000000040e-01
5.164000000000000025e-05,2.000000000000000111e-01
5.167999999999999986e-05,2.000000000000000111e-01
5.171999999999999948e-05,2.080000000000000182e-01
5.175999999999999910e-05,2.000000000000000111e-01
5.179999999999999871e-05,2.080000000000000182e-01
5.183999999999999833e-05,2.080000000000000182e-01
5.187999999999999795e-05,2.080000000000000182e-01
5.191999999999999757e-05,2.159999999999999976e-01
5.195999999999999718e-05,2.240000000000000047e-01
5.199999999999999680e-05,2.240000000000000047e-01
5.204000000000000319e-05,2.320000000000000118e-01
5.208000000000000281e-05,2.320000000000000118e-01
5.212000000000000243e-05,2.399999999999999911e-01
5.216000000000000204e-05,2.479999999999999982e-01
5.220000000000000166e-05,2.560000000000000053e-01
5.224000000000000128e-05,2.560000000000000053e-01
5.228000000000000090e-05,2.640000000000000124e-01
5.232000000000000051e-05,2.640000000000000124e-01
5.236000000000000013e-05,2.800000000000000266e-01
5.239999999999999975e-05,2.720000000000000195e-01
5.243999999999999936e-05,2.880000000000000338e-01
5.247999999999999898e-05,2.959999999999999853e-01
5.251999999999999860e-05,3.039999999999999925e-01
5.255999999999999821e-05,3.119999999999999996e-01
5.259999999999999783e-05,3.119999999999999996e-01
5.263999999999999745e-05,3.200000000000000067e-01
5.267999999999999707e-05,3.200000000000000067e-01
5.271999999999999668e-05,3.280000000000000138e-01
5.276000000000000308e-05,3.360000000000000209e-01
5.280000000000000269e-05,3.280000000000000138e-01
5.284000000000000231e-05,3.200000000000000067e-01
5.288000000000000193e-05,3.280000000000000138e-01
5.292000000000000154e-05,3.280000000000000138e-01
5.296000000000000116e-05,3.280000000000000138e-01
5.300000000000000078e-05,3.280000000000000138e-01
5.304000000000000040e-05,3.200000000000000067e-01
5.308000000000000001e-05,3.039999999999999925e-01
5.311999999999999963e-05,3.200000000000000067e-01
5.315999999999999925e-05,3.119999999999999996e-01
5.319999999999999886e-05,3.039999999999999925e-01
5.323999999999999848e-05,2.959999999999999853e-01
5.327999999999999810e-05,2.959999999999999853e-01
5.331999999999999771e-05,2.959999999999999853e-01
5.335999999999999733e-05,2.800000000000000266e-01
5.339999999999999695e-05,2.800000000000000266e-01
5.344000000000000334e-05,2.720000000000000195e-01
5.348000000000000296e-05,2.720000000000000195e-01
5.352000000000000258e-05,2.720000000000000195e-01
5.356000000000000219e-05,2.560000000000000053e-01
5.360000000000000181e-05,2.720000000000000195e-01
5.364000000000000143e-05,2.479999999999999982e-01
5.368000000000000104e-05,2.560000000000000053e-01
5.372000000000000066e-05,2.399999999999999911e-01
5.376000000000000028e-05,2.479999999999999982e-01
5.379999999999999989e-05,2.320000000000000118e-01
5.383999999999999951e-05,2.320000000000000118e-01
5.387999999999999913e-05,2.399999999999999911e-01
5.391999999999999875e-05,2.320000000000000118e-01
5.395999999999999836e-05,2.320000000000000118e-01
5.399999999999999798e-05,2.320000000000000118e-01
5.403999999999999760e-05,2.320000000000000118e-01
5.407999999999999721e-05,2.240000000000000047e-01
5.411999999999999683e-05,2.240000000000000047e-01
5.416000000000000322e-05,2.240000000000000047e-01
5.420000000000000284e-05,2.159999999999999976e-01
5.424000000000000246e-05,2.159999999999999976e-01
5.428000000000000208e-05,2.080000000000000182e-01
5.432000000000000169e-05,2.080000000000000182e-01
5.436000000000000131e-05,2.080000000000000182e-01
5.440000000000000093e-05,2.080000000000000182e-01
5.444000000000000054e-05,2.080000000000000182e-01
5.448000000000000016e-05,2.080000000000000182e-01
5.451999999999999978e-05,2.000000000000000111e-01
5.455999999999999939e-05,2.080000000000000182e-01
5.459999999999999901e-05,2.000000000000000111e-01
5.463999999999999863e-05,2.159999999999999976e-01
5.467999999999999825e-05,1.920000000000000040e-01
5.471999999999999786e-05,2.080000000000000182e-01
5.475999999999999748e-05,2.000000000000000111e-01
5.479999999999999710e-05,1.920000000000000040e-01
5.483999999999999671e-05,1.920000000000000040e-01
5.488000000000000311e-05,1.920000000000000040e-01
5.492000000000000272e-05,1.839999999999999969e-01
5.496000000000000234e-05,1.920000000000000040e-01
5.500000000000000196e-05,1.920000000000000040e-01
5.504000000000000158e-05,1.839999999999999969e-01
5.508000000000000119e-05,2.000000000000000111e-01
5.512000000000000081e-05,1.920000000000000040e-01
5.516000000000000043e-05,1.920000000000000040e-01
5.520000000000000004e-05,1.920000000000000040e-01
5.523999999999999966e-05,1.920000000000000040e-01
5.527999999999999928e-05,1.839999999999999969e-01
5.531999999999999889e-05,1.839999999999999969e-01
5.535999999999999851e-05,1.839999999999999969e-01
5.539999999999999813e-05,1.839999999999999969e-01
5.543999999999999775e-05,1.759999999999999898e-01
5.547999999999999736e-05,1.759999999999999898e-01
5.551999999999999698e-05,1.759999999999999898e-01
5.556000000000000337e-05,1.839999999999999969e-01
5.560000000000000299e-05,1.920000000000000040e-01
5.564000000000000261e-05,1.759999999999999898e-01
5.568000000000000222e-05,1.839999999999999969e-01
5.572000000000000184e-05,1.759999999999999898e-01
5.576000000000000146e-05,1.759999999999999898e-01
5.580000000000000107e-05,1.759999999999999898e-01
5.584000000000000069e-05,1.759999999999999898e-01
5.588000000000000031e-05,1.759999999999999898e-01
5.591999999999999993e-05,1.839999999999999969e-01
5.595999999999999954e-05,1.759999999999999898e-01
5.599999999999999916e-05,1.680000000000000104e-01
5.603999999999999878e-05,1.759999999999999898e-01
5.607999999999999839e-05,1.759999999999999898e-01
5.611999999999999801e-05,1.680000000000000104e-01
5.615999999999999763e-05,1.680000000000000104e-01
5.619999999999999725e-05,1.680000000000000104e-01
5.623999999999999686e-05,1.680000000000000104e-01
5.628000000000000326e-05,1.680000000000000104e-01
5.632000000000000287e-05,1.759999999999999898e-01
5.636000000000000249e-05,1.680000000000000104e-01
5.640000000000000211e-05,1.680000000000000104e-01
5.644000000000000172e-05,1.680000000000000104e-01
5.648000000000000134e-05,1.680000000000000104e-01
5.652000000000000096e-05,1.680000000000000104e-01
5.656000000000000057e-05,1.680000000000000104e-01
5.660000000000000019e-05,1.680000000000000104e-01
5.663999999999999981e-05,1.759999999999999898e-01
5.667999999999999943e-05,1.680000000000000104e-01
5.671999999999999904e-05,1.680000000000000104e-01
5.675999999999999866e-05,1.680000000000000104e-01
5.679999999999999828e-05,1.759999999999999898e-01
5.683999999999999789e-05,1.759999999999999898e-01
5.687999999999999751e-05,1.759999999999999898e-01
5.691999999999999713e-05,1.680000000000000104e-01
5.695999999999999674e-05,1.680000000000000104e-01
5.700000000000000314e-05,1.759999999999999898e-01
5.704000000000000276e-05,1.680000000000000104e-01
5.708000000000000237e-05,1.759999999999999898e-01
5.712000000000000199e-05,1.839999999999999969e-01
5.716000000000000161e-05,1.759999999999999898e-01
5.720000000000000122e-05,1.680000000000000104e-01
5.724000000000000084e-05,1.839999999999999969e-01
5.728000000000000046e-05,1.759999999999999898e-01
5.732000000000000007e-05,1.759999999999999898e-01
5.735999999999999969e-05,1.839999999999999969e-01
5.739999999999999931e-05,1.839999999999999969e-01
5.743999999999999893e-05,1.920000000000000040e-01
5.747999999999999854e-05,1.920000000000000040e-01
5.751999999999999816e-05,2.000000000000000111e-01
5.755999999999999778e-05,1.920000000000000040e-01
5.759999999999999739e-05,2.000000000000000111e-01
5.763999999999999701e-05,2.080000000000000182e-01
5.768000000000000340e-05,2.000000000000000111e-01
5.772000000000000302e-05,2.159999999999999976e-01
5.776000000000000264e-05,2.240000000000000047e-01
5.780000000000000225e-05,2.240000000000000047e-01
5.784000000000000187e-05,2.320000000000000118e-01
5.788000000000000149e-05,2.399999999999999911e-01
5.792000000000000111e-05,2.399999999999999911e-01
5.796000000000000072e-05,2.399999999999999911e-01
5.800000000000000034e-05,2.479999999999999982e-01
5.803999999999999996e-05,2.479999999999999982e-01
5.807999999999999957e-05,2.560000000000000053e-01
5.811999999999999919e-05,2.560000000000000053e-01
5.815999999999999881e-05,2.560000000000000053e-01
5.819999999999999843e-05,2.479999999999999982e-01
5.823999999999999804e-05,2.560000000000000053e-01
5.827999999999999766e-05,2.640000000000000124e-01
5.831999999999999728e-05,2.640000000000000124e-01
5.835999999999999689e-05,2.479999999999999982e-01
5.840000000000000329e-05,2.560000000000000053e-01
5.844000000000000290e-05,2.560000000000000053e-01
5.848000000000000252e-05,2.560000000000000053e-01
5.852000000000000214e-05,2.560000000000000053e-01
5.856000000000000175e-05,2.560000000000000053e-01
5.860000000000000137e-05,2.479999999999999982e-01
5.864000000000000099e-05,2.399999999999999911e-01
5.868000000000000061e-05,2.399999999999999911e-01
5.872000000000000022e-05,2.320000000000000118e-01
5.875999999999999984e-05,2.320000000000000118e-01
5.879999999999999946e-05,2.240000000000000047e-01
5.883999999999999907e-05,2.240000000000000047e-01
5.887999999999999869e-05,2.159999999999999976e-01
5.891999999999999831e-05,2.240000000000000047e-01
5.895999999999999792e-05,2.159999999999999976e-01
5.899999999999999754e-05,2.159999999999999976e-01
5.903999999999999716e-05,2.159999999999999976e-01
5.907999999999999678e-05,2.080000000000000182e-01
5.912000000000000317e-05,2.080000000000000182e-01
5.916000000000000279e-05,2.159999999999999976e-01
5.920000000000000240e-05,2.000000000000000111e-01
5.924000000000000202e-05,2.080000000000000182e-01
5.928000000000000164e-05,2.000000000000000111e-01
5.932000000000000125e-05,1.920000000000000040e-01
5.936000000000000087e-05,2.000000000000000111e-01
5.940000000000000049e-05,1.920000000000000040e-01
5.944000000000000011e-05,1.920000000000000040e-01
5.947999999999999972e-05,1.839999999999999969e-01
5.951999999999999934e-05,1.920000000000000040e-01
5.955999999999999896e-05,1.920000000000000040e-01
5.959999999999999857e-05,1.839999999999999969e-01
5.963999999999999819e-05,1.839999999999999969e-01
5.967999999999999781e-05,1.839999999999999969e-01
5.971999999999999742e-05,1.839999999999999969e-01
5.975999999999999704e-05,1.839999999999999969e-01
5.980000000000000343e-05,1.759999999999999898e-01
5.984000000000000305e-05,1.759999999999999898e-01
5.988000000000000267e-05,1.759999999999999898e-01
5.992000000000000229e-05,1.680000000000000104e-01
5.996000000000000190e-05,1.759999999999999898e-01
6.000000000000000152e-05,1.759999999999999898e-01
6.004000000000000114e-05,1.759999999999999898e-01
6.008000000000000075e-05,1.759999999999999898e-01
6.012000000000000037e-05,1.759999999999999898e-01
6.015999999999999999e-05,1.680000000000000104e-01
6.019999999999999961e-05,1.680000000000000104e-01
6.023999999999999922e-05,1.680000000000000104e-01
6.027999999999999884e-05,1.680000000000000104e-01
6.031999999999999846e-05,1.759999999999999898e-01
6.035999999999999807e-05,1.680000000000000104e-01
6.039999999999999769e-05,1.680000000000000104e-01
6.043999999999999731e-05,1.680000000000000104e-01
6.047999999999999692e-05,1.680000000000000104e-01
6.052000000000000332e-05,1.600000000000000033e-01
6.056000000000000293e-05,1.600000000000000033e-01
6.060000000000000255e-05,1.600000000000000033e-01
6.064000000000000217e-05,1.600000000000000033e-01
6.068000000000000179e-05,1.680000000000000104e-01
6.072000000000000140e-05,1.519999999999999962e-01
6.076000000000000102e-05,1.600000000000000033e-01
6.080000000000000064e-05,1.600000000000000033e-01
6.084000000000000025e-05,1.600000000000000033e-01
6.087999999999999987e-05,1.519999999999999962e-01
6.091999999999999949e-05,1.680000000000000104e-01
6.095999999999999910e-05,1.600000000000000033e-01
6.099999999999999872e-05,1.519999999999999962e-01
6.103999999999999834e-05,1.600000000000000033e-01
6.108000000000000473e-05,1.519999999999999962e-01
6.111999999999999757e-05,1.600000000000000033e-01
6.116000000000000397e-05,1.519999999999999962e-01
6.119999999999999681e-05,1.519999999999999962e-01
6.124000000000000320e-05,1.600000000000000033e-01
6.128000000000000959e-05,1.440000000000000169e-01
6.132000000000000243e-05,1.600000000000000033e-01
6.136000000000000883e-05,1.519999999999999962e-01
6.140000000000000167e-05,1.440000000000000169e-01
6.144000000000000806e-05,1.600000000000000033e-01
6.148000000000000090e-05,1.600000000000000033e-01
6.152000000000000730e-05,1.519999999999999962e-01
6.156000000000000014e-05,1.519999999999999962e-01
6.160000000000000653e-05,1.440000000000000169e-01
6.163999999999999937e-05,1.519999999999999962e-01
6.168000000000000576e-05,1.600000000000000033e-01
6.171999999999999860e-05,1.440000000000000169e-01
6.176000000000000500e-05,1.600000000000000033e-01
6.179999999999999784e-05,1.440000000000000169e-01
6.184000000000000423e-05,1.519999999999999962e-01
6.187999999999999707e-05,1.440000000000000169e-01
6.192000000000000347e-05,1.519999999999999962e-01
6.196000000000000986e-05,1.519999999999999962e-01
6.200000000000000270e-05,1.440000000000000169e-01
6.204000000000000909e-05,1.519999999999999962e-01
6.208000000000000193e-05,1.519999999999999962e-01
6.212000000000000833e-05,1.519999999999999962e-01
6.216000000000000117e-05,1.519999999999999962e-01
6.220000000000000756e-05,1.440000000000000169e-01
6.224000000000000040e-05,1.440000000000000169e-01
6.228000000000000680e-05,1.519999999999999962e-01
6.231999999999999964e-05,1.440000000000000169e-01
6.236000000000000603e-05,1.440000000000000169e-01
6.239999999999999887e-05,1.440000000000000169e-01
6.244000000000000526e-05,1.519999999999999962e-01
6.247999999999999810e-05,1.519999999999999962e-01
6.252000000000000450e-05,1.519999999999999962e-01
6.255999999999999734e-05,1.600000000000000033e-01
6.260000000000000373e-05,1.519999999999999962e-01
6.264000000000001013e-05,1.519999999999999962e-01
6.268000000000000297e-05,1.519999999999999962e-01
6.272000000000000936e-05,1.519999999999999962e-01
6.276000000000000220e-05,1.519999999999999962e-01
6.280000000000000859e-05,1.600000000000000033e-01
6.284000000000000143e-05,1.600000000000000033e-01
6.288000000000000783e-05,1.600000000000000033e-01
6.292000000000000067e-05,1.680000000000000104e-01
6.296000000000000706e-05,1.600000000000000033e-01
6.299999999999999990e-05,1.759999999999999898e-01
6.304000000000000630e-05,1.759999999999999898e-01
6.307999999999999914e-05,1.680000000000000104e-01
6.312000000000000553e-05,1.839999999999999969e-01
6.315999999999999837e-05,1.839999999999999969e-01
6.320000000000000476e-05,1.839999999999999969e-01
6.323999999999999760e-05,2.000000000000000111e-01
6.328000000000000400e-05,1.839999999999999969e-01
6.332000000000001039e-05,2.000000000000000111e-01
6.336000000000000323e-05,2.000000000000000111e-01
6.340000000000000962e-05,2.159999999999999976e-01
6.344000000000000247e-05,2.159999999999999976e-01
6.348000000000000886e-05,2.159999999999999976e-01
6.352000000000000170e-05,2.399999999999999911e-01
6.356000000000000809e-05,2.320000000000000118e-01
6.360000000000000093e-05,2.399999999999999911e-01
6.364000000000000733e-05,2.399999999999999911e-01
6.368000000000000017e-05,2.479999999999999982e-01
6.372000000000000656e-05,2.479999999999999982e-01
6.375999999999999940e-05,2.479999999999999982e-01
6.380000000000000580e-05,2.560000000000000053e-01
6.383999999999999864e-05,2.640000000000000124e-01
6.388000000000000503e-05,2.560000000000000053e-01
6.391999999999999787e-05,2.560000000000000053e-01
6.396000000000000426e-05,2.640000000000000124e-01
6.399999999999999710e-05,2.479999999999999982e-01
6.404000000000000350e-05,2.560000000000000053e-01
6.408000000000000989e-05,2.560000000000000053e-01
6.412000000000000273e-05,2.560000000000000053e-01
6.416000000000000912e-05,2.560000000000000053e-01
6.420000000000000197e-05,2.479999999999999982e-01
6.424000000000000836e-05,2.640000000000000124e-01
6.428000000000000120e-05,2.479999999999999982e-01
6.432000000000000759e-05,2.479999999999999982e-01
6.436000000000000043e-05,2.560000000000000053e-01
6.440000000000000683e-05,2.479999999999999982e-01
6.443999999999999967e-05,2.399999999999999911e-01
6.448000000000000606e-05,2.399999999999999911e-01
6.451999999999999890e-05,2.399999999999999911e-01
6.456000000000000529e-05,2.399999999999999911e-01
6.459999999999999814e-05,2.320000000000000118e-01
6.464000000000000453e-05,2.399999999999999911e-01
6.467999999999999737e-05,2.399999999999999911e-01
6.472000000000000376e-05,2.320000000000000118e-01
6.476000000000001016e-05,2.320000000000000118e-01
6.480000000000000300e-05,2.399999999999999911e-01
6.484000000000000939e-05,2.159999999999999976e-01
6.488000000000000223e-05,2.320000000000000118e-01
6.492000000000000862e-05,2.240000000000000047e-01
6.496000000000000147e-05,2.240000000000000047e-01
6.500000000000000786e-05,2.320000000000000118e-01
6.504000000000000070e-05,2.159999999999999976e-01
6.508000000000000709e-05,2.159999999999999976e-01
6.511999999999999993e-05,2.080000000000000182e-01
6.516000000000000633e-05,2.159999999999999976e-01
6.519999999999999917e-05,2.159999999999999976e-01
6.524000000000000556e-05,2.080000000000000182e-01
6.527999999999999840e-05,2.240000000000000047e-01
6.532000000000000479e-05,2.080000000000000182e-01
6.535999999999999764e-05,2.080000000000000182e-01
6.540000000000000403e-05,2.000000000000000111e-01
6.544000000000001042e-05,2.080000000000000182e-01
6.548000000000000326e-05,2.000000000000000111e-01
6.552000000000000966e-05,2.080000000000000182e-01
6.556000000000000250e-05,2.000000000000000111e-01
6.560000000000000889e-05,1.839999999999999969e-01
6.564000000000000173e-05,2.080000000000000182e-01
6.568000000000000812e-05,1.920000000000000040e-01
6.572000000000000096e-05,2.000000000000000111e-01
6.576000000000000736e-05,1.920000000000000040e-01
6.580000000000000020e-05,1.920000000000000040e-01
6.584000000000000659e-05,1.920000000000000040e-01
6.587999999999999943e-05,1.920000000000000040e-01
6.592000000000000583e-05,1.920000000000000040e-01
6.595999999999999867e-05,1.759999999999999898e-01
6.600000000000000506e-05,1.839999999999999969e-01
6.603999999999999790e-05,1.920000000000000040e-01
6.608000000000000429e-05,1.839999999999999969e-01
6.611999999999999714e-05,1.839999999999999969e-01
6.616000000000000353e-05,1.759999999999999898e-01
6.620000000000000992e-05,1.920000000000000040e-01
6.624000000000000276e-05,1.839999999999999969e-01
6.628000000000000916e-05,1.759999999999999898e-01
6.632000000000000200e-05,1.839999999999999969e-01
6.636000000000000839e-05,1.920000000000000040e-01
6.640000000000000123e-05,1.759999999999999898e-01
6.644000000000000762e-05,1.839999999999999969e-01
6.648000000000000046e-05,1.839999999999999969e-01
6.652000000000000686e-05,1.839999999999999969e-01
6.655999999999999970e-05,1.759999999999999898e-01
6.660000000000000609e-05,1.759999999999999898e-01
6.663999999999999893e-05,1.680000000000000104e-01
6.668000000000000533e-05,1.759999999999999898e-01
6.671999999999999817e-05,1.759999999999999898e-01
6.676000000000000456e-05,1.759999999999999898e-01
6.679999999999999740e-05,1.839999999999999969e-01
6.684000000000000379e-05,1.759999999999999898e-01
6.688000000000001019e-05,1.839999999999999969e-01
6.692000000000000303e-05,1.759999999999999898e-01
6.696000000000000942e-05,1.759999999999999898e-01
6.700000000000000226e-05,1.759999999999999898e-01
6.704000000000000866e-05,1.600000000000000033e-01
6.708000000000000150e-05,1.759999999999999898e-01
6.712000000000000789e-05,1.680000000000000104e-01
6.716000000000000073e-05,1.759999999999999898e-01
6.720000000000000712e-05,1.759999999999999898e-01
6.723999999999999996e-05,1.759999999999999898e-01
6.728000000000000636e-05,1.680000000000000104e-01
6.731999999999999920e-05,1.759999999999999898e-01
6.736000000000000559e-05,1.759999999999999898e-01
6.739999999999999843e-05,1.759999999999999898e-01
6.744000000000000483e-05,1.680000000000000104e-01
6.747999999999999767e-05,1.839999999999999969e-01
6.752000000000000406e-05,1.759999999999999898e-01
6.756000000000001045e-05,1.759999999999999898e-01
6.760000000000000329e-05,1.680000000000000104e-01
6.764000000000000969e-05,1.680000000000000104e-01
6.768000000000000253e-05,1.680000000000000104e-01
6.772000000000000892e-05,1.759999999999999898e-01
6.776000000000000176e-05,1.759999999999999898e-01
6.780000000000000816e-05,1.680000000000000104e-01
6.784000000000000100e-05,1.680000000000000104e-01
6.788000000000000739e-05,1.600000000000000033e-01
6.792000000000000023e-05,1.759999999999999898e-01
6.796000000000000662e-05,1.680000000000000104e-01
6.799999999999999946e-05,1.759999999999999898e-01
6.804000000000000586e-05,1.680000000000000104e-01
6.807999999999999870e-05,1.759999999999999898e-01
6.812000000000000509e-05,1.680000000000000104e-01
6.815999999999999793e-05,1.680000000000000104e-01
6.820000000000000433e-05,1.680000000000000104e-01
6.823999999999999717e-05,1.600000000000000033e-01
6.828000000000000356e-05,1.680000000000000104e-01
6.832000000000000995e-05,1.759999999999999898e-01
6.836000000000000279e-05,1.600000000000000033e-01
6.840000000000000919e-05,1.759999999999999898e-01
6.844000000000000203e-05,1.759999999999999898e-01
6.848000000000000842e-05,1.680000000000000104e-01
6.852000000000000126e-05,1.759999999999999898e-01
6.856000000000000765e-05,1.759999999999999898e-01
6.860000000000000050e-05,1.759999999999999898e-01
6.864000000000000689e-05,1.680000000000000104e-01
6.867999999999999973e-05,1.680000000000000104e-01
6.872000000000000612e-05,1.759999999999999898e-01
6.875999999999999896e-05,1.759999999999999898e-01
6.880000000000000536e-05,1.680000000000000104e-01
6.883999999999999820e-05,1.600000000000000033e-01
6.888000000000000459e-05,1.600000000000000033e-01
6.891999999999999743e-05,1.600000000000000033e-01
6.896000000000000383e-05,1.680000000000000104e-01
6.900000000000001022e-05,1.600000000000000033e-01
6.904000000000000306e-05,1.680000000000000104e-01
6.908000000000000945e-05,1.600000000000000033e-01
6.912000000000000229e-05,1.600000000000000033e-01
6.916000000000000869e-05,1.680000000000000104e-01
6.920000000000000153e-05,1.680000000000000104e-01
6.924000000000000792e-05,1.600000000000000033e-01
6.928000000000000076e-05,1.600000000000000033e-01
6.932000000000000715e-05,1.680000000000000104e-01
6.936000000000000000e-05,1.680000000000000104e-01
6.940000000000000639e-05,1.680000000000000104e-01
6.943999999999999923e-05,1.600000000000000033e-01
6.948000000000000562e-05,1.600000000000000033e-01
6.951999999999999846e-05,1.600000000000000033e-01
6.956000000000000486e-05,1.519999999999999962e-01
6.959999999999999770e-05,1.600000000000000033e-01
6.964000000000000409e-05,1.519999999999999962e-01
6.968000000000001048e-05,1.680000000000000104e-01
6.972000000000000332e-05,1.680000000000000104e-01
6.976000000000000972e-05,1.600000000000000033e-01
6.980000000000000256e-05,1.600000000000000033e-01
6.984000000000000895e-05,1.600000000000000033e-01
6.988000000000000179e-05,1.600000000000000033e-01
6.992000000000000819e-05,1.519999999999999962e-01
6.996000000000000103e-05,1.600000000000000033e-01
7.000000000000000742e-05,1.600000000000000033e-01
7.004000000000000026e-05,1.519999999999999962e-01
7.008000000000000665e-05,1.519999999999999962e-01
7.011999999999999950e-05,1.519999999999999962e-01
7.016000000000000589e-05,1.519999999999999962e-01
7.019999999999999873e-05,1.440000000000000169e-01
7.024000000000000512e-05,1.519999999999999962e-01
7.027999999999999796e-05,1.519999999999999962e-01
7.032000000000000436e-05,1.519999999999999962e-01
7.035999999999999720e-05,1.519999999999999962e-01
7.040000000000000359e-05,1.519999999999999962e-01
7.044000000000000998e-05,1.600000000000000033e-01
7.048000000000000282e-05,1.600000000000000033e-01
7.052000000000000922e-05,1.440000000000000169e-01
7.056000000000000206e-05,1.600000000000000033e-01
7.060000000000000845e-05,1.440000000000000169e-01
7.064000000000000129e-05,1.440000000000000169e-01
7.068000000000000769e-05,1.519999999999999962e-01
7.072000000000000053e-05,1.600000000000000033e-01
7.076000000000000692e-05,1.600000000000000033e-01
7.079999999999999976e-05,1.519999999999999962e-01
7.084000000000000615e-05,1.519999999999999962e-01
7.087999999999999899e-05,1.519999999999999962e-01
7.092000000000000539e-05,1.440000000000000169e-01
7.095999999999999823e-05,1.519999999999999962e-01
7.100000000000000462e-05,1.600000000000000033e-01
7.103999999999999746e-05,1.519999999999999962e-01
7.108000000000000386e-05,1.440000000000000169e-01
7.111999999999999670e-05,1.519999999999999962e-01
7.116000000000000309e-05,1.519999999999999962e-01
7.119999999999999593e-05,1.519999999999999962e-01
7.124000000000000232e-05,1.519999999999999962e-01
7.127999999999999517e-05,1.519999999999999962e-01
7.132000000000000156e-05,1.600000000000000033e-01
7.135999999999999440e-05,1.440000000000000169e-01
7.140000000000000079e-05,1.440000000000000169e-01
7.144000000000000719e-05,1.519999999999999962e-01
7.148000000000000003e-05,1.519999999999999962e-01
7.152000000000000642e-05,1.440000000000000169e-01
7.155999999999999926e-05,1.440000000000000169e-01
7.160000000000000565e-05,1.440000000000000169e-01
7.163999999999999849e-05,1.600000000000000033e-01
7.168000000000000489e-05,1.440000000000000169e-01
7.171999999999999773e-05,1.600000000000000033e-01
7.176000000000000412e-05,1.440000000000000169e-01
7.179999999999999696e-05,1.600000000000000033e-01
7.184000000000000336e-05,1.440000000000000169e-01
7.187999999999999620e-05,1.519999999999999962e-01
7.192000000000000259e-05,1.600000000000000033e-01
7.195999999999999543e-05,1.440000000000000169e-01
7.200000000000000182e-05,1.440000000000000169e-01
7.203999999999999466e-05,1.600000000000000033e-01
7.208000000000000106e-05,1.519999999999999962e-01
7.211999999999999390e-05,1.600000000000000033e-01
7.216000000000000029e-05,1.519999999999999962e-01
7.220000000000000669e-05,1.519999999999999962e-01
7.223999999999999953e-05,1.680000000000000104e-01
7.228000000000000592e-05,1.519999999999999962e-01
7.231999999999999876e-05,1.680000000000000104e-01
7.236000000000000515e-05,1.600000000000000033e-01
7.239999999999999799e-05,1.519999999999999962e-01
7.244000000000000439e-05,1.600000000000000033e-01
7.247999999999999723e-05,1.600000000000000033e-01
7.252000000000000362e-05,1.680000000000000104e-01
7.255999999999999646e-05,1.680000000000000104e-01
7.260000000000000286e-05,1.680000000000000104e-01
7.263999999999999570e-05,1.600000000000000033e-01
7.268000000000000209e-05,1.600000000000000033e-01
7.271999999999999493e-05,1.680000000000000104e-01
7.276000000000000132e-05,1.600000000000000033e-01
7.279999999999999416e-05,1.600000000000000033e-01
7.284000000000000056e-05,1.600000000000000033e-01
7.288000000000000695e-05,1.600000000000000033e-01
7.291999999999999979e-05,1.680000000000000104e-01
7.296000000000000619e-05,1.600000000000000033e-01
7.299999999999999903e-05,1.680000000000000104e-01
7.304000000000000542e-05,1.600000000000000033e-01
7.307999999999999826e-05,1.600000000000000033e-01
7.312000000000000465e-05,1.680000000000000104e-01
7.315999999999999749e-05,1.600000000000000033e-01
7.320000000000000389e-05,1.600000000000000033e-01
7.323999999999999673e-05,1.600000000000000033e-01
7.328000000000000312e-05,1.600000000000000033e-01
7.331999999999999596e-05,1.600000000000000033e-01
7.336000000000000236e-05,1.680000000000000104e-01
7.339999999999999520e-05,1.600000000000000033e-01
7.344000000000000159e-05,1.600000000000000033e-01
7.347999999999999443e-05,1.600000000000000033e-01
7.352000000000000082e-05,1.600000000000000033e-01
7.356000000000000722e-05,1.680000000000000104e-01
7.360000000000000006e-05,1.519999999999999962e-01
7.364000000000000645e-05,1.519999999999999962e-01
7.367999999999999929e-05,1.519999999999999962e-01
7.372000000000000568e-05,1.519999999999999962e-01
7.375999999999999853e-05,1.519999999999999962e-01
7.380000000000000492e-05,1.600000000000000033e-01
7.383999999999999776e-05,1.600000000000000033e-01
7.388000000000000415e-05,1.519999999999999962e-01
7.391999999999999699e-05,1.519999999999999962e-01
7.396000000000000339e-05,1.519999999999999962e-01
7.399999999999999623e-05,1.600000000000000033e-01
7.404000000000000262e-05,1.519999999999999962e-01
7.407999999999999546e-05,1.440000000000000169e-01
7.412000000000000186e-05,1.440000000000000169e-01
7.415999999999999470e-05,1.440000000000000169e-01
7.420000000000000109e-05,1.440000000000000169e-01
7.423999999999999393e-05,1.440000000000000169e-01
7.428000000000000032e-05,1.519999999999999962e-01
7.432000000000000672e-05,1.600000000000000033e-01
7.435999999999999956e-05,1.440000000000000169e-01
7.440000000000000595e-05,1.519999999999999962e-01
7.443999999999999879e-05,1.519999999999999962e-01
7.448000000000000518e-05,1.360000000000000098e-01
7.451999999999999803e-05,1.440000000000000169e-01
7.456000000000000442e-05,1.440000000000000169e-01
7.459999999999999726e-05,1.440000000000000169e-01
7.464000000000000365e-05,1.280000000000000027e-01
7.467999999999999649e-05,1.519999999999999962e-01
7.472000000000000289e-05,1.440000000000000169e-01
7.475999999999999573e-05,1.440000000000000169e-01
7.480000000000000212e-05,1.440000000000000169e-01
7.483999999999999496e-05,1.440000000000000169e-01
7.488000000000000135e-05,1.440000000000000169e-01
7.491999999999999420e-05,1.440000000000000169e-01
7.496000000000000059e-05,1.440000000000000169e-01
7.500000000000000698e-05,1.440000000000000169e-01
7.503999999999999982e-05,1.360000000000000098e-01
7.508000000000000622e-05,1.440000000000000169e-01
7.511999999999999906e-05,1.360000000000000098e-01
7.516000000000000545e-05,1.360000000000000098e-01
7.519999999999999829e-05,1.360000000000000098e-01
7.524000000000000468e-05,1.440000000000000169e-01
7.527999999999999753e-05,1.360000000000000098e-01
7.532000000000000392e-05,1.360000000000000098e-01
7.535999999999999676e-05,1.440000000000000169e-01
7.540000000000000315e-05,1.440000000000000169e-01
7.543999999999999599e-05,1.360000000000000098e-01
7.548000000000000239e-05,1.360000000000000098e-01
7.551999999999999523e-05,1.280000000000000027e-01
7.556000000000000162e-05,1.360000000000000098e-01
7.559999999999999446e-05,1.360000000000000098e-01
7.564000000000000085e-05,1.280000000000000027e-01
7.568000000000000725e-05,1.360000000000000098e-01
7.572000000000000009e-05,1.360000000000000098e-01
7.576000000000000648e-05,1.280000000000000027e-01
7.579999999999999932e-05,1.360000000000000098e-01
7.584000000000000572e-05,1.280000000000000027e-01
7.587999999999999856e-05,1.360000000000000098e-01
7.592000000000000495e-05,1.440000000000000169e-01
7.595999999999999779e-05,1.360000000000000098e-01
7.600000000000000418e-05,1.360000000000000098e-01
7.603999999999999702e-05,1.280000000000000027e-01
7.608000000000000342e-05,1.280000000000000027e-01
7.611999999999999626e-05,1.440000000000000169e-01
7.616000000000000265e-05,1.280000000000000027e-01
7.619999999999999549e-05,1.360000000000000098e-01
7.624000000000000189e-05,1.440000000000000169e-01
7.627999999999999473e-05,1.280000000000000027e-01
7.632000000000000112e-05,1.360000000000000098e-01
7.635999999999999396e-05,1.440000000000000169e-01
7.640000000000000035e-05,1.360000000000000098e-01
7.644000000000000675e-05,1.360000000000000098e-01
7.647999999999999959e-05,1.440000000000000169e-01
7.652000000000000598e-05,1.440000000000000169e-01
7.655999999999999882e-05,1.360000000000000098e-01
7.660000000000000522e-05,1.360000000000000098e-01
7.663999999999999806e-05,1.440000000000000169e-01
7.668000000000000445e-05,1.440000000000000169e-01
7.671999999999999729e-05,1.440000000000000169e-01
7.676000000000000368e-05,1.440000000000000169e-01
7.679999999999999652e-05,1.440000000000000169e-01
7.684000000000000292e-05,1.360000000000000098e-01
7.687999999999999576e-05,1.519999999999999962e-01
7.692000000000000215e-05,1.360000000000000098e-01
7.695999999999999499e-05,1.440000000000000169e-01
7.700000000000000139e-05,1.440000000000000169e-01
7.703999999999999423e-05,1.519999999999999962e-01
7.708000000000000062e-05,1.519999999999999962e-01
7.712000000000000701e-05,1.519999999999999962e-01
7.715999999999999985e-05,1.519999999999999962e-01
7.720000000000000625e-05,1.519999999999999962e-01
7.723999999999999909e-05,1.519999999999999962e-01
7.728000000000000548e-05,1.600000000000000033e-01
7.731999999999999832e-05,1.600000000000000033e-01
7.736000000000000472e-05,1.600000000000000033e-01
7.739999999999999756e-05,1.519999999999999962e-01
7.744000000000000395e-05,1.519999999999999962e-01
7.747999999999999679e-05,1.600000000000000033e-01
7.752000000000000318e-05,1.680000000000000104e-01
7.755999999999999602e-05,1.680000000000000104e-01
7.760000000000000242e-05,1.759999999999999898e-01
7.763999999999999526e-05,1.759999999999999898e-01
7.768000000000000165e-05,1.600000000000000033e-01
7.771999999999999449e-05,1.600000000000000033e-01
7.776000000000000089e-05,1.680000000000000104e-01
7.780000000000000728e-05,1.759999999999999898e-01
7.784000000000000012e-05,1.759999999999999898e-01
7.788000000000000651e-05,1.839999999999999969e-01
7.791999999999999935e-05,1.759999999999999898e-01
7.796000000000000575e-05,1.839999999999999969e-01
7.799999999999999859e-05,1.759999999999999898e-01
7.804000000000000498e-05,1.759999999999999898e-01
7.807999999999999782e-05,1.759999999999999898e-01
7.812000000000000422e-05,1.759999999999999898e-01
7.815999999999999706e-05,1.680000000000000104e-01
7.820000000000000345e-05,1.759999999999999898e-01
7.823999999999999629e-05,1.759999999999999898e-01
7.828000000000000268e-05,1.759999999999999898e-01
7.831999999999999552e-05,1.839999999999999969e-01
7.836000000000000192e-05,1.839999999999999969e-01
7.839999999999999476e-05,1.839999999999999969e-01
7.844000000000000115e-05,1.600000000000000033e-01
7.847999999999999399e-05,1.680000000000000104e-01
7.852000000000000039e-05,1.680000000000000104e-01
7.856000000000000678e-05,1.680000000000000104e-01
7.859999999999999962e-05,1.600000000000000033e-01
7.864000000000000601e-05,1.680000000000000104e-01
7.867999999999999885e-05,1.600000000000000033e-01
7.872000000000000525e-05,1.680000000000000104e-01
7.875999999999999809e-05,1.519999999999999962e-01
7.880000000000000448e-05,1.680000000000000104e-01
7.883999999999999732e-05,1.680000000000000104e-01
7.888000000000000372e-05,1.600000000000000033e-01
7.891999999999999656e-05,1.600000000000000033e-01
7.896000000000000295e-05,1.600000000000000033e-01
7.899999999999999579e-05,1.519999999999999962e-01
7.904000000000000218e-05,1.600000000000000033e-01
7.907999999999999502e-05,1.600000000000000033e-01
7.912000000000000142e-05,1.519999999999999962e-01
7.915999999999999426e-05,1.519999999999999962e-01
7.920000000000000065e-05,1.519999999999999962e-01
7.924000000000000704e-05,1.440000000000000169e-01
7.927999999999999989e-05,1.440000000000000169e-01
7.932000000000000628e-05,1.519999999999999962e-01
7.935999999999999912e-05,1.519999999999999962e-01
7.940000000000000551e-05,1.600000000000000033e-01
7.943999999999999835e-05,1.440000000000000169e-01
7.948000000000000475e-05,1.440000000000000169e-01
7.951999999999999759e-05,1.440000000000000169e-01
7.956000000000000398e-05,1.440000000000000169e-01
7.959999999999999682e-05,1.440000000000000169e-01
7.964000000000000321e-05,1.440000000000000169e-01
7.967999999999999606e-05,1.440000000000000169e-01
7.972000000000000245e-05,1.360000000000000098e-01
7.975999999999999529e-05,1.360000000000000098e-01
7.980000000000000168e-05,1.360000000000000098e-01
7.983999999999999452e-05,1.360000000000000098e-01
7.988000000000000092e-05,1.360000000000000098e-01
7.992000000000000731e-05,1.360000000000000098e-01
7.996000000000000015e-05,1.360000000000000098e-01
8.000000000000000654e-05,1.360000000000000098e-01
8.003999999999999939e-05,1.360000000000000098e-01
8.008000000000000578e-05,1.360000000000000098e-01
8.011999999999999862e-05,1.360000000000000098e-01
8.016000000000000501e-05,1.280000000000000027e-01
8.019999999999999785e-05,1.360000000000000098e-01
8.024000000000000425e-05,1.440000000000000169e-01
8.027999999999999709e-05,1.360000000000000098e-01
8.032000000000000348e-05,1.360000000000000098e-01
8.035999999999999632e-05,1.360000000000000098e-01
8.040000000000000271e-05,1.280000000000000027e-01
8.043999999999999556e-05,1.440000000000000169e-01
8.048000000000000195e-05,1.360000000000000098e-01
8.051999999999999479e-05,1.360000000000000098e-01
8.056000000000000118e-05,1.360000000000000098e-01
8.059999999999999402e-05,1.360000000000000098e-01
8.064000000000000042e-05,1.360000000000000098e-01
8.068000000000000681e-05,1.440000000000000169e-01
8.071999999999999965e-05,1.440000000000000169e-01
8.076000000000000604e-05,1.440000000000000169e-01
8.079999999999999888e-05,1.280000000000000027e-01
8.084000000000000528e-05,1.519999999999999962e-01
8.087999999999999812e-05,1.360000000000000098e-01
8.092000000000000451e-05,1.440000000000000169e-01
8.095999999999999735e-05,1.440000000000000169e-01
8.100000000000000375e-05,1.519999999999999962e-01
8.103999999999999659e-05,1.600000000000000033e-01
8.108000000000000298e-05,1.600000000000000033e-01
8.111999999999999582e-05,1.680000000000000104e-01
8.116000000000000221e-05,1.759999999999999898e-01
8.119999999999999505e-05,1.759999999999999898e-01
8.124000000000000145e-05,1.839999999999999969e-01
8.127999999999999429e-05,2.000000000000000111e-01
8.132000000000000068e-05,2.080000000000000182e-01
8.136000000000000708e-05,2.159999999999999976e-01
8.139999999999999992e-05,2.240000000000000047e-01
8.144000000000000631e-05,2.320000000000000118e-01
8.147999999999999915e-05,2.399999999999999911e-01
8.152000000000000554e-05,2.560000000000000053e-01
8.155999999999999838e-05,2.720000000000000195e-01
8.160000000000000478e-05,2.720000000000000195e-01
8.163999999999999762e-05,2.800000000000000266e-01
8.168000000000000401e-05,2.959999999999999853e-01
8.171999999999999685e-05,2.959999999999999853e-01
8.176000000000000325e-05,3.039999999999999925e-01
8.179999999999999609e-05,2.959999999999999853e-01
8.184000000000000248e-05,3.039999999999999925e-01
8.187999999999999532e-05,2.959999999999999853e-01
8.192000000000000171e-05,2.959999999999999853e-01
8.195999999999999455e-05,2.880000000000000338e-01
8.200000000000000095e-05,2.720000000000000195e-01
8.204000000000000734e-05,2.720000000000000195e-01
8.208000000000000018e-05,2.800000000000000266e-01
8.212000000000000658e-05,2.479999999999999982e-01
8.215999999999999942e-05,2.560000000000000053e-01
8.220000000000000581e-05,2.399999999999999911e-01
8.223999999999999865e-05,2.399999999999999911e-01
8.228000000000000504e-05,2.320000000000000118e-01
8.231999999999999788e-05,2.320000000000000118e-01
8.236000000000000428e-05,2.320000000000000118e-01
8.239999999999999712e-05,2.240000000000000047e-01
8.244000000000000351e-05,2.159999999999999976e-01
8.247999999999999635e-05,2.000000000000000111e-01
8.252000000000000275e-05,2.000000000000000111e-01
8.255999999999999559e-05,2.000000000000000111e-01
8.260000000000000198e-05,2.000000000000000111e-01
8.263999999999999482e-05,2.000000000000000111e-01
8.268000000000000121e-05,1.839999999999999969e-01
8.271999999999999405e-05,1.839999999999999969e-01
8.276000000000000045e-05,1.839999999999999969e-01
8.280000000000000684e-05,1.839999999999999969e-01
8.283999999999999968e-05,1.759999999999999898e-01
8.288000000000000608e-05,1.759999999999999898e-01
8.291999999999999892e-05,1.759999999999999898e-01
8.296000000000000531e-05,1.680000000000000104e-01
8.299999999999999815e-05,1.680000000000000104e-01
8.304000000000000454e-05,1.839999999999999969e-01
8.307999999999999738e-05,1.680000000000000104e-01
8.312000000000000378e-05,1.680000000000000104e-01
8.315999999999999662e-05,1.600000000000000033e-01
8.320000000000000301e-05,1.600000000000000033e-01
8.323999999999999585e-05,1.600000000000000033e-01
8.328000000000000225e-05,1.600000000000000033e-01
8.331999999999999509e-05,1.680000000000000104e-01
8.336000000000000148e-05,1.680000000000000104e-01
8.339999999999999432e-05,1.519999999999999962e-01
8.344000000000000071e-05,1.600000000000000033e-01
8.348000000000000711e-05,1.519999999999999962e-01
8.351999999999999995e-05,1.519999999999999962e-01
8.356000000000000634e-05,1.440000000000000169e-01
8.359999999999999918e-05,1.519999999999999962e-01
8.364000000000000557e-05,1.519999999999999962e-01
8.367999999999999842e-05,1.519999999999999962e-01
8.372000000000000481e-05,1.519999999999999962e-01
8.375999999999999765e-05,1.440000000000000169e-01
8.380000000000000404e-05,1.440000000000000169e-01
8.383999999999999688e-05,1.519999999999999962e-01
8.388000000000000328e-05,1.360000000000000098e-01
8.391999999999999612e-05,1.519999999999999962e-01
8.396000000000000251e-05,1.440000000000000169e-01
8.399999999999999535e-05,1.360000000000000098e-01
8.404000000000000175e-05,1.360000000000000098e-01
8.407999999999999459e-05,1.440000000000000169e-01
8.412000000000000098e-05,1.280000000000000027e-01
8.416000000000000737e-05,1.360000000000000098e-01
8.420000000000000021e-05,1.440000000000000169e-01
8.424000000000000661e-05,1.440000000000000169e-01
8.427999999999999945e-05,1.360000000000000098e-01
8.432000000000000584e-05,1.360000000000000098e-01
8.435999999999999868e-05,1.360000000000000098e-01
8.440000000000000507e-05,1.440000000000000169e-01
8.443999999999999792e-05,1.360000000000000098e-01
8.448000000000000431e-05,1.360000000000000098e-01
8.451999999999999715e-05,1.360000000000000098e-01
8.456000000000000354e-05,1.360000000000000098e-01
8.459999999999999638e-05,1.360000000000000098e-01
8.464000000000000278e-05,1.199999999999999956e-01
8.467999999999999562e-05,1.360000000000000098e-01
8.472000000000000201e-05,1.360000000000000098e-01
8.475999999999999485e-05,1.280000000000000027e-01
8.480000000000000124e-05,1.360000000000000098e-01
8.483999999999999409e-05,1.280000000000000027e-01
8.488000000000000048e-05,1.280000000000000027e-01
8.492000000000000687e-05,1.199999999999999956e-01
8.495999999999999971e-05,1.360000000000000098e-01
8.500000000000000611e-05,1.360000000000000098e-01
8.503999999999999895e-05,1.199999999999999956e-01
8.508000000000000534e-05,1.199999999999999956e-01
8.511999999999999818e-05,1.199999999999999956e-01
8.516000000000000457e-05,1.280000000000000027e-01
8.519999999999999742e-05,1.360000000000000098e-01
8.524000000000000381e-05,1.199999999999999956e-01
8.527999999999999665e-05,1.280000000000000027e-01
8.532000000000000304e-05,1.199999999999999956e-01
8.535999999999999588e-05,1.280000000000000027e-01
8.540000000000000228e-05,1.280000000000000027e-01
8.543999999999999512e-05,1.280000000000000027e-01
8.548000000000000151e-05,1.199999999999999956e-01
8.551999999999999435e-05,1.280000000000000027e-01
8.556000000000000074e-05,1.199999999999999956e-01
8.560000000000000714e-05,1.280000000000000027e-01
8.563999999999999998e-05,1.199999999999999956e-01
8.568000000000000637e-05,1.120000000000000023e-01
8.571999999999999921e-05,1.120000000000000023e-01
8.576000000000000561e-05,1.199999999999999956e-01
8.579999999999999845e-05,1.280000000000000027e-01
8.584000000000000484e-05,1.199999999999999956e-01
8.587999999999999768e-05,1.280000000000000027e-01
8.592000000000000407e-05,1.120000000000000023e-01
8.595999999999999691e-05,1.120000000000000023e-01
8.600000000000000331e-05,1.120000000000000023e-01
8.603999999999999615e-05,1.199999999999999956e-01
8.608000000000000254e-05,1.040000000000000091e-01
8.611999999999999538e-05,1.199999999999999956e-01
8.616000000000000178e-05,1.199999999999999956e-01
8.619999999999999462e-05,1.199999999999999956e-01
8.624000000000000101e-05,1.199999999999999956e-01
8.628000000000000740e-05,1.199999999999999956e-01
8.632000000000000024e-05,1.199999999999999956e-01
8.636000000000000664e-05,1.120000000000000023e-01
8.639999999999999948e-05,1.120000000000000023e-01
8.644000000000000587e-05,1.120000000000000023e-01
8.647999999999999871e-05,1.120000000000000023e-01
8.652000000000000511e-05,1.120000000000000023e-01
8.655999999999999795e-05,1.120000000000000023e-01
8.660000000000000434e-05,1.120000000000000023e-01
8.663999999999999718e-05,1.040000000000000091e-01
8.668000000000000357e-05,1.040000000000000091e-01
8.671999999999999641e-05,1.199999999999999956e-01
8.676000000000000281e-05,1.120000000000000023e-01
8.679999999999999565e-05,1.120000000000000023e-01
8.684000000000000204e-05,1.040000000000000091e-01
8.687999999999999488e-05,1.199999999999999956e-01
8.692000000000000128e-05,1.120000000000000023e-01
8.695999999999999412e-05,1.120000000000000023e-01
8.700000000000000051e-05,1.120000000000000023e-01
8.704000000000000690e-05,1.040000000000000091e-01
8.707999999999999974e-05,1.120000000000000023e-01
8.712000000000000614e-05,1.120000000000000023e-01
8.715999999999999898e-05,1.120000000000000023e-01
8.720000000000000537e-05,1.120000000000000023e-01
8.723999999999999821e-05,1.199999999999999956e-01
8.728000000000000461e-05,1.120000000000000023e-01
8.731999999999999745e-05,1.040000000000000091e-01
8.736000000000000384e-05,1.120000000000000023e-01
8.739999999999999668e-05,1.120000000000000023e-01
8.744000000000000307e-05,1.040000000000000091e-01
8.747999999999999591e-05,1.120000000000000023e-01
8.752000000000000231e-05,1.120000000000000023e-01
8.755999999999999515e-05,1.199999999999999956e-01
8.760000000000000154e-05,1.280000000000000027e-01
8.763999999999999438e-05,1.360000000000000098e-01
8.768000000000000078e-05,1.280000000000000027e-01
8.772000000000000717e-05,1.440000000000000169e-01
8.776000000000000001e-05,1.519999999999999962e-01
8.780000000000000640e-05,1.600000000000000033e-01
8.783999999999999924e-05,1.600000000000000033e-01
8.788000000000000564e-05,1.759999999999999898e-01
8.791999999999999848e-05,2.000000000000000111e-01
8.796000000000000487e-05,2.000000000000000111e-01
8.799999999999999771e-05,2.240000000000000047e-01
8.804000000000000411e-05,2.399999999999999911e-01
8.807999999999999695e-05,2.479999999999999982e-01
8.812000000000000334e-05,2.720000000000000195e-01
8.815999999999999618e-05,2.880000000000000338e-01
8.820000000000000257e-05,3.039999999999999925e-01
8.823999999999999541e-05,3.200000000000000067e-01
8.828000000000000181e-05,3.119999999999999996e-01
8.831999999999999465e-05,3.200000000000000067e-01
8.836000000000000104e-05,3.200000000000000067e-01
8.840000000000000743e-05,3.119999999999999996e-01
8.844000000000000028e-05,3.039999999999999925e-01
8.848000000000000667e-05,3.039999999999999925e-01
8.851999999999999951e-05,2.880000000000000338e-01
8.856000000000000590e-05,2.880000000000000338e-01
8.859999999999999874e-05,2.720000000000000195e-01
8.864000000000000514e-05,2.640000000000000124e-01
8.867999999999999798e-05,2.479999999999999982e-01
8.872000000000000437e-05,2.399999999999999911e-01
8.875999999999999721e-05,2.399999999999999911e-01
8.880000000000000360e-05,2.240000000000000047e-01
8.883999999999999645e-05,2.159999999999999976e-01
8.888000000000000284e-05,2.159999999999999976e-01
8.891999999999999568e-05,2.080000000000000182e-01
8.896000000000000207e-05,2.080000000000000182e-01
8.899999999999999491e-05,1.920000000000000040e-01
8.904000000000000131e-05,2.000000000000000111e-01
8.907999999999999415e-05,1.920000000000000040e-01
8.912000000000000054e-05,1.920000000000000040e-01
8.916000000000000693e-05,1.920000000000000040e-01
8.919999999999999978e-05,1.920000000000000040e-01
8.924000000000000617e-05,1.759999999999999898e-01
8.927999999999999901e-05,1.759999999999999898e-01
8.932000000000000540e-05,1.759999999999999898e-01
8.935999999999999824e-05,1.680000000000000104e-01
8.940000000000000464e-05,1.680000000000000104e-01
8.943999999999999748e-05,1.600000000000000033e-01
8.948000000000000387e-05,1.680000000000000104e-01
8.951999999999999671e-05,1.680000000000000104e-01
8.956000000000000310e-05,1.600000000000000033e-01
8.959999999999999595e-05,1.600000000000000033e-01
8.964000000000000234e-05,1.519999999999999962e-01
8.967999999999999518e-05,1.600000000000000033e-01
8.972000000000000157e-05,1.440000000000000169e-01
8.975999999999999441e-05,1.600000000000000033e-01
8.980000000000000081e-05,1.600000000000000033e-01
8.984000000000000720e-05,1.519999999999999962e-01
8.988000000000000004e-05,1.519999999999999962e-01
8.992000000000000643e-05,1.519999999999999962e-01
8.995999999999999927e-05,1.600000000000000033e-01
9.000000000000000567e-05,1.440000000000000169e-01
9.003999999999999851e-05,1.360000000000000098e-01
9.008000000000000490e-05,1.519999999999999962e-01
9.011999999999999774e-05,1.440000000000000169e-01
9.016000000000000414e-05,1.519999999999999962e-01
9.019999999999999698e-05,1.440000000000000169e-01
9.024000000000000337e-05,1.519999999999999962e-01
9.027999999999999621e-05,1.519999999999999962e-01
9.032000000000000260e-05,1.440000000000000169e-01
9.035999999999999545e-05,1.360000000000000098e-01
9.040000000000000184e-05,1.440000000000000169e-01
9.043999999999999468e-05,1.280000000000000027e-01
9.048000000000000107e-05,1.440000000000000169e-01
9.052000000000000747e-05,1.360000000000000098e-01
9.056000000000000031e-05,1.440000000000000169e-01
9.060000000000000670e-05,1.440000000000000169e-01
9.063999999999999954e-05,1.440000000000000169e-01
9.068000000000000593e-05,1.280000000000000027e-01
9.071999999999999877e-05,1.440000000000000169e-01
9.076000000000000517e-05,1.280000000000000027e-01
9.079999999999999801e-05,1.280000000000000027e-01
9.084000000000000440e-05,1.360000000000000098e-01
9.087999999999999724e-05,1.280000000000000027e-01
9.092000000000000364e-05,1.280000000000000027e-01
9.095999999999999648e-05,1.280000000000000027e-01
9.100000000000000287e-05,1.280000000000000027e-01
9.103999999999999571e-05,1.280000000000000027e-01
9.108000000000000210e-05,1.199999999999999956e-01
9.111999999999999494e-05,1.360000000000000098e-01
9.116000000000000134e-05,1.280000000000000027e-01
9.119999999999999418e-05,1.280000000000000027e-01
9.124000000000000057e-05,1.280000000000000027e-01
9.128000000000000697e-05,1.280000000000000027e-01
9.131999999999999981e-05,1.360000000000000098e-01
9.136000000000000620e-05,1.280000000000000027e-01
9.139999999999999904e-05,1.280000000000000027e-01
9.144000000000000543e-05,1.199999999999999956e-01
9.147999999999999827e-05,1.199999999999999956e-01
9.152000000000000467e-05,1.199999999999999956e-01
9.155999999999999751e-05,1.199999999999999956e-01
9.160000000000000390e-05,1.120000000000000023e-01
9.163999999999999674e-05,1.199999999999999956e-01
9.168000000000000314e-05,1.120000000000000023e-01
9.171999999999999598e-05,1.120000000000000023e-01
9.176000000000000237e-05,1.199999999999999956e-01
9.179999999999999521e-05,1.280000000000000027e-01
9.184000000000000160e-05,1.120000000000000023e-01
9.187999999999999444e-05,1.199999999999999956e-01
9.192000000000000084e-05,1.120000000000000023e-01
9.196000000000000723e-05,1.280000000000000027e-01
9.200000000000000007e-05,1.199999999999999956e-01
9.204000000000000647e-05,1.199999999999999956e-01
9.207999999999999931e-05,1.120000000000000023e-01
9.212000000000000570e-05,1.120000000000000023e-01
9.215999999999999854e-05,1.199999999999999956e-01
9.220000000000000493e-05,1.120000000000000023e-01
9.223999999999999777e-05,1.199999999999999956e-01
9.228000000000000417e-05,1.199999999999999956e-01
9.231999999999999701e-05,1.040000000000000091e-01
9.236000000000000340e-05,1.120000000000000023e-01
9.239999999999999624e-05,1.120000000000000023e-01
9.244000000000000264e-05,1.199999999999999956e-01
9.247999999999999548e-05,1.199999999999999956e-01
9.252000000000000187e-05,1.199999999999999956e-01
9.255999999999999471e-05,1.120000000000000023e-01
9.260000000000000110e-05,1.199999999999999956e-01
9.264000000000000750e-05,1.199999999999999956e-01
9.268000000000000034e-05,9.600000000000000200e-02
9.272000000000000673e-05,1.120000000000000023e-01
9.275999999999999957e-05,1.120000000000000023e-01
9.280000000000000597e-05,1.120000000000000023e-01
9.283999999999999881e-05,1.199999999999999956e-01
9.288000000000000520e-05,1.120000000000000023e-01
9.291999999999999804e-05,1.199999999999999956e-01
9.296000000000000443e-05,1.199999999999999956e-01
9.299999999999999727e-05,1.199999999999999956e-01
9.304000000000000367e-05,1.199999999999999956e-01
9.307999999999999651e-05,1.280000000000000027e-01
9.312000000000000290e-05,1.360000000000000098e-01
9.315999999999999574e-05,1.280000000000000027e-01
9.320000000000000214e-05,1.280000000000000027e-01
9.323999999999999498e-05,1.280000000000000027e-01
9.328000000000000137e-05,1.360000000000000098e-01
9.331999999999999421e-05,1.360000000000000098e-01
9.336000000000000060e-05,1.519999999999999962e-01
9.340000000000000700e-05,1.440000000000000169e-01
9.343999999999999984e-05,1.600000000000000033e-01
9.348000000000000623e-05,1.680000000000000104e-01
9.351999999999999907e-05,1.680000000000000104e-01
9.356000000000000546e-05,1.759999999999999898e-01
9.359999999999999831e-05,1.839999999999999969e-01
9.364000000000000470e-05,2.000000000000000111e-01
9.367999999999999754e-05,2.000000000000000111e-01
9.372000000000000393e-05,2.080000000000000182e-01
9.375999999999999677e-05,2.240000000000000047e-01
9.380000000000000317e-05,2.240000000000000047e-01
9.383999999999999601e-05,2.320000000000000118e-01
9.388000000000000240e-05,2.320000000000000118e-01
9.391999999999999524e-05,2.399999999999999911e-01
9.396000000000000164e-05,2.399999999999999911e-01
9.399999999999999448e-05,2.399999999999999911e-01
9.404000000000000087e-05,2.479999999999999982e-01
9.408000000000000726e-05,2.479999999999999982e-01
9.412000000000000010e-05,2.479999999999999982e-01
9.416000000000000650e-05,2.479999999999999982e-01
9.419999999999999934e-05,2.479999999999999982e-01
9.424000000000000573e-05,2.560000000000000053e-01
9.427999999999999857e-05,2.320000000000000118e-01
9.432000000000000496e-05,2.399999999999999911e-01
9.435999999999999781e-05,2.240000000000000047e-01
9.440000000000000420e-05,2.159999999999999976e-01
9.443999999999999704e-05,2.240000000000000047e-01
9.448000000000000343e-05,2.080000000000000182e-01
9.451999999999999627e-05,2.080000000000000182e-01
9.456000000000000267e-05,2.080000000000000182e-01
9.459999999999999551e-05,2.000000000000000111e-01
9.464000000000000190e-05,1.920000000000000040e-01
9.467999999999999474e-05,1.920000000000000040e-01
9.472000000000000113e-05,1.839999999999999969e-01
9.476000000000000753e-05,1.839999999999999969e-01
9.480000000000000037e-05,1.920000000000000040e-01
9.484000000000000676e-05,1.759999999999999898e-01
9.487999999999999960e-05,1.759999999999999898e-01
9.492000000000000600e-05,1.759999999999999898e-01
9.495999999999999884e-05,1.680000000000000104e-01
9.500000000000000523e-05,1.680000000000000104e-01
9.503999999999999807e-05,1.759999999999999898e-01
9.508000000000000446e-05,1.600000000000000033e-01
9.511999999999999731e-05,1.600000000000000033e-01
9.516000000000000370e-05,1.600000000000000033e-01
9.519999999999999654e-05,1.600000000000000033e-01
9.524000000000000293e-05,1.600000000000000033e-01
9.527999999999999577e-05,1.519999999999999962e-01
9.532000000000000217e-05,1.519999999999999962e-01
9.535999999999999501e-05,1.519999999999999962e-01
9.540000000000000140e-05,1.440000000000000169e-01
9.543999999999999424e-05,1.440000000000000169e-01
9.548000000000000063e-05,1.440000000000000169e-01
9.552000000000000703e-05,1.519999999999999962e-01
9.555999999999999987e-05,1.360000000000000098e-01
9.560000000000000626e-05,1.440000000000000169e-01
9.563999999999999910e-05,1.360000000000000098e-01
9.568000000000000550e-05,1.440000000000000169e-01
9.571999999999999834e-05,1.440000000000000169e-01
9.576000000000000473e-05,1.440000000000000169e-01
9.579999999999999757e-05,1.360000000000000098e-01
9.584000000000000396e-05,1.360000000000000098e-01
9.587999999999999680e-05,1.280000000000000027e-01
9.592000000000000320e-05,1.360000000000000098e-01
9.595999999999999604e-05,1.280000000000000027e-01
9.600000000000000243e-05,1.360000000000000098e-01
9.603999999999999527e-05,1.440000000000000169e-01
9.608000000000000167e-05,1.360000000000000098e-01
9.611999999999999451e-05,1.280000000000000027e-01
9.616000000000000090e-05,1.360000000000000098e-01
9.620000000000000729e-05,1.360000000000000098e-01
9.624000000000000013e-05,1.360000000000000098e-01
9.628000000000000653e-05,1.360000000000000098e-01
9.631999999999999937e-05,1.360000000000000098e-01
9.636000000000000576e-05,1.280000000000000027e-01
9.639999999999999860e-05,1.199999999999999956e-01
9.644000000000000500e-05,1.280000000000000027e-01
9.647999999999999784e-05,1.280000000000000027e-01
9.652000000000000423e-05,1.280000000000000027e-01
9.655999999999999707e-05,1.280000000000000027e-01
9.660000000000000346e-05,1.280000000000000027e-01
9.663999999999999630e-05,1.199999999999999956e-01
9.668000000000000270e-05,1.199999999999999956e-01
9.671999999999999554e-05,1.199999999999999956e-01
9.676000000000000193e-05,1.280000000000000027e-01
9.679999999999999477e-05,1.120000000000000023e-01
9.684000000000000117e-05,1.199999999999999956e-01
9.688000000000000756e-05,1.280000000000000027e-01
9.692000000000000040e-05,1.199999999999999956e-01
9.696000000000000679e-05,1.199999999999999956e-01
9.699999999999999963e-05,1.199999999999999956e-01
9.704000000000000603e-05,1.280000000000000027e-01
9.707999999999999887e-05,1.280000000000000027e-01
9.712000000000000526e-05,1.280000000000000027e-01
9.715999999999999810e-05,1.120000000000000023e-01
9.720000000000000450e-05,1.120000000000000023e-01
9.723999999999999734e-05,1.120000000000000023e-01
9.728000000000000373e-05,1.120000000000000023e-01
9.731999999999999657e-05,1.199999999999999956e-01
9.736000000000000296e-05,1.120000000000000023e-01
9.739999999999999580e-05,1.199999999999999956e-01
9.744000000000000220e-05,1.120000000000000023e-01
9.747999999999999504e-05,1.120000000000000023e-01
9.752000000000000143e-05,1.120000000000000023e-01
9.755999999999999427e-05,1.120000000000000023e-01
9.760000000000000067e-05,1.120000000000000023e-01
9.764000000000000706e-05,1.120000000000000023e-01
9.767999999999999990e-05,1.199999999999999956e-01
9.772000000000000629e-05,1.199999999999999956e-01
9.775999999999999913e-05,1.199999999999999956e-01
9.780000000000000553e-05,1.120000000000000023e-01
9.783999999999999837e-05,1.040000000000000091e-01
9.788000000000000476e-05,1.120000000000000023e-01
9.791999999999999760e-05,1.120000000000000023e-01
9.796000000000000400e-05,1.040000000000000091e-01
9.799999999999999684e-05,1.120000000000000023e-01
9.804000000000000323e-05,1.120000000000000023e-01
9.807999999999999607e-05,1.120000000000000023e-01
9.812000000000000246e-05,1.040000000000000091e-01
9.815999999999999530e-05,1.199999999999999956e-01
9.820000000000000170e-05,1.120000000000000023e-01
9.823999999999999454e-05,1.120000000000000023e-01
9.828000000000000093e-05,1.199999999999999956e-01
9.832000000000000732e-05,1.040000000000000091e-01
9.836000000000000017e-05,1.120000000000000023e-01
9.840000000000000656e-05,1.199999999999999956e-01
9.843999999999999940e-05,1.280000000000000027e-01
9.848000000000000579e-05,1.199999999999999956e-01
9.851999999999999863e-05,1.280000000000000027e-01
9.856000000000000503e-05,1.360000000000000098e-01
9.859999999999999787e-05,1.360000000000000098e-01
9.864000000000000426e-05,1.440000000000000169e-01
9.867999999999999710e-05,1.440000000000000169e-01
9.872000000000000349e-05,1.600000000000000033e-01
9.875999999999999634e-05,1.680000000000000104e-01
9.880000000000000273e-05,1.680000000000000104e-01
9.883999999999999557e-05,1.920000000000000040e-01
9.888000000000000196e-05,2.159999999999999976e-01
9.891999999999999480e-05,2.080000000000000182e-01
9.896000000000000120e-05,2.399999999999999911e-01
9.900000000000000759e-05,2.560000000000000053e-01
9.904000000000000043e-05,2.720000000000000195e-01
9.908000000000000682e-05,2.720000000000000195e-01
9.911999999999999967e-05,2.800000000000000266e-01
9.916000000000000606e-05,2.959999999999999853e-01
9.919999999999999890e-05,2.959999999999999853e-01
9.924000000000000529e-05,2.880000000000000338e-01
9.927999999999999813e-05,2.880000000000000338e-01
9.932000000000000453e-05,2.800000000000000266e-01
9.935999999999999737e-05,2.800000000000000266e-01
9.940000000000000376e-05,2.640000000000000124e-01
9.943999999999999660e-05,2.560000000000000053e-01
9.948000000000000299e-05,2.560000000000000053e-01
9.951999999999999584e-05,2.399999999999999911e-01
9.956000000000000223e-05,2.320000000000000118e-01
9.959999999999999507e-05,2.240000000000000047e-01
9.964000000000000146e-05,2.080000000000000182e-01
9.967999999999999430e-05,2.080000000000000182e-01
9.972000000000000070e-05,2.080000000000000182e-01
9.976000000000000709e-05,2.000000000000000111e-01
9.979999999999999993e-05,1.920000000000000040e-01
9.984000000000000632e-05,1.839999999999999969e-01
9.987999999999999916e-05,1.839999999999999969e-01
9.992000000000000556e-05,1.680000000000000104e-01
9.995999999999999840e-05,1.759999999999999898e-01
1.000000000000000048e-04,1.680000000000000104e-01
1.000399999999999976e-04,1.680000000000000104e-01
1.000800000000000040e-04,1.680000000000000104e-01
1.001199999999999969e-04,1.680000000000000104e-01
1.001600000000000033e-04,1.600000000000000033e-01
1.001999999999999961e-04,1.680000000000000104e-01
1.002400000000000025e-04,1.600000000000000033e-01
1.002799999999999953e-04,1.519999999999999962e-01
1.003200000000000017e-04,1.519999999999999962e-01
1.003599999999999946e-04,1.600000000000000033e-01
1.004000000000000010e-04,1.600000000000000033e-01
1.004400000000000074e-04,1.519999999999999962e-01
1.004800000000000002e-04,1.440000000000000169e-01
1.005200000000000066e-04,1.519999999999999962e-01
1.005599999999999994e-04,1.440000000000000169e-01
1.006000000000000058e-04,1.440000000000000169e-01
1.006399999999999987e-04,1.519999999999999962e-01
1.006800000000000051e-04,1.360000000000000098e-01
1.007199999999999979e-04,1.440000000000000169e-01
1.007600000000000043e-04,1.360000000000000098e-01
1.007999999999999971e-04,1.360000000000000098e-01
1.008400000000000035e-04,1.440000000000000169e-01
1.008799999999999964e-04,1.280000000000000027e-01
1.009200000000000028e-04,1.360000000000000098e-01
1.009599999999999956e-04,1.280000000000000027e-01
1.010000000000000020e-04,1.360000000000000098e-01
1.010399999999999948e-04,1.440000000000000169e-01
1.010800000000000012e-04,1.360000000000000098e-01
1.011200000000000076e-04,1.360000000000000098e-01
1.011600000000000005e-04,1.360000000000000098e-01
1.012000000000000069e-04,1.360000000000000098e-01
1.012399999999999997e-04,1.280000000000000027e-01
1.012800000000000061e-04,1.360000000000000098e-01
1.013199999999999989e-04,1.280000000000000027e-01
1.013600000000000053e-04,1.280000000000000027e-01
1.013999999999999982e-04,1.280000000000000027e-01
1.014400000000000046e-04,1.360000000000000098e-01
1.014799999999999974e-04,1.360000000000000098e-01
1.015200000000000038e-04,1.280000000000000027e-01
1.015599999999999966e-04,1.199999999999999956e-01
1.016000000000000030e-04,1.199999999999999956e-01
1.016399999999999959e-04,1.280000000000000027e-01
1.016800000000000023e-04,1.280000000000000027e-01
1.017199999999999951e-04,1.280000000000000027e-01
1.017600000000000015e-04,1.199999999999999956e-01
1.017999999999999943e-04,1.280000000000000027e-01
1.018400000000000007e-04,1.199999999999999956e-01
1.018800000000000071e-04,1.199999999999999956e-01
1.019200000000000000e-04,1.199999999999999956e-01
1.019600000000000064e-04,1.120000000000000023e-01
1.019999999999999992e-04,1.199999999999999956e-01
1.020400000000000056e-04,1.199999999999999956e-01
1.020799999999999984e-04,1.199999999999999956e-01
1.021200000000000048e-04,1.280000000000000027e-01
1.021599999999999977e-04,1.280000000000000027e-01
1.022000000000000041e-04,1.199999999999999956e-01
1.022399999999999969e-04,1.199999999999999956e-01
1.022800000000000033e-04,1.120000000000000023e-01
1.023199999999999961e-04,1.120000000000000023e-01
1.023600000000000025e-04,1.199999999999999956e-01
1.023999999999999954e-04,1.199999999999999956e-01
1.024400000000000018e-04,1.199999999999999956e-01
1.024799999999999946e-04,1.120000000000000023e-01
1.025200000000000010e-04,1.199999999999999956e-01
1.025600000000000074e-04,1.120000000000000023e-01
1.026000000000000002e-04,1.120000000000000023e-01
1.026400000000000066e-04,1.199999999999999956e-01
1.026799999999999995e-04,1.199999999999999956e-01
1.027200000000000059e-04,1.199999999999999956e-01
1.027599999999999987e-04,1.120000000000000023e-01
1.028000000000000051e-04,1.199999999999999956e-01
1.028399999999999979e-04,1.199999999999999956e-01
1.028800000000000043e-04,1.199999999999999956e-01
1.029199999999999972e-04,1.120000000000000023e-01
1.029600000000000036e-04,1.199999999999999956e-01
1.029999999999999964e-04,1.199999999999999956e-01
1.030400000000000028e-04,1.199999999999999956e-01
1.030799999999999956e-04,1.280000000000000027e-01
1.031200000000000020e-04,1.280000000000000027e-01
1.031599999999999949e-04,1.199999999999999956e-01
1.032000000000000013e-04,1.280000000000000027e-01
1.032400000000000077e-04,1.199999999999999956e-01
1.032800000000000005e-04,1.360000000000000098e-01
1.033200000000000069e-04,1.199999999999999956e-01
1.033599999999999997e-04,1.280000000000000027e-01
1.034000000000000061e-04,1.440000000000000169e-01
1.034399999999999990e-04,1.440000000000000169e-01
1.034800000000000054e-04,1.440000000000000169e-01
1.035199999999999982e-04,1.519999999999999962e-01
1.035600000000000046e-04,1.519999999999999962e-01
1.035999999999999974e-04,1.600000000000000033e-01
1.036400000000000038e-04,1.600000000000000033e-01
1.036799999999999967e-04,1.680000000000000104e-01
1.037200000000000031e-04,1.759999999999999898e-01
1.037599999999999959e-04,1.839999999999999969e-01
1.038000000000000023e-04,1.839999999999999969e-01
1.038399999999999951e-04,1.920000000000000040e-01
1.038800000000000015e-04,1.920000000000000040e-01
1.039199999999999944e-04,2.080000000000000182e-01
1.039600000000000008e-04,1.920000000000000040e-01
1.040000000000000072e-04,2.159999999999999976e-01
1.040400000000000000e-04,2.159999999999999976e-01
1.040800000000000064e-04,2.240000000000000047e-01
1.041199999999999992e-04,2.240000000000000047e-01
1.041600000000000056e-04,2.159999999999999976e-01
1.041999999999999985e-04,2.159999999999999976e-01
1.042400000000000049e-04,2.240000000000000047e-01
1.042799999999999977e-04,2.159999999999999976e-01
1.043200000000000041e-04,2.159999999999999976e-01
1.043599999999999969e-04,2.159999999999999976e-01
1.044000000000000033e-04,2.159999999999999976e-01
1.044399999999999962e-04,2.080000000000000182e-01
1.044800000000000026e-04,2.000000000000000111e-01
1.045199999999999954e-04,1.920000000000000040e-01
1.045600000000000018e-04,1.920000000000000040e-01
1.045999999999999946e-04,1.839999999999999969e-01
1.046400000000000010e-04,1.920000000000000040e-01
1.046800000000000074e-04,1.839999999999999969e-01
1.047200000000000003e-04,1.759999999999999898e-01
1.047600000000000067e-04,1.839999999999999969e-01
1.047999999999999995e-04,1.839999999999999969e-01
1.048400000000000059e-04,1.759999999999999898e-01
1.048799999999999987e-04,1.759999999999999898e-01
1.049200000000000051e-04,1.600000000000000033e-01
1.049599999999999980e-04,1.759999999999999898e-01
1.050000000000000044e-04,1.680000000000000104e-01
1.050399999999999972e-04,1.680000000000000104e-01
1.050800000000000036e-04,1.600000000000000033e-01
1.051199999999999964e-04,1.600000000000000033e-01
1.051600000000000028e-04,1.600000000000000033e-01
1.051999999999999957e-04,1.519999999999999962e-01
1.052400000000000021e-04,1.600000000000000033e-01
1.052799999999999949e-04,1.440000000000000169e-01
1.053200000000000013e-04,1.600000000000000033e-01
1.053600000000000077e-04,1.440000000000000169e-01
1.054000000000000005e-04,1.440000000000000169e-01
1.054400000000000069e-04,1.440000000000000169e-01
1.054799999999999998e-04,1.440000000000000169e-01
1.055200000000000062e-04,1.519999999999999962e-01
1.055599999999999990e-04,1.360000000000000098e-01
1.056000000000000054e-04,1.440000000000000169e-01
1.056399999999999982e-04,1.519999999999999962e-01
1.056800000000000046e-04,1.440000000000000169e-01
1.057199999999999975e-04,1.280000000000000027e-01
1.057600000000000039e-04,1.440000000000000169e-01
1.057999999999999967e-04,1.440000000000000169e-01
1.058400000000000031e-04,1.360000000000000098e-01
1.058799999999999959e-04,1.280000000000000027e-01
1.059200000000000023e-04,1.280000000000000027e-01
1.059599999999999952e-04,1.440000000000000169e-01
1.060000000000000016e-04,1.360000000000000098e-01
1.060399999999999944e-04,1.360000000000000098e-01
1.060800000000000008e-04,1.360000000000000098e-01
1.061200000000000072e-04,1.360000000000000098e-01
1.061600000000000000e-04,1.280000000000000027e-01
1.062000000000000064e-04,1.360000000000000098e-01
1.062399999999999993e-04,1.280000000000000027e-01
1.062800000000000057e-04,1.280000000000000027e-01
1.063199999999999985e-04,1.280000000000000027e-01
1.063600000000000049e-04,1.360000000000000098e-01
1.063999999999999977e-04,1.360000000000000098e-01
1.064400000000000041e-04,1.280000000000000027e-01
1.064799999999999970e-04,1.360000000000000098e-01
1.065200000000000034e-04,1.199999999999999956e-01
1.065599999999999962e-04,1.280000000000000027e-01
1.066000000000000026e-04,1.280000000000000027e-01
1.066399999999999954e-04,1.280000000000000027e-01
1.066800000000000018e-04,1.280000000000000027e-01
1.067199999999999947e-04,1.360000000000000098e-01
1.067600000000000011e-04,1.280000000000000027e-01
1.068000000000000074e-04,1.440000000000000169e-01
1.068400000000000003e-04,1.280000000000000027e-01
1.068800000000000067e-04,1.360000000000000098e-01
1.069199999999999995e-04,1.360000000000000098e-01
1.069600000000000059e-04,1.360000000000000098e-01
1.069999999999999988e-04,1.280000000000000027e-01
1.070400000000000052e-04,1.440000000000000169e-01
1.070799999999999980e-04,1.519999999999999962e-01
1.071200000000000044e-04,1.440000000000000169e-01
1.071599999999999972e-04,1.360000000000000098e-01
1.072000000000000036e-04,1.360000000000000098e-01
1.072399999999999965e-04,1.440000000000000169e-01
1.072800000000000029e-04,1.519999999999999962e-01
1.073199999999999957e-04,1.360000000000000098e-01
1.073600000000000021e-04,1.519999999999999962e-01
1.073999999999999949e-04,1.600000000000000033e-01
1.074400000000000013e-04,1.519999999999999962e-01
1.074800000000000077e-04,1.600000000000000033e-01
1.075200000000000006e-04,1.519999999999999962e-01
1.075600000000000069e-04,1.600000000000000033e-01
1.075999999999999998e-04,1.600000000000000033e-01
1.076400000000000062e-04,1.680000000000000104e-01
1.076799999999999990e-04,1.600000000000000033e-01
1.077200000000000054e-04,1.759999999999999898e-01
1.077599999999999983e-04,1.680000000000000104e-01
1.078000000000000047e-04,1.759999999999999898e-01
1.078399999999999975e-04,1.759999999999999898e-01
1.078800000000000039e-04,1.839999999999999969e-01
1.079199999999999967e-04,1.839999999999999969e-01
1.079600000000000031e-04,1.839999999999999969e-01
1.079999999999999960e-04,1.920000000000000040e-01
1.080400000000000024e-04,1.759999999999999898e-01
1.080799999999999952e-04,1.839999999999999969e-01
1.081200000000000016e-04,1.920000000000000040e-01
1.081599999999999944e-04,1.920000000000000040e-01
1.082000000000000008e-04,2.000000000000000111e-01
1.082400000000000072e-04,1.920000000000000040e-01
1.082800000000000001e-04,1.920000000000000040e-01
1.083200000000000064e-04,1.920000000000000040e-01
1.083599999999999993e-04,2.000000000000000111e-01
1.084000000000000057e-04,1.839999999999999969e-01
1.084399999999999985e-04,1.920000000000000040e-01
1.084800000000000049e-04,1.839999999999999969e-01
1.085199999999999978e-04,1.839999999999999969e-01
1.085600000000000042e-04,1.759999999999999898e-01
1.085999999999999970e-04,1.839999999999999969e-01
1.086400000000000034e-04,1.759999999999999898e-01
1.086799999999999962e-04,1.759999999999999898e-01
1.087200000000000026e-04,1.759999999999999898e-01
1.087599999999999955e-04,1.759999999999999898e-01
1.088000000000000019e-04,1.680000000000000104e-01
1.088399999999999947e-04,1.680000000000000104e-01
1.088800000000000011e-04,1.680000000000000104e-01
1.089200000000000075e-04,1.600000000000000033e-01
1.089600000000000003e-04,1.680000000000000104e-01
1.090000000000000067e-04,1.680000000000000104e-01
1.090399999999999996e-04,1.600000000000000033e-01
1.090800000000000059e-04,1.600000000000000033e-01
1.091199999999999988e-04,1.519999999999999962e-01
1.091600000000000052e-04,1.600000000000000033e-01
1.091999999999999980e-04,1.600000000000000033e-01
1.092400000000000044e-04,1.440000000000000169e-01
1.092799999999999973e-04,1.600000000000000033e-01
1.093200000000000037e-04,1.519999999999999962e-01
1.093599999999999965e-04,1.440000000000000169e-01
1.094000000000000029e-04,1.440000000000000169e-01
1.094399999999999957e-04,1.440000000000000169e-01
1.094800000000000021e-04,1.440000000000000169e-01
1.095199999999999950e-04,1.360000000000000098e-01
1.095600000000000014e-04,1.440000000000000169e-01
1.096000000000000077e-04,1.440000000000000169e-01
1.096400000000000006e-04,1.360000000000000098e-01
1.096800000000000070e-04,1.360000000000000098e-01
1.097199999999999998e-04,1.360000000000000098e-01
1.097600000000000062e-04,1.440000000000000169e-01
1.097999999999999991e-04,1.440000000000000169e-01
1.098400000000000054e-04,1.199999999999999956e-01
1.098799999999999983e-04,1.360000000000000098e-01
1.099200000000000047e-04,1.360000000000000098e-01
1.099599999999999975e-04,1.280000000000000027e-01
