time_s,voltage_V
-2.040000000000000003e-07,0.000000000000000000e+00
-2.038000000000000117e-07,-2.000000000000000042e-02
-2.035999999999999967e-07,-2.000000000000000042e-02
-2.034000000000000082e-07,-2.000000000000000042e-02
-2.031999999999999931e-07,-2.000000000000000042e-02
-2.030000000000000046e-07,-2.000000000000000042e-02
-2.027999999999999896e-07,-2.000000000000000042e-02
-2.026000000000000010e-07,-2.000000000000000042e-02
-2.024000000000000124e-07,-2.000000000000000042e-02
-2.021999999999999974e-07,-2.000000000000000042e-02
-2.020000000000000089e-07,0.000000000000000000e+00
-2.017999999999999938e-07,-2.000000000000000042e-02
-2.016000000000000053e-07,-2.000000000000000042e-02
-2.013999999999999903e-07,-2.000000000000000042e-02
-2.012000000000000017e-07,-2.000000000000000042e-02
-2.010000000000000131e-07,-2.000000000000000042e-02
-2.007999999999999981e-07,-2.000000000000000042e-02
-2.006000000000000096e-07,-2.000000000000000042e-02
-2.003999999999999945e-07,-2.000000000000000042e-02
-2.002000000000000060e-07,-2.000000000000000042e-02
-1.999999999999999909e-07,-2.000000000000000042e-02
-1.998000000000000024e-07,-2.000000000000000042e-02
-1.995999999999999874e-07,-2.000000000000000042e-02
-1.993999999999999988e-07,-2.000000000000000042e-02
-1.992000000000000103e-07,-2.000000000000000042e-02
-1.989999999999999952e-07,-2.000000000000000042e-02
-1.988000000000000067e-07,-2.000000000000000042e-02
-1.985999999999999916e-07,-2.000000000000000042e-02
-1.984000000000000031e-07,-2.000000000000000042e-02
-1.981999999999999881e-07,-2.000000000000000042e-02
-1.979999999999999995e-07,0.000000000000000000e+00
-1.978000000000000110e-07,0.000000000000000000e+00
-1.975999999999999959e-07,0.000000000000000000e+00
-1.974000000000000074e-07,0.000000000000000000e+00
-1.971999999999999923e-07,2.000000000000000042e-02
-1.970000000000000038e-07,2.000000000000000042e-02
-1.967999999999999888e-07,2.000000000000000042e-02
-1.966000000000000002e-07,0.000000000000000000e+00
-1.964000000000000117e-07,0.000000000000000000e+00
-1.961999999999999966e-07,0.000000000000000000e+00
-1.960000000000000081e-07,0.000000000000000000e+00
-1.957999999999999930e-07,-2.000000000000000042e-02
-1.956000000000000045e-07,-2.000000000000000042e-02
-1.953999999999999895e-07,-4.000000000000000083e-02
-1.952000000000000009e-07,-4.000000000000000083e-02
-1.950000000000000124e-07,-4.000000000000000083e-02
-1.947999999999999973e-07,-4.000000000000000083e-02
-1.946000000000000088e-07,-4.000000000000000083e-02
-1.943999999999999937e-07,-4.000000000000000083e-02
-1.942000000000000052e-07,-4.000000000000000083e-02
-1.939999999999999902e-07,-2.000000000000000042e-02
-1.938000000000000016e-07,-2.000000000000000042e-02
-1.935999999999999866e-07,-2.000000000000000042e-02
-1.933999999999999980e-07,0.000000000000000000e+00
-1.932000000000000095e-07,0.000000000000000000e+00
-1.929999999999999944e-07,2.000000000000000042e-02
-1.928000000000000059e-07,2.000000000000000042e-02
-1.925999999999999909e-07,2.000000000000000042e-02
-1.924000000000000023e-07,2.000000000000000042e-02
-1.921999999999999873e-07,2.000000000000000042e-02
-1.919999999999999987e-07,2.000000000000000042e-02
-1.918000000000000102e-07,0.000000000000000000e+00
-1.915999999999999951e-07,0.000000000000000000e+00
-1.914000000000000066e-07,0.000000000000000000e+00
-1.911999999999999916e-07,0.000000000000000000e+00
-1.910000000000000030e-07,0.000000000000000000e+00
-1.907999999999999880e-07,0.000000000000000000e+00
-1.905999999999999994e-07,0.000000000000000000e+00
-1.904000000000000109e-07,0.000000000000000000e+00
-1.901999999999999958e-07,0.000000000000000000e+00
-1.900000000000000073e-07,0.000000000000000000e+00
-1.897999999999999923e-07,0.000000000000000000e+00
-1.896000000000000037e-07,0.000000000000000000e+00
-1.893999999999999887e-07,0.000000000000000000e+00
-1.892000000000000001e-07,0.000000000000000000e+00
-1.890000000000000116e-07,0.000000000000000000e+00
-1.887999999999999965e-07,0.000000000000000000e+00
-1.886000000000000080e-07,0.000000000000000000e+00
-1.883999999999999930e-07,0.000000000000000000e+00
-1.882000000000000044e-07,0.000000000000000000e+00
-1.879999999999999894e-07,2.000000000000000042e-02
-1.878000000000000008e-07,2.000000000000000042e-02
-1.876000000000000123e-07,2.000000000000000042e-02
-1.873999999999999972e-07,2.000000000000000042e-02
-1.872000000000000087e-07,2.000000000000000042e-02
-1.869999999999999937e-07,2.000000000000000042e-02
-1.868000000000000051e-07,0.000000000000000000e+00
-1.865999999999999901e-07,0.000000000000000000e+00
-1.864000000000000015e-07,0.000000000000000000e+00
-1.862000000000000130e-07,0.000000000000000000e+00
-1.859999999999999979e-07,0.000000000000000000e+00
-1.858000000000000094e-07,0.000000000000000000e+00
-1.855999999999999944e-07,0.000000000000000000e+00
-1.854000000000000058e-07,0.000000000000000000e+00
-1.851999999999999908e-07,0.000000000000000000e+00
-1.850000000000000022e-07,0.000000000000000000e+00
-1.848000000000000137e-07,-2.000000000000000042e-02
-1.845999999999999986e-07,-2.000000000000000042e-02
-1.844000000000000101e-07,-2.000000000000000042e-02
-1.841999999999999951e-07,-2.000000000000000042e-02
-1.840000000000000065e-07,-2.000000000000000042e-02
-1.837999999999999915e-07,-2.000000000000000042e-02
-1.836000000000000029e-07,-4.000000000000000083e-02
-1.834000000000000144e-07,-4.000000000000000083e-02
-1.831999999999999993e-07,-2.000000000000000042e-02
-1.830000000000000108e-07,-2.000000000000000042e-02
-1.827999999999999958e-07,-2.000000000000000042e-02
-1.826000000000000072e-07,-2.000000000000000042e-02
-1.823999999999999922e-07,-2.000000000000000042e-02
-1.822000000000000036e-07,-2.000000000000000042e-02
-1.819999999999999886e-07,0.000000000000000000e+00
-1.818000000000000000e-07,0.000000000000000000e+00
-1.815999999999999850e-07,0.000000000000000000e+00
-1.813999999999999964e-07,0.000000000000000000e+00
-1.812000000000000079e-07,0.000000000000000000e+00
-1.809999999999999929e-07,0.000000000000000000e+00
-1.808000000000000043e-07,0.000000000000000000e+00
-1.805999999999999893e-07,0.000000000000000000e+00
-1.804000000000000007e-07,0.000000000000000000e+00
-1.801999999999999857e-07,0.000000000000000000e+00
-1.799999999999999971e-07,0.000000000000000000e+00
-1.798000000000000086e-07,0.000000000000000000e+00
-1.795999999999999936e-07,0.000000000000000000e+00
-1.794000000000000050e-07,0.000000000000000000e+00
-1.791999999999999900e-07,0.000000000000000000e+00
-1.790000000000000014e-07,0.000000000000000000e+00
-1.787999999999999864e-07,0.000000000000000000e+00
-1.785999999999999978e-07,0.000000000000000000e+00
-1.784000000000000093e-07,0.000000000000000000e+00
-1.781999999999999943e-07,0.000000000000000000e+00
-1.780000000000000057e-07,0.000000000000000000e+00
-1.777999999999999907e-07,0.000000000000000000e+00
-1.776000000000000021e-07,0.000000000000000000e+00
-1.773999999999999871e-07,0.000000000000000000e+00
-1.771999999999999985e-07,0.000000000000000000e+00
-1.770000000000000100e-07,0.000000000000000000e+00
-1.767999999999999950e-07,0.000000000000000000e+00
-1.766000000000000064e-07,0.000000000000000000e+00
-1.763999999999999914e-07,0.000000000000000000e+00
-1.762000000000000028e-07,0.000000000000000000e+00
-1.759999999999999878e-07,0.000000000000000000e+00
-1.757999999999999992e-07,0.000000000000000000e+00
-1.756000000000000107e-07,0.000000000000000000e+00
-1.753999999999999957e-07,0.000000000000000000e+00
-1.752000000000000071e-07,0.000000000000000000e+00
-1.749999999999999921e-07,0.000000000000000000e+00
-1.748000000000000035e-07,0.000000000000000000e+00
-1.745999999999999885e-07,0.000000000000000000e+00
-1.743999999999999999e-07,0.000000000000000000e+00
-1.742000000000000114e-07,0.000000000000000000e+00
-1.739999999999999964e-07,2.000000000000000042e-02
-1.738000000000000078e-07,2.000000000000000042e-02
-1.735999999999999928e-07,2.000000000000000042e-02
-1.734000000000000042e-07,2.000000000000000042e-02
-1.731999999999999892e-07,2.000000000000000042e-02
-1.730000000000000006e-07,2.000000000000000042e-02
-1.728000000000000121e-07,0.000000000000000000e+00
-1.725999999999999971e-07,0.000000000000000000e+00
-1.724000000000000085e-07,0.000000000000000000e+00
-1.721999999999999935e-07,0.000000000000000000e+00
-1.720000000000000049e-07,0.000000000000000000e+00
-1.717999999999999899e-07,0.000000000000000000e+00
-1.716000000000000013e-07,0.000000000000000000e+00
-1.714000000000000128e-07,0.000000000000000000e+00
-1.711999999999999978e-07,0.000000000000000000e+00
-1.709999999999999827e-07,0.000000000000000000e+00
-1.707999999999999942e-07,0.000000000000000000e+00
-1.706000000000000056e-07,0.000000000000000000e+00
-1.703999999999999906e-07,0.000000000000000000e+00
-1.702000000000000020e-07,0.000000000000000000e+00
-1.700000000000000135e-07,0.000000000000000000e+00
-1.697999999999999985e-07,-2.000000000000000042e-02
-1.695999999999999834e-07,-2.000000000000000042e-02
-1.693999999999999949e-07,-2.000000000000000042e-02
-1.692000000000000063e-07,-2.000000000000000042e-02
-1.689999999999999913e-07,-2.000000000000000042e-02
-1.688000000000000027e-07,-2.000000000000000042e-02
-1.686000000000000142e-07,-2.000000000000000042e-02
-1.683999999999999992e-07,-2.000000000000000042e-02
-1.681999999999999841e-07,-2.000000000000000042e-02
-1.679999999999999956e-07,-2.000000000000000042e-02
-1.678000000000000070e-07,-2.000000000000000042e-02
-1.675999999999999920e-07,-2.000000000000000042e-02
-1.674000000000000034e-07,-2.000000000000000042e-02
-1.672000000000000149e-07,-2.000000000000000042e-02
-1.669999999999999999e-07,-2.000000000000000042e-02
-1.667999999999999848e-07,-2.000000000000000042e-02
-1.665999999999999963e-07,-2.000000000000000042e-02
-1.664000000000000077e-07,-2.000000000000000042e-02
-1.661999999999999927e-07,-2.000000000000000042e-02
-1.660000000000000041e-07,0.000000000000000000e+00
-1.657999999999999891e-07,0.000000000000000000e+00
-1.656000000000000006e-07,0.000000000000000000e+00
-1.653999999999999855e-07,0.000000000000000000e+00
-1.651999999999999970e-07,0.000000000000000000e+00
-1.650000000000000084e-07,0.000000000000000000e+00
-1.647999999999999934e-07,0.000000000000000000e+00
-1.646000000000000048e-07,0.000000000000000000e+00
-1.643999999999999898e-07,0.000000000000000000e+00
-1.642000000000000013e-07,0.000000000000000000e+00
-1.639999999999999862e-07,0.000000000000000000e+00
-1.637999999999999977e-07,-2.000000000000000042e-02
-1.636000000000000091e-07,-2.000000000000000042e-02
-1.633999999999999941e-07,-2.000000000000000042e-02
-1.632000000000000055e-07,-2.000000000000000042e-02
-1.629999999999999905e-07,-2.000000000000000042e-02
-1.628000000000000020e-07,-2.000000000000000042e-02
-1.625999999999999869e-07,-4.000000000000000083e-02
-1.623999999999999984e-07,-4.000000000000000083e-02
-1.622000000000000098e-07,-2.000000000000000042e-02
-1.619999999999999948e-07,-2.000000000000000042e-02
-1.618000000000000062e-07,-2.000000000000000042e-02
-1.615999999999999912e-07,-2.000000000000000042e-02
-1.614000000000000026e-07,-2.000000000000000042e-02
-1.611999999999999876e-07,-2.000000000000000042e-02
-1.609999999999999991e-07,0.000000000000000000e+00
-1.608000000000000105e-07,0.000000000000000000e+00
-1.605999999999999955e-07,0.000000000000000000e+00
-1.604000000000000069e-07,0.000000000000000000e+00
-1.601999999999999919e-07,0.000000000000000000e+00
-1.600000000000000033e-07,2.000000000000000042e-02
-1.597999999999999883e-07,2.000000000000000042e-02
-1.595999999999999998e-07,2.000000000000000042e-02
-1.594000000000000112e-07,2.000000000000000042e-02
-1.591999999999999962e-07,2.000000000000000042e-02
-1.590000000000000076e-07,2.000000000000000042e-02
-1.587999999999999926e-07,0.000000000000000000e+00
-1.586000000000000040e-07,0.000000000000000000e+00
-1.583999999999999890e-07,0.000000000000000000e+00
-1.582000000000000005e-07,0.000000000000000000e+00
-1.580000000000000119e-07,0.000000000000000000e+00
-1.577999999999999969e-07,0.000000000000000000e+00
-1.576000000000000083e-07,0.000000000000000000e+00
-1.573999999999999933e-07,0.000000000000000000e+00
-1.572000000000000047e-07,0.000000000000000000e+00
-1.569999999999999897e-07,0.000000000000000000e+00
-1.568000000000000012e-07,0.000000000000000000e+00
-1.566000000000000126e-07,0.000000000000000000e+00
-1.563999999999999976e-07,0.000000000000000000e+00
-1.561999999999999826e-07,0.000000000000000000e+00
-1.559999999999999940e-07,0.000000000000000000e+00
-1.558000000000000054e-07,0.000000000000000000e+00
-1.555999999999999904e-07,0.000000000000000000e+00
-1.554000000000000019e-07,0.000000000000000000e+00
-1.552000000000000133e-07,0.000000000000000000e+00
-1.549999999999999983e-07,0.000000000000000000e+00
-1.547999999999999833e-07,0.000000000000000000e+00
-1.545999999999999947e-07,0.000000000000000000e+00
-1.544000000000000061e-07,0.000000000000000000e+00
-1.541999999999999911e-07,0.000000000000000000e+00
-1.540000000000000026e-07,2.000000000000000042e-02
-1.538000000000000140e-07,0.000000000000000000e+00
-1.535999999999999990e-07,0.000000000000000000e+00
-1.533999999999999840e-07,0.000000000000000000e+00
-1.531999999999999954e-07,0.000000000000000000e+00
-1.530000000000000068e-07,0.000000000000000000e+00
-1.527999999999999918e-07,0.000000000000000000e+00
-1.526000000000000033e-07,0.000000000000000000e+00
-1.524000000000000147e-07,0.000000000000000000e+00
-1.521999999999999997e-07,0.000000000000000000e+00
-1.519999999999999847e-07,2.000000000000000042e-02
-1.517999999999999961e-07,0.000000000000000000e+00
-1.516000000000000075e-07,0.000000000000000000e+00
-1.513999999999999925e-07,0.000000000000000000e+00
-1.512000000000000040e-07,0.000000000000000000e+00
-1.509999999999999889e-07,0.000000000000000000e+00
-1.508000000000000004e-07,0.000000000000000000e+00
-1.505999999999999854e-07,-2.000000000000000042e-02
-1.503999999999999968e-07,-2.000000000000000042e-02
-1.502000000000000082e-07,0.000000000000000000e+00
-1.499999999999999932e-07,0.000000000000000000e+00
-1.498000000000000047e-07,0.000000000000000000e+00
-1.495999999999999896e-07,0.000000000000000000e+00
-1.494000000000000011e-07,0.000000000000000000e+00
-1.491999999999999860e-07,0.000000000000000000e+00
-1.489999999999999975e-07,2.000000000000000042e-02
-1.488000000000000089e-07,0.000000000000000000e+00
-1.485999999999999939e-07,0.000000000000000000e+00
-1.484000000000000054e-07,0.000000000000000000e+00
-1.481999999999999903e-07,0.000000000000000000e+00
-1.480000000000000018e-07,0.000000000000000000e+00
-1.477999999999999867e-07,0.000000000000000000e+00
-1.475999999999999982e-07,0.000000000000000000e+00
-1.474000000000000096e-07,0.000000000000000000e+00
-1.471999999999999946e-07,0.000000000000000000e+00
-1.470000000000000061e-07,0.000000000000000000e+00
-1.467999999999999910e-07,0.000000000000000000e+00
-1.466000000000000025e-07,0.000000000000000000e+00
-1.463999999999999874e-07,0.000000000000000000e+00
-1.461999999999999989e-07,0.000000000000000000e+00
-1.460000000000000103e-07,0.000000000000000000e+00
-1.457999999999999953e-07,0.000000000000000000e+00
-1.456000000000000068e-07,0.000000000000000000e+00
-1.453999999999999917e-07,0.000000000000000000e+00
-1.452000000000000032e-07,0.000000000000000000e+00
-1.449999999999999881e-07,0.000000000000000000e+00
-1.447999999999999996e-07,0.000000000000000000e+00
-1.446000000000000110e-07,0.000000000000000000e+00
-1.443999999999999960e-07,0.000000000000000000e+00
-1.441999999999999810e-07,0.000000000000000000e+00
-1.439999999999999924e-07,2.000000000000000042e-02
-1.438000000000000039e-07,2.000000000000000042e-02
-1.435999999999999888e-07,2.000000000000000042e-02
-1.434000000000000003e-07,2.000000000000000042e-02
-1.432000000000000117e-07,2.000000000000000042e-02
-1.429999999999999967e-07,2.000000000000000042e-02
-1.427999999999999817e-07,0.000000000000000000e+00
-1.425999999999999931e-07,0.000000000000000000e+00
-1.424000000000000046e-07,0.000000000000000000e+00
-1.421999999999999895e-07,0.000000000000000000e+00
-1.420000000000000010e-07,0.000000000000000000e+00
-1.418000000000000124e-07,0.000000000000000000e+00
-1.415999999999999974e-07,0.000000000000000000e+00
-1.413999999999999824e-07,2.000000000000000042e-02
-1.411999999999999938e-07,2.000000000000000042e-02
-1.410000000000000053e-07,4.000000000000000083e-02
-1.407999999999999902e-07,4.000000000000000083e-02
-1.406000000000000017e-07,4.000000000000000083e-02
-1.404000000000000131e-07,4.000000000000000083e-02
-1.401999999999999981e-07,4.000000000000000083e-02
-1.399999999999999831e-07,4.000000000000000083e-02
-1.397999999999999945e-07,4.000000000000000083e-02
-1.396000000000000060e-07,2.000000000000000042e-02
-1.393999999999999909e-07,2.000000000000000042e-02
-1.392000000000000024e-07,2.000000000000000042e-02
-1.390000000000000138e-07,2.000000000000000042e-02
-1.387999999999999988e-07,0.000000000000000000e+00
-1.385999999999999838e-07,0.000000000000000000e+00
-1.383999999999999952e-07,-2.000000000000000042e-02
-1.382000000000000067e-07,-2.000000000000000042e-02
-1.379999999999999916e-07,-2.000000000000000042e-02
-1.378000000000000031e-07,-4.000000000000000083e-02
-1.376000000000000145e-07,-4.000000000000000083e-02
-1.373999999999999995e-07,-4.000000000000000083e-02
-1.371999999999999845e-07,-4.000000000000000083e-02
-1.369999999999999959e-07,-2.000000000000000042e-02
-1.368000000000000074e-07,-2.000000000000000042e-02
-1.365999999999999923e-07,-2.000000000000000042e-02
-1.364000000000000038e-07,-2.000000000000000042e-02
-1.362000000000000152e-07,-2.000000000000000042e-02
-1.360000000000000002e-07,0.000000000000000000e+00
-1.357999999999999852e-07,0.000000000000000000e+00
-1.355999999999999966e-07,0.000000000000000000e+00
-1.354000000000000081e-07,0.000000000000000000e+00
-1.351999999999999930e-07,0.000000000000000000e+00
-1.349999999999999780e-07,0.000000000000000000e+00
-1.348000000000000159e-07,0.000000000000000000e+00
-1.346000000000000009e-07,0.000000000000000000e+00
-1.343999999999999859e-07,0.000000000000000000e+00
-1.341999999999999973e-07,0.000000000000000000e+00
-1.340000000000000088e-07,0.000000000000000000e+00
-1.337999999999999937e-07,0.000000000000000000e+00
-1.335999999999999787e-07,0.000000000000000000e+00
-1.334000000000000166e-07,0.000000000000000000e+00
-1.332000000000000016e-07,0.000000000000000000e+00
-1.329999999999999866e-07,2.000000000000000042e-02
-1.327999999999999980e-07,2.000000000000000042e-02
-1.326000000000000095e-07,2.000000000000000042e-02
-1.323999999999999944e-07,2.000000000000000042e-02
-1.321999999999999794e-07,2.000000000000000042e-02
-1.320000000000000173e-07,2.000000000000000042e-02
-1.318000000000000023e-07,0.000000000000000000e+00
-1.315999999999999873e-07,0.000000000000000000e+00
-1.313999999999999987e-07,0.000000000000000000e+00
-1.312000000000000102e-07,0.000000000000000000e+00
-1.309999999999999951e-07,0.000000000000000000e+00
-1.307999999999999801e-07,0.000000000000000000e+00
-1.305999999999999915e-07,-2.000000000000000042e-02
-1.304000000000000030e-07,-2.000000000000000042e-02
-1.301999999999999880e-07,0.000000000000000000e+00
-1.299999999999999994e-07,0.000000000000000000e+00
-1.298000000000000109e-07,0.000000000000000000e+00
-1.295999999999999958e-07,0.000000000000000000e+00
-1.293999999999999808e-07,0.000000000000000000e+00
-1.291999999999999922e-07,2.000000000000000042e-02
-1.290000000000000037e-07,2.000000000000000042e-02
-1.287999999999999887e-07,0.000000000000000000e+00
-1.286000000000000001e-07,0.000000000000000000e+00
-1.284000000000000116e-07,-2.000000000000000042e-02
-1.281999999999999965e-07,-2.000000000000000042e-02
-1.279999999999999815e-07,-2.000000000000000042e-02
-1.277999999999999929e-07,-2.000000000000000042e-02
-1.276000000000000044e-07,-2.000000000000000042e-02
-1.273999999999999894e-07,-2.000000000000000042e-02
-1.272000000000000008e-07,-2.000000000000000042e-02
-1.270000000000000123e-07,0.000000000000000000e+00
-1.267999999999999972e-07,0.000000000000000000e+00
-1.265999999999999822e-07,0.000000000000000000e+00
-1.263999999999999936e-07,0.000000000000000000e+00
-1.262000000000000051e-07,2.000000000000000042e-02
-1.259999999999999901e-07,2.000000000000000042e-02
-1.258000000000000015e-07,0.000000000000000000e+00
-1.256000000000000130e-07,0.000000000000000000e+00
-1.253999999999999979e-07,0.000000000000000000e+00
-1.251999999999999829e-07,0.000000000000000000e+00
-1.249999999999999943e-07,0.000000000000000000e+00
-1.248000000000000058e-07,0.000000000000000000e+00
-1.245999999999999908e-07,0.000000000000000000e+00
-1.244000000000000022e-07,0.000000000000000000e+00
-1.242000000000000136e-07,0.000000000000000000e+00
-1.239999999999999986e-07,2.000000000000000042e-02
-1.237999999999999836e-07,2.000000000000000042e-02
-1.235999999999999950e-07,2.000000000000000042e-02
-1.234000000000000065e-07,2.000000000000000042e-02
-1.231999999999999915e-07,2.000000000000000042e-02
-1.230000000000000029e-07,2.000000000000000042e-02
-1.228000000000000143e-07,0.000000000000000000e+00
-1.225999999999999993e-07,0.000000000000000000e+00
-1.223999999999999843e-07,0.000000000000000000e+00
-1.221999999999999957e-07,0.000000000000000000e+00
-1.220000000000000072e-07,0.000000000000000000e+00
-1.217999999999999922e-07,0.000000000000000000e+00
-1.216000000000000036e-07,0.000000000000000000e+00
-1.214000000000000150e-07,0.000000000000000000e+00
-1.212000000000000000e-07,0.000000000000000000e+00
-1.209999999999999850e-07,2.000000000000000042e-02
-1.207999999999999964e-07,2.000000000000000042e-02
-1.206000000000000079e-07,2.000000000000000042e-02
-1.203999999999999929e-07,2.000000000000000042e-02
-1.201999999999999778e-07,2.000000000000000042e-02
-1.200000000000000157e-07,2.000000000000000042e-02
-1.198000000000000007e-07,0.000000000000000000e+00
-1.195999999999999857e-07,0.000000000000000000e+00
-1.193999999999999971e-07,0.000000000000000000e+00
-1.191999999999999953e-07,0.000000000000000000e+00
-1.189999999999999936e-07,0.000000000000000000e+00
-1.187999999999999918e-07,0.000000000000000000e+00
-1.186000000000000032e-07,0.000000000000000000e+00
-1.184000000000000014e-07,0.000000000000000000e+00
-1.181999999999999996e-07,0.000000000000000000e+00
-1.179999999999999978e-07,2.000000000000000042e-02
-1.177999999999999960e-07,0.000000000000000000e+00
-1.175999999999999943e-07,0.000000000000000000e+00
-1.173999999999999925e-07,0.000000000000000000e+00
-1.171999999999999907e-07,0.000000000000000000e+00
-1.170000000000000021e-07,0.000000000000000000e+00
-1.168000000000000003e-07,-2.000000000000000042e-02
-1.165999999999999985e-07,-2.000000000000000042e-02
-1.163999999999999967e-07,-2.000000000000000042e-02
-1.161999999999999950e-07,-2.000000000000000042e-02
-1.159999999999999932e-07,0.000000000000000000e+00
-1.157999999999999914e-07,0.000000000000000000e+00
-1.156000000000000028e-07,0.000000000000000000e+00
-1.154000000000000010e-07,2.000000000000000042e-02
-1.151999999999999992e-07,2.000000000000000042e-02
-1.149999999999999974e-07,4.000000000000000083e-02
-1.147999999999999957e-07,4.000000000000000083e-02
-1.145999999999999939e-07,4.000000000000000083e-02
-1.143999999999999921e-07,4.000000000000000083e-02
-1.142000000000000035e-07,4.000000000000000083e-02
-1.140000000000000017e-07,4.000000000000000083e-02
-1.137999999999999999e-07,4.000000000000000083e-02
-1.135999999999999981e-07,4.000000000000000083e-02
-1.133999999999999964e-07,4.000000000000000083e-02
-1.131999999999999946e-07,4.000000000000000083e-02
-1.129999999999999928e-07,4.000000000000000083e-02
-1.127999999999999910e-07,2.000000000000000042e-02
-1.126000000000000024e-07,2.000000000000000042e-02
-1.124000000000000006e-07,0.000000000000000000e+00
-1.121999999999999988e-07,0.000000000000000000e+00
-1.119999999999999970e-07,0.000000000000000000e+00
-1.117999999999999953e-07,-2.000000000000000042e-02
-1.115999999999999935e-07,-2.000000000000000042e-02
-1.113999999999999917e-07,-2.000000000000000042e-02
-1.112000000000000031e-07,-2.000000000000000042e-02
-1.110000000000000013e-07,0.000000000000000000e+00
-1.107999999999999995e-07,0.000000000000000000e+00
-1.105999999999999977e-07,0.000000000000000000e+00
-1.103999999999999960e-07,0.000000000000000000e+00
-1.101999999999999942e-07,0.000000000000000000e+00
-1.099999999999999924e-07,2.000000000000000042e-02
-1.097999999999999906e-07,0.000000000000000000e+00
-1.096000000000000020e-07,0.000000000000000000e+00
-1.094000000000000002e-07,0.000000000000000000e+00
-1.091999999999999984e-07,0.000000000000000000e+00
-1.089999999999999967e-07,0.000000000000000000e+00
-1.087999999999999949e-07,0.000000000000000000e+00
-1.085999999999999931e-07,0.000000000000000000e+00
-1.083999999999999913e-07,0.000000000000000000e+00
-1.082000000000000027e-07,0.000000000000000000e+00
-1.080000000000000009e-07,0.000000000000000000e+00
-1.077999999999999991e-07,0.000000000000000000e+00
-1.075999999999999974e-07,0.000000000000000000e+00
-1.073999999999999956e-07,0.000000000000000000e+00
-1.071999999999999938e-07,0.000000000000000000e+00
-1.069999999999999920e-07,0.000000000000000000e+00
-1.067999999999999902e-07,0.000000000000000000e+00
-1.066000000000000016e-07,0.000000000000000000e+00
-1.063999999999999998e-07,0.000000000000000000e+00
-1.061999999999999981e-07,0.000000000000000000e+00
-1.059999999999999963e-07,0.000000000000000000e+00
-1.057999999999999945e-07,0.000000000000000000e+00
-1.055999999999999927e-07,0.000000000000000000e+00
-1.053999999999999909e-07,0.000000000000000000e+00
-1.052000000000000023e-07,0.000000000000000000e+00
-1.050000000000000005e-07,2.000000000000000042e-02
-1.047999999999999988e-07,2.000000000000000042e-02
-1.045999999999999970e-07,2.000000000000000042e-02
-1.043999999999999952e-07,2.000000000000000042e-02
-1.041999999999999934e-07,2.000000000000000042e-02
-1.039999999999999916e-07,2.000000000000000042e-02
-1.038000000000000030e-07,2.000000000000000042e-02
-1.036000000000000012e-07,2.000000000000000042e-02
-1.033999999999999995e-07,2.000000000000000042e-02
-1.031999999999999977e-07,2.000000000000000042e-02
-1.029999999999999959e-07,4.000000000000000083e-02
-1.027999999999999941e-07,4.000000000000000083e-02
-1.025999999999999923e-07,4.000000000000000083e-02
-1.023999999999999905e-07,4.000000000000000083e-02
-1.022000000000000019e-07,4.000000000000000083e-02
-1.020000000000000001e-07,4.000000000000000083e-02
-1.017999999999999984e-07,2.000000000000000042e-02
-1.015999999999999966e-07,2.000000000000000042e-02
-1.013999999999999948e-07,2.000000000000000042e-02
-1.011999999999999930e-07,2.000000000000000042e-02
-1.009999999999999912e-07,2.000000000000000042e-02
-1.008000000000000026e-07,2.000000000000000042e-02
-1.006000000000000008e-07,0.000000000000000000e+00
-1.003999999999999991e-07,0.000000000000000000e+00
-1.001999999999999973e-07,2.000000000000000042e-02
-9.999999999999999547e-08,2.000000000000000042e-02
-9.979999999999999368e-08,2.000000000000000042e-02
-9.959999999999999189e-08,2.000000000000000042e-02
-9.939999999999999010e-08,2.000000000000000042e-02
-9.920000000000000155e-08,2.000000000000000042e-02
-9.899999999999999976e-08,4.000000000000000083e-02
-9.879999999999999796e-08,4.000000000000000083e-02
-9.859999999999999617e-08,4.000000000000000083e-02
-9.839999999999999438e-08,4.000000000000000083e-02
-9.819999999999999259e-08,5.999999999999999778e-02
-9.799999999999999080e-08,5.999999999999999778e-02
-9.780000000000000224e-08,4.000000000000000083e-02
-9.760000000000000045e-08,4.000000000000000083e-02
-9.739999999999999866e-08,4.000000000000000083e-02
-9.719999999999999687e-08,4.000000000000000083e-02
-9.699999999999999508e-08,4.000000000000000083e-02
-9.679999999999999329e-08,4.000000000000000083e-02
-9.659999999999999150e-08,4.000000000000000083e-02
-9.640000000000000294e-08,4.000000000000000083e-02
-9.620000000000000115e-08,4.000000000000000083e-02
-9.599999999999999936e-08,4.000000000000000083e-02
-9.579999999999999757e-08,2.000000000000000042e-02
-9.559999999999999578e-08,2.000000000000000042e-02
-9.539999999999999399e-08,2.000000000000000042e-02
-9.519999999999999220e-08,2.000000000000000042e-02
-9.499999999999999041e-08,2.000000000000000042e-02
-9.480000000000000185e-08,2.000000000000000042e-02
-9.460000000000000006e-08,2.000000000000000042e-02
-9.439999999999999827e-08,2.000000000000000042e-02
-9.419999999999999648e-08,2.000000000000000042e-02
-9.399999999999999469e-08,4.000000000000000083e-02
-9.379999999999999290e-08,2.000000000000000042e-02
-9.359999999999999111e-08,2.000000000000000042e-02
-9.340000000000000255e-08,2.000000000000000042e-02
-9.320000000000000076e-08,2.000000000000000042e-02
-9.299999999999999897e-08,2.000000000000000042e-02
-9.279999999999999718e-08,2.000000000000000042e-02
-9.259999999999999539e-08,0.000000000000000000e+00
-9.239999999999999360e-08,0.000000000000000000e+00
-9.219999999999999180e-08,2.000000000000000042e-02
-9.199999999999999001e-08,2.000000000000000042e-02
-9.180000000000000146e-08,2.000000000000000042e-02
-9.159999999999999967e-08,2.000000000000000042e-02
-9.139999999999999788e-08,2.000000000000000042e-02
-9.119999999999999608e-08,2.000000000000000042e-02
-9.099999999999999429e-08,4.000000000000000083e-02
-9.079999999999999250e-08,4.000000000000000083e-02
-9.059999999999999071e-08,4.000000000000000083e-02
-9.040000000000000216e-08,4.000000000000000083e-02
-9.020000000000000037e-08,4.000000000000000083e-02
-8.999999999999999857e-08,4.000000000000000083e-02
-8.979999999999999678e-08,4.000000000000000083e-02
-8.959999999999999499e-08,4.000000000000000083e-02
-8.939999999999999320e-08,4.000000000000000083e-02
-8.919999999999999141e-08,4.000000000000000083e-02
-8.899999999999998962e-08,5.999999999999999778e-02
-8.880000000000000106e-08,5.999999999999999778e-02
-8.859999999999999927e-08,5.999999999999999778e-02
-8.839999999999999748e-08,5.999999999999999778e-02
-8.819999999999999569e-08,5.999999999999999778e-02
-8.799999999999999390e-08,5.999999999999999778e-02
-8.779999999999999211e-08,4.000000000000000083e-02
-8.759999999999999032e-08,4.000000000000000083e-02
-8.740000000000000176e-08,4.000000000000000083e-02
-8.719999999999999997e-08,4.000000000000000083e-02
-8.699999999999999818e-08,4.000000000000000083e-02
-8.679999999999999639e-08,4.000000000000000083e-02
-8.659999999999999460e-08,4.000000000000000083e-02
-8.639999999999999281e-08,4.000000000000000083e-02
-8.619999999999999102e-08,4.000000000000000083e-02
-8.600000000000000246e-08,5.999999999999999778e-02
-8.580000000000000067e-08,5.999999999999999778e-02
-8.559999999999999888e-08,5.999999999999999778e-02
-8.539999999999999709e-08,5.999999999999999778e-02
-8.519999999999999530e-08,5.999999999999999778e-02
-8.499999999999999351e-08,5.999999999999999778e-02
-8.479999999999999172e-08,4.000000000000000083e-02
-8.460000000000000316e-08,4.000000000000000083e-02
-8.439999999999998813e-08,4.000000000000000083e-02
-8.419999999999999958e-08,4.000000000000000083e-02
-8.399999999999998455e-08,4.000000000000000083e-02
-8.379999999999999600e-08,4.000000000000000083e-02
-8.360000000000000744e-08,2.000000000000000042e-02
-8.339999999999999241e-08,2.000000000000000042e-02
-8.320000000000000386e-08,4.000000000000000083e-02
-8.299999999999998883e-08,4.000000000000000083e-02
-8.280000000000000028e-08,4.000000000000000083e-02
-8.259999999999998525e-08,4.000000000000000083e-02
-8.239999999999999669e-08,4.000000000000000083e-02
-8.220000000000000814e-08,4.000000000000000083e-02
-8.199999999999999311e-08,5.999999999999999778e-02
-8.180000000000000456e-08,5.999999999999999778e-02
-8.159999999999998953e-08,5.999999999999999778e-02
-8.140000000000000098e-08,5.999999999999999778e-02
-8.119999999999998595e-08,5.999999999999999778e-02
-8.099999999999999739e-08,5.999999999999999778e-02
-8.080000000000000884e-08,5.999999999999999778e-02
-8.059999999999999381e-08,5.999999999999999778e-02
-8.040000000000000526e-08,5.999999999999999778e-02
-8.019999999999999023e-08,5.999999999999999778e-02
-8.000000000000000167e-08,8.000000000000000167e-02
-7.979999999999998665e-08,8.000000000000000167e-02
-7.959999999999999809e-08,8.000000000000000167e-02
-7.939999999999998307e-08,8.000000000000000167e-02
-7.919999999999999451e-08,8.000000000000000167e-02
-7.900000000000000595e-08,8.000000000000000167e-02
-7.879999999999999093e-08,5.999999999999999778e-02
-7.860000000000000237e-08,5.999999999999999778e-02
-7.839999999999998735e-08,5.999999999999999778e-02
-7.819999999999999879e-08,5.999999999999999778e-02
-7.799999999999998376e-08,5.999999999999999778e-02
-7.779999999999999521e-08,5.999999999999999778e-02
-7.760000000000000665e-08,5.999999999999999778e-02
-7.739999999999999163e-08,5.999999999999999778e-02
-7.720000000000000307e-08,5.999999999999999778e-02
-7.699999999999998805e-08,8.000000000000000167e-02
-7.679999999999999949e-08,5.999999999999999778e-02
-7.659999999999998446e-08,5.999999999999999778e-02
-7.639999999999999591e-08,5.999999999999999778e-02
-7.620000000000000735e-08,5.999999999999999778e-02
-7.599999999999999233e-08,5.999999999999999778e-02
-7.580000000000000377e-08,5.999999999999999778e-02
-7.559999999999998874e-08,5.999999999999999778e-02
-7.540000000000000019e-08,5.999999999999999778e-02
-7.519999999999998516e-08,5.999999999999999778e-02
-7.499999999999999661e-08,8.000000000000000167e-02
-7.480000000000000805e-08,5.999999999999999778e-02
-7.459999999999999302e-08,5.999999999999999778e-02
-7.440000000000000447e-08,5.999999999999999778e-02
-7.419999999999998944e-08,5.999999999999999778e-02
-7.400000000000000089e-08,5.999999999999999778e-02
-7.379999999999998586e-08,5.999999999999999778e-02
-7.359999999999999730e-08,5.999999999999999778e-02
-7.340000000000000875e-08,5.999999999999999778e-02
-7.319999999999999372e-08,5.999999999999999778e-02
-7.300000000000000517e-08,8.000000000000000167e-02
-7.279999999999999014e-08,5.999999999999999778e-02
-7.260000000000000159e-08,5.999999999999999778e-02
-7.239999999999998656e-08,5.999999999999999778e-02
-7.219999999999999800e-08,5.999999999999999778e-02
-7.199999999999998298e-08,5.999999999999999778e-02
-7.179999999999999442e-08,4.000000000000000083e-02
-7.160000000000000587e-08,4.000000000000000083e-02
-7.139999999999999084e-08,4.000000000000000083e-02
-7.120000000000000228e-08,4.000000000000000083e-02
-7.099999999999998726e-08,5.999999999999999778e-02
-7.079999999999999870e-08,5.999999999999999778e-02
-7.059999999999998368e-08,5.999999999999999778e-02
-7.039999999999999512e-08,8.000000000000000167e-02
-7.020000000000000656e-08,8.000000000000000167e-02
-6.999999999999999154e-08,1.000000000000000056e-01
-6.980000000000000298e-08,1.000000000000000056e-01
-6.959999999999998796e-08,1.000000000000000056e-01
-6.939999999999999940e-08,1.000000000000000056e-01
-6.919999999999998437e-08,1.000000000000000056e-01
-6.899999999999999582e-08,1.000000000000000056e-01
-6.880000000000000726e-08,1.000000000000000056e-01
-6.859999999999999224e-08,1.000000000000000056e-01
-6.840000000000000368e-08,1.000000000000000056e-01
-6.819999999999998866e-08,1.000000000000000056e-01
-6.800000000000000010e-08,1.199999999999999956e-01
-6.779999999999998507e-08,1.199999999999999956e-01
-6.759999999999999652e-08,1.199999999999999956e-01
-6.740000000000000796e-08,1.199999999999999956e-01
-6.719999999999999294e-08,1.199999999999999956e-01
-6.700000000000000438e-08,1.199999999999999956e-01
-6.679999999999998935e-08,1.199999999999999956e-01
-6.660000000000000080e-08,1.199999999999999956e-01
-6.639999999999998577e-08,1.199999999999999956e-01
-6.619999999999999722e-08,1.199999999999999956e-01
-6.599999999999998219e-08,1.199999999999999956e-01
-6.579999999999999363e-08,1.000000000000000056e-01
-6.560000000000000508e-08,1.000000000000000056e-01
-6.539999999999999005e-08,1.000000000000000056e-01
-6.520000000000000150e-08,1.000000000000000056e-01
-6.499999999999998647e-08,1.000000000000000056e-01
-6.479999999999999791e-08,1.000000000000000056e-01
-6.459999999999998289e-08,1.000000000000000056e-01
-6.439999999999999433e-08,1.000000000000000056e-01
-6.420000000000000578e-08,1.000000000000000056e-01
-6.399999999999999075e-08,1.199999999999999956e-01
-6.380000000000000220e-08,1.199999999999999956e-01
-6.359999999999998717e-08,1.199999999999999956e-01
-6.339999999999999861e-08,1.199999999999999956e-01
-6.319999999999998359e-08,1.199999999999999956e-01
-6.299999999999999503e-08,1.199999999999999956e-01
-6.280000000000000648e-08,1.000000000000000056e-01
-6.259999999999999145e-08,1.000000000000000056e-01
-6.240000000000000289e-08,1.000000000000000056e-01
-6.219999999999998787e-08,1.000000000000000056e-01
-6.199999999999999931e-08,1.000000000000000056e-01
-6.179999999999998429e-08,1.000000000000000056e-01
-6.159999999999999573e-08,1.000000000000000056e-01
-6.140000000000000717e-08,1.199999999999999956e-01
-6.119999999999999215e-08,1.199999999999999956e-01
-6.100000000000000359e-08,1.400000000000000133e-01
-6.079999999999998857e-08,1.400000000000000133e-01
-6.060000000000000001e-08,1.400000000000000133e-01
-6.039999999999998498e-08,1.400000000000000133e-01
-6.019999999999999643e-08,1.600000000000000033e-01
-6.000000000000000787e-08,1.600000000000000033e-01
-5.979999999999999285e-08,1.400000000000000133e-01
-5.960000000000000429e-08,1.400000000000000133e-01
-5.939999999999998927e-08,1.400000000000000133e-01
-5.920000000000000071e-08,1.400000000000000133e-01
-5.899999999999998568e-08,1.400000000000000133e-01
-5.879999999999999713e-08,1.400000000000000133e-01
-5.859999999999998210e-08,1.400000000000000133e-01
-5.839999999999999355e-08,1.400000000000000133e-01
-5.820000000000000499e-08,1.400000000000000133e-01
-5.799999999999998996e-08,1.600000000000000033e-01
-5.780000000000000141e-08,1.600000000000000033e-01
-5.759999999999998638e-08,1.600000000000000033e-01
-5.739999999999999783e-08,1.600000000000000033e-01
-5.719999999999998280e-08,1.600000000000000033e-01
-5.699999999999999424e-08,1.600000000000000033e-01
-5.680000000000000569e-08,1.400000000000000133e-01
-5.659999999999999066e-08,1.400000000000000133e-01
-5.640000000000000211e-08,1.400000000000000133e-01
-5.619999999999998708e-08,1.400000000000000133e-01
-5.599999999999999852e-08,1.400000000000000133e-01
-5.579999999999998350e-08,1.400000000000000133e-01
-5.559999999999999494e-08,1.400000000000000133e-01
-5.540000000000000639e-08,1.400000000000000133e-01
-5.519999999999999136e-08,1.400000000000000133e-01
-5.500000000000000281e-08,1.600000000000000033e-01
-5.479999999999998778e-08,1.600000000000000033e-01
-5.459999999999999922e-08,1.600000000000000033e-01
-5.439999999999998420e-08,1.600000000000000033e-01
-5.419999999999999564e-08,1.600000000000000033e-01
-5.400000000000000709e-08,1.600000000000000033e-01
-5.379999999999999206e-08,1.600000000000000033e-01
-5.360000000000000350e-08,1.600000000000000033e-01
-5.339999999999998848e-08,1.600000000000000033e-01
-5.319999999999999992e-08,1.600000000000000033e-01
-5.299999999999998490e-08,1.600000000000000033e-01
-5.279999999999999634e-08,1.600000000000000033e-01
-5.260000000000000778e-08,1.600000000000000033e-01
-5.239999999999999276e-08,1.600000000000000033e-01
-5.220000000000000420e-08,1.600000000000000033e-01
-5.199999999999998918e-08,1.600000000000000033e-01
-5.180000000000000062e-08,1.600000000000000033e-01
-5.159999999999998559e-08,1.600000000000000033e-01
-5.139999999999999704e-08,1.600000000000000033e-01
-5.119999999999998201e-08,1.600000000000000033e-01
-5.099999999999999346e-08,1.600000000000000033e-01
-5.080000000000000490e-08,1.600000000000000033e-01
-5.059999999999998988e-08,1.600000000000000033e-01
-5.040000000000000132e-08,1.600000000000000033e-01
-5.019999999999998629e-08,1.600000000000000033e-01
-4.999999999999999774e-08,1.799999999999999933e-01
-4.979999999999998271e-08,1.799999999999999933e-01
-4.959999999999999416e-08,1.799999999999999933e-01
-4.940000000000000560e-08,1.799999999999999933e-01
-4.919999999999999057e-08,1.799999999999999933e-01
-4.900000000000000202e-08,1.799999999999999933e-01
-4.879999999999998699e-08,1.799999999999999933e-01
-4.859999999999999844e-08,1.799999999999999933e-01
-4.839999999999998341e-08,1.799999999999999933e-01
-4.819999999999999485e-08,1.799999999999999933e-01
-4.800000000000000630e-08,1.799999999999999933e-01
-4.779999999999999127e-08,1.799999999999999933e-01
-4.760000000000000272e-08,1.799999999999999933e-01
-4.739999999999998769e-08,1.799999999999999933e-01
-4.719999999999999913e-08,1.799999999999999933e-01
-4.699999999999998411e-08,2.000000000000000111e-01
-4.679999999999999555e-08,2.000000000000000111e-01
-4.660000000000000700e-08,2.000000000000000111e-01
-4.639999999999999197e-08,2.000000000000000111e-01
-4.620000000000000342e-08,2.000000000000000111e-01
-4.599999999999998839e-08,2.000000000000000111e-01
-4.579999999999999983e-08,2.000000000000000111e-01
-4.559999999999998481e-08,2.000000000000000111e-01
-4.539999999999999625e-08,2.000000000000000111e-01
-4.520000000000000770e-08,2.000000000000000111e-01
-4.499999999999999267e-08,2.200000000000000011e-01
-4.480000000000000411e-08,2.200000000000000011e-01
-4.459999999999998909e-08,2.200000000000000011e-01
-4.440000000000000053e-08,2.200000000000000011e-01
-4.419999999999998551e-08,2.200000000000000011e-01
-4.399999999999999695e-08,2.200000000000000011e-01
-4.379999999999998192e-08,2.200000000000000011e-01
-4.359999999999999337e-08,2.200000000000000011e-01
-4.340000000000000481e-08,2.200000000000000011e-01
-4.319999999999998979e-08,2.200000000000000011e-01
-4.300000000000000123e-08,2.200000000000000011e-01
-4.279999999999998620e-08,2.200000000000000011e-01
-4.259999999999999765e-08,2.200000000000000011e-01
-4.239999999999998262e-08,2.200000000000000011e-01
-4.219999999999999407e-08,2.200000000000000011e-01
-4.200000000000000551e-08,2.399999999999999911e-01
-4.179999999999999049e-08,2.399999999999999911e-01
-4.160000000000000193e-08,2.399999999999999911e-01
-4.139999999999998690e-08,2.399999999999999911e-01
-4.119999999999999835e-08,2.399999999999999911e-01
-4.099999999999998332e-08,2.600000000000000089e-01
-4.079999999999999477e-08,2.600000000000000089e-01
-4.060000000000000621e-08,2.600000000000000089e-01
-4.039999999999999118e-08,2.600000000000000089e-01
-4.020000000000000263e-08,2.600000000000000089e-01
-3.999999999999998760e-08,2.600000000000000089e-01
-3.979999999999999905e-08,2.600000000000000089e-01
-3.959999999999998402e-08,2.600000000000000089e-01
-3.939999999999999546e-08,2.600000000000000089e-01
-3.920000000000000691e-08,2.600000000000000089e-01
-3.899999999999999188e-08,2.600000000000000089e-01
-3.880000000000000333e-08,2.600000000000000089e-01
-3.859999999999998830e-08,2.600000000000000089e-01
-3.839999999999999974e-08,2.600000000000000089e-01
-3.819999999999998472e-08,2.600000000000000089e-01
-3.799999999999999616e-08,2.600000000000000089e-01
-3.779999999999998114e-08,2.600000000000000089e-01
-3.759999999999999258e-08,2.600000000000000089e-01
-3.740000000000000403e-08,2.600000000000000089e-01
-3.719999999999998900e-08,2.600000000000000089e-01
-3.700000000000000044e-08,2.600000000000000089e-01
-3.679999999999998542e-08,2.600000000000000089e-01
-3.659999999999999686e-08,2.600000000000000089e-01
-3.639999999999998184e-08,2.600000000000000089e-01
-3.619999999999999328e-08,2.600000000000000089e-01
-3.600000000000000472e-08,2.800000000000000266e-01
-3.579999999999998970e-08,2.800000000000000266e-01
-3.560000000000000114e-08,2.999999999999999889e-01
-3.539999999999998612e-08,2.999999999999999889e-01
-3.519999999999999756e-08,2.999999999999999889e-01
-3.499999999999998253e-08,3.200000000000000067e-01
-3.479999999999999398e-08,3.200000000000000067e-01
-3.460000000000000542e-08,2.999999999999999889e-01
-3.439999999999999040e-08,2.999999999999999889e-01
-3.420000000000000184e-08,2.999999999999999889e-01
-3.399999999999998681e-08,2.999999999999999889e-01
-3.379999999999999826e-08,2.800000000000000266e-01
-3.359999999999998323e-08,2.800000000000000266e-01
-3.339999999999999468e-08,2.800000000000000266e-01
-3.320000000000000612e-08,2.800000000000000266e-01
-3.299999999999999110e-08,2.999999999999999889e-01
-3.280000000000000254e-08,2.999999999999999889e-01
-3.259999999999998751e-08,2.999999999999999889e-01
-3.239999999999999896e-08,3.200000000000000067e-01
-3.219999999999998393e-08,3.200000000000000067e-01
-3.199999999999999538e-08,3.400000000000000244e-01
-3.180000000000000682e-08,3.400000000000000244e-01
-3.159999999999999179e-08,3.400000000000000244e-01
-3.140000000000000324e-08,3.400000000000000244e-01
-3.119999999999998821e-08,3.599999999999999867e-01
-3.099999999999999966e-08,3.599999999999999867e-01
-3.079999999999998463e-08,3.599999999999999867e-01
-3.059999999999999607e-08,3.599999999999999867e-01
-3.039999999999998105e-08,3.599999999999999867e-01
-3.019999999999999249e-08,3.599999999999999867e-01
-3.000000000000000394e-08,3.599999999999999867e-01
-2.979999999999998891e-08,3.599999999999999867e-01
-2.960000000000000035e-08,3.599999999999999867e-01
-2.939999999999998533e-08,3.599999999999999867e-01
-2.919999999999999677e-08,3.599999999999999867e-01
-2.899999999999998175e-08,3.800000000000000044e-01
-2.879999999999999319e-08,3.800000000000000044e-01
-2.860000000000000464e-08,3.800000000000000044e-01
-2.839999999999998961e-08,3.800000000000000044e-01
-2.820000000000000105e-08,3.800000000000000044e-01
-2.799999999999998603e-08,3.800000000000000044e-01
-2.779999999999999747e-08,3.800000000000000044e-01
-2.759999999999998245e-08,3.800000000000000044e-01
-2.739999999999999389e-08,4.000000000000000222e-01
-2.720000000000000533e-08,4.000000000000000222e-01
-2.699999999999999031e-08,4.199999999999999845e-01
-2.680000000000000175e-08,4.199999999999999845e-01
-2.659999999999998673e-08,4.199999999999999845e-01
-2.639999999999999817e-08,4.199999999999999845e-01
-2.619999999999998314e-08,4.199999999999999845e-01
-2.599999999999999459e-08,4.199999999999999845e-01
-2.580000000000000603e-08,4.000000000000000222e-01
-2.559999999999999101e-08,4.000000000000000222e-01
-2.540000000000000245e-08,4.000000000000000222e-01
-2.519999999999998742e-08,4.000000000000000222e-01
-2.499999999999999887e-08,4.000000000000000222e-01
-2.479999999999998384e-08,4.000000000000000222e-01
-2.459999999999999529e-08,4.000000000000000222e-01
-2.440000000000000673e-08,4.000000000000000222e-01
-2.419999999999999171e-08,4.000000000000000222e-01
-2.400000000000000315e-08,4.199999999999999845e-01
-2.379999999999998812e-08,4.199999999999999845e-01
-2.359999999999999957e-08,4.199999999999999845e-01
-2.339999999999998454e-08,4.199999999999999845e-01
-2.319999999999999599e-08,4.199999999999999845e-01
-2.299999999999998096e-08,4.199999999999999845e-01
-2.279999999999999240e-08,4.199999999999999845e-01
-2.260000000000000385e-08,4.199999999999999845e-01
-2.239999999999998882e-08,4.199999999999999845e-01
-2.220000000000000027e-08,4.199999999999999845e-01
-2.199999999999998524e-08,4.400000000000000022e-01
-2.179999999999999668e-08,4.400000000000000022e-01
-2.159999999999998166e-08,4.400000000000000022e-01
-2.139999999999999310e-08,4.400000000000000022e-01
-2.120000000000000455e-08,4.400000000000000022e-01
-2.099999999999998952e-08,4.600000000000000200e-01
-2.080000000000000096e-08,4.600000000000000200e-01
-2.059999999999998594e-08,4.600000000000000200e-01
-2.039999999999999738e-08,4.600000000000000200e-01
-2.019999999999998236e-08,4.600000000000000200e-01
-1.999999999999999380e-08,4.600000000000000200e-01
-1.980000000000000525e-08,4.600000000000000200e-01
-1.959999999999999022e-08,4.600000000000000200e-01
-1.940000000000000166e-08,4.799999999999999822e-01
-1.919999999999998664e-08,4.799999999999999822e-01
-1.899999999999999808e-08,5.000000000000000000e-01
-1.879999999999998306e-08,5.000000000000000000e-01
-1.859999999999999450e-08,5.000000000000000000e-01
-1.840000000000000594e-08,5.000000000000000000e-01
-1.819999999999999092e-08,5.000000000000000000e-01
-1.800000000000000236e-08,5.200000000000000178e-01
-1.779999999999998734e-08,5.200000000000000178e-01
-1.759999999999999878e-08,5.200000000000000178e-01
-1.739999999999998375e-08,5.200000000000000178e-01
-1.719999999999999520e-08,5.200000000000000178e-01
-1.700000000000000664e-08,5.400000000000000355e-01
-1.679999999999999162e-08,5.400000000000000355e-01
-1.660000000000000306e-08,5.400000000000000355e-01
-1.639999999999998803e-08,5.400000000000000355e-01
-1.619999999999999948e-08,5.400000000000000355e-01
-1.599999999999998445e-08,5.400000000000000355e-01
-1.579999999999999590e-08,5.400000000000000355e-01
-1.559999999999998087e-08,5.400000000000000355e-01
-1.539999999999999232e-08,5.600000000000000533e-01
-1.520000000000000376e-08,5.600000000000000533e-01
-1.499999999999998873e-08,5.799999999999999600e-01
-1.480000000000000018e-08,5.799999999999999600e-01
-1.459999999999998515e-08,5.799999999999999600e-01
-1.439999999999999660e-08,5.799999999999999600e-01
-1.419999999999998157e-08,5.799999999999999600e-01
-1.399999999999999301e-08,5.799999999999999600e-01
-1.380000000000000446e-08,5.600000000000000533e-01
-1.359999999999998943e-08,5.600000000000000533e-01
-1.340000000000000088e-08,5.600000000000000533e-01
-1.319999999999998585e-08,5.600000000000000533e-01
-1.299999999999999729e-08,5.600000000000000533e-01
-1.279999999999998227e-08,5.600000000000000533e-01
-1.259999999999999371e-08,5.600000000000000533e-01
-1.240000000000000516e-08,5.799999999999999600e-01
-1.219999999999999013e-08,5.799999999999999600e-01
-1.200000000000000157e-08,5.999999999999999778e-01
-1.179999999999998655e-08,5.999999999999999778e-01
-1.159999999999999799e-08,5.999999999999999778e-01
-1.139999999999998297e-08,5.999999999999999778e-01
-1.119999999999999441e-08,6.199999999999999956e-01
-1.100000000000000585e-08,6.199999999999999956e-01
-1.079999999999999083e-08,6.199999999999999956e-01
-1.060000000000000227e-08,6.199999999999999956e-01
-1.039999999999998725e-08,6.199999999999999956e-01
-1.019999999999999869e-08,6.199999999999999956e-01
-9.999999999999983666e-09,6.199999999999999956e-01
-9.799999999999995110e-09,6.199999999999999956e-01
-9.599999999999980084e-09,6.199999999999999956e-01
-9.399999999999991528e-09,6.400000000000000133e-01
-9.200000000000002972e-09,6.400000000000000133e-01
-8.999999999999987946e-09,6.600000000000000311e-01
-8.799999999999999390e-09,6.600000000000000311e-01
-8.599999999999984364e-09,6.600000000000000311e-01
-8.399999999999995808e-09,6.600000000000000311e-01
-8.199999999999980782e-09,6.800000000000000488e-01
-7.999999999999992226e-09,6.800000000000000488e-01
-7.800000000000003670e-09,6.800000000000000488e-01
-7.599999999999988645e-09,6.800000000000000488e-01
-7.400000000000000089e-09,6.800000000000000488e-01
-7.199999999999985063e-09,6.800000000000000488e-01
-6.999999999999996507e-09,6.800000000000000488e-01
-6.799999999999981481e-09,6.800000000000000488e-01
-6.599999999999992925e-09,6.800000000000000488e-01
-6.400000000000004369e-09,7.000000000000000666e-01
-6.199999999999989343e-09,7.000000000000000666e-01
-6.000000000000000787e-09,7.199999999999999734e-01
-5.799999999999985761e-09,7.199999999999999734e-01
-5.599999999999997205e-09,7.199999999999999734e-01
-5.399999999999982180e-09,7.199999999999999734e-01
-5.199999999999993624e-09,7.199999999999999734e-01
-5.000000000000005068e-09,7.399999999999999911e-01
-4.799999999999990042e-09,7.399999999999999911e-01
-4.600000000000001486e-09,7.399999999999999911e-01
-4.399999999999986460e-09,7.399999999999999911e-01
-4.199999999999997904e-09,7.399999999999999911e-01
-3.999999999999982878e-09,7.600000000000000089e-01
-3.799999999999994322e-09,7.600000000000000089e-01
-3.600000000000005766e-09,7.600000000000000089e-01
-3.399999999999990741e-09,7.600000000000000089e-01
-3.200000000000002185e-09,7.600000000000000089e-01
-2.999999999999987159e-09,7.800000000000000266e-01
-2.799999999999998603e-09,7.800000000000000266e-01
-2.599999999999983577e-09,7.800000000000000266e-01
-2.399999999999995021e-09,7.800000000000000266e-01
-2.199999999999979995e-09,7.800000000000000266e-01
-1.999999999999991439e-09,7.800000000000000266e-01
-1.800000000000002883e-09,7.800000000000000266e-01
-1.599999999999987857e-09,7.800000000000000266e-01
-1.399999999999999301e-09,8.000000000000000444e-01
-1.199999999999984276e-09,8.000000000000000444e-01
-9.999999999999957196e-10,8.200000000000000622e-01
-7.999999999999806938e-10,8.200000000000000622e-01
-5.999999999999921378e-10,8.200000000000000622e-01
-4.000000000000035818e-10,8.200000000000000622e-01
-1.999999999999885560e-10,8.200000000000000622e-01
0.000000000000000000e+00,8.399999999999999689e-01
2.000000000000150258e-10,8.399999999999999689e-01
4.000000000000035818e-10,8.399999999999999689e-01
6.000000000000186076e-10,8.399999999999999689e-01
8.000000000000071636e-10,8.399999999999999689e-01
9.999999999999957196e-10,8.599999999999999867e-01
1.200000000000010745e-09,8.599999999999999867e-01
1.399999999999999301e-09,8.599999999999999867e-01
1.600000000000014327e-09,8.599999999999999867e-01
1.800000000000002883e-09,8.599999999999999867e-01
2.000000000000017909e-09,8.800000000000000044e-01
2.200000000000006465e-09,8.800000000000000044e-01
2.399999999999995021e-09,8.800000000000000044e-01
2.600000000000010047e-09,9.000000000000000222e-01
2.799999999999998603e-09,9.000000000000000222e-01
3.000000000000013629e-09,9.200000000000000400e-01
3.200000000000002185e-09,9.200000000000000400e-01
3.400000000000017210e-09,9.200000000000000400e-01
3.600000000000005766e-09,9.200000000000000400e-01
3.799999999999994322e-09,9.200000000000000400e-01
4.000000000000009348e-09,9.200000000000000400e-01
4.199999999999997904e-09,9.200000000000000400e-01
4.400000000000012930e-09,9.200000000000000400e-01
4.600000000000001486e-09,9.400000000000000577e-01
4.800000000000016512e-09,9.400000000000000577e-01
5.000000000000005068e-09,9.599999999999999645e-01
5.200000000000020093e-09,9.599999999999999645e-01
5.400000000000008649e-09,9.599999999999999645e-01
5.599999999999997205e-09,9.599999999999999645e-01
5.800000000000012231e-09,9.599999999999999645e-01
6.000000000000000787e-09,9.799999999999999822e-01
6.200000000000015813e-09,9.799999999999999822e-01
6.400000000000004369e-09,9.799999999999999822e-01
6.600000000000019395e-09,9.799999999999999822e-01
6.800000000000007951e-09,9.799999999999999822e-01
6.999999999999996507e-09,1.000000000000000000e+00
7.200000000000011533e-09,1.000000000000000000e+00
7.400000000000000089e-09,1.000000000000000000e+00
7.600000000000015114e-09,1.020000000000000018e+00
7.800000000000003670e-09,1.020000000000000018e+00
8.000000000000018696e-09,1.040000000000000036e+00
8.200000000000007252e-09,1.040000000000000036e+00
8.399999999999995808e-09,1.040000000000000036e+00
8.600000000000010834e-09,1.040000000000000036e+00
8.799999999999999390e-09,1.040000000000000036e+00
9.000000000000014416e-09,1.040000000000000036e+00
9.200000000000002972e-09,1.040000000000000036e+00
9.400000000000017998e-09,1.040000000000000036e+00
9.600000000000006554e-09,1.040000000000000036e+00
9.799999999999995110e-09,1.040000000000000036e+00
1.000000000000001014e-08,1.060000000000000053e+00
1.019999999999999869e-08,1.060000000000000053e+00
1.040000000000001372e-08,1.060000000000000053e+00
1.060000000000000227e-08,1.060000000000000053e+00
1.080000000000001730e-08,1.060000000000000053e+00
1.100000000000000585e-08,1.080000000000000071e+00
1.119999999999999441e-08,1.080000000000000071e+00
1.140000000000000944e-08,1.080000000000000071e+00
1.159999999999999799e-08,1.100000000000000089e+00
1.180000000000001302e-08,1.100000000000000089e+00
1.200000000000000157e-08,1.120000000000000107e+00
1.220000000000001660e-08,1.120000000000000107e+00
1.240000000000000516e-08,1.120000000000000107e+00
1.260000000000002018e-08,1.120000000000000107e+00
1.280000000000000874e-08,1.120000000000000107e+00
1.299999999999999729e-08,1.120000000000000107e+00
1.320000000000001232e-08,1.120000000000000107e+00
1.340000000000000088e-08,1.120000000000000107e+00
1.360000000000001590e-08,1.120000000000000107e+00
1.380000000000000446e-08,1.120000000000000107e+00
1.400000000000001948e-08,1.140000000000000124e+00
1.420000000000000804e-08,1.140000000000000124e+00
1.439999999999999660e-08,1.140000000000000124e+00
1.460000000000001162e-08,1.159999999999999920e+00
1.480000000000000018e-08,1.159999999999999920e+00
1.500000000000001520e-08,-3.939999999999999947e+00
1.520000000000000376e-08,-3.939999999999999947e+00
1.540000000000001878e-08,-3.939999999999999947e+00
1.560000000000000734e-08,-3.939999999999999947e+00
1.579999999999999590e-08,-3.939999999999999947e+00
1.600000000000001092e-08,-3.939999999999999947e+00
1.619999999999999948e-08,-3.939999999999999947e+00
1.640000000000001450e-08,-3.939999999999999947e+00
1.660000000000000306e-08,-3.919999999999999929e+00
1.680000000000001809e-08,-3.919999999999999929e+00
1.700000000000000664e-08,-3.899999999999999911e+00
1.719999999999999520e-08,-3.899999999999999911e+00
1.740000000000001022e-08,-3.899999999999999911e+00
1.759999999999999878e-08,-3.899999999999999911e+00
1.780000000000001381e-08,-3.899999999999999911e+00
1.800000000000000236e-08,-3.879999999999999893e+00
1.820000000000001739e-08,-3.879999999999999893e+00
1.840000000000000594e-08,-3.879999999999999893e+00
1.860000000000002097e-08,-3.879999999999999893e+00
1.880000000000000953e-08,-3.879999999999999893e+00
1.899999999999999808e-08,-3.859999999999999876e+00
1.920000000000001311e-08,-3.859999999999999876e+00
1.940000000000000166e-08,-3.859999999999999876e+00
1.960000000000001669e-08,-3.839999999999999858e+00
1.980000000000000525e-08,-3.839999999999999858e+00
2.000000000000002027e-08,-3.820000000000000284e+00
2.020000000000000883e-08,-3.820000000000000284e+00
2.039999999999999738e-08,-3.820000000000000284e+00
2.060000000000001241e-08,-3.820000000000000284e+00
2.080000000000000096e-08,-3.820000000000000284e+00
2.100000000000001599e-08,-3.820000000000000284e+00
2.120000000000000455e-08,-3.820000000000000284e+00
2.140000000000001957e-08,-3.820000000000000284e+00
2.160000000000000813e-08,-3.800000000000000266e+00
2.179999999999999668e-08,-3.800000000000000266e+00
2.200000000000001171e-08,-3.780000000000000249e+00
2.220000000000000027e-08,-3.780000000000000249e+00
2.240000000000001529e-08,-3.780000000000000249e+00
2.260000000000000385e-08,-3.780000000000000249e+00
2.280000000000001887e-08,-3.780000000000000249e+00
2.300000000000000743e-08,-3.760000000000000231e+00
2.319999999999999599e-08,-3.760000000000000231e+00
2.340000000000001101e-08,-3.760000000000000231e+00
2.359999999999999957e-08,-3.760000000000000231e+00
2.380000000000001459e-08,-3.760000000000000231e+00
2.400000000000000315e-08,-3.740000000000000213e+00
2.420000000000001817e-08,-3.740000000000000213e+00
2.440000000000000673e-08,-3.740000000000000213e+00
2.459999999999999529e-08,-3.740000000000000213e+00
2.480000000000001031e-08,-3.740000000000000213e+00
2.499999999999999887e-08,-3.720000000000000195e+00
2.520000000000001389e-08,-3.720000000000000195e+00
2.540000000000000245e-08,-3.720000000000000195e+00
2.560000000000001748e-08,-3.720000000000000195e+00
2.580000000000000603e-08,-3.720000000000000195e+00
2.600000000000002106e-08,-3.700000000000000178e+00
2.620000000000000961e-08,-3.700000000000000178e+00
2.639999999999999817e-08,-3.700000000000000178e+00
2.660000000000001320e-08,-3.680000000000000160e+00
2.680000000000000175e-08,-3.680000000000000160e+00
2.700000000000001678e-08,-3.660000000000000142e+00
2.720000000000000533e-08,-3.660000000000000142e+00
2.740000000000002036e-08,-3.660000000000000142e+00
2.760000000000000892e-08,-3.660000000000000142e+00
2.779999999999999747e-08,-3.640000000000000124e+00
2.800000000000001250e-08,-3.640000000000000124e+00
2.820000000000000105e-08,-3.640000000000000124e+00
2.840000000000001608e-08,-3.660000000000000142e+00
2.860000000000000464e-08,-3.660000000000000142e+00
2.880000000000001966e-08,-3.640000000000000124e+00
2.900000000000000822e-08,-3.640000000000000124e+00
2.919999999999999677e-08,-3.640000000000000124e+00
2.940000000000001180e-08,-3.620000000000000107e+00
2.960000000000000035e-08,-3.620000000000000107e+00
2.980000000000001538e-08,-3.600000000000000089e+00
3.000000000000000394e-08,-3.580000000000000071e+00
3.020000000000001896e-08,-3.580000000000000071e+00
3.040000000000000752e-08,-3.580000000000000071e+00
3.059999999999999607e-08,-3.580000000000000071e+00
3.080000000000001110e-08,-3.560000000000000053e+00
3.099999999999999966e-08,-3.560000000000000053e+00
3.120000000000001468e-08,-3.560000000000000053e+00
3.140000000000000324e-08,-3.560000000000000053e+00
3.160000000000001826e-08,-3.560000000000000053e+00
3.180000000000000682e-08,-3.560000000000000053e+00
3.199999999999999538e-08,-3.540000000000000036e+00
3.220000000000001040e-08,-3.540000000000000036e+00
3.239999999999999896e-08,-3.540000000000000036e+00
3.260000000000001398e-08,-3.540000000000000036e+00
3.280000000000000254e-08,-3.540000000000000036e+00
3.300000000000001756e-08,-3.540000000000000036e+00
3.320000000000000612e-08,-3.540000000000000036e+00
3.340000000000002115e-08,-3.540000000000000036e+00
3.360000000000000970e-08,-3.540000000000000036e+00
3.379999999999999826e-08,-3.540000000000000036e+00
3.400000000000001328e-08,-3.520000000000000018e+00
3.420000000000000184e-08,-3.520000000000000018e+00
3.440000000000001687e-08,-3.520000000000000018e+00
3.460000000000003189e-08,-3.520000000000000018e+00
3.479999999999999398e-08,-3.520000000000000018e+00
3.500000000000000900e-08,-3.500000000000000000e+00
3.520000000000002403e-08,-3.500000000000000000e+00
3.539999999999998612e-08,-3.500000000000000000e+00
3.560000000000000114e-08,-3.500000000000000000e+00
3.580000000000001617e-08,-3.500000000000000000e+00
3.600000000000003119e-08,-3.479999999999999982e+00
3.619999999999999328e-08,-3.479999999999999982e+00
3.640000000000000831e-08,-3.459999999999999964e+00
3.660000000000002333e-08,-3.459999999999999964e+00
3.679999999999998542e-08,-3.439999999999999947e+00
3.700000000000000044e-08,-3.419999999999999929e+00
3.720000000000001547e-08,-3.419999999999999929e+00
3.740000000000003049e-08,-3.419999999999999929e+00
3.759999999999999258e-08,-3.419999999999999929e+00
3.780000000000000761e-08,-3.399999999999999911e+00
3.800000000000002263e-08,-3.399999999999999911e+00
3.819999999999998472e-08,-3.399999999999999911e+00
3.839999999999999974e-08,-3.399999999999999911e+00
3.860000000000001477e-08,-3.399999999999999911e+00
3.880000000000002980e-08,-3.399999999999999911e+00
3.899999999999999188e-08,-3.399999999999999911e+00
3.920000000000000691e-08,-3.399999999999999911e+00
3.940000000000002193e-08,-3.419999999999999929e+00
3.959999999999998402e-08,-3.419999999999999929e+00
3.979999999999999905e-08,-3.399999999999999911e+00
4.000000000000001407e-08,-3.399999999999999911e+00
4.020000000000002910e-08,-3.399999999999999911e+00
4.039999999999999118e-08,-3.399999999999999911e+00
4.060000000000000621e-08,-3.379999999999999893e+00
4.080000000000002124e-08,-3.379999999999999893e+00
4.099999999999998332e-08,-3.359999999999999876e+00
4.119999999999999835e-08,-3.359999999999999876e+00
4.140000000000001337e-08,-3.359999999999999876e+00
4.160000000000002840e-08,-3.359999999999999876e+00
4.179999999999999049e-08,-3.359999999999999876e+00
4.200000000000000551e-08,-3.359999999999999876e+00
4.220000000000002054e-08,-3.359999999999999876e+00
4.239999999999998262e-08,-3.359999999999999876e+00
4.259999999999999765e-08,-3.359999999999999876e+00
4.280000000000001267e-08,-3.359999999999999876e+00
4.300000000000002770e-08,-3.339999999999999858e+00
4.319999999999998979e-08,-3.339999999999999858e+00
4.340000000000000481e-08,-3.339999999999999858e+00
4.360000000000001984e-08,-3.339999999999999858e+00
4.380000000000003486e-08,-3.339999999999999858e+00
4.399999999999999695e-08,-3.320000000000000284e+00
4.420000000000001198e-08,-3.320000000000000284e+00
4.440000000000002700e-08,-3.320000000000000284e+00
4.459999999999998909e-08,-3.320000000000000284e+00
4.480000000000000411e-08,-3.320000000000000284e+00
4.500000000000001914e-08,-3.300000000000000266e+00
4.520000000000003417e-08,-3.300000000000000266e+00
4.539999999999999625e-08,-3.300000000000000266e+00
4.560000000000001128e-08,-3.300000000000000266e+00
4.580000000000002630e-08,-3.300000000000000266e+00
4.599999999999998839e-08,-3.280000000000000249e+00
4.620000000000000342e-08,-3.280000000000000249e+00
4.640000000000001844e-08,-3.280000000000000249e+00
4.660000000000003347e-08,-3.280000000000000249e+00
4.679999999999999555e-08,-3.280000000000000249e+00
4.700000000000001058e-08,-3.280000000000000249e+00
4.720000000000002560e-08,-3.280000000000000249e+00
4.739999999999998769e-08,-3.280000000000000249e+00
4.760000000000000272e-08,-3.280000000000000249e+00
4.780000000000001774e-08,-3.280000000000000249e+00
4.800000000000003277e-08,-3.260000000000000231e+00
4.819999999999999485e-08,-3.260000000000000231e+00
4.840000000000000988e-08,-3.260000000000000231e+00
4.860000000000002491e-08,-3.260000000000000231e+00
4.879999999999998699e-08,-3.260000000000000231e+00
4.900000000000000202e-08,-3.260000000000000231e+00
4.920000000000001704e-08,-3.260000000000000231e+00
4.940000000000003207e-08,-3.260000000000000231e+00
4.959999999999999416e-08,-3.260000000000000231e+00
4.980000000000000918e-08,-3.260000000000000231e+00
5.000000000000002421e-08,-3.240000000000000213e+00
5.019999999999998629e-08,-3.240000000000000213e+00
5.040000000000000132e-08,-3.240000000000000213e+00
5.060000000000001634e-08,-3.240000000000000213e+00
5.080000000000003137e-08,-3.240000000000000213e+00
5.099999999999999346e-08,-3.240000000000000213e+00
5.120000000000000848e-08,-3.240000000000000213e+00
5.140000000000002351e-08,-3.240000000000000213e+00
5.159999999999998559e-08,-3.240000000000000213e+00
5.180000000000000062e-08,-3.240000000000000213e+00
5.200000000000001565e-08,-3.220000000000000195e+00
5.220000000000003067e-08,-3.220000000000000195e+00
5.239999999999999276e-08,-3.220000000000000195e+00
5.260000000000000778e-08,-3.220000000000000195e+00
5.280000000000002281e-08,-3.220000000000000195e+00
5.299999999999998490e-08,-3.200000000000000178e+00
5.319999999999999992e-08,-3.200000000000000178e+00
5.340000000000001495e-08,-3.200000000000000178e+00
5.360000000000002997e-08,-3.200000000000000178e+00
5.379999999999999206e-08,-3.200000000000000178e+00
5.400000000000000709e-08,-3.200000000000000178e+00
5.420000000000002211e-08,-3.200000000000000178e+00
5.439999999999998420e-08,-3.200000000000000178e+00
5.459999999999999922e-08,-3.200000000000000178e+00
5.480000000000001425e-08,-3.200000000000000178e+00
5.500000000000002927e-08,-3.180000000000000160e+00
5.519999999999999136e-08,-3.180000000000000160e+00
5.540000000000000639e-08,-3.180000000000000160e+00
5.560000000000002141e-08,-3.180000000000000160e+00
5.579999999999998350e-08,-3.180000000000000160e+00
5.599999999999999852e-08,-3.180000000000000160e+00
5.620000000000001355e-08,-3.180000000000000160e+00
5.640000000000002858e-08,-3.180000000000000160e+00
5.659999999999999066e-08,-3.180000000000000160e+00
5.680000000000000569e-08,-3.180000000000000160e+00
5.700000000000002071e-08,-3.160000000000000142e+00
5.719999999999998280e-08,-3.160000000000000142e+00
5.739999999999999783e-08,-3.160000000000000142e+00
5.760000000000001285e-08,-3.160000000000000142e+00
5.780000000000002788e-08,-3.140000000000000124e+00
5.799999999999998996e-08,-3.140000000000000124e+00
5.820000000000000499e-08,-3.160000000000000142e+00
5.840000000000002002e-08,-3.160000000000000142e+00
5.860000000000003504e-08,-3.160000000000000142e+00
5.879999999999999713e-08,-3.160000000000000142e+00
5.900000000000001215e-08,-3.160000000000000142e+00
5.920000000000002718e-08,-3.180000000000000160e+00
5.939999999999998927e-08,-3.180000000000000160e+00
5.960000000000000429e-08,-3.180000000000000160e+00
5.980000000000001932e-08,-3.180000000000000160e+00
6.000000000000003434e-08,-3.160000000000000142e+00
6.019999999999999643e-08,-3.160000000000000142e+00
6.040000000000001145e-08,-3.160000000000000142e+00
6.060000000000002648e-08,-3.140000000000000124e+00
6.079999999999998857e-08,-3.140000000000000124e+00
6.100000000000000359e-08,-3.120000000000000107e+00
6.120000000000001862e-08,-3.120000000000000107e+00
6.140000000000003364e-08,-3.120000000000000107e+00
6.159999999999999573e-08,-3.120000000000000107e+00
6.180000000000001076e-08,-3.120000000000000107e+00
6.200000000000002578e-08,-3.120000000000000107e+00
6.219999999999998787e-08,-3.140000000000000124e+00
6.240000000000000289e-08,-3.140000000000000124e+00
6.260000000000001792e-08,-3.160000000000000142e+00
6.280000000000003295e-08,-3.160000000000000142e+00
6.299999999999999503e-08,-3.160000000000000142e+00
6.320000000000001006e-08,-3.160000000000000142e+00
6.340000000000002508e-08,-3.160000000000000142e+00
6.359999999999998717e-08,-3.160000000000000142e+00
6.380000000000000220e-08,-3.160000000000000142e+00
6.400000000000001722e-08,-3.140000000000000124e+00
6.420000000000003225e-08,-3.140000000000000124e+00
6.439999999999999433e-08,-3.140000000000000124e+00
6.460000000000000936e-08,-3.140000000000000124e+00
6.480000000000002438e-08,-3.140000000000000124e+00
6.499999999999998647e-08,-3.120000000000000107e+00
6.520000000000000150e-08,-3.120000000000000107e+00
6.540000000000001652e-08,-3.120000000000000107e+00
6.560000000000003155e-08,-3.120000000000000107e+00
6.579999999999999363e-08,-3.120000000000000107e+00
6.600000000000000866e-08,-3.120000000000000107e+00
6.620000000000002369e-08,-3.140000000000000124e+00
6.639999999999998577e-08,-3.140000000000000124e+00
6.660000000000000080e-08,-3.160000000000000142e+00
6.680000000000001582e-08,-3.160000000000000142e+00
6.700000000000003085e-08,-3.160000000000000142e+00
6.719999999999999294e-08,-3.180000000000000160e+00
6.740000000000000796e-08,-3.180000000000000160e+00
6.760000000000002299e-08,-3.180000000000000160e+00
6.779999999999998507e-08,-3.180000000000000160e+00
6.800000000000000010e-08,-3.160000000000000142e+00
6.820000000000001513e-08,-3.160000000000000142e+00
6.840000000000003015e-08,-3.160000000000000142e+00
6.859999999999999224e-08,-3.160000000000000142e+00
6.880000000000000726e-08,-3.160000000000000142e+00
6.900000000000002229e-08,-3.140000000000000124e+00
6.919999999999998437e-08,-3.140000000000000124e+00
6.939999999999999940e-08,-3.140000000000000124e+00
6.960000000000001443e-08,-3.140000000000000124e+00
6.980000000000002945e-08,-3.140000000000000124e+00
6.999999999999999154e-08,-3.140000000000000124e+00
7.020000000000000656e-08,-3.140000000000000124e+00
7.040000000000002159e-08,-3.140000000000000124e+00
7.059999999999998368e-08,-3.140000000000000124e+00
7.079999999999999870e-08,-3.140000000000000124e+00
7.100000000000001373e-08,-3.140000000000000124e+00
7.120000000000002875e-08,-3.160000000000000142e+00
7.139999999999999084e-08,-3.160000000000000142e+00
7.160000000000000587e-08,-3.160000000000000142e+00
7.180000000000002089e-08,-3.160000000000000142e+00
7.200000000000003592e-08,-3.160000000000000142e+00
7.219999999999999800e-08,-3.160000000000000142e+00
7.240000000000001303e-08,-3.160000000000000142e+00
7.260000000000002805e-08,-3.160000000000000142e+00
7.279999999999999014e-08,-3.160000000000000142e+00
7.300000000000000517e-08,-3.160000000000000142e+00
7.320000000000002019e-08,-3.160000000000000142e+00
7.340000000000003522e-08,-3.160000000000000142e+00
7.359999999999999730e-08,-3.160000000000000142e+00
7.380000000000001233e-08,-3.160000000000000142e+00
7.400000000000002736e-08,-3.160000000000000142e+00
7.419999999999998944e-08,-3.180000000000000160e+00
7.440000000000000447e-08,-3.180000000000000160e+00
7.460000000000001949e-08,-3.180000000000000160e+00
7.480000000000003452e-08,-3.180000000000000160e+00
7.499999999999999661e-08,-3.180000000000000160e+00
7.520000000000001163e-08,-3.180000000000000160e+00
7.540000000000002666e-08,-3.200000000000000178e+00
7.559999999999998874e-08,-3.200000000000000178e+00
7.580000000000000377e-08,-3.180000000000000160e+00
7.600000000000001880e-08,-3.180000000000000160e+00
7.620000000000003382e-08,-3.180000000000000160e+00
7.639999999999999591e-08,-3.180000000000000160e+00
7.660000000000001093e-08,-3.180000000000000160e+00
7.680000000000002596e-08,-3.180000000000000160e+00
7.699999999999998805e-08,-3.160000000000000142e+00
7.720000000000000307e-08,-3.180000000000000160e+00
7.740000000000001810e-08,-3.180000000000000160e+00
7.760000000000003312e-08,-3.180000000000000160e+00
7.779999999999999521e-08,-3.180000000000000160e+00
7.800000000000001023e-08,-3.180000000000000160e+00
7.820000000000002526e-08,-3.180000000000000160e+00
7.839999999999998735e-08,-3.180000000000000160e+00
7.860000000000000237e-08,-3.180000000000000160e+00
7.880000000000001740e-08,-3.180000000000000160e+00
7.900000000000003242e-08,-3.160000000000000142e+00
7.919999999999999451e-08,-3.160000000000000142e+00
7.940000000000000954e-08,-3.180000000000000160e+00
7.960000000000002456e-08,-3.180000000000000160e+00
7.979999999999998665e-08,-3.180000000000000160e+00
8.000000000000000167e-08,-3.180000000000000160e+00
8.020000000000001670e-08,-3.200000000000000178e+00
8.040000000000003173e-08,-3.200000000000000178e+00
8.059999999999999381e-08,-3.200000000000000178e+00
8.080000000000000884e-08,-3.200000000000000178e+00
8.100000000000002386e-08,-3.200000000000000178e+00
8.119999999999998595e-08,-3.200000000000000178e+00
8.140000000000000098e-08,-3.200000000000000178e+00
8.160000000000001600e-08,-3.200000000000000178e+00
8.180000000000003103e-08,-3.200000000000000178e+00
8.199999999999999311e-08,-3.200000000000000178e+00
8.220000000000000814e-08,-3.220000000000000195e+00
8.240000000000002316e-08,-3.220000000000000195e+00
8.259999999999998525e-08,-3.240000000000000213e+00
8.280000000000000028e-08,-3.240000000000000213e+00
8.300000000000001530e-08,-3.240000000000000213e+00
8.320000000000003033e-08,-3.240000000000000213e+00
8.339999999999999241e-08,-3.260000000000000231e+00
8.360000000000000744e-08,-3.240000000000000213e+00
8.380000000000002247e-08,-3.240000000000000213e+00
8.399999999999998455e-08,-3.240000000000000213e+00
8.419999999999999958e-08,-3.240000000000000213e+00
8.440000000000001460e-08,-3.240000000000000213e+00
8.460000000000002963e-08,-3.240000000000000213e+00
8.479999999999999172e-08,-3.240000000000000213e+00
8.500000000000000674e-08,-3.240000000000000213e+00
8.520000000000002177e-08,-3.260000000000000231e+00
8.539999999999998385e-08,-3.260000000000000231e+00
8.559999999999999888e-08,-3.260000000000000231e+00
8.580000000000001391e-08,-3.260000000000000231e+00
8.600000000000002893e-08,-3.260000000000000231e+00
8.619999999999999102e-08,-3.260000000000000231e+00
8.640000000000000604e-08,-3.260000000000000231e+00
8.660000000000002107e-08,-3.260000000000000231e+00
8.680000000000003609e-08,-3.260000000000000231e+00
8.699999999999999818e-08,-3.260000000000000231e+00
8.720000000000001321e-08,-3.280000000000000249e+00
8.740000000000002823e-08,-3.280000000000000249e+00
8.759999999999999032e-08,-3.280000000000000249e+00
8.780000000000000534e-08,-3.280000000000000249e+00
8.800000000000002037e-08,-3.280000000000000249e+00
8.820000000000003540e-08,-3.300000000000000266e+00
8.839999999999999748e-08,-3.300000000000000266e+00
8.860000000000001251e-08,-3.300000000000000266e+00
8.880000000000002753e-08,-3.300000000000000266e+00
8.899999999999998962e-08,-3.300000000000000266e+00
8.920000000000000465e-08,-3.300000000000000266e+00
8.940000000000001967e-08,-3.320000000000000284e+00
8.960000000000003470e-08,-3.320000000000000284e+00
8.979999999999999678e-08,-3.300000000000000266e+00
9.000000000000001181e-08,-3.300000000000000266e+00
9.020000000000002683e-08,-3.300000000000000266e+00
9.039999999999998892e-08,-3.300000000000000266e+00
9.060000000000000395e-08,-3.300000000000000266e+00
9.080000000000001897e-08,-3.300000000000000266e+00
9.100000000000003400e-08,-3.280000000000000249e+00
9.119999999999999608e-08,-3.280000000000000249e+00
9.140000000000001111e-08,-3.300000000000000266e+00
9.160000000000002614e-08,-3.300000000000000266e+00
9.179999999999998822e-08,-3.300000000000000266e+00
9.200000000000000325e-08,-3.300000000000000266e+00
9.220000000000001827e-08,-3.320000000000000284e+00
9.240000000000003330e-08,-3.320000000000000284e+00
9.259999999999999539e-08,-3.320000000000000284e+00
9.280000000000001041e-08,-3.320000000000000284e+00
9.300000000000002544e-08,-3.320000000000000284e+00
9.319999999999998752e-08,-3.320000000000000284e+00
9.340000000000000255e-08,-3.320000000000000284e+00
9.360000000000001758e-08,-3.320000000000000284e+00
9.380000000000003260e-08,-3.320000000000000284e+00
9.399999999999999469e-08,-3.320000000000000284e+00
9.420000000000000971e-08,-3.339999999999999858e+00
9.440000000000002474e-08,-3.339999999999999858e+00
9.459999999999998683e-08,-3.339999999999999858e+00
9.480000000000000185e-08,-3.339999999999999858e+00
9.500000000000001688e-08,-3.339999999999999858e+00
9.520000000000003190e-08,-3.339999999999999858e+00
9.539999999999999399e-08,-3.339999999999999858e+00
9.560000000000000901e-08,-3.339999999999999858e+00
9.580000000000002404e-08,-3.339999999999999858e+00
9.599999999999998613e-08,-3.339999999999999858e+00
9.620000000000000115e-08,-3.359999999999999876e+00
9.640000000000001618e-08,-3.359999999999999876e+00
9.660000000000003120e-08,-3.379999999999999893e+00
9.679999999999999329e-08,-3.379999999999999893e+00
9.700000000000000832e-08,-3.379999999999999893e+00
9.720000000000002334e-08,-3.399999999999999911e+00
9.739999999999998543e-08,-3.399999999999999911e+00
9.760000000000000045e-08,-3.399999999999999911e+00
9.780000000000001548e-08,-3.399999999999999911e+00
9.800000000000003051e-08,-3.399999999999999911e+00
9.819999999999999259e-08,-3.399999999999999911e+00
9.840000000000000762e-08,-3.399999999999999911e+00
9.860000000000002264e-08,-3.399999999999999911e+00
9.879999999999998473e-08,-3.399999999999999911e+00
9.899999999999999976e-08,-3.399999999999999911e+00
9.920000000000001478e-08,-3.419999999999999929e+00
9.940000000000002981e-08,-3.419999999999999929e+00
9.959999999999999189e-08,-3.419999999999999929e+00
9.980000000000000692e-08,-3.419999999999999929e+00
1.000000000000000219e-07,-3.419999999999999929e+00
1.002000000000000370e-07,-3.439999999999999947e+00
1.003999999999999991e-07,-3.439999999999999947e+00
1.006000000000000141e-07,-3.439999999999999947e+00
1.008000000000000291e-07,-3.439999999999999947e+00
1.009999999999999912e-07,-3.439999999999999947e+00
1.012000000000000062e-07,-3.459999999999999964e+00
1.014000000000000212e-07,-3.459999999999999964e+00
1.016000000000000363e-07,-3.459999999999999964e+00
1.017999999999999984e-07,-3.459999999999999964e+00
1.020000000000000134e-07,-3.459999999999999964e+00
1.022000000000000284e-07,-3.459999999999999964e+00
1.023999999999999905e-07,-3.459999999999999964e+00
1.026000000000000055e-07,-3.459999999999999964e+00
1.028000000000000205e-07,-3.459999999999999964e+00
1.030000000000000356e-07,-3.459999999999999964e+00
1.031999999999999977e-07,-3.479999999999999982e+00
1.034000000000000127e-07,-3.479999999999999982e+00
1.036000000000000277e-07,-3.500000000000000000e+00
1.037999999999999898e-07,-3.500000000000000000e+00
1.040000000000000048e-07,-3.500000000000000000e+00
1.042000000000000198e-07,-3.520000000000000018e+00
1.044000000000000349e-07,-3.520000000000000018e+00
1.045999999999999970e-07,-3.520000000000000018e+00
1.048000000000000120e-07,-3.520000000000000018e+00
1.050000000000000270e-07,-3.520000000000000018e+00
1.051999999999999891e-07,-3.520000000000000018e+00
1.054000000000000041e-07,-3.520000000000000018e+00
1.056000000000000192e-07,-3.520000000000000018e+00
1.058000000000000342e-07,-3.520000000000000018e+00
1.059999999999999963e-07,-3.500000000000000000e+00
1.062000000000000113e-07,-3.500000000000000000e+00
1.064000000000000263e-07,-3.500000000000000000e+00
1.065999999999999884e-07,-3.500000000000000000e+00
1.068000000000000034e-07,-3.500000000000000000e+00
1.070000000000000185e-07,-3.500000000000000000e+00
1.072000000000000335e-07,-3.520000000000000018e+00
1.073999999999999956e-07,-3.520000000000000018e+00
1.076000000000000106e-07,-3.540000000000000036e+00
1.078000000000000256e-07,-3.540000000000000036e+00
1.079999999999999877e-07,-3.540000000000000036e+00
1.082000000000000027e-07,-3.560000000000000053e+00
1.084000000000000178e-07,-3.560000000000000053e+00
1.086000000000000328e-07,-3.560000000000000053e+00
1.087999999999999949e-07,-3.560000000000000053e+00
1.090000000000000099e-07,-3.560000000000000053e+00
1.092000000000000249e-07,-3.560000000000000053e+00
1.093999999999999870e-07,-3.560000000000000053e+00
1.096000000000000020e-07,-3.560000000000000053e+00
1.098000000000000171e-07,-3.560000000000000053e+00
1.100000000000000321e-07,-3.560000000000000053e+00
1.101999999999999942e-07,-3.560000000000000053e+00
1.104000000000000092e-07,-3.560000000000000053e+00
1.106000000000000242e-07,-3.560000000000000053e+00
1.107999999999999863e-07,-3.560000000000000053e+00
1.110000000000000013e-07,-3.560000000000000053e+00
1.112000000000000164e-07,-3.560000000000000053e+00
1.114000000000000314e-07,-3.580000000000000071e+00
1.115999999999999935e-07,-3.580000000000000071e+00
1.118000000000000085e-07,-3.580000000000000071e+00
1.120000000000000235e-07,-3.580000000000000071e+00
1.121999999999999856e-07,-3.600000000000000089e+00
1.124000000000000006e-07,-3.600000000000000089e+00
1.126000000000000157e-07,-3.620000000000000107e+00
1.128000000000000307e-07,-3.620000000000000107e+00
1.129999999999999928e-07,-3.620000000000000107e+00
1.132000000000000078e-07,-3.640000000000000124e+00
1.134000000000000228e-07,-3.640000000000000124e+00
1.135999999999999849e-07,-3.640000000000000124e+00
1.137999999999999999e-07,-3.640000000000000124e+00
1.140000000000000150e-07,-3.640000000000000124e+00
1.142000000000000300e-07,-3.640000000000000124e+00
1.143999999999999921e-07,-3.640000000000000124e+00
1.146000000000000071e-07,-3.640000000000000124e+00
1.148000000000000221e-07,-3.640000000000000124e+00
1.150000000000000371e-07,-3.640000000000000124e+00
1.151999999999999992e-07,-3.640000000000000124e+00
1.154000000000000143e-07,-3.640000000000000124e+00
1.156000000000000293e-07,-3.640000000000000124e+00
1.157999999999999914e-07,-3.640000000000000124e+00
1.160000000000000064e-07,-3.640000000000000124e+00
1.162000000000000214e-07,-3.660000000000000142e+00
1.164000000000000364e-07,-3.660000000000000142e+00
1.165999999999999985e-07,-3.680000000000000160e+00
1.168000000000000136e-07,-3.680000000000000160e+00
1.170000000000000286e-07,-3.680000000000000160e+00
1.171999999999999907e-07,-3.680000000000000160e+00
1.174000000000000057e-07,-3.700000000000000178e+00
1.176000000000000207e-07,-3.680000000000000160e+00
1.178000000000000358e-07,-3.680000000000000160e+00
1.179999999999999978e-07,-3.680000000000000160e+00
1.182000000000000129e-07,-3.680000000000000160e+00
1.184000000000000279e-07,-3.680000000000000160e+00
1.185999999999999900e-07,-3.680000000000000160e+00
1.188000000000000050e-07,-3.680000000000000160e+00
1.190000000000000200e-07,-3.680000000000000160e+00
1.192000000000000351e-07,-3.700000000000000178e+00
1.193999999999999971e-07,-3.700000000000000178e+00
1.196000000000000122e-07,-3.720000000000000195e+00
1.198000000000000272e-07,-3.720000000000000195e+00
1.199999999999999893e-07,-3.720000000000000195e+00
1.202000000000000043e-07,-3.740000000000000213e+00
1.204000000000000193e-07,-3.740000000000000213e+00
1.206000000000000344e-07,-3.740000000000000213e+00
1.207999999999999964e-07,-3.740000000000000213e+00
1.210000000000000115e-07,-3.740000000000000213e+00
1.212000000000000265e-07,-3.740000000000000213e+00
1.213999999999999886e-07,-3.740000000000000213e+00
1.216000000000000036e-07,-3.740000000000000213e+00
1.218000000000000186e-07,-3.720000000000000195e+00
1.220000000000000337e-07,-3.720000000000000195e+00
1.221999999999999957e-07,-3.740000000000000213e+00
1.224000000000000108e-07,-3.740000000000000213e+00
1.226000000000000258e-07,-3.760000000000000231e+00
1.227999999999999879e-07,-3.760000000000000231e+00
1.230000000000000029e-07,-3.760000000000000231e+00
1.232000000000000179e-07,-3.760000000000000231e+00
1.234000000000000330e-07,-3.780000000000000249e+00
1.235999999999999950e-07,-3.760000000000000231e+00
1.238000000000000101e-07,-3.760000000000000231e+00
1.240000000000000251e-07,-3.760000000000000231e+00
1.241999999999999872e-07,-3.760000000000000231e+00
1.244000000000000022e-07,-3.760000000000000231e+00
1.246000000000000172e-07,-3.760000000000000231e+00
1.248000000000000323e-07,-3.760000000000000231e+00
1.249999999999999943e-07,-3.760000000000000231e+00
1.252000000000000094e-07,-3.780000000000000249e+00
1.254000000000000244e-07,-3.780000000000000249e+00
1.255999999999999865e-07,-3.800000000000000266e+00
1.258000000000000015e-07,-3.800000000000000266e+00
1.260000000000000165e-07,-3.800000000000000266e+00
1.262000000000000316e-07,-3.800000000000000266e+00
1.263999999999999936e-07,-3.800000000000000266e+00
1.266000000000000087e-07,-3.800000000000000266e+00
1.268000000000000237e-07,-3.800000000000000266e+00
1.269999999999999858e-07,-3.800000000000000266e+00
1.272000000000000008e-07,-3.820000000000000284e+00
1.274000000000000158e-07,-3.820000000000000284e+00
1.276000000000000309e-07,-3.820000000000000284e+00
1.277999999999999929e-07,-3.820000000000000284e+00
1.280000000000000080e-07,-3.820000000000000284e+00
1.282000000000000230e-07,-3.820000000000000284e+00
1.284000000000000380e-07,-3.820000000000000284e+00
1.286000000000000001e-07,-3.820000000000000284e+00
1.288000000000000151e-07,-3.820000000000000284e+00
1.290000000000000302e-07,-3.820000000000000284e+00
1.291999999999999922e-07,-3.820000000000000284e+00
1.294000000000000073e-07,-3.820000000000000284e+00
1.296000000000000223e-07,-3.820000000000000284e+00
1.298000000000000373e-07,-3.820000000000000284e+00
1.299999999999999994e-07,-3.820000000000000284e+00
1.302000000000000144e-07,-3.839999999999999858e+00
1.304000000000000295e-07,-3.839999999999999858e+00
1.305999999999999915e-07,-3.859999999999999876e+00
1.308000000000000066e-07,-3.859999999999999876e+00
1.310000000000000216e-07,-3.859999999999999876e+00
1.312000000000000366e-07,-3.879999999999999893e+00
1.313999999999999987e-07,-3.879999999999999893e+00
1.316000000000000137e-07,-3.879999999999999893e+00
1.318000000000000288e-07,-3.879999999999999893e+00
1.319999999999999909e-07,-3.879999999999999893e+00
1.322000000000000059e-07,-3.879999999999999893e+00
1.324000000000000209e-07,-3.879999999999999893e+00
1.326000000000000359e-07,-3.879999999999999893e+00
1.327999999999999980e-07,-3.879999999999999893e+00
1.330000000000000130e-07,-3.879999999999999893e+00
1.332000000000000281e-07,-3.879999999999999893e+00
1.333999999999999902e-07,-3.879999999999999893e+00
1.336000000000000052e-07,-3.879999999999999893e+00
1.338000000000000202e-07,-3.879999999999999893e+00
1.340000000000000352e-07,-3.879999999999999893e+00
1.341999999999999973e-07,-3.879999999999999893e+00
1.344000000000000123e-07,-3.899999999999999911e+00
1.346000000000000274e-07,-3.899999999999999911e+00
1.347999999999999895e-07,-3.899999999999999911e+00
1.350000000000000045e-07,-3.899999999999999911e+00
1.352000000000000195e-07,-3.919999999999999929e+00
1.354000000000000345e-07,-3.919999999999999929e+00
1.355999999999999966e-07,-3.939999999999999947e+00
1.358000000000000116e-07,-3.939999999999999947e+00
1.360000000000000267e-07,-3.939999999999999947e+00
1.361999999999999888e-07,-3.939999999999999947e+00
1.364000000000000038e-07,-3.939999999999999947e+00
1.366000000000000188e-07,-3.939999999999999947e+00
1.368000000000000338e-07,-3.939999999999999947e+00
1.369999999999999959e-07,-3.939999999999999947e+00
1.372000000000000109e-07,1.159999999999999920e+00
1.374000000000000260e-07,1.159999999999999920e+00
1.375999999999999881e-07,1.159999999999999920e+00
1.378000000000000031e-07,1.159999999999999920e+00
1.380000000000000181e-07,1.159999999999999920e+00
1.382000000000000331e-07,1.140000000000000124e+00
1.383999999999999952e-07,1.140000000000000124e+00
1.386000000000000102e-07,1.140000000000000124e+00
1.388000000000000253e-07,1.140000000000000124e+00
1.389999999999999874e-07,1.140000000000000124e+00
1.392000000000000024e-07,1.140000000000000124e+00
1.394000000000000174e-07,1.140000000000000124e+00
1.396000000000000324e-07,1.140000000000000124e+00
1.397999999999999945e-07,1.140000000000000124e+00
1.400000000000000095e-07,1.140000000000000124e+00
1.402000000000000246e-07,1.120000000000000107e+00
1.403999999999999867e-07,1.120000000000000107e+00
1.406000000000000017e-07,1.120000000000000107e+00
1.408000000000000167e-07,1.120000000000000107e+00
1.410000000000000317e-07,1.120000000000000107e+00
1.411999999999999938e-07,1.120000000000000107e+00
1.414000000000000088e-07,1.120000000000000107e+00
1.416000000000000239e-07,1.120000000000000107e+00
1.417999999999999860e-07,1.120000000000000107e+00
1.420000000000000010e-07,1.120000000000000107e+00
1.422000000000000160e-07,1.100000000000000089e+00
1.424000000000000310e-07,1.100000000000000089e+00
1.425999999999999931e-07,1.100000000000000089e+00
1.428000000000000081e-07,1.100000000000000089e+00
1.430000000000000232e-07,1.100000000000000089e+00
1.432000000000000382e-07,1.080000000000000071e+00
1.434000000000000003e-07,1.080000000000000071e+00
1.436000000000000153e-07,1.080000000000000071e+00
1.438000000000000303e-07,1.080000000000000071e+00
1.439999999999999924e-07,1.080000000000000071e+00
1.442000000000000075e-07,1.080000000000000071e+00
1.444000000000000225e-07,1.080000000000000071e+00
1.446000000000000375e-07,1.080000000000000071e+00
1.447999999999999996e-07,1.080000000000000071e+00
1.450000000000000146e-07,1.080000000000000071e+00
1.452000000000000296e-07,1.080000000000000071e+00
1.453999999999999917e-07,1.080000000000000071e+00
1.456000000000000068e-07,1.080000000000000071e+00
1.458000000000000218e-07,1.080000000000000071e+00
1.460000000000000368e-07,1.080000000000000071e+00
1.461999999999999989e-07,1.060000000000000053e+00
1.464000000000000139e-07,1.060000000000000053e+00
1.466000000000000289e-07,1.060000000000000053e+00
1.467999999999999910e-07,1.060000000000000053e+00
1.470000000000000061e-07,1.060000000000000053e+00
1.472000000000000211e-07,1.040000000000000036e+00
1.474000000000000361e-07,1.040000000000000036e+00
1.475999999999999982e-07,1.040000000000000036e+00
1.478000000000000132e-07,1.040000000000000036e+00
1.480000000000000282e-07,1.040000000000000036e+00
1.481999999999999903e-07,1.020000000000000018e+00
1.484000000000000054e-07,1.020000000000000018e+00
1.486000000000000204e-07,1.020000000000000018e+00
1.488000000000000354e-07,1.020000000000000018e+00
1.489999999999999975e-07,1.020000000000000018e+00
1.492000000000000125e-07,1.020000000000000018e+00
1.494000000000000275e-07,1.020000000000000018e+00
1.495999999999999896e-07,1.020000000000000018e+00
1.498000000000000047e-07,1.020000000000000018e+00
1.500000000000000197e-07,1.020000000000000018e+00
1.502000000000000347e-07,1.020000000000000018e+00
1.503999999999999968e-07,1.020000000000000018e+00
1.506000000000000118e-07,1.020000000000000018e+00
1.508000000000000268e-07,1.020000000000000018e+00
1.509999999999999889e-07,1.020000000000000018e+00
1.512000000000000040e-07,1.000000000000000000e+00
1.514000000000000190e-07,1.000000000000000000e+00
1.516000000000000340e-07,1.000000000000000000e+00
1.517999999999999961e-07,1.000000000000000000e+00
1.520000000000000111e-07,1.000000000000000000e+00
1.522000000000000261e-07,9.799999999999999822e-01
1.523999999999999882e-07,9.799999999999999822e-01
1.526000000000000033e-07,9.799999999999999822e-01
1.528000000000000183e-07,9.799999999999999822e-01
1.530000000000000333e-07,9.799999999999999822e-01
1.531999999999999954e-07,9.799999999999999822e-01
1.534000000000000104e-07,9.799999999999999822e-01
1.536000000000000254e-07,9.799999999999999822e-01
1.537999999999999875e-07,9.799999999999999822e-01
1.540000000000000026e-07,9.799999999999999822e-01
1.542000000000000176e-07,9.599999999999999645e-01
1.544000000000000326e-07,9.599999999999999645e-01
1.545999999999999947e-07,9.599999999999999645e-01
1.548000000000000097e-07,9.599999999999999645e-01
1.550000000000000247e-07,9.599999999999999645e-01
1.551999999999999868e-07,9.599999999999999645e-01
1.554000000000000019e-07,9.599999999999999645e-01
1.556000000000000169e-07,9.599999999999999645e-01
1.558000000000000319e-07,9.599999999999999645e-01
1.559999999999999940e-07,9.799999999999999822e-01
1.562000000000000090e-07,9.799999999999999822e-01
1.564000000000000241e-07,9.599999999999999645e-01
1.566000000000000391e-07,9.599999999999999645e-01
1.568000000000000012e-07,9.599999999999999645e-01
1.570000000000000162e-07,9.599999999999999645e-01
1.572000000000000312e-07,9.400000000000000577e-01
1.573999999999999933e-07,9.400000000000000577e-01
1.576000000000000083e-07,9.400000000000000577e-01
1.578000000000000234e-07,9.400000000000000577e-01
1.580000000000000384e-07,9.400000000000000577e-01
1.582000000000000005e-07,9.400000000000000577e-01
1.584000000000000155e-07,9.400000000000000577e-01
1.586000000000000305e-07,9.400000000000000577e-01
1.587999999999999926e-07,9.400000000000000577e-01
1.590000000000000076e-07,9.400000000000000577e-01
1.592000000000000227e-07,9.400000000000000577e-01
1.594000000000000377e-07,9.400000000000000577e-01
1.595999999999999998e-07,9.400000000000000577e-01
1.598000000000000148e-07,9.400000000000000577e-01
1.600000000000000298e-07,9.400000000000000577e-01
1.601999999999999919e-07,9.200000000000000400e-01
1.604000000000000069e-07,9.200000000000000400e-01
1.606000000000000220e-07,9.200000000000000400e-01
1.608000000000000370e-07,9.200000000000000400e-01
1.609999999999999991e-07,9.200000000000000400e-01
1.612000000000000141e-07,9.200000000000000400e-01
1.614000000000000291e-07,9.200000000000000400e-01
1.615999999999999912e-07,9.200000000000000400e-01
1.618000000000000062e-07,9.200000000000000400e-01
1.620000000000000213e-07,9.200000000000000400e-01
1.622000000000000363e-07,9.000000000000000222e-01
1.623999999999999984e-07,9.000000000000000222e-01
1.626000000000000134e-07,9.000000000000000222e-01
1.628000000000000284e-07,9.000000000000000222e-01
1.629999999999999905e-07,9.000000000000000222e-01
1.632000000000000055e-07,8.800000000000000044e-01
1.634000000000000206e-07,8.800000000000000044e-01
1.636000000000000356e-07,8.800000000000000044e-01
1.637999999999999977e-07,8.800000000000000044e-01
1.640000000000000127e-07,8.800000000000000044e-01
1.642000000000000277e-07,8.800000000000000044e-01
1.643999999999999898e-07,8.800000000000000044e-01
1.646000000000000048e-07,8.800000000000000044e-01
1.648000000000000199e-07,8.800000000000000044e-01
1.650000000000000349e-07,9.000000000000000222e-01
1.651999999999999970e-07,9.000000000000000222e-01
1.654000000000000120e-07,8.800000000000000044e-01
1.656000000000000270e-07,8.800000000000000044e-01
1.657999999999999891e-07,8.800000000000000044e-01
1.660000000000000041e-07,8.800000000000000044e-01
1.662000000000000192e-07,8.599999999999999867e-01
1.664000000000000342e-07,8.599999999999999867e-01
1.665999999999999963e-07,8.599999999999999867e-01
1.668000000000000113e-07,8.599999999999999867e-01
1.670000000000000263e-07,8.599999999999999867e-01
1.671999999999999884e-07,8.599999999999999867e-01
1.674000000000000034e-07,8.599999999999999867e-01
1.676000000000000185e-07,8.599999999999999867e-01
1.678000000000000335e-07,8.599999999999999867e-01
1.679999999999999956e-07,8.599999999999999867e-01
1.682000000000000106e-07,8.399999999999999689e-01
1.684000000000000256e-07,8.399999999999999689e-01
1.685999999999999877e-07,8.399999999999999689e-01
1.688000000000000027e-07,8.399999999999999689e-01
1.690000000000000178e-07,8.399999999999999689e-01
1.692000000000000328e-07,8.200000000000000622e-01
1.693999999999999949e-07,8.200000000000000622e-01
1.696000000000000099e-07,8.200000000000000622e-01
1.698000000000000249e-07,8.200000000000000622e-01
1.699999999999999870e-07,8.200000000000000622e-01
1.702000000000000020e-07,8.200000000000000622e-01
1.704000000000000171e-07,8.200000000000000622e-01
1.706000000000000321e-07,8.200000000000000622e-01
1.707999999999999942e-07,8.200000000000000622e-01
1.710000000000000092e-07,8.200000000000000622e-01
1.712000000000000242e-07,8.000000000000000444e-01
1.714000000000000393e-07,8.000000000000000444e-01
1.716000000000000013e-07,8.000000000000000444e-01
1.718000000000000164e-07,8.000000000000000444e-01
1.720000000000000314e-07,8.000000000000000444e-01
1.721999999999999935e-07,8.000000000000000444e-01
1.724000000000000085e-07,8.000000000000000444e-01
1.726000000000000235e-07,8.000000000000000444e-01
1.728000000000000386e-07,8.000000000000000444e-01
1.730000000000000006e-07,8.200000000000000622e-01
1.732000000000000157e-07,8.200000000000000622e-01
1.734000000000000307e-07,8.200000000000000622e-01
1.735999999999999928e-07,8.200000000000000622e-01
1.738000000000000078e-07,8.200000000000000622e-01
1.740000000000000228e-07,8.200000000000000622e-01
1.742000000000000379e-07,8.000000000000000444e-01
1.743999999999999999e-07,8.000000000000000444e-01
1.746000000000000150e-07,7.800000000000000266e-01
1.748000000000000300e-07,7.800000000000000266e-01
1.749999999999999921e-07,7.800000000000000266e-01
1.752000000000000071e-07,7.800000000000000266e-01
1.754000000000000221e-07,7.800000000000000266e-01
1.756000000000000372e-07,7.800000000000000266e-01
1.757999999999999992e-07,7.800000000000000266e-01
1.760000000000000143e-07,8.000000000000000444e-01
1.762000000000000293e-07,7.800000000000000266e-01
1.763999999999999914e-07,7.800000000000000266e-01
1.766000000000000064e-07,7.800000000000000266e-01
1.768000000000000214e-07,7.800000000000000266e-01
1.770000000000000365e-07,7.800000000000000266e-01
1.771999999999999985e-07,7.800000000000000266e-01
1.774000000000000136e-07,7.800000000000000266e-01
1.776000000000000286e-07,7.800000000000000266e-01
1.777999999999999907e-07,7.800000000000000266e-01
1.780000000000000057e-07,7.800000000000000266e-01
1.782000000000000207e-07,7.600000000000000089e-01
1.784000000000000358e-07,7.600000000000000089e-01
1.785999999999999978e-07,7.600000000000000089e-01
1.788000000000000129e-07,7.600000000000000089e-01
1.790000000000000279e-07,7.600000000000000089e-01
1.791999999999999900e-07,7.399999999999999911e-01
1.794000000000000050e-07,7.399999999999999911e-01
1.796000000000000200e-07,7.399999999999999911e-01
1.798000000000000351e-07,7.399999999999999911e-01
1.799999999999999971e-07,7.399999999999999911e-01
1.802000000000000122e-07,7.399999999999999911e-01
1.804000000000000272e-07,7.399999999999999911e-01
1.805999999999999893e-07,7.399999999999999911e-01
1.808000000000000043e-07,7.399999999999999911e-01
1.810000000000000193e-07,7.600000000000000089e-01
1.812000000000000344e-07,7.399999999999999911e-01
1.813999999999999964e-07,7.399999999999999911e-01
1.816000000000000115e-07,7.399999999999999911e-01
1.818000000000000265e-07,7.399999999999999911e-01
1.819999999999999886e-07,7.399999999999999911e-01
1.822000000000000036e-07,7.399999999999999911e-01
1.824000000000000186e-07,7.399999999999999911e-01
1.826000000000000337e-07,7.399999999999999911e-01
1.827999999999999958e-07,7.399999999999999911e-01
1.830000000000000108e-07,7.600000000000000089e-01
1.832000000000000258e-07,7.600000000000000089e-01
1.833999999999999879e-07,7.399999999999999911e-01
1.836000000000000029e-07,7.399999999999999911e-01
1.838000000000000179e-07,7.399999999999999911e-01
1.840000000000000330e-07,7.399999999999999911e-01
1.841999999999999951e-07,7.199999999999999734e-01
1.844000000000000101e-07,7.199999999999999734e-01
1.846000000000000251e-07,7.000000000000000666e-01
1.848000000000000401e-07,7.000000000000000666e-01
1.850000000000000022e-07,7.000000000000000666e-01
1.852000000000000172e-07,6.800000000000000488e-01
1.854000000000000323e-07,6.800000000000000488e-01
1.855999999999999944e-07,6.800000000000000488e-01
1.858000000000000094e-07,6.800000000000000488e-01
1.860000000000000244e-07,7.000000000000000666e-01
1.862000000000000394e-07,7.000000000000000666e-01
1.864000000000000015e-07,7.000000000000000666e-01
1.866000000000000165e-07,7.000000000000000666e-01
1.868000000000000316e-07,7.000000000000000666e-01
1.869999999999999937e-07,7.199999999999999734e-01
1.872000000000000087e-07,7.000000000000000666e-01
1.874000000000000237e-07,7.000000000000000666e-01
1.876000000000000387e-07,7.000000000000000666e-01
1.878000000000000008e-07,7.000000000000000666e-01
1.880000000000000158e-07,7.000000000000000666e-01
1.882000000000000309e-07,7.000000000000000666e-01
1.883999999999999930e-07,6.800000000000000488e-01
1.886000000000000080e-07,6.800000000000000488e-01
1.888000000000000230e-07,7.000000000000000666e-01
1.890000000000000380e-07,7.000000000000000666e-01
1.892000000000000001e-07,7.000000000000000666e-01
1.894000000000000151e-07,7.000000000000000666e-01
1.896000000000000302e-07,7.000000000000000666e-01
1.897999999999999923e-07,7.199999999999999734e-01
1.900000000000000073e-07,7.199999999999999734e-01
1.902000000000000223e-07,7.000000000000000666e-01
1.904000000000000373e-07,7.000000000000000666e-01
1.905999999999999994e-07,7.000000000000000666e-01
1.908000000000000144e-07,6.800000000000000488e-01
1.910000000000000295e-07,6.800000000000000488e-01
1.911999999999999916e-07,6.600000000000000311e-01
1.914000000000000066e-07,6.600000000000000311e-01
1.916000000000000216e-07,6.600000000000000311e-01
1.918000000000000366e-07,6.600000000000000311e-01
1.919999999999999987e-07,6.600000000000000311e-01
1.922000000000000137e-07,6.600000000000000311e-01
1.924000000000000288e-07,6.600000000000000311e-01
1.925999999999999909e-07,6.600000000000000311e-01
1.928000000000000059e-07,6.600000000000000311e-01
1.930000000000000209e-07,6.600000000000000311e-01
1.932000000000000359e-07,6.600000000000000311e-01
1.933999999999999980e-07,6.600000000000000311e-01
1.936000000000000131e-07,6.600000000000000311e-01
1.938000000000000281e-07,6.600000000000000311e-01
1.939999999999999902e-07,6.600000000000000311e-01
1.942000000000000052e-07,6.600000000000000311e-01
1.944000000000000202e-07,6.600000000000000311e-01
1.946000000000000352e-07,6.600000000000000311e-01
1.947999999999999973e-07,6.600000000000000311e-01
1.950000000000000124e-07,6.600000000000000311e-01
1.952000000000000274e-07,6.400000000000000133e-01
1.953999999999999895e-07,6.400000000000000133e-01
1.956000000000000045e-07,6.400000000000000133e-01
1.958000000000000195e-07,6.400000000000000133e-01
1.960000000000000345e-07,6.400000000000000133e-01
1.961999999999999966e-07,6.400000000000000133e-01
1.964000000000000117e-07,6.400000000000000133e-01
1.966000000000000267e-07,6.400000000000000133e-01
1.967999999999999888e-07,6.400000000000000133e-01
1.970000000000000038e-07,6.400000000000000133e-01
1.972000000000000188e-07,6.400000000000000133e-01
1.974000000000000338e-07,6.400000000000000133e-01
1.975999999999999959e-07,6.400000000000000133e-01
1.978000000000000110e-07,6.400000000000000133e-01
1.980000000000000260e-07,6.400000000000000133e-01
1.981999999999999881e-07,6.400000000000000133e-01
1.984000000000000031e-07,6.400000000000000133e-01
1.986000000000000181e-07,6.400000000000000133e-01
1.988000000000000331e-07,6.400000000000000133e-01
1.989999999999999952e-07,6.400000000000000133e-01
1.992000000000000103e-07,6.400000000000000133e-01
1.994000000000000253e-07,6.400000000000000133e-01
1.996000000000000403e-07,6.400000000000000133e-01
1.998000000000000024e-07,6.400000000000000133e-01
2.000000000000000174e-07,6.400000000000000133e-01
2.002000000000000324e-07,6.199999999999999956e-01
2.003999999999999945e-07,6.199999999999999956e-01
2.006000000000000096e-07,6.199999999999999956e-01
2.008000000000000246e-07,6.199999999999999956e-01
2.010000000000000396e-07,6.199999999999999956e-01
2.012000000000000017e-07,5.999999999999999778e-01
2.014000000000000167e-07,5.999999999999999778e-01
2.016000000000000317e-07,5.999999999999999778e-01
2.017999999999999938e-07,5.999999999999999778e-01
2.020000000000000089e-07,5.999999999999999778e-01
2.022000000000000239e-07,5.999999999999999778e-01
2.024000000000000389e-07,5.999999999999999778e-01
2.026000000000000010e-07,5.999999999999999778e-01
2.028000000000000160e-07,5.999999999999999778e-01
2.030000000000000310e-07,6.199999999999999956e-01
2.031999999999999931e-07,6.199999999999999956e-01
2.034000000000000082e-07,6.199999999999999956e-01
2.036000000000000232e-07,6.199999999999999956e-01
2.038000000000000382e-07,6.199999999999999956e-01
2.040000000000000003e-07,6.199999999999999956e-01
2.042000000000000153e-07,6.199999999999999956e-01
2.044000000000000303e-07,6.199999999999999956e-01
2.045999999999999924e-07,6.199999999999999956e-01
2.048000000000000075e-07,6.199999999999999956e-01
2.050000000000000225e-07,6.199999999999999956e-01
2.052000000000000375e-07,6.199999999999999956e-01
2.053999999999999996e-07,6.199999999999999956e-01
2.056000000000000146e-07,6.199999999999999956e-01
2.058000000000000297e-07,6.199999999999999956e-01
2.059999999999999917e-07,6.199999999999999956e-01
2.062000000000000068e-07,6.199999999999999956e-01
2.064000000000000218e-07,6.199999999999999956e-01
2.066000000000000368e-07,6.199999999999999956e-01
2.067999999999999989e-07,6.199999999999999956e-01
2.070000000000000139e-07,6.199999999999999956e-01
2.072000000000000290e-07,5.999999999999999778e-01
2.073999999999999910e-07,5.999999999999999778e-01
2.076000000000000061e-07,5.999999999999999778e-01
2.078000000000000211e-07,5.999999999999999778e-01
2.080000000000000361e-07,5.999999999999999778e-01
2.081999999999999982e-07,5.999999999999999778e-01
2.084000000000000132e-07,5.999999999999999778e-01
2.086000000000000283e-07,5.999999999999999778e-01
2.087999999999999903e-07,5.999999999999999778e-01
2.090000000000000054e-07,6.199999999999999956e-01
2.092000000000000204e-07,6.199999999999999956e-01
2.094000000000000354e-07,5.999999999999999778e-01
2.095999999999999975e-07,5.999999999999999778e-01
2.098000000000000125e-07,5.999999999999999778e-01
2.100000000000000276e-07,5.999999999999999778e-01
2.101999999999999896e-07,5.799999999999999600e-01
2.104000000000000047e-07,5.799999999999999600e-01
2.106000000000000197e-07,5.799999999999999600e-01
2.108000000000000347e-07,5.799999999999999600e-01
2.109999999999999968e-07,5.799999999999999600e-01
2.112000000000000118e-07,5.799999999999999600e-01
2.114000000000000269e-07,5.799999999999999600e-01
2.115999999999999889e-07,5.799999999999999600e-01
2.118000000000000040e-07,5.799999999999999600e-01
2.120000000000000190e-07,5.999999999999999778e-01
2.122000000000000340e-07,5.999999999999999778e-01
2.123999999999999961e-07,5.999999999999999778e-01
2.126000000000000111e-07,5.999999999999999778e-01
2.128000000000000262e-07,5.999999999999999778e-01
2.130000000000000412e-07,5.999999999999999778e-01
2.132000000000000033e-07,5.799999999999999600e-01
2.134000000000000183e-07,5.799999999999999600e-01
2.136000000000000333e-07,5.799999999999999600e-01
2.137999999999999954e-07,5.799999999999999600e-01
2.140000000000000104e-07,5.799999999999999600e-01
2.142000000000000255e-07,5.799999999999999600e-01
2.144000000000000405e-07,5.799999999999999600e-01
2.146000000000000026e-07,5.799999999999999600e-01
2.148000000000000176e-07,5.799999999999999600e-01
2.150000000000000326e-07,5.799999999999999600e-01
2.151999999999999947e-07,5.600000000000000533e-01
2.154000000000000097e-07,5.600000000000000533e-01
2.156000000000000248e-07,5.400000000000000355e-01
2.158000000000000398e-07,5.400000000000000355e-01
2.160000000000000019e-07,5.400000000000000355e-01
2.162000000000000169e-07,5.200000000000000178e-01
2.164000000000000319e-07,5.200000000000000178e-01
2.165999999999999940e-07,5.200000000000000178e-01
2.168000000000000090e-07,5.200000000000000178e-01
2.170000000000000241e-07,5.400000000000000355e-01
2.172000000000000391e-07,5.400000000000000355e-01
2.174000000000000012e-07,5.400000000000000355e-01
2.176000000000000162e-07,5.400000000000000355e-01
2.178000000000000312e-07,5.400000000000000355e-01
2.179999999999999933e-07,5.600000000000000533e-01
2.182000000000000083e-07,5.600000000000000533e-01
2.184000000000000234e-07,5.400000000000000355e-01
2.186000000000000384e-07,5.400000000000000355e-01
2.188000000000000005e-07,5.400000000000000355e-01
2.190000000000000155e-07,5.400000000000000355e-01
2.192000000000000305e-07,5.200000000000000178e-01
2.193999999999999926e-07,5.200000000000000178e-01
2.196000000000000076e-07,5.200000000000000178e-01
2.198000000000000227e-07,5.200000000000000178e-01
2.200000000000000377e-07,5.200000000000000178e-01
2.201999999999999998e-07,5.200000000000000178e-01
2.204000000000000148e-07,5.200000000000000178e-01
2.206000000000000298e-07,5.200000000000000178e-01
2.207999999999999919e-07,5.200000000000000178e-01
2.210000000000000069e-07,5.400000000000000355e-01
2.212000000000000220e-07,5.200000000000000178e-01
2.214000000000000370e-07,5.200000000000000178e-01
2.215999999999999991e-07,5.200000000000000178e-01
2.218000000000000141e-07,5.200000000000000178e-01
2.220000000000000291e-07,5.200000000000000178e-01
2.221999999999999912e-07,5.200000000000000178e-01
2.224000000000000062e-07,5.200000000000000178e-01
2.226000000000000213e-07,5.200000000000000178e-01
2.228000000000000363e-07,5.200000000000000178e-01
2.229999999999999984e-07,5.200000000000000178e-01
2.232000000000000134e-07,5.000000000000000000e-01
2.234000000000000284e-07,5.000000000000000000e-01
2.235999999999999905e-07,5.000000000000000000e-01
2.238000000000000055e-07,5.000000000000000000e-01
2.240000000000000206e-07,5.000000000000000000e-01
2.242000000000000356e-07,5.000000000000000000e-01
2.243999999999999977e-07,5.000000000000000000e-01
2.246000000000000127e-07,5.000000000000000000e-01
2.248000000000000277e-07,5.000000000000000000e-01
2.249999999999999898e-07,5.200000000000000178e-01
2.252000000000000048e-07,5.200000000000000178e-01
2.254000000000000199e-07,5.200000000000000178e-01
2.256000000000000349e-07,5.200000000000000178e-01
2.257999999999999970e-07,5.400000000000000355e-01
2.260000000000000120e-07,5.400000000000000355e-01
2.262000000000000270e-07,5.200000000000000178e-01
2.263999999999999891e-07,5.200000000000000178e-01
2.266000000000000041e-07,5.000000000000000000e-01
2.268000000000000192e-07,5.000000000000000000e-01
2.270000000000000342e-07,5.000000000000000000e-01
2.271999999999999963e-07,4.799999999999999822e-01
2.274000000000000113e-07,4.799999999999999822e-01
2.276000000000000263e-07,4.799999999999999822e-01
2.278000000000000414e-07,4.799999999999999822e-01
2.280000000000000034e-07,5.000000000000000000e-01
2.282000000000000185e-07,5.000000000000000000e-01
2.284000000000000335e-07,5.000000000000000000e-01
2.285999999999999956e-07,5.000000000000000000e-01
2.288000000000000106e-07,5.000000000000000000e-01
2.290000000000000256e-07,5.200000000000000178e-01
2.292000000000000407e-07,5.000000000000000000e-01
2.294000000000000027e-07,5.000000000000000000e-01
2.296000000000000178e-07,5.000000000000000000e-01
2.298000000000000328e-07,5.000000000000000000e-01
2.299999999999999949e-07,5.000000000000000000e-01
2.302000000000000099e-07,5.000000000000000000e-01
2.304000000000000249e-07,5.000000000000000000e-01
2.306000000000000400e-07,5.000000000000000000e-01
2.308000000000000020e-07,5.000000000000000000e-01
2.310000000000000171e-07,5.000000000000000000e-01
2.312000000000000321e-07,4.799999999999999822e-01
2.313999999999999942e-07,4.799999999999999822e-01
2.316000000000000092e-07,4.799999999999999822e-01
2.318000000000000242e-07,4.799999999999999822e-01
2.320000000000000393e-07,4.799999999999999822e-01
2.322000000000000014e-07,4.799999999999999822e-01
2.324000000000000164e-07,4.799999999999999822e-01
2.326000000000000314e-07,4.799999999999999822e-01
2.327999999999999935e-07,4.799999999999999822e-01
2.330000000000000085e-07,5.000000000000000000e-01
2.332000000000000235e-07,5.000000000000000000e-01
2.334000000000000386e-07,5.000000000000000000e-01
2.336000000000000007e-07,5.000000000000000000e-01
2.338000000000000157e-07,5.000000000000000000e-01
2.340000000000000307e-07,5.000000000000000000e-01
2.341999999999999928e-07,4.799999999999999822e-01
2.344000000000000078e-07,4.799999999999999822e-01
2.346000000000000228e-07,4.799999999999999822e-01
2.348000000000000379e-07,4.799999999999999822e-01
2.350000000000000000e-07,4.799999999999999822e-01
2.352000000000000150e-07,4.799999999999999822e-01
2.354000000000000300e-07,4.799999999999999822e-01
2.355999999999999921e-07,4.799999999999999822e-01
2.358000000000000071e-07,4.799999999999999822e-01
2.360000000000000221e-07,4.799999999999999822e-01
2.362000000000000372e-07,4.799999999999999822e-01
2.363999999999999993e-07,4.799999999999999822e-01
2.366000000000000143e-07,4.799999999999999822e-01
2.368000000000000293e-07,4.799999999999999822e-01
2.369999999999999914e-07,4.799999999999999822e-01
2.372000000000000064e-07,4.799999999999999822e-01
2.374000000000000214e-07,4.799999999999999822e-01
2.376000000000000365e-07,4.799999999999999822e-01
2.377999999999999986e-07,4.799999999999999822e-01
2.380000000000000136e-07,4.799999999999999822e-01
2.382000000000000286e-07,4.799999999999999822e-01
2.383999999999999907e-07,4.799999999999999822e-01
2.386000000000000322e-07,4.799999999999999822e-01
2.388000000000000472e-07,4.799999999999999822e-01
2.390000000000000622e-07,4.799999999999999822e-01
2.391999999999999714e-07,4.799999999999999822e-01
2.393999999999999864e-07,4.799999999999999822e-01
2.396000000000000014e-07,4.799999999999999822e-01
2.398000000000000165e-07,4.799999999999999822e-01
2.400000000000000315e-07,4.799999999999999822e-01
2.402000000000000465e-07,4.600000000000000200e-01
2.404000000000000615e-07,4.600000000000000200e-01
2.405999999999999707e-07,4.600000000000000200e-01
2.407999999999999857e-07,4.600000000000000200e-01
2.410000000000000007e-07,4.600000000000000200e-01
2.412000000000000158e-07,4.600000000000000200e-01
2.414000000000000308e-07,4.600000000000000200e-01
2.416000000000000458e-07,4.600000000000000200e-01
2.418000000000000608e-07,4.600000000000000200e-01
2.419999999999999700e-07,4.799999999999999822e-01
2.421999999999999850e-07,4.600000000000000200e-01
2.424000000000000000e-07,4.600000000000000200e-01
2.426000000000000151e-07,4.600000000000000200e-01
2.428000000000000301e-07,4.600000000000000200e-01
2.430000000000000451e-07,4.600000000000000200e-01
2.432000000000000601e-07,4.600000000000000200e-01
2.433999999999999693e-07,4.600000000000000200e-01
2.435999999999999843e-07,4.600000000000000200e-01
2.437999999999999993e-07,4.600000000000000200e-01
2.440000000000000144e-07,4.600000000000000200e-01
2.442000000000000294e-07,4.600000000000000200e-01
2.444000000000000444e-07,4.600000000000000200e-01
2.446000000000000594e-07,4.600000000000000200e-01
2.447999999999999686e-07,4.600000000000000200e-01
2.449999999999999836e-07,4.600000000000000200e-01
2.451999999999999986e-07,4.400000000000000022e-01
2.454000000000000137e-07,4.400000000000000022e-01
2.456000000000000287e-07,4.400000000000000022e-01
2.458000000000000437e-07,4.400000000000000022e-01
2.460000000000000587e-07,4.400000000000000022e-01
2.461999999999999679e-07,4.400000000000000022e-01
2.463999999999999829e-07,4.400000000000000022e-01
2.465999999999999979e-07,4.400000000000000022e-01
2.468000000000000130e-07,4.400000000000000022e-01
2.470000000000000280e-07,4.600000000000000200e-01
2.472000000000000430e-07,4.600000000000000200e-01
2.474000000000000580e-07,4.600000000000000200e-01
2.475999999999999672e-07,4.600000000000000200e-01
2.477999999999999822e-07,4.600000000000000200e-01
2.479999999999999972e-07,4.600000000000000200e-01
2.482000000000000123e-07,4.600000000000000200e-01
2.484000000000000273e-07,4.600000000000000200e-01
2.486000000000000423e-07,4.600000000000000200e-01
2.488000000000000574e-07,4.600000000000000200e-01
2.489999999999999665e-07,4.600000000000000200e-01
2.491999999999999815e-07,4.600000000000000200e-01
2.493999999999999965e-07,4.600000000000000200e-01
2.496000000000000116e-07,4.600000000000000200e-01
2.498000000000000266e-07,4.600000000000000200e-01
2.500000000000000416e-07,4.600000000000000200e-01
2.502000000000000567e-07,4.600000000000000200e-01
2.503999999999999658e-07,4.600000000000000200e-01
2.505999999999999808e-07,4.600000000000000200e-01
2.507999999999999959e-07,4.600000000000000200e-01
2.510000000000000109e-07,4.600000000000000200e-01
2.512000000000000259e-07,4.600000000000000200e-01
2.514000000000000409e-07,4.600000000000000200e-01
2.516000000000000560e-07,4.600000000000000200e-01
2.517999999999999651e-07,4.600000000000000200e-01
2.519999999999999801e-07,4.799999999999999822e-01
2.521999999999999952e-07,4.799999999999999822e-01
2.524000000000000102e-07,4.799999999999999822e-01
2.526000000000000252e-07,4.799999999999999822e-01
2.528000000000000402e-07,4.799999999999999822e-01
2.530000000000000553e-07,4.799999999999999822e-01
2.531999999999999644e-07,4.600000000000000200e-01
2.533999999999999794e-07,4.600000000000000200e-01
2.535999999999999945e-07,4.400000000000000022e-01
2.538000000000000095e-07,4.400000000000000022e-01
2.540000000000000245e-07,4.400000000000000022e-01
2.542000000000000395e-07,4.400000000000000022e-01
2.544000000000000546e-07,4.199999999999999845e-01
2.545999999999999637e-07,4.400000000000000022e-01
2.547999999999999787e-07,4.400000000000000022e-01
2.549999999999999938e-07,4.400000000000000022e-01
2.552000000000000088e-07,4.400000000000000022e-01
2.554000000000000238e-07,4.400000000000000022e-01
2.556000000000000388e-07,4.400000000000000022e-01
2.558000000000000539e-07,4.400000000000000022e-01
2.560000000000000689e-07,4.400000000000000022e-01
2.561999999999999780e-07,4.400000000000000022e-01
2.563999999999999931e-07,4.400000000000000022e-01
2.566000000000000081e-07,4.400000000000000022e-01
2.568000000000000231e-07,4.400000000000000022e-01
2.570000000000000381e-07,4.400000000000000022e-01
2.572000000000000532e-07,4.400000000000000022e-01
2.574000000000000682e-07,4.400000000000000022e-01
2.575999999999999773e-07,4.400000000000000022e-01
2.577999999999999924e-07,4.400000000000000022e-01
2.580000000000000074e-07,4.400000000000000022e-01
2.582000000000000224e-07,4.400000000000000022e-01
2.584000000000000374e-07,4.400000000000000022e-01
2.586000000000000525e-07,4.400000000000000022e-01
2.588000000000000675e-07,4.400000000000000022e-01
2.589999999999999766e-07,4.400000000000000022e-01
2.591999999999999917e-07,4.400000000000000022e-01
2.594000000000000067e-07,4.400000000000000022e-01
2.596000000000000217e-07,4.400000000000000022e-01
2.598000000000000367e-07,4.400000000000000022e-01
2.600000000000000518e-07,4.600000000000000200e-01
2.602000000000000668e-07,4.600000000000000200e-01
2.603999999999999759e-07,4.400000000000000022e-01
2.605999999999999910e-07,4.400000000000000022e-01
2.608000000000000060e-07,4.400000000000000022e-01
2.610000000000000210e-07,4.400000000000000022e-01
2.612000000000000360e-07,4.199999999999999845e-01
2.614000000000000511e-07,4.199999999999999845e-01
2.616000000000000661e-07,4.199999999999999845e-01
2.617999999999999752e-07,4.199999999999999845e-01
2.619999999999999903e-07,4.199999999999999845e-01
2.622000000000000053e-07,4.199999999999999845e-01
2.624000000000000203e-07,4.199999999999999845e-01
2.626000000000000353e-07,4.400000000000000022e-01
2.628000000000000504e-07,4.400000000000000022e-01
2.630000000000000654e-07,4.600000000000000200e-01
2.631999999999999745e-07,4.600000000000000200e-01
2.633999999999999896e-07,4.400000000000000022e-01
2.636000000000000046e-07,4.400000000000000022e-01
2.638000000000000196e-07,4.400000000000000022e-01
2.640000000000000346e-07,4.400000000000000022e-01
2.642000000000000497e-07,4.199999999999999845e-01
2.644000000000000647e-07,4.199999999999999845e-01
2.645999999999999738e-07,4.199999999999999845e-01
2.647999999999999889e-07,4.199999999999999845e-01
2.650000000000000039e-07,4.199999999999999845e-01
2.652000000000000189e-07,4.199999999999999845e-01
2.654000000000000339e-07,4.199999999999999845e-01
2.656000000000000490e-07,4.199999999999999845e-01
2.658000000000000640e-07,4.199999999999999845e-01
2.659999999999999731e-07,4.400000000000000022e-01
2.661999999999999882e-07,4.400000000000000022e-01
2.664000000000000032e-07,4.400000000000000022e-01
2.666000000000000182e-07,4.400000000000000022e-01
2.668000000000000332e-07,4.400000000000000022e-01
2.670000000000000483e-07,4.400000000000000022e-01
2.672000000000000633e-07,4.199999999999999845e-01
2.673999999999999724e-07,4.199999999999999845e-01
2.675999999999999875e-07,4.199999999999999845e-01
2.678000000000000025e-07,4.199999999999999845e-01
2.680000000000000175e-07,4.199999999999999845e-01
2.682000000000000325e-07,4.199999999999999845e-01
2.684000000000000476e-07,4.199999999999999845e-01
2.686000000000000626e-07,4.199999999999999845e-01
2.687999999999999717e-07,4.199999999999999845e-01
2.689999999999999868e-07,4.400000000000000022e-01
2.692000000000000018e-07,4.400000000000000022e-01
2.694000000000000168e-07,4.400000000000000022e-01
2.696000000000000318e-07,4.400000000000000022e-01
2.698000000000000469e-07,4.400000000000000022e-01
2.700000000000000619e-07,4.400000000000000022e-01
2.701999999999999710e-07,4.199999999999999845e-01
2.703999999999999861e-07,4.199999999999999845e-01
2.706000000000000011e-07,4.199999999999999845e-01
2.708000000000000161e-07,4.199999999999999845e-01
2.710000000000000311e-07,4.199999999999999845e-01
2.712000000000000462e-07,4.199999999999999845e-01
2.714000000000000612e-07,4.199999999999999845e-01
2.715999999999999703e-07,4.199999999999999845e-01
2.717999999999999854e-07,4.199999999999999845e-01
2.720000000000000004e-07,4.199999999999999845e-01
2.722000000000000154e-07,4.000000000000000222e-01
2.724000000000000304e-07,4.000000000000000222e-01
2.726000000000000455e-07,4.000000000000000222e-01
2.728000000000000605e-07,4.000000000000000222e-01
2.730000000000000755e-07,4.000000000000000222e-01
2.732000000000000906e-07,4.000000000000000222e-01
2.733999999999999997e-07,3.800000000000000044e-01
2.736000000000000147e-07,3.800000000000000044e-01
2.738000000000000297e-07,4.000000000000000222e-01
2.740000000000000448e-07,4.000000000000000222e-01
2.742000000000000598e-07,4.000000000000000222e-01
2.744000000000000748e-07,4.000000000000000222e-01
2.746000000000000899e-07,4.000000000000000222e-01
2.747999999999999990e-07,4.000000000000000222e-01
2.750000000000000140e-07,4.199999999999999845e-01
2.752000000000000291e-07,4.199999999999999845e-01
2.754000000000000441e-07,4.199999999999999845e-01
2.756000000000000591e-07,4.199999999999999845e-01
2.758000000000000741e-07,4.199999999999999845e-01
2.760000000000000892e-07,4.199999999999999845e-01
2.761999999999999983e-07,4.000000000000000222e-01
2.764000000000000133e-07,4.000000000000000222e-01
2.766000000000000284e-07,4.000000000000000222e-01
2.768000000000000434e-07,4.000000000000000222e-01
2.770000000000000584e-07,4.000000000000000222e-01
2.772000000000000734e-07,4.000000000000000222e-01
2.774000000000000885e-07,4.000000000000000222e-01
2.775999999999999976e-07,4.000000000000000222e-01
2.778000000000000126e-07,4.000000000000000222e-01
2.780000000000000277e-07,4.199999999999999845e-01
2.782000000000000427e-07,4.199999999999999845e-01
2.784000000000000577e-07,4.000000000000000222e-01
2.786000000000000727e-07,4.000000000000000222e-01
2.788000000000000878e-07,4.000000000000000222e-01
2.789999999999999969e-07,4.000000000000000222e-01
2.792000000000000119e-07,3.800000000000000044e-01
2.794000000000000270e-07,3.800000000000000044e-01
2.796000000000000420e-07,3.800000000000000044e-01
2.798000000000000570e-07,3.800000000000000044e-01
2.800000000000000720e-07,3.800000000000000044e-01
2.802000000000000871e-07,3.800000000000000044e-01
2.803999999999999962e-07,3.800000000000000044e-01
2.806000000000000112e-07,3.800000000000000044e-01
2.808000000000000263e-07,3.800000000000000044e-01
2.810000000000000413e-07,4.000000000000000222e-01
2.812000000000000563e-07,4.000000000000000222e-01
2.814000000000000713e-07,4.000000000000000222e-01
2.816000000000000864e-07,4.000000000000000222e-01
2.817999999999999955e-07,4.000000000000000222e-01
2.820000000000000105e-07,4.000000000000000222e-01
2.822000000000000256e-07,4.000000000000000222e-01
2.824000000000000406e-07,4.000000000000000222e-01
2.826000000000000556e-07,4.000000000000000222e-01
2.828000000000000706e-07,4.000000000000000222e-01
2.830000000000000857e-07,4.000000000000000222e-01
2.831999999999999948e-07,4.000000000000000222e-01
2.834000000000000098e-07,4.000000000000000222e-01
2.836000000000000249e-07,4.000000000000000222e-01
2.838000000000000399e-07,4.000000000000000222e-01
2.840000000000000549e-07,4.000000000000000222e-01
2.842000000000000699e-07,3.800000000000000044e-01
2.844000000000000850e-07,3.800000000000000044e-01
2.845999999999999941e-07,3.800000000000000044e-01
2.848000000000000091e-07,3.800000000000000044e-01
2.850000000000000242e-07,3.800000000000000044e-01
2.852000000000000392e-07,3.800000000000000044e-01
2.854000000000000542e-07,3.599999999999999867e-01
2.856000000000000692e-07,3.599999999999999867e-01
2.858000000000000843e-07,3.800000000000000044e-01
2.859999999999999934e-07,3.800000000000000044e-01
2.862000000000000084e-07,3.800000000000000044e-01
2.864000000000000235e-07,3.800000000000000044e-01
2.866000000000000385e-07,3.800000000000000044e-01
2.868000000000000535e-07,3.800000000000000044e-01
2.870000000000000685e-07,4.000000000000000222e-01
2.872000000000000836e-07,4.000000000000000222e-01
2.873999999999999927e-07,4.000000000000000222e-01
2.876000000000000077e-07,4.000000000000000222e-01
2.878000000000000228e-07,4.199999999999999845e-01
2.880000000000000378e-07,4.199999999999999845e-01
2.882000000000000528e-07,4.199999999999999845e-01
2.884000000000000678e-07,4.000000000000000222e-01
2.886000000000000829e-07,4.000000000000000222e-01
2.887999999999999920e-07,4.000000000000000222e-01
2.890000000000000070e-07,4.000000000000000222e-01
2.892000000000000221e-07,3.800000000000000044e-01
2.894000000000000371e-07,3.800000000000000044e-01
2.896000000000000521e-07,3.800000000000000044e-01
2.898000000000000671e-07,3.800000000000000044e-01
2.900000000000000822e-07,3.800000000000000044e-01
2.901999999999999913e-07,3.800000000000000044e-01
2.904000000000000063e-07,3.800000000000000044e-01
2.906000000000000214e-07,3.800000000000000044e-01
2.908000000000000364e-07,3.800000000000000044e-01
2.910000000000000514e-07,4.000000000000000222e-01
2.912000000000000664e-07,4.000000000000000222e-01
2.914000000000000815e-07,4.000000000000000222e-01
2.916000000000000965e-07,4.000000000000000222e-01
2.918000000000000056e-07,4.199999999999999845e-01
2.920000000000000207e-07,4.199999999999999845e-01
2.922000000000000357e-07,4.199999999999999845e-01
2.924000000000000507e-07,4.000000000000000222e-01
2.926000000000000657e-07,4.000000000000000222e-01
2.928000000000000808e-07,4.000000000000000222e-01
2.930000000000000958e-07,4.000000000000000222e-01
2.932000000000000049e-07,3.800000000000000044e-01
2.934000000000000200e-07,3.800000000000000044e-01
2.936000000000000350e-07,3.800000000000000044e-01
2.938000000000000500e-07,3.800000000000000044e-01
2.940000000000000650e-07,3.800000000000000044e-01
2.942000000000000801e-07,3.800000000000000044e-01
2.944000000000000951e-07,3.800000000000000044e-01
2.946000000000000042e-07,3.800000000000000044e-01
2.948000000000000193e-07,3.800000000000000044e-01
2.950000000000000343e-07,3.800000000000000044e-01
2.952000000000000493e-07,3.800000000000000044e-01
2.954000000000000643e-07,3.800000000000000044e-01
2.956000000000000794e-07,3.800000000000000044e-01
2.958000000000000944e-07,3.800000000000000044e-01
