time_s,voltage_V
-1.199999999999999946e-06,-2.000000000000000042e-02
-1.190000000000000041e-06,-4.000000000000000083e-02
-1.179999999999999925e-06,-4.000000000000000083e-02
-1.170000000000000021e-06,-4.000000000000000083e-02
-1.159999999999999905e-06,-4.000000000000000083e-02
-1.150000000000000001e-06,-4.000000000000000083e-02
-1.139999999999999885e-06,-2.000000000000000042e-02
-1.129999999999999981e-06,-2.000000000000000042e-02
-1.119999999999999865e-06,-4.000000000000000083e-02
-1.109999999999999960e-06,-2.000000000000000042e-02
-1.100000000000000056e-06,-2.000000000000000042e-02
-1.089999999999999940e-06,-2.000000000000000042e-02
-1.079999999999999824e-06,-4.000000000000000083e-02
-1.069999999999999920e-06,-2.000000000000000042e-02
-1.060000000000000016e-06,-5.999999999999999778e-02
-1.049999999999999900e-06,-4.000000000000000083e-02
-1.039999999999999995e-06,-2.000000000000000042e-02
-1.029999999999999879e-06,-4.000000000000000083e-02
-1.019999999999999975e-06,-2.000000000000000042e-02
-1.009999999999999859e-06,-2.000000000000000042e-02
-9.999999999999999547e-07,-4.000000000000000083e-02
-9.899999999999998387e-07,0.000000000000000000e+00
-9.799999999999999345e-07,-4.000000000000000083e-02
-9.700000000000000302e-07,-4.000000000000000083e-02
-9.599999999999999142e-07,-4.000000000000000083e-02
-9.500000000000000100e-07,-4.000000000000000083e-02
-9.399999999999998939e-07,-5.999999999999999778e-02
-9.299999999999999897e-07,-4.000000000000000083e-02
-9.199999999999998737e-07,-4.000000000000000083e-02
-9.099999999999999694e-07,-2.000000000000000042e-02
-8.999999999999999593e-07,-4.000000000000000083e-02
-8.899999999999999491e-07,-2.000000000000000042e-02
-8.799999999999999390e-07,-5.999999999999999778e-02
-8.699999999999999289e-07,-5.999999999999999778e-02
-8.599999999999999187e-07,-2.000000000000000042e-02
-8.499999999999999086e-07,-5.999999999999999778e-02
-8.400000000000000043e-07,-4.000000000000000083e-02
-8.299999999999998883e-07,-4.000000000000000083e-02
-8.199999999999999841e-07,0.000000000000000000e+00
-8.099999999999998681e-07,-2.000000000000000042e-02
-7.999999999999999638e-07,0.000000000000000000e+00
-7.899999999999999537e-07,-2.000000000000000042e-02
-7.799999999999999435e-07,-5.999999999999999778e-02
-7.699999999999999334e-07,0.000000000000000000e+00
-7.599999999999999233e-07,-4.000000000000000083e-02
-7.499999999999999131e-07,-4.000000000000000083e-02
-7.399999999999999030e-07,-4.000000000000000083e-02
-7.299999999999999987e-07,-5.999999999999999778e-02
-7.199999999999998827e-07,-2.000000000000000042e-02
-7.099999999999999785e-07,-4.000000000000000083e-02
-6.999999999999999683e-07,-4.000000000000000083e-02
-6.899999999999999582e-07,-2.000000000000000042e-02
-6.799999999999999481e-07,-2.000000000000000042e-02
-6.699999999999999379e-07,-4.000000000000000083e-02
-6.599999999999999278e-07,-2.000000000000000042e-02
-6.499999999999999176e-07,-4.000000000000000083e-02
-6.399999999999999075e-07,-2.000000000000000042e-02
-6.299999999999998974e-07,-2.000000000000000042e-02
-6.199999999999998872e-07,-2.000000000000000042e-02
-6.099999999999999830e-07,0.000000000000000000e+00
-5.999999999999999728e-07,-4.000000000000000083e-02
-5.899999999999999627e-07,0.000000000000000000e+00
-5.799999999999999526e-07,-2.000000000000000042e-02
-5.699999999999999424e-07,-2.000000000000000042e-02
-5.599999999999999323e-07,0.000000000000000000e+00
-5.499999999999999222e-07,-2.000000000000000042e-02
-5.399999999999999120e-07,-2.000000000000000042e-02
-5.299999999999999019e-07,0.000000000000000000e+00
-5.199999999999998918e-07,0.000000000000000000e+00
-5.099999999999998816e-07,0.000000000000000000e+00
-4.999999999999999774e-07,-4.000000000000000083e-02
-4.899999999999999672e-07,-2.000000000000000042e-02
-4.799999999999999571e-07,0.000000000000000000e+00
-4.699999999999999470e-07,-4.000000000000000083e-02
-4.599999999999999368e-07,-2.000000000000000042e-02
-4.499999999999999267e-07,-2.000000000000000042e-02
-4.399999999999999166e-07,-4.000000000000000083e-02
-4.299999999999999064e-07,-2.000000000000000042e-02
-4.199999999999998963e-07,-2.000000000000000042e-02
-4.099999999999998862e-07,-2.000000000000000042e-02
-3.999999999999999819e-07,-2.000000000000000042e-02
-3.899999999999999718e-07,-4.000000000000000083e-02
-3.799999999999999616e-07,-2.000000000000000042e-02
-3.699999999999999515e-07,-8.000000000000000167e-02
-3.599999999999999414e-07,-4.000000000000000083e-02
-3.499999999999999312e-07,-2.000000000000000042e-02
-3.399999999999999211e-07,-4.000000000000000083e-02
-3.299999999999999110e-07,-4.000000000000000083e-02
-3.199999999999999008e-07,-4.000000000000000083e-02
-3.099999999999998907e-07,0.000000000000000000e+00
-2.999999999999998805e-07,-5.999999999999999778e-02
-2.899999999999999763e-07,-4.000000000000000083e-02
-2.799999999999999662e-07,-4.000000000000000083e-02
-2.699999999999999560e-07,0.000000000000000000e+00
-2.599999999999999459e-07,-2.000000000000000042e-02
-2.499999999999999357e-07,-4.000000000000000083e-02
-2.399999999999998197e-07,-2.000000000000000042e-02
-2.299999999999999155e-07,-2.000000000000000042e-02
-2.200000000000000112e-07,-4.000000000000000083e-02
-2.099999999999998952e-07,-4.000000000000000083e-02
-1.999999999999999909e-07,-5.999999999999999778e-02
-1.899999999999998749e-07,-5.999999999999999778e-02
-1.799999999999999707e-07,-4.000000000000000083e-02
-1.699999999999998547e-07,-4.000000000000000083e-02
-1.599999999999999504e-07,-4.000000000000000083e-02
-1.499999999999998344e-07,-4.000000000000000083e-02
-1.399999999999999301e-07,-4.000000000000000083e-02
-1.300000000000000259e-07,-2.000000000000000042e-02
-1.199999999999999099e-07,-4.000000000000000083e-02
-1.100000000000000056e-07,-5.999999999999999778e-02
-9.999999999999988960e-08,-2.000000000000000042e-02
-8.999999999999998534e-08,0.000000000000000000e+00
-7.999999999999986932e-08,-2.000000000000000042e-02
-6.999999999999996507e-08,0.000000000000000000e+00
-5.999999999999984905e-08,-2.000000000000000042e-02
-4.999999999999994480e-08,2.000000000000000042e-02
-3.999999999999982878e-08,2.000000000000000042e-02
-2.999999999999992453e-08,4.000000000000000083e-02
-2.000000000000002027e-08,1.199999999999999956e-01
-9.999999999999904256e-09,1.600000000000000033e-01
0.000000000000000000e+00,2.600000000000000089e-01
1.000000000000011601e-08,3.800000000000000044e-01
2.000000000000002027e-08,5.799999999999999600e-01
3.000000000000013629e-08,7.600000000000000089e-01
4.000000000000004054e-08,9.400000000000000577e-01
5.000000000000015656e-08,1.120000000000000107e+00
6.000000000000006081e-08,1.179999999999999938e+00
7.000000000000017683e-08,1.179999999999999938e+00
8.000000000000008108e-08,1.080000000000000071e+00
8.999999999999998534e-08,9.400000000000000577e-01
1.000000000000001014e-07,8.000000000000000444e-01
1.100000000000000056e-07,6.800000000000000488e-01
1.200000000000001216e-07,5.799999999999999600e-01
1.300000000000000259e-07,5.000000000000000000e-01
1.400000000000001419e-07,4.199999999999999845e-01
1.500000000000000462e-07,3.599999999999999867e-01
1.600000000000001622e-07,2.999999999999999889e-01
1.700000000000000664e-07,2.600000000000000089e-01
1.800000000000001824e-07,2.200000000000000011e-01
1.900000000000000867e-07,2.000000000000000111e-01
1.999999999999999909e-07,2.000000000000000111e-01
2.100000000000001070e-07,1.799999999999999933e-01
2.200000000000000112e-07,1.799999999999999933e-01
2.300000000000001272e-07,1.600000000000000033e-01
2.400000000000000315e-07,1.600000000000000033e-01
2.500000000000001475e-07,1.799999999999999933e-01
2.600000000000000518e-07,1.199999999999999956e-01
2.700000000000001678e-07,1.400000000000000133e-01
2.800000000000000720e-07,1.400000000000000133e-01
2.900000000000001880e-07,1.199999999999999956e-01
3.000000000000000923e-07,1.199999999999999956e-01
3.099999999999999966e-07,1.000000000000000056e-01
3.200000000000001126e-07,1.199999999999999956e-01
3.300000000000000168e-07,1.400000000000000133e-01
3.400000000000001328e-07,1.000000000000000056e-01
3.500000000000000371e-07,1.199999999999999956e-01
3.600000000000001531e-07,1.000000000000000056e-01
3.700000000000000574e-07,1.199999999999999956e-01
3.800000000000001734e-07,1.000000000000000056e-01
3.900000000000000776e-07,1.000000000000000056e-01
3.999999999999999819e-07,1.000000000000000056e-01
4.100000000000000979e-07,1.000000000000000056e-01
4.200000000000000022e-07,5.999999999999999778e-02
4.300000000000001182e-07,8.000000000000000167e-02
4.400000000000000224e-07,8.000000000000000167e-02
4.500000000000001385e-07,8.000000000000000167e-02
4.600000000000000427e-07,1.000000000000000056e-01
4.700000000000001587e-07,8.000000000000000167e-02
4.800000000000000630e-07,8.000000000000000167e-02
4.900000000000001790e-07,8.000000000000000167e-02
5.000000000000000833e-07,1.000000000000000056e-01
5.099999999999999875e-07,5.999999999999999778e-02
5.200000000000001035e-07,5.999999999999999778e-02
5.300000000000000078e-07,8.000000000000000167e-02
5.400000000000001238e-07,5.999999999999999778e-02
5.500000000000000281e-07,4.000000000000000083e-02
5.600000000000001441e-07,8.000000000000000167e-02
5.700000000000000483e-07,5.999999999999999778e-02
5.800000000000001643e-07,5.999999999999999778e-02
5.900000000000000686e-07,5.999999999999999778e-02
6.000000000000001846e-07,5.999999999999999778e-02
6.100000000000000889e-07,8.000000000000000167e-02
6.199999999999999931e-07,4.000000000000000083e-02
6.300000000000001091e-07,4.000000000000000083e-02
6.400000000000000134e-07,2.000000000000000042e-02
6.500000000000001294e-07,4.000000000000000083e-02
6.600000000000000337e-07,4.000000000000000083e-02
6.700000000000001497e-07,5.999999999999999778e-02
6.800000000000000539e-07,5.999999999999999778e-02
6.900000000000001699e-07,5.999999999999999778e-02
7.000000000000000742e-07,5.999999999999999778e-02
7.099999999999999785e-07,4.000000000000000083e-02
7.200000000000003062e-07,5.999999999999999778e-02
7.300000000000002105e-07,8.000000000000000167e-02
7.400000000000001147e-07,8.000000000000000167e-02
7.500000000000000190e-07,4.000000000000000083e-02
7.599999999999999233e-07,5.999999999999999778e-02
7.700000000000002510e-07,4.000000000000000083e-02
7.800000000000001553e-07,8.000000000000000167e-02
7.900000000000000595e-07,5.999999999999999778e-02
7.999999999999999638e-07,2.000000000000000042e-02
8.100000000000002916e-07,4.000000000000000083e-02
8.200000000000001958e-07,4.000000000000000083e-02
8.300000000000001001e-07,4.000000000000000083e-02
8.400000000000000043e-07,4.000000000000000083e-02
8.499999999999999086e-07,4.000000000000000083e-02
8.600000000000002364e-07,8.000000000000000167e-02
8.700000000000001406e-07,4.000000000000000083e-02
8.800000000000000449e-07,5.999999999999999778e-02
8.899999999999999491e-07,5.999999999999999778e-02
9.000000000000002769e-07,2.000000000000000042e-02
9.100000000000001812e-07,4.000000000000000083e-02
9.200000000000000854e-07,4.000000000000000083e-02
9.299999999999999897e-07,4.000000000000000083e-02
9.399999999999998939e-07,5.999999999999999778e-02
9.500000000000002217e-07,4.000000000000000083e-02
9.600000000000001260e-07,2.000000000000000042e-02
9.700000000000000302e-07,4.000000000000000083e-02
9.799999999999999345e-07,5.999999999999999778e-02
9.900000000000002623e-07,5.999999999999999778e-02
1.000000000000000167e-06,2.000000000000000042e-02
1.010000000000000071e-06,4.000000000000000083e-02
1.019999999999999975e-06,4.000000000000000083e-02
1.030000000000000303e-06,4.000000000000000083e-02
1.040000000000000207e-06,4.000000000000000083e-02
1.050000000000000111e-06,2.000000000000000042e-02
1.060000000000000016e-06,4.000000000000000083e-02
1.069999999999999920e-06,2.000000000000000042e-02
1.080000000000000248e-06,4.000000000000000083e-02
1.090000000000000152e-06,2.000000000000000042e-02
1.100000000000000056e-06,4.000000000000000083e-02
1.109999999999999960e-06,4.000000000000000083e-02
1.120000000000000288e-06,2.000000000000000042e-02
1.130000000000000192e-06,2.000000000000000042e-02
1.140000000000000097e-06,2.000000000000000042e-02
1.150000000000000001e-06,0.000000000000000000e+00
1.159999999999999905e-06,2.000000000000000042e-02
1.170000000000000233e-06,4.000000000000000083e-02
1.180000000000000137e-06,2.000000000000000042e-02
1.190000000000000041e-06,4.000000000000000083e-02
1.199999999999999946e-06,0.000000000000000000e+00
1.210000000000000273e-06,2.000000000000000042e-02
1.220000000000000178e-06,4.000000000000000083e-02
1.230000000000000082e-06,4.000000000000000083e-02
1.239999999999999986e-06,4.000000000000000083e-02
1.250000000000000314e-06,4.000000000000000083e-02
1.260000000000000218e-06,2.000000000000000042e-02
1.270000000000000123e-06,4.000000000000000083e-02
1.280000000000000027e-06,2.000000000000000042e-02
1.289999999999999931e-06,4.000000000000000083e-02
1.300000000000000259e-06,4.000000000000000083e-02
1.310000000000000163e-06,4.000000000000000083e-02
1.320000000000000067e-06,2.000000000000000042e-02
1.329999999999999972e-06,0.000000000000000000e+00
1.340000000000000299e-06,4.000000000000000083e-02
1.350000000000000204e-06,2.000000000000000042e-02
1.360000000000000108e-06,4.000000000000000083e-02
1.370000000000000012e-06,5.999999999999999778e-02
1.379999999999999916e-06,2.000000000000000042e-02
1.390000000000000244e-06,5.999999999999999778e-02
1.400000000000000148e-06,4.000000000000000083e-02
1.410000000000000053e-06,5.999999999999999778e-02
1.419999999999999957e-06,5.999999999999999778e-02
1.430000000000000285e-06,4.000000000000000083e-02
1.440000000000000189e-06,5.999999999999999778e-02
1.450000000000000093e-06,8.000000000000000167e-02
1.459999999999999997e-06,1.000000000000000056e-01
1.469999999999999902e-06,1.199999999999999956e-01
1.480000000000000229e-06,1.400000000000000133e-01
1.490000000000000134e-06,2.200000000000000011e-01
1.500000000000000038e-06,3.200000000000000067e-01
1.509999999999999942e-06,4.000000000000000222e-01
1.520000000000000270e-06,5.200000000000000178e-01
1.530000000000000174e-06,7.000000000000000666e-01
1.540000000000000079e-06,9.599999999999999645e-01
1.549999999999999983e-06,1.199999999999999956e+00
1.560000000000000311e-06,1.419999999999999929e+00
1.570000000000000215e-06,1.580000000000000071e+00
1.580000000000000119e-06,1.739999999999999991e+00
1.590000000000000023e-06,1.760000000000000009e+00
1.599999999999999928e-06,1.739999999999999991e+00
1.610000000000000255e-06,1.640000000000000124e+00
1.620000000000000160e-06,1.540000000000000036e+00
1.630000000000000064e-06,1.419999999999999929e+00
1.639999999999999968e-06,1.260000000000000009e+00
1.650000000000000296e-06,1.140000000000000124e+00
1.660000000000000200e-06,1.040000000000000036e+00
1.670000000000000104e-06,9.400000000000000577e-01
1.680000000000000009e-06,8.200000000000000622e-01
1.689999999999999913e-06,7.399999999999999911e-01
1.700000000000000241e-06,6.800000000000000488e-01
1.710000000000000145e-06,6.400000000000000133e-01
1.720000000000000049e-06,6.199999999999999956e-01
1.729999999999999953e-06,5.400000000000000355e-01
1.740000000000000281e-06,5.200000000000000178e-01
1.750000000000000186e-06,5.200000000000000178e-01
1.760000000000000090e-06,4.600000000000000200e-01
1.769999999999999994e-06,4.400000000000000022e-01
1.780000000000000322e-06,4.199999999999999845e-01
1.790000000000000226e-06,4.199999999999999845e-01
1.800000000000000130e-06,4.000000000000000222e-01
1.810000000000000035e-06,3.800000000000000044e-01
1.819999999999999939e-06,3.400000000000000244e-01
1.830000000000000267e-06,3.400000000000000244e-01
1.840000000000000171e-06,3.200000000000000067e-01
1.850000000000000075e-06,3.200000000000000067e-01
1.859999999999999979e-06,3.200000000000000067e-01
1.870000000000000307e-06,3.200000000000000067e-01
1.880000000000000211e-06,2.999999999999999889e-01
1.890000000000000116e-06,2.800000000000000266e-01
1.900000000000000020e-06,2.800000000000000266e-01
1.909999999999999924e-06,2.399999999999999911e-01
1.920000000000000252e-06,2.600000000000000089e-01
1.930000000000000156e-06,2.600000000000000089e-01
1.940000000000000060e-06,2.600000000000000089e-01
1.949999999999999965e-06,2.399999999999999911e-01
1.960000000000000292e-06,2.600000000000000089e-01
1.970000000000000197e-06,2.200000000000000011e-01
1.980000000000000101e-06,2.600000000000000089e-01
1.990000000000000005e-06,2.200000000000000011e-01
1.999999999999999909e-06,2.399999999999999911e-01
2.010000000000000237e-06,2.399999999999999911e-01
2.020000000000000142e-06,2.200000000000000011e-01
2.030000000000000046e-06,2.399999999999999911e-01
2.039999999999999950e-06,2.399999999999999911e-01
2.050000000000000278e-06,2.399999999999999911e-01
2.060000000000000182e-06,2.399999999999999911e-01
2.070000000000000086e-06,2.000000000000000111e-01
2.079999999999999991e-06,2.000000000000000111e-01
2.090000000000000318e-06,2.000000000000000111e-01
2.100000000000000223e-06,2.000000000000000111e-01
2.110000000000000127e-06,2.200000000000000011e-01
2.120000000000000031e-06,2.000000000000000111e-01
2.129999999999999935e-06,2.200000000000000011e-01
2.140000000000000263e-06,2.000000000000000111e-01
2.150000000000000167e-06,2.200000000000000011e-01
2.160000000000000072e-06,1.799999999999999933e-01
2.169999999999999976e-06,2.000000000000000111e-01
2.180000000000000304e-06,1.799999999999999933e-01
2.190000000000000208e-06,1.600000000000000033e-01
2.200000000000000112e-06,2.000000000000000111e-01
2.210000000000000016e-06,1.799999999999999933e-01
2.219999999999999921e-06,1.799999999999999933e-01
2.230000000000000248e-06,1.799999999999999933e-01
2.240000000000000153e-06,1.799999999999999933e-01
2.250000000000000057e-06,1.799999999999999933e-01
2.259999999999999961e-06,2.000000000000000111e-01
2.270000000000000289e-06,1.799999999999999933e-01
2.280000000000000193e-06,1.799999999999999933e-01
2.290000000000000098e-06,2.000000000000000111e-01
2.300000000000000002e-06,1.799999999999999933e-01
2.310000000000000330e-06,1.600000000000000033e-01
2.320000000000000234e-06,1.600000000000000033e-01
2.330000000000000138e-06,1.799999999999999933e-01
2.340000000000000042e-06,2.000000000000000111e-01
2.349999999999999947e-06,1.600000000000000033e-01
2.360000000000000274e-06,1.799999999999999933e-01
2.370000000000000179e-06,1.600000000000000033e-01
2.380000000000000083e-06,1.400000000000000133e-01
2.389999999999999987e-06,1.600000000000000033e-01
2.400000000000000315e-06,1.600000000000000033e-01
2.410000000000000219e-06,1.600000000000000033e-01
2.420000000000000123e-06,1.400000000000000133e-01
2.430000000000000028e-06,1.400000000000000133e-01
2.439999999999999932e-06,1.400000000000000133e-01
2.450000000000000260e-06,1.799999999999999933e-01
2.460000000000000164e-06,1.799999999999999933e-01
2.470000000000000068e-06,1.400000000000000133e-01
2.479999999999999972e-06,1.799999999999999933e-01
2.490000000000000300e-06,1.600000000000000033e-01
2.500000000000000205e-06,1.400000000000000133e-01
2.510000000000000109e-06,1.400000000000000133e-01
2.520000000000000013e-06,1.199999999999999956e-01
2.530000000000000341e-06,1.600000000000000033e-01
2.540000000000000245e-06,1.400000000000000133e-01
2.550000000000000149e-06,1.799999999999999933e-01
2.560000000000000054e-06,1.799999999999999933e-01
2.569999999999999958e-06,1.600000000000000033e-01
2.580000000000000286e-06,1.799999999999999933e-01
2.590000000000000190e-06,1.799999999999999933e-01
2.600000000000000094e-06,1.600000000000000033e-01
2.609999999999999998e-06,1.799999999999999933e-01
2.619999999999999903e-06,2.000000000000000111e-01
2.629999999999999807e-06,1.799999999999999933e-01
2.640000000000000558e-06,2.000000000000000111e-01
2.650000000000000462e-06,2.200000000000000011e-01
2.660000000000000367e-06,2.399999999999999911e-01
2.670000000000000271e-06,2.600000000000000089e-01
2.680000000000000175e-06,2.999999999999999889e-01
2.690000000000000079e-06,3.200000000000000067e-01
2.699999999999999984e-06,3.599999999999999867e-01
2.709999999999999888e-06,4.400000000000000022e-01
2.719999999999999792e-06,4.799999999999999822e-01
2.730000000000000544e-06,5.600000000000000533e-01
2.740000000000000448e-06,6.600000000000000311e-01
2.750000000000000352e-06,7.199999999999999734e-01
2.760000000000000256e-06,8.200000000000000622e-01
2.770000000000000161e-06,9.000000000000000222e-01
2.780000000000000065e-06,1.000000000000000000e+00
2.789999999999999969e-06,1.100000000000000089e+00
2.799999999999999873e-06,1.159999999999999920e+00
2.809999999999999778e-06,1.219999999999999973e+00
2.820000000000000529e-06,1.260000000000000009e+00
2.830000000000000433e-06,1.260000000000000009e+00
2.840000000000000337e-06,1.260000000000000009e+00
2.850000000000000242e-06,1.260000000000000009e+00
2.860000000000000146e-06,1.199999999999999956e+00
2.870000000000000050e-06,1.159999999999999920e+00
2.879999999999999954e-06,1.100000000000000089e+00
2.889999999999999859e-06,1.020000000000000018e+00
2.899999999999999763e-06,9.400000000000000577e-01
2.910000000000000514e-06,9.200000000000000400e-01
2.920000000000000418e-06,8.599999999999999867e-01
2.930000000000000323e-06,8.200000000000000622e-01
2.940000000000000227e-06,7.600000000000000089e-01
2.950000000000000131e-06,7.000000000000000666e-01
2.960000000000000035e-06,6.400000000000000133e-01
2.969999999999999940e-06,6.199999999999999956e-01
2.979999999999999844e-06,5.799999999999999600e-01
2.989999999999999748e-06,5.799999999999999600e-01
3.000000000000000500e-06,5.400000000000000355e-01
3.010000000000000404e-06,5.200000000000000178e-01
3.020000000000000308e-06,5.000000000000000000e-01
3.030000000000000212e-06,4.799999999999999822e-01
3.040000000000000117e-06,4.600000000000000200e-01
3.050000000000000021e-06,4.600000000000000200e-01
3.059999999999999925e-06,4.400000000000000022e-01
3.069999999999999829e-06,4.400000000000000022e-01
3.079999999999999734e-06,4.000000000000000222e-01
3.090000000000000485e-06,4.000000000000000222e-01
3.100000000000000389e-06,3.800000000000000044e-01
3.110000000000000293e-06,3.800000000000000044e-01
3.120000000000000198e-06,3.800000000000000044e-01
3.130000000000000102e-06,3.599999999999999867e-01
3.140000000000000006e-06,3.599999999999999867e-01
3.149999999999999910e-06,3.599999999999999867e-01
3.159999999999999815e-06,3.599999999999999867e-01
3.170000000000000566e-06,3.400000000000000244e-01
3.180000000000000470e-06,3.200000000000000067e-01
3.190000000000000374e-06,3.200000000000000067e-01
3.200000000000000279e-06,3.400000000000000244e-01
3.210000000000000183e-06,2.999999999999999889e-01
3.220000000000000087e-06,3.200000000000000067e-01
3.229999999999999991e-06,2.999999999999999889e-01
3.239999999999999896e-06,2.999999999999999889e-01
3.249999999999999800e-06,3.200000000000000067e-01
3.260000000000000551e-06,2.999999999999999889e-01
3.270000000000000456e-06,2.999999999999999889e-01
3.280000000000000360e-06,2.999999999999999889e-01
3.290000000000000264e-06,2.999999999999999889e-01
3.300000000000000168e-06,3.200000000000000067e-01
3.310000000000000073e-06,2.999999999999999889e-01
3.319999999999999977e-06,2.999999999999999889e-01
3.329999999999999881e-06,2.999999999999999889e-01
3.339999999999999785e-06,2.999999999999999889e-01
3.350000000000000537e-06,3.200000000000000067e-01
3.360000000000000441e-06,2.600000000000000089e-01
3.370000000000000345e-06,2.999999999999999889e-01
3.380000000000000249e-06,2.800000000000000266e-01
3.390000000000000154e-06,2.800000000000000266e-01
3.400000000000000058e-06,2.600000000000000089e-01
3.409999999999999962e-06,2.600000000000000089e-01
3.419999999999999866e-06,2.800000000000000266e-01
3.429999999999999771e-06,2.999999999999999889e-01
3.440000000000000522e-06,2.800000000000000266e-01
3.450000000000000426e-06,2.999999999999999889e-01
3.460000000000000330e-06,2.999999999999999889e-01
3.470000000000000235e-06,2.800000000000000266e-01
3.480000000000000139e-06,2.800000000000000266e-01
3.490000000000000043e-06,2.999999999999999889e-01
3.499999999999999947e-06,3.200000000000000067e-01
3.509999999999999852e-06,2.999999999999999889e-01
3.519999999999999756e-06,3.200000000000000067e-01
3.530000000000000507e-06,3.800000000000000044e-01
3.540000000000000412e-06,4.000000000000000222e-01
3.550000000000000316e-06,4.799999999999999822e-01
3.560000000000000220e-06,5.400000000000000355e-01
3.570000000000000124e-06,6.199999999999999956e-01
3.580000000000000029e-06,7.600000000000000089e-01
3.589999999999999933e-06,8.800000000000000044e-01
3.599999999999999837e-06,1.020000000000000018e+00
3.609999999999999741e-06,1.199999999999999956e+00
3.620000000000000493e-06,1.400000000000000133e+00
3.630000000000000397e-06,1.540000000000000036e+00
3.640000000000000301e-06,1.679999999999999938e+00
3.650000000000000205e-06,1.760000000000000009e+00
3.660000000000000110e-06,1.760000000000000009e+00
3.670000000000000014e-06,1.719999999999999973e+00
3.679999999999999918e-06,1.679999999999999938e+00
3.689999999999999822e-06,1.580000000000000071e+00
3.700000000000000574e-06,1.479999999999999982e+00
3.710000000000000478e-06,1.380000000000000115e+00
3.720000000000000382e-06,1.260000000000000009e+00
3.730000000000000286e-06,1.179999999999999938e+00
3.740000000000000191e-06,1.100000000000000089e+00
3.750000000000000095e-06,9.799999999999999822e-01
3.759999999999999999e-06,9.200000000000000400e-01
3.769999999999999904e-06,8.599999999999999867e-01
3.779999999999999808e-06,8.200000000000000622e-01
3.790000000000000559e-06,7.600000000000000089e-01
3.800000000000000463e-06,7.199999999999999734e-01
3.810000000000000368e-06,6.800000000000000488e-01
3.820000000000000695e-06,6.800000000000000488e-01
3.830000000000000600e-06,6.400000000000000133e-01
3.840000000000000504e-06,5.999999999999999778e-01
3.850000000000000408e-06,5.999999999999999778e-01
3.860000000000000312e-06,5.600000000000000533e-01
3.870000000000000217e-06,5.799999999999999600e-01
3.880000000000000121e-06,5.600000000000000533e-01
3.890000000000000025e-06,5.200000000000000178e-01
3.899999999999999929e-06,5.200000000000000178e-01
3.909999999999999834e-06,5.200000000000000178e-01
3.919999999999999738e-06,5.200000000000000178e-01
3.929999999999999642e-06,5.000000000000000000e-01
3.939999999999999546e-06,5.000000000000000000e-01
3.949999999999999451e-06,4.799999999999999822e-01
3.959999999999999355e-06,4.799999999999999822e-01
3.970000000000000953e-06,4.600000000000000200e-01
3.980000000000000858e-06,4.600000000000000200e-01
3.990000000000000762e-06,4.600000000000000200e-01
4.000000000000000666e-06,4.400000000000000022e-01
4.010000000000000570e-06,4.400000000000000022e-01
4.020000000000000475e-06,4.600000000000000200e-01
4.030000000000000379e-06,4.400000000000000022e-01
4.040000000000000283e-06,4.400000000000000022e-01
4.050000000000000187e-06,4.199999999999999845e-01
4.060000000000000092e-06,4.199999999999999845e-01
4.069999999999999996e-06,4.000000000000000222e-01
4.079999999999999900e-06,4.000000000000000222e-01
4.089999999999999804e-06,4.199999999999999845e-01
4.099999999999999709e-06,4.000000000000000222e-01
4.109999999999999613e-06,4.400000000000000022e-01
4.119999999999999517e-06,4.000000000000000222e-01
4.129999999999999421e-06,4.000000000000000222e-01
4.139999999999999326e-06,4.000000000000000222e-01
4.150000000000000924e-06,4.000000000000000222e-01
4.160000000000000828e-06,4.000000000000000222e-01
4.170000000000000732e-06,3.800000000000000044e-01
4.180000000000000637e-06,4.000000000000000222e-01
4.190000000000000541e-06,3.599999999999999867e-01
4.200000000000000445e-06,3.599999999999999867e-01
4.210000000000000349e-06,3.800000000000000044e-01
4.220000000000000254e-06,3.599999999999999867e-01
4.230000000000000158e-06,3.599999999999999867e-01
4.240000000000000062e-06,3.599999999999999867e-01
4.249999999999999966e-06,3.599999999999999867e-01
4.259999999999999871e-06,3.400000000000000244e-01
4.269999999999999775e-06,3.599999999999999867e-01
4.279999999999999679e-06,3.599999999999999867e-01
4.289999999999999584e-06,3.800000000000000044e-01
4.299999999999999488e-06,3.400000000000000244e-01
4.309999999999999392e-06,3.599999999999999867e-01
4.320000000000000990e-06,3.599999999999999867e-01
4.330000000000000895e-06,3.599999999999999867e-01
4.340000000000000799e-06,3.599999999999999867e-01
4.350000000000000703e-06,3.599999999999999867e-01
4.360000000000000607e-06,3.599999999999999867e-01
4.370000000000000512e-06,3.599999999999999867e-01
4.380000000000000416e-06,3.400000000000000244e-01
4.390000000000000320e-06,3.400000000000000244e-01
4.400000000000000224e-06,3.400000000000000244e-01
4.410000000000000129e-06,3.200000000000000067e-01
4.420000000000000033e-06,3.599999999999999867e-01
4.429999999999999937e-06,3.400000000000000244e-01
4.439999999999999841e-06,3.200000000000000067e-01
4.449999999999999746e-06,3.200000000000000067e-01
4.459999999999999650e-06,3.400000000000000244e-01
4.469999999999999554e-06,3.200000000000000067e-01
4.479999999999999458e-06,3.200000000000000067e-01
4.489999999999999363e-06,3.200000000000000067e-01
4.500000000000000961e-06,2.999999999999999889e-01
4.510000000000000865e-06,3.200000000000000067e-01
4.520000000000000770e-06,3.200000000000000067e-01
4.530000000000000674e-06,2.999999999999999889e-01
4.540000000000000578e-06,2.999999999999999889e-01
4.550000000000000482e-06,2.800000000000000266e-01
4.560000000000000387e-06,2.999999999999999889e-01
4.570000000000000291e-06,3.200000000000000067e-01
4.580000000000000195e-06,2.999999999999999889e-01
4.590000000000000099e-06,2.999999999999999889e-01
4.600000000000000004e-06,2.999999999999999889e-01
4.609999999999999908e-06,2.999999999999999889e-01
4.619999999999999812e-06,2.999999999999999889e-01
4.629999999999999716e-06,2.999999999999999889e-01
4.639999999999999621e-06,3.200000000000000067e-01
4.649999999999999525e-06,2.999999999999999889e-01
4.659999999999999429e-06,2.800000000000000266e-01
4.669999999999999333e-06,2.999999999999999889e-01
4.680000000000000932e-06,2.999999999999999889e-01
4.690000000000000836e-06,3.200000000000000067e-01
4.700000000000000740e-06,3.200000000000000067e-01
4.710000000000000644e-06,2.999999999999999889e-01
4.720000000000000549e-06,3.400000000000000244e-01
4.730000000000000453e-06,3.400000000000000244e-01
4.740000000000000357e-06,3.400000000000000244e-01
4.750000000000000262e-06,3.800000000000000044e-01
4.760000000000000166e-06,3.800000000000000044e-01
4.770000000000000070e-06,4.199999999999999845e-01
4.779999999999999974e-06,4.600000000000000200e-01
4.789999999999999879e-06,5.200000000000000178e-01
4.799999999999999783e-06,5.799999999999999600e-01
4.809999999999999687e-06,6.600000000000000311e-01
4.819999999999999591e-06,7.600000000000000089e-01
4.829999999999999496e-06,8.599999999999999867e-01
4.839999999999999400e-06,1.000000000000000000e+00
4.850000000000000998e-06,1.159999999999999920e+00
4.860000000000000902e-06,1.320000000000000062e+00
4.870000000000000807e-06,1.479999999999999982e+00
4.880000000000000711e-06,1.580000000000000071e+00
4.890000000000000615e-06,1.679999999999999938e+00
4.900000000000000519e-06,1.760000000000000009e+00
4.910000000000000424e-06,1.800000000000000044e+00
4.920000000000000328e-06,1.760000000000000009e+00
4.930000000000000232e-06,1.780000000000000027e+00
4.940000000000000136e-06,1.679999999999999938e+00
4.950000000000000041e-06,1.620000000000000107e+00
4.959999999999999945e-06,1.540000000000000036e+00
4.969999999999999849e-06,1.439999999999999947e+00
4.979999999999999753e-06,1.320000000000000062e+00
4.989999999999999658e-06,1.239999999999999991e+00
4.999999999999999562e-06,1.179999999999999938e+00
5.009999999999999466e-06,1.120000000000000107e+00
5.019999999999999370e-06,1.020000000000000018e+00
5.030000000000000969e-06,9.599999999999999645e-01
5.040000000000000873e-06,9.200000000000000400e-01
5.050000000000000777e-06,8.599999999999999867e-01
5.060000000000000682e-06,8.399999999999999689e-01
5.070000000000000586e-06,8.200000000000000622e-01
5.080000000000000490e-06,7.600000000000000089e-01
5.090000000000000394e-06,7.600000000000000089e-01
5.100000000000000299e-06,7.199999999999999734e-01
5.110000000000000203e-06,6.800000000000000488e-01
5.120000000000000107e-06,6.800000000000000488e-01
5.130000000000000011e-06,6.800000000000000488e-01
5.139999999999999916e-06,6.600000000000000311e-01
5.149999999999999820e-06,6.199999999999999956e-01
5.159999999999999724e-06,6.199999999999999956e-01
5.169999999999999628e-06,5.999999999999999778e-01
5.179999999999999533e-06,5.799999999999999600e-01
5.189999999999999437e-06,5.400000000000000355e-01
5.199999999999999341e-06,5.799999999999999600e-01
5.210000000000000939e-06,5.600000000000000533e-01
5.220000000000000844e-06,5.600000000000000533e-01
5.230000000000000748e-06,5.400000000000000355e-01
5.240000000000000652e-06,5.400000000000000355e-01
5.250000000000000557e-06,5.400000000000000355e-01
5.260000000000000461e-06,5.200000000000000178e-01
5.270000000000000365e-06,5.200000000000000178e-01
5.280000000000000269e-06,5.000000000000000000e-01
5.290000000000000174e-06,5.200000000000000178e-01
5.300000000000000078e-06,5.200000000000000178e-01
5.309999999999999982e-06,5.000000000000000000e-01
5.319999999999999886e-06,5.200000000000000178e-01
5.329999999999999791e-06,5.000000000000000000e-01
5.339999999999999695e-06,4.600000000000000200e-01
5.349999999999999599e-06,5.000000000000000000e-01
5.359999999999999503e-06,4.600000000000000200e-01
5.369999999999999408e-06,4.799999999999999822e-01
5.380000000000001006e-06,4.600000000000000200e-01
5.390000000000000910e-06,4.600000000000000200e-01
5.400000000000000814e-06,4.600000000000000200e-01
5.410000000000000719e-06,4.600000000000000200e-01
5.420000000000000623e-06,4.600000000000000200e-01
5.430000000000000527e-06,4.400000000000000022e-01
5.440000000000000431e-06,4.400000000000000022e-01
5.450000000000000336e-06,4.799999999999999822e-01
5.460000000000000240e-06,4.600000000000000200e-01
5.470000000000000144e-06,4.600000000000000200e-01
5.480000000000000048e-06,4.199999999999999845e-01
5.489999999999999953e-06,4.199999999999999845e-01
5.499999999999999857e-06,4.199999999999999845e-01
5.509999999999999761e-06,4.400000000000000022e-01
5.519999999999999666e-06,4.199999999999999845e-01
5.529999999999999570e-06,4.400000000000000022e-01
5.539999999999999474e-06,4.000000000000000222e-01
5.549999999999999378e-06,4.199999999999999845e-01
5.560000000000000977e-06,4.400000000000000022e-01
5.570000000000000881e-06,4.000000000000000222e-01
5.580000000000000785e-06,4.000000000000000222e-01
5.590000000000000689e-06,4.199999999999999845e-01
5.600000000000000594e-06,3.800000000000000044e-01
5.610000000000000498e-06,4.000000000000000222e-01
5.620000000000000402e-06,4.000000000000000222e-01
5.630000000000000306e-06,4.000000000000000222e-01
5.640000000000000211e-06,4.400000000000000022e-01
5.650000000000000115e-06,4.199999999999999845e-01
5.660000000000000019e-06,4.000000000000000222e-01
5.669999999999999923e-06,4.000000000000000222e-01
5.679999999999999828e-06,3.800000000000000044e-01
5.689999999999999732e-06,3.800000000000000044e-01
5.699999999999999636e-06,4.000000000000000222e-01
5.709999999999999540e-06,4.000000000000000222e-01
5.719999999999999445e-06,3.800000000000000044e-01
5.730000000000001043e-06,3.800000000000000044e-01
5.740000000000000947e-06,4.000000000000000222e-01
5.750000000000000852e-06,3.800000000000000044e-01
5.760000000000000756e-06,3.400000000000000244e-01
5.770000000000000660e-06,3.800000000000000044e-01
5.780000000000000564e-06,3.800000000000000044e-01
5.790000000000000469e-06,3.800000000000000044e-01
5.800000000000000373e-06,3.800000000000000044e-01
5.810000000000000277e-06,3.800000000000000044e-01
5.820000000000000181e-06,3.599999999999999867e-01
5.830000000000000086e-06,3.599999999999999867e-01
5.839999999999999990e-06,4.000000000000000222e-01
5.849999999999999894e-06,3.599999999999999867e-01
5.859999999999999798e-06,3.800000000000000044e-01
5.869999999999999703e-06,3.599999999999999867e-01
5.879999999999999607e-06,3.599999999999999867e-01
5.889999999999999511e-06,3.800000000000000044e-01
5.899999999999999415e-06,3.800000000000000044e-01
5.910000000000001014e-06,3.800000000000000044e-01
5.920000000000000918e-06,3.800000000000000044e-01
5.930000000000000822e-06,3.599999999999999867e-01
5.940000000000000726e-06,3.800000000000000044e-01
5.950000000000000631e-06,3.800000000000000044e-01
5.960000000000000535e-06,3.800000000000000044e-01
5.970000000000000439e-06,3.599999999999999867e-01
5.980000000000000343e-06,3.599999999999999867e-01
5.990000000000000248e-06,3.800000000000000044e-01
6.000000000000000152e-06,3.800000000000000044e-01
6.010000000000000056e-06,3.800000000000000044e-01
6.019999999999999961e-06,3.800000000000000044e-01
6.029999999999999865e-06,4.000000000000000222e-01
6.039999999999999769e-06,4.000000000000000222e-01
6.049999999999999673e-06,4.199999999999999845e-01
6.059999999999999578e-06,4.600000000000000200e-01
6.069999999999999482e-06,4.400000000000000022e-01
6.079999999999999386e-06,5.000000000000000000e-01
6.090000000000000984e-06,5.200000000000000178e-01
6.100000000000000889e-06,5.600000000000000533e-01
6.110000000000000793e-06,6.199999999999999956e-01
6.120000000000000697e-06,6.800000000000000488e-01
6.130000000000000601e-06,7.399999999999999911e-01
6.140000000000000506e-06,8.200000000000000622e-01
6.150000000000000410e-06,9.200000000000000400e-01
6.160000000000000314e-06,1.020000000000000018e+00
6.170000000000000218e-06,1.120000000000000107e+00
6.180000000000000123e-06,1.260000000000000009e+00
6.190000000000000027e-06,1.380000000000000115e+00
6.199999999999999931e-06,1.500000000000000000e+00
6.209999999999999835e-06,1.600000000000000089e+00
6.219999999999999740e-06,1.679999999999999938e+00
6.229999999999999644e-06,1.760000000000000009e+00
6.239999999999999548e-06,1.760000000000000009e+00
6.249999999999999452e-06,1.780000000000000027e+00
6.260000000000001051e-06,1.780000000000000027e+00
6.270000000000000955e-06,1.739999999999999991e+00
6.280000000000000859e-06,1.679999999999999938e+00
6.290000000000000764e-06,1.620000000000000107e+00
6.300000000000000668e-06,1.540000000000000036e+00
6.310000000000000572e-06,1.500000000000000000e+00
6.320000000000000476e-06,1.419999999999999929e+00
6.330000000000000381e-06,1.360000000000000098e+00
6.340000000000000285e-06,1.280000000000000027e+00
6.350000000000000189e-06,1.219999999999999973e+00
6.360000000000000093e-06,1.159999999999999920e+00
6.369999999999999998e-06,1.120000000000000107e+00
6.379999999999999902e-06,1.080000000000000071e+00
6.389999999999999806e-06,1.040000000000000036e+00
6.399999999999999710e-06,1.020000000000000018e+00
6.409999999999999615e-06,9.799999999999999822e-01
6.419999999999999519e-06,9.599999999999999645e-01
6.429999999999999423e-06,9.200000000000000400e-01
6.439999999999999327e-06,9.000000000000000222e-01
6.449999999999999232e-06,8.800000000000000044e-01
6.459999999999999136e-06,8.599999999999999867e-01
6.469999999999999040e-06,8.200000000000000622e-01
6.480000000000000639e-06,8.000000000000000444e-01
6.490000000000000543e-06,8.200000000000000622e-01
6.500000000000000447e-06,7.800000000000000266e-01
6.510000000000000351e-06,7.800000000000000266e-01
6.520000000000000256e-06,7.600000000000000089e-01
6.530000000000000160e-06,7.600000000000000089e-01
6.540000000000000064e-06,7.399999999999999911e-01
6.549999999999999968e-06,7.600000000000000089e-01
6.559999999999999873e-06,7.600000000000000089e-01
6.569999999999999777e-06,7.399999999999999911e-01
6.579999999999999681e-06,7.199999999999999734e-01
6.589999999999999585e-06,7.199999999999999734e-01
6.599999999999999490e-06,7.000000000000000666e-01
6.609999999999999394e-06,7.399999999999999911e-01
6.619999999999999298e-06,7.000000000000000666e-01
6.629999999999999202e-06,7.000000000000000666e-01
6.639999999999999107e-06,7.000000000000000666e-01
6.649999999999999011e-06,7.199999999999999734e-01
6.660000000000000609e-06,7.199999999999999734e-01
6.670000000000000513e-06,6.800000000000000488e-01
6.680000000000000418e-06,7.000000000000000666e-01
6.690000000000000322e-06,7.000000000000000666e-01
6.700000000000000226e-06,6.800000000000000488e-01
6.710000000000000130e-06,6.800000000000000488e-01
6.720000000000000035e-06,7.000000000000000666e-01
6.729999999999999939e-06,6.800000000000000488e-01
6.739999999999999843e-06,6.800000000000000488e-01
6.749999999999999747e-06,6.800000000000000488e-01
6.759999999999999652e-06,6.800000000000000488e-01
6.769999999999999556e-06,6.800000000000000488e-01
6.779999999999999460e-06,6.800000000000000488e-01
6.789999999999999365e-06,7.000000000000000666e-01
6.799999999999999269e-06,7.000000000000000666e-01
6.809999999999999173e-06,6.600000000000000311e-01
6.819999999999999077e-06,7.000000000000000666e-01
6.829999999999998982e-06,7.000000000000000666e-01
6.840000000000000580e-06,7.000000000000000666e-01
6.850000000000000484e-06,7.000000000000000666e-01
6.860000000000000388e-06,7.000000000000000666e-01
6.870000000000000293e-06,7.399999999999999911e-01
6.880000000000000197e-06,7.199999999999999734e-01
6.890000000000000101e-06,7.399999999999999911e-01
6.900000000000000005e-06,7.199999999999999734e-01
6.909999999999999910e-06,7.399999999999999911e-01
6.919999999999999814e-06,7.399999999999999911e-01
6.929999999999999718e-06,7.600000000000000089e-01
6.939999999999999622e-06,7.399999999999999911e-01
6.949999999999999527e-06,7.600000000000000089e-01
6.959999999999999431e-06,7.600000000000000089e-01
6.969999999999999335e-06,7.800000000000000266e-01
6.979999999999999239e-06,7.800000000000000266e-01
6.989999999999999144e-06,7.800000000000000266e-01
6.999999999999999048e-06,8.000000000000000444e-01
7.010000000000000646e-06,8.200000000000000622e-01
7.020000000000000551e-06,8.000000000000000444e-01
7.030000000000000455e-06,8.000000000000000444e-01
7.040000000000000359e-06,8.200000000000000622e-01
7.050000000000000263e-06,8.399999999999999689e-01
7.060000000000000168e-06,8.200000000000000622e-01
7.070000000000000072e-06,8.399999999999999689e-01
7.079999999999999976e-06,8.399999999999999689e-01
7.089999999999999880e-06,8.399999999999999689e-01
7.099999999999999785e-06,8.599999999999999867e-01
7.109999999999999689e-06,8.399999999999999689e-01
7.119999999999999593e-06,8.599999999999999867e-01
7.129999999999999497e-06,8.599999999999999867e-01
7.139999999999999402e-06,8.599999999999999867e-01
7.149999999999999306e-06,8.800000000000000044e-01
7.159999999999999210e-06,8.800000000000000044e-01
7.169999999999999114e-06,8.399999999999999689e-01
7.179999999999999019e-06,8.800000000000000044e-01
7.190000000000000617e-06,8.800000000000000044e-01
7.200000000000000521e-06,8.599999999999999867e-01
7.210000000000000425e-06,8.800000000000000044e-01
7.220000000000000330e-06,8.599999999999999867e-01
7.230000000000000234e-06,8.599999999999999867e-01
7.240000000000000138e-06,8.599999999999999867e-01
7.250000000000000043e-06,8.599999999999999867e-01
7.259999999999999947e-06,8.399999999999999689e-01
7.269999999999999851e-06,8.599999999999999867e-01
7.279999999999999755e-06,8.399999999999999689e-01
7.289999999999999660e-06,8.399999999999999689e-01
7.299999999999999564e-06,8.200000000000000622e-01
7.309999999999999468e-06,8.200000000000000622e-01
7.319999999999999372e-06,8.399999999999999689e-01
7.329999999999999277e-06,8.200000000000000622e-01
7.339999999999999181e-06,8.200000000000000622e-01
7.349999999999999085e-06,8.200000000000000622e-01
7.359999999999998989e-06,8.200000000000000622e-01
7.370000000000000588e-06,8.000000000000000444e-01
7.380000000000000492e-06,7.600000000000000089e-01
7.390000000000000396e-06,7.800000000000000266e-01
7.400000000000000300e-06,7.800000000000000266e-01
7.410000000000000205e-06,7.600000000000000089e-01
7.420000000000000109e-06,7.600000000000000089e-01
7.430000000000000013e-06,7.600000000000000089e-01
7.439999999999999917e-06,7.600000000000000089e-01
7.449999999999999822e-06,7.399999999999999911e-01
7.459999999999999726e-06,7.399999999999999911e-01
7.469999999999999630e-06,7.399999999999999911e-01
7.479999999999999534e-06,7.199999999999999734e-01
7.489999999999999439e-06,7.199999999999999734e-01
7.499999999999999343e-06,7.199999999999999734e-01
7.509999999999999247e-06,7.199999999999999734e-01
7.519999999999999151e-06,6.800000000000000488e-01
7.529999999999999056e-06,7.000000000000000666e-01
7.540000000000000654e-06,7.000000000000000666e-01
7.550000000000000558e-06,7.000000000000000666e-01
7.560000000000000463e-06,6.800000000000000488e-01
7.570000000000000367e-06,6.800000000000000488e-01
7.580000000000000271e-06,6.600000000000000311e-01
7.590000000000000175e-06,6.800000000000000488e-01
7.600000000000000080e-06,6.800000000000000488e-01
7.609999999999999984e-06,6.600000000000000311e-01
7.619999999999999888e-06,6.600000000000000311e-01
7.629999999999999792e-06,6.600000000000000311e-01
7.639999999999999697e-06,6.600000000000000311e-01
7.649999999999999601e-06,6.400000000000000133e-01
7.659999999999999505e-06,6.400000000000000133e-01
7.669999999999999409e-06,6.400000000000000133e-01
7.679999999999999314e-06,6.400000000000000133e-01
7.689999999999999218e-06,6.600000000000000311e-01
7.699999999999999122e-06,6.600000000000000311e-01
7.709999999999999026e-06,6.400000000000000133e-01
7.720000000000000625e-06,6.400000000000000133e-01
7.730000000000000529e-06,6.400000000000000133e-01
7.740000000000000433e-06,6.400000000000000133e-01
7.750000000000000338e-06,6.199999999999999956e-01
7.760000000000000242e-06,6.199999999999999956e-01
7.770000000000000146e-06,6.199999999999999956e-01
7.780000000000000050e-06,6.199999999999999956e-01
7.789999999999999955e-06,6.199999999999999956e-01
7.799999999999999859e-06,6.199999999999999956e-01
7.809999999999999763e-06,6.199999999999999956e-01
7.819999999999999667e-06,6.199999999999999956e-01
7.829999999999999572e-06,6.199999999999999956e-01
7.839999999999999476e-06,6.199999999999999956e-01
7.849999999999999380e-06,5.999999999999999778e-01
7.859999999999999284e-06,5.999999999999999778e-01
7.869999999999999189e-06,5.999999999999999778e-01
7.879999999999999093e-06,6.199999999999999956e-01
7.889999999999998997e-06,6.199999999999999956e-01
7.900000000000000595e-06,6.199999999999999956e-01
7.910000000000000500e-06,5.799999999999999600e-01
7.920000000000000404e-06,5.999999999999999778e-01
7.930000000000000308e-06,5.799999999999999600e-01
7.940000000000000212e-06,5.999999999999999778e-01
7.950000000000000117e-06,5.999999999999999778e-01
7.960000000000000021e-06,5.999999999999999778e-01
7.969999999999999925e-06,5.999999999999999778e-01
7.979999999999999829e-06,5.999999999999999778e-01
7.989999999999999734e-06,6.199999999999999956e-01
7.999999999999999638e-06,5.999999999999999778e-01
8.009999999999999542e-06,5.999999999999999778e-01
8.019999999999999446e-06,5.999999999999999778e-01
8.029999999999999351e-06,5.999999999999999778e-01
8.039999999999999255e-06,6.199999999999999956e-01
8.049999999999999159e-06,5.999999999999999778e-01
8.059999999999999064e-06,5.999999999999999778e-01
8.070000000000000662e-06,6.199999999999999956e-01
8.080000000000000566e-06,6.400000000000000133e-01
8.090000000000000470e-06,6.199999999999999956e-01
8.100000000000000375e-06,6.600000000000000311e-01
8.110000000000000279e-06,6.400000000000000133e-01
8.120000000000000183e-06,6.400000000000000133e-01
8.130000000000000087e-06,6.400000000000000133e-01
8.139999999999999992e-06,6.600000000000000311e-01
8.149999999999999896e-06,6.400000000000000133e-01
8.159999999999999800e-06,6.400000000000000133e-01
8.169999999999999704e-06,6.600000000000000311e-01
8.179999999999999609e-06,6.600000000000000311e-01
8.189999999999999513e-06,6.800000000000000488e-01
8.199999999999999417e-06,6.800000000000000488e-01
8.209999999999999321e-06,6.800000000000000488e-01
8.219999999999999226e-06,6.600000000000000311e-01
8.229999999999999130e-06,6.800000000000000488e-01
8.239999999999999034e-06,7.000000000000000666e-01
8.250000000000000633e-06,6.800000000000000488e-01
8.260000000000000537e-06,6.800000000000000488e-01
8.270000000000000441e-06,7.000000000000000666e-01
8.280000000000000345e-06,7.000000000000000666e-01
8.290000000000000250e-06,7.000000000000000666e-01
8.300000000000000154e-06,7.399999999999999911e-01
8.310000000000000058e-06,7.199999999999999734e-01
8.319999999999999962e-06,7.399999999999999911e-01
8.329999999999999867e-06,7.399999999999999911e-01
8.339999999999999771e-06,7.399999999999999911e-01
8.349999999999999675e-06,7.600000000000000089e-01
8.359999999999999579e-06,7.600000000000000089e-01
8.369999999999999484e-06,7.399999999999999911e-01
8.379999999999999388e-06,8.000000000000000444e-01
8.389999999999999292e-06,8.000000000000000444e-01
8.399999999999999196e-06,7.800000000000000266e-01
8.409999999999999101e-06,7.800000000000000266e-01
8.419999999999999005e-06,8.000000000000000444e-01
8.430000000000000603e-06,7.800000000000000266e-01
8.440000000000000507e-06,8.000000000000000444e-01
8.450000000000000412e-06,7.800000000000000266e-01
8.460000000000000316e-06,8.200000000000000622e-01
8.470000000000000220e-06,8.000000000000000444e-01
8.480000000000000124e-06,7.800000000000000266e-01
8.490000000000000029e-06,8.000000000000000444e-01
8.499999999999999933e-06,8.200000000000000622e-01
8.509999999999999837e-06,8.200000000000000622e-01
8.519999999999999742e-06,8.200000000000000622e-01
8.529999999999999646e-06,8.399999999999999689e-01
8.539999999999999550e-06,8.000000000000000444e-01
8.549999999999999454e-06,8.399999999999999689e-01
8.559999999999999359e-06,8.800000000000000044e-01
8.569999999999999263e-06,8.599999999999999867e-01
8.579999999999999167e-06,8.599999999999999867e-01
8.589999999999999071e-06,8.800000000000000044e-01
8.600000000000000670e-06,9.000000000000000222e-01
8.610000000000000574e-06,9.200000000000000400e-01
8.620000000000000478e-06,9.400000000000000577e-01
8.630000000000000382e-06,9.599999999999999645e-01
8.640000000000000287e-06,1.000000000000000000e+00
8.650000000000000191e-06,1.080000000000000071e+00
8.660000000000000095e-06,1.100000000000000089e+00
8.669999999999999999e-06,1.199999999999999956e+00
8.679999999999999904e-06,1.260000000000000009e+00
8.689999999999999808e-06,1.340000000000000080e+00
8.699999999999999712e-06,1.459999999999999964e+00
8.709999999999999616e-06,1.560000000000000053e+00
8.719999999999999521e-06,1.679999999999999938e+00
8.729999999999999425e-06,1.760000000000000009e+00
8.739999999999999329e-06,1.880000000000000115e+00
8.749999999999999233e-06,1.979999999999999982e+00
8.759999999999999138e-06,2.060000000000000053e+00
8.769999999999999042e-06,2.100000000000000089e+00
8.780000000000000640e-06,2.120000000000000107e+00
8.790000000000000545e-06,2.160000000000000142e+00
8.800000000000000449e-06,2.160000000000000142e+00
8.810000000000000353e-06,2.100000000000000089e+00
8.820000000000000257e-06,2.080000000000000071e+00
8.830000000000000162e-06,2.000000000000000000e+00
8.840000000000000066e-06,1.939999999999999947e+00
8.849999999999999970e-06,1.900000000000000133e+00
8.859999999999999874e-06,1.800000000000000044e+00
8.869999999999999779e-06,1.760000000000000009e+00
8.879999999999999683e-06,1.679999999999999938e+00
8.889999999999999587e-06,1.620000000000000107e+00
8.899999999999999491e-06,1.560000000000000053e+00
8.909999999999999396e-06,1.479999999999999982e+00
8.919999999999999300e-06,1.439999999999999947e+00
8.929999999999999204e-06,1.380000000000000115e+00
8.939999999999999108e-06,1.320000000000000062e+00
8.949999999999999013e-06,1.300000000000000044e+00
8.960000000000000611e-06,1.280000000000000027e+00
8.970000000000000515e-06,1.239999999999999991e+00
8.980000000000000419e-06,1.199999999999999956e+00
8.990000000000000324e-06,1.159999999999999920e+00
9.000000000000000228e-06,1.140000000000000124e+00
9.010000000000000132e-06,1.080000000000000071e+00
9.020000000000000037e-06,1.080000000000000071e+00
9.029999999999999941e-06,1.060000000000000053e+00
9.039999999999999845e-06,1.040000000000000036e+00
9.049999999999999749e-06,1.020000000000000018e+00
9.059999999999999654e-06,1.000000000000000000e+00
9.069999999999999558e-06,9.799999999999999822e-01
9.079999999999999462e-06,9.599999999999999645e-01
9.089999999999999366e-06,9.599999999999999645e-01
9.099999999999999271e-06,9.400000000000000577e-01
9.109999999999999175e-06,9.200000000000000400e-01
9.119999999999999079e-06,9.200000000000000400e-01
9.130000000000000677e-06,9.200000000000000400e-01
9.140000000000000582e-06,8.800000000000000044e-01
9.150000000000000486e-06,8.800000000000000044e-01
9.160000000000000390e-06,9.000000000000000222e-01
9.170000000000000294e-06,8.399999999999999689e-01
9.180000000000000199e-06,8.599999999999999867e-01
9.190000000000000103e-06,8.399999999999999689e-01
9.200000000000000007e-06,8.399999999999999689e-01
9.209999999999999911e-06,8.399999999999999689e-01
9.219999999999999816e-06,8.200000000000000622e-01
9.229999999999999720e-06,8.399999999999999689e-01
9.239999999999999624e-06,8.200000000000000622e-01
9.249999999999999528e-06,8.000000000000000444e-01
9.259999999999999433e-06,8.200000000000000622e-01
9.269999999999999337e-06,8.200000000000000622e-01
9.279999999999999241e-06,8.000000000000000444e-01
9.289999999999999146e-06,8.200000000000000622e-01
9.299999999999999050e-06,8.000000000000000444e-01
9.310000000000000648e-06,7.800000000000000266e-01
9.320000000000000552e-06,7.800000000000000266e-01
9.330000000000000457e-06,7.800000000000000266e-01
9.340000000000000361e-06,7.600000000000000089e-01
9.350000000000000265e-06,7.600000000000000089e-01
9.360000000000000169e-06,7.399999999999999911e-01
9.370000000000000074e-06,7.800000000000000266e-01
9.379999999999999978e-06,7.800000000000000266e-01
9.389999999999999882e-06,7.399999999999999911e-01
9.399999999999999786e-06,7.199999999999999734e-01
9.409999999999999691e-06,7.600000000000000089e-01
9.419999999999999595e-06,7.199999999999999734e-01
9.429999999999999499e-06,7.399999999999999911e-01
9.439999999999999403e-06,7.000000000000000666e-01
9.449999999999999308e-06,7.399999999999999911e-01
9.459999999999999212e-06,7.199999999999999734e-01
9.469999999999999116e-06,7.399999999999999911e-01
9.479999999999999020e-06,7.199999999999999734e-01
9.490000000000000619e-06,7.000000000000000666e-01
9.500000000000000523e-06,6.800000000000000488e-01
9.510000000000000427e-06,7.399999999999999911e-01
9.520000000000000332e-06,7.000000000000000666e-01
9.530000000000000236e-06,6.800000000000000488e-01
9.540000000000000140e-06,7.199999999999999734e-01
9.550000000000000044e-06,6.800000000000000488e-01
9.559999999999999949e-06,7.000000000000000666e-01
9.569999999999999853e-06,7.000000000000000666e-01
9.579999999999999757e-06,6.600000000000000311e-01
9.589999999999999661e-06,6.800000000000000488e-01
9.599999999999999566e-06,6.600000000000000311e-01
9.609999999999999470e-06,6.800000000000000488e-01
9.619999999999999374e-06,6.600000000000000311e-01
9.629999999999999278e-06,6.800000000000000488e-01
9.639999999999999183e-06,6.800000000000000488e-01
9.649999999999999087e-06,6.400000000000000133e-01
9.660000000000000685e-06,6.600000000000000311e-01
9.670000000000000589e-06,6.600000000000000311e-01
9.680000000000000494e-06,6.400000000000000133e-01
9.690000000000000398e-06,6.400000000000000133e-01
9.700000000000000302e-06,6.400000000000000133e-01
9.710000000000000206e-06,6.400000000000000133e-01
9.720000000000000111e-06,6.400000000000000133e-01
9.730000000000000015e-06,6.600000000000000311e-01
9.739999999999999919e-06,6.600000000000000311e-01
9.749999999999999823e-06,6.400000000000000133e-01
9.759999999999999728e-06,6.199999999999999956e-01
9.769999999999999632e-06,6.400000000000000133e-01
9.779999999999999536e-06,6.400000000000000133e-01
9.789999999999999441e-06,6.600000000000000311e-01
9.799999999999999345e-06,6.400000000000000133e-01
9.809999999999999249e-06,6.199999999999999956e-01
9.819999999999999153e-06,6.199999999999999956e-01
9.829999999999999058e-06,5.999999999999999778e-01
9.840000000000000656e-06,5.999999999999999778e-01
9.850000000000000560e-06,6.199999999999999956e-01
9.860000000000000464e-06,6.400000000000000133e-01
9.870000000000000369e-06,6.400000000000000133e-01
9.880000000000000273e-06,6.199999999999999956e-01
9.890000000000000177e-06,6.199999999999999956e-01
9.900000000000000081e-06,5.999999999999999778e-01
9.909999999999999986e-06,6.199999999999999956e-01
9.919999999999999890e-06,6.199999999999999956e-01
9.929999999999999794e-06,6.199999999999999956e-01
9.939999999999999698e-06,5.799999999999999600e-01
9.949999999999999603e-06,6.199999999999999956e-01
9.959999999999999507e-06,6.199999999999999956e-01
9.969999999999999411e-06,5.999999999999999778e-01
9.979999999999999315e-06,5.999999999999999778e-01
9.989999999999999220e-06,5.799999999999999600e-01
9.999999999999999124e-06,5.799999999999999600e-01
1.000999999999999903e-05,5.600000000000000533e-01
1.002000000000000063e-05,5.999999999999999778e-01
1.003000000000000053e-05,5.799999999999999600e-01
1.004000000000000044e-05,5.799999999999999600e-01
1.005000000000000034e-05,5.600000000000000533e-01
1.006000000000000024e-05,5.799999999999999600e-01
1.007000000000000015e-05,5.799999999999999600e-01
1.008000000000000005e-05,5.999999999999999778e-01
1.008999999999999996e-05,5.799999999999999600e-01
1.009999999999999986e-05,5.999999999999999778e-01
1.010999999999999976e-05,5.600000000000000533e-01
1.011999999999999967e-05,5.799999999999999600e-01
1.012999999999999957e-05,5.799999999999999600e-01
1.013999999999999948e-05,5.799999999999999600e-01
1.014999999999999938e-05,5.600000000000000533e-01
1.015999999999999929e-05,5.600000000000000533e-01
1.016999999999999919e-05,5.600000000000000533e-01
1.017999999999999909e-05,5.600000000000000533e-01
1.019000000000000069e-05,5.600000000000000533e-01
1.020000000000000060e-05,5.799999999999999600e-01
1.021000000000000050e-05,5.600000000000000533e-01
1.022000000000000041e-05,5.600000000000000533e-01
1.023000000000000031e-05,5.600000000000000533e-01
1.024000000000000021e-05,5.400000000000000355e-01
1.025000000000000012e-05,5.600000000000000533e-01
1.026000000000000002e-05,5.400000000000000355e-01
1.026999999999999993e-05,5.400000000000000355e-01
1.027999999999999983e-05,5.799999999999999600e-01
1.028999999999999974e-05,5.400000000000000355e-01
1.029999999999999964e-05,5.600000000000000533e-01
1.030999999999999954e-05,5.400000000000000355e-01
1.031999999999999945e-05,5.400000000000000355e-01
1.032999999999999935e-05,5.200000000000000178e-01
1.033999999999999926e-05,5.600000000000000533e-01
1.034999999999999916e-05,5.600000000000000533e-01
1.035999999999999907e-05,5.400000000000000355e-01
1.037000000000000066e-05,5.600000000000000533e-01
1.038000000000000057e-05,5.600000000000000533e-01
1.039000000000000047e-05,5.200000000000000178e-01
1.040000000000000038e-05,5.400000000000000355e-01
1.041000000000000028e-05,5.400000000000000355e-01
1.042000000000000018e-05,5.400000000000000355e-01
1.043000000000000009e-05,5.000000000000000000e-01
1.043999999999999999e-05,5.400000000000000355e-01
1.044999999999999990e-05,5.200000000000000178e-01
1.045999999999999980e-05,5.200000000000000178e-01
1.046999999999999971e-05,5.200000000000000178e-01
1.047999999999999961e-05,5.400000000000000355e-01
1.048999999999999951e-05,5.200000000000000178e-01
1.049999999999999942e-05,5.400000000000000355e-01
1.050999999999999932e-05,5.400000000000000355e-01
1.051999999999999923e-05,5.000000000000000000e-01
1.052999999999999913e-05,5.200000000000000178e-01
1.053999999999999904e-05,5.400000000000000355e-01
1.055000000000000063e-05,5.200000000000000178e-01
1.056000000000000054e-05,5.200000000000000178e-01
1.057000000000000044e-05,5.200000000000000178e-01
1.058000000000000035e-05,5.400000000000000355e-01
1.059000000000000025e-05,5.600000000000000533e-01
1.060000000000000016e-05,5.400000000000000355e-01
1.061000000000000006e-05,5.200000000000000178e-01
1.061999999999999996e-05,5.799999999999999600e-01
1.062999999999999987e-05,5.400000000000000355e-01
1.063999999999999977e-05,5.400000000000000355e-01
1.064999999999999968e-05,5.600000000000000533e-01
1.065999999999999958e-05,5.799999999999999600e-01
1.066999999999999949e-05,5.600000000000000533e-01
1.067999999999999939e-05,5.799999999999999600e-01
1.068999999999999929e-05,5.999999999999999778e-01
1.069999999999999920e-05,6.199999999999999956e-01
1.070999999999999910e-05,5.999999999999999778e-01
1.072000000000000070e-05,6.400000000000000133e-01
1.073000000000000061e-05,6.400000000000000133e-01
1.074000000000000051e-05,6.800000000000000488e-01
1.075000000000000041e-05,7.000000000000000666e-01
1.076000000000000032e-05,7.399999999999999911e-01
1.077000000000000022e-05,8.000000000000000444e-01
1.078000000000000013e-05,8.000000000000000444e-01
1.079000000000000003e-05,8.800000000000000044e-01
1.079999999999999993e-05,9.400000000000000577e-01
1.080999999999999984e-05,1.040000000000000036e+00
1.081999999999999974e-05,1.080000000000000071e+00
1.082999999999999965e-05,1.179999999999999938e+00
1.083999999999999955e-05,1.300000000000000044e+00
1.084999999999999946e-05,1.400000000000000133e+00
1.085999999999999936e-05,1.459999999999999964e+00
1.086999999999999926e-05,1.560000000000000053e+00
1.087999999999999917e-05,1.660000000000000142e+00
1.088999999999999907e-05,1.719999999999999973e+00
1.090000000000000067e-05,1.820000000000000062e+00
1.091000000000000058e-05,1.880000000000000115e+00
1.092000000000000048e-05,1.939999999999999947e+00
1.093000000000000038e-05,1.959999999999999964e+00
1.094000000000000029e-05,1.979999999999999982e+00
1.095000000000000019e-05,1.979999999999999982e+00
1.096000000000000010e-05,2.000000000000000000e+00
1.097000000000000000e-05,2.000000000000000000e+00
1.097999999999999991e-05,1.919999999999999929e+00
1.098999999999999981e-05,1.860000000000000098e+00
1.099999999999999971e-05,1.840000000000000080e+00
1.100999999999999962e-05,1.800000000000000044e+00
1.101999999999999952e-05,1.760000000000000009e+00
1.102999999999999943e-05,1.679999999999999938e+00
1.103999999999999933e-05,1.620000000000000107e+00
1.104999999999999924e-05,1.560000000000000053e+00
1.105999999999999914e-05,1.520000000000000018e+00
1.106999999999999904e-05,1.439999999999999947e+00
1.108000000000000064e-05,1.419999999999999929e+00
1.109000000000000055e-05,1.400000000000000133e+00
1.110000000000000045e-05,1.320000000000000062e+00
1.111000000000000035e-05,1.320000000000000062e+00
1.112000000000000026e-05,1.239999999999999991e+00
1.113000000000000016e-05,1.239999999999999991e+00
1.114000000000000007e-05,1.199999999999999956e+00
1.114999999999999997e-05,1.140000000000000124e+00
1.115999999999999988e-05,1.120000000000000107e+00
1.116999999999999978e-05,1.100000000000000089e+00
1.117999999999999968e-05,1.060000000000000053e+00
1.118999999999999959e-05,1.040000000000000036e+00
1.119999999999999949e-05,1.040000000000000036e+00
1.120999999999999940e-05,1.040000000000000036e+00
1.121999999999999930e-05,1.000000000000000000e+00
1.122999999999999921e-05,1.000000000000000000e+00
1.123999999999999911e-05,9.599999999999999645e-01
1.125000000000000071e-05,9.799999999999999822e-01
1.126000000000000061e-05,9.599999999999999645e-01
1.127000000000000052e-05,9.599999999999999645e-01
1.128000000000000042e-05,9.000000000000000222e-01
1.129000000000000033e-05,9.200000000000000400e-01
1.130000000000000023e-05,9.200000000000000400e-01
1.131000000000000013e-05,9.200000000000000400e-01
1.132000000000000004e-05,8.800000000000000044e-01
1.132999999999999994e-05,9.000000000000000222e-01
1.133999999999999985e-05,8.800000000000000044e-01
1.134999999999999975e-05,9.000000000000000222e-01
1.135999999999999966e-05,8.399999999999999689e-01
1.136999999999999956e-05,8.800000000000000044e-01
1.137999999999999946e-05,8.399999999999999689e-01
1.138999999999999937e-05,8.599999999999999867e-01
1.139999999999999927e-05,8.399999999999999689e-01
1.140999999999999918e-05,8.200000000000000622e-01
1.141999999999999908e-05,8.200000000000000622e-01
1.143000000000000068e-05,8.000000000000000444e-01
1.144000000000000058e-05,8.200000000000000622e-01
1.145000000000000049e-05,8.000000000000000444e-01
1.146000000000000039e-05,8.000000000000000444e-01
1.147000000000000030e-05,7.800000000000000266e-01
1.148000000000000020e-05,7.800000000000000266e-01
1.149000000000000010e-05,8.000000000000000444e-01
1.150000000000000001e-05,8.000000000000000444e-01
1.150999999999999991e-05,7.800000000000000266e-01
1.151999999999999982e-05,7.800000000000000266e-01
1.152999999999999972e-05,7.800000000000000266e-01
1.153999999999999963e-05,7.399999999999999911e-01
1.154999999999999953e-05,7.399999999999999911e-01
1.155999999999999943e-05,7.600000000000000089e-01
1.156999999999999934e-05,7.399999999999999911e-01
1.157999999999999924e-05,7.600000000000000089e-01
1.158999999999999915e-05,7.199999999999999734e-01
1.159999999999999905e-05,7.199999999999999734e-01
1.161000000000000065e-05,7.399999999999999911e-01
1.162000000000000055e-05,7.399999999999999911e-01
1.163000000000000046e-05,7.399999999999999911e-01
1.164000000000000036e-05,7.399999999999999911e-01
1.165000000000000027e-05,7.199999999999999734e-01
1.166000000000000017e-05,7.399999999999999911e-01
1.167000000000000008e-05,7.399999999999999911e-01
1.167999999999999998e-05,7.000000000000000666e-01
1.168999999999999988e-05,7.199999999999999734e-01
1.169999999999999979e-05,7.199999999999999734e-01
1.170999999999999969e-05,7.000000000000000666e-01
1.171999999999999960e-05,7.000000000000000666e-01
1.172999999999999950e-05,6.800000000000000488e-01
1.173999999999999941e-05,7.000000000000000666e-01
1.174999999999999931e-05,7.000000000000000666e-01
1.175999999999999921e-05,6.800000000000000488e-01
1.176999999999999912e-05,7.000000000000000666e-01
1.178000000000000072e-05,7.000000000000000666e-01
1.179000000000000062e-05,6.800000000000000488e-01
1.180000000000000052e-05,7.000000000000000666e-01
1.181000000000000043e-05,6.600000000000000311e-01
1.182000000000000033e-05,6.800000000000000488e-01
1.183000000000000024e-05,6.800000000000000488e-01
1.184000000000000014e-05,6.600000000000000311e-01
1.185000000000000005e-05,6.800000000000000488e-01
1.185999999999999995e-05,6.800000000000000488e-01
1.186999999999999985e-05,6.600000000000000311e-01
1.187999999999999976e-05,6.800000000000000488e-01
1.188999999999999966e-05,6.800000000000000488e-01
1.189999999999999957e-05,6.800000000000000488e-01
1.190999999999999947e-05,6.400000000000000133e-01
1.191999999999999938e-05,6.400000000000000133e-01
1.192999999999999928e-05,6.600000000000000311e-01
1.193999999999999918e-05,6.400000000000000133e-01
1.194999999999999909e-05,6.400000000000000133e-01
1.196000000000000069e-05,6.600000000000000311e-01
1.197000000000000059e-05,6.400000000000000133e-01
1.198000000000000050e-05,6.199999999999999956e-01
1.199000000000000040e-05,6.199999999999999956e-01
1.200000000000000030e-05,6.600000000000000311e-01
1.201000000000000021e-05,6.600000000000000311e-01
1.202000000000000011e-05,6.400000000000000133e-01
1.203000000000000002e-05,6.199999999999999956e-01
1.203999999999999992e-05,6.400000000000000133e-01
1.204999999999999983e-05,6.400000000000000133e-01
1.205999999999999973e-05,6.400000000000000133e-01
1.206999999999999963e-05,6.400000000000000133e-01
1.207999999999999954e-05,6.400000000000000133e-01
1.208999999999999944e-05,6.199999999999999956e-01
1.209999999999999935e-05,6.400000000000000133e-01
1.210999999999999925e-05,6.199999999999999956e-01
1.211999999999999916e-05,5.999999999999999778e-01
1.213000000000000075e-05,6.199999999999999956e-01
1.214000000000000066e-05,6.199999999999999956e-01
1.215000000000000056e-05,5.999999999999999778e-01
1.216000000000000047e-05,5.999999999999999778e-01
1.217000000000000037e-05,6.199999999999999956e-01
1.218000000000000027e-05,6.199999999999999956e-01
1.219000000000000018e-05,5.999999999999999778e-01
1.220000000000000008e-05,5.999999999999999778e-01
1.220999999999999999e-05,5.799999999999999600e-01
1.221999999999999989e-05,5.999999999999999778e-01
1.222999999999999980e-05,6.199999999999999956e-01
1.223999999999999970e-05,6.199999999999999956e-01
1.224999999999999960e-05,5.999999999999999778e-01
1.225999999999999951e-05,6.199999999999999956e-01
1.226999999999999941e-05,5.999999999999999778e-01
1.227999999999999932e-05,6.199999999999999956e-01
1.228999999999999922e-05,5.999999999999999778e-01
1.229999999999999913e-05,6.199999999999999956e-01
1.231000000000000072e-05,5.999999999999999778e-01
1.232000000000000063e-05,5.999999999999999778e-01
1.233000000000000053e-05,5.799999999999999600e-01
1.234000000000000044e-05,6.199999999999999956e-01
1.235000000000000034e-05,6.199999999999999956e-01
1.236000000000000025e-05,5.999999999999999778e-01
1.237000000000000015e-05,5.999999999999999778e-01
1.238000000000000005e-05,6.199999999999999956e-01
1.238999999999999996e-05,5.799999999999999600e-01
1.239999999999999986e-05,5.999999999999999778e-01
1.240999999999999977e-05,5.999999999999999778e-01
1.241999999999999967e-05,5.799999999999999600e-01
1.242999999999999958e-05,5.600000000000000533e-01
1.243999999999999948e-05,5.799999999999999600e-01
1.244999999999999938e-05,5.999999999999999778e-01
1.245999999999999929e-05,5.799999999999999600e-01
1.246999999999999919e-05,5.600000000000000533e-01
1.247999999999999910e-05,5.799999999999999600e-01
1.249000000000000069e-05,6.199999999999999956e-01
1.250000000000000060e-05,5.799999999999999600e-01
1.251000000000000050e-05,5.799999999999999600e-01
1.252000000000000041e-05,5.799999999999999600e-01
1.253000000000000031e-05,5.600000000000000533e-01
1.254000000000000022e-05,5.600000000000000533e-01
1.255000000000000012e-05,5.600000000000000533e-01
1.256000000000000002e-05,5.600000000000000533e-01
1.256999999999999993e-05,5.799999999999999600e-01
1.257999999999999983e-05,5.600000000000000533e-01
1.258999999999999974e-05,5.600000000000000533e-01
1.259999999999999964e-05,5.400000000000000355e-01
1.260999999999999955e-05,5.600000000000000533e-01
1.261999999999999945e-05,5.799999999999999600e-01
1.262999999999999935e-05,5.600000000000000533e-01
1.263999999999999926e-05,5.600000000000000533e-01
1.264999999999999916e-05,5.799999999999999600e-01
1.266000000000000076e-05,5.600000000000000533e-01
1.267000000000000067e-05,5.799999999999999600e-01
1.268000000000000057e-05,5.600000000000000533e-01
1.269000000000000047e-05,5.799999999999999600e-01
1.270000000000000038e-05,5.799999999999999600e-01
1.271000000000000028e-05,5.600000000000000533e-01
1.272000000000000019e-05,5.799999999999999600e-01
1.273000000000000009e-05,5.600000000000000533e-01
1.274000000000000000e-05,5.600000000000000533e-01
1.274999999999999990e-05,5.799999999999999600e-01
1.275999999999999980e-05,5.999999999999999778e-01
1.276999999999999971e-05,5.999999999999999778e-01
1.277999999999999961e-05,5.799999999999999600e-01
1.278999999999999952e-05,5.999999999999999778e-01
1.279999999999999942e-05,5.999999999999999778e-01
1.280999999999999933e-05,5.799999999999999600e-01
1.281999999999999923e-05,6.199999999999999956e-01
1.282999999999999913e-05,6.199999999999999956e-01
1.284000000000000073e-05,6.400000000000000133e-01
1.285000000000000064e-05,6.600000000000000311e-01
1.286000000000000054e-05,6.600000000000000311e-01
1.287000000000000044e-05,6.800000000000000488e-01
1.288000000000000035e-05,7.199999999999999734e-01
1.289000000000000025e-05,7.600000000000000089e-01
1.290000000000000016e-05,7.600000000000000089e-01
1.291000000000000006e-05,8.200000000000000622e-01
1.291999999999999997e-05,8.599999999999999867e-01
1.292999999999999987e-05,8.800000000000000044e-01
1.293999999999999977e-05,9.400000000000000577e-01
1.294999999999999968e-05,1.020000000000000018e+00
1.295999999999999958e-05,1.020000000000000018e+00
1.296999999999999949e-05,1.100000000000000089e+00
1.297999999999999939e-05,1.179999999999999938e+00
1.298999999999999930e-05,1.260000000000000009e+00
1.299999999999999920e-05,1.300000000000000044e+00
1.300999999999999910e-05,1.400000000000000133e+00
1.302000000000000070e-05,1.439999999999999947e+00
1.303000000000000061e-05,1.520000000000000018e+00
1.304000000000000051e-05,1.580000000000000071e+00
1.305000000000000042e-05,1.640000000000000124e+00
1.306000000000000032e-05,1.679999999999999938e+00
1.307000000000000022e-05,1.699999999999999956e+00
1.308000000000000013e-05,1.719999999999999973e+00
1.309000000000000003e-05,1.739999999999999991e+00
1.309999999999999994e-05,1.739999999999999991e+00
1.310999999999999984e-05,1.719999999999999973e+00
1.311999999999999975e-05,1.760000000000000009e+00
1.312999999999999965e-05,1.699999999999999956e+00
1.313999999999999955e-05,1.699999999999999956e+00
1.314999999999999946e-05,1.679999999999999938e+00
1.315999999999999936e-05,1.620000000000000107e+00
1.316999999999999927e-05,1.580000000000000071e+00
1.317999999999999917e-05,1.560000000000000053e+00
1.319000000000000077e-05,1.479999999999999982e+00
1.320000000000000067e-05,1.459999999999999964e+00
1.321000000000000058e-05,1.419999999999999929e+00
1.322000000000000048e-05,1.380000000000000115e+00
1.323000000000000039e-05,1.380000000000000115e+00
1.324000000000000029e-05,1.300000000000000044e+00
1.325000000000000019e-05,1.300000000000000044e+00
1.326000000000000010e-05,1.260000000000000009e+00
1.327000000000000000e-05,1.219999999999999973e+00
1.327999999999999991e-05,1.199999999999999956e+00
1.328999999999999981e-05,1.159999999999999920e+00
1.329999999999999972e-05,1.159999999999999920e+00
1.330999999999999962e-05,1.100000000000000089e+00
1.331999999999999952e-05,1.080000000000000071e+00
1.332999999999999943e-05,1.100000000000000089e+00
1.333999999999999933e-05,1.060000000000000053e+00
1.334999999999999924e-05,1.020000000000000018e+00
1.335999999999999914e-05,1.020000000000000018e+00
1.337000000000000074e-05,1.040000000000000036e+00
1.338000000000000064e-05,1.020000000000000018e+00
1.339000000000000055e-05,9.799999999999999822e-01
1.340000000000000045e-05,9.599999999999999645e-01
1.341000000000000036e-05,9.400000000000000577e-01
1.342000000000000026e-05,9.400000000000000577e-01
1.343000000000000017e-05,9.400000000000000577e-01
1.344000000000000007e-05,9.200000000000000400e-01
1.344999999999999997e-05,9.000000000000000222e-01
1.345999999999999988e-05,9.000000000000000222e-01
1.346999999999999978e-05,9.000000000000000222e-01
1.347999999999999969e-05,9.000000000000000222e-01
1.348999999999999959e-05,8.599999999999999867e-01
1.349999999999999949e-05,8.800000000000000044e-01
1.350999999999999940e-05,8.599999999999999867e-01
1.351999999999999930e-05,8.399999999999999689e-01
1.352999999999999921e-05,8.399999999999999689e-01
1.353999999999999911e-05,8.599999999999999867e-01
1.355000000000000071e-05,8.399999999999999689e-01
1.356000000000000061e-05,8.599999999999999867e-01
1.357000000000000052e-05,8.399999999999999689e-01
1.358000000000000042e-05,8.200000000000000622e-01
1.359000000000000033e-05,8.200000000000000622e-01
1.360000000000000023e-05,8.000000000000000444e-01
1.361000000000000014e-05,8.000000000000000444e-01
1.362000000000000004e-05,8.000000000000000444e-01
1.362999999999999994e-05,8.000000000000000444e-01
1.363999999999999985e-05,8.000000000000000444e-01
1.364999999999999975e-05,8.000000000000000444e-01
1.365999999999999966e-05,7.800000000000000266e-01
1.366999999999999956e-05,7.600000000000000089e-01
1.367999999999999947e-05,7.600000000000000089e-01
1.368999999999999937e-05,8.000000000000000444e-01
1.369999999999999927e-05,7.600000000000000089e-01
1.370999999999999918e-05,7.399999999999999911e-01
1.372000000000000078e-05,7.600000000000000089e-01
1.373000000000000068e-05,7.600000000000000089e-01
1.374000000000000059e-05,7.600000000000000089e-01
1.375000000000000049e-05,7.399999999999999911e-01
1.376000000000000039e-05,7.600000000000000089e-01
1.377000000000000030e-05,7.199999999999999734e-01
1.378000000000000020e-05,7.399999999999999911e-01
1.379000000000000011e-05,7.199999999999999734e-01
1.380000000000000001e-05,7.600000000000000089e-01
1.380999999999999992e-05,7.399999999999999911e-01
1.381999999999999982e-05,7.399999999999999911e-01
1.382999999999999972e-05,7.399999999999999911e-01
1.383999999999999963e-05,7.199999999999999734e-01
1.384999999999999953e-05,7.000000000000000666e-01
1.385999999999999944e-05,7.199999999999999734e-01
1.386999999999999934e-05,7.000000000000000666e-01
1.387999999999999924e-05,7.000000000000000666e-01
1.388999999999999915e-05,7.199999999999999734e-01
1.390000000000000075e-05,7.000000000000000666e-01
1.391000000000000065e-05,7.000000000000000666e-01
1.392000000000000056e-05,7.000000000000000666e-01
1.393000000000000046e-05,7.000000000000000666e-01
1.394000000000000036e-05,7.000000000000000666e-01
1.395000000000000027e-05,6.800000000000000488e-01
1.396000000000000017e-05,7.000000000000000666e-01
1.397000000000000008e-05,6.800000000000000488e-01
1.397999999999999998e-05,7.000000000000000666e-01
1.398999999999999989e-05,6.800000000000000488e-01
1.399999999999999979e-05,6.600000000000000311e-01
1.400999999999999969e-05,6.800000000000000488e-01
1.401999999999999960e-05,6.800000000000000488e-01
1.402999999999999950e-05,7.000000000000000666e-01
1.403999999999999941e-05,6.800000000000000488e-01
1.404999999999999931e-05,6.800000000000000488e-01
1.405999999999999922e-05,6.800000000000000488e-01
1.407000000000000081e-05,6.600000000000000311e-01
1.407999999999999902e-05,6.800000000000000488e-01
1.409000000000000062e-05,6.600000000000000311e-01
1.409999999999999883e-05,6.800000000000000488e-01
1.411000000000000043e-05,6.800000000000000488e-01
1.411999999999999864e-05,6.400000000000000133e-01
1.413000000000000024e-05,6.600000000000000311e-01
1.413999999999999845e-05,6.600000000000000311e-01
1.415000000000000005e-05,6.600000000000000311e-01
1.416000000000000165e-05,6.400000000000000133e-01
1.416999999999999986e-05,6.400000000000000133e-01
1.418000000000000145e-05,6.600000000000000311e-01
1.418999999999999966e-05,6.400000000000000133e-01
1.420000000000000126e-05,6.400000000000000133e-01
1.420999999999999947e-05,6.400000000000000133e-01
1.422000000000000107e-05,6.400000000000000133e-01
1.422999999999999928e-05,6.600000000000000311e-01
1.424000000000000088e-05,6.600000000000000311e-01
1.424999999999999909e-05,6.400000000000000133e-01
1.426000000000000069e-05,6.600000000000000311e-01
1.426999999999999890e-05,6.600000000000000311e-01
1.428000000000000050e-05,6.600000000000000311e-01
1.428999999999999871e-05,6.400000000000000133e-01
1.430000000000000031e-05,6.400000000000000133e-01
1.430999999999999852e-05,6.400000000000000133e-01
1.432000000000000011e-05,6.400000000000000133e-01
1.432999999999999832e-05,6.400000000000000133e-01
1.433999999999999992e-05,6.400000000000000133e-01
1.435000000000000152e-05,6.400000000000000133e-01
1.435999999999999973e-05,6.600000000000000311e-01
1.437000000000000133e-05,6.400000000000000133e-01
1.437999999999999954e-05,6.600000000000000311e-01
1.439000000000000114e-05,6.400000000000000133e-01
1.439999999999999935e-05,6.400000000000000133e-01
1.441000000000000095e-05,6.400000000000000133e-01
1.441999999999999916e-05,6.600000000000000311e-01
1.443000000000000076e-05,6.400000000000000133e-01
1.443999999999999897e-05,6.600000000000000311e-01
1.445000000000000056e-05,6.600000000000000311e-01
1.445999999999999877e-05,6.800000000000000488e-01
1.447000000000000037e-05,6.600000000000000311e-01
1.447999999999999858e-05,6.600000000000000311e-01
1.449000000000000018e-05,7.000000000000000666e-01
1.449999999999999839e-05,7.000000000000000666e-01
1.450999999999999999e-05,7.000000000000000666e-01
1.452000000000000159e-05,7.199999999999999734e-01
1.452999999999999980e-05,7.600000000000000089e-01
1.454000000000000140e-05,7.600000000000000089e-01
1.454999999999999961e-05,7.800000000000000266e-01
1.456000000000000120e-05,8.000000000000000444e-01
1.456999999999999941e-05,8.000000000000000444e-01
1.458000000000000101e-05,8.399999999999999689e-01
1.458999999999999922e-05,8.800000000000000044e-01
1.460000000000000082e-05,9.200000000000000400e-01
1.460999999999999903e-05,9.599999999999999645e-01
1.462000000000000063e-05,9.799999999999999822e-01
1.462999999999999884e-05,1.020000000000000018e+00
1.464000000000000044e-05,1.060000000000000053e+00
1.464999999999999865e-05,1.120000000000000107e+00
1.466000000000000025e-05,1.159999999999999920e+00
1.466999999999999846e-05,1.199999999999999956e+00
1.468000000000000006e-05,1.280000000000000027e+00
1.469000000000000165e-05,1.300000000000000044e+00
1.469999999999999986e-05,1.380000000000000115e+00
1.471000000000000146e-05,1.400000000000000133e+00
1.471999999999999967e-05,1.439999999999999947e+00
1.473000000000000127e-05,1.459999999999999964e+00
1.473999999999999948e-05,1.479999999999999982e+00
1.475000000000000108e-05,1.520000000000000018e+00
1.475999999999999929e-05,1.520000000000000018e+00
1.477000000000000089e-05,1.540000000000000036e+00
1.477999999999999910e-05,1.520000000000000018e+00
1.479000000000000070e-05,1.540000000000000036e+00
1.479999999999999891e-05,1.520000000000000018e+00
1.481000000000000051e-05,1.520000000000000018e+00
1.481999999999999872e-05,1.479999999999999982e+00
1.483000000000000031e-05,1.479999999999999982e+00
1.483999999999999852e-05,1.439999999999999947e+00
1.485000000000000012e-05,1.419999999999999929e+00
1.485999999999999833e-05,1.400000000000000133e+00
1.486999999999999993e-05,1.340000000000000080e+00
1.488000000000000153e-05,1.320000000000000062e+00
1.488999999999999974e-05,1.300000000000000044e+00
1.490000000000000134e-05,1.280000000000000027e+00
1.490999999999999955e-05,1.260000000000000009e+00
1.492000000000000115e-05,1.239999999999999991e+00
1.492999999999999936e-05,1.199999999999999956e+00
1.494000000000000095e-05,1.140000000000000124e+00
1.494999999999999916e-05,1.140000000000000124e+00
1.496000000000000076e-05,1.100000000000000089e+00
1.496999999999999897e-05,1.100000000000000089e+00
1.498000000000000057e-05,1.100000000000000089e+00
1.498999999999999878e-05,1.080000000000000071e+00
1.500000000000000038e-05,1.060000000000000053e+00
1.500999999999999859e-05,1.040000000000000036e+00
1.502000000000000019e-05,1.020000000000000018e+00
1.502999999999999840e-05,9.799999999999999822e-01
1.504000000000000000e-05,1.000000000000000000e+00
1.505000000000000160e-05,9.599999999999999645e-01
1.505999999999999981e-05,9.799999999999999822e-01
1.507000000000000140e-05,9.599999999999999645e-01
1.507999999999999961e-05,9.400000000000000577e-01
1.509000000000000121e-05,9.200000000000000400e-01
1.509999999999999942e-05,9.200000000000000400e-01
1.511000000000000102e-05,9.200000000000000400e-01
1.511999999999999923e-05,9.000000000000000222e-01
1.513000000000000083e-05,9.000000000000000222e-01
1.513999999999999904e-05,8.800000000000000044e-01
1.515000000000000064e-05,8.800000000000000044e-01
1.515999999999999885e-05,8.800000000000000044e-01
1.517000000000000045e-05,8.800000000000000044e-01
1.517999999999999866e-05,8.399999999999999689e-01
1.519000000000000025e-05,8.399999999999999689e-01
1.519999999999999847e-05,8.399999999999999689e-01
1.521000000000000006e-05,8.399999999999999689e-01
1.522000000000000166e-05,8.200000000000000622e-01
1.522999999999999987e-05,8.599999999999999867e-01
1.524000000000000147e-05,8.000000000000000444e-01
1.524999999999999968e-05,8.200000000000000622e-01
1.526000000000000297e-05,8.399999999999999689e-01
1.527000000000000118e-05,8.399999999999999689e-01
1.528000000000000278e-05,8.000000000000000444e-01
1.529000000000000099e-05,7.800000000000000266e-01
1.530000000000000259e-05,7.800000000000000266e-01
1.531000000000000080e-05,7.800000000000000266e-01
1.532000000000000240e-05,7.800000000000000266e-01
1.533000000000000061e-05,7.800000000000000266e-01
1.534000000000000221e-05,7.800000000000000266e-01
1.535000000000000042e-05,8.000000000000000444e-01
1.536000000000000202e-05,8.000000000000000444e-01
1.537000000000000023e-05,7.800000000000000266e-01
1.538000000000000182e-05,7.600000000000000089e-01
1.539000000000000003e-05,7.600000000000000089e-01
1.540000000000000163e-05,7.600000000000000089e-01
1.541000000000000323e-05,7.600000000000000089e-01
1.542000000000000144e-05,7.600000000000000089e-01
1.543000000000000304e-05,7.600000000000000089e-01
1.544000000000000125e-05,7.600000000000000089e-01
1.545000000000000285e-05,7.600000000000000089e-01
1.546000000000000106e-05,7.600000000000000089e-01
1.547000000000000266e-05,7.399999999999999911e-01
1.548000000000000087e-05,7.399999999999999911e-01
1.549000000000000246e-05,7.399999999999999911e-01
1.550000000000000068e-05,7.199999999999999734e-01
1.551000000000000227e-05,7.199999999999999734e-01
1.552000000000000048e-05,7.399999999999999911e-01
1.553000000000000208e-05,7.399999999999999911e-01
1.554000000000000029e-05,7.399999999999999911e-01
1.555000000000000189e-05,7.000000000000000666e-01
1.556000000000000010e-05,7.199999999999999734e-01
1.557000000000000170e-05,7.199999999999999734e-01
1.558000000000000330e-05,7.199999999999999734e-01
1.559000000000000151e-05,7.000000000000000666e-01
1.560000000000000311e-05,7.000000000000000666e-01
1.561000000000000132e-05,7.000000000000000666e-01
1.562000000000000291e-05,7.000000000000000666e-01
1.563000000000000112e-05,7.000000000000000666e-01
1.564000000000000272e-05,6.800000000000000488e-01
1.565000000000000093e-05,7.199999999999999734e-01
1.566000000000000253e-05,6.800000000000000488e-01
1.567000000000000074e-05,6.800000000000000488e-01
1.568000000000000234e-05,7.000000000000000666e-01
1.569000000000000055e-05,6.800000000000000488e-01
1.570000000000000215e-05,6.800000000000000488e-01
1.571000000000000036e-05,7.000000000000000666e-01
1.572000000000000196e-05,6.800000000000000488e-01
1.573000000000000017e-05,7.000000000000000666e-01
1.574000000000000177e-05,6.800000000000000488e-01
1.575000000000000336e-05,6.800000000000000488e-01
1.576000000000000157e-05,6.800000000000000488e-01
1.577000000000000317e-05,6.800000000000000488e-01
1.578000000000000138e-05,6.800000000000000488e-01
1.579000000000000298e-05,7.199999999999999734e-01
1.580000000000000119e-05,6.800000000000000488e-01
1.581000000000000279e-05,6.800000000000000488e-01
1.582000000000000100e-05,6.800000000000000488e-01
1.583000000000000260e-05,6.600000000000000311e-01
1.584000000000000081e-05,6.800000000000000488e-01
1.585000000000000241e-05,6.600000000000000311e-01
1.586000000000000062e-05,6.400000000000000133e-01
1.587000000000000221e-05,6.800000000000000488e-01
1.588000000000000042e-05,6.600000000000000311e-01
1.589000000000000202e-05,6.600000000000000311e-01
1.590000000000000023e-05,6.800000000000000488e-01
1.591000000000000183e-05,6.600000000000000311e-01
1.592000000000000004e-05,6.600000000000000311e-01
1.593000000000000164e-05,6.600000000000000311e-01
1.594000000000000324e-05,6.600000000000000311e-01
1.595000000000000145e-05,6.400000000000000133e-01
1.596000000000000305e-05,6.800000000000000488e-01
1.597000000000000126e-05,6.600000000000000311e-01
1.598000000000000286e-05,6.400000000000000133e-01
1.599000000000000107e-05,6.400000000000000133e-01
1.600000000000000266e-05,6.600000000000000311e-01
1.601000000000000087e-05,6.800000000000000488e-01
1.602000000000000247e-05,6.199999999999999956e-01
1.603000000000000068e-05,6.400000000000000133e-01
1.604000000000000228e-05,6.400000000000000133e-01
1.605000000000000049e-05,6.199999999999999956e-01
1.606000000000000209e-05,6.400000000000000133e-01
1.607000000000000030e-05,6.400000000000000133e-01
1.608000000000000190e-05,6.199999999999999956e-01
1.609000000000000011e-05,6.199999999999999956e-01
1.610000000000000171e-05,5.999999999999999778e-01
1.611000000000000330e-05,6.199999999999999956e-01
1.612000000000000152e-05,6.199999999999999956e-01
1.613000000000000311e-05,5.799999999999999600e-01
1.614000000000000132e-05,6.199999999999999956e-01
1.615000000000000292e-05,6.199999999999999956e-01
1.616000000000000113e-05,6.199999999999999956e-01
1.617000000000000273e-05,6.199999999999999956e-01
1.618000000000000094e-05,6.199999999999999956e-01
1.619000000000000254e-05,6.199999999999999956e-01
1.620000000000000075e-05,6.199999999999999956e-01
1.621000000000000235e-05,6.199999999999999956e-01
1.622000000000000056e-05,6.400000000000000133e-01
1.623000000000000216e-05,6.199999999999999956e-01
1.624000000000000037e-05,6.199999999999999956e-01
1.625000000000000196e-05,6.400000000000000133e-01
1.626000000000000017e-05,6.199999999999999956e-01
1.627000000000000177e-05,5.999999999999999778e-01
1.628000000000000337e-05,6.199999999999999956e-01
1.629000000000000158e-05,6.199999999999999956e-01
1.630000000000000318e-05,5.999999999999999778e-01
1.631000000000000139e-05,6.199999999999999956e-01
1.632000000000000299e-05,5.999999999999999778e-01
1.633000000000000120e-05,5.999999999999999778e-01
1.634000000000000280e-05,6.400000000000000133e-01
1.635000000000000101e-05,5.999999999999999778e-01
1.636000000000000261e-05,6.199999999999999956e-01
1.637000000000000082e-05,5.799999999999999600e-01
1.638000000000000241e-05,6.199999999999999956e-01
1.639000000000000062e-05,5.999999999999999778e-01
1.640000000000000222e-05,5.999999999999999778e-01
1.641000000000000043e-05,5.999999999999999778e-01
1.642000000000000203e-05,6.199999999999999956e-01
1.643000000000000024e-05,5.799999999999999600e-01
1.644000000000000184e-05,6.199999999999999956e-01
1.645000000000000005e-05,5.999999999999999778e-01
1.646000000000000165e-05,6.199999999999999956e-01
1.647000000000000325e-05,5.999999999999999778e-01
1.648000000000000146e-05,5.999999999999999778e-01
1.649000000000000305e-05,5.999999999999999778e-01
1.650000000000000127e-05,5.799999999999999600e-01
1.651000000000000286e-05,5.999999999999999778e-01
1.652000000000000107e-05,5.999999999999999778e-01
1.653000000000000267e-05,5.799999999999999600e-01
1.654000000000000088e-05,5.799999999999999600e-01
1.655000000000000248e-05,5.999999999999999778e-01
1.656000000000000069e-05,5.999999999999999778e-01
1.657000000000000229e-05,5.600000000000000533e-01
1.658000000000000050e-05,5.799999999999999600e-01
1.659000000000000210e-05,5.799999999999999600e-01
1.660000000000000031e-05,5.999999999999999778e-01
1.661000000000000191e-05,5.600000000000000533e-01
1.662000000000000012e-05,5.799999999999999600e-01
1.663000000000000171e-05,5.999999999999999778e-01
1.664000000000000331e-05,5.600000000000000533e-01
1.665000000000000152e-05,5.799999999999999600e-01
1.666000000000000312e-05,5.799999999999999600e-01
1.667000000000000133e-05,5.600000000000000533e-01
1.668000000000000293e-05,5.999999999999999778e-01
1.669000000000000114e-05,5.799999999999999600e-01
1.670000000000000274e-05,5.999999999999999778e-01
1.671000000000000095e-05,5.999999999999999778e-01
1.672000000000000255e-05,5.799999999999999600e-01
1.673000000000000076e-05,5.799999999999999600e-01
1.674000000000000236e-05,5.999999999999999778e-01
1.675000000000000057e-05,5.999999999999999778e-01
1.676000000000000216e-05,5.799999999999999600e-01
1.677000000000000037e-05,5.799999999999999600e-01
1.678000000000000197e-05,6.199999999999999956e-01
1.679000000000000018e-05,5.999999999999999778e-01
1.680000000000000178e-05,5.999999999999999778e-01
1.681000000000000338e-05,6.199999999999999956e-01
1.682000000000000159e-05,6.199999999999999956e-01
1.683000000000000319e-05,6.400000000000000133e-01
1.684000000000000140e-05,6.199999999999999956e-01
1.685000000000000300e-05,6.400000000000000133e-01
1.686000000000000121e-05,6.600000000000000311e-01
1.687000000000000280e-05,6.400000000000000133e-01
1.688000000000000101e-05,6.400000000000000133e-01
1.689000000000000261e-05,6.600000000000000311e-01
1.690000000000000082e-05,6.800000000000000488e-01
1.691000000000000242e-05,7.000000000000000666e-01
1.692000000000000063e-05,6.800000000000000488e-01
1.693000000000000223e-05,7.199999999999999734e-01
1.694000000000000044e-05,7.399999999999999911e-01
1.695000000000000204e-05,7.800000000000000266e-01
1.696000000000000025e-05,7.800000000000000266e-01
1.697000000000000185e-05,8.000000000000000444e-01
1.698000000000000006e-05,8.200000000000000622e-01
1.699000000000000166e-05,8.000000000000000444e-01
1.700000000000000325e-05,8.800000000000000044e-01
1.701000000000000146e-05,8.800000000000000044e-01
1.702000000000000306e-05,9.200000000000000400e-01
1.703000000000000127e-05,9.400000000000000577e-01
1.704000000000000287e-05,1.000000000000000000e+00
1.705000000000000108e-05,1.020000000000000018e+00
1.706000000000000268e-05,1.040000000000000036e+00
1.707000000000000089e-05,1.060000000000000053e+00
1.708000000000000249e-05,1.100000000000000089e+00
1.709000000000000070e-05,1.140000000000000124e+00
1.710000000000000230e-05,1.179999999999999938e+00
1.711000000000000051e-05,1.179999999999999938e+00
1.712000000000000211e-05,1.199999999999999956e+00
1.713000000000000032e-05,1.219999999999999973e+00
1.714000000000000191e-05,1.260000000000000009e+00
1.715000000000000012e-05,1.239999999999999991e+00
1.716000000000000172e-05,1.280000000000000027e+00
1.717000000000000332e-05,1.280000000000000027e+00
1.718000000000000153e-05,1.260000000000000009e+00
1.719000000000000313e-05,1.260000000000000009e+00
1.720000000000000134e-05,1.300000000000000044e+00
1.721000000000000294e-05,1.280000000000000027e+00
1.722000000000000115e-05,1.260000000000000009e+00
1.723000000000000275e-05,1.260000000000000009e+00
1.724000000000000096e-05,1.239999999999999991e+00
1.725000000000000255e-05,1.260000000000000009e+00
1.726000000000000076e-05,1.199999999999999956e+00
1.727000000000000236e-05,1.199999999999999956e+00
1.728000000000000057e-05,1.179999999999999938e+00
1.729000000000000217e-05,1.179999999999999938e+00
1.730000000000000038e-05,1.140000000000000124e+00
1.731000000000000198e-05,1.120000000000000107e+00
1.732000000000000019e-05,1.100000000000000089e+00
1.733000000000000179e-05,1.120000000000000107e+00
1.734000000000000339e-05,1.080000000000000071e+00
1.735000000000000160e-05,1.060000000000000053e+00
1.736000000000000320e-05,1.020000000000000018e+00
1.737000000000000141e-05,1.040000000000000036e+00
1.738000000000000300e-05,1.000000000000000000e+00
1.739000000000000121e-05,1.000000000000000000e+00
1.740000000000000281e-05,9.599999999999999645e-01
1.741000000000000102e-05,9.599999999999999645e-01
1.742000000000000262e-05,9.400000000000000577e-01
1.743000000000000083e-05,9.400000000000000577e-01
1.744000000000000243e-05,9.400000000000000577e-01
1.745000000000000064e-05,9.200000000000000400e-01
1.746000000000000224e-05,8.800000000000000044e-01
1.747000000000000045e-05,8.599999999999999867e-01
1.748000000000000205e-05,8.599999999999999867e-01
1.749000000000000026e-05,8.599999999999999867e-01
1.750000000000000186e-05,8.800000000000000044e-01
1.751000000000000007e-05,8.399999999999999689e-01
1.752000000000000166e-05,8.599999999999999867e-01
1.753000000000000326e-05,8.399999999999999689e-01
1.754000000000000147e-05,8.200000000000000622e-01
1.755000000000000307e-05,8.399999999999999689e-01
1.756000000000000128e-05,8.200000000000000622e-01
1.757000000000000288e-05,8.000000000000000444e-01
1.758000000000000109e-05,8.000000000000000444e-01
1.759000000000000269e-05,8.000000000000000444e-01
1.760000000000000090e-05,7.800000000000000266e-01
1.761000000000000250e-05,8.200000000000000622e-01
1.762000000000000071e-05,7.800000000000000266e-01
1.763000000000000230e-05,7.800000000000000266e-01
1.764000000000000051e-05,7.600000000000000089e-01
1.765000000000000211e-05,7.600000000000000089e-01
1.766000000000000032e-05,7.600000000000000089e-01
1.767000000000000192e-05,7.600000000000000089e-01
1.768000000000000013e-05,7.399999999999999911e-01
1.769000000000000173e-05,7.399999999999999911e-01
1.770000000000000333e-05,7.399999999999999911e-01
1.771000000000000154e-05,7.399999999999999911e-01
1.772000000000000314e-05,7.399999999999999911e-01
1.773000000000000135e-05,7.199999999999999734e-01
1.774000000000000295e-05,7.399999999999999911e-01
1.775000000000000116e-05,7.399999999999999911e-01
1.776000000000000275e-05,7.199999999999999734e-01
1.777000000000000096e-05,7.199999999999999734e-01
1.778000000000000256e-05,7.199999999999999734e-01
1.779000000000000077e-05,7.199999999999999734e-01
1.780000000000000237e-05,7.399999999999999911e-01
1.781000000000000058e-05,7.199999999999999734e-01
1.782000000000000218e-05,7.199999999999999734e-01
1.783000000000000039e-05,7.000000000000000666e-01
1.784000000000000199e-05,7.000000000000000666e-01
1.785000000000000020e-05,7.000000000000000666e-01
1.786000000000000180e-05,7.199999999999999734e-01
1.787000000000000339e-05,7.000000000000000666e-01
1.788000000000000160e-05,7.000000000000000666e-01
1.789000000000000320e-05,7.000000000000000666e-01
1.790000000000000141e-05,7.000000000000000666e-01
1.791000000000000301e-05,6.800000000000000488e-01
1.792000000000000122e-05,6.800000000000000488e-01
1.793000000000000282e-05,6.800000000000000488e-01
1.794000000000000103e-05,7.000000000000000666e-01
1.795000000000000263e-05,6.800000000000000488e-01
1.796000000000000084e-05,6.800000000000000488e-01
1.797000000000000244e-05,6.800000000000000488e-01
1.798000000000000065e-05,6.600000000000000311e-01
1.799000000000000225e-05,6.800000000000000488e-01
1.800000000000000046e-05,6.600000000000000311e-01
1.801000000000000205e-05,6.800000000000000488e-01
1.802000000000000026e-05,6.600000000000000311e-01
1.803000000000000186e-05,6.600000000000000311e-01
1.804000000000000007e-05,6.600000000000000311e-01
1.805000000000000167e-05,6.800000000000000488e-01
1.806000000000000327e-05,6.600000000000000311e-01
1.807000000000000148e-05,6.600000000000000311e-01
1.808000000000000308e-05,6.400000000000000133e-01
1.809000000000000129e-05,6.600000000000000311e-01
1.810000000000000289e-05,6.400000000000000133e-01
1.811000000000000110e-05,6.600000000000000311e-01
1.812000000000000270e-05,6.400000000000000133e-01
1.813000000000000091e-05,6.600000000000000311e-01
1.814000000000000250e-05,6.600000000000000311e-01
1.815000000000000071e-05,6.400000000000000133e-01
1.816000000000000231e-05,6.400000000000000133e-01
1.817000000000000052e-05,6.400000000000000133e-01
1.818000000000000212e-05,6.199999999999999956e-01
1.819000000000000033e-05,6.199999999999999956e-01
1.820000000000000193e-05,6.400000000000000133e-01
1.821000000000000014e-05,6.400000000000000133e-01
1.822000000000000174e-05,6.199999999999999956e-01
1.823000000000000334e-05,6.400000000000000133e-01
1.824000000000000155e-05,6.400000000000000133e-01
1.825000000000000314e-05,6.400000000000000133e-01
1.826000000000000135e-05,6.400000000000000133e-01
1.827000000000000295e-05,6.400000000000000133e-01
1.828000000000000116e-05,6.199999999999999956e-01
1.829000000000000276e-05,6.400000000000000133e-01
1.830000000000000097e-05,6.199999999999999956e-01
1.831000000000000257e-05,6.199999999999999956e-01
1.832000000000000078e-05,6.400000000000000133e-01
1.833000000000000238e-05,6.199999999999999956e-01
1.834000000000000059e-05,6.199999999999999956e-01
1.835000000000000219e-05,6.199999999999999956e-01
1.836000000000000040e-05,6.199999999999999956e-01
1.837000000000000200e-05,6.199999999999999956e-01
1.838000000000000021e-05,6.400000000000000133e-01
1.839000000000000180e-05,5.999999999999999778e-01
1.840000000000000340e-05,5.999999999999999778e-01
1.841000000000000161e-05,5.999999999999999778e-01
1.842000000000000321e-05,5.999999999999999778e-01
1.843000000000000142e-05,5.999999999999999778e-01
1.844000000000000302e-05,5.799999999999999600e-01
1.845000000000000123e-05,5.999999999999999778e-01
1.846000000000000283e-05,5.999999999999999778e-01
1.847000000000000104e-05,5.999999999999999778e-01
1.848000000000000264e-05,5.999999999999999778e-01
1.849000000000000085e-05,5.799999999999999600e-01
1.850000000000000245e-05,5.999999999999999778e-01
1.851000000000000066e-05,5.999999999999999778e-01
1.852000000000000225e-05,5.999999999999999778e-01
1.853000000000000046e-05,5.799999999999999600e-01
1.854000000000000206e-05,6.199999999999999956e-01
1.855000000000000027e-05,6.199999999999999956e-01
1.856000000000000187e-05,5.799999999999999600e-01
1.857000000000000008e-05,5.799999999999999600e-01
1.858000000000000168e-05,6.199999999999999956e-01
1.859000000000000328e-05,5.799999999999999600e-01
1.860000000000000149e-05,6.199999999999999956e-01
1.861000000000000309e-05,5.999999999999999778e-01
1.862000000000000130e-05,5.799999999999999600e-01
1.863000000000000289e-05,5.799999999999999600e-01
1.864000000000000110e-05,5.799999999999999600e-01
1.865000000000000270e-05,5.799999999999999600e-01
1.866000000000000091e-05,5.999999999999999778e-01
1.867000000000000251e-05,5.799999999999999600e-01
1.868000000000000072e-05,5.999999999999999778e-01
1.869000000000000232e-05,5.799999999999999600e-01
1.870000000000000053e-05,5.799999999999999600e-01
1.871000000000000213e-05,5.999999999999999778e-01
1.872000000000000034e-05,5.799999999999999600e-01
1.873000000000000194e-05,5.799999999999999600e-01
1.874000000000000015e-05,5.600000000000000533e-01
1.875000000000000175e-05,5.600000000000000533e-01
1.876000000000000334e-05,5.799999999999999600e-01
1.877000000000000155e-05,5.600000000000000533e-01
1.878000000000000315e-05,5.999999999999999778e-01
1.879000000000000136e-05,5.999999999999999778e-01
1.880000000000000296e-05,5.600000000000000533e-01
1.881000000000000117e-05,5.799999999999999600e-01
1.882000000000000277e-05,5.799999999999999600e-01
1.883000000000000098e-05,5.600000000000000533e-01
1.884000000000000258e-05,5.799999999999999600e-01
1.885000000000000079e-05,5.999999999999999778e-01
1.886000000000000239e-05,5.600000000000000533e-01
1.887000000000000060e-05,5.999999999999999778e-01
1.888000000000000219e-05,5.999999999999999778e-01
1.889000000000000041e-05,5.799999999999999600e-01
1.890000000000000200e-05,5.999999999999999778e-01
1.891000000000000021e-05,5.600000000000000533e-01
1.892000000000000181e-05,5.600000000000000533e-01
1.893000000000000341e-05,5.799999999999999600e-01
1.894000000000000162e-05,5.999999999999999778e-01
1.895000000000000322e-05,5.799999999999999600e-01
1.896000000000000143e-05,5.799999999999999600e-01
1.897000000000000303e-05,5.799999999999999600e-01
1.898000000000000124e-05,5.999999999999999778e-01
1.899000000000000284e-05,5.799999999999999600e-01
1.900000000000000105e-05,5.999999999999999778e-01
1.901000000000000264e-05,5.799999999999999600e-01
1.902000000000000085e-05,5.999999999999999778e-01
1.903000000000000245e-05,5.999999999999999778e-01
1.904000000000000066e-05,5.999999999999999778e-01
1.905000000000000226e-05,5.999999999999999778e-01
1.906000000000000047e-05,5.999999999999999778e-01
1.907000000000000207e-05,5.999999999999999778e-01
1.908000000000000028e-05,6.199999999999999956e-01
1.909000000000000188e-05,6.199999999999999956e-01
1.910000000000000009e-05,6.400000000000000133e-01
1.911000000000000169e-05,6.400000000000000133e-01
1.912000000000000329e-05,6.400000000000000133e-01
1.913000000000000150e-05,6.600000000000000311e-01
1.914000000000000309e-05,6.400000000000000133e-01
1.915000000000000130e-05,6.600000000000000311e-01
1.916000000000000290e-05,6.800000000000000488e-01
1.917000000000000111e-05,7.000000000000000666e-01
1.918000000000000271e-05,6.800000000000000488e-01
1.919000000000000092e-05,7.199999999999999734e-01
1.920000000000000252e-05,7.199999999999999734e-01
1.921000000000000073e-05,7.399999999999999911e-01
1.922000000000000233e-05,7.399999999999999911e-01
1.923000000000000054e-05,7.600000000000000089e-01
1.924000000000000214e-05,7.600000000000000089e-01
1.925000000000000035e-05,7.800000000000000266e-01
1.926000000000000194e-05,8.200000000000000622e-01
1.927000000000000016e-05,8.399999999999999689e-01
1.928000000000000175e-05,8.599999999999999867e-01
1.929000000000000335e-05,8.599999999999999867e-01
1.930000000000000156e-05,8.800000000000000044e-01
1.931000000000000316e-05,9.200000000000000400e-01
1.932000000000000137e-05,9.000000000000000222e-01
1.933000000000000297e-05,9.200000000000000400e-01
1.934000000000000118e-05,9.799999999999999822e-01
1.935000000000000278e-05,9.799999999999999822e-01
1.936000000000000099e-05,1.000000000000000000e+00
1.937000000000000259e-05,1.040000000000000036e+00
1.938000000000000080e-05,1.040000000000000036e+00
1.939000000000000239e-05,1.060000000000000053e+00
1.940000000000000060e-05,1.080000000000000071e+00
1.941000000000000220e-05,1.100000000000000089e+00
1.942000000000000041e-05,1.100000000000000089e+00
1.943000000000000201e-05,1.120000000000000107e+00
1.944000000000000022e-05,1.140000000000000124e+00
1.945000000000000182e-05,1.140000000000000124e+00
1.946000000000000342e-05,1.140000000000000124e+00
1.947000000000000163e-05,1.140000000000000124e+00
1.948000000000000323e-05,1.179999999999999938e+00
1.949000000000000144e-05,1.179999999999999938e+00
1.950000000000000304e-05,1.179999999999999938e+00
1.951000000000000125e-05,1.179999999999999938e+00
1.952000000000000284e-05,1.159999999999999920e+00
1.953000000000000105e-05,1.159999999999999920e+00
1.954000000000000265e-05,1.179999999999999938e+00
1.955000000000000086e-05,1.179999999999999938e+00
1.956000000000000246e-05,1.179999999999999938e+00
1.957000000000000067e-05,1.159999999999999920e+00
1.958000000000000227e-05,1.140000000000000124e+00
1.959000000000000048e-05,1.159999999999999920e+00
1.960000000000000208e-05,1.140000000000000124e+00
1.961000000000000029e-05,1.140000000000000124e+00
1.962000000000000189e-05,1.100000000000000089e+00
1.963000000000000010e-05,1.080000000000000071e+00
1.964000000000000169e-05,1.080000000000000071e+00
1.965000000000000329e-05,1.060000000000000053e+00
1.966000000000000150e-05,1.060000000000000053e+00
1.967000000000000310e-05,1.020000000000000018e+00
1.968000000000000131e-05,1.020000000000000018e+00
1.969000000000000291e-05,1.060000000000000053e+00
1.970000000000000112e-05,1.040000000000000036e+00
1.971000000000000272e-05,9.799999999999999822e-01
1.972000000000000093e-05,1.000000000000000000e+00
1.973000000000000253e-05,9.799999999999999822e-01
1.974000000000000074e-05,9.599999999999999645e-01
1.975000000000000234e-05,9.400000000000000577e-01
1.976000000000000055e-05,9.200000000000000400e-01
1.977000000000000214e-05,9.400000000000000577e-01
1.978000000000000035e-05,9.400000000000000577e-01
1.979000000000000195e-05,9.200000000000000400e-01
1.980000000000000016e-05,8.800000000000000044e-01
1.981000000000000176e-05,9.200000000000000400e-01
1.982000000000000336e-05,8.800000000000000044e-01
1.983000000000000157e-05,8.800000000000000044e-01
1.984000000000000317e-05,8.599999999999999867e-01
1.985000000000000138e-05,8.599999999999999867e-01
1.986000000000000298e-05,8.599999999999999867e-01
1.987000000000000119e-05,8.800000000000000044e-01
1.988000000000000278e-05,8.399999999999999689e-01
1.989000000000000100e-05,8.200000000000000622e-01
1.990000000000000259e-05,8.200000000000000622e-01
1.991000000000000080e-05,8.399999999999999689e-01
1.992000000000000240e-05,8.000000000000000444e-01
1.993000000000000061e-05,8.200000000000000622e-01
1.994000000000000221e-05,8.000000000000000444e-01
1.995000000000000042e-05,7.800000000000000266e-01
1.996000000000000202e-05,8.000000000000000444e-01
1.997000000000000023e-05,7.800000000000000266e-01
1.998000000000000183e-05,8.000000000000000444e-01
1.999000000000000343e-05,8.000000000000000444e-01
2.000000000000000164e-05,7.800000000000000266e-01
2.001000000000000323e-05,7.600000000000000089e-01
2.002000000000000144e-05,7.600000000000000089e-01
2.003000000000000304e-05,7.600000000000000089e-01
2.004000000000000125e-05,7.399999999999999911e-01
2.005000000000000285e-05,7.399999999999999911e-01
2.006000000000000106e-05,7.399999999999999911e-01
2.007000000000000266e-05,7.399999999999999911e-01
2.008000000000000087e-05,7.399999999999999911e-01
2.009000000000000247e-05,7.399999999999999911e-01
2.010000000000000068e-05,7.399999999999999911e-01
2.011000000000000228e-05,7.199999999999999734e-01
2.012000000000000049e-05,7.199999999999999734e-01
2.013000000000000209e-05,7.199999999999999734e-01
2.014000000000000030e-05,7.199999999999999734e-01
2.015000000000000189e-05,7.199999999999999734e-01
2.016000000000000010e-05,7.199999999999999734e-01
2.017000000000000170e-05,7.199999999999999734e-01
2.018000000000000330e-05,7.199999999999999734e-01
2.019000000000000151e-05,7.000000000000000666e-01
2.020000000000000311e-05,7.199999999999999734e-01
2.021000000000000132e-05,7.199999999999999734e-01
2.022000000000000292e-05,7.199999999999999734e-01
2.023000000000000113e-05,6.800000000000000488e-01
2.024000000000000273e-05,6.800000000000000488e-01
2.025000000000000094e-05,6.800000000000000488e-01
2.026000000000000253e-05,7.000000000000000666e-01
2.027000000000000075e-05,7.199999999999999734e-01
2.028000000000000234e-05,6.400000000000000133e-01
2.029000000000000055e-05,6.800000000000000488e-01
2.030000000000000215e-05,7.000000000000000666e-01
2.031000000000000036e-05,7.000000000000000666e-01
2.032000000000000196e-05,6.800000000000000488e-01
2.033000000000000017e-05,6.800000000000000488e-01
2.034000000000000177e-05,6.800000000000000488e-01
2.035000000000000337e-05,6.600000000000000311e-01
2.036000000000000158e-05,6.800000000000000488e-01
2.037000000000000318e-05,6.600000000000000311e-01
2.038000000000000139e-05,6.400000000000000133e-01
2.039000000000000298e-05,6.600000000000000311e-01
2.040000000000000119e-05,6.600000000000000311e-01
2.041000000000000279e-05,6.800000000000000488e-01
2.042000000000000100e-05,6.600000000000000311e-01
2.043000000000000260e-05,6.800000000000000488e-01
2.044000000000000081e-05,6.600000000000000311e-01
2.045000000000000241e-05,6.600000000000000311e-01
2.046000000000000062e-05,6.400000000000000133e-01
2.047000000000000222e-05,6.600000000000000311e-01
2.048000000000000043e-05,6.800000000000000488e-01
2.049000000000000203e-05,6.400000000000000133e-01
2.050000000000000024e-05,6.400000000000000133e-01
2.051000000000000184e-05,6.400000000000000133e-01
2.052000000000000343e-05,6.400000000000000133e-01
2.053000000000000164e-05,6.600000000000000311e-01
2.054000000000000324e-05,6.600000000000000311e-01
2.055000000000000145e-05,6.400000000000000133e-01
2.056000000000000305e-05,6.400000000000000133e-01
2.057000000000000126e-05,6.400000000000000133e-01
2.058000000000000286e-05,6.199999999999999956e-01
2.059000000000000107e-05,6.199999999999999956e-01
2.060000000000000267e-05,6.199999999999999956e-01
2.061000000000000088e-05,6.199999999999999956e-01
2.062000000000000248e-05,6.400000000000000133e-01
2.063000000000000069e-05,6.199999999999999956e-01
2.064000000000000228e-05,6.400000000000000133e-01
2.065000000000000049e-05,5.999999999999999778e-01
2.066000000000000209e-05,6.400000000000000133e-01
2.067000000000000030e-05,6.199999999999999956e-01
2.068000000000000190e-05,6.199999999999999956e-01
2.069000000000000011e-05,6.199999999999999956e-01
2.070000000000000171e-05,5.999999999999999778e-01
2.071000000000000331e-05,5.999999999999999778e-01
2.072000000000000152e-05,5.999999999999999778e-01
2.073000000000000312e-05,5.999999999999999778e-01
2.074000000000000133e-05,6.199999999999999956e-01
2.075000000000000293e-05,5.999999999999999778e-01
2.076000000000000114e-05,5.999999999999999778e-01
2.077000000000000273e-05,6.199999999999999956e-01
2.078000000000000094e-05,5.999999999999999778e-01
2.079000000000000254e-05,5.999999999999999778e-01
2.080000000000000075e-05,5.999999999999999778e-01
2.081000000000000235e-05,6.199999999999999956e-01
2.082000000000000056e-05,6.199999999999999956e-01
2.083000000000000216e-05,5.999999999999999778e-01
2.084000000000000037e-05,6.199999999999999956e-01
2.085000000000000197e-05,5.799999999999999600e-01
2.086000000000000018e-05,5.999999999999999778e-01
2.087000000000000178e-05,6.199999999999999956e-01
2.088000000000000338e-05,5.799999999999999600e-01
2.089000000000000159e-05,5.999999999999999778e-01
2.090000000000000318e-05,5.600000000000000533e-01
2.091000000000000139e-05,5.999999999999999778e-01
2.092000000000000299e-05,5.999999999999999778e-01
2.093000000000000120e-05,5.799999999999999600e-01
2.094000000000000280e-05,5.999999999999999778e-01
2.095000000000000101e-05,5.999999999999999778e-01
2.096000000000000261e-05,5.999999999999999778e-01
2.097000000000000082e-05,5.999999999999999778e-01
2.098000000000000242e-05,5.799999999999999600e-01
2.099000000000000063e-05,5.600000000000000533e-01
2.100000000000000223e-05,5.799999999999999600e-01
2.101000000000000044e-05,5.799999999999999600e-01
2.102000000000000203e-05,5.600000000000000533e-01
2.103000000000000024e-05,5.799999999999999600e-01
2.104000000000000184e-05,5.799999999999999600e-01
2.105000000000000344e-05,5.600000000000000533e-01
2.106000000000000165e-05,5.799999999999999600e-01
2.107000000000000325e-05,5.799999999999999600e-01
2.108000000000000146e-05,5.600000000000000533e-01
2.109000000000000306e-05,5.799999999999999600e-01
2.110000000000000127e-05,5.799999999999999600e-01
2.111000000000000287e-05,5.600000000000000533e-01
2.112000000000000108e-05,5.600000000000000533e-01
2.113000000000000268e-05,5.799999999999999600e-01
2.114000000000000089e-05,5.600000000000000533e-01
2.115000000000000248e-05,5.799999999999999600e-01
2.116000000000000069e-05,5.799999999999999600e-01
2.117000000000000229e-05,5.999999999999999778e-01
2.118000000000000050e-05,5.600000000000000533e-01
2.119000000000000210e-05,5.799999999999999600e-01
2.120000000000000031e-05,5.799999999999999600e-01
2.121000000000000191e-05,5.799999999999999600e-01
2.122000000000000012e-05,5.600000000000000533e-01
2.123000000000000172e-05,5.600000000000000533e-01
2.124000000000000332e-05,5.600000000000000533e-01
2.125000000000000153e-05,5.600000000000000533e-01
2.126000000000000312e-05,5.999999999999999778e-01
2.127000000000000134e-05,5.600000000000000533e-01
2.128000000000000293e-05,5.400000000000000355e-01
2.129000000000000114e-05,5.799999999999999600e-01
2.130000000000000274e-05,5.799999999999999600e-01
2.131000000000000095e-05,5.400000000000000355e-01
2.132000000000000255e-05,5.600000000000000533e-01
2.133000000000000076e-05,5.600000000000000533e-01
2.134000000000000236e-05,5.600000000000000533e-01
2.135000000000000057e-05,5.600000000000000533e-01
2.136000000000000217e-05,5.600000000000000533e-01
2.137000000000000038e-05,5.600000000000000533e-01
2.138000000000000198e-05,5.799999999999999600e-01
2.139000000000000019e-05,5.799999999999999600e-01
2.140000000000000178e-05,5.600000000000000533e-01
2.141000000000000338e-05,5.400000000000000355e-01
2.142000000000000159e-05,5.400000000000000355e-01
2.143000000000000319e-05,5.400000000000000355e-01
2.144000000000000140e-05,5.600000000000000533e-01
2.145000000000000300e-05,5.600000000000000533e-01
2.146000000000000121e-05,5.400000000000000355e-01
2.147000000000000281e-05,5.600000000000000533e-01
2.148000000000000102e-05,5.600000000000000533e-01
2.149000000000000262e-05,5.600000000000000533e-01
2.150000000000000083e-05,5.600000000000000533e-01
2.151000000000000243e-05,5.400000000000000355e-01
2.152000000000000064e-05,5.600000000000000533e-01
2.153000000000000223e-05,5.600000000000000533e-01
2.154000000000000044e-05,5.400000000000000355e-01
2.155000000000000204e-05,5.400000000000000355e-01
2.156000000000000025e-05,5.400000000000000355e-01
2.157000000000000185e-05,5.200000000000000178e-01
2.158000000000000345e-05,5.600000000000000533e-01
2.159000000000000166e-05,5.400000000000000355e-01
2.160000000000000326e-05,5.200000000000000178e-01
2.161000000000000147e-05,5.400000000000000355e-01
2.162000000000000307e-05,5.200000000000000178e-01
2.163000000000000128e-05,5.200000000000000178e-01
2.164000000000000287e-05,5.400000000000000355e-01
2.165000000000000108e-05,5.600000000000000533e-01
2.166000000000000268e-05,5.400000000000000355e-01
2.167000000000000089e-05,5.400000000000000355e-01
2.168000000000000249e-05,5.200000000000000178e-01
2.169000000000000070e-05,5.400000000000000355e-01
2.170000000000000230e-05,5.400000000000000355e-01
2.171000000000000051e-05,5.200000000000000178e-01
2.172000000000000211e-05,5.200000000000000178e-01
2.173000000000000032e-05,5.400000000000000355e-01
2.174000000000000192e-05,5.400000000000000355e-01
2.175000000000000013e-05,5.200000000000000178e-01
2.176000000000000173e-05,5.400000000000000355e-01
2.177000000000000332e-05,5.200000000000000178e-01
2.178000000000000153e-05,5.400000000000000355e-01
2.179000000000000313e-05,5.400000000000000355e-01
2.180000000000000134e-05,5.200000000000000178e-01
2.181000000000000294e-05,5.000000000000000000e-01
2.182000000000000115e-05,5.200000000000000178e-01
2.183000000000000275e-05,5.200000000000000178e-01
2.184000000000000096e-05,5.400000000000000355e-01
2.185000000000000256e-05,5.400000000000000355e-01
2.186000000000000077e-05,5.400000000000000355e-01
2.187000000000000237e-05,5.000000000000000000e-01
2.188000000000000058e-05,5.200000000000000178e-01
2.189000000000000218e-05,5.000000000000000000e-01
2.190000000000000039e-05,5.200000000000000178e-01
2.191000000000000198e-05,5.000000000000000000e-01
2.192000000000000019e-05,5.200000000000000178e-01
2.193000000000000179e-05,5.200000000000000178e-01
2.194000000000000339e-05,5.200000000000000178e-01
2.195000000000000160e-05,5.000000000000000000e-01
2.196000000000000320e-05,5.400000000000000355e-01
2.197000000000000141e-05,5.400000000000000355e-01
2.198000000000000301e-05,5.400000000000000355e-01
2.199000000000000122e-05,5.200000000000000178e-01
2.200000000000000282e-05,5.400000000000000355e-01
2.201000000000000103e-05,5.200000000000000178e-01
2.202000000000000262e-05,5.200000000000000178e-01
2.203000000000000083e-05,5.400000000000000355e-01
2.204000000000000243e-05,5.000000000000000000e-01
2.205000000000000064e-05,5.200000000000000178e-01
2.206000000000000224e-05,5.200000000000000178e-01
2.207000000000000045e-05,5.000000000000000000e-01
2.208000000000000205e-05,5.000000000000000000e-01
2.209000000000000026e-05,5.000000000000000000e-01
2.210000000000000186e-05,5.200000000000000178e-01
2.211000000000000346e-05,5.000000000000000000e-01
2.212000000000000167e-05,5.200000000000000178e-01
2.213000000000000327e-05,5.000000000000000000e-01
2.214000000000000148e-05,5.200000000000000178e-01
2.215000000000000307e-05,5.200000000000000178e-01
2.216000000000000128e-05,5.200000000000000178e-01
2.217000000000000288e-05,5.000000000000000000e-01
2.218000000000000109e-05,5.200000000000000178e-01
2.219000000000000269e-05,5.200000000000000178e-01
2.220000000000000090e-05,5.400000000000000355e-01
2.221000000000000250e-05,5.200000000000000178e-01
2.222000000000000071e-05,5.400000000000000355e-01
2.223000000000000231e-05,5.200000000000000178e-01
2.224000000000000052e-05,5.200000000000000178e-01
2.225000000000000212e-05,5.400000000000000355e-01
2.226000000000000033e-05,5.200000000000000178e-01
2.227000000000000193e-05,5.200000000000000178e-01
2.228000000000000014e-05,5.400000000000000355e-01
2.229000000000000173e-05,5.200000000000000178e-01
2.230000000000000333e-05,5.200000000000000178e-01
2.231000000000000154e-05,5.200000000000000178e-01
2.232000000000000314e-05,5.200000000000000178e-01
2.233000000000000135e-05,5.200000000000000178e-01
2.234000000000000295e-05,5.400000000000000355e-01
2.235000000000000116e-05,5.000000000000000000e-01
2.236000000000000276e-05,5.400000000000000355e-01
2.237000000000000097e-05,5.000000000000000000e-01
2.238000000000000257e-05,5.200000000000000178e-01
2.239000000000000078e-05,5.200000000000000178e-01
2.240000000000000237e-05,5.200000000000000178e-01
2.241000000000000058e-05,5.400000000000000355e-01
2.242000000000000218e-05,5.400000000000000355e-01
2.243000000000000039e-05,5.400000000000000355e-01
2.244000000000000199e-05,5.400000000000000355e-01
2.245000000000000020e-05,5.600000000000000533e-01
2.246000000000000180e-05,5.400000000000000355e-01
2.247000000000000340e-05,5.600000000000000533e-01
2.248000000000000161e-05,5.400000000000000355e-01
2.249000000000000321e-05,5.200000000000000178e-01
2.250000000000000142e-05,5.400000000000000355e-01
2.251000000000000302e-05,5.600000000000000533e-01
2.252000000000000123e-05,5.600000000000000533e-01
2.253000000000000282e-05,5.600000000000000533e-01
2.254000000000000103e-05,5.799999999999999600e-01
2.255000000000000263e-05,5.600000000000000533e-01
2.256000000000000084e-05,5.799999999999999600e-01
2.257000000000000244e-05,5.600000000000000533e-01
2.258000000000000065e-05,5.799999999999999600e-01
2.259000000000000225e-05,5.600000000000000533e-01
2.260000000000000046e-05,5.799999999999999600e-01
2.261000000000000206e-05,5.600000000000000533e-01
2.262000000000000027e-05,5.600000000000000533e-01
2.263000000000000187e-05,5.799999999999999600e-01
2.264000000000000346e-05,5.999999999999999778e-01
2.265000000000000167e-05,5.799999999999999600e-01
2.266000000000000327e-05,5.999999999999999778e-01
2.267000000000000148e-05,6.199999999999999956e-01
2.268000000000000308e-05,5.999999999999999778e-01
2.269000000000000129e-05,5.999999999999999778e-01
2.270000000000000289e-05,5.799999999999999600e-01
2.271000000000000110e-05,6.199999999999999956e-01
2.272000000000000270e-05,6.199999999999999956e-01
2.273000000000000091e-05,6.199999999999999956e-01
2.274000000000000251e-05,6.199999999999999956e-01
2.275000000000000072e-05,6.199999999999999956e-01
2.276000000000000232e-05,6.600000000000000311e-01
2.277000000000000053e-05,6.400000000000000133e-01
2.278000000000000212e-05,6.400000000000000133e-01
2.279000000000000033e-05,6.400000000000000133e-01
2.280000000000000193e-05,6.600000000000000311e-01
2.281000000000000014e-05,6.400000000000000133e-01
2.282000000000000174e-05,6.800000000000000488e-01
2.283000000000000334e-05,6.600000000000000311e-01
2.284000000000000155e-05,6.800000000000000488e-01
2.285000000000000315e-05,6.800000000000000488e-01
2.286000000000000136e-05,6.600000000000000311e-01
2.287000000000000296e-05,6.600000000000000311e-01
2.288000000000000117e-05,6.600000000000000311e-01
2.289000000000000277e-05,6.600000000000000311e-01
2.290000000000000098e-05,6.800000000000000488e-01
2.291000000000000257e-05,6.800000000000000488e-01
2.292000000000000078e-05,7.000000000000000666e-01
2.293000000000000238e-05,7.000000000000000666e-01
2.294000000000000059e-05,7.199999999999999734e-01
2.295000000000000219e-05,7.000000000000000666e-01
2.296000000000000040e-05,7.199999999999999734e-01
2.297000000000000200e-05,7.000000000000000666e-01
2.298000000000000021e-05,7.199999999999999734e-01
2.299000000000000181e-05,7.000000000000000666e-01
2.300000000000000341e-05,7.000000000000000666e-01
2.301000000000000162e-05,6.800000000000000488e-01
2.302000000000000321e-05,7.000000000000000666e-01
2.303000000000000142e-05,7.000000000000000666e-01
2.304000000000000302e-05,7.000000000000000666e-01
2.305000000000000123e-05,7.000000000000000666e-01
2.306000000000000283e-05,6.800000000000000488e-01
2.307000000000000104e-05,6.800000000000000488e-01
2.308000000000000264e-05,7.000000000000000666e-01
2.309000000000000085e-05,6.800000000000000488e-01
2.310000000000000245e-05,7.199999999999999734e-01
2.311000000000000066e-05,7.000000000000000666e-01
2.312000000000000226e-05,6.800000000000000488e-01
2.313000000000000047e-05,6.800000000000000488e-01
2.314000000000000207e-05,7.000000000000000666e-01
2.315000000000000028e-05,7.000000000000000666e-01
2.316000000000000187e-05,6.600000000000000311e-01
2.317000000000000347e-05,7.000000000000000666e-01
2.318000000000000168e-05,6.600000000000000311e-01
2.319000000000000328e-05,6.800000000000000488e-01
2.320000000000000149e-05,6.600000000000000311e-01
2.321000000000000309e-05,6.800000000000000488e-01
2.322000000000000130e-05,6.600000000000000311e-01
2.323000000000000290e-05,7.000000000000000666e-01
2.324000000000000111e-05,6.800000000000000488e-01
2.325000000000000271e-05,6.400000000000000133e-01
2.326000000000000092e-05,6.400000000000000133e-01
2.327000000000000252e-05,6.600000000000000311e-01
2.328000000000000073e-05,6.600000000000000311e-01
2.329000000000000232e-05,6.600000000000000311e-01
2.330000000000000053e-05,6.400000000000000133e-01
2.331000000000000213e-05,6.600000000000000311e-01
2.332000000000000034e-05,6.400000000000000133e-01
2.333000000000000194e-05,6.400000000000000133e-01
2.334000000000000015e-05,6.199999999999999956e-01
2.335000000000000175e-05,6.400000000000000133e-01
2.336000000000000335e-05,5.999999999999999778e-01
2.337000000000000156e-05,6.400000000000000133e-01
2.338000000000000316e-05,5.999999999999999778e-01
2.339000000000000137e-05,5.999999999999999778e-01
2.340000000000000296e-05,6.199999999999999956e-01
2.341000000000000117e-05,5.999999999999999778e-01
2.342000000000000277e-05,5.999999999999999778e-01
2.343000000000000098e-05,5.999999999999999778e-01
2.344000000000000258e-05,5.799999999999999600e-01
2.345000000000000079e-05,5.799999999999999600e-01
2.346000000000000239e-05,5.999999999999999778e-01
2.347000000000000060e-05,5.999999999999999778e-01
2.348000000000000220e-05,5.600000000000000533e-01
2.349000000000000041e-05,5.999999999999999778e-01
2.350000000000000201e-05,5.999999999999999778e-01
2.351000000000000022e-05,5.999999999999999778e-01
2.352000000000000182e-05,5.999999999999999778e-01
2.353000000000000341e-05,5.799999999999999600e-01
2.354000000000000162e-05,5.799999999999999600e-01
2.355000000000000322e-05,5.799999999999999600e-01
2.356000000000000143e-05,5.600000000000000533e-01
2.357000000000000303e-05,5.600000000000000533e-01
2.358000000000000124e-05,5.600000000000000533e-01
2.359000000000000284e-05,5.799999999999999600e-01
2.360000000000000105e-05,5.600000000000000533e-01
2.361000000000000265e-05,5.600000000000000533e-01
2.362000000000000086e-05,5.600000000000000533e-01
2.363000000000000246e-05,5.799999999999999600e-01
2.364000000000000067e-05,5.400000000000000355e-01
2.365000000000000226e-05,5.600000000000000533e-01
2.366000000000000048e-05,5.600000000000000533e-01
2.367000000000000207e-05,5.400000000000000355e-01
2.368000000000000028e-05,5.400000000000000355e-01
2.369000000000000188e-05,5.200000000000000178e-01
2.370000000000000348e-05,5.200000000000000178e-01
2.371000000000000169e-05,5.600000000000000533e-01
2.372000000000000329e-05,5.400000000000000355e-01
2.373000000000000150e-05,5.600000000000000533e-01
2.374000000000000310e-05,5.600000000000000533e-01
2.375000000000000131e-05,5.600000000000000533e-01
2.376000000000000291e-05,5.400000000000000355e-01
2.377000000000000112e-05,5.400000000000000355e-01
2.378000000000000271e-05,5.400000000000000355e-01
2.379000000000000092e-05,5.200000000000000178e-01
