time_s,voltage_V
-1.190000000000000041e-06,-4.000000000000000083e-02
-1.188999999999999966e-06,-8.000000000000000167e-02
-1.188000000000000103e-06,-4.000000000000000083e-02
-1.187000000000000028e-06,-4.000000000000000083e-02
-1.185999999999999953e-06,-4.000000000000000083e-02
-1.185000000000000089e-06,0.000000000000000000e+00
-1.184000000000000014e-06,-4.000000000000000083e-02
-1.182999999999999939e-06,-4.000000000000000083e-02
-1.182000000000000076e-06,0.000000000000000000e+00
-1.181000000000000001e-06,-8.000000000000000167e-02
-1.180000000000000137e-06,-8.000000000000000167e-02
-1.179000000000000062e-06,0.000000000000000000e+00
-1.177999999999999987e-06,0.000000000000000000e+00
-1.177000000000000124e-06,-8.000000000000000167e-02
-1.176000000000000048e-06,-1.199999999999999956e-01
-1.174999999999999973e-06,-4.000000000000000083e-02
-1.174000000000000110e-06,-4.000000000000000083e-02
-1.173000000000000035e-06,0.000000000000000000e+00
-1.171999999999999960e-06,0.000000000000000000e+00
-1.171000000000000096e-06,-4.000000000000000083e-02
-1.170000000000000021e-06,-4.000000000000000083e-02
-1.168999999999999946e-06,-4.000000000000000083e-02
-1.168000000000000083e-06,0.000000000000000000e+00
-1.167000000000000008e-06,-4.000000000000000083e-02
-1.165999999999999932e-06,-4.000000000000000083e-02
-1.165000000000000069e-06,-8.000000000000000167e-02
-1.163999999999999994e-06,-8.000000000000000167e-02
-1.163000000000000131e-06,-4.000000000000000083e-02
-1.162000000000000055e-06,-4.000000000000000083e-02
-1.160999999999999980e-06,-4.000000000000000083e-02
-1.160000000000000117e-06,0.000000000000000000e+00
-1.159000000000000042e-06,0.000000000000000000e+00
-1.157999999999999967e-06,0.000000000000000000e+00
-1.157000000000000103e-06,-4.000000000000000083e-02
-1.156000000000000028e-06,0.000000000000000000e+00
-1.154999999999999953e-06,-8.000000000000000167e-02
-1.154000000000000090e-06,-4.000000000000000083e-02
-1.153000000000000015e-06,-8.000000000000000167e-02
-1.151999999999999939e-06,-4.000000000000000083e-02
-1.151000000000000076e-06,-4.000000000000000083e-02
-1.150000000000000001e-06,-4.000000000000000083e-02
-1.149000000000000138e-06,0.000000000000000000e+00
-1.148000000000000062e-06,0.000000000000000000e+00
-1.146999999999999987e-06,0.000000000000000000e+00
-1.146000000000000124e-06,-8.000000000000000167e-02
-1.145000000000000049e-06,0.000000000000000000e+00
-1.143999999999999974e-06,-4.000000000000000083e-02
-1.143000000000000110e-06,-8.000000000000000167e-02
-1.142000000000000035e-06,0.000000000000000000e+00
-1.140999999999999960e-06,-4.000000000000000083e-02
-1.140000000000000097e-06,-4.000000000000000083e-02
-1.139000000000000022e-06,-4.000000000000000083e-02
-1.137999999999999946e-06,-4.000000000000000083e-02
-1.137000000000000083e-06,-8.000000000000000167e-02
-1.136000000000000008e-06,-4.000000000000000083e-02
-1.135000000000000145e-06,0.000000000000000000e+00
-1.134000000000000069e-06,0.000000000000000000e+00
-1.132999999999999994e-06,-1.199999999999999956e-01
-1.132000000000000131e-06,-4.000000000000000083e-02
-1.131000000000000056e-06,-4.000000000000000083e-02
-1.129999999999999981e-06,-4.000000000000000083e-02
-1.129000000000000117e-06,-8.000000000000000167e-02
-1.128000000000000042e-06,-4.000000000000000083e-02
-1.126999999999999967e-06,-4.000000000000000083e-02
-1.126000000000000104e-06,-4.000000000000000083e-02
-1.125000000000000029e-06,-4.000000000000000083e-02
-1.123999999999999953e-06,-4.000000000000000083e-02
-1.123000000000000090e-06,0.000000000000000000e+00
-1.122000000000000015e-06,-4.000000000000000083e-02
-1.120999999999999940e-06,-4.000000000000000083e-02
-1.120000000000000076e-06,-4.000000000000000083e-02
-1.119000000000000001e-06,-4.000000000000000083e-02
-1.118000000000000138e-06,0.000000000000000000e+00
-1.117000000000000063e-06,-4.000000000000000083e-02
-1.115999999999999988e-06,-4.000000000000000083e-02
-1.115000000000000124e-06,-4.000000000000000083e-02
-1.114000000000000049e-06,-8.000000000000000167e-02
-1.112999999999999974e-06,-4.000000000000000083e-02
-1.112000000000000111e-06,0.000000000000000000e+00
-1.111000000000000035e-06,0.000000000000000000e+00
-1.109999999999999960e-06,0.000000000000000000e+00
-1.109000000000000097e-06,0.000000000000000000e+00
-1.108000000000000022e-06,0.000000000000000000e+00
-1.106999999999999947e-06,0.000000000000000000e+00
-1.106000000000000083e-06,-4.000000000000000083e-02
-1.105000000000000008e-06,0.000000000000000000e+00
-1.103999999999999933e-06,0.000000000000000000e+00
-1.103000000000000070e-06,0.000000000000000000e+00
-1.101999999999999995e-06,0.000000000000000000e+00
-1.101000000000000131e-06,-4.000000000000000083e-02
-1.100000000000000056e-06,0.000000000000000000e+00
-1.098999999999999981e-06,-4.000000000000000083e-02
-1.098000000000000118e-06,0.000000000000000000e+00
-1.097000000000000042e-06,-4.000000000000000083e-02
-1.095999999999999967e-06,-8.000000000000000167e-02
-1.095000000000000104e-06,-4.000000000000000083e-02
-1.094000000000000029e-06,-4.000000000000000083e-02
-1.092999999999999954e-06,-4.000000000000000083e-02
-1.092000000000000090e-06,0.000000000000000000e+00
-1.091000000000000015e-06,0.000000000000000000e+00
-1.089999999999999940e-06,-4.000000000000000083e-02
-1.089000000000000077e-06,0.000000000000000000e+00
-1.088000000000000002e-06,0.000000000000000000e+00
-1.086999999999999926e-06,-4.000000000000000083e-02
-1.086000000000000063e-06,0.000000000000000000e+00
-1.084999999999999988e-06,-4.000000000000000083e-02
-1.084000000000000125e-06,0.000000000000000000e+00
-1.083000000000000049e-06,0.000000000000000000e+00
-1.081999999999999974e-06,0.000000000000000000e+00
-1.081000000000000111e-06,0.000000000000000000e+00
-1.080000000000000036e-06,-8.000000000000000167e-02
-1.078999999999999961e-06,-4.000000000000000083e-02
-1.078000000000000097e-06,-4.000000000000000083e-02
-1.077000000000000022e-06,-4.000000000000000083e-02
-1.075999999999999947e-06,4.000000000000000083e-02
-1.075000000000000084e-06,0.000000000000000000e+00
-1.074000000000000009e-06,-4.000000000000000083e-02
-1.073000000000000145e-06,-4.000000000000000083e-02
-1.072000000000000070e-06,-4.000000000000000083e-02
-1.070999999999999995e-06,0.000000000000000000e+00
-1.069999999999999920e-06,-4.000000000000000083e-02
-1.069000000000000056e-06,0.000000000000000000e+00
-1.067999999999999981e-06,4.000000000000000083e-02
-1.067000000000000118e-06,0.000000000000000000e+00
-1.066000000000000043e-06,-8.000000000000000167e-02
-1.064999999999999968e-06,-4.000000000000000083e-02
-1.064000000000000104e-06,-8.000000000000000167e-02
-1.063000000000000029e-06,-8.000000000000000167e-02
-1.061999999999999954e-06,-4.000000000000000083e-02
-1.061000000000000091e-06,-4.000000000000000083e-02
-1.060000000000000016e-06,0.000000000000000000e+00
-1.058999999999999940e-06,-4.000000000000000083e-02
-1.058000000000000077e-06,0.000000000000000000e+00
-1.057000000000000002e-06,4.000000000000000083e-02
-1.056000000000000139e-06,-4.000000000000000083e-02
-1.055000000000000063e-06,0.000000000000000000e+00
-1.053999999999999988e-06,-4.000000000000000083e-02
-1.053000000000000125e-06,0.000000000000000000e+00
-1.052000000000000050e-06,-4.000000000000000083e-02
-1.050999999999999975e-06,-4.000000000000000083e-02
-1.050000000000000111e-06,0.000000000000000000e+00
-1.049000000000000036e-06,0.000000000000000000e+00
-1.047999999999999961e-06,4.000000000000000083e-02
-1.047000000000000098e-06,-8.000000000000000167e-02
-1.046000000000000023e-06,0.000000000000000000e+00
-1.044999999999999947e-06,-4.000000000000000083e-02
-1.044000000000000084e-06,-8.000000000000000167e-02
-1.043000000000000009e-06,-4.000000000000000083e-02
-1.041999999999999934e-06,0.000000000000000000e+00
-1.041000000000000070e-06,-4.000000000000000083e-02
-1.039999999999999995e-06,-8.000000000000000167e-02
-1.039000000000000132e-06,0.000000000000000000e+00
-1.038000000000000057e-06,-4.000000000000000083e-02
-1.036999999999999982e-06,-4.000000000000000083e-02
-1.036000000000000118e-06,0.000000000000000000e+00
-1.035000000000000043e-06,-4.000000000000000083e-02
-1.033999999999999968e-06,-8.000000000000000167e-02
-1.033000000000000105e-06,-4.000000000000000083e-02
-1.032000000000000030e-06,-4.000000000000000083e-02
-1.030999999999999954e-06,-4.000000000000000083e-02
-1.030000000000000091e-06,-4.000000000000000083e-02
-1.029000000000000016e-06,-4.000000000000000083e-02
-1.027999999999999941e-06,-8.000000000000000167e-02
-1.027000000000000077e-06,-8.000000000000000167e-02
-1.026000000000000002e-06,-4.000000000000000083e-02
-1.024999999999999927e-06,-4.000000000000000083e-02
-1.024000000000000064e-06,0.000000000000000000e+00
-1.022999999999999989e-06,-8.000000000000000167e-02
-1.022000000000000125e-06,-4.000000000000000083e-02
-1.021000000000000050e-06,0.000000000000000000e+00
-1.019999999999999975e-06,0.000000000000000000e+00
-1.019000000000000112e-06,0.000000000000000000e+00
-1.018000000000000037e-06,0.000000000000000000e+00
-1.016999999999999961e-06,-4.000000000000000083e-02
-1.016000000000000098e-06,-4.000000000000000083e-02
-1.015000000000000023e-06,-4.000000000000000083e-02
-1.013999999999999948e-06,-4.000000000000000083e-02
-1.013000000000000084e-06,-4.000000000000000083e-02
-1.012000000000000009e-06,-8.000000000000000167e-02
-1.011000000000000146e-06,-8.000000000000000167e-02
-1.010000000000000071e-06,-4.000000000000000083e-02
-1.008999999999999996e-06,0.000000000000000000e+00
-1.007999999999999921e-06,-8.000000000000000167e-02
-1.007000000000000057e-06,-1.199999999999999956e-01
-1.005999999999999982e-06,0.000000000000000000e+00
-1.005000000000000119e-06,0.000000000000000000e+00
-1.004000000000000044e-06,0.000000000000000000e+00
-1.002999999999999968e-06,0.000000000000000000e+00
-1.002000000000000105e-06,0.000000000000000000e+00
-1.001000000000000030e-06,-4.000000000000000083e-02
-9.999999999999999547e-07,-8.000000000000000167e-02
-9.990000000000000914e-07,-4.000000000000000083e-02
-9.980000000000000162e-07,-8.000000000000000167e-02
-9.969999999999999411e-07,-8.000000000000000167e-02
-9.960000000000000777e-07,-4.000000000000000083e-02
-9.950000000000000026e-07,0.000000000000000000e+00
-9.940000000000001392e-07,-4.000000000000000083e-02
-9.930000000000000641e-07,-4.000000000000000083e-02
-9.919999999999999890e-07,-4.000000000000000083e-02
-9.909999999999999139e-07,-4.000000000000000083e-02
-9.900000000000000505e-07,0.000000000000000000e+00
-9.889999999999999754e-07,-4.000000000000000083e-02
-9.880000000000001120e-07,-4.000000000000000083e-02
-9.870000000000000369e-07,-4.000000000000000083e-02
-9.859999999999999617e-07,0.000000000000000000e+00
-9.850000000000000984e-07,-4.000000000000000083e-02
-9.840000000000000232e-07,4.000000000000000083e-02
-9.829999999999999481e-07,0.000000000000000000e+00
-9.820000000000000847e-07,0.000000000000000000e+00
-9.810000000000000096e-07,0.000000000000000000e+00
-9.799999999999999345e-07,-4.000000000000000083e-02
-9.790000000000000711e-07,-4.000000000000000083e-02
-9.779999999999999960e-07,-4.000000000000000083e-02
-9.770000000000001326e-07,4.000000000000000083e-02
-9.760000000000000575e-07,0.000000000000000000e+00
-9.749999999999999823e-07,0.000000000000000000e+00
-9.740000000000001190e-07,0.000000000000000000e+00
-9.730000000000000438e-07,-8.000000000000000167e-02
-9.719999999999999687e-07,-4.000000000000000083e-02
-9.710000000000001053e-07,0.000000000000000000e+00
-9.700000000000000302e-07,-4.000000000000000083e-02
-9.689999999999999551e-07,0.000000000000000000e+00
-9.680000000000000917e-07,0.000000000000000000e+00
-9.670000000000000166e-07,-8.000000000000000167e-02
-9.659999999999999415e-07,-4.000000000000000083e-02
-9.650000000000000781e-07,-4.000000000000000083e-02
-9.640000000000000030e-07,0.000000000000000000e+00
-9.629999999999999278e-07,-4.000000000000000083e-02
-9.620000000000000645e-07,-4.000000000000000083e-02
-9.609999999999999893e-07,0.000000000000000000e+00
-9.600000000000001260e-07,0.000000000000000000e+00
-9.590000000000000508e-07,-4.000000000000000083e-02
-9.579999999999999757e-07,0.000000000000000000e+00
-9.570000000000001123e-07,-4.000000000000000083e-02
-9.560000000000000372e-07,0.000000000000000000e+00
-9.549999999999999621e-07,-4.000000000000000083e-02
-9.540000000000000987e-07,0.000000000000000000e+00
-9.530000000000000236e-07,0.000000000000000000e+00
-9.520000000000000543e-07,0.000000000000000000e+00
-9.510000000000000851e-07,0.000000000000000000e+00
-9.500000000000000100e-07,-4.000000000000000083e-02
-9.490000000000000407e-07,0.000000000000000000e+00
-9.480000000000000715e-07,-4.000000000000000083e-02
-9.469999999999999963e-07,0.000000000000000000e+00
-9.460000000000000271e-07,-8.000000000000000167e-02
-9.450000000000000578e-07,-8.000000000000000167e-02
-9.439999999999999827e-07,0.000000000000000000e+00
-9.430000000000000134e-07,0.000000000000000000e+00
-9.420000000000000442e-07,-4.000000000000000083e-02
-9.409999999999999691e-07,-4.000000000000000083e-02
-9.399999999999999998e-07,0.000000000000000000e+00
-9.390000000000000306e-07,-4.000000000000000083e-02
-9.379999999999999554e-07,-8.000000000000000167e-02
-9.370000000000000921e-07,-4.000000000000000083e-02
-9.360000000000000169e-07,-4.000000000000000083e-02
-9.350000000000000477e-07,-8.000000000000000167e-02
-9.340000000000000784e-07,-4.000000000000000083e-02
-9.330000000000000033e-07,-8.000000000000000167e-02
-9.320000000000000341e-07,-8.000000000000000167e-02
-9.310000000000000648e-07,-4.000000000000000083e-02
-9.299999999999999897e-07,0.000000000000000000e+00
-9.290000000000000204e-07,0.000000000000000000e+00
-9.280000000000000512e-07,0.000000000000000000e+00
-9.269999999999999761e-07,0.000000000000000000e+00
-9.260000000000000068e-07,0.000000000000000000e+00
-9.250000000000000376e-07,0.000000000000000000e+00
-9.239999999999999624e-07,-4.000000000000000083e-02
-9.230000000000000991e-07,0.000000000000000000e+00
-9.220000000000000239e-07,0.000000000000000000e+00
-9.209999999999999488e-07,0.000000000000000000e+00
-9.200000000000000854e-07,0.000000000000000000e+00
-9.190000000000000103e-07,0.000000000000000000e+00
-9.180000000000000410e-07,-4.000000000000000083e-02
-9.170000000000000718e-07,-4.000000000000000083e-02
-9.159999999999999967e-07,-8.000000000000000167e-02
-9.150000000000000274e-07,-8.000000000000000167e-02
-9.140000000000000582e-07,-4.000000000000000083e-02
-9.129999999999999830e-07,-4.000000000000000083e-02
-9.120000000000000138e-07,-4.000000000000000083e-02
-9.110000000000000445e-07,0.000000000000000000e+00
-9.099999999999999694e-07,-4.000000000000000083e-02
-9.090000000000000002e-07,0.000000000000000000e+00
-9.080000000000000309e-07,-8.000000000000000167e-02
-9.069999999999999558e-07,4.000000000000000083e-02
-9.060000000000000924e-07,-4.000000000000000083e-02
-9.050000000000000173e-07,0.000000000000000000e+00
-9.040000000000000480e-07,0.000000000000000000e+00
-9.030000000000000788e-07,4.000000000000000083e-02
-9.020000000000000037e-07,0.000000000000000000e+00
-9.010000000000000344e-07,0.000000000000000000e+00
-9.000000000000000652e-07,4.000000000000000083e-02
-8.989999999999999900e-07,-4.000000000000000083e-02
-8.980000000000000208e-07,-8.000000000000000167e-02
-8.970000000000000515e-07,-4.000000000000000083e-02
-8.959999999999999764e-07,-4.000000000000000083e-02
-8.950000000000000071e-07,0.000000000000000000e+00
-8.940000000000000379e-07,0.000000000000000000e+00
-8.929999999999999628e-07,0.000000000000000000e+00
-8.920000000000000994e-07,-4.000000000000000083e-02
-8.910000000000000243e-07,0.000000000000000000e+00
-8.899999999999999491e-07,0.000000000000000000e+00
-8.890000000000000858e-07,0.000000000000000000e+00
-8.880000000000000106e-07,0.000000000000000000e+00
-8.870000000000000414e-07,4.000000000000000083e-02
-8.860000000000000721e-07,-4.000000000000000083e-02
-8.849999999999999970e-07,-4.000000000000000083e-02
-8.840000000000000278e-07,-4.000000000000000083e-02
-8.830000000000000585e-07,-4.000000000000000083e-02
-8.819999999999999834e-07,0.000000000000000000e+00
-8.810000000000000141e-07,-8.000000000000000167e-02
-8.800000000000000449e-07,0.000000000000000000e+00
-8.789999999999999698e-07,-8.000000000000000167e-02
-8.780000000000000005e-07,0.000000000000000000e+00
-8.770000000000000313e-07,0.000000000000000000e+00
-8.759999999999999561e-07,0.000000000000000000e+00
-8.750000000000000928e-07,-4.000000000000000083e-02
-8.740000000000000176e-07,0.000000000000000000e+00
-8.729999999999999425e-07,-4.000000000000000083e-02
-8.720000000000000791e-07,0.000000000000000000e+00
-8.710000000000000040e-07,0.000000000000000000e+00
-8.700000000000000347e-07,-4.000000000000000083e-02
-8.690000000000000655e-07,0.000000000000000000e+00
-8.679999999999999904e-07,-4.000000000000000083e-02
-8.670000000000000211e-07,-1.199999999999999956e-01
-8.660000000000000519e-07,-4.000000000000000083e-02
-8.649999999999999767e-07,-8.000000000000000167e-02
-8.640000000000000075e-07,0.000000000000000000e+00
-8.630000000000000382e-07,-4.000000000000000083e-02
-8.619999999999999631e-07,-4.000000000000000083e-02
-8.610000000000000997e-07,0.000000000000000000e+00
-8.600000000000000246e-07,0.000000000000000000e+00
-8.589999999999999495e-07,-4.000000000000000083e-02
-8.580000000000000861e-07,-8.000000000000000167e-02
-8.570000000000000110e-07,0.000000000000000000e+00
-8.560000000000000417e-07,-8.000000000000000167e-02
-8.550000000000000725e-07,0.000000000000000000e+00
-8.539999999999999974e-07,-4.000000000000000083e-02
-8.530000000000000281e-07,-8.000000000000000167e-02
-8.520000000000000589e-07,-4.000000000000000083e-02
-8.509999999999999837e-07,0.000000000000000000e+00
-8.500000000000000145e-07,0.000000000000000000e+00
-8.490000000000000452e-07,-8.000000000000000167e-02
-8.479999999999999701e-07,-4.000000000000000083e-02
-8.470000000000000008e-07,-4.000000000000000083e-02
-8.460000000000000316e-07,-8.000000000000000167e-02
-8.449999999999999565e-07,0.000000000000000000e+00
-8.440000000000000931e-07,-4.000000000000000083e-02
-8.430000000000000180e-07,-4.000000000000000083e-02
-8.419999999999999428e-07,0.000000000000000000e+00
-8.410000000000000795e-07,0.000000000000000000e+00
-8.400000000000000043e-07,-4.000000000000000083e-02
-8.390000000000000351e-07,-8.000000000000000167e-02
-8.380000000000000658e-07,-4.000000000000000083e-02
-8.369999999999999907e-07,0.000000000000000000e+00
-8.360000000000000215e-07,-8.000000000000000167e-02
-8.350000000000000522e-07,-4.000000000000000083e-02
-8.339999999999999771e-07,-4.000000000000000083e-02
-8.330000000000000078e-07,-4.000000000000000083e-02
-8.320000000000000386e-07,-8.000000000000000167e-02
-8.309999999999999635e-07,-4.000000000000000083e-02
-8.299999999999999942e-07,-4.000000000000000083e-02
-8.290000000000000250e-07,-4.000000000000000083e-02
-8.279999999999999498e-07,0.000000000000000000e+00
-8.270000000000000865e-07,0.000000000000000000e+00
-8.260000000000000113e-07,-4.000000000000000083e-02
-8.250000000000000421e-07,-4.000000000000000083e-02
-8.240000000000000728e-07,0.000000000000000000e+00
-8.229999999999999977e-07,0.000000000000000000e+00
-8.220000000000000284e-07,0.000000000000000000e+00
-8.210000000000000592e-07,0.000000000000000000e+00
-8.199999999999999841e-07,0.000000000000000000e+00
-8.190000000000000148e-07,0.000000000000000000e+00
-8.180000000000000456e-07,-4.000000000000000083e-02
-8.169999999999999704e-07,0.000000000000000000e+00
-8.160000000000000012e-07,-4.000000000000000083e-02
-8.150000000000000319e-07,-8.000000000000000167e-02
-8.139999999999999568e-07,-4.000000000000000083e-02
-8.130000000000000934e-07,-4.000000000000000083e-02
-8.120000000000000183e-07,0.000000000000000000e+00
-8.109999999999999432e-07,0.000000000000000000e+00
-8.100000000000000798e-07,-4.000000000000000083e-02
-8.090000000000000047e-07,-8.000000000000000167e-02
-8.080000000000000354e-07,0.000000000000000000e+00
-8.070000000000000662e-07,-4.000000000000000083e-02
-8.059999999999999911e-07,0.000000000000000000e+00
-8.050000000000000218e-07,-4.000000000000000083e-02
-8.040000000000000526e-07,0.000000000000000000e+00
-8.029999999999999774e-07,-4.000000000000000083e-02
-8.020000000000000082e-07,-4.000000000000000083e-02
-8.010000000000000389e-07,-4.000000000000000083e-02
-7.999999999999999638e-07,-4.000000000000000083e-02
-7.989999999999999945e-07,-8.000000000000000167e-02
-7.980000000000000253e-07,0.000000000000000000e+00
-7.969999999999999502e-07,-4.000000000000000083e-02
-7.960000000000000868e-07,0.000000000000000000e+00
-7.950000000000000117e-07,0.000000000000000000e+00
-7.940000000000000424e-07,0.000000000000000000e+00
-7.930000000000000732e-07,0.000000000000000000e+00
-7.919999999999999980e-07,-4.000000000000000083e-02
-7.910000000000000288e-07,-4.000000000000000083e-02
-7.900000000000000595e-07,0.000000000000000000e+00
-7.889999999999999844e-07,0.000000000000000000e+00
-7.880000000000000152e-07,4.000000000000000083e-02
-7.870000000000000459e-07,0.000000000000000000e+00
-7.859999999999999708e-07,-4.000000000000000083e-02
-7.850000000000000015e-07,-8.000000000000000167e-02
-7.840000000000000323e-07,0.000000000000000000e+00
-7.829999999999999572e-07,-4.000000000000000083e-02
-7.820000000000000938e-07,-4.000000000000000083e-02
-7.810000000000000187e-07,-4.000000000000000083e-02
-7.799999999999999435e-07,-8.000000000000000167e-02
-7.790000000000000802e-07,-4.000000000000000083e-02
-7.780000000000000050e-07,0.000000000000000000e+00
-7.770000000000000358e-07,0.000000000000000000e+00
-7.760000000000000665e-07,0.000000000000000000e+00
-7.749999999999999914e-07,-4.000000000000000083e-02
-7.740000000000000221e-07,-8.000000000000000167e-02
-7.730000000000000529e-07,0.000000000000000000e+00
-7.719999999999999778e-07,4.000000000000000083e-02
-7.710000000000000085e-07,0.000000000000000000e+00
-7.700000000000000393e-07,-4.000000000000000083e-02
-7.689999999999999641e-07,-8.000000000000000167e-02
-7.679999999999999949e-07,-8.000000000000000167e-02
-7.670000000000000256e-07,-4.000000000000000083e-02
-7.659999999999999505e-07,-4.000000000000000083e-02
-7.650000000000000871e-07,-4.000000000000000083e-02
-7.640000000000000120e-07,-4.000000000000000083e-02
-7.629999999999999369e-07,-4.000000000000000083e-02
-7.620000000000000735e-07,4.000000000000000083e-02
-7.609999999999999984e-07,-4.000000000000000083e-02
-7.600000000000000291e-07,0.000000000000000000e+00
-7.590000000000000599e-07,-4.000000000000000083e-02
-7.579999999999999848e-07,-8.000000000000000167e-02
-7.570000000000000155e-07,-4.000000000000000083e-02
-7.560000000000000463e-07,-4.000000000000000083e-02
-7.549999999999999711e-07,-4.000000000000000083e-02
-7.540000000000000019e-07,-8.000000000000000167e-02
-7.530000000000000326e-07,0.000000000000000000e+00
-7.519999999999999575e-07,0.000000000000000000e+00
-7.509999999999999883e-07,0.000000000000000000e+00
-7.500000000000000190e-07,-8.000000000000000167e-02
-7.489999999999999439e-07,-4.000000000000000083e-02
-7.480000000000000805e-07,0.000000000000000000e+00
-7.470000000000000054e-07,-4.000000000000000083e-02
-7.460000000000000361e-07,0.000000000000000000e+00
-7.450000000000000669e-07,0.000000000000000000e+00
-7.439999999999999917e-07,-4.000000000000000083e-02
-7.430000000000000225e-07,0.000000000000000000e+00
-7.420000000000000532e-07,-4.000000000000000083e-02
-7.409999999999999781e-07,-4.000000000000000083e-02
-7.400000000000000089e-07,-4.000000000000000083e-02
-7.390000000000000396e-07,-8.000000000000000167e-02
-7.379999999999999645e-07,0.000000000000000000e+00
-7.369999999999999952e-07,-4.000000000000000083e-02
-7.360000000000000260e-07,-4.000000000000000083e-02
-7.349999999999999509e-07,-8.000000000000000167e-02
-7.340000000000000875e-07,-4.000000000000000083e-02
-7.330000000000000124e-07,-4.000000000000000083e-02
-7.319999999999999372e-07,-4.000000000000000083e-02
-7.310000000000000739e-07,-4.000000000000000083e-02
-7.299999999999999987e-07,-4.000000000000000083e-02
-7.290000000000000295e-07,0.000000000000000000e+00
-7.280000000000000602e-07,0.000000000000000000e+00
-7.269999999999999851e-07,0.000000000000000000e+00
-7.260000000000000159e-07,-4.000000000000000083e-02
-7.250000000000000466e-07,0.000000000000000000e+00
-7.239999999999999715e-07,0.000000000000000000e+00
-7.230000000000000022e-07,-4.000000000000000083e-02
-7.220000000000000330e-07,-4.000000000000000083e-02
-7.209999999999999578e-07,0.000000000000000000e+00
-7.199999999999999886e-07,-4.000000000000000083e-02
-7.190000000000000193e-07,-4.000000000000000083e-02
-7.179999999999999442e-07,-4.000000000000000083e-02
-7.170000000000000808e-07,-4.000000000000000083e-02
-7.160000000000000057e-07,-4.000000000000000083e-02
-7.150000000000000365e-07,-4.000000000000000083e-02
-7.140000000000000672e-07,0.000000000000000000e+00
-7.129999999999999921e-07,-4.000000000000000083e-02
-7.120000000000000228e-07,0.000000000000000000e+00
-7.110000000000000536e-07,0.000000000000000000e+00
-7.099999999999999785e-07,-8.000000000000000167e-02
-7.090000000000000092e-07,-4.000000000000000083e-02
-7.080000000000000400e-07,0.000000000000000000e+00
-7.069999999999999648e-07,0.000000000000000000e+00
-7.059999999999999956e-07,0.000000000000000000e+00
-7.050000000000000263e-07,0.000000000000000000e+00
-7.040000000000000571e-07,-4.000000000000000083e-02
-7.029999999999999820e-07,4.000000000000000083e-02
-7.020000000000000127e-07,-4.000000000000000083e-02
-7.010000000000000435e-07,-4.000000000000000083e-02
-6.999999999999999683e-07,-8.000000000000000167e-02
-6.989999999999999991e-07,-4.000000000000000083e-02
-6.980000000000000298e-07,-4.000000000000000083e-02
-6.970000000000000606e-07,-4.000000000000000083e-02
-6.959999999999999854e-07,-4.000000000000000083e-02
-6.950000000000000162e-07,0.000000000000000000e+00
-6.940000000000000469e-07,-4.000000000000000083e-02
-6.929999999999999718e-07,0.000000000000000000e+00
-6.920000000000000026e-07,-4.000000000000000083e-02
-6.910000000000000333e-07,-4.000000000000000083e-02
-6.899999999999999582e-07,0.000000000000000000e+00
-6.889999999999999889e-07,0.000000000000000000e+00
-6.880000000000000197e-07,-4.000000000000000083e-02
-6.870000000000000504e-07,-4.000000000000000083e-02
-6.859999999999999753e-07,0.000000000000000000e+00
-6.850000000000000061e-07,-4.000000000000000083e-02
-6.840000000000000368e-07,-4.000000000000000083e-02
-6.829999999999999617e-07,-4.000000000000000083e-02
-6.819999999999999924e-07,-8.000000000000000167e-02
-6.810000000000000232e-07,-8.000000000000000167e-02
-6.800000000000000539e-07,0.000000000000000000e+00
-6.789999999999999788e-07,0.000000000000000000e+00
-6.780000000000000096e-07,-4.000000000000000083e-02
-6.770000000000000403e-07,-4.000000000000000083e-02
-6.759999999999999652e-07,-4.000000000000000083e-02
-6.749999999999999959e-07,-8.000000000000000167e-02
-6.740000000000000267e-07,0.000000000000000000e+00
-6.730000000000000574e-07,0.000000000000000000e+00
-6.719999999999999823e-07,0.000000000000000000e+00
-6.710000000000000130e-07,-4.000000000000000083e-02
-6.700000000000000438e-07,-8.000000000000000167e-02
-6.689999999999999687e-07,-8.000000000000000167e-02
-6.679999999999999994e-07,-4.000000000000000083e-02
-6.670000000000000302e-07,-4.000000000000000083e-02
-6.660000000000000609e-07,-4.000000000000000083e-02
-6.649999999999999858e-07,-4.000000000000000083e-02
-6.640000000000000165e-07,0.000000000000000000e+00
-6.630000000000000473e-07,0.000000000000000000e+00
-6.619999999999999722e-07,4.000000000000000083e-02
-6.610000000000000029e-07,0.000000000000000000e+00
-6.600000000000000337e-07,-8.000000000000000167e-02
-6.589999999999999585e-07,-4.000000000000000083e-02
-6.579999999999999893e-07,-8.000000000000000167e-02
-6.570000000000000200e-07,0.000000000000000000e+00
-6.560000000000000508e-07,-4.000000000000000083e-02
-6.549999999999999757e-07,-8.000000000000000167e-02
-6.540000000000000064e-07,4.000000000000000083e-02
-6.530000000000000372e-07,0.000000000000000000e+00
-6.519999999999999620e-07,0.000000000000000000e+00
-6.509999999999999928e-07,-8.000000000000000167e-02
-6.500000000000000235e-07,0.000000000000000000e+00
-6.490000000000000543e-07,0.000000000000000000e+00
-6.479999999999999791e-07,-8.000000000000000167e-02
-6.470000000000000099e-07,0.000000000000000000e+00
-6.460000000000000406e-07,4.000000000000000083e-02
-6.449999999999999655e-07,0.000000000000000000e+00
-6.439999999999999963e-07,0.000000000000000000e+00
-6.430000000000000270e-07,-4.000000000000000083e-02
-6.420000000000000578e-07,-4.000000000000000083e-02
-6.409999999999999826e-07,-4.000000000000000083e-02
-6.400000000000000134e-07,0.000000000000000000e+00
-6.390000000000000441e-07,0.000000000000000000e+00
-6.379999999999999690e-07,-1.199999999999999956e-01
-6.369999999999999998e-07,-4.000000000000000083e-02
-6.360000000000000305e-07,-8.000000000000000167e-02
-6.349999999999999554e-07,-4.000000000000000083e-02
-6.339999999999999861e-07,-8.000000000000000167e-02
-6.330000000000000169e-07,0.000000000000000000e+00
-6.320000000000000476e-07,-4.000000000000000083e-02
-6.309999999999999725e-07,0.000000000000000000e+00
-6.300000000000000033e-07,0.000000000000000000e+00
-6.290000000000000340e-07,4.000000000000000083e-02
-6.279999999999999589e-07,0.000000000000000000e+00
-6.269999999999999896e-07,0.000000000000000000e+00
-6.260000000000000204e-07,4.000000000000000083e-02
-6.250000000000000511e-07,-4.000000000000000083e-02
-6.239999999999999760e-07,-8.000000000000000167e-02
-6.230000000000000067e-07,0.000000000000000000e+00
-6.220000000000000375e-07,0.000000000000000000e+00
-6.209999999999999624e-07,-4.000000000000000083e-02
-6.199999999999999931e-07,-4.000000000000000083e-02
-6.190000000000000239e-07,-4.000000000000000083e-02
-6.180000000000000546e-07,-4.000000000000000083e-02
-6.169999999999999795e-07,-4.000000000000000083e-02
-6.160000000000000102e-07,-4.000000000000000083e-02
-6.150000000000000410e-07,-4.000000000000000083e-02
-6.139999999999999659e-07,0.000000000000000000e+00
-6.129999999999999966e-07,0.000000000000000000e+00
-6.120000000000000274e-07,-4.000000000000000083e-02
-6.110000000000000581e-07,-4.000000000000000083e-02
-6.099999999999999830e-07,0.000000000000000000e+00
-6.090000000000000137e-07,4.000000000000000083e-02
-6.080000000000000445e-07,4.000000000000000083e-02
-6.069999999999999694e-07,0.000000000000000000e+00
-6.060000000000000001e-07,0.000000000000000000e+00
-6.050000000000000309e-07,-4.000000000000000083e-02
-6.039999999999999557e-07,-4.000000000000000083e-02
-6.029999999999999865e-07,0.000000000000000000e+00
-6.020000000000000172e-07,-8.000000000000000167e-02
-6.010000000000000480e-07,-8.000000000000000167e-02
-5.999999999999999728e-07,-8.000000000000000167e-02
-5.990000000000000036e-07,0.000000000000000000e+00
-5.980000000000000343e-07,0.000000000000000000e+00
-5.969999999999999592e-07,0.000000000000000000e+00
-5.959999999999999900e-07,-4.000000000000000083e-02
-5.950000000000000207e-07,-4.000000000000000083e-02
-5.940000000000000515e-07,-4.000000000000000083e-02
-5.929999999999999763e-07,0.000000000000000000e+00
-5.920000000000000071e-07,0.000000000000000000e+00
-5.910000000000000378e-07,0.000000000000000000e+00
-5.899999999999999627e-07,0.000000000000000000e+00
-5.889999999999999935e-07,-4.000000000000000083e-02
-5.880000000000000242e-07,-4.000000000000000083e-02
-5.870000000000000550e-07,-4.000000000000000083e-02
-5.859999999999999798e-07,4.000000000000000083e-02
-5.850000000000000106e-07,0.000000000000000000e+00
-5.840000000000000413e-07,-4.000000000000000083e-02
-5.829999999999999662e-07,-4.000000000000000083e-02
-5.819999999999999970e-07,-8.000000000000000167e-02
-5.810000000000000277e-07,0.000000000000000000e+00
-5.799999999999999526e-07,0.000000000000000000e+00
-5.789999999999999833e-07,-4.000000000000000083e-02
-5.780000000000000141e-07,0.000000000000000000e+00
-5.770000000000000448e-07,-4.000000000000000083e-02
-5.759999999999999697e-07,-4.000000000000000083e-02
-5.750000000000000004e-07,-4.000000000000000083e-02
-5.740000000000000312e-07,0.000000000000000000e+00
-5.729999999999999561e-07,0.000000000000000000e+00
-5.719999999999999868e-07,4.000000000000000083e-02
-5.710000000000000176e-07,0.000000000000000000e+00
-5.700000000000000483e-07,-4.000000000000000083e-02
-5.689999999999999732e-07,-4.000000000000000083e-02
-5.680000000000000039e-07,-4.000000000000000083e-02
-5.670000000000000347e-07,-4.000000000000000083e-02
-5.659999999999999596e-07,-1.199999999999999956e-01
-5.649999999999999903e-07,4.000000000000000083e-02
-5.640000000000000211e-07,4.000000000000000083e-02
-5.630000000000000518e-07,0.000000000000000000e+00
-5.619999999999999767e-07,0.000000000000000000e+00
-5.610000000000000074e-07,-8.000000000000000167e-02
-5.600000000000000382e-07,-4.000000000000000083e-02
-5.589999999999999631e-07,-8.000000000000000167e-02
-5.579999999999999938e-07,0.000000000000000000e+00
-5.570000000000000246e-07,0.000000000000000000e+00
-5.559999999999999494e-07,-8.000000000000000167e-02
-5.549999999999999802e-07,0.000000000000000000e+00
-5.540000000000000109e-07,0.000000000000000000e+00
-5.530000000000000417e-07,0.000000000000000000e+00
-5.519999999999999666e-07,-4.000000000000000083e-02
-5.509999999999999973e-07,0.000000000000000000e+00
-5.500000000000000281e-07,-4.000000000000000083e-02
-5.489999999999999529e-07,-4.000000000000000083e-02
-5.479999999999999837e-07,0.000000000000000000e+00
-5.470000000000000144e-07,4.000000000000000083e-02
-5.460000000000000452e-07,0.000000000000000000e+00
-5.449999999999999700e-07,0.000000000000000000e+00
-5.440000000000000008e-07,-4.000000000000000083e-02
-5.430000000000000315e-07,-4.000000000000000083e-02
-5.419999999999999564e-07,-4.000000000000000083e-02
-5.409999999999999872e-07,0.000000000000000000e+00
-5.400000000000000179e-07,-4.000000000000000083e-02
-5.390000000000000487e-07,-8.000000000000000167e-02
-5.379999999999999735e-07,-4.000000000000000083e-02
-5.370000000000000043e-07,-4.000000000000000083e-02
-5.360000000000000350e-07,-4.000000000000000083e-02
-5.349999999999999599e-07,-4.000000000000000083e-02
-5.339999999999999907e-07,0.000000000000000000e+00
-5.330000000000000214e-07,4.000000000000000083e-02
-5.320000000000000522e-07,-4.000000000000000083e-02
-5.309999999999999770e-07,0.000000000000000000e+00
-5.300000000000000078e-07,0.000000000000000000e+00
-5.290000000000000385e-07,0.000000000000000000e+00
-5.279999999999999634e-07,-4.000000000000000083e-02
-5.269999999999999942e-07,0.000000000000000000e+00
-5.260000000000000249e-07,-4.000000000000000083e-02
-5.249999999999999498e-07,-4.000000000000000083e-02
-5.239999999999999805e-07,4.000000000000000083e-02
-5.230000000000000113e-07,-4.000000000000000083e-02
-5.220000000000000420e-07,0.000000000000000000e+00
-5.209999999999999669e-07,-4.000000000000000083e-02
-5.199999999999999976e-07,-4.000000000000000083e-02
-5.190000000000000284e-07,-8.000000000000000167e-02
-5.179999999999999533e-07,0.000000000000000000e+00
-5.169999999999999840e-07,-4.000000000000000083e-02
-5.160000000000000148e-07,0.000000000000000000e+00
-5.150000000000000455e-07,0.000000000000000000e+00
-5.139999999999999704e-07,-4.000000000000000083e-02
-5.130000000000000011e-07,-4.000000000000000083e-02
-5.120000000000000319e-07,-8.000000000000000167e-02
-5.109999999999999568e-07,0.000000000000000000e+00
-5.099999999999999875e-07,0.000000000000000000e+00
-5.090000000000000183e-07,0.000000000000000000e+00
-5.080000000000000490e-07,0.000000000000000000e+00
-5.069999999999999739e-07,4.000000000000000083e-02
-5.060000000000000046e-07,-4.000000000000000083e-02
-5.050000000000000354e-07,-4.000000000000000083e-02
-5.039999999999999603e-07,-4.000000000000000083e-02
-5.029999999999999910e-07,-4.000000000000000083e-02
-5.020000000000000218e-07,-8.000000000000000167e-02
-5.009999999999999466e-07,-4.000000000000000083e-02
-4.999999999999999774e-07,-4.000000000000000083e-02
-4.990000000000000081e-07,0.000000000000000000e+00
-4.980000000000000389e-07,4.000000000000000083e-02
-4.969999999999999637e-07,-4.000000000000000083e-02
-4.959999999999999945e-07,-4.000000000000000083e-02
-4.950000000000000252e-07,-4.000000000000000083e-02
-4.939999999999999501e-07,-4.000000000000000083e-02
-4.929999999999999809e-07,4.000000000000000083e-02
-4.920000000000000116e-07,0.000000000000000000e+00
-4.910000000000000424e-07,0.000000000000000000e+00
-4.899999999999999672e-07,0.000000000000000000e+00
-4.889999999999999980e-07,-4.000000000000000083e-02
-4.880000000000000287e-07,-4.000000000000000083e-02
-4.869999999999999536e-07,0.000000000000000000e+00
-4.859999999999999844e-07,-4.000000000000000083e-02
-4.850000000000000151e-07,-4.000000000000000083e-02
-4.840000000000000459e-07,-4.000000000000000083e-02
-4.829999999999999707e-07,-8.000000000000000167e-02
-4.820000000000000015e-07,0.000000000000000000e+00
-4.810000000000000322e-07,4.000000000000000083e-02
-4.799999999999999571e-07,0.000000000000000000e+00
-4.789999999999999879e-07,-4.000000000000000083e-02
-4.780000000000000186e-07,-4.000000000000000083e-02
-4.770000000000000494e-07,-8.000000000000000167e-02
-4.759999999999999742e-07,-4.000000000000000083e-02
-4.750000000000000050e-07,0.000000000000000000e+00
-4.740000000000000357e-07,-4.000000000000000083e-02
-4.729999999999999606e-07,0.000000000000000000e+00
-4.719999999999999913e-07,-4.000000000000000083e-02
-4.710000000000000221e-07,-1.199999999999999956e-01
-4.699999999999999470e-07,-4.000000000000000083e-02
-4.689999999999999777e-07,-4.000000000000000083e-02
-4.680000000000000085e-07,-8.000000000000000167e-02
-4.670000000000000392e-07,-4.000000000000000083e-02
-4.659999999999999641e-07,0.000000000000000000e+00
-4.649999999999999948e-07,-4.000000000000000083e-02
-4.640000000000000256e-07,-4.000000000000000083e-02
-4.629999999999999505e-07,4.000000000000000083e-02
-4.619999999999999812e-07,-4.000000000000000083e-02
-4.610000000000000120e-07,-8.000000000000000167e-02
-4.600000000000000427e-07,0.000000000000000000e+00
-4.589999999999999676e-07,0.000000000000000000e+00
-4.579999999999999983e-07,-4.000000000000000083e-02
-4.570000000000000291e-07,-4.000000000000000083e-02
-4.559999999999999540e-07,0.000000000000000000e+00
-4.549999999999999847e-07,0.000000000000000000e+00
-4.540000000000000155e-07,0.000000000000000000e+00
-4.530000000000000462e-07,-8.000000000000000167e-02
-4.519999999999999711e-07,4.000000000000000083e-02
-4.510000000000000018e-07,-4.000000000000000083e-02
-4.500000000000000326e-07,-4.000000000000000083e-02
-4.489999999999999574e-07,0.000000000000000000e+00
-4.479999999999999882e-07,0.000000000000000000e+00
-4.470000000000000189e-07,-4.000000000000000083e-02
-4.459999999999999438e-07,0.000000000000000000e+00
-4.449999999999999746e-07,-4.000000000000000083e-02
-4.440000000000000053e-07,-4.000000000000000083e-02
-4.430000000000000361e-07,-8.000000000000000167e-02
-4.419999999999999609e-07,-4.000000000000000083e-02
-4.409999999999999917e-07,4.000000000000000083e-02
-4.400000000000000224e-07,-8.000000000000000167e-02
-4.389999999999999473e-07,-4.000000000000000083e-02
-4.379999999999999781e-07,0.000000000000000000e+00
-4.370000000000000088e-07,-4.000000000000000083e-02
-4.360000000000000396e-07,-8.000000000000000167e-02
-4.349999999999999644e-07,4.000000000000000083e-02
-4.339999999999999952e-07,0.000000000000000000e+00
-4.330000000000000259e-07,-4.000000000000000083e-02
-4.319999999999999508e-07,-4.000000000000000083e-02
-4.309999999999999816e-07,0.000000000000000000e+00
-4.300000000000000123e-07,-4.000000000000000083e-02
-4.290000000000000431e-07,-8.000000000000000167e-02
-4.279999999999999679e-07,0.000000000000000000e+00
-4.269999999999999987e-07,-4.000000000000000083e-02
-4.260000000000000294e-07,-4.000000000000000083e-02
-4.249999999999999543e-07,0.000000000000000000e+00
-4.239999999999999850e-07,0.000000000000000000e+00
-4.230000000000000158e-07,-4.000000000000000083e-02
-4.219999999999999407e-07,-8.000000000000000167e-02
-4.209999999999999714e-07,-4.000000000000000083e-02
-4.200000000000000022e-07,-8.000000000000000167e-02
-4.190000000000000329e-07,-4.000000000000000083e-02
-4.179999999999999578e-07,-4.000000000000000083e-02
-4.169999999999999885e-07,-4.000000000000000083e-02
-4.160000000000000193e-07,0.000000000000000000e+00
-4.149999999999999442e-07,0.000000000000000000e+00
-4.139999999999999749e-07,-4.000000000000000083e-02
-4.130000000000000057e-07,-8.000000000000000167e-02
-4.120000000000000364e-07,4.000000000000000083e-02
-4.109999999999999613e-07,0.000000000000000000e+00
-4.099999999999999920e-07,0.000000000000000000e+00
-4.090000000000000228e-07,4.000000000000000083e-02
-4.079999999999999477e-07,0.000000000000000000e+00
-4.069999999999999784e-07,-4.000000000000000083e-02
-4.060000000000000092e-07,0.000000000000000000e+00
-4.050000000000000399e-07,-4.000000000000000083e-02
-4.039999999999999648e-07,-8.000000000000000167e-02
-4.029999999999999955e-07,-8.000000000000000167e-02
-4.020000000000000263e-07,-4.000000000000000083e-02
-4.009999999999999511e-07,-4.000000000000000083e-02
-3.999999999999999819e-07,-4.000000000000000083e-02
-3.990000000000000126e-07,0.000000000000000000e+00
-3.980000000000000434e-07,0.000000000000000000e+00
-3.969999999999999683e-07,-8.000000000000000167e-02
-3.959999999999999990e-07,0.000000000000000000e+00
-3.950000000000000298e-07,-4.000000000000000083e-02
-3.939999999999999546e-07,-4.000000000000000083e-02
-3.929999999999999854e-07,0.000000000000000000e+00
-3.920000000000000161e-07,0.000000000000000000e+00
-3.909999999999999410e-07,-4.000000000000000083e-02
-3.899999999999999718e-07,0.000000000000000000e+00
-3.890000000000000025e-07,-8.000000000000000167e-02
-3.880000000000000333e-07,-4.000000000000000083e-02
-3.869999999999999581e-07,-4.000000000000000083e-02
-3.859999999999999889e-07,-4.000000000000000083e-02
-3.850000000000000196e-07,-4.000000000000000083e-02
-3.839999999999999445e-07,-8.000000000000000167e-02
-3.829999999999999753e-07,0.000000000000000000e+00
-3.820000000000000060e-07,0.000000000000000000e+00
-3.810000000000000368e-07,0.000000000000000000e+00
-3.799999999999999616e-07,0.000000000000000000e+00
-3.789999999999999924e-07,-4.000000000000000083e-02
-3.780000000000000231e-07,-4.000000000000000083e-02
-3.769999999999999480e-07,0.000000000000000000e+00
-3.759999999999999788e-07,-4.000000000000000083e-02
-3.750000000000000095e-07,0.000000000000000000e+00
-3.740000000000000403e-07,-4.000000000000000083e-02
-3.729999999999999651e-07,-8.000000000000000167e-02
-3.719999999999999959e-07,-8.000000000000000167e-02
-3.710000000000000266e-07,0.000000000000000000e+00
-3.699999999999999515e-07,-4.000000000000000083e-02
-3.689999999999999822e-07,0.000000000000000000e+00
-3.680000000000000130e-07,-8.000000000000000167e-02
-3.669999999999999379e-07,4.000000000000000083e-02
-3.659999999999999686e-07,0.000000000000000000e+00
-3.649999999999999994e-07,-4.000000000000000083e-02
-3.640000000000000301e-07,-4.000000000000000083e-02
-3.629999999999999550e-07,-4.000000000000000083e-02
-3.619999999999999857e-07,-4.000000000000000083e-02
-3.610000000000000165e-07,-4.000000000000000083e-02
-3.599999999999999414e-07,0.000000000000000000e+00
-3.589999999999999721e-07,0.000000000000000000e+00
-3.580000000000000029e-07,-8.000000000000000167e-02
-3.570000000000000336e-07,0.000000000000000000e+00
-3.559999999999999585e-07,0.000000000000000000e+00
-3.549999999999999892e-07,0.000000000000000000e+00
-3.540000000000000200e-07,-4.000000000000000083e-02
-3.529999999999999449e-07,0.000000000000000000e+00
-3.519999999999999756e-07,0.000000000000000000e+00
-3.510000000000000064e-07,-4.000000000000000083e-02
-3.500000000000000371e-07,-4.000000000000000083e-02
-3.489999999999999620e-07,-4.000000000000000083e-02
-3.479999999999999927e-07,-4.000000000000000083e-02
-3.470000000000000235e-07,-4.000000000000000083e-02
-3.459999999999999483e-07,0.000000000000000000e+00
-3.449999999999999791e-07,-8.000000000000000167e-02
-3.440000000000000098e-07,-8.000000000000000167e-02
-3.430000000000000406e-07,0.000000000000000000e+00
-3.419999999999999655e-07,0.000000000000000000e+00
-3.409999999999999962e-07,-4.000000000000000083e-02
-3.400000000000000270e-07,-4.000000000000000083e-02
-3.389999999999999518e-07,-8.000000000000000167e-02
-3.379999999999999826e-07,-4.000000000000000083e-02
-3.370000000000000133e-07,-4.000000000000000083e-02
-3.359999999999999382e-07,-4.000000000000000083e-02
-3.349999999999999690e-07,-4.000000000000000083e-02
-3.339999999999999997e-07,-4.000000000000000083e-02
-3.330000000000000305e-07,0.000000000000000000e+00
-3.319999999999999553e-07,0.000000000000000000e+00
-3.309999999999999861e-07,-4.000000000000000083e-02
-3.300000000000000168e-07,-8.000000000000000167e-02
-3.289999999999999417e-07,0.000000000000000000e+00
-3.279999999999999725e-07,0.000000000000000000e+00
-3.270000000000000032e-07,0.000000000000000000e+00
-3.260000000000000340e-07,0.000000000000000000e+00
-3.249999999999999588e-07,0.000000000000000000e+00
-3.239999999999999896e-07,-4.000000000000000083e-02
-3.230000000000000203e-07,-8.000000000000000167e-02
-3.219999999999999452e-07,-4.000000000000000083e-02
-3.209999999999999759e-07,-8.000000000000000167e-02
-3.200000000000000067e-07,-8.000000000000000167e-02
-3.190000000000000374e-07,-4.000000000000000083e-02
-3.179999999999999623e-07,0.000000000000000000e+00
-3.169999999999999931e-07,0.000000000000000000e+00
-3.160000000000000238e-07,-4.000000000000000083e-02
-3.149999999999999487e-07,0.000000000000000000e+00
-3.139999999999999794e-07,-8.000000000000000167e-02
-3.130000000000000102e-07,0.000000000000000000e+00
-3.119999999999999351e-07,0.000000000000000000e+00
-3.109999999999999658e-07,0.000000000000000000e+00
-3.099999999999999966e-07,4.000000000000000083e-02
-3.090000000000000273e-07,-4.000000000000000083e-02
-3.079999999999999522e-07,-4.000000000000000083e-02
-3.069999999999999829e-07,0.000000000000000000e+00
-3.060000000000000137e-07,0.000000000000000000e+00
-3.049999999999999386e-07,-4.000000000000000083e-02
-3.039999999999999693e-07,-8.000000000000000167e-02
-3.030000000000000001e-07,-4.000000000000000083e-02
-3.020000000000000308e-07,0.000000000000000000e+00
-3.009999999999999557e-07,4.000000000000000083e-02
-2.999999999999999864e-07,0.000000000000000000e+00
-2.990000000000000172e-07,-4.000000000000000083e-02
-2.979999999999999420e-07,-4.000000000000000083e-02
-2.969999999999999728e-07,0.000000000000000000e+00
-2.960000000000000035e-07,-4.000000000000000083e-02
-2.950000000000000343e-07,0.000000000000000000e+00
-2.939999999999999592e-07,0.000000000000000000e+00
-2.929999999999999899e-07,4.000000000000000083e-02
-2.920000000000000207e-07,-4.000000000000000083e-02
-2.909999999999999455e-07,0.000000000000000000e+00
-2.899999999999999763e-07,0.000000000000000000e+00
-2.890000000000000070e-07,0.000000000000000000e+00
-2.880000000000000378e-07,-8.000000000000000167e-02
-2.869999999999999627e-07,-8.000000000000000167e-02
-2.859999999999999934e-07,-4.000000000000000083e-02
-2.850000000000000242e-07,-1.199999999999999956e-01
-2.839999999999999490e-07,-4.000000000000000083e-02
-2.829999999999999798e-07,0.000000000000000000e+00
-2.820000000000000105e-07,0.000000000000000000e+00
-2.809999999999999354e-07,0.000000000000000000e+00
-2.799999999999999662e-07,-4.000000000000000083e-02
-2.789999999999999969e-07,-8.000000000000000167e-02
-2.780000000000000277e-07,-4.000000000000000083e-02
-2.769999999999999525e-07,0.000000000000000000e+00
-2.759999999999999833e-07,0.000000000000000000e+00
-2.750000000000000140e-07,0.000000000000000000e+00
-2.739999999999999389e-07,0.000000000000000000e+00
-2.729999999999999696e-07,-4.000000000000000083e-02
-2.720000000000000004e-07,-4.000000000000000083e-02
-2.710000000000000311e-07,-8.000000000000000167e-02
-2.699999999999999560e-07,-4.000000000000000083e-02
-2.689999999999999868e-07,-8.000000000000000167e-02
-2.680000000000000175e-07,0.000000000000000000e+00
-2.669999999999999424e-07,-4.000000000000000083e-02
-2.659999999999999731e-07,-4.000000000000000083e-02
-2.650000000000000039e-07,0.000000000000000000e+00
-2.640000000000000346e-07,-4.000000000000000083e-02
-2.629999999999999595e-07,-4.000000000000000083e-02
-2.619999999999999903e-07,-4.000000000000000083e-02
-2.610000000000000210e-07,-4.000000000000000083e-02
-2.599999999999999459e-07,0.000000000000000000e+00
-2.589999999999999766e-07,0.000000000000000000e+00
-2.580000000000000074e-07,0.000000000000000000e+00
-2.569999999999999323e-07,0.000000000000000000e+00
-2.559999999999999630e-07,-4.000000000000000083e-02
-2.549999999999999938e-07,-8.000000000000000167e-02
-2.540000000000000245e-07,4.000000000000000083e-02
-2.529999999999999494e-07,-4.000000000000000083e-02
-2.519999999999999801e-07,-8.000000000000000167e-02
-2.510000000000000109e-07,0.000000000000000000e+00
-2.499999999999999357e-07,0.000000000000000000e+00
-2.489999999999999665e-07,-4.000000000000000083e-02
-2.479999999999999972e-07,0.000000000000000000e+00
-2.470000000000000280e-07,-4.000000000000000083e-02
-2.459999999999999529e-07,-4.000000000000000083e-02
-2.449999999999999836e-07,-4.000000000000000083e-02
-2.440000000000000144e-07,0.000000000000000000e+00
-2.429999999999999392e-07,-4.000000000000000083e-02
-2.419999999999999700e-07,-8.000000000000000167e-02
-2.410000000000000007e-07,-8.000000000000000167e-02
-2.400000000000000315e-07,-1.199999999999999956e-01
-2.389999999999999564e-07,-4.000000000000000083e-02
-2.379999999999999871e-07,-4.000000000000000083e-02
-2.370000000000000179e-07,-4.000000000000000083e-02
-2.359999999999999427e-07,0.000000000000000000e+00
-2.350000000000000794e-07,-4.000000000000000083e-02
-2.340000000000000042e-07,0.000000000000000000e+00
-2.329999999999999291e-07,4.000000000000000083e-02
-2.320000000000000657e-07,0.000000000000000000e+00
-2.309999999999999906e-07,-4.000000000000000083e-02
-2.299999999999999155e-07,0.000000000000000000e+00
-2.290000000000000521e-07,-8.000000000000000167e-02
-2.279999999999999770e-07,-4.000000000000000083e-02
-2.269999999999999018e-07,0.000000000000000000e+00
-2.260000000000000385e-07,-4.000000000000000083e-02
-2.249999999999999633e-07,-4.000000000000000083e-02
-2.239999999999998882e-07,-8.000000000000000167e-02
-2.230000000000000248e-07,-8.000000000000000167e-02
-2.219999999999999497e-07,-8.000000000000000167e-02
-2.210000000000000863e-07,-4.000000000000000083e-02
-2.200000000000000112e-07,-4.000000000000000083e-02
-2.189999999999999361e-07,0.000000000000000000e+00
-2.180000000000000727e-07,0.000000000000000000e+00
-2.169999999999999976e-07,-4.000000000000000083e-02
-2.159999999999999225e-07,-4.000000000000000083e-02
-2.150000000000000591e-07,-1.199999999999999956e-01
-2.139999999999999840e-07,0.000000000000000000e+00
-2.129999999999999088e-07,0.000000000000000000e+00
-2.120000000000000455e-07,0.000000000000000000e+00
-2.109999999999999703e-07,4.000000000000000083e-02
-2.099999999999998952e-07,0.000000000000000000e+00
-2.090000000000000318e-07,-4.000000000000000083e-02
-2.079999999999999567e-07,-4.000000000000000083e-02
-2.069999999999998816e-07,-4.000000000000000083e-02
-2.060000000000000182e-07,0.000000000000000000e+00
-2.049999999999999431e-07,-4.000000000000000083e-02
-2.040000000000000797e-07,-4.000000000000000083e-02
-2.030000000000000046e-07,-4.000000000000000083e-02
-2.019999999999999294e-07,-4.000000000000000083e-02
-2.010000000000000661e-07,-4.000000000000000083e-02
-1.999999999999999909e-07,-4.000000000000000083e-02
-1.989999999999999158e-07,-8.000000000000000167e-02
-1.980000000000000525e-07,0.000000000000000000e+00
-1.969999999999999773e-07,-4.000000000000000083e-02
-1.959999999999999022e-07,0.000000000000000000e+00
-1.950000000000000388e-07,-4.000000000000000083e-02
-1.939999999999999637e-07,0.000000000000000000e+00
-1.929999999999998886e-07,-4.000000000000000083e-02
-1.920000000000000252e-07,-4.000000000000000083e-02
-1.909999999999999501e-07,0.000000000000000000e+00
-1.899999999999998749e-07,-4.000000000000000083e-02
-1.890000000000000116e-07,-4.000000000000000083e-02
-1.879999999999999364e-07,0.000000000000000000e+00
-1.870000000000000731e-07,-4.000000000000000083e-02
-1.859999999999999979e-07,-4.000000000000000083e-02
-1.849999999999999228e-07,-4.000000000000000083e-02
-1.840000000000000594e-07,4.000000000000000083e-02
-1.829999999999999843e-07,-4.000000000000000083e-02
-1.819999999999999092e-07,-4.000000000000000083e-02
-1.810000000000000458e-07,-8.000000000000000167e-02
-1.799999999999999707e-07,-4.000000000000000083e-02
-1.789999999999998955e-07,0.000000000000000000e+00
-1.780000000000000322e-07,0.000000000000000000e+00
-1.769999999999999571e-07,0.000000000000000000e+00
-1.759999999999998819e-07,-4.000000000000000083e-02
-1.750000000000000186e-07,-8.000000000000000167e-02
-1.739999999999999434e-07,-8.000000000000000167e-02
-1.730000000000000801e-07,-4.000000000000000083e-02
-1.720000000000000049e-07,0.000000000000000000e+00
-1.709999999999999298e-07,-4.000000000000000083e-02
-1.700000000000000664e-07,-8.000000000000000167e-02
-1.689999999999999913e-07,-4.000000000000000083e-02
-1.679999999999999162e-07,4.000000000000000083e-02
-1.670000000000000528e-07,4.000000000000000083e-02
-1.659999999999999777e-07,0.000000000000000000e+00
-1.649999999999999025e-07,-4.000000000000000083e-02
-1.640000000000000392e-07,-4.000000000000000083e-02
-1.629999999999999640e-07,-4.000000000000000083e-02
-1.619999999999998889e-07,4.000000000000000083e-02
-1.610000000000000255e-07,0.000000000000000000e+00
-1.599999999999999504e-07,-8.000000000000000167e-02
-1.589999999999998753e-07,0.000000000000000000e+00
-1.580000000000000119e-07,-4.000000000000000083e-02
-1.569999999999999368e-07,0.000000000000000000e+00
-1.560000000000000734e-07,-8.000000000000000167e-02
-1.549999999999999983e-07,4.000000000000000083e-02
-1.539999999999999232e-07,0.000000000000000000e+00
-1.530000000000000598e-07,-4.000000000000000083e-02
-1.519999999999999847e-07,0.000000000000000000e+00
-1.509999999999999095e-07,0.000000000000000000e+00
-1.500000000000000462e-07,0.000000000000000000e+00
-1.489999999999999710e-07,0.000000000000000000e+00
-1.479999999999998959e-07,-4.000000000000000083e-02
-1.470000000000000325e-07,-4.000000000000000083e-02
-1.459999999999999574e-07,-4.000000000000000083e-02
-1.449999999999998823e-07,0.000000000000000000e+00
-1.440000000000000189e-07,0.000000000000000000e+00
-1.429999999999999438e-07,-8.000000000000000167e-02
-1.420000000000000804e-07,-4.000000000000000083e-02
-1.410000000000000053e-07,-4.000000000000000083e-02
-1.399999999999999301e-07,-4.000000000000000083e-02
-1.390000000000000668e-07,0.000000000000000000e+00
-1.379999999999999916e-07,-4.000000000000000083e-02
-1.369999999999999165e-07,-4.000000000000000083e-02
-1.360000000000000531e-07,0.000000000000000000e+00
-1.349999999999999780e-07,0.000000000000000000e+00
-1.339999999999999029e-07,0.000000000000000000e+00
-1.330000000000000395e-07,0.000000000000000000e+00
-1.319999999999999644e-07,-4.000000000000000083e-02
-1.309999999999998893e-07,-4.000000000000000083e-02
-1.300000000000000259e-07,-8.000000000000000167e-02
-1.289999999999999508e-07,-4.000000000000000083e-02
-1.279999999999998756e-07,-4.000000000000000083e-02
-1.270000000000000123e-07,0.000000000000000000e+00
-1.259999999999999371e-07,0.000000000000000000e+00
-1.250000000000000738e-07,-4.000000000000000083e-02
-1.239999999999999986e-07,0.000000000000000000e+00
-1.229999999999999235e-07,-4.000000000000000083e-02
-1.220000000000000601e-07,0.000000000000000000e+00
-1.209999999999999850e-07,-4.000000000000000083e-02
-1.199999999999999099e-07,-4.000000000000000083e-02
-1.190000000000000465e-07,-4.000000000000000083e-02
-1.179999999999999714e-07,0.000000000000000000e+00
-1.169999999999998962e-07,0.000000000000000000e+00
-1.160000000000000329e-07,-4.000000000000000083e-02
-1.149999999999999577e-07,4.000000000000000083e-02
-1.139999999999998826e-07,-4.000000000000000083e-02
-1.130000000000000192e-07,4.000000000000000083e-02
-1.119999999999999441e-07,4.000000000000000083e-02
-1.109999999999998690e-07,0.000000000000000000e+00
-1.100000000000000056e-07,0.000000000000000000e+00
-1.089999999999999305e-07,4.000000000000000083e-02
-1.080000000000000671e-07,4.000000000000000083e-02
-1.069999999999999920e-07,-4.000000000000000083e-02
-1.059999999999999169e-07,-4.000000000000000083e-02
-1.050000000000000535e-07,-4.000000000000000083e-02
-1.039999999999999784e-07,-4.000000000000000083e-02
-1.029999999999999032e-07,-4.000000000000000083e-02
-1.020000000000000399e-07,0.000000000000000000e+00
-1.009999999999999647e-07,0.000000000000000000e+00
-9.999999999999988960e-08,-8.000000000000000167e-02
-9.900000000000002623e-08,-4.000000000000000083e-02
-9.799999999999995110e-08,0.000000000000000000e+00
-9.699999999999987597e-08,0.000000000000000000e+00
-9.600000000000001260e-08,4.000000000000000083e-02
-9.499999999999993747e-08,0.000000000000000000e+00
-9.400000000000007410e-08,0.000000000000000000e+00
-9.299999999999999897e-08,4.000000000000000083e-02
-9.199999999999992384e-08,-4.000000000000000083e-02
-9.100000000000006047e-08,0.000000000000000000e+00
-8.999999999999998534e-08,-4.000000000000000083e-02
-8.899999999999991021e-08,-4.000000000000000083e-02
-8.800000000000004684e-08,-4.000000000000000083e-02
-8.699999999999997171e-08,-4.000000000000000083e-02
-8.599999999999989658e-08,0.000000000000000000e+00
-8.500000000000003321e-08,4.000000000000000083e-02
-8.399999999999995808e-08,0.000000000000000000e+00
-8.299999999999988295e-08,4.000000000000000083e-02
-8.200000000000001958e-08,-4.000000000000000083e-02
-8.099999999999994445e-08,0.000000000000000000e+00
-7.999999999999986932e-08,4.000000000000000083e-02
-7.900000000000000595e-08,4.000000000000000083e-02
-7.799999999999993083e-08,0.000000000000000000e+00
-7.700000000000006745e-08,4.000000000000000083e-02
-7.599999999999999233e-08,0.000000000000000000e+00
-7.499999999999991720e-08,-4.000000000000000083e-02
-7.400000000000005383e-08,0.000000000000000000e+00
-7.299999999999997870e-08,4.000000000000000083e-02
-7.199999999999990357e-08,0.000000000000000000e+00
-7.100000000000004020e-08,0.000000000000000000e+00
-6.999999999999996507e-08,4.000000000000000083e-02
-6.899999999999988994e-08,8.000000000000000167e-02
-6.800000000000002657e-08,8.000000000000000167e-02
-6.699999999999995144e-08,8.000000000000000167e-02
-6.599999999999987631e-08,4.000000000000000083e-02
-6.500000000000001294e-08,4.000000000000000083e-02
-6.399999999999993781e-08,0.000000000000000000e+00
-6.300000000000007444e-08,8.000000000000000167e-02
-6.199999999999999931e-08,8.000000000000000167e-02
-6.099999999999992418e-08,0.000000000000000000e+00
-6.000000000000006081e-08,4.000000000000000083e-02
-5.899999999999998568e-08,8.000000000000000167e-02
-5.799999999999991055e-08,8.000000000000000167e-02
-5.700000000000004718e-08,0.000000000000000000e+00
-5.599999999999997205e-08,1.199999999999999956e-01
-5.499999999999989693e-08,8.000000000000000167e-02
-5.400000000000003356e-08,8.000000000000000167e-02
-5.299999999999995843e-08,1.199999999999999956e-01
-5.199999999999988330e-08,8.000000000000000167e-02
-5.100000000000001993e-08,8.000000000000000167e-02
-4.999999999999994480e-08,8.000000000000000167e-02
-4.899999999999986967e-08,1.199999999999999956e-01
-4.800000000000000630e-08,8.000000000000000167e-02
-4.699999999999993117e-08,8.000000000000000167e-02
-4.600000000000006780e-08,1.600000000000000033e-01
-4.499999999999999267e-08,8.000000000000000167e-02
-4.399999999999991754e-08,8.000000000000000167e-02
-4.300000000000005417e-08,1.199999999999999956e-01
-4.199999999999997904e-08,8.000000000000000167e-02
-4.099999999999990391e-08,1.600000000000000033e-01
-4.000000000000004054e-08,1.199999999999999956e-01
-3.899999999999996541e-08,1.600000000000000033e-01
-3.799999999999989028e-08,1.199999999999999956e-01
-3.700000000000002691e-08,1.600000000000000033e-01
-3.599999999999995178e-08,2.000000000000000111e-01
-3.499999999999987666e-08,2.000000000000000111e-01
-3.400000000000001328e-08,2.000000000000000111e-01
-3.299999999999993816e-08,1.600000000000000033e-01
-3.200000000000007478e-08,2.399999999999999911e-01
-3.099999999999999966e-08,2.000000000000000111e-01
-2.999999999999992453e-08,2.000000000000000111e-01
-2.900000000000006116e-08,2.000000000000000111e-01
-2.799999999999998603e-08,2.000000000000000111e-01
-2.699999999999991090e-08,2.399999999999999911e-01
-2.600000000000004753e-08,2.399999999999999911e-01
-2.499999999999997240e-08,2.399999999999999911e-01
-2.399999999999989727e-08,2.399999999999999911e-01
-2.300000000000003390e-08,2.800000000000000266e-01
-2.199999999999995877e-08,2.800000000000000266e-01
-2.099999999999988364e-08,3.200000000000000067e-01
-2.000000000000002027e-08,3.200000000000000067e-01
-1.899999999999994514e-08,3.599999999999999867e-01
-1.799999999999987001e-08,3.599999999999999867e-01
-1.700000000000000664e-08,3.200000000000000067e-01
-1.599999999999993151e-08,4.000000000000000222e-01
-1.500000000000006814e-08,4.000000000000000222e-01
-1.399999999999999301e-08,4.000000000000000222e-01
-1.299999999999991788e-08,4.400000000000000022e-01
-1.200000000000005451e-08,4.799999999999999822e-01
-1.099999999999997939e-08,4.799999999999999822e-01
-9.999999999999904256e-09,4.799999999999999822e-01
-9.000000000000040886e-09,5.200000000000000178e-01
-7.999999999999965757e-09,5.200000000000000178e-01
-6.999999999999890628e-09,5.200000000000000178e-01
-6.000000000000027257e-09,5.200000000000000178e-01
-4.999999999999952128e-09,5.600000000000000533e-01
-3.999999999999876999e-09,5.999999999999999778e-01
-3.000000000000013629e-09,5.999999999999999778e-01
-1.999999999999938500e-09,6.400000000000000133e-01
-9.999999999998633707e-10,6.800000000000000488e-01
0.000000000000000000e+00,7.199999999999999734e-01
1.000000000000075129e-09,7.199999999999999734e-01
1.999999999999938500e-09,7.199999999999999734e-01
3.000000000000013629e-09,7.600000000000000089e-01
4.000000000000088757e-09,7.600000000000000089e-01
4.999999999999952128e-09,8.000000000000000444e-01
6.000000000000027257e-09,8.000000000000000444e-01
7.000000000000102386e-09,8.399999999999999689e-01
7.999999999999965757e-09,8.399999999999999689e-01
9.000000000000040886e-09,8.800000000000000044e-01
1.000000000000011601e-08,9.599999999999999645e-01
1.099999999999997939e-08,9.599999999999999645e-01
1.200000000000005451e-08,1.000000000000000000e+00
1.300000000000012964e-08,1.080000000000000071e+00
1.399999999999999301e-08,1.120000000000000107e+00
1.500000000000006814e-08,1.120000000000000107e+00
1.599999999999993151e-08,1.159999999999999920e+00
1.700000000000000664e-08,1.159999999999999920e+00
1.800000000000008177e-08,1.199999999999999956e+00
1.899999999999994514e-08,1.199999999999999956e+00
2.000000000000002027e-08,1.280000000000000027e+00
2.100000000000009540e-08,1.360000000000000098e+00
2.199999999999995877e-08,1.360000000000000098e+00
2.300000000000003390e-08,1.360000000000000098e+00
2.400000000000010903e-08,1.360000000000000098e+00
2.499999999999997240e-08,1.400000000000000133e+00
2.600000000000004753e-08,1.479999999999999982e+00
2.700000000000012266e-08,1.479999999999999982e+00
2.799999999999998603e-08,1.479999999999999982e+00
2.900000000000006116e-08,1.600000000000000089e+00
3.000000000000013629e-08,1.600000000000000089e+00
3.099999999999999966e-08,1.600000000000000089e+00
3.200000000000007478e-08,1.679999999999999938e+00
3.299999999999993816e-08,1.679999999999999938e+00
3.400000000000001328e-08,1.719999999999999973e+00
3.500000000000008841e-08,1.760000000000000009e+00
3.599999999999995178e-08,1.760000000000000009e+00
3.700000000000002691e-08,1.840000000000000080e+00
3.800000000000010204e-08,1.840000000000000080e+00
3.899999999999996541e-08,1.880000000000000115e+00
4.000000000000004054e-08,1.919999999999999929e+00
4.100000000000011567e-08,1.919999999999999929e+00
4.199999999999997904e-08,1.959999999999999964e+00
4.300000000000005417e-08,2.000000000000000000e+00
4.400000000000012930e-08,2.000000000000000000e+00
4.499999999999999267e-08,2.040000000000000036e+00
4.600000000000006780e-08,2.040000000000000036e+00
4.699999999999993117e-08,2.080000000000000071e+00
4.800000000000000630e-08,2.120000000000000107e+00
4.900000000000008143e-08,2.160000000000000142e+00
4.999999999999994480e-08,2.160000000000000142e+00
5.100000000000001993e-08,2.200000000000000178e+00
5.200000000000009506e-08,2.240000000000000213e+00
5.299999999999995843e-08,2.200000000000000178e+00
5.400000000000003356e-08,2.280000000000000249e+00
5.500000000000010868e-08,2.240000000000000213e+00
5.599999999999997205e-08,2.280000000000000249e+00
5.700000000000004718e-08,2.319999999999999840e+00
5.800000000000012231e-08,2.319999999999999840e+00
5.899999999999998568e-08,2.319999999999999840e+00
6.000000000000006081e-08,2.359999999999999876e+00
6.100000000000013594e-08,2.359999999999999876e+00
6.199999999999999931e-08,2.359999999999999876e+00
6.300000000000007444e-08,2.399999999999999911e+00
6.399999999999993781e-08,2.359999999999999876e+00
6.500000000000001294e-08,2.439999999999999947e+00
6.600000000000008807e-08,2.399999999999999911e+00
6.699999999999995144e-08,2.399999999999999911e+00
6.800000000000002657e-08,2.439999999999999947e+00
6.900000000000010170e-08,2.359999999999999876e+00
6.999999999999996507e-08,2.439999999999999947e+00
7.100000000000004020e-08,2.399999999999999911e+00
7.200000000000011533e-08,2.359999999999999876e+00
7.299999999999997870e-08,2.399999999999999911e+00
7.400000000000005383e-08,2.399999999999999911e+00
7.500000000000012896e-08,2.399999999999999911e+00
7.599999999999999233e-08,2.399999999999999911e+00
7.700000000000006745e-08,2.359999999999999876e+00
7.800000000000014258e-08,2.359999999999999876e+00
7.900000000000000595e-08,2.359999999999999876e+00
8.000000000000008108e-08,2.359999999999999876e+00
8.099999999999994445e-08,2.319999999999999840e+00
8.200000000000001958e-08,2.280000000000000249e+00
8.300000000000009471e-08,2.319999999999999840e+00
8.399999999999995808e-08,2.319999999999999840e+00
8.500000000000003321e-08,2.280000000000000249e+00
8.600000000000010834e-08,2.280000000000000249e+00
8.699999999999997171e-08,2.280000000000000249e+00
8.800000000000004684e-08,2.280000000000000249e+00
8.900000000000012197e-08,2.200000000000000178e+00
8.999999999999998534e-08,2.240000000000000213e+00
9.100000000000006047e-08,2.160000000000000142e+00
9.200000000000013560e-08,2.160000000000000142e+00
9.299999999999999897e-08,2.200000000000000178e+00
9.400000000000007410e-08,2.160000000000000142e+00
9.499999999999993747e-08,2.160000000000000142e+00
9.600000000000001260e-08,2.120000000000000107e+00
9.700000000000008773e-08,2.120000000000000107e+00
9.799999999999995110e-08,2.120000000000000107e+00
9.900000000000002623e-08,2.080000000000000071e+00
1.000000000000001014e-07,2.080000000000000071e+00
1.009999999999999647e-07,2.080000000000000071e+00
1.020000000000000399e-07,2.040000000000000036e+00
1.030000000000001150e-07,2.000000000000000000e+00
1.039999999999999784e-07,2.000000000000000000e+00
1.050000000000000535e-07,2.000000000000000000e+00
1.060000000000001286e-07,1.880000000000000115e+00
1.069999999999999920e-07,1.919999999999999929e+00
1.080000000000000671e-07,1.880000000000000115e+00
1.090000000000001422e-07,1.880000000000000115e+00
1.100000000000000056e-07,1.800000000000000044e+00
1.110000000000000807e-07,1.800000000000000044e+00
1.119999999999999441e-07,1.840000000000000080e+00
1.130000000000000192e-07,1.800000000000000044e+00
1.140000000000000944e-07,1.760000000000000009e+00
1.149999999999999577e-07,1.760000000000000009e+00
1.160000000000000329e-07,1.760000000000000009e+00
1.170000000000001080e-07,1.679999999999999938e+00
1.179999999999999714e-07,1.719999999999999973e+00
1.190000000000000465e-07,1.719999999999999973e+00
1.200000000000001216e-07,1.640000000000000124e+00
1.209999999999999850e-07,1.679999999999999938e+00
1.220000000000000601e-07,1.600000000000000089e+00
1.230000000000001353e-07,1.600000000000000089e+00
1.239999999999999986e-07,1.560000000000000053e+00
1.250000000000000738e-07,1.560000000000000053e+00
1.259999999999999371e-07,1.520000000000000018e+00
1.270000000000000123e-07,1.520000000000000018e+00
1.280000000000000874e-07,1.479999999999999982e+00
1.289999999999999508e-07,1.479999999999999982e+00
1.300000000000000259e-07,1.479999999999999982e+00
1.310000000000001010e-07,1.439999999999999947e+00
1.319999999999999644e-07,1.439999999999999947e+00
1.330000000000000395e-07,1.400000000000000133e+00
1.340000000000001146e-07,1.400000000000000133e+00
1.349999999999999780e-07,1.400000000000000133e+00
1.360000000000000531e-07,1.360000000000000098e+00
1.370000000000001283e-07,1.360000000000000098e+00
1.379999999999999916e-07,1.360000000000000098e+00
1.390000000000000668e-07,1.360000000000000098e+00
1.400000000000001419e-07,1.320000000000000062e+00
1.410000000000000053e-07,1.280000000000000027e+00
1.420000000000000804e-07,1.280000000000000027e+00
1.429999999999999438e-07,1.239999999999999991e+00
1.440000000000000189e-07,1.199999999999999956e+00
1.450000000000000940e-07,1.239999999999999991e+00
1.459999999999999574e-07,1.239999999999999991e+00
1.470000000000000325e-07,1.199999999999999956e+00
1.480000000000001077e-07,1.199999999999999956e+00
1.489999999999999710e-07,1.159999999999999920e+00
1.500000000000000462e-07,1.159999999999999920e+00
1.510000000000001213e-07,1.120000000000000107e+00
1.519999999999999847e-07,1.159999999999999920e+00
1.530000000000000598e-07,1.080000000000000071e+00
1.540000000000001349e-07,1.040000000000000036e+00
1.549999999999999983e-07,1.080000000000000071e+00
1.560000000000000734e-07,1.080000000000000071e+00
1.569999999999999368e-07,1.040000000000000036e+00
1.580000000000000119e-07,1.040000000000000036e+00
1.590000000000000870e-07,1.080000000000000071e+00
1.599999999999999504e-07,1.040000000000000036e+00
1.610000000000000255e-07,1.000000000000000000e+00
1.620000000000001007e-07,1.000000000000000000e+00
1.629999999999999640e-07,1.000000000000000000e+00
1.640000000000000392e-07,1.000000000000000000e+00
1.650000000000001143e-07,1.000000000000000000e+00
1.659999999999999777e-07,1.000000000000000000e+00
1.670000000000000528e-07,9.599999999999999645e-01
1.680000000000001279e-07,9.200000000000000400e-01
1.689999999999999913e-07,9.200000000000000400e-01
1.700000000000000664e-07,9.200000000000000400e-01
1.710000000000001416e-07,8.800000000000000044e-01
1.720000000000000049e-07,9.200000000000000400e-01
1.730000000000000801e-07,8.800000000000000044e-01
1.739999999999999434e-07,8.399999999999999689e-01
1.750000000000000186e-07,8.800000000000000044e-01
1.760000000000000937e-07,8.399999999999999689e-01
1.769999999999999571e-07,8.800000000000000044e-01
1.780000000000000322e-07,8.399999999999999689e-01
1.790000000000001073e-07,8.800000000000000044e-01
1.799999999999999707e-07,8.399999999999999689e-01
1.810000000000000458e-07,8.000000000000000444e-01
1.820000000000001209e-07,8.000000000000000444e-01
1.829999999999999843e-07,8.399999999999999689e-01
1.840000000000000594e-07,8.000000000000000444e-01
1.850000000000001346e-07,8.000000000000000444e-01
1.859999999999999979e-07,8.399999999999999689e-01
1.870000000000000731e-07,8.000000000000000444e-01
1.880000000000001482e-07,8.000000000000000444e-01
1.890000000000000116e-07,8.000000000000000444e-01
1.900000000000000867e-07,7.199999999999999734e-01
1.909999999999999501e-07,7.199999999999999734e-01
1.920000000000000252e-07,7.199999999999999734e-01
1.930000000000001003e-07,7.199999999999999734e-01
1.939999999999999637e-07,7.600000000000000089e-01
1.950000000000000388e-07,7.600000000000000089e-01
1.960000000000001140e-07,7.600000000000000089e-01
1.969999999999999773e-07,7.199999999999999734e-01
1.980000000000000525e-07,7.199999999999999734e-01
1.990000000000001276e-07,6.800000000000000488e-01
1.999999999999999909e-07,6.800000000000000488e-01
2.010000000000000661e-07,6.800000000000000488e-01
2.020000000000001412e-07,7.199999999999999734e-01
2.030000000000000046e-07,6.800000000000000488e-01
2.040000000000000797e-07,7.199999999999999734e-01
2.049999999999999431e-07,6.800000000000000488e-01
2.060000000000000182e-07,7.199999999999999734e-01
2.070000000000000933e-07,6.400000000000000133e-01
2.079999999999999567e-07,6.400000000000000133e-01
2.090000000000000318e-07,6.400000000000000133e-01
2.100000000000001070e-07,5.999999999999999778e-01
2.109999999999999703e-07,6.400000000000000133e-01
2.120000000000000455e-07,6.400000000000000133e-01
2.130000000000001206e-07,6.400000000000000133e-01
2.139999999999999840e-07,6.400000000000000133e-01
2.150000000000000591e-07,6.400000000000000133e-01
2.160000000000001342e-07,6.400000000000000133e-01
2.169999999999999976e-07,5.999999999999999778e-01
2.180000000000000727e-07,6.400000000000000133e-01
2.190000000000001478e-07,6.400000000000000133e-01
2.200000000000000112e-07,6.400000000000000133e-01
2.210000000000000863e-07,6.400000000000000133e-01
2.219999999999999497e-07,5.999999999999999778e-01
2.230000000000000248e-07,5.600000000000000533e-01
2.240000000000001000e-07,5.999999999999999778e-01
2.249999999999999633e-07,5.600000000000000533e-01
2.260000000000000385e-07,5.600000000000000533e-01
2.270000000000001136e-07,5.600000000000000533e-01
2.279999999999999770e-07,5.999999999999999778e-01
2.290000000000000521e-07,5.600000000000000533e-01
2.300000000000001272e-07,5.600000000000000533e-01
2.309999999999999906e-07,5.200000000000000178e-01
2.320000000000000657e-07,5.999999999999999778e-01
2.330000000000001409e-07,5.600000000000000533e-01
2.340000000000000042e-07,5.600000000000000533e-01
2.350000000000000794e-07,5.600000000000000533e-01
2.359999999999999427e-07,5.200000000000000178e-01
2.370000000000000179e-07,5.600000000000000533e-01
2.380000000000000930e-07,5.600000000000000533e-01
2.389999999999999564e-07,5.600000000000000533e-01
2.400000000000000315e-07,5.200000000000000178e-01
2.410000000000001066e-07,5.600000000000000533e-01
2.419999999999999700e-07,5.600000000000000533e-01
2.430000000000000451e-07,5.200000000000000178e-01
2.440000000000001202e-07,5.600000000000000533e-01
2.449999999999999836e-07,5.600000000000000533e-01
2.460000000000000587e-07,5.200000000000000178e-01
2.470000000000001339e-07,5.200000000000000178e-01
2.479999999999999972e-07,5.200000000000000178e-01
2.490000000000000724e-07,5.200000000000000178e-01
2.500000000000001475e-07,4.799999999999999822e-01
2.510000000000000109e-07,5.600000000000000533e-01
2.520000000000000860e-07,5.200000000000000178e-01
2.529999999999999494e-07,4.400000000000000022e-01
2.540000000000000245e-07,4.799999999999999822e-01
2.550000000000000996e-07,5.200000000000000178e-01
2.559999999999999630e-07,4.400000000000000022e-01
2.570000000000000381e-07,4.799999999999999822e-01
2.580000000000001133e-07,4.799999999999999822e-01
2.589999999999999766e-07,4.799999999999999822e-01
2.600000000000000518e-07,5.200000000000000178e-01
2.610000000000001269e-07,5.200000000000000178e-01
2.619999999999999903e-07,4.799999999999999822e-01
2.630000000000000654e-07,4.799999999999999822e-01
2.640000000000001405e-07,4.799999999999999822e-01
2.650000000000000039e-07,4.799999999999999822e-01
2.660000000000000790e-07,4.400000000000000022e-01
2.670000000000001541e-07,4.799999999999999822e-01
2.680000000000000175e-07,4.799999999999999822e-01
2.690000000000000926e-07,4.799999999999999822e-01
2.699999999999999560e-07,4.400000000000000022e-01
2.710000000000000311e-07,4.799999999999999822e-01
2.720000000000001063e-07,4.400000000000000022e-01
2.729999999999999696e-07,4.400000000000000022e-01
2.740000000000000448e-07,4.400000000000000022e-01
2.750000000000001199e-07,4.400000000000000022e-01
2.759999999999999833e-07,4.000000000000000222e-01
2.770000000000000584e-07,4.400000000000000022e-01
2.780000000000001335e-07,4.799999999999999822e-01
2.789999999999999969e-07,4.400000000000000022e-01
2.800000000000000720e-07,4.000000000000000222e-01
2.810000000000001472e-07,4.400000000000000022e-01
2.820000000000000105e-07,4.400000000000000022e-01
2.830000000000000857e-07,4.799999999999999822e-01
2.839999999999999490e-07,4.400000000000000022e-01
2.850000000000000242e-07,4.400000000000000022e-01
2.860000000000000993e-07,4.400000000000000022e-01
2.869999999999999627e-07,4.799999999999999822e-01
2.880000000000000378e-07,4.799999999999999822e-01
2.890000000000001129e-07,4.400000000000000022e-01
2.899999999999999763e-07,4.400000000000000022e-01
2.910000000000000514e-07,4.400000000000000022e-01
2.920000000000001265e-07,4.000000000000000222e-01
2.929999999999999899e-07,4.400000000000000022e-01
2.940000000000000650e-07,4.400000000000000022e-01
2.950000000000001402e-07,4.000000000000000222e-01
2.960000000000000035e-07,4.000000000000000222e-01
2.970000000000000787e-07,3.599999999999999867e-01
2.980000000000001538e-07,4.400000000000000022e-01
2.990000000000000172e-07,4.400000000000000022e-01
3.000000000000000923e-07,4.400000000000000022e-01
3.009999999999999557e-07,4.400000000000000022e-01
3.020000000000000308e-07,4.400000000000000022e-01
3.030000000000001059e-07,4.000000000000000222e-01
3.039999999999999693e-07,4.000000000000000222e-01
3.050000000000000444e-07,4.400000000000000022e-01
3.060000000000001196e-07,3.599999999999999867e-01
3.069999999999999829e-07,4.000000000000000222e-01
3.080000000000000581e-07,3.599999999999999867e-01
3.090000000000001332e-07,3.200000000000000067e-01
3.099999999999999966e-07,4.000000000000000222e-01
3.110000000000000717e-07,4.400000000000000022e-01
3.120000000000001468e-07,4.000000000000000222e-01
3.130000000000000102e-07,4.000000000000000222e-01
3.140000000000000853e-07,4.000000000000000222e-01
3.149999999999999487e-07,4.000000000000000222e-01
3.160000000000000238e-07,4.400000000000000022e-01
3.170000000000000989e-07,4.000000000000000222e-01
3.179999999999999623e-07,4.400000000000000022e-01
3.190000000000000374e-07,4.000000000000000222e-01
3.200000000000001126e-07,3.599999999999999867e-01
3.209999999999999759e-07,3.599999999999999867e-01
3.220000000000000511e-07,4.000000000000000222e-01
3.230000000000001262e-07,3.200000000000000067e-01
3.239999999999999896e-07,3.599999999999999867e-01
3.250000000000000647e-07,3.599999999999999867e-01
3.260000000000001398e-07,4.000000000000000222e-01
3.270000000000000032e-07,3.599999999999999867e-01
3.280000000000000783e-07,4.000000000000000222e-01
3.290000000000001535e-07,4.400000000000000022e-01
3.300000000000000168e-07,3.200000000000000067e-01
3.310000000000000920e-07,3.599999999999999867e-01
3.319999999999999553e-07,3.599999999999999867e-01
3.330000000000000305e-07,4.000000000000000222e-01
3.340000000000001056e-07,3.599999999999999867e-01
3.349999999999999690e-07,3.200000000000000067e-01
3.360000000000000441e-07,3.599999999999999867e-01
3.370000000000001192e-07,3.599999999999999867e-01
3.379999999999999826e-07,4.000000000000000222e-01
3.390000000000000577e-07,3.599999999999999867e-01
3.400000000000001328e-07,4.000000000000000222e-01
3.409999999999999962e-07,3.200000000000000067e-01
3.420000000000000713e-07,3.200000000000000067e-01
3.430000000000001465e-07,3.599999999999999867e-01
3.440000000000000098e-07,3.599999999999999867e-01
3.450000000000000850e-07,3.599999999999999867e-01
3.460000000000001601e-07,3.599999999999999867e-01
3.470000000000000235e-07,3.200000000000000067e-01
3.480000000000000986e-07,3.200000000000000067e-01
3.489999999999999620e-07,2.800000000000000266e-01
3.500000000000000371e-07,3.599999999999999867e-01
3.510000000000001122e-07,3.599999999999999867e-01
3.519999999999999756e-07,2.800000000000000266e-01
3.530000000000000507e-07,3.200000000000000067e-01
3.540000000000001259e-07,3.200000000000000067e-01
3.549999999999999892e-07,2.800000000000000266e-01
3.560000000000000644e-07,3.200000000000000067e-01
3.570000000000001395e-07,3.599999999999999867e-01
3.580000000000000029e-07,3.200000000000000067e-01
3.590000000000000780e-07,3.200000000000000067e-01
3.600000000000001531e-07,3.200000000000000067e-01
3.610000000000000165e-07,3.200000000000000067e-01
3.620000000000000916e-07,3.599999999999999867e-01
3.629999999999999550e-07,2.800000000000000266e-01
3.640000000000000301e-07,3.200000000000000067e-01
3.650000000000001052e-07,3.200000000000000067e-01
3.659999999999999686e-07,3.200000000000000067e-01
3.670000000000000437e-07,3.599999999999999867e-01
3.680000000000001189e-07,4.000000000000000222e-01
3.689999999999999822e-07,3.599999999999999867e-01
3.700000000000000574e-07,3.200000000000000067e-01
3.710000000000001325e-07,3.599999999999999867e-01
3.719999999999999959e-07,3.200000000000000067e-01
3.730000000000000710e-07,3.599999999999999867e-01
3.740000000000001461e-07,3.200000000000000067e-01
3.750000000000000095e-07,3.599999999999999867e-01
3.760000000000000846e-07,3.599999999999999867e-01
3.770000000000001598e-07,3.599999999999999867e-01
3.780000000000000231e-07,3.599999999999999867e-01
3.790000000000000983e-07,2.800000000000000266e-01
3.799999999999999616e-07,3.200000000000000067e-01
3.810000000000000368e-07,3.200000000000000067e-01
3.820000000000001119e-07,3.200000000000000067e-01
3.829999999999999753e-07,3.200000000000000067e-01
3.840000000000000504e-07,2.800000000000000266e-01
3.850000000000001255e-07,2.800000000000000266e-01
3.859999999999999889e-07,2.800000000000000266e-01
3.870000000000000640e-07,3.200000000000000067e-01
3.880000000000001391e-07,2.800000000000000266e-01
3.890000000000000025e-07,3.200000000000000067e-01
3.900000000000000776e-07,2.800000000000000266e-01
3.910000000000001528e-07,2.800000000000000266e-01
3.920000000000000161e-07,3.599999999999999867e-01
3.930000000000000913e-07,3.200000000000000067e-01
3.939999999999999546e-07,3.200000000000000067e-01
3.950000000000000298e-07,3.200000000000000067e-01
3.960000000000001049e-07,3.200000000000000067e-01
3.969999999999999683e-07,3.200000000000000067e-01
3.980000000000000434e-07,3.200000000000000067e-01
3.990000000000001185e-07,3.200000000000000067e-01
3.999999999999999819e-07,3.200000000000000067e-01
4.010000000000000570e-07,2.800000000000000266e-01
4.020000000000001322e-07,3.200000000000000067e-01
4.029999999999999955e-07,2.800000000000000266e-01
4.040000000000000707e-07,3.200000000000000067e-01
4.050000000000001458e-07,2.800000000000000266e-01
4.060000000000000092e-07,2.800000000000000266e-01
4.070000000000000843e-07,2.800000000000000266e-01
4.080000000000001594e-07,2.800000000000000266e-01
4.090000000000000228e-07,3.599999999999999867e-01
4.100000000000000979e-07,3.200000000000000067e-01
4.109999999999999613e-07,3.599999999999999867e-01
4.120000000000000364e-07,2.800000000000000266e-01
4.130000000000001115e-07,2.800000000000000266e-01
4.139999999999999749e-07,3.200000000000000067e-01
4.150000000000000500e-07,3.200000000000000067e-01
4.160000000000001252e-07,3.599999999999999867e-01
4.169999999999999885e-07,3.200000000000000067e-01
4.180000000000000637e-07,2.800000000000000266e-01
4.190000000000001388e-07,2.399999999999999911e-01
4.200000000000000022e-07,2.800000000000000266e-01
4.210000000000000773e-07,3.200000000000000067e-01
4.220000000000001524e-07,2.800000000000000266e-01
4.230000000000000158e-07,2.800000000000000266e-01
4.240000000000000909e-07,2.399999999999999911e-01
4.249999999999999543e-07,3.200000000000000067e-01
4.260000000000000294e-07,3.200000000000000067e-01
4.270000000000001046e-07,2.800000000000000266e-01
4.279999999999999679e-07,2.800000000000000266e-01
4.290000000000000431e-07,2.399999999999999911e-01
4.300000000000001182e-07,2.800000000000000266e-01
4.309999999999999816e-07,2.399999999999999911e-01
4.320000000000000567e-07,2.800000000000000266e-01
4.330000000000001318e-07,3.200000000000000067e-01
4.339999999999999952e-07,2.800000000000000266e-01
4.350000000000000703e-07,2.800000000000000266e-01
4.360000000000001454e-07,2.800000000000000266e-01
4.370000000000000088e-07,2.800000000000000266e-01
4.380000000000000839e-07,2.399999999999999911e-01
4.390000000000001591e-07,2.800000000000000266e-01
4.400000000000000224e-07,2.800000000000000266e-01
4.410000000000000976e-07,2.399999999999999911e-01
4.419999999999999609e-07,2.800000000000000266e-01
4.430000000000000361e-07,3.200000000000000067e-01
4.440000000000001112e-07,2.800000000000000266e-01
4.449999999999999746e-07,2.399999999999999911e-01
4.460000000000000497e-07,2.800000000000000266e-01
4.470000000000001248e-07,2.800000000000000266e-01
4.479999999999999882e-07,2.399999999999999911e-01
4.490000000000000633e-07,2.800000000000000266e-01
4.500000000000001385e-07,2.399999999999999911e-01
4.510000000000000018e-07,2.399999999999999911e-01
4.520000000000000770e-07,2.399999999999999911e-01
4.530000000000001521e-07,2.800000000000000266e-01
4.540000000000000155e-07,2.800000000000000266e-01
4.550000000000000906e-07,2.800000000000000266e-01
4.560000000000001657e-07,2.800000000000000266e-01
4.570000000000000291e-07,2.800000000000000266e-01
4.580000000000001042e-07,2.800000000000000266e-01
4.589999999999999676e-07,3.200000000000000067e-01
4.600000000000000427e-07,2.800000000000000266e-01
4.610000000000001178e-07,2.800000000000000266e-01
4.619999999999999812e-07,2.399999999999999911e-01
4.630000000000000563e-07,2.800000000000000266e-01
4.640000000000001315e-07,2.399999999999999911e-01
4.649999999999999948e-07,2.800000000000000266e-01
4.660000000000000700e-07,3.200000000000000067e-01
4.670000000000001451e-07,2.399999999999999911e-01
4.680000000000000085e-07,2.399999999999999911e-01
4.690000000000000836e-07,2.800000000000000266e-01
4.700000000000001587e-07,2.399999999999999911e-01
4.710000000000000221e-07,2.399999999999999911e-01
4.720000000000000972e-07,2.800000000000000266e-01
4.729999999999999606e-07,2.800000000000000266e-01
4.740000000000000357e-07,2.800000000000000266e-01
4.750000000000001109e-07,2.800000000000000266e-01
4.759999999999999742e-07,2.800000000000000266e-01
4.770000000000000494e-07,2.399999999999999911e-01
4.780000000000001245e-07,2.399999999999999911e-01
4.789999999999999879e-07,2.800000000000000266e-01
4.800000000000000630e-07,2.399999999999999911e-01
4.810000000000001381e-07,3.200000000000000067e-01
4.820000000000000015e-07,3.200000000000000067e-01
4.830000000000000766e-07,2.399999999999999911e-01
4.840000000000001517e-07,3.200000000000000067e-01
4.850000000000000151e-07,2.800000000000000266e-01
4.860000000000000902e-07,2.800000000000000266e-01
4.870000000000001654e-07,2.800000000000000266e-01
4.880000000000000287e-07,2.399999999999999911e-01
4.890000000000001039e-07,2.399999999999999911e-01
4.899999999999999672e-07,2.000000000000000111e-01
4.910000000000000424e-07,2.800000000000000266e-01
4.920000000000001175e-07,2.800000000000000266e-01
4.929999999999999809e-07,2.800000000000000266e-01
4.940000000000000560e-07,2.000000000000000111e-01
4.950000000000001311e-07,2.800000000000000266e-01
4.959999999999999945e-07,2.800000000000000266e-01
4.970000000000000696e-07,2.399999999999999911e-01
4.980000000000001448e-07,2.800000000000000266e-01
4.990000000000000081e-07,2.399999999999999911e-01
5.000000000000000833e-07,2.800000000000000266e-01
5.010000000000001584e-07,2.399999999999999911e-01
5.020000000000000218e-07,2.000000000000000111e-01
5.030000000000000969e-07,2.399999999999999911e-01
5.039999999999999603e-07,2.399999999999999911e-01
5.050000000000000354e-07,2.399999999999999911e-01
5.060000000000001105e-07,2.399999999999999911e-01
5.069999999999999739e-07,2.399999999999999911e-01
5.080000000000000490e-07,2.800000000000000266e-01
5.090000000000001241e-07,2.800000000000000266e-01
5.099999999999999875e-07,2.399999999999999911e-01
5.110000000000000626e-07,2.800000000000000266e-01
5.120000000000001378e-07,2.800000000000000266e-01
5.130000000000000011e-07,2.399999999999999911e-01
5.140000000000000763e-07,2.800000000000000266e-01
5.150000000000001514e-07,2.800000000000000266e-01
5.160000000000000148e-07,2.800000000000000266e-01
5.170000000000000899e-07,2.800000000000000266e-01
5.180000000000001650e-07,2.399999999999999911e-01
5.190000000000000284e-07,2.000000000000000111e-01
5.200000000000001035e-07,2.000000000000000111e-01
5.209999999999999669e-07,2.399999999999999911e-01
5.220000000000000420e-07,2.399999999999999911e-01
5.230000000000001172e-07,2.000000000000000111e-01
5.239999999999999805e-07,2.800000000000000266e-01
5.250000000000000557e-07,2.399999999999999911e-01
5.260000000000001308e-07,2.800000000000000266e-01
5.269999999999999942e-07,2.800000000000000266e-01
5.280000000000000693e-07,2.000000000000000111e-01
5.290000000000001444e-07,2.399999999999999911e-01
5.300000000000000078e-07,2.000000000000000111e-01
5.310000000000000829e-07,2.399999999999999911e-01
5.320000000000001580e-07,2.399999999999999911e-01
5.330000000000000214e-07,2.399999999999999911e-01
5.340000000000000965e-07,2.399999999999999911e-01
5.350000000000001717e-07,2.399999999999999911e-01
5.360000000000000350e-07,2.399999999999999911e-01
5.370000000000001102e-07,2.000000000000000111e-01
5.379999999999999735e-07,2.800000000000000266e-01
5.390000000000000487e-07,2.000000000000000111e-01
5.400000000000001238e-07,2.399999999999999911e-01
5.409999999999999872e-07,2.399999999999999911e-01
5.420000000000000623e-07,2.399999999999999911e-01
5.430000000000001374e-07,2.000000000000000111e-01
5.440000000000000008e-07,2.800000000000000266e-01
5.450000000000000759e-07,2.399999999999999911e-01
5.460000000000001511e-07,2.399999999999999911e-01
5.470000000000000144e-07,2.000000000000000111e-01
5.480000000000000896e-07,2.399999999999999911e-01
5.490000000000001647e-07,3.200000000000000067e-01
5.500000000000000281e-07,2.000000000000000111e-01
5.510000000000001032e-07,2.000000000000000111e-01
5.519999999999999666e-07,1.600000000000000033e-01
5.530000000000000417e-07,2.399999999999999911e-01
5.540000000000001168e-07,2.399999999999999911e-01
5.549999999999999802e-07,2.800000000000000266e-01
5.560000000000000553e-07,2.000000000000000111e-01
5.570000000000001304e-07,2.399999999999999911e-01
5.579999999999999938e-07,2.399999999999999911e-01
5.590000000000000689e-07,2.399999999999999911e-01
5.600000000000001441e-07,2.399999999999999911e-01
5.610000000000000074e-07,2.000000000000000111e-01
5.620000000000000826e-07,2.800000000000000266e-01
5.630000000000001577e-07,2.399999999999999911e-01
5.640000000000000211e-07,2.399999999999999911e-01
5.650000000000000962e-07,2.399999999999999911e-01
5.660000000000001713e-07,2.000000000000000111e-01
5.670000000000000347e-07,2.000000000000000111e-01
5.680000000000001098e-07,1.600000000000000033e-01
5.689999999999999732e-07,2.399999999999999911e-01
5.700000000000000483e-07,1.600000000000000033e-01
5.710000000000001235e-07,2.000000000000000111e-01
5.719999999999999868e-07,2.000000000000000111e-01
5.730000000000000620e-07,2.000000000000000111e-01
5.740000000000001371e-07,2.399999999999999911e-01
5.750000000000000004e-07,2.800000000000000266e-01
5.760000000000000756e-07,2.399999999999999911e-01
5.770000000000001507e-07,2.000000000000000111e-01
5.780000000000000141e-07,2.399999999999999911e-01
5.790000000000000892e-07,2.000000000000000111e-01
5.800000000000001643e-07,2.000000000000000111e-01
5.810000000000000277e-07,2.000000000000000111e-01
5.820000000000001028e-07,2.399999999999999911e-01
5.829999999999999662e-07,2.399999999999999911e-01
5.840000000000000413e-07,2.000000000000000111e-01
5.850000000000001165e-07,2.800000000000000266e-01
5.859999999999999798e-07,2.399999999999999911e-01
5.870000000000000550e-07,2.000000000000000111e-01
5.880000000000001301e-07,2.399999999999999911e-01
5.889999999999999935e-07,2.800000000000000266e-01
5.900000000000000686e-07,2.399999999999999911e-01
5.910000000000001437e-07,2.800000000000000266e-01
5.920000000000000071e-07,2.399999999999999911e-01
5.930000000000000822e-07,2.000000000000000111e-01
5.940000000000001574e-07,2.399999999999999911e-01
5.950000000000000207e-07,2.399999999999999911e-01
5.960000000000000958e-07,2.800000000000000266e-01
5.970000000000001710e-07,2.399999999999999911e-01
5.980000000000000343e-07,2.399999999999999911e-01
5.990000000000001095e-07,2.000000000000000111e-01
5.999999999999999728e-07,2.000000000000000111e-01
6.010000000000000480e-07,1.600000000000000033e-01
6.020000000000001231e-07,2.399999999999999911e-01
6.029999999999999865e-07,2.000000000000000111e-01
6.040000000000000616e-07,1.600000000000000033e-01
6.050000000000001367e-07,2.000000000000000111e-01
6.060000000000000001e-07,2.399999999999999911e-01
6.070000000000000752e-07,2.399999999999999911e-01
6.080000000000001504e-07,2.399999999999999911e-01
6.090000000000000137e-07,2.000000000000000111e-01
6.100000000000000889e-07,2.399999999999999911e-01
6.110000000000001640e-07,2.000000000000000111e-01
6.120000000000000274e-07,2.000000000000000111e-01
6.130000000000001025e-07,2.399999999999999911e-01
6.139999999999999659e-07,2.399999999999999911e-01
6.150000000000000410e-07,2.000000000000000111e-01
6.160000000000001161e-07,2.399999999999999911e-01
6.169999999999999795e-07,2.399999999999999911e-01
6.180000000000000546e-07,1.600000000000000033e-01
6.190000000000001297e-07,2.000000000000000111e-01
6.199999999999999931e-07,2.000000000000000111e-01
6.210000000000000682e-07,2.000000000000000111e-01
6.220000000000001434e-07,1.600000000000000033e-01
6.230000000000000067e-07,1.600000000000000033e-01
6.240000000000000819e-07,2.399999999999999911e-01
6.250000000000001570e-07,2.000000000000000111e-01
6.260000000000000204e-07,2.000000000000000111e-01
6.270000000000000955e-07,1.600000000000000033e-01
6.280000000000001706e-07,2.000000000000000111e-01
6.290000000000000340e-07,1.600000000000000033e-01
6.300000000000001091e-07,2.399999999999999911e-01
6.309999999999999725e-07,2.399999999999999911e-01
6.320000000000000476e-07,2.000000000000000111e-01
6.330000000000001228e-07,2.399999999999999911e-01
6.339999999999999861e-07,2.399999999999999911e-01
6.350000000000000613e-07,2.399999999999999911e-01
6.360000000000001364e-07,1.600000000000000033e-01
6.369999999999999998e-07,2.800000000000000266e-01
6.380000000000000749e-07,2.000000000000000111e-01
6.390000000000001500e-07,2.000000000000000111e-01
6.400000000000000134e-07,2.000000000000000111e-01
6.410000000000000885e-07,2.399999999999999911e-01
6.420000000000001636e-07,2.000000000000000111e-01
6.430000000000000270e-07,2.000000000000000111e-01
6.440000000000001021e-07,2.000000000000000111e-01
6.450000000000001773e-07,2.399999999999999911e-01
6.460000000000000406e-07,2.000000000000000111e-01
6.470000000000001158e-07,2.399999999999999911e-01
6.479999999999999791e-07,2.399999999999999911e-01
6.490000000000000543e-07,1.600000000000000033e-01
6.500000000000001294e-07,2.000000000000000111e-01
6.509999999999999928e-07,2.000000000000000111e-01
6.520000000000000679e-07,2.399999999999999911e-01
6.530000000000001430e-07,2.000000000000000111e-01
6.540000000000000064e-07,2.000000000000000111e-01
6.550000000000000815e-07,2.000000000000000111e-01
6.560000000000001567e-07,2.000000000000000111e-01
6.570000000000000200e-07,2.000000000000000111e-01
6.580000000000000952e-07,2.399999999999999911e-01
6.590000000000001703e-07,2.000000000000000111e-01
6.600000000000000337e-07,2.000000000000000111e-01
6.610000000000001088e-07,2.000000000000000111e-01
6.619999999999999722e-07,2.399999999999999911e-01
6.630000000000000473e-07,2.399999999999999911e-01
6.640000000000001224e-07,2.000000000000000111e-01
6.649999999999999858e-07,2.000000000000000111e-01
6.660000000000000609e-07,2.000000000000000111e-01
6.670000000000001360e-07,2.000000000000000111e-01
6.679999999999999994e-07,2.000000000000000111e-01
6.690000000000000745e-07,1.600000000000000033e-01
6.700000000000001497e-07,2.399999999999999911e-01
6.710000000000000130e-07,2.000000000000000111e-01
6.720000000000000882e-07,2.000000000000000111e-01
6.730000000000001633e-07,2.000000000000000111e-01
6.740000000000000267e-07,2.399999999999999911e-01
6.750000000000001018e-07,2.399999999999999911e-01
6.760000000000001769e-07,1.600000000000000033e-01
6.770000000000000403e-07,2.399999999999999911e-01
6.780000000000001154e-07,1.600000000000000033e-01
6.789999999999999788e-07,2.000000000000000111e-01
6.800000000000000539e-07,2.000000000000000111e-01
6.810000000000001291e-07,2.000000000000000111e-01
6.819999999999999924e-07,2.000000000000000111e-01
6.830000000000000676e-07,2.000000000000000111e-01
6.840000000000001427e-07,2.000000000000000111e-01
6.850000000000000061e-07,2.000000000000000111e-01
6.860000000000000812e-07,2.000000000000000111e-01
6.870000000000001563e-07,2.399999999999999911e-01
6.880000000000000197e-07,2.000000000000000111e-01
6.890000000000000948e-07,2.000000000000000111e-01
6.900000000000001699e-07,2.000000000000000111e-01
6.910000000000000333e-07,1.600000000000000033e-01
6.920000000000001084e-07,1.600000000000000033e-01
6.929999999999999718e-07,2.000000000000000111e-01
6.940000000000000469e-07,2.399999999999999911e-01
6.950000000000001221e-07,2.000000000000000111e-01
6.959999999999999854e-07,2.399999999999999911e-01
6.970000000000000606e-07,2.000000000000000111e-01
6.980000000000001357e-07,1.600000000000000033e-01
6.989999999999999991e-07,2.000000000000000111e-01
7.000000000000000742e-07,2.000000000000000111e-01
7.010000000000001493e-07,2.399999999999999911e-01
7.020000000000000127e-07,2.000000000000000111e-01
7.030000000000000878e-07,2.000000000000000111e-01
7.040000000000001630e-07,1.600000000000000033e-01
7.050000000000000263e-07,1.600000000000000033e-01
7.060000000000001015e-07,2.000000000000000111e-01
7.070000000000001766e-07,2.000000000000000111e-01
7.080000000000000400e-07,2.000000000000000111e-01
7.090000000000001151e-07,2.000000000000000111e-01
7.099999999999999785e-07,1.600000000000000033e-01
7.110000000000000536e-07,2.399999999999999911e-01
7.120000000000001287e-07,2.000000000000000111e-01
7.129999999999999921e-07,2.399999999999999911e-01
7.140000000000000672e-07,2.399999999999999911e-01
7.150000000000001423e-07,2.399999999999999911e-01
7.160000000000000057e-07,2.000000000000000111e-01
7.170000000000000808e-07,1.600000000000000033e-01
7.180000000000001560e-07,1.600000000000000033e-01
7.190000000000002311e-07,1.600000000000000033e-01
7.199999999999998827e-07,1.600000000000000033e-01
7.209999999999999578e-07,2.000000000000000111e-01
7.220000000000000330e-07,2.000000000000000111e-01
7.230000000000001081e-07,2.399999999999999911e-01
7.240000000000001832e-07,2.399999999999999911e-01
7.250000000000002584e-07,2.000000000000000111e-01
7.259999999999999100e-07,1.600000000000000033e-01
7.269999999999999851e-07,1.600000000000000033e-01
7.280000000000000602e-07,1.600000000000000033e-01
7.290000000000001354e-07,2.399999999999999911e-01
7.300000000000002105e-07,2.000000000000000111e-01
7.310000000000002856e-07,1.600000000000000033e-01
7.319999999999999372e-07,1.600000000000000033e-01
7.330000000000000124e-07,2.399999999999999911e-01
7.340000000000000875e-07,2.000000000000000111e-01
7.350000000000001626e-07,1.600000000000000033e-01
7.360000000000002377e-07,2.000000000000000111e-01
7.369999999999998894e-07,2.000000000000000111e-01
7.379999999999999645e-07,1.600000000000000033e-01
7.390000000000000396e-07,2.000000000000000111e-01
7.400000000000001147e-07,2.000000000000000111e-01
7.410000000000001899e-07,2.000000000000000111e-01
7.420000000000002650e-07,2.000000000000000111e-01
7.429999999999999166e-07,2.000000000000000111e-01
7.439999999999999917e-07,2.000000000000000111e-01
7.450000000000000669e-07,1.600000000000000033e-01
7.460000000000001420e-07,2.399999999999999911e-01
7.470000000000002171e-07,2.000000000000000111e-01
7.479999999999998687e-07,1.600000000000000033e-01
7.489999999999999439e-07,2.000000000000000111e-01
7.500000000000000190e-07,1.600000000000000033e-01
7.510000000000000941e-07,2.000000000000000111e-01
7.520000000000001693e-07,1.600000000000000033e-01
7.530000000000002444e-07,1.600000000000000033e-01
7.539999999999998960e-07,1.600000000000000033e-01
7.549999999999999711e-07,1.600000000000000033e-01
7.560000000000000463e-07,2.399999999999999911e-01
7.570000000000001214e-07,2.000000000000000111e-01
7.580000000000001965e-07,2.000000000000000111e-01
7.590000000000002716e-07,1.600000000000000033e-01
7.599999999999999233e-07,2.399999999999999911e-01
7.609999999999999984e-07,2.000000000000000111e-01
7.620000000000000735e-07,2.000000000000000111e-01
7.630000000000001486e-07,1.600000000000000033e-01
7.640000000000002238e-07,2.399999999999999911e-01
7.649999999999998754e-07,2.000000000000000111e-01
7.659999999999999505e-07,1.600000000000000033e-01
7.670000000000000256e-07,2.000000000000000111e-01
7.680000000000001008e-07,2.000000000000000111e-01
7.690000000000001759e-07,1.600000000000000033e-01
7.700000000000002510e-07,1.600000000000000033e-01
7.709999999999999026e-07,2.000000000000000111e-01
7.719999999999999778e-07,1.600000000000000033e-01
7.730000000000000529e-07,2.000000000000000111e-01
7.740000000000001280e-07,1.600000000000000033e-01
7.750000000000002032e-07,1.199999999999999956e-01
7.760000000000002783e-07,2.000000000000000111e-01
7.769999999999999299e-07,2.000000000000000111e-01
7.780000000000000050e-07,1.600000000000000033e-01
7.790000000000000802e-07,2.000000000000000111e-01
7.800000000000001553e-07,1.600000000000000033e-01
7.810000000000002304e-07,1.600000000000000033e-01
7.819999999999998820e-07,2.000000000000000111e-01
7.829999999999999572e-07,1.600000000000000033e-01
7.840000000000000323e-07,1.600000000000000033e-01
7.850000000000001074e-07,1.199999999999999956e-01
7.860000000000001825e-07,2.399999999999999911e-01
7.870000000000002577e-07,1.600000000000000033e-01
7.879999999999999093e-07,2.399999999999999911e-01
7.889999999999999844e-07,2.000000000000000111e-01
7.900000000000000595e-07,2.399999999999999911e-01
7.910000000000001347e-07,2.000000000000000111e-01
7.920000000000002098e-07,1.600000000000000033e-01
7.930000000000002849e-07,2.000000000000000111e-01
7.939999999999999365e-07,2.000000000000000111e-01
7.950000000000000117e-07,2.000000000000000111e-01
7.960000000000000868e-07,2.000000000000000111e-01
7.970000000000001619e-07,2.000000000000000111e-01
7.980000000000002371e-07,1.600000000000000033e-01
7.989999999999998887e-07,1.600000000000000033e-01
7.999999999999999638e-07,2.000000000000000111e-01
8.010000000000000389e-07,1.600000000000000033e-01
8.020000000000001141e-07,1.600000000000000033e-01
8.030000000000001892e-07,1.199999999999999956e-01
8.040000000000002643e-07,1.600000000000000033e-01
8.049999999999999159e-07,1.600000000000000033e-01
8.059999999999999911e-07,2.000000000000000111e-01
8.070000000000000662e-07,1.600000000000000033e-01
8.080000000000001413e-07,2.000000000000000111e-01
8.090000000000002164e-07,1.600000000000000033e-01
8.100000000000002916e-07,1.600000000000000033e-01
8.109999999999999432e-07,1.199999999999999956e-01
8.120000000000000183e-07,2.000000000000000111e-01
8.130000000000000934e-07,2.399999999999999911e-01
8.140000000000001686e-07,2.000000000000000111e-01
8.150000000000002437e-07,1.600000000000000033e-01
8.159999999999998953e-07,1.199999999999999956e-01
8.169999999999999704e-07,1.199999999999999956e-01
8.180000000000000456e-07,1.600000000000000033e-01
8.190000000000001207e-07,1.199999999999999956e-01
8.200000000000001958e-07,1.199999999999999956e-01
8.210000000000002710e-07,2.000000000000000111e-01
8.219999999999999226e-07,2.000000000000000111e-01
8.229999999999999977e-07,2.000000000000000111e-01
8.240000000000000728e-07,2.000000000000000111e-01
8.250000000000001480e-07,1.600000000000000033e-01
8.260000000000002231e-07,1.600000000000000033e-01
8.269999999999998747e-07,1.600000000000000033e-01
8.279999999999999498e-07,2.000000000000000111e-01
8.290000000000000250e-07,2.000000000000000111e-01
8.300000000000001001e-07,1.199999999999999956e-01
8.310000000000001752e-07,2.000000000000000111e-01
8.320000000000002503e-07,1.600000000000000033e-01
8.329999999999999020e-07,2.000000000000000111e-01
8.339999999999999771e-07,1.199999999999999956e-01
8.350000000000000522e-07,2.000000000000000111e-01
8.360000000000001273e-07,1.600000000000000033e-01
8.370000000000002025e-07,1.199999999999999956e-01
8.380000000000002776e-07,1.600000000000000033e-01
8.389999999999999292e-07,2.000000000000000111e-01
8.400000000000000043e-07,1.600000000000000033e-01
8.410000000000000795e-07,2.000000000000000111e-01
8.420000000000001546e-07,2.000000000000000111e-01
8.430000000000002297e-07,1.600000000000000033e-01
8.439999999999998813e-07,1.600000000000000033e-01
8.449999999999999565e-07,2.399999999999999911e-01
8.460000000000000316e-07,1.600000000000000033e-01
8.470000000000001067e-07,8.000000000000000167e-02
8.480000000000001819e-07,1.600000000000000033e-01
8.490000000000002570e-07,1.199999999999999956e-01
8.499999999999999086e-07,1.600000000000000033e-01
8.509999999999999837e-07,1.199999999999999956e-01
8.520000000000000589e-07,1.600000000000000033e-01
8.530000000000001340e-07,1.199999999999999956e-01
8.540000000000002091e-07,2.000000000000000111e-01
8.550000000000002842e-07,1.600000000000000033e-01
8.559999999999999359e-07,2.000000000000000111e-01
8.570000000000000110e-07,2.000000000000000111e-01
8.580000000000000861e-07,1.600000000000000033e-01
8.590000000000001612e-07,1.600000000000000033e-01
8.600000000000002364e-07,1.600000000000000033e-01
8.609999999999998880e-07,1.600000000000000033e-01
8.619999999999999631e-07,2.000000000000000111e-01
8.630000000000000382e-07,2.000000000000000111e-01
8.640000000000001134e-07,1.600000000000000033e-01
8.650000000000001885e-07,1.600000000000000033e-01
8.660000000000002636e-07,1.600000000000000033e-01
8.669999999999999152e-07,1.600000000000000033e-01
8.679999999999999904e-07,2.000000000000000111e-01
8.690000000000000655e-07,2.000000000000000111e-01
8.700000000000001406e-07,1.600000000000000033e-01
8.710000000000002158e-07,2.000000000000000111e-01
8.720000000000002909e-07,2.000000000000000111e-01
8.729999999999999425e-07,1.600000000000000033e-01
8.740000000000000176e-07,1.199999999999999956e-01
8.750000000000000928e-07,1.600000000000000033e-01
8.760000000000001679e-07,1.600000000000000033e-01
8.770000000000002430e-07,1.600000000000000033e-01
8.779999999999998946e-07,2.000000000000000111e-01
8.789999999999999698e-07,1.600000000000000033e-01
8.800000000000000449e-07,2.000000000000000111e-01
8.810000000000001200e-07,1.600000000000000033e-01
8.820000000000001951e-07,1.600000000000000033e-01
8.830000000000002703e-07,1.600000000000000033e-01
8.839999999999999219e-07,1.199999999999999956e-01
8.849999999999999970e-07,1.600000000000000033e-01
8.860000000000000721e-07,1.199999999999999956e-01
8.870000000000001473e-07,1.600000000000000033e-01
8.880000000000002224e-07,1.600000000000000033e-01
8.890000000000002975e-07,1.600000000000000033e-01
8.899999999999999491e-07,1.600000000000000033e-01
8.910000000000000243e-07,1.600000000000000033e-01
8.920000000000000994e-07,1.600000000000000033e-01
8.930000000000001745e-07,2.000000000000000111e-01
8.940000000000002497e-07,2.000000000000000111e-01
8.949999999999999013e-07,1.600000000000000033e-01
8.959999999999999764e-07,1.600000000000000033e-01
8.970000000000000515e-07,1.600000000000000033e-01
8.980000000000001267e-07,1.600000000000000033e-01
8.990000000000002018e-07,1.600000000000000033e-01
9.000000000000002769e-07,1.600000000000000033e-01
9.009999999999999285e-07,1.199999999999999956e-01
9.020000000000000037e-07,1.600000000000000033e-01
9.030000000000000788e-07,1.199999999999999956e-01
9.040000000000001539e-07,2.000000000000000111e-01
9.050000000000002290e-07,2.000000000000000111e-01
9.059999999999998807e-07,1.199999999999999956e-01
9.069999999999999558e-07,2.000000000000000111e-01
9.080000000000000309e-07,1.600000000000000033e-01
9.090000000000001060e-07,1.199999999999999956e-01
9.100000000000001812e-07,1.600000000000000033e-01
9.110000000000002563e-07,2.000000000000000111e-01
9.119999999999999079e-07,1.600000000000000033e-01
9.129999999999999830e-07,1.199999999999999956e-01
9.140000000000000582e-07,2.000000000000000111e-01
9.150000000000001333e-07,1.199999999999999956e-01
9.160000000000002084e-07,1.600000000000000033e-01
9.170000000000002836e-07,1.199999999999999956e-01
9.179999999999999352e-07,1.199999999999999956e-01
9.190000000000000103e-07,1.199999999999999956e-01
9.200000000000000854e-07,1.600000000000000033e-01
9.210000000000001606e-07,1.600000000000000033e-01
9.220000000000002357e-07,2.000000000000000111e-01
9.229999999999998873e-07,2.000000000000000111e-01
9.239999999999999624e-07,1.199999999999999956e-01
9.250000000000000376e-07,1.199999999999999956e-01
9.260000000000001127e-07,1.199999999999999956e-01
9.270000000000001878e-07,2.000000000000000111e-01
9.280000000000002629e-07,1.600000000000000033e-01
9.289999999999999146e-07,1.199999999999999956e-01
9.299999999999999897e-07,1.600000000000000033e-01
9.310000000000000648e-07,1.600000000000000033e-01
9.320000000000001399e-07,2.000000000000000111e-01
9.330000000000002151e-07,8.000000000000000167e-02
9.340000000000002902e-07,1.600000000000000033e-01
9.349999999999999418e-07,1.600000000000000033e-01
9.360000000000000169e-07,1.199999999999999956e-01
9.370000000000000921e-07,1.199999999999999956e-01
9.380000000000001672e-07,1.600000000000000033e-01
9.390000000000002423e-07,1.600000000000000033e-01
9.399999999999998939e-07,1.600000000000000033e-01
9.409999999999999691e-07,1.199999999999999956e-01
9.420000000000000442e-07,2.000000000000000111e-01
9.430000000000001193e-07,1.199999999999999956e-01
9.440000000000001945e-07,2.000000000000000111e-01
9.450000000000002696e-07,1.600000000000000033e-01
9.459999999999999212e-07,8.000000000000000167e-02
9.469999999999999963e-07,1.199999999999999956e-01
9.480000000000000715e-07,1.600000000000000033e-01
9.490000000000001466e-07,1.199999999999999956e-01
9.500000000000002217e-07,1.199999999999999956e-01
9.510000000000002968e-07,2.000000000000000111e-01
9.519999999999999484e-07,1.199999999999999956e-01
9.530000000000000236e-07,1.600000000000000033e-01
9.540000000000000987e-07,2.000000000000000111e-01
9.550000000000001738e-07,1.600000000000000033e-01
9.560000000000002490e-07,2.399999999999999911e-01
9.569999999999999006e-07,1.199999999999999956e-01
9.579999999999999757e-07,2.000000000000000111e-01
9.590000000000000508e-07,1.600000000000000033e-01
9.600000000000001260e-07,1.600000000000000033e-01
9.610000000000002011e-07,1.600000000000000033e-01
9.620000000000002762e-07,1.199999999999999956e-01
9.629999999999999278e-07,2.000000000000000111e-01
9.640000000000000030e-07,1.199999999999999956e-01
9.650000000000000781e-07,1.199999999999999956e-01
9.660000000000001532e-07,1.600000000000000033e-01
9.670000000000002284e-07,8.000000000000000167e-02
9.680000000000003035e-07,1.600000000000000033e-01
9.689999999999999551e-07,1.600000000000000033e-01
9.700000000000000302e-07,1.600000000000000033e-01
9.710000000000001053e-07,1.199999999999999956e-01
9.720000000000001805e-07,2.000000000000000111e-01
9.730000000000002556e-07,8.000000000000000167e-02
9.739999999999999072e-07,1.600000000000000033e-01
9.749999999999999823e-07,1.600000000000000033e-01
9.760000000000000575e-07,2.000000000000000111e-01
9.770000000000001326e-07,1.600000000000000033e-01
9.780000000000002077e-07,1.600000000000000033e-01
9.790000000000002829e-07,1.600000000000000033e-01
9.799999999999999345e-07,2.000000000000000111e-01
9.810000000000000096e-07,1.600000000000000033e-01
9.820000000000000847e-07,1.199999999999999956e-01
9.830000000000001599e-07,1.199999999999999956e-01
9.840000000000002350e-07,1.600000000000000033e-01
9.849999999999998866e-07,1.600000000000000033e-01
9.859999999999999617e-07,2.000000000000000111e-01
9.870000000000000369e-07,1.600000000000000033e-01
9.880000000000001120e-07,1.199999999999999956e-01
9.890000000000001871e-07,2.000000000000000111e-01
9.900000000000002623e-07,1.600000000000000033e-01
9.909999999999999139e-07,1.600000000000000033e-01
9.919999999999999890e-07,1.600000000000000033e-01
9.930000000000000641e-07,1.600000000000000033e-01
9.940000000000001392e-07,2.000000000000000111e-01
9.950000000000002144e-07,1.600000000000000033e-01
9.960000000000002895e-07,1.600000000000000033e-01
9.969999999999999411e-07,1.199999999999999956e-01
9.980000000000000162e-07,2.000000000000000111e-01
9.990000000000000914e-07,1.199999999999999956e-01
1.000000000000000167e-06,1.600000000000000033e-01
1.001000000000000242e-06,1.600000000000000033e-01
1.001999999999999893e-06,1.199999999999999956e-01
1.002999999999999968e-06,1.600000000000000033e-01
1.004000000000000044e-06,2.000000000000000111e-01
1.005000000000000119e-06,1.600000000000000033e-01
1.006000000000000194e-06,1.199999999999999956e-01
1.007000000000000269e-06,1.600000000000000033e-01
1.007999999999999921e-06,1.199999999999999956e-01
1.008999999999999996e-06,8.000000000000000167e-02
1.010000000000000071e-06,1.600000000000000033e-01
1.011000000000000146e-06,1.199999999999999956e-01
1.012000000000000221e-06,1.600000000000000033e-01
1.013000000000000296e-06,1.199999999999999956e-01
1.013999999999999948e-06,1.199999999999999956e-01
1.015000000000000023e-06,1.199999999999999956e-01
1.016000000000000098e-06,1.199999999999999956e-01
1.017000000000000173e-06,1.199999999999999956e-01
1.018000000000000248e-06,1.600000000000000033e-01
1.018999999999999900e-06,1.600000000000000033e-01
1.019999999999999975e-06,2.000000000000000111e-01
1.021000000000000050e-06,2.000000000000000111e-01
1.022000000000000125e-06,1.600000000000000033e-01
1.023000000000000200e-06,1.199999999999999956e-01
1.024000000000000276e-06,1.199999999999999956e-01
1.024999999999999927e-06,1.199999999999999956e-01
1.026000000000000002e-06,1.600000000000000033e-01
1.027000000000000077e-06,1.199999999999999956e-01
1.028000000000000153e-06,1.600000000000000033e-01
1.029000000000000228e-06,1.600000000000000033e-01
1.030000000000000303e-06,1.600000000000000033e-01
1.030999999999999954e-06,1.600000000000000033e-01
1.032000000000000030e-06,8.000000000000000167e-02
1.033000000000000105e-06,2.000000000000000111e-01
1.034000000000000180e-06,1.600000000000000033e-01
1.035000000000000255e-06,8.000000000000000167e-02
1.035999999999999907e-06,1.199999999999999956e-01
1.036999999999999982e-06,2.000000000000000111e-01
1.038000000000000057e-06,1.199999999999999956e-01
1.039000000000000132e-06,2.000000000000000111e-01
1.040000000000000207e-06,1.600000000000000033e-01
1.041000000000000282e-06,1.600000000000000033e-01
1.041999999999999934e-06,1.199999999999999956e-01
1.043000000000000009e-06,2.000000000000000111e-01
1.044000000000000084e-06,1.600000000000000033e-01
1.045000000000000159e-06,8.000000000000000167e-02
1.046000000000000234e-06,1.600000000000000033e-01
1.047000000000000309e-06,1.199999999999999956e-01
1.047999999999999961e-06,1.600000000000000033e-01
1.049000000000000036e-06,1.199999999999999956e-01
1.050000000000000111e-06,1.600000000000000033e-01
1.051000000000000186e-06,1.199999999999999956e-01
1.052000000000000262e-06,1.600000000000000033e-01
1.052999999999999913e-06,1.600000000000000033e-01
1.053999999999999988e-06,1.199999999999999956e-01
1.055000000000000063e-06,1.199999999999999956e-01
1.056000000000000139e-06,1.199999999999999956e-01
1.057000000000000214e-06,1.600000000000000033e-01
1.058000000000000289e-06,1.600000000000000033e-01
1.058999999999999940e-06,2.000000000000000111e-01
1.060000000000000016e-06,1.199999999999999956e-01
1.061000000000000091e-06,1.199999999999999956e-01
1.062000000000000166e-06,1.600000000000000033e-01
1.063000000000000241e-06,1.199999999999999956e-01
1.063999999999999893e-06,2.000000000000000111e-01
1.064999999999999968e-06,8.000000000000000167e-02
1.066000000000000043e-06,1.600000000000000033e-01
1.067000000000000118e-06,1.199999999999999956e-01
1.068000000000000193e-06,1.600000000000000033e-01
1.069000000000000268e-06,1.600000000000000033e-01
1.069999999999999920e-06,2.000000000000000111e-01
1.070999999999999995e-06,1.600000000000000033e-01
1.072000000000000070e-06,8.000000000000000167e-02
1.073000000000000145e-06,2.000000000000000111e-01
1.074000000000000220e-06,1.600000000000000033e-01
1.075000000000000295e-06,1.600000000000000033e-01
1.075999999999999947e-06,1.600000000000000033e-01
1.077000000000000022e-06,1.600000000000000033e-01
1.078000000000000097e-06,1.199999999999999956e-01
1.079000000000000172e-06,1.600000000000000033e-01
1.080000000000000248e-06,1.600000000000000033e-01
1.080999999999999899e-06,2.000000000000000111e-01
1.081999999999999974e-06,1.199999999999999956e-01
1.083000000000000049e-06,1.600000000000000033e-01
1.084000000000000125e-06,1.199999999999999956e-01
1.085000000000000200e-06,2.000000000000000111e-01
1.086000000000000275e-06,1.600000000000000033e-01
1.086999999999999926e-06,1.600000000000000033e-01
1.088000000000000002e-06,1.199999999999999956e-01
1.089000000000000077e-06,1.199999999999999956e-01
1.090000000000000152e-06,1.600000000000000033e-01
1.091000000000000227e-06,1.199999999999999956e-01
1.092000000000000302e-06,1.199999999999999956e-01
1.092999999999999954e-06,1.600000000000000033e-01
1.094000000000000029e-06,1.199999999999999956e-01
1.095000000000000104e-06,1.600000000000000033e-01
1.096000000000000179e-06,8.000000000000000167e-02
1.097000000000000254e-06,1.600000000000000033e-01
1.097999999999999906e-06,1.199999999999999956e-01
1.098999999999999981e-06,8.000000000000000167e-02
1.100000000000000056e-06,8.000000000000000167e-02
1.101000000000000131e-06,8.000000000000000167e-02
1.102000000000000206e-06,2.000000000000000111e-01
1.103000000000000281e-06,1.600000000000000033e-01
1.103999999999999933e-06,1.600000000000000033e-01
1.105000000000000008e-06,8.000000000000000167e-02
1.106000000000000083e-06,1.199999999999999956e-01
1.107000000000000158e-06,1.199999999999999956e-01
1.108000000000000234e-06,1.199999999999999956e-01
1.109000000000000309e-06,1.600000000000000033e-01
1.109999999999999960e-06,1.600000000000000033e-01
1.111000000000000035e-06,1.600000000000000033e-01
1.112000000000000111e-06,1.199999999999999956e-01
1.113000000000000186e-06,8.000000000000000167e-02
1.114000000000000261e-06,8.000000000000000167e-02
1.114999999999999912e-06,1.600000000000000033e-01
1.115999999999999988e-06,1.600000000000000033e-01
1.117000000000000063e-06,1.199999999999999956e-01
1.118000000000000138e-06,2.000000000000000111e-01
1.119000000000000213e-06,1.600000000000000033e-01
1.120000000000000288e-06,1.600000000000000033e-01
1.120999999999999940e-06,2.000000000000000111e-01
1.122000000000000015e-06,1.199999999999999956e-01
1.123000000000000090e-06,8.000000000000000167e-02
1.124000000000000165e-06,8.000000000000000167e-02
1.125000000000000240e-06,1.600000000000000033e-01
1.125999999999999892e-06,1.600000000000000033e-01
1.126999999999999967e-06,1.199999999999999956e-01
1.128000000000000042e-06,1.600000000000000033e-01
1.129000000000000117e-06,1.199999999999999956e-01
1.130000000000000192e-06,1.600000000000000033e-01
1.131000000000000268e-06,1.199999999999999956e-01
1.131999999999999919e-06,1.600000000000000033e-01
1.132999999999999994e-06,1.199999999999999956e-01
1.134000000000000069e-06,1.199999999999999956e-01
1.135000000000000145e-06,8.000000000000000167e-02
1.136000000000000220e-06,1.199999999999999956e-01
1.137000000000000295e-06,1.199999999999999956e-01
1.137999999999999946e-06,1.600000000000000033e-01
1.139000000000000022e-06,1.600000000000000033e-01
1.140000000000000097e-06,8.000000000000000167e-02
1.141000000000000172e-06,8.000000000000000167e-02
1.142000000000000247e-06,1.600000000000000033e-01
1.142999999999999899e-06,1.600000000000000033e-01
1.143999999999999974e-06,8.000000000000000167e-02
1.145000000000000049e-06,1.199999999999999956e-01
1.146000000000000124e-06,1.199999999999999956e-01
1.147000000000000199e-06,1.199999999999999956e-01
1.148000000000000274e-06,8.000000000000000167e-02
1.148999999999999926e-06,1.199999999999999956e-01
1.150000000000000001e-06,4.000000000000000083e-02
1.151000000000000076e-06,1.199999999999999956e-01
1.152000000000000151e-06,1.199999999999999956e-01
1.153000000000000226e-06,1.199999999999999956e-01
1.154000000000000301e-06,1.199999999999999956e-01
1.154999999999999953e-06,8.000000000000000167e-02
1.156000000000000028e-06,1.600000000000000033e-01
1.157000000000000103e-06,1.199999999999999956e-01
1.158000000000000178e-06,1.600000000000000033e-01
1.159000000000000254e-06,1.199999999999999956e-01
1.159999999999999905e-06,1.600000000000000033e-01
1.160999999999999980e-06,1.600000000000000033e-01
1.162000000000000055e-06,1.199999999999999956e-01
1.163000000000000131e-06,1.199999999999999956e-01
1.164000000000000206e-06,1.199999999999999956e-01
1.165000000000000281e-06,1.199999999999999956e-01
1.165999999999999932e-06,1.199999999999999956e-01
1.167000000000000008e-06,1.600000000000000033e-01
1.168000000000000083e-06,1.199999999999999956e-01
1.169000000000000158e-06,1.600000000000000033e-01
1.170000000000000233e-06,1.600000000000000033e-01
1.171000000000000308e-06,1.199999999999999956e-01
1.171999999999999960e-06,2.000000000000000111e-01
1.173000000000000035e-06,1.600000000000000033e-01
1.174000000000000110e-06,1.600000000000000033e-01
1.175000000000000185e-06,1.199999999999999956e-01
1.176000000000000260e-06,1.199999999999999956e-01
1.176999999999999912e-06,1.600000000000000033e-01
1.177999999999999987e-06,1.600000000000000033e-01
1.179000000000000062e-06,1.600000000000000033e-01
1.180000000000000137e-06,1.600000000000000033e-01
1.181000000000000212e-06,1.199999999999999956e-01
1.182000000000000287e-06,1.600000000000000033e-01
1.182999999999999939e-06,1.600000000000000033e-01
1.184000000000000014e-06,1.600000000000000033e-01
1.185000000000000089e-06,1.199999999999999956e-01
1.186000000000000164e-06,1.600000000000000033e-01
1.187000000000000240e-06,1.600000000000000033e-01
1.188000000000000315e-06,1.600000000000000033e-01
1.188999999999999966e-06,1.199999999999999956e-01
1.190000000000000041e-06,1.199999999999999956e-01
1.191000000000000117e-06,1.199999999999999956e-01
1.192000000000000192e-06,1.199999999999999956e-01
1.193000000000000267e-06,1.199999999999999956e-01
1.193999999999999918e-06,1.199999999999999956e-01
1.194999999999999994e-06,8.000000000000000167e-02
1.196000000000000069e-06,1.199999999999999956e-01
1.197000000000000144e-06,1.199999999999999956e-01
1.198000000000000219e-06,8.000000000000000167e-02
1.199000000000000294e-06,1.199999999999999956e-01
1.199999999999999946e-06,8.000000000000000167e-02
1.201000000000000021e-06,2.000000000000000111e-01
1.202000000000000096e-06,1.600000000000000033e-01
1.203000000000000171e-06,1.600000000000000033e-01
1.204000000000000246e-06,1.600000000000000033e-01
1.204999999999999898e-06,1.199999999999999956e-01
1.205999999999999973e-06,1.199999999999999956e-01
1.207000000000000048e-06,1.199999999999999956e-01
1.208000000000000123e-06,1.600000000000000033e-01
1.209000000000000198e-06,1.199999999999999956e-01
1.210000000000000273e-06,1.199999999999999956e-01
1.210999999999999925e-06,1.199999999999999956e-01
1.212000000000000000e-06,1.199999999999999956e-01
1.213000000000000075e-06,1.600000000000000033e-01
1.214000000000000150e-06,1.199999999999999956e-01
1.215000000000000226e-06,1.600000000000000033e-01
1.216000000000000301e-06,8.000000000000000167e-02
1.216999999999999952e-06,1.199999999999999956e-01
1.218000000000000027e-06,2.000000000000000111e-01
1.219000000000000103e-06,1.600000000000000033e-01
1.220000000000000178e-06,1.600000000000000033e-01
1.221000000000000253e-06,1.199999999999999956e-01
1.221999999999999904e-06,1.199999999999999956e-01
1.222999999999999980e-06,1.199999999999999956e-01
1.224000000000000055e-06,1.600000000000000033e-01
1.225000000000000130e-06,1.199999999999999956e-01
1.226000000000000205e-06,1.199999999999999956e-01
1.227000000000000280e-06,2.000000000000000111e-01
1.227999999999999932e-06,1.600000000000000033e-01
1.229000000000000007e-06,1.600000000000000033e-01
1.230000000000000082e-06,8.000000000000000167e-02
1.231000000000000157e-06,1.600000000000000033e-01
1.232000000000000232e-06,1.199999999999999956e-01
1.233000000000000307e-06,1.199999999999999956e-01
1.233999999999999959e-06,1.199999999999999956e-01
1.235000000000000034e-06,1.600000000000000033e-01
1.236000000000000109e-06,1.199999999999999956e-01
1.237000000000000184e-06,1.600000000000000033e-01
1.238000000000000259e-06,1.600000000000000033e-01
1.238999999999999911e-06,1.199999999999999956e-01
1.239999999999999986e-06,8.000000000000000167e-02
1.241000000000000061e-06,1.199999999999999956e-01
1.242000000000000136e-06,1.199999999999999956e-01
1.243000000000000212e-06,1.199999999999999956e-01
1.244000000000000287e-06,8.000000000000000167e-02
1.244999999999999938e-06,1.199999999999999956e-01
1.246000000000000013e-06,1.199999999999999956e-01
1.247000000000000089e-06,8.000000000000000167e-02
1.248000000000000164e-06,1.199999999999999956e-01
1.249000000000000239e-06,8.000000000000000167e-02
1.250000000000000314e-06,1.199999999999999956e-01
1.250999999999999966e-06,1.600000000000000033e-01
1.252000000000000041e-06,1.600000000000000033e-01
1.253000000000000116e-06,1.199999999999999956e-01
1.254000000000000191e-06,8.000000000000000167e-02
1.255000000000000266e-06,1.199999999999999956e-01
1.255999999999999918e-06,1.600000000000000033e-01
1.256999999999999993e-06,1.600000000000000033e-01
1.258000000000000068e-06,1.199999999999999956e-01
1.259000000000000143e-06,1.600000000000000033e-01
1.260000000000000218e-06,1.600000000000000033e-01
1.261000000000000293e-06,1.199999999999999956e-01
1.261999999999999945e-06,1.600000000000000033e-01
1.263000000000000020e-06,1.199999999999999956e-01
1.264000000000000095e-06,1.199999999999999956e-01
1.265000000000000170e-06,1.199999999999999956e-01
1.266000000000000246e-06,1.199999999999999956e-01
1.267000000000000321e-06,1.600000000000000033e-01
1.267999999999999972e-06,1.600000000000000033e-01
1.269000000000000047e-06,1.199999999999999956e-01
1.270000000000000123e-06,8.000000000000000167e-02
1.271000000000000198e-06,1.199999999999999956e-01
1.272000000000000273e-06,1.600000000000000033e-01
1.272999999999999924e-06,1.199999999999999956e-01
1.274000000000000000e-06,1.600000000000000033e-01
1.275000000000000075e-06,1.600000000000000033e-01
1.276000000000000150e-06,1.199999999999999956e-01
1.277000000000000225e-06,1.600000000000000033e-01
1.278000000000000300e-06,1.600000000000000033e-01
1.278999999999999952e-06,1.199999999999999956e-01
1.280000000000000027e-06,8.000000000000000167e-02
1.281000000000000102e-06,8.000000000000000167e-02
1.282000000000000177e-06,1.199999999999999956e-01
1.283000000000000252e-06,1.199999999999999956e-01
1.283999999999999904e-06,1.600000000000000033e-01
1.284999999999999979e-06,1.199999999999999956e-01
1.286000000000000054e-06,1.199999999999999956e-01
1.287000000000000129e-06,1.199999999999999956e-01
1.288000000000000204e-06,1.600000000000000033e-01
1.289000000000000279e-06,1.199999999999999956e-01
1.289999999999999931e-06,1.199999999999999956e-01
1.291000000000000006e-06,1.199999999999999956e-01
1.292000000000000081e-06,1.199999999999999956e-01
1.293000000000000156e-06,1.199999999999999956e-01
1.294000000000000232e-06,1.199999999999999956e-01
1.295000000000000307e-06,1.199999999999999956e-01
1.295999999999999958e-06,8.000000000000000167e-02
1.297000000000000033e-06,1.199999999999999956e-01
1.298000000000000109e-06,1.199999999999999956e-01
1.299000000000000184e-06,8.000000000000000167e-02
1.300000000000000259e-06,1.199999999999999956e-01
1.300999999999999910e-06,1.600000000000000033e-01
1.301999999999999986e-06,1.199999999999999956e-01
1.303000000000000061e-06,1.199999999999999956e-01
1.304000000000000136e-06,1.199999999999999956e-01
1.305000000000000211e-06,1.199999999999999956e-01
1.306000000000000286e-06,1.199999999999999956e-01
1.306999999999999938e-06,2.000000000000000111e-01
1.308000000000000013e-06,1.199999999999999956e-01
1.309000000000000088e-06,1.199999999999999956e-01
