time_s,voltage_V
-1.337999999999999937e-06,2.000000000000000042e-02
-1.336999999999999862e-06,-4.000000000000000083e-02
-1.335999999999999999e-06,2.000000000000000042e-02
-1.334999999999999924e-06,0.000000000000000000e+00
-1.333999999999999849e-06,0.000000000000000000e+00
-1.332999999999999985e-06,2.000000000000000042e-02
-1.331999999999999910e-06,-2.000000000000000042e-02
-1.330999999999999835e-06,0.000000000000000000e+00
-1.329999999999999972e-06,0.000000000000000000e+00
-1.328999999999999896e-06,0.000000000000000000e+00
-1.328000000000000033e-06,-2.000000000000000042e-02
-1.326999999999999958e-06,-2.000000000000000042e-02
-1.325999999999999883e-06,0.000000000000000000e+00
-1.325000000000000019e-06,-2.000000000000000042e-02
-1.323999999999999944e-06,-2.000000000000000042e-02
-1.322999999999999869e-06,-2.000000000000000042e-02
-1.322000000000000006e-06,0.000000000000000000e+00
-1.320999999999999931e-06,0.000000000000000000e+00
-1.319999999999999856e-06,-2.000000000000000042e-02
-1.318999999999999992e-06,-2.000000000000000042e-02
-1.317999999999999917e-06,-4.000000000000000083e-02
-1.316999999999999842e-06,0.000000000000000000e+00
-1.315999999999999979e-06,0.000000000000000000e+00
-1.314999999999999903e-06,0.000000000000000000e+00
-1.314000000000000040e-06,-4.000000000000000083e-02
-1.312999999999999965e-06,-2.000000000000000042e-02
-1.311999999999999890e-06,-2.000000000000000042e-02
-1.311000000000000026e-06,-2.000000000000000042e-02
-1.309999999999999951e-06,-2.000000000000000042e-02
-1.308999999999999876e-06,0.000000000000000000e+00
-1.308000000000000013e-06,-2.000000000000000042e-02
-1.306999999999999938e-06,-2.000000000000000042e-02
-1.305999999999999863e-06,-4.000000000000000083e-02
-1.304999999999999999e-06,-2.000000000000000042e-02
-1.303999999999999924e-06,-2.000000000000000042e-02
-1.302999999999999849e-06,0.000000000000000000e+00
-1.301999999999999986e-06,-2.000000000000000042e-02
-1.300999999999999910e-06,0.000000000000000000e+00
-1.299999999999999835e-06,-2.000000000000000042e-02
-1.298999999999999972e-06,0.000000000000000000e+00
-1.297999999999999897e-06,0.000000000000000000e+00
-1.297000000000000033e-06,-2.000000000000000042e-02
-1.295999999999999958e-06,-2.000000000000000042e-02
-1.294999999999999883e-06,-2.000000000000000042e-02
-1.294000000000000020e-06,0.000000000000000000e+00
-1.292999999999999945e-06,0.000000000000000000e+00
-1.291999999999999870e-06,0.000000000000000000e+00
-1.291000000000000006e-06,0.000000000000000000e+00
-1.289999999999999931e-06,-2.000000000000000042e-02
-1.288999999999999856e-06,0.000000000000000000e+00
-1.287999999999999993e-06,-2.000000000000000042e-02
-1.286999999999999917e-06,0.000000000000000000e+00
-1.285999999999999842e-06,0.000000000000000000e+00
-1.284999999999999979e-06,0.000000000000000000e+00
-1.283999999999999904e-06,-2.000000000000000042e-02
-1.282999999999999829e-06,-2.000000000000000042e-02
-1.281999999999999965e-06,-2.000000000000000042e-02
-1.280999999999999890e-06,0.000000000000000000e+00
-1.280000000000000027e-06,0.000000000000000000e+00
-1.278999999999999952e-06,-2.000000000000000042e-02
-1.277999999999999877e-06,-4.000000000000000083e-02
-1.277000000000000013e-06,-2.000000000000000042e-02
-1.275999999999999938e-06,-2.000000000000000042e-02
-1.274999999999999863e-06,-4.000000000000000083e-02
-1.274000000000000000e-06,-2.000000000000000042e-02
-1.272999999999999924e-06,-2.000000000000000042e-02
-1.271999999999999849e-06,-4.000000000000000083e-02
-1.270999999999999986e-06,-2.000000000000000042e-02
-1.269999999999999911e-06,-2.000000000000000042e-02
-1.268999999999999836e-06,-4.000000000000000083e-02
-1.267999999999999972e-06,-2.000000000000000042e-02
-1.266999999999999897e-06,-2.000000000000000042e-02
-1.265999999999999822e-06,-2.000000000000000042e-02
-1.264999999999999959e-06,-4.000000000000000083e-02
-1.263999999999999884e-06,-4.000000000000000083e-02
-1.263000000000000020e-06,-2.000000000000000042e-02
-1.261999999999999945e-06,0.000000000000000000e+00
-1.260999999999999870e-06,0.000000000000000000e+00
-1.260000000000000007e-06,0.000000000000000000e+00
-1.258999999999999931e-06,0.000000000000000000e+00
-1.257999999999999856e-06,-4.000000000000000083e-02
-1.256999999999999993e-06,-2.000000000000000042e-02
-1.255999999999999918e-06,0.000000000000000000e+00
-1.254999999999999843e-06,0.000000000000000000e+00
-1.253999999999999979e-06,0.000000000000000000e+00
-1.252999999999999904e-06,0.000000000000000000e+00
-1.252000000000000041e-06,0.000000000000000000e+00
-1.250999999999999966e-06,-2.000000000000000042e-02
-1.249999999999999890e-06,-2.000000000000000042e-02
-1.249000000000000027e-06,0.000000000000000000e+00
-1.247999999999999952e-06,-2.000000000000000042e-02
-1.246999999999999877e-06,0.000000000000000000e+00
-1.246000000000000013e-06,0.000000000000000000e+00
-1.244999999999999938e-06,-2.000000000000000042e-02
-1.243999999999999863e-06,-2.000000000000000042e-02
-1.243000000000000000e-06,0.000000000000000000e+00
-1.241999999999999925e-06,0.000000000000000000e+00
-1.240999999999999850e-06,0.000000000000000000e+00
-1.239999999999999986e-06,0.000000000000000000e+00
-1.238999999999999911e-06,0.000000000000000000e+00
-1.237999999999999836e-06,0.000000000000000000e+00
-1.236999999999999973e-06,-2.000000000000000042e-02
-1.235999999999999897e-06,-2.000000000000000042e-02
-1.235000000000000034e-06,2.000000000000000042e-02
-1.233999999999999959e-06,-2.000000000000000042e-02
-1.232999999999999884e-06,-2.000000000000000042e-02
-1.232000000000000020e-06,0.000000000000000000e+00
-1.230999999999999945e-06,0.000000000000000000e+00
-1.229999999999999870e-06,0.000000000000000000e+00
-1.229000000000000007e-06,0.000000000000000000e+00
-1.227999999999999932e-06,-2.000000000000000042e-02
-1.226999999999999857e-06,-2.000000000000000042e-02
-1.225999999999999993e-06,-2.000000000000000042e-02
-1.224999999999999918e-06,-4.000000000000000083e-02
-1.223999999999999843e-06,-4.000000000000000083e-02
-1.222999999999999980e-06,-2.000000000000000042e-02
-1.221999999999999904e-06,-2.000000000000000042e-02
-1.220999999999999829e-06,-4.000000000000000083e-02
-1.219999999999999966e-06,0.000000000000000000e+00
-1.218999999999999891e-06,-4.000000000000000083e-02
-1.218000000000000027e-06,-2.000000000000000042e-02
-1.216999999999999952e-06,0.000000000000000000e+00
-1.215999999999999877e-06,-2.000000000000000042e-02
-1.215000000000000014e-06,-2.000000000000000042e-02
-1.213999999999999939e-06,-2.000000000000000042e-02
-1.212999999999999864e-06,2.000000000000000042e-02
-1.212000000000000000e-06,0.000000000000000000e+00
-1.210999999999999925e-06,2.000000000000000042e-02
-1.209999999999999850e-06,0.000000000000000000e+00
-1.208999999999999987e-06,0.000000000000000000e+00
-1.207999999999999911e-06,0.000000000000000000e+00
-1.207000000000000048e-06,0.000000000000000000e+00
-1.205999999999999973e-06,0.000000000000000000e+00
-1.204999999999999898e-06,-2.000000000000000042e-02
-1.203999999999999823e-06,0.000000000000000000e+00
-1.202999999999999959e-06,-4.000000000000000083e-02
-1.201999999999999884e-06,-2.000000000000000042e-02
-1.201000000000000021e-06,0.000000000000000000e+00
-1.199999999999999946e-06,0.000000000000000000e+00
-1.198999999999999871e-06,0.000000000000000000e+00
-1.198000000000000007e-06,-2.000000000000000042e-02
-1.196999999999999932e-06,-2.000000000000000042e-02
-1.195999999999999857e-06,0.000000000000000000e+00
-1.194999999999999994e-06,0.000000000000000000e+00
-1.193999999999999918e-06,-2.000000000000000042e-02
-1.192999999999999843e-06,-2.000000000000000042e-02
-1.191999999999999980e-06,0.000000000000000000e+00
-1.190999999999999905e-06,0.000000000000000000e+00
-1.190000000000000041e-06,0.000000000000000000e+00
-1.188999999999999966e-06,0.000000000000000000e+00
-1.187999999999999891e-06,0.000000000000000000e+00
-1.186999999999999816e-06,-2.000000000000000042e-02
-1.185999999999999953e-06,-2.000000000000000042e-02
-1.184999999999999878e-06,-2.000000000000000042e-02
-1.184000000000000014e-06,-2.000000000000000042e-02
-1.182999999999999939e-06,-2.000000000000000042e-02
-1.181999999999999864e-06,0.000000000000000000e+00
-1.181000000000000001e-06,0.000000000000000000e+00
-1.179999999999999925e-06,-2.000000000000000042e-02
-1.178999999999999850e-06,-2.000000000000000042e-02
-1.177999999999999987e-06,-2.000000000000000042e-02
-1.176999999999999912e-06,-2.000000000000000042e-02
-1.175999999999999837e-06,-4.000000000000000083e-02
-1.174999999999999973e-06,-4.000000000000000083e-02
-1.173999999999999898e-06,0.000000000000000000e+00
-1.173000000000000035e-06,-2.000000000000000042e-02
-1.171999999999999960e-06,-2.000000000000000042e-02
-1.170999999999999885e-06,0.000000000000000000e+00
-1.169999999999999809e-06,0.000000000000000000e+00
-1.168999999999999946e-06,0.000000000000000000e+00
-1.167999999999999871e-06,0.000000000000000000e+00
-1.167000000000000008e-06,0.000000000000000000e+00
-1.165999999999999932e-06,-2.000000000000000042e-02
-1.164999999999999857e-06,-2.000000000000000042e-02
-1.163999999999999994e-06,-2.000000000000000042e-02
-1.162999999999999919e-06,0.000000000000000000e+00
-1.161999999999999844e-06,-2.000000000000000042e-02
-1.160999999999999980e-06,0.000000000000000000e+00
-1.159999999999999905e-06,0.000000000000000000e+00
-1.158999999999999830e-06,0.000000000000000000e+00
-1.157999999999999967e-06,0.000000000000000000e+00
-1.156999999999999892e-06,0.000000000000000000e+00
-1.156000000000000028e-06,-2.000000000000000042e-02
-1.154999999999999953e-06,-2.000000000000000042e-02
-1.153999999999999878e-06,0.000000000000000000e+00
-1.153000000000000015e-06,-2.000000000000000042e-02
-1.151999999999999939e-06,0.000000000000000000e+00
-1.150999999999999864e-06,0.000000000000000000e+00
-1.150000000000000001e-06,-2.000000000000000042e-02
-1.148999999999999926e-06,-2.000000000000000042e-02
-1.147999999999999851e-06,0.000000000000000000e+00
-1.146999999999999987e-06,-2.000000000000000042e-02
-1.145999999999999912e-06,0.000000000000000000e+00
-1.144999999999999837e-06,0.000000000000000000e+00
-1.143999999999999974e-06,0.000000000000000000e+00
-1.142999999999999899e-06,0.000000000000000000e+00
-1.141999999999999823e-06,0.000000000000000000e+00
-1.140999999999999960e-06,-2.000000000000000042e-02
-1.139999999999999885e-06,-2.000000000000000042e-02
-1.139000000000000022e-06,-2.000000000000000042e-02
-1.137999999999999946e-06,0.000000000000000000e+00
-1.136999999999999871e-06,0.000000000000000000e+00
-1.136000000000000008e-06,0.000000000000000000e+00
-1.134999999999999933e-06,-2.000000000000000042e-02
-1.133999999999999858e-06,0.000000000000000000e+00
-1.132999999999999994e-06,0.000000000000000000e+00
-1.131999999999999919e-06,0.000000000000000000e+00
-1.130999999999999844e-06,0.000000000000000000e+00
-1.129999999999999981e-06,0.000000000000000000e+00
-1.128999999999999906e-06,0.000000000000000000e+00
-1.128000000000000042e-06,-2.000000000000000042e-02
-1.126999999999999967e-06,2.000000000000000042e-02
-1.125999999999999892e-06,-2.000000000000000042e-02
-1.124999999999999817e-06,-2.000000000000000042e-02
-1.123999999999999953e-06,0.000000000000000000e+00
-1.122999999999999878e-06,-2.000000000000000042e-02
-1.122000000000000015e-06,-2.000000000000000042e-02
-1.120999999999999940e-06,-2.000000000000000042e-02
-1.119999999999999865e-06,-4.000000000000000083e-02
-1.119000000000000001e-06,-2.000000000000000042e-02
-1.117999999999999926e-06,0.000000000000000000e+00
-1.116999999999999851e-06,0.000000000000000000e+00
-1.115999999999999988e-06,0.000000000000000000e+00
-1.114999999999999912e-06,0.000000000000000000e+00
-1.113999999999999837e-06,-2.000000000000000042e-02
-1.112999999999999974e-06,0.000000000000000000e+00
-1.111999999999999899e-06,0.000000000000000000e+00
-1.111000000000000035e-06,0.000000000000000000e+00
-1.109999999999999960e-06,0.000000000000000000e+00
-1.108999999999999885e-06,-2.000000000000000042e-02
-1.107999999999999810e-06,-2.000000000000000042e-02
-1.106999999999999947e-06,-2.000000000000000042e-02
-1.105999999999999872e-06,-2.000000000000000042e-02
-1.105000000000000008e-06,0.000000000000000000e+00
-1.103999999999999933e-06,-2.000000000000000042e-02
-1.102999999999999858e-06,0.000000000000000000e+00
-1.101999999999999995e-06,0.000000000000000000e+00
-1.100999999999999919e-06,0.000000000000000000e+00
-1.099999999999999844e-06,-2.000000000000000042e-02
-1.098999999999999981e-06,-2.000000000000000042e-02
-1.097999999999999906e-06,-4.000000000000000083e-02
-1.096999999999999831e-06,-2.000000000000000042e-02
-1.095999999999999967e-06,-2.000000000000000042e-02
-1.094999999999999892e-06,-2.000000000000000042e-02
-1.094000000000000029e-06,-2.000000000000000042e-02
-1.092999999999999954e-06,-2.000000000000000042e-02
-1.091999999999999879e-06,-2.000000000000000042e-02
-1.090999999999999803e-06,0.000000000000000000e+00
-1.089999999999999940e-06,-2.000000000000000042e-02
-1.088999999999999865e-06,2.000000000000000042e-02
-1.088000000000000002e-06,-2.000000000000000042e-02
-1.086999999999999926e-06,-2.000000000000000042e-02
-1.085999999999999851e-06,0.000000000000000000e+00
-1.084999999999999988e-06,0.000000000000000000e+00
-1.083999999999999913e-06,0.000000000000000000e+00
-1.083000000000000049e-06,0.000000000000000000e+00
-1.081999999999999974e-06,-2.000000000000000042e-02
-1.080999999999999899e-06,-2.000000000000000042e-02
-1.079999999999999824e-06,-2.000000000000000042e-02
-1.078999999999999961e-06,-2.000000000000000042e-02
-1.077999999999999886e-06,-2.000000000000000042e-02
-1.077000000000000022e-06,-2.000000000000000042e-02
-1.075999999999999947e-06,0.000000000000000000e+00
-1.074999999999999872e-06,-2.000000000000000042e-02
-1.073999999999999797e-06,-2.000000000000000042e-02
-1.072999999999999933e-06,-2.000000000000000042e-02
-1.071999999999999858e-06,0.000000000000000000e+00
-1.070999999999999995e-06,0.000000000000000000e+00
-1.069999999999999920e-06,-2.000000000000000042e-02
-1.068999999999999845e-06,0.000000000000000000e+00
-1.067999999999999981e-06,0.000000000000000000e+00
-1.066999999999999906e-06,-2.000000000000000042e-02
-1.066000000000000043e-06,-2.000000000000000042e-02
-1.064999999999999968e-06,-2.000000000000000042e-02
-1.063999999999999893e-06,-2.000000000000000042e-02
-1.062999999999999817e-06,-2.000000000000000042e-02
-1.061999999999999954e-06,0.000000000000000000e+00
-1.060999999999999879e-06,-4.000000000000000083e-02
-1.060000000000000016e-06,-2.000000000000000042e-02
-1.058999999999999940e-06,0.000000000000000000e+00
-1.057999999999999865e-06,0.000000000000000000e+00
-1.056999999999999790e-06,-4.000000000000000083e-02
-1.055999999999999927e-06,-2.000000000000000042e-02
-1.054999999999999852e-06,-2.000000000000000042e-02
-1.053999999999999988e-06,-2.000000000000000042e-02
-1.052999999999999913e-06,-2.000000000000000042e-02
-1.051999999999999838e-06,0.000000000000000000e+00
-1.050999999999999975e-06,-2.000000000000000042e-02
-1.049999999999999900e-06,-2.000000000000000042e-02
-1.049000000000000036e-06,2.000000000000000042e-02
-1.047999999999999961e-06,0.000000000000000000e+00
-1.046999999999999886e-06,2.000000000000000042e-02
-1.045999999999999811e-06,0.000000000000000000e+00
-1.044999999999999947e-06,-2.000000000000000042e-02
-1.043999999999999872e-06,0.000000000000000000e+00
-1.043000000000000009e-06,0.000000000000000000e+00
-1.041999999999999934e-06,0.000000000000000000e+00
-1.040999999999999859e-06,2.000000000000000042e-02
-1.039999999999999995e-06,-2.000000000000000042e-02
-1.038999999999999920e-06,0.000000000000000000e+00
-1.037999999999999845e-06,0.000000000000000000e+00
-1.036999999999999982e-06,-2.000000000000000042e-02
-1.035999999999999907e-06,0.000000000000000000e+00
-1.034999999999999831e-06,0.000000000000000000e+00
-1.033999999999999968e-06,0.000000000000000000e+00
-1.032999999999999893e-06,-2.000000000000000042e-02
-1.032000000000000030e-06,-2.000000000000000042e-02
-1.030999999999999954e-06,0.000000000000000000e+00
-1.029999999999999879e-06,-2.000000000000000042e-02
-1.028999999999999804e-06,0.000000000000000000e+00
-1.027999999999999941e-06,-2.000000000000000042e-02
-1.026999999999999866e-06,-2.000000000000000042e-02
-1.026000000000000002e-06,-2.000000000000000042e-02
-1.024999999999999927e-06,-2.000000000000000042e-02
-1.023999999999999852e-06,-2.000000000000000042e-02
-1.022999999999999989e-06,0.000000000000000000e+00
-1.021999999999999914e-06,-2.000000000000000042e-02
-1.020999999999999838e-06,-2.000000000000000042e-02
-1.019999999999999975e-06,0.000000000000000000e+00
-1.018999999999999900e-06,-2.000000000000000042e-02
-1.017999999999999825e-06,0.000000000000000000e+00
-1.016999999999999961e-06,-2.000000000000000042e-02
-1.015999999999999886e-06,-2.000000000000000042e-02
-1.015000000000000023e-06,0.000000000000000000e+00
-1.013999999999999948e-06,-2.000000000000000042e-02
-1.012999999999999873e-06,-2.000000000000000042e-02
-1.011999999999999798e-06,2.000000000000000042e-02
-1.010999999999999934e-06,0.000000000000000000e+00
-1.009999999999999859e-06,-2.000000000000000042e-02
-1.008999999999999996e-06,-2.000000000000000042e-02
-1.007999999999999921e-06,-2.000000000000000042e-02
-1.006999999999999845e-06,-2.000000000000000042e-02
-1.005999999999999982e-06,-2.000000000000000042e-02
-1.004999999999999907e-06,-4.000000000000000083e-02
-1.004000000000000044e-06,-2.000000000000000042e-02
-1.002999999999999968e-06,-2.000000000000000042e-02
-1.001999999999999893e-06,-2.000000000000000042e-02
-1.000999999999999818e-06,-2.000000000000000042e-02
-9.999999999999999547e-07,-2.000000000000000042e-02
-9.989999999999998796e-07,0.000000000000000000e+00
-9.980000000000000162e-07,0.000000000000000000e+00
-9.969999999999999411e-07,0.000000000000000000e+00
-9.959999999999998660e-07,-2.000000000000000042e-02
-9.949999999999997909e-07,0.000000000000000000e+00
-9.939999999999999275e-07,0.000000000000000000e+00
-9.929999999999998524e-07,0.000000000000000000e+00
-9.919999999999999890e-07,2.000000000000000042e-02
-9.909999999999999139e-07,0.000000000000000000e+00
-9.899999999999998387e-07,0.000000000000000000e+00
-9.889999999999999754e-07,-2.000000000000000042e-02
-9.879999999999999002e-07,0.000000000000000000e+00
-9.870000000000000369e-07,0.000000000000000000e+00
-9.859999999999999617e-07,0.000000000000000000e+00
-9.849999999999998866e-07,-2.000000000000000042e-02
-9.839999999999998115e-07,0.000000000000000000e+00
-9.829999999999999481e-07,-2.000000000000000042e-02
-9.819999999999998730e-07,-2.000000000000000042e-02
-9.810000000000000096e-07,0.000000000000000000e+00
-9.799999999999999345e-07,-2.000000000000000042e-02
-9.789999999999998593e-07,0.000000000000000000e+00
-9.779999999999997842e-07,-2.000000000000000042e-02
-9.769999999999999208e-07,-2.000000000000000042e-02
-9.759999999999998457e-07,-2.000000000000000042e-02
-9.749999999999999823e-07,-4.000000000000000083e-02
-9.739999999999999072e-07,-2.000000000000000042e-02
-9.729999999999998321e-07,0.000000000000000000e+00
-9.719999999999999687e-07,0.000000000000000000e+00
-9.709999999999998936e-07,2.000000000000000042e-02
-9.700000000000000302e-07,0.000000000000000000e+00
-9.689999999999999551e-07,0.000000000000000000e+00
-9.679999999999998800e-07,0.000000000000000000e+00
-9.669999999999998048e-07,-4.000000000000000083e-02
-9.659999999999999415e-07,0.000000000000000000e+00
-9.649999999999998663e-07,0.000000000000000000e+00
-9.640000000000000030e-07,-2.000000000000000042e-02
-9.629999999999999278e-07,0.000000000000000000e+00
-9.619999999999998527e-07,-2.000000000000000042e-02
-9.609999999999999893e-07,-2.000000000000000042e-02
-9.599999999999999142e-07,0.000000000000000000e+00
-9.589999999999998391e-07,0.000000000000000000e+00
-9.579999999999999757e-07,-2.000000000000000042e-02
-9.569999999999999006e-07,0.000000000000000000e+00
-9.559999999999998254e-07,0.000000000000000000e+00
-9.549999999999999621e-07,0.000000000000000000e+00
-9.539999999999998869e-07,0.000000000000000000e+00
-9.529999999999999177e-07,0.000000000000000000e+00
-9.519999999999999484e-07,-2.000000000000000042e-02
-9.509999999999998733e-07,0.000000000000000000e+00
-9.499999999999999041e-07,0.000000000000000000e+00
-9.489999999999999348e-07,-2.000000000000000042e-02
-9.479999999999998597e-07,0.000000000000000000e+00
-9.469999999999998904e-07,-2.000000000000000042e-02
-9.459999999999999212e-07,-2.000000000000000042e-02
-9.449999999999998461e-07,-2.000000000000000042e-02
-9.439999999999999827e-07,0.000000000000000000e+00
-9.429999999999999076e-07,0.000000000000000000e+00
-9.419999999999999383e-07,-2.000000000000000042e-02
-9.409999999999999691e-07,0.000000000000000000e+00
-9.399999999999998939e-07,0.000000000000000000e+00
-9.389999999999999247e-07,0.000000000000000000e+00
-9.379999999999999554e-07,2.000000000000000042e-02
-9.369999999999998803e-07,0.000000000000000000e+00
-9.359999999999999111e-07,0.000000000000000000e+00
-9.349999999999999418e-07,0.000000000000000000e+00
-9.339999999999998667e-07,-2.000000000000000042e-02
-9.329999999999998974e-07,-2.000000000000000042e-02
-9.319999999999999282e-07,-2.000000000000000042e-02
-9.309999999999998531e-07,0.000000000000000000e+00
-9.299999999999999897e-07,-2.000000000000000042e-02
-9.289999999999999146e-07,-2.000000000000000042e-02
-9.279999999999998394e-07,-2.000000000000000042e-02
-9.269999999999999761e-07,-2.000000000000000042e-02
-9.259999999999999009e-07,0.000000000000000000e+00
-9.249999999999999317e-07,-2.000000000000000042e-02
-9.239999999999999624e-07,-4.000000000000000083e-02
-9.229999999999998873e-07,0.000000000000000000e+00
-9.219999999999999180e-07,-4.000000000000000083e-02
-9.209999999999999488e-07,0.000000000000000000e+00
-9.199999999999998737e-07,0.000000000000000000e+00
-9.189999999999999044e-07,0.000000000000000000e+00
-9.179999999999999352e-07,0.000000000000000000e+00
-9.169999999999998600e-07,-4.000000000000000083e-02
-9.159999999999998908e-07,-2.000000000000000042e-02
-9.149999999999999215e-07,-2.000000000000000042e-02
-9.139999999999998464e-07,0.000000000000000000e+00
-9.129999999999999830e-07,0.000000000000000000e+00
-9.119999999999999079e-07,0.000000000000000000e+00
-9.109999999999998328e-07,0.000000000000000000e+00
-9.099999999999999694e-07,-2.000000000000000042e-02
-9.089999999999998943e-07,-2.000000000000000042e-02
-9.079999999999999250e-07,0.000000000000000000e+00
-9.069999999999999558e-07,0.000000000000000000e+00
-9.059999999999998807e-07,-2.000000000000000042e-02
-9.049999999999999114e-07,-2.000000000000000042e-02
-9.039999999999999422e-07,0.000000000000000000e+00
-9.029999999999998670e-07,0.000000000000000000e+00
-9.019999999999998978e-07,0.000000000000000000e+00
-9.009999999999999285e-07,-2.000000000000000042e-02
-8.999999999999998534e-07,-2.000000000000000042e-02
-8.989999999999998841e-07,0.000000000000000000e+00
-8.979999999999999149e-07,-2.000000000000000042e-02
-8.969999999999998398e-07,-2.000000000000000042e-02
-8.959999999999999764e-07,0.000000000000000000e+00
-8.949999999999999013e-07,0.000000000000000000e+00
-8.939999999999999320e-07,2.000000000000000042e-02
-8.929999999999999628e-07,2.000000000000000042e-02
-8.919999999999998876e-07,0.000000000000000000e+00
-8.909999999999999184e-07,2.000000000000000042e-02
-8.899999999999999491e-07,0.000000000000000000e+00
-8.889999999999998740e-07,-2.000000000000000042e-02
-8.879999999999999048e-07,0.000000000000000000e+00
-8.869999999999999355e-07,0.000000000000000000e+00
-8.859999999999998604e-07,0.000000000000000000e+00
-8.849999999999998911e-07,0.000000000000000000e+00
-8.839999999999999219e-07,0.000000000000000000e+00
-8.829999999999998468e-07,-2.000000000000000042e-02
-8.819999999999999834e-07,0.000000000000000000e+00
-8.809999999999999083e-07,0.000000000000000000e+00
-8.799999999999998331e-07,-2.000000000000000042e-02
-8.789999999999999698e-07,0.000000000000000000e+00
-8.779999999999998946e-07,-2.000000000000000042e-02
-8.769999999999999254e-07,-2.000000000000000042e-02
-8.759999999999999561e-07,-2.000000000000000042e-02
-8.749999999999998810e-07,-2.000000000000000042e-02
-8.739999999999999117e-07,0.000000000000000000e+00
-8.729999999999999425e-07,0.000000000000000000e+00
-8.719999999999998674e-07,0.000000000000000000e+00
-8.709999999999998981e-07,0.000000000000000000e+00
-8.699999999999999289e-07,0.000000000000000000e+00
-8.689999999999998537e-07,-2.000000000000000042e-02
-8.679999999999998845e-07,-2.000000000000000042e-02
-8.669999999999999152e-07,0.000000000000000000e+00
-8.659999999999998401e-07,0.000000000000000000e+00
-8.649999999999999767e-07,-2.000000000000000042e-02
-8.639999999999999016e-07,-2.000000000000000042e-02
-8.629999999999999324e-07,0.000000000000000000e+00
-8.619999999999999631e-07,-4.000000000000000083e-02
-8.609999999999998880e-07,-2.000000000000000042e-02
-8.599999999999999187e-07,0.000000000000000000e+00
-8.589999999999999495e-07,-2.000000000000000042e-02
-8.579999999999998744e-07,-4.000000000000000083e-02
-8.569999999999999051e-07,-4.000000000000000083e-02
-8.559999999999999359e-07,-2.000000000000000042e-02
-8.549999999999998607e-07,-4.000000000000000083e-02
-8.539999999999998915e-07,0.000000000000000000e+00
-8.529999999999999222e-07,0.000000000000000000e+00
-8.519999999999999530e-07,-2.000000000000000042e-02
-8.509999999999998778e-07,2.000000000000000042e-02
-8.499999999999999086e-07,0.000000000000000000e+00
-8.489999999999999393e-07,0.000000000000000000e+00
-8.479999999999998642e-07,0.000000000000000000e+00
-8.469999999999998950e-07,0.000000000000000000e+00
-8.459999999999999257e-07,0.000000000000000000e+00
-8.449999999999999565e-07,0.000000000000000000e+00
-8.439999999999998813e-07,0.000000000000000000e+00
-8.429999999999999121e-07,-2.000000000000000042e-02
-8.419999999999999428e-07,-4.000000000000000083e-02
-8.409999999999998677e-07,0.000000000000000000e+00
-8.399999999999998985e-07,0.000000000000000000e+00
-8.389999999999999292e-07,-2.000000000000000042e-02
-8.379999999999998541e-07,0.000000000000000000e+00
-8.369999999999998848e-07,-2.000000000000000042e-02
-8.359999999999999156e-07,-2.000000000000000042e-02
-8.349999999999999463e-07,-2.000000000000000042e-02
-8.339999999999998712e-07,-2.000000000000000042e-02
-8.329999999999999020e-07,0.000000000000000000e+00
-8.319999999999999327e-07,0.000000000000000000e+00
-8.309999999999998576e-07,-2.000000000000000042e-02
-8.299999999999998883e-07,0.000000000000000000e+00
-8.289999999999999191e-07,2.000000000000000042e-02
-8.279999999999999498e-07,-2.000000000000000042e-02
-8.269999999999998747e-07,-2.000000000000000042e-02
-8.259999999999999054e-07,-2.000000000000000042e-02
-8.249999999999999362e-07,0.000000000000000000e+00
-8.239999999999998611e-07,-2.000000000000000042e-02
-8.229999999999998918e-07,-2.000000000000000042e-02
-8.219999999999999226e-07,-2.000000000000000042e-02
-8.209999999999999533e-07,-2.000000000000000042e-02
-8.199999999999998782e-07,-2.000000000000000042e-02
-8.189999999999999089e-07,-2.000000000000000042e-02
-8.179999999999999397e-07,-2.000000000000000042e-02
-8.169999999999998646e-07,0.000000000000000000e+00
-8.159999999999998953e-07,-2.000000000000000042e-02
-8.149999999999999261e-07,0.000000000000000000e+00
-8.139999999999999568e-07,0.000000000000000000e+00
-8.129999999999998817e-07,-2.000000000000000042e-02
-8.119999999999999124e-07,-2.000000000000000042e-02
-8.109999999999999432e-07,-4.000000000000000083e-02
-8.099999999999998681e-07,0.000000000000000000e+00
-8.089999999999998988e-07,0.000000000000000000e+00
-8.079999999999999296e-07,-2.000000000000000042e-02
-8.069999999999998544e-07,-2.000000000000000042e-02
-8.059999999999998852e-07,-2.000000000000000042e-02
-8.049999999999999159e-07,0.000000000000000000e+00
-8.039999999999999467e-07,0.000000000000000000e+00
-8.029999999999998715e-07,0.000000000000000000e+00
-8.019999999999999023e-07,-2.000000000000000042e-02
-8.009999999999999330e-07,-2.000000000000000042e-02
-7.999999999999998579e-07,-2.000000000000000042e-02
-7.989999999999998887e-07,0.000000000000000000e+00
-7.979999999999999194e-07,0.000000000000000000e+00
-7.969999999999999502e-07,0.000000000000000000e+00
-7.959999999999998750e-07,0.000000000000000000e+00
-7.949999999999999058e-07,0.000000000000000000e+00
-7.939999999999999365e-07,2.000000000000000042e-02
-7.929999999999998614e-07,-2.000000000000000042e-02
-7.919999999999998922e-07,0.000000000000000000e+00
-7.909999999999999229e-07,0.000000000000000000e+00
-7.899999999999999537e-07,-4.000000000000000083e-02
-7.889999999999998785e-07,0.000000000000000000e+00
-7.879999999999999093e-07,0.000000000000000000e+00
-7.869999999999999400e-07,0.000000000000000000e+00
-7.859999999999998649e-07,-2.000000000000000042e-02
-7.849999999999998957e-07,-4.000000000000000083e-02
-7.839999999999999264e-07,-2.000000000000000042e-02
-7.829999999999998513e-07,-2.000000000000000042e-02
-7.819999999999998820e-07,0.000000000000000000e+00
-7.809999999999999128e-07,0.000000000000000000e+00
-7.799999999999999435e-07,-2.000000000000000042e-02
-7.789999999999998684e-07,-2.000000000000000042e-02
-7.779999999999998991e-07,0.000000000000000000e+00
-7.769999999999999299e-07,0.000000000000000000e+00
-7.759999999999998548e-07,-2.000000000000000042e-02
-7.749999999999998855e-07,-2.000000000000000042e-02
-7.739999999999999163e-07,-2.000000000000000042e-02
-7.729999999999999470e-07,0.000000000000000000e+00
-7.719999999999998719e-07,0.000000000000000000e+00
-7.709999999999999026e-07,-2.000000000000000042e-02
-7.699999999999999334e-07,0.000000000000000000e+00
-7.689999999999998583e-07,-2.000000000000000042e-02
-7.679999999999998890e-07,0.000000000000000000e+00
-7.669999999999999198e-07,-2.000000000000000042e-02
-7.659999999999999505e-07,-2.000000000000000042e-02
-7.649999999999998754e-07,0.000000000000000000e+00
-7.639999999999999061e-07,-2.000000000000000042e-02
-7.629999999999999369e-07,0.000000000000000000e+00
-7.619999999999998618e-07,0.000000000000000000e+00
-7.609999999999998925e-07,0.000000000000000000e+00
-7.599999999999999233e-07,0.000000000000000000e+00
-7.589999999999999540e-07,2.000000000000000042e-02
-7.579999999999998789e-07,0.000000000000000000e+00
-7.569999999999999096e-07,2.000000000000000042e-02
-7.559999999999999404e-07,0.000000000000000000e+00
-7.549999999999998652e-07,0.000000000000000000e+00
-7.539999999999998960e-07,-2.000000000000000042e-02
-7.529999999999999268e-07,-4.000000000000000083e-02
-7.519999999999998516e-07,0.000000000000000000e+00
-7.509999999999998824e-07,0.000000000000000000e+00
-7.499999999999999131e-07,0.000000000000000000e+00
-7.489999999999999439e-07,0.000000000000000000e+00
-7.479999999999998687e-07,0.000000000000000000e+00
-7.469999999999998995e-07,2.000000000000000042e-02
-7.459999999999999302e-07,0.000000000000000000e+00
-7.449999999999998551e-07,2.000000000000000042e-02
-7.439999999999998859e-07,0.000000000000000000e+00
-7.429999999999999166e-07,-2.000000000000000042e-02
-7.419999999999999474e-07,0.000000000000000000e+00
-7.409999999999998722e-07,-2.000000000000000042e-02
-7.399999999999999030e-07,-2.000000000000000042e-02
-7.389999999999999337e-07,0.000000000000000000e+00
-7.379999999999998586e-07,0.000000000000000000e+00
-7.369999999999998894e-07,-2.000000000000000042e-02
-7.359999999999999201e-07,-2.000000000000000042e-02
-7.349999999999999509e-07,-2.000000000000000042e-02
-7.339999999999998757e-07,-2.000000000000000042e-02
-7.329999999999999065e-07,-2.000000000000000042e-02
-7.319999999999999372e-07,-2.000000000000000042e-02
-7.309999999999998621e-07,-2.000000000000000042e-02
-7.299999999999998929e-07,-4.000000000000000083e-02
-7.289999999999999236e-07,-2.000000000000000042e-02
-7.279999999999998485e-07,-2.000000000000000042e-02
-7.269999999999998792e-07,-2.000000000000000042e-02
-7.259999999999999100e-07,-2.000000000000000042e-02
-7.249999999999999407e-07,-4.000000000000000083e-02
-7.239999999999998656e-07,-2.000000000000000042e-02
-7.229999999999998963e-07,0.000000000000000000e+00
-7.219999999999999271e-07,-2.000000000000000042e-02
-7.209999999999998520e-07,0.000000000000000000e+00
-7.199999999999998827e-07,-2.000000000000000042e-02
-7.189999999999999135e-07,-4.000000000000000083e-02
-7.179999999999999442e-07,-2.000000000000000042e-02
-7.169999999999998691e-07,0.000000000000000000e+00
-7.159999999999998998e-07,0.000000000000000000e+00
-7.149999999999999306e-07,2.000000000000000042e-02
-7.139999999999998555e-07,2.000000000000000042e-02
-7.129999999999998862e-07,-2.000000000000000042e-02
-7.119999999999999170e-07,-2.000000000000000042e-02
-7.109999999999999477e-07,-2.000000000000000042e-02
-7.099999999999998726e-07,-2.000000000000000042e-02
-7.089999999999999033e-07,-2.000000000000000042e-02
-7.079999999999999341e-07,-2.000000000000000042e-02
-7.069999999999998590e-07,-4.000000000000000083e-02
-7.059999999999998897e-07,-2.000000000000000042e-02
-7.049999999999999205e-07,0.000000000000000000e+00
-7.039999999999998453e-07,2.000000000000000042e-02
-7.029999999999998761e-07,-2.000000000000000042e-02
-7.019999999999999068e-07,-2.000000000000000042e-02
-7.009999999999999376e-07,-2.000000000000000042e-02
-6.999999999999998624e-07,0.000000000000000000e+00
-6.989999999999998932e-07,-2.000000000000000042e-02
-6.979999999999999239e-07,0.000000000000000000e+00
-6.969999999999998488e-07,0.000000000000000000e+00
-6.959999999999998796e-07,0.000000000000000000e+00
-6.949999999999999103e-07,0.000000000000000000e+00
-6.939999999999999411e-07,0.000000000000000000e+00
-6.929999999999998659e-07,2.000000000000000042e-02
-6.919999999999998967e-07,0.000000000000000000e+00
-6.909999999999999274e-07,0.000000000000000000e+00
-6.899999999999998523e-07,0.000000000000000000e+00
-6.889999999999998831e-07,2.000000000000000042e-02
-6.879999999999999138e-07,-2.000000000000000042e-02
-6.869999999999999446e-07,-2.000000000000000042e-02
-6.859999999999998694e-07,0.000000000000000000e+00
-6.849999999999999002e-07,-2.000000000000000042e-02
-6.839999999999999309e-07,0.000000000000000000e+00
-6.829999999999998558e-07,-2.000000000000000042e-02
-6.819999999999998866e-07,0.000000000000000000e+00
-6.809999999999999173e-07,-2.000000000000000042e-02
-6.799999999999999481e-07,2.000000000000000042e-02
-6.789999999999998729e-07,0.000000000000000000e+00
-6.779999999999999037e-07,0.000000000000000000e+00
-6.769999999999999344e-07,0.000000000000000000e+00
-6.759999999999998593e-07,2.000000000000000042e-02
-6.749999999999998900e-07,0.000000000000000000e+00
-6.739999999999999208e-07,-2.000000000000000042e-02
-6.729999999999998457e-07,-2.000000000000000042e-02
-6.719999999999998764e-07,-2.000000000000000042e-02
-6.709999999999999072e-07,2.000000000000000042e-02
-6.699999999999999379e-07,-2.000000000000000042e-02
-6.689999999999998628e-07,0.000000000000000000e+00
-6.679999999999998935e-07,0.000000000000000000e+00
-6.669999999999999243e-07,-2.000000000000000042e-02
-6.659999999999998492e-07,0.000000000000000000e+00
-6.649999999999998799e-07,-2.000000000000000042e-02
-6.639999999999999107e-07,-2.000000000000000042e-02
-6.629999999999999414e-07,0.000000000000000000e+00
-6.619999999999998663e-07,-2.000000000000000042e-02
-6.609999999999998970e-07,0.000000000000000000e+00
-6.599999999999999278e-07,-2.000000000000000042e-02
-6.589999999999998527e-07,-4.000000000000000083e-02
-6.579999999999998834e-07,-2.000000000000000042e-02
-6.569999999999999142e-07,0.000000000000000000e+00
-6.559999999999999449e-07,0.000000000000000000e+00
-6.549999999999998698e-07,-2.000000000000000042e-02
-6.539999999999999005e-07,-4.000000000000000083e-02
-6.529999999999999313e-07,-2.000000000000000042e-02
-6.519999999999998561e-07,-2.000000000000000042e-02
-6.509999999999998869e-07,-2.000000000000000042e-02
-6.499999999999999176e-07,0.000000000000000000e+00
-6.489999999999998425e-07,-2.000000000000000042e-02
-6.479999999999998733e-07,-2.000000000000000042e-02
-6.469999999999999040e-07,-2.000000000000000042e-02
-6.459999999999999348e-07,-2.000000000000000042e-02
-6.449999999999998596e-07,-4.000000000000000083e-02
-6.439999999999998904e-07,-2.000000000000000042e-02
-6.429999999999999211e-07,0.000000000000000000e+00
-6.419999999999998460e-07,0.000000000000000000e+00
-6.409999999999998768e-07,-2.000000000000000042e-02
-6.399999999999999075e-07,0.000000000000000000e+00
-6.389999999999999383e-07,-4.000000000000000083e-02
-6.379999999999998631e-07,-2.000000000000000042e-02
-6.369999999999998939e-07,0.000000000000000000e+00
-6.359999999999999246e-07,-2.000000000000000042e-02
-6.349999999999998495e-07,0.000000000000000000e+00
-6.339999999999998803e-07,-2.000000000000000042e-02
-6.329999999999999110e-07,0.000000000000000000e+00
-6.319999999999999418e-07,-2.000000000000000042e-02
-6.309999999999998666e-07,2.000000000000000042e-02
-6.299999999999998974e-07,-2.000000000000000042e-02
-6.289999999999999281e-07,-2.000000000000000042e-02
-6.279999999999998530e-07,0.000000000000000000e+00
-6.269999999999998837e-07,-2.000000000000000042e-02
-6.259999999999999145e-07,-2.000000000000000042e-02
-6.249999999999999452e-07,-2.000000000000000042e-02
-6.239999999999998701e-07,0.000000000000000000e+00
-6.229999999999999009e-07,0.000000000000000000e+00
-6.219999999999999316e-07,0.000000000000000000e+00
-6.209999999999998565e-07,-2.000000000000000042e-02
-6.199999999999998872e-07,-4.000000000000000083e-02
-6.189999999999999180e-07,0.000000000000000000e+00
-6.179999999999998429e-07,0.000000000000000000e+00
-6.169999999999998736e-07,0.000000000000000000e+00
-6.159999999999999044e-07,2.000000000000000042e-02
-6.149999999999999351e-07,0.000000000000000000e+00
-6.139999999999998600e-07,0.000000000000000000e+00
-6.129999999999998907e-07,0.000000000000000000e+00
-6.119999999999999215e-07,0.000000000000000000e+00
-6.109999999999998464e-07,-2.000000000000000042e-02
-6.099999999999998771e-07,-2.000000000000000042e-02
-6.089999999999999079e-07,-2.000000000000000042e-02
-6.079999999999999386e-07,-2.000000000000000042e-02
-6.069999999999998635e-07,0.000000000000000000e+00
-6.059999999999998942e-07,0.000000000000000000e+00
-6.049999999999999250e-07,0.000000000000000000e+00
-6.039999999999998498e-07,0.000000000000000000e+00
-6.029999999999998806e-07,0.000000000000000000e+00
-6.019999999999999113e-07,0.000000000000000000e+00
-6.009999999999999421e-07,0.000000000000000000e+00
-5.999999999999998670e-07,2.000000000000000042e-02
-5.989999999999998977e-07,2.000000000000000042e-02
-5.979999999999999285e-07,0.000000000000000000e+00
-5.969999999999998533e-07,0.000000000000000000e+00
-5.959999999999998841e-07,0.000000000000000000e+00
-5.949999999999999148e-07,0.000000000000000000e+00
-5.939999999999998397e-07,0.000000000000000000e+00
-5.929999999999998705e-07,0.000000000000000000e+00
-5.919999999999999012e-07,-4.000000000000000083e-02
-5.909999999999999320e-07,0.000000000000000000e+00
-5.899999999999998568e-07,0.000000000000000000e+00
-5.889999999999998876e-07,0.000000000000000000e+00
-5.879999999999999183e-07,0.000000000000000000e+00
-5.869999999999998432e-07,0.000000000000000000e+00
-5.859999999999998740e-07,0.000000000000000000e+00
-5.849999999999999047e-07,0.000000000000000000e+00
-5.839999999999999355e-07,0.000000000000000000e+00
-5.829999999999998603e-07,0.000000000000000000e+00
-5.819999999999998911e-07,-4.000000000000000083e-02
-5.809999999999999218e-07,0.000000000000000000e+00
-5.799999999999998467e-07,0.000000000000000000e+00
-5.789999999999998774e-07,0.000000000000000000e+00
-5.779999999999999082e-07,0.000000000000000000e+00
-5.769999999999999389e-07,0.000000000000000000e+00
-5.759999999999998638e-07,-2.000000000000000042e-02
-5.749999999999998946e-07,0.000000000000000000e+00
-5.739999999999999253e-07,2.000000000000000042e-02
-5.729999999999998502e-07,0.000000000000000000e+00
-5.719999999999998809e-07,0.000000000000000000e+00
-5.709999999999999117e-07,-2.000000000000000042e-02
-5.699999999999998366e-07,-2.000000000000000042e-02
-5.689999999999998673e-07,-2.000000000000000042e-02
-5.679999999999998981e-07,-2.000000000000000042e-02
-5.669999999999999288e-07,-2.000000000000000042e-02
-5.659999999999998537e-07,0.000000000000000000e+00
-5.649999999999998844e-07,0.000000000000000000e+00
-5.639999999999999152e-07,0.000000000000000000e+00
-5.629999999999998401e-07,-2.000000000000000042e-02
-5.619999999999998708e-07,-4.000000000000000083e-02
-5.609999999999999016e-07,-2.000000000000000042e-02
-5.599999999999999323e-07,-2.000000000000000042e-02
-5.589999999999998572e-07,-2.000000000000000042e-02
-5.579999999999998879e-07,0.000000000000000000e+00
-5.569999999999999187e-07,0.000000000000000000e+00
-5.559999999999998435e-07,0.000000000000000000e+00
-5.549999999999998743e-07,-2.000000000000000042e-02
-5.539999999999999051e-07,0.000000000000000000e+00
-5.529999999999999358e-07,-2.000000000000000042e-02
-5.519999999999998607e-07,0.000000000000000000e+00
-5.509999999999998914e-07,-2.000000000000000042e-02
-5.499999999999999222e-07,0.000000000000000000e+00
-5.489999999999998470e-07,0.000000000000000000e+00
-5.479999999999998778e-07,0.000000000000000000e+00
-5.469999999999999085e-07,0.000000000000000000e+00
-5.459999999999999393e-07,0.000000000000000000e+00
-5.449999999999998642e-07,0.000000000000000000e+00
-5.439999999999998949e-07,0.000000000000000000e+00
-5.429999999999999257e-07,0.000000000000000000e+00
-5.419999999999998505e-07,0.000000000000000000e+00
-5.409999999999998813e-07,2.000000000000000042e-02
-5.399999999999999120e-07,0.000000000000000000e+00
-5.389999999999998369e-07,-2.000000000000000042e-02
-5.379999999999998677e-07,-2.000000000000000042e-02
-5.369999999999998984e-07,-2.000000000000000042e-02
-5.359999999999999292e-07,0.000000000000000000e+00
-5.349999999999998540e-07,0.000000000000000000e+00
-5.339999999999998848e-07,0.000000000000000000e+00
-5.329999999999999155e-07,0.000000000000000000e+00
-5.319999999999998404e-07,-2.000000000000000042e-02
-5.309999999999998712e-07,-2.000000000000000042e-02
-5.299999999999999019e-07,0.000000000000000000e+00
-5.289999999999999327e-07,0.000000000000000000e+00
-5.279999999999998575e-07,0.000000000000000000e+00
-5.269999999999998883e-07,2.000000000000000042e-02
-5.259999999999999190e-07,-2.000000000000000042e-02
-5.249999999999998439e-07,0.000000000000000000e+00
-5.239999999999998746e-07,0.000000000000000000e+00
-5.229999999999999054e-07,-2.000000000000000042e-02
-5.219999999999999361e-07,-2.000000000000000042e-02
-5.209999999999998610e-07,-2.000000000000000042e-02
-5.199999999999998918e-07,2.000000000000000042e-02
-5.189999999999999225e-07,-2.000000000000000042e-02
-5.179999999999998474e-07,0.000000000000000000e+00
-5.169999999999998781e-07,4.000000000000000083e-02
-5.159999999999999089e-07,0.000000000000000000e+00
-5.149999999999998338e-07,0.000000000000000000e+00
-5.139999999999998645e-07,-2.000000000000000042e-02
-5.129999999999998953e-07,-2.000000000000000042e-02
-5.119999999999999260e-07,-4.000000000000000083e-02
-5.109999999999998509e-07,0.000000000000000000e+00
-5.099999999999998816e-07,-2.000000000000000042e-02
-5.089999999999999124e-07,-2.000000000000000042e-02
-5.079999999999998373e-07,2.000000000000000042e-02
-5.069999999999998680e-07,0.000000000000000000e+00
-5.059999999999998988e-07,-2.000000000000000042e-02
-5.049999999999999295e-07,-4.000000000000000083e-02
-5.039999999999998544e-07,-2.000000000000000042e-02
-5.029999999999998851e-07,0.000000000000000000e+00
-5.019999999999999159e-07,0.000000000000000000e+00
-5.009999999999998407e-07,-2.000000000000000042e-02
-4.999999999999998715e-07,0.000000000000000000e+00
-4.989999999999999022e-07,-2.000000000000000042e-02
-4.979999999999999330e-07,0.000000000000000000e+00
-4.969999999999998579e-07,0.000000000000000000e+00
-4.959999999999998886e-07,0.000000000000000000e+00
-4.949999999999999194e-07,0.000000000000000000e+00
-4.939999999999998442e-07,-2.000000000000000042e-02
-4.929999999999998750e-07,-4.000000000000000083e-02
-4.919999999999999057e-07,0.000000000000000000e+00
-4.909999999999999365e-07,-2.000000000000000042e-02
-4.899999999999998614e-07,-2.000000000000000042e-02
-4.889999999999998921e-07,0.000000000000000000e+00
-4.879999999999999229e-07,0.000000000000000000e+00
-4.869999999999998477e-07,0.000000000000000000e+00
-4.859999999999998785e-07,-2.000000000000000042e-02
-4.849999999999999092e-07,-2.000000000000000042e-02
-4.839999999999998341e-07,0.000000000000000000e+00
-4.829999999999998649e-07,-2.000000000000000042e-02
-4.819999999999998956e-07,-2.000000000000000042e-02
-4.809999999999999264e-07,0.000000000000000000e+00
-4.799999999999998512e-07,0.000000000000000000e+00
-4.789999999999998820e-07,-2.000000000000000042e-02
-4.779999999999999127e-07,-2.000000000000000042e-02
-4.769999999999998376e-07,0.000000000000000000e+00
-4.759999999999998683e-07,0.000000000000000000e+00
-4.749999999999998991e-07,2.000000000000000042e-02
-4.739999999999999298e-07,0.000000000000000000e+00
-4.729999999999998547e-07,-2.000000000000000042e-02
-4.719999999999998855e-07,-2.000000000000000042e-02
-4.709999999999999162e-07,0.000000000000000000e+00
-4.699999999999998411e-07,-2.000000000000000042e-02
-4.689999999999998718e-07,0.000000000000000000e+00
-4.679999999999999026e-07,0.000000000000000000e+00
-4.669999999999999333e-07,0.000000000000000000e+00
-4.659999999999998582e-07,-2.000000000000000042e-02
-4.649999999999998890e-07,0.000000000000000000e+00
-4.639999999999999197e-07,-2.000000000000000042e-02
-4.629999999999998446e-07,-2.000000000000000042e-02
-4.619999999999998753e-07,-2.000000000000000042e-02
-4.609999999999999061e-07,-2.000000000000000042e-02
-4.599999999999998310e-07,-2.000000000000000042e-02
-4.589999999999998617e-07,0.000000000000000000e+00
-4.579999999999998925e-07,0.000000000000000000e+00
-4.569999999999999232e-07,0.000000000000000000e+00
-4.559999999999998481e-07,-2.000000000000000042e-02
-4.549999999999998788e-07,-2.000000000000000042e-02
-4.539999999999999096e-07,-2.000000000000000042e-02
-4.529999999999998344e-07,-2.000000000000000042e-02
-4.519999999999998652e-07,0.000000000000000000e+00
-4.509999999999998959e-07,0.000000000000000000e+00
-4.499999999999999267e-07,0.000000000000000000e+00
-4.489999999999998516e-07,-2.000000000000000042e-02
-4.479999999999998823e-07,-2.000000000000000042e-02
-4.469999999999999131e-07,0.000000000000000000e+00
-4.459999999999998379e-07,0.000000000000000000e+00
-4.449999999999998687e-07,2.000000000000000042e-02
-4.439999999999998994e-07,-2.000000000000000042e-02
-4.429999999999999302e-07,0.000000000000000000e+00
-4.419999999999998551e-07,2.000000000000000042e-02
-4.409999999999998858e-07,0.000000000000000000e+00
-4.399999999999999166e-07,0.000000000000000000e+00
-4.389999999999998414e-07,0.000000000000000000e+00
-4.379999999999998722e-07,-2.000000000000000042e-02
-4.369999999999999029e-07,0.000000000000000000e+00
-4.359999999999999337e-07,0.000000000000000000e+00
-4.349999999999998586e-07,2.000000000000000042e-02
-4.339999999999998893e-07,0.000000000000000000e+00
-4.329999999999999201e-07,-2.000000000000000042e-02
-4.319999999999998449e-07,-2.000000000000000042e-02
-4.309999999999998757e-07,2.000000000000000042e-02
-4.299999999999999064e-07,-2.000000000000000042e-02
-4.289999999999998313e-07,-2.000000000000000042e-02
-4.279999999999998620e-07,0.000000000000000000e+00
-4.269999999999998928e-07,0.000000000000000000e+00
-4.259999999999999235e-07,0.000000000000000000e+00
-4.249999999999998484e-07,0.000000000000000000e+00
-4.239999999999998792e-07,2.000000000000000042e-02
-4.229999999999999099e-07,0.000000000000000000e+00
-4.219999999999998348e-07,-2.000000000000000042e-02
-4.209999999999998655e-07,0.000000000000000000e+00
-4.199999999999998963e-07,-2.000000000000000042e-02
-4.189999999999999270e-07,2.000000000000000042e-02
-4.179999999999998519e-07,0.000000000000000000e+00
-4.169999999999998827e-07,0.000000000000000000e+00
-4.159999999999999134e-07,0.000000000000000000e+00
-4.149999999999998383e-07,-2.000000000000000042e-02
-4.139999999999998690e-07,-2.000000000000000042e-02
-4.129999999999998998e-07,-2.000000000000000042e-02
-4.119999999999999305e-07,0.000000000000000000e+00
-4.109999999999998554e-07,-2.000000000000000042e-02
-4.099999999999998862e-07,-4.000000000000000083e-02
-4.089999999999999169e-07,2.000000000000000042e-02
-4.079999999999998418e-07,0.000000000000000000e+00
-4.069999999999998725e-07,-2.000000000000000042e-02
-4.059999999999999033e-07,-2.000000000000000042e-02
-4.049999999999998281e-07,-2.000000000000000042e-02
-4.039999999999998589e-07,-2.000000000000000042e-02
-4.029999999999998896e-07,-2.000000000000000042e-02
-4.019999999999999204e-07,-2.000000000000000042e-02
-4.009999999999998453e-07,-2.000000000000000042e-02
-3.999999999999998760e-07,-2.000000000000000042e-02
-3.989999999999999068e-07,2.000000000000000042e-02
-3.979999999999998316e-07,0.000000000000000000e+00
-3.969999999999998624e-07,-2.000000000000000042e-02
-3.959999999999998931e-07,0.000000000000000000e+00
-3.949999999999999239e-07,2.000000000000000042e-02
-3.939999999999998488e-07,0.000000000000000000e+00
-3.929999999999998795e-07,2.000000000000000042e-02
-3.919999999999999103e-07,0.000000000000000000e+00
-3.909999999999998351e-07,0.000000000000000000e+00
-3.899999999999998659e-07,0.000000000000000000e+00
-3.889999999999998966e-07,0.000000000000000000e+00
-3.879999999999999274e-07,0.000000000000000000e+00
-3.869999999999998523e-07,0.000000000000000000e+00
-3.859999999999998830e-07,-2.000000000000000042e-02
-3.849999999999999138e-07,-2.000000000000000042e-02
-3.839999999999998386e-07,-2.000000000000000042e-02
-3.829999999999999753e-07,-2.000000000000000042e-02
-3.819999999999999001e-07,-2.000000000000000042e-02
-3.809999999999998250e-07,2.000000000000000042e-02
-3.799999999999999616e-07,0.000000000000000000e+00
-3.789999999999998865e-07,0.000000000000000000e+00
-3.779999999999998114e-07,-2.000000000000000042e-02
-3.769999999999999480e-07,0.000000000000000000e+00
-3.759999999999998729e-07,0.000000000000000000e+00
-3.749999999999997977e-07,-2.000000000000000042e-02
-3.739999999999999344e-07,0.000000000000000000e+00
-3.729999999999998592e-07,-4.000000000000000083e-02
-3.719999999999997841e-07,0.000000000000000000e+00
-3.709999999999999207e-07,2.000000000000000042e-02
-3.699999999999998456e-07,0.000000000000000000e+00
-3.689999999999999822e-07,0.000000000000000000e+00
-3.679999999999999071e-07,0.000000000000000000e+00
-3.669999999999998320e-07,0.000000000000000000e+00
-3.659999999999999686e-07,0.000000000000000000e+00
-3.649999999999998935e-07,0.000000000000000000e+00
-3.639999999999998184e-07,0.000000000000000000e+00
-3.629999999999999550e-07,0.000000000000000000e+00
-3.619999999999998799e-07,-2.000000000000000042e-02
-3.609999999999998047e-07,0.000000000000000000e+00
-3.599999999999999414e-07,0.000000000000000000e+00
-3.589999999999998662e-07,0.000000000000000000e+00
-3.579999999999997911e-07,0.000000000000000000e+00
-3.569999999999999277e-07,-2.000000000000000042e-02
-3.559999999999998526e-07,-2.000000000000000042e-02
-3.549999999999997775e-07,-2.000000000000000042e-02
-3.539999999999999141e-07,2.000000000000000042e-02
-3.529999999999998390e-07,-2.000000000000000042e-02
-3.519999999999999756e-07,2.000000000000000042e-02
-3.509999999999999005e-07,0.000000000000000000e+00
-3.499999999999998253e-07,0.000000000000000000e+00
-3.489999999999999620e-07,0.000000000000000000e+00
-3.479999999999998868e-07,0.000000000000000000e+00
-3.469999999999998117e-07,0.000000000000000000e+00
-3.459999999999999483e-07,0.000000000000000000e+00
-3.449999999999998732e-07,0.000000000000000000e+00
-3.439999999999997981e-07,-2.000000000000000042e-02
-3.429999999999999347e-07,0.000000000000000000e+00
-3.419999999999998596e-07,-2.000000000000000042e-02
-3.409999999999997845e-07,-2.000000000000000042e-02
-3.399999999999999211e-07,-2.000000000000000042e-02
-3.389999999999998460e-07,-2.000000000000000042e-02
-3.379999999999997708e-07,-2.000000000000000042e-02
-3.369999999999999075e-07,0.000000000000000000e+00
-3.359999999999998323e-07,-2.000000000000000042e-02
-3.349999999999999690e-07,-2.000000000000000042e-02
-3.339999999999998938e-07,-4.000000000000000083e-02
-3.329999999999998187e-07,-2.000000000000000042e-02
-3.319999999999999553e-07,-2.000000000000000042e-02
-3.309999999999998802e-07,-2.000000000000000042e-02
-3.299999999999998051e-07,-2.000000000000000042e-02
-3.289999999999999417e-07,-2.000000000000000042e-02
-3.279999999999998666e-07,-2.000000000000000042e-02
-3.269999999999997914e-07,-2.000000000000000042e-02
-3.259999999999999281e-07,0.000000000000000000e+00
-3.249999999999998529e-07,0.000000000000000000e+00
-3.239999999999997778e-07,-2.000000000000000042e-02
-3.229999999999999144e-07,-2.000000000000000042e-02
-3.219999999999998393e-07,0.000000000000000000e+00
-3.209999999999999759e-07,0.000000000000000000e+00
-3.199999999999999008e-07,-2.000000000000000042e-02
-3.189999999999998257e-07,2.000000000000000042e-02
-3.179999999999999623e-07,-2.000000000000000042e-02
-3.169999999999998872e-07,-2.000000000000000042e-02
-3.159999999999998121e-07,-4.000000000000000083e-02
-3.149999999999999487e-07,-4.000000000000000083e-02
-3.139999999999998736e-07,0.000000000000000000e+00
-3.129999999999997984e-07,-2.000000000000000042e-02
-3.119999999999999351e-07,-2.000000000000000042e-02
-3.109999999999998599e-07,-2.000000000000000042e-02
-3.099999999999997848e-07,2.000000000000000042e-02
-3.089999999999999214e-07,2.000000000000000042e-02
-3.079999999999998463e-07,0.000000000000000000e+00
-3.069999999999997712e-07,-2.000000000000000042e-02
-3.059999999999999078e-07,0.000000000000000000e+00
-3.049999999999998327e-07,0.000000000000000000e+00
-3.039999999999999693e-07,0.000000000000000000e+00
-3.029999999999998942e-07,0.000000000000000000e+00
-3.019999999999998190e-07,0.000000000000000000e+00
-3.009999999999999557e-07,2.000000000000000042e-02
-2.999999999999998805e-07,2.000000000000000042e-02
-2.989999999999998054e-07,2.000000000000000042e-02
-2.979999999999999420e-07,-2.000000000000000042e-02
-2.969999999999998669e-07,0.000000000000000000e+00
-2.959999999999997918e-07,2.000000000000000042e-02
-2.949999999999999284e-07,-2.000000000000000042e-02
-2.939999999999998533e-07,-2.000000000000000042e-02
-2.929999999999997782e-07,0.000000000000000000e+00
-2.919999999999999148e-07,-2.000000000000000042e-02
-2.909999999999998397e-07,0.000000000000000000e+00
-2.899999999999999763e-07,-2.000000000000000042e-02
-2.889999999999999012e-07,0.000000000000000000e+00
-2.879999999999998260e-07,-2.000000000000000042e-02
-2.869999999999999627e-07,-2.000000000000000042e-02
-2.859999999999998875e-07,0.000000000000000000e+00
-2.849999999999998124e-07,-4.000000000000000083e-02
-2.839999999999999490e-07,-2.000000000000000042e-02
-2.829999999999998739e-07,-2.000000000000000042e-02
-2.819999999999997988e-07,0.000000000000000000e+00
-2.809999999999999354e-07,-2.000000000000000042e-02
-2.799999999999998603e-07,0.000000000000000000e+00
-2.789999999999997851e-07,2.000000000000000042e-02
-2.779999999999999218e-07,0.000000000000000000e+00
-2.769999999999998466e-07,0.000000000000000000e+00
-2.759999999999997715e-07,-2.000000000000000042e-02
-2.749999999999999081e-07,-2.000000000000000042e-02
-2.739999999999998330e-07,-4.000000000000000083e-02
-2.729999999999999696e-07,2.000000000000000042e-02
-2.719999999999998945e-07,0.000000000000000000e+00
-2.709999999999998194e-07,0.000000000000000000e+00
-2.699999999999999560e-07,-2.000000000000000042e-02
-2.689999999999998809e-07,-2.000000000000000042e-02
-2.679999999999998058e-07,-2.000000000000000042e-02
-2.669999999999999424e-07,-2.000000000000000042e-02
-2.659999999999998673e-07,-2.000000000000000042e-02
-2.649999999999997921e-07,-2.000000000000000042e-02
-2.639999999999999288e-07,0.000000000000000000e+00
-2.629999999999998536e-07,0.000000000000000000e+00
-2.619999999999997785e-07,0.000000000000000000e+00
-2.609999999999999151e-07,2.000000000000000042e-02
-2.599999999999998400e-07,-2.000000000000000042e-02
-2.589999999999997649e-07,-2.000000000000000042e-02
-2.579999999999999015e-07,-2.000000000000000042e-02
-2.569999999999998264e-07,2.000000000000000042e-02
-2.559999999999999630e-07,0.000000000000000000e+00
-2.549999999999998879e-07,0.000000000000000000e+00
-2.539999999999998127e-07,-2.000000000000000042e-02
-2.529999999999999494e-07,0.000000000000000000e+00
-2.519999999999998742e-07,0.000000000000000000e+00
-2.509999999999997991e-07,0.000000000000000000e+00
-2.499999999999999357e-07,0.000000000000000000e+00
-2.489999999999998606e-07,-2.000000000000000042e-02
-2.479999999999997855e-07,0.000000000000000000e+00
-2.469999999999999221e-07,0.000000000000000000e+00
-2.459999999999998470e-07,2.000000000000000042e-02
-2.449999999999997719e-07,2.000000000000000042e-02
-2.439999999999999085e-07,2.000000000000000042e-02
-2.429999999999998334e-07,2.000000000000000042e-02
-2.419999999999999700e-07,0.000000000000000000e+00
-2.409999999999998949e-07,2.000000000000000042e-02
-2.399999999999998197e-07,0.000000000000000000e+00
-2.389999999999999564e-07,2.000000000000000042e-02
-2.379999999999998812e-07,0.000000000000000000e+00
-2.369999999999998061e-07,0.000000000000000000e+00
-2.359999999999999427e-07,0.000000000000000000e+00
-2.349999999999998676e-07,-2.000000000000000042e-02
-2.339999999999997925e-07,-2.000000000000000042e-02
-2.329999999999999291e-07,0.000000000000000000e+00
-2.319999999999998540e-07,0.000000000000000000e+00
-2.309999999999997788e-07,-2.000000000000000042e-02
-2.299999999999999155e-07,0.000000000000000000e+00
-2.289999999999998403e-07,-2.000000000000000042e-02
-2.279999999999997652e-07,0.000000000000000000e+00
-2.269999999999999018e-07,-2.000000000000000042e-02
-2.259999999999998267e-07,0.000000000000000000e+00
-2.249999999999999633e-07,2.000000000000000042e-02
-2.239999999999998882e-07,-2.000000000000000042e-02
-2.229999999999998131e-07,2.000000000000000042e-02
-2.219999999999999497e-07,0.000000000000000000e+00
-2.209999999999998746e-07,0.000000000000000000e+00
-2.199999999999997995e-07,2.000000000000000042e-02
-2.189999999999999361e-07,2.000000000000000042e-02
-2.179999999999998610e-07,0.000000000000000000e+00
-2.169999999999997858e-07,0.000000000000000000e+00
-2.159999999999999225e-07,0.000000000000000000e+00
-2.149999999999998473e-07,0.000000000000000000e+00
-2.139999999999997722e-07,-2.000000000000000042e-02
-2.129999999999999088e-07,-2.000000000000000042e-02
-2.119999999999998337e-07,-2.000000000000000042e-02
-2.109999999999999703e-07,-2.000000000000000042e-02
-2.099999999999998952e-07,-2.000000000000000042e-02
-2.089999999999998201e-07,-2.000000000000000042e-02
-2.079999999999999567e-07,-2.000000000000000042e-02
-2.069999999999998816e-07,-2.000000000000000042e-02
-2.059999999999998064e-07,-4.000000000000000083e-02
-2.049999999999999431e-07,-2.000000000000000042e-02
-2.039999999999998679e-07,-2.000000000000000042e-02
-2.029999999999997928e-07,-2.000000000000000042e-02
-2.019999999999999294e-07,-2.000000000000000042e-02
-2.009999999999998543e-07,0.000000000000000000e+00
-1.999999999999997792e-07,0.000000000000000000e+00
-1.989999999999999158e-07,-2.000000000000000042e-02
-1.979999999999998407e-07,0.000000000000000000e+00
-1.969999999999997656e-07,-2.000000000000000042e-02
-1.959999999999999022e-07,-2.000000000000000042e-02
-1.949999999999998271e-07,0.000000000000000000e+00
-1.939999999999999637e-07,0.000000000000000000e+00
-1.929999999999998886e-07,0.000000000000000000e+00
-1.919999999999998134e-07,0.000000000000000000e+00
-1.909999999999999501e-07,0.000000000000000000e+00
-1.899999999999998749e-07,-2.000000000000000042e-02
-1.889999999999997998e-07,0.000000000000000000e+00
-1.879999999999999364e-07,0.000000000000000000e+00
-1.869999999999998613e-07,0.000000000000000000e+00
-1.859999999999997862e-07,-2.000000000000000042e-02
-1.849999999999999228e-07,-2.000000000000000042e-02
-1.839999999999998477e-07,-2.000000000000000042e-02
-1.829999999999997725e-07,-2.000000000000000042e-02
-1.819999999999999092e-07,-2.000000000000000042e-02
-1.809999999999998340e-07,0.000000000000000000e+00
-1.799999999999999707e-07,0.000000000000000000e+00
-1.789999999999998955e-07,0.000000000000000000e+00
-1.779999999999998204e-07,2.000000000000000042e-02
-1.769999999999999571e-07,0.000000000000000000e+00
-1.759999999999998819e-07,0.000000000000000000e+00
-1.749999999999998068e-07,-4.000000000000000083e-02
-1.739999999999999434e-07,0.000000000000000000e+00
-1.729999999999998683e-07,-2.000000000000000042e-02
-1.719999999999997932e-07,0.000000000000000000e+00
-1.709999999999999298e-07,0.000000000000000000e+00
-1.699999999999998547e-07,0.000000000000000000e+00
-1.689999999999997795e-07,0.000000000000000000e+00
-1.679999999999999162e-07,0.000000000000000000e+00
-1.669999999999998410e-07,0.000000000000000000e+00
-1.659999999999997659e-07,0.000000000000000000e+00
-1.649999999999999025e-07,2.000000000000000042e-02
-1.639999999999998274e-07,0.000000000000000000e+00
-1.629999999999999640e-07,0.000000000000000000e+00
-1.619999999999998889e-07,0.000000000000000000e+00
-1.609999999999998138e-07,0.000000000000000000e+00
-1.599999999999999504e-07,-2.000000000000000042e-02
-1.589999999999998753e-07,0.000000000000000000e+00
-1.579999999999998002e-07,0.000000000000000000e+00
-1.569999999999999368e-07,2.000000000000000042e-02
-1.559999999999998617e-07,0.000000000000000000e+00
-1.549999999999997865e-07,2.000000000000000042e-02
-1.539999999999999232e-07,4.000000000000000083e-02
-1.529999999999998480e-07,0.000000000000000000e+00
-1.519999999999997729e-07,-2.000000000000000042e-02
-1.509999999999999095e-07,0.000000000000000000e+00
-1.499999999999998344e-07,0.000000000000000000e+00
-1.489999999999997593e-07,0.000000000000000000e+00
-1.479999999999998959e-07,0.000000000000000000e+00
-1.469999999999998208e-07,0.000000000000000000e+00
-1.459999999999999574e-07,0.000000000000000000e+00
-1.449999999999998823e-07,2.000000000000000042e-02
-1.439999999999998071e-07,0.000000000000000000e+00
-1.429999999999999438e-07,0.000000000000000000e+00
-1.419999999999998686e-07,2.000000000000000042e-02
-1.409999999999997935e-07,-2.000000000000000042e-02
-1.399999999999999301e-07,2.000000000000000042e-02
-1.389999999999998550e-07,2.000000000000000042e-02
-1.379999999999997799e-07,0.000000000000000000e+00
-1.369999999999999165e-07,0.000000000000000000e+00
-1.359999999999998414e-07,-2.000000000000000042e-02
-1.349999999999997663e-07,-2.000000000000000042e-02
-1.339999999999999029e-07,0.000000000000000000e+00
-1.329999999999998278e-07,0.000000000000000000e+00
-1.319999999999999644e-07,0.000000000000000000e+00
-1.309999999999998893e-07,-2.000000000000000042e-02
-1.299999999999998141e-07,-2.000000000000000042e-02
-1.289999999999999508e-07,0.000000000000000000e+00
-1.279999999999998756e-07,2.000000000000000042e-02
-1.269999999999998005e-07,0.000000000000000000e+00
-1.259999999999999371e-07,0.000000000000000000e+00
-1.249999999999998620e-07,0.000000000000000000e+00
-1.239999999999997869e-07,2.000000000000000042e-02
-1.229999999999999235e-07,0.000000000000000000e+00
-1.219999999999998484e-07,0.000000000000000000e+00
-1.209999999999997732e-07,2.000000000000000042e-02
-1.199999999999999099e-07,2.000000000000000042e-02
-1.189999999999998347e-07,0.000000000000000000e+00
-1.179999999999997596e-07,0.000000000000000000e+00
-1.169999999999998962e-07,4.000000000000000083e-02
-1.159999999999998211e-07,2.000000000000000042e-02
-1.149999999999999577e-07,2.000000000000000042e-02
-1.139999999999998826e-07,0.000000000000000000e+00
-1.129999999999998075e-07,0.000000000000000000e+00
-1.119999999999999441e-07,4.000000000000000083e-02
-1.109999999999998690e-07,0.000000000000000000e+00
-1.099999999999997939e-07,2.000000000000000042e-02
-1.089999999999999305e-07,0.000000000000000000e+00
-1.079999999999998554e-07,2.000000000000000042e-02
-1.069999999999997802e-07,4.000000000000000083e-02
-1.059999999999999169e-07,4.000000000000000083e-02
-1.049999999999998417e-07,4.000000000000000083e-02
-1.039999999999997666e-07,2.000000000000000042e-02
-1.029999999999999032e-07,0.000000000000000000e+00
-1.019999999999998281e-07,2.000000000000000042e-02
-1.009999999999999647e-07,2.000000000000000042e-02
-9.999999999999988960e-08,2.000000000000000042e-02
-9.899999999999981447e-08,4.000000000000000083e-02
-9.799999999999995110e-08,0.000000000000000000e+00
-9.699999999999987597e-08,0.000000000000000000e+00
-9.599999999999980084e-08,2.000000000000000042e-02
-9.499999999999993747e-08,4.000000000000000083e-02
-9.399999999999986234e-08,2.000000000000000042e-02
-9.299999999999978721e-08,2.000000000000000042e-02
-9.199999999999992384e-08,2.000000000000000042e-02
-9.099999999999984871e-08,2.000000000000000042e-02
-8.999999999999977358e-08,2.000000000000000042e-02
-8.899999999999991021e-08,2.000000000000000042e-02
-8.799999999999983508e-08,4.000000000000000083e-02
-8.699999999999975995e-08,0.000000000000000000e+00
-8.599999999999989658e-08,2.000000000000000042e-02
-8.499999999999982145e-08,4.000000000000000083e-02
-8.399999999999995808e-08,2.000000000000000042e-02
-8.299999999999988295e-08,4.000000000000000083e-02
-8.199999999999980782e-08,4.000000000000000083e-02
-8.099999999999994445e-08,4.000000000000000083e-02
-7.999999999999986932e-08,4.000000000000000083e-02
-7.899999999999979420e-08,5.999999999999999778e-02
-7.799999999999993083e-08,5.999999999999999778e-02
-7.699999999999985570e-08,5.999999999999999778e-02
-7.599999999999978057e-08,2.000000000000000042e-02
-7.499999999999991720e-08,5.999999999999999778e-02
-7.399999999999984207e-08,5.999999999999999778e-02
-7.299999999999976694e-08,5.999999999999999778e-02
-7.199999999999990357e-08,8.000000000000000167e-02
-7.099999999999982844e-08,5.999999999999999778e-02
-6.999999999999975331e-08,5.999999999999999778e-02
-6.899999999999988994e-08,5.999999999999999778e-02
-6.799999999999981481e-08,8.000000000000000167e-02
-6.699999999999995144e-08,5.999999999999999778e-02
-6.599999999999987631e-08,8.000000000000000167e-02
-6.499999999999980118e-08,8.000000000000000167e-02
-6.399999999999993781e-08,8.000000000000000167e-02
-6.299999999999986268e-08,8.000000000000000167e-02
-6.199999999999978755e-08,1.000000000000000056e-01
-6.099999999999992418e-08,1.000000000000000056e-01
-5.999999999999984905e-08,8.000000000000000167e-02
-5.899999999999977393e-08,1.000000000000000056e-01
-5.799999999999991055e-08,1.000000000000000056e-01
-5.699999999999983543e-08,1.000000000000000056e-01
-5.599999999999976030e-08,1.000000000000000056e-01
-5.499999999999989693e-08,1.000000000000000056e-01
-5.399999999999982180e-08,1.000000000000000056e-01
-5.299999999999995843e-08,1.199999999999999956e-01
-5.199999999999988330e-08,1.199999999999999956e-01
-5.099999999999980817e-08,1.000000000000000056e-01
-4.999999999999994480e-08,1.000000000000000056e-01
-4.899999999999986967e-08,1.000000000000000056e-01
-4.799999999999979454e-08,1.400000000000000133e-01
-4.699999999999993117e-08,1.400000000000000133e-01
-4.599999999999985604e-08,1.199999999999999956e-01
-4.499999999999978091e-08,1.199999999999999956e-01
-4.399999999999991754e-08,1.400000000000000133e-01
-4.299999999999984241e-08,1.400000000000000133e-01
-4.199999999999976728e-08,1.199999999999999956e-01
-4.099999999999990391e-08,1.400000000000000133e-01
-3.999999999999982878e-08,1.600000000000000033e-01
-3.899999999999975365e-08,1.799999999999999933e-01
-3.799999999999989028e-08,1.600000000000000033e-01
-3.699999999999981515e-08,1.799999999999999933e-01
-3.599999999999995178e-08,1.799999999999999933e-01
-3.499999999999987666e-08,2.000000000000000111e-01
-3.399999999999980153e-08,2.000000000000000111e-01
-3.299999999999993816e-08,2.000000000000000111e-01
-3.199999999999986303e-08,2.200000000000000011e-01
-3.099999999999978790e-08,2.000000000000000111e-01
-2.999999999999992453e-08,2.399999999999999911e-01
-2.899999999999984940e-08,2.200000000000000011e-01
-2.799999999999977427e-08,2.399999999999999911e-01
-2.699999999999991090e-08,2.399999999999999911e-01
-2.599999999999983577e-08,2.399999999999999911e-01
-2.499999999999976064e-08,2.600000000000000089e-01
-2.399999999999989727e-08,2.600000000000000089e-01
-2.299999999999982214e-08,2.800000000000000266e-01
-2.199999999999995877e-08,2.999999999999999889e-01
-2.099999999999988364e-08,2.999999999999999889e-01
-1.999999999999980851e-08,2.999999999999999889e-01
-1.899999999999994514e-08,3.200000000000000067e-01
-1.799999999999987001e-08,2.999999999999999889e-01
-1.699999999999979488e-08,3.400000000000000244e-01
-1.599999999999993151e-08,3.400000000000000244e-01
-1.499999999999985638e-08,3.400000000000000244e-01
-1.399999999999978126e-08,3.800000000000000044e-01
-1.299999999999991788e-08,3.800000000000000044e-01
-1.199999999999984276e-08,3.800000000000000044e-01
-1.099999999999976763e-08,3.800000000000000044e-01
-9.999999999999904256e-09,4.000000000000000222e-01
-8.999999999999829127e-09,4.000000000000000222e-01
-7.999999999999753998e-09,4.400000000000000022e-01
-6.999999999999890628e-09,4.400000000000000022e-01
-5.999999999999815499e-09,4.600000000000000200e-01
-4.999999999999952128e-09,4.600000000000000200e-01
-3.999999999999876999e-09,4.799999999999999822e-01
-2.999999999999801870e-09,5.000000000000000000e-01
-1.999999999999938500e-09,5.200000000000000178e-01
-9.999999999998633707e-10,5.000000000000000000e-01
2.117582368135750848e-22,5.600000000000000533e-01
1.000000000000075129e-09,5.600000000000000533e-01
2.000000000000150258e-09,5.799999999999999600e-01
3.000000000000225387e-09,5.799999999999999600e-01
4.000000000000088757e-09,5.999999999999999778e-01
5.000000000000163886e-09,6.199999999999999956e-01
6.000000000000239015e-09,6.199999999999999956e-01
7.000000000000102386e-09,6.600000000000000311e-01
8.000000000000177515e-09,6.600000000000000311e-01
9.000000000000040886e-09,6.800000000000000488e-01
1.000000000000011601e-08,7.000000000000000666e-01
1.100000000000019114e-08,7.399999999999999911e-01
1.200000000000005451e-08,7.600000000000000089e-01
1.300000000000012964e-08,7.600000000000000089e-01
1.400000000000020477e-08,7.800000000000000266e-01
1.500000000000006814e-08,8.000000000000000444e-01
1.600000000000014327e-08,8.200000000000000622e-01
1.700000000000021840e-08,8.399999999999999689e-01
1.800000000000008177e-08,8.599999999999999867e-01
1.900000000000015690e-08,9.000000000000000222e-01
2.000000000000023203e-08,9.000000000000000222e-01
2.100000000000009540e-08,9.200000000000000400e-01
2.200000000000017053e-08,9.400000000000000577e-01
2.300000000000024566e-08,9.599999999999999645e-01
2.400000000000010903e-08,9.799999999999999822e-01
2.500000000000018416e-08,1.020000000000000018e+00
2.600000000000004753e-08,1.000000000000000000e+00
2.700000000000012266e-08,1.060000000000000053e+00
2.800000000000019779e-08,1.060000000000000053e+00
2.900000000000006116e-08,1.080000000000000071e+00
3.000000000000013629e-08,1.100000000000000089e+00
3.100000000000021141e-08,1.120000000000000107e+00
3.200000000000007478e-08,-3.939999999999999947e+00
3.300000000000014991e-08,-3.919999999999999929e+00
3.400000000000022504e-08,-3.899999999999999911e+00
3.500000000000008841e-08,-3.879999999999999893e+00
3.600000000000016354e-08,-3.859999999999999876e+00
3.700000000000023867e-08,-3.839999999999999858e+00
3.800000000000010204e-08,-3.820000000000000284e+00
3.900000000000017717e-08,-3.780000000000000249e+00
4.000000000000025230e-08,-3.780000000000000249e+00
4.100000000000011567e-08,-3.740000000000000213e+00
4.200000000000019080e-08,-3.740000000000000213e+00
4.300000000000005417e-08,-3.700000000000000178e+00
4.400000000000012930e-08,-3.680000000000000160e+00
4.500000000000020443e-08,-3.680000000000000160e+00
4.600000000000006780e-08,-3.640000000000000124e+00
4.700000000000014293e-08,-3.600000000000000089e+00
4.800000000000021806e-08,-3.600000000000000089e+00
4.900000000000008143e-08,-3.560000000000000053e+00
5.000000000000015656e-08,-3.540000000000000036e+00
5.100000000000023169e-08,-3.500000000000000000e+00
5.200000000000009506e-08,-3.479999999999999982e+00
5.300000000000017018e-08,-3.500000000000000000e+00
5.400000000000024531e-08,-3.459999999999999964e+00
5.500000000000010868e-08,-3.439999999999999947e+00
5.600000000000018381e-08,-3.419999999999999929e+00
5.700000000000004718e-08,-3.419999999999999929e+00
5.800000000000012231e-08,-3.399999999999999911e+00
5.900000000000019744e-08,-3.359999999999999876e+00
6.000000000000006081e-08,-3.320000000000000284e+00
6.100000000000013594e-08,-3.320000000000000284e+00
6.200000000000021107e-08,-3.300000000000000266e+00
6.300000000000007444e-08,-3.300000000000000266e+00
6.400000000000014957e-08,-3.260000000000000231e+00
6.500000000000022470e-08,-3.260000000000000231e+00
6.600000000000008807e-08,-3.240000000000000213e+00
6.700000000000016320e-08,-3.240000000000000213e+00
6.800000000000023833e-08,-3.200000000000000178e+00
6.900000000000010170e-08,-3.200000000000000178e+00
7.000000000000017683e-08,-3.200000000000000178e+00
7.100000000000025196e-08,-3.180000000000000160e+00
7.200000000000011533e-08,-3.180000000000000160e+00
7.300000000000019046e-08,-3.160000000000000142e+00
7.400000000000005383e-08,-3.140000000000000124e+00
7.500000000000012896e-08,-3.140000000000000124e+00
7.600000000000020408e-08,-3.120000000000000107e+00
7.700000000000006745e-08,-3.120000000000000107e+00
7.800000000000014258e-08,-3.100000000000000089e+00
7.900000000000021771e-08,-3.080000000000000071e+00
8.000000000000008108e-08,-3.080000000000000071e+00
8.100000000000015621e-08,-3.100000000000000089e+00
8.200000000000023134e-08,-3.100000000000000089e+00
8.300000000000009471e-08,-3.080000000000000071e+00
8.400000000000016984e-08,-3.060000000000000053e+00
8.500000000000024497e-08,-3.080000000000000071e+00
8.600000000000010834e-08,-3.080000000000000071e+00
8.700000000000018347e-08,-3.080000000000000071e+00
8.800000000000004684e-08,-3.060000000000000053e+00
8.900000000000012197e-08,-3.080000000000000071e+00
9.000000000000019710e-08,-3.080000000000000071e+00
9.100000000000006047e-08,-3.060000000000000053e+00
9.200000000000013560e-08,-3.080000000000000071e+00
9.300000000000021073e-08,-3.100000000000000089e+00
9.400000000000007410e-08,-3.080000000000000071e+00
9.500000000000014923e-08,-3.100000000000000089e+00
9.600000000000022435e-08,-3.100000000000000089e+00
9.700000000000008773e-08,-3.100000000000000089e+00
9.800000000000016285e-08,-3.080000000000000071e+00
9.900000000000023798e-08,-3.120000000000000107e+00
1.000000000000001014e-07,-3.100000000000000089e+00
1.010000000000001765e-07,-3.140000000000000124e+00
1.020000000000002516e-07,-3.120000000000000107e+00
1.030000000000001150e-07,-3.120000000000000107e+00
1.040000000000001901e-07,-3.140000000000000124e+00
1.050000000000000535e-07,-3.160000000000000142e+00
1.060000000000001286e-07,-3.140000000000000124e+00
1.070000000000002037e-07,-3.160000000000000142e+00
1.080000000000000671e-07,-3.180000000000000160e+00
1.090000000000001422e-07,-3.180000000000000160e+00
1.100000000000002174e-07,-3.220000000000000195e+00
1.110000000000000807e-07,-3.200000000000000178e+00
1.120000000000001559e-07,-3.220000000000000195e+00
1.130000000000002310e-07,-3.220000000000000195e+00
1.140000000000000944e-07,-3.240000000000000213e+00
1.150000000000001695e-07,-3.240000000000000213e+00
1.160000000000002446e-07,-3.260000000000000231e+00
1.170000000000001080e-07,-3.260000000000000231e+00
1.180000000000001831e-07,-3.300000000000000266e+00
1.190000000000002583e-07,-3.300000000000000266e+00
1.200000000000001216e-07,-3.320000000000000284e+00
1.210000000000001968e-07,-3.320000000000000284e+00
1.220000000000000601e-07,-3.359999999999999876e+00
1.230000000000001353e-07,-3.359999999999999876e+00
1.240000000000002104e-07,-3.379999999999999893e+00
1.250000000000000738e-07,-3.399999999999999911e+00
1.260000000000001489e-07,-3.399999999999999911e+00
1.270000000000002240e-07,-3.399999999999999911e+00
1.280000000000000874e-07,-3.439999999999999947e+00
1.290000000000001625e-07,-3.439999999999999947e+00
1.300000000000002376e-07,-3.459999999999999964e+00
1.310000000000001010e-07,-3.459999999999999964e+00
1.320000000000001761e-07,-3.459999999999999964e+00
1.330000000000002513e-07,-3.520000000000000018e+00
1.340000000000001146e-07,-3.520000000000000018e+00
1.350000000000001898e-07,-3.520000000000000018e+00
1.360000000000000531e-07,-3.560000000000000053e+00
1.370000000000001283e-07,-3.560000000000000053e+00
1.380000000000002034e-07,-3.560000000000000053e+00
1.390000000000000668e-07,-3.580000000000000071e+00
1.400000000000001419e-07,-3.580000000000000071e+00
1.410000000000002170e-07,-3.600000000000000089e+00
1.420000000000000804e-07,-3.620000000000000107e+00
1.430000000000001555e-07,-3.620000000000000107e+00
1.440000000000002307e-07,-3.660000000000000142e+00
1.450000000000000940e-07,-3.660000000000000142e+00
1.460000000000001692e-07,-3.680000000000000160e+00
1.470000000000002443e-07,-3.700000000000000178e+00
1.480000000000001077e-07,-3.720000000000000195e+00
1.490000000000001828e-07,-3.720000000000000195e+00
1.500000000000002579e-07,-3.740000000000000213e+00
1.510000000000001213e-07,-3.780000000000000249e+00
1.520000000000001964e-07,-3.800000000000000266e+00
1.530000000000000598e-07,-3.800000000000000266e+00
1.540000000000001349e-07,-3.800000000000000266e+00
1.550000000000002100e-07,-3.820000000000000284e+00
1.560000000000000734e-07,-3.839999999999999858e+00
1.570000000000001485e-07,-3.839999999999999858e+00
1.580000000000002237e-07,-3.859999999999999876e+00
1.590000000000000870e-07,-3.839999999999999858e+00
1.600000000000001622e-07,-3.879999999999999893e+00
1.610000000000002373e-07,-3.879999999999999893e+00
1.620000000000001007e-07,-3.879999999999999893e+00
1.630000000000001758e-07,-3.899999999999999911e+00
1.640000000000002509e-07,-3.899999999999999911e+00
1.650000000000001143e-07,-3.919999999999999929e+00
1.660000000000001894e-07,-3.919999999999999929e+00
1.670000000000000528e-07,1.159999999999999920e+00
1.680000000000001279e-07,1.159999999999999920e+00
1.690000000000002031e-07,1.140000000000000124e+00
1.700000000000000664e-07,1.140000000000000124e+00
1.710000000000001416e-07,1.100000000000000089e+00
1.720000000000002167e-07,1.100000000000000089e+00
1.730000000000000801e-07,1.120000000000000107e+00
1.740000000000001552e-07,1.080000000000000071e+00
1.750000000000002303e-07,1.100000000000000089e+00
1.760000000000000937e-07,1.080000000000000071e+00
1.770000000000001688e-07,1.040000000000000036e+00
1.780000000000002439e-07,1.040000000000000036e+00
1.790000000000001073e-07,1.020000000000000018e+00
1.800000000000001824e-07,1.000000000000000000e+00
1.810000000000002576e-07,1.040000000000000036e+00
1.820000000000001209e-07,1.000000000000000000e+00
1.830000000000001961e-07,9.799999999999999822e-01
1.840000000000000594e-07,9.599999999999999645e-01
1.850000000000001346e-07,9.799999999999999822e-01
1.860000000000002097e-07,9.599999999999999645e-01
1.870000000000000731e-07,9.799999999999999822e-01
1.880000000000001482e-07,9.400000000000000577e-01
1.890000000000002233e-07,9.200000000000000400e-01
1.900000000000000867e-07,9.200000000000000400e-01
1.910000000000001618e-07,9.200000000000000400e-01
1.920000000000002370e-07,9.000000000000000222e-01
1.930000000000001003e-07,8.800000000000000044e-01
1.940000000000001755e-07,8.800000000000000044e-01
1.950000000000002506e-07,9.000000000000000222e-01
1.960000000000001140e-07,8.599999999999999867e-01
1.970000000000001891e-07,9.000000000000000222e-01
1.980000000000002642e-07,8.800000000000000044e-01
1.990000000000001276e-07,8.599999999999999867e-01
2.000000000000002027e-07,8.399999999999999689e-01
2.010000000000000661e-07,8.399999999999999689e-01
2.020000000000001412e-07,8.399999999999999689e-01
2.030000000000002163e-07,8.000000000000000444e-01
2.040000000000000797e-07,8.000000000000000444e-01
2.050000000000001548e-07,8.200000000000000622e-01
2.060000000000002300e-07,8.000000000000000444e-01
2.070000000000000933e-07,8.000000000000000444e-01
2.080000000000001685e-07,7.800000000000000266e-01
2.090000000000002436e-07,7.800000000000000266e-01
2.100000000000001070e-07,7.800000000000000266e-01
2.110000000000001821e-07,7.800000000000000266e-01
2.120000000000002572e-07,7.600000000000000089e-01
2.130000000000001206e-07,7.600000000000000089e-01
2.140000000000001957e-07,7.600000000000000089e-01
2.150000000000000591e-07,7.600000000000000089e-01
2.160000000000001342e-07,7.199999999999999734e-01
2.170000000000002094e-07,7.199999999999999734e-01
2.180000000000000727e-07,7.199999999999999734e-01
2.190000000000001478e-07,7.000000000000000666e-01
2.200000000000002230e-07,7.000000000000000666e-01
2.210000000000000863e-07,6.800000000000000488e-01
2.220000000000001615e-07,6.800000000000000488e-01
2.230000000000002366e-07,6.800000000000000488e-01
2.240000000000001000e-07,6.800000000000000488e-01
2.250000000000001751e-07,6.800000000000000488e-01
2.260000000000002502e-07,6.800000000000000488e-01
2.270000000000001136e-07,6.600000000000000311e-01
2.280000000000001887e-07,6.600000000000000311e-01
2.290000000000002639e-07,6.600000000000000311e-01
2.300000000000001272e-07,6.400000000000000133e-01
2.310000000000002024e-07,6.600000000000000311e-01
2.320000000000000657e-07,6.400000000000000133e-01
2.330000000000001409e-07,6.400000000000000133e-01
2.340000000000002160e-07,6.600000000000000311e-01
2.350000000000000794e-07,6.400000000000000133e-01
2.360000000000001545e-07,6.400000000000000133e-01
2.370000000000002296e-07,6.199999999999999956e-01
2.380000000000000930e-07,6.199999999999999956e-01
2.390000000000001681e-07,5.999999999999999778e-01
2.400000000000002432e-07,6.199999999999999956e-01
2.410000000000001066e-07,6.199999999999999956e-01
2.420000000000001817e-07,6.199999999999999956e-01
2.430000000000002569e-07,6.199999999999999956e-01
2.440000000000001202e-07,5.999999999999999778e-01
2.450000000000001954e-07,6.199999999999999956e-01
2.460000000000000587e-07,5.799999999999999600e-01
2.470000000000001339e-07,5.999999999999999778e-01
2.480000000000002090e-07,5.799999999999999600e-01
2.490000000000000724e-07,5.799999999999999600e-01
2.500000000000001475e-07,5.999999999999999778e-01
2.510000000000002226e-07,5.600000000000000533e-01
2.520000000000000860e-07,5.799999999999999600e-01
2.530000000000001611e-07,5.600000000000000533e-01
2.540000000000002363e-07,5.600000000000000533e-01
2.550000000000000996e-07,5.600000000000000533e-01
2.560000000000001748e-07,5.600000000000000533e-01
2.570000000000002499e-07,5.799999999999999600e-01
2.580000000000001133e-07,5.600000000000000533e-01
2.590000000000001884e-07,5.600000000000000533e-01
2.600000000000002635e-07,5.600000000000000533e-01
2.610000000000001269e-07,5.400000000000000355e-01
2.620000000000002020e-07,5.600000000000000533e-01
2.630000000000000654e-07,5.200000000000000178e-01
2.640000000000001405e-07,5.200000000000000178e-01
2.650000000000002156e-07,5.200000000000000178e-01
2.660000000000000790e-07,5.200000000000000178e-01
2.670000000000001541e-07,5.200000000000000178e-01
2.680000000000002293e-07,5.000000000000000000e-01
2.690000000000000926e-07,5.200000000000000178e-01
2.700000000000001678e-07,5.000000000000000000e-01
2.710000000000002429e-07,5.000000000000000000e-01
2.720000000000001063e-07,5.000000000000000000e-01
2.730000000000001814e-07,5.000000000000000000e-01
2.740000000000002565e-07,5.200000000000000178e-01
2.750000000000001199e-07,5.200000000000000178e-01
2.760000000000001950e-07,5.000000000000000000e-01
2.770000000000000584e-07,5.000000000000000000e-01
2.780000000000001335e-07,4.799999999999999822e-01
2.790000000000002087e-07,5.000000000000000000e-01
2.800000000000000720e-07,5.000000000000000000e-01
2.810000000000001472e-07,4.600000000000000200e-01
2.820000000000002223e-07,4.600000000000000200e-01
2.830000000000000857e-07,4.799999999999999822e-01
2.840000000000001608e-07,4.600000000000000200e-01
2.850000000000002359e-07,4.600000000000000200e-01
2.860000000000000993e-07,4.799999999999999822e-01
2.870000000000001744e-07,4.600000000000000200e-01
2.880000000000002495e-07,4.600000000000000200e-01
2.890000000000001129e-07,4.400000000000000022e-01
2.900000000000001880e-07,4.799999999999999822e-01
2.910000000000002632e-07,4.799999999999999822e-01
2.920000000000001265e-07,4.600000000000000200e-01
2.930000000000002017e-07,4.400000000000000022e-01
2.940000000000000650e-07,4.799999999999999822e-01
2.950000000000001402e-07,4.400000000000000022e-01
2.960000000000002153e-07,4.400000000000000022e-01
2.970000000000000787e-07,4.400000000000000022e-01
2.980000000000001538e-07,4.600000000000000200e-01
2.990000000000002289e-07,4.400000000000000022e-01
3.000000000000000923e-07,4.600000000000000200e-01
3.010000000000001674e-07,4.400000000000000022e-01
3.020000000000002426e-07,4.199999999999999845e-01
3.030000000000001059e-07,4.199999999999999845e-01
3.040000000000001811e-07,4.400000000000000022e-01
3.050000000000002562e-07,4.400000000000000022e-01
3.060000000000001196e-07,4.400000000000000022e-01
3.070000000000001947e-07,4.400000000000000022e-01
3.080000000000002698e-07,4.199999999999999845e-01
3.090000000000001332e-07,4.199999999999999845e-01
3.100000000000002083e-07,4.199999999999999845e-01
3.110000000000000717e-07,4.400000000000000022e-01
3.120000000000001468e-07,4.400000000000000022e-01
3.130000000000002219e-07,4.000000000000000222e-01
3.140000000000000853e-07,4.400000000000000022e-01
3.150000000000001604e-07,4.199999999999999845e-01
3.160000000000002356e-07,4.000000000000000222e-01
3.170000000000000989e-07,4.199999999999999845e-01
3.180000000000001741e-07,4.000000000000000222e-01
3.190000000000002492e-07,4.000000000000000222e-01
3.200000000000001126e-07,3.800000000000000044e-01
3.210000000000001877e-07,4.199999999999999845e-01
3.220000000000002628e-07,4.199999999999999845e-01
3.230000000000001262e-07,4.000000000000000222e-01
3.240000000000002013e-07,4.199999999999999845e-01
3.250000000000000647e-07,4.000000000000000222e-01
3.260000000000001398e-07,4.000000000000000222e-01
3.270000000000002150e-07,3.800000000000000044e-01
3.280000000000000783e-07,3.800000000000000044e-01
3.290000000000001535e-07,4.000000000000000222e-01
3.300000000000002286e-07,4.000000000000000222e-01
3.310000000000000920e-07,4.000000000000000222e-01
3.320000000000001671e-07,4.000000000000000222e-01
3.330000000000002422e-07,4.000000000000000222e-01
3.340000000000001056e-07,4.000000000000000222e-01
3.350000000000001807e-07,3.800000000000000044e-01
3.360000000000002558e-07,4.000000000000000222e-01
3.370000000000001192e-07,4.000000000000000222e-01
3.380000000000001943e-07,4.000000000000000222e-01
3.390000000000002695e-07,3.800000000000000044e-01
3.400000000000001328e-07,4.000000000000000222e-01
3.410000000000002080e-07,4.000000000000000222e-01
3.420000000000000713e-07,3.800000000000000044e-01
3.430000000000001465e-07,4.000000000000000222e-01
3.440000000000002216e-07,3.800000000000000044e-01
3.450000000000000850e-07,3.599999999999999867e-01
3.460000000000001601e-07,3.599999999999999867e-01
3.470000000000002352e-07,3.599999999999999867e-01
3.480000000000000986e-07,3.599999999999999867e-01
3.490000000000001737e-07,3.599999999999999867e-01
3.500000000000002489e-07,3.800000000000000044e-01
3.510000000000001122e-07,3.800000000000000044e-01
3.520000000000001874e-07,3.599999999999999867e-01
3.530000000000002625e-07,3.800000000000000044e-01
3.540000000000001259e-07,3.599999999999999867e-01
3.550000000000002010e-07,3.599999999999999867e-01
3.560000000000000644e-07,3.800000000000000044e-01
3.570000000000001395e-07,3.599999999999999867e-01
3.580000000000002146e-07,3.599999999999999867e-01
3.590000000000000780e-07,3.400000000000000244e-01
3.600000000000001531e-07,3.599999999999999867e-01
3.610000000000002282e-07,3.400000000000000244e-01
3.620000000000000916e-07,3.599999999999999867e-01
3.630000000000001667e-07,3.599999999999999867e-01
3.640000000000002419e-07,3.400000000000000244e-01
3.650000000000001052e-07,3.599999999999999867e-01
3.660000000000001804e-07,3.800000000000000044e-01
3.670000000000002555e-07,3.599999999999999867e-01
3.680000000000001189e-07,3.400000000000000244e-01
3.690000000000001940e-07,3.599999999999999867e-01
3.700000000000002691e-07,3.599999999999999867e-01
3.710000000000001325e-07,3.400000000000000244e-01
3.720000000000002076e-07,3.200000000000000067e-01
3.730000000000000710e-07,3.599999999999999867e-01
3.740000000000001461e-07,3.599999999999999867e-01
3.750000000000002213e-07,3.400000000000000244e-01
3.760000000000000846e-07,3.400000000000000244e-01
3.770000000000001598e-07,3.200000000000000067e-01
3.780000000000002349e-07,3.200000000000000067e-01
3.790000000000000983e-07,3.200000000000000067e-01
3.800000000000001734e-07,3.200000000000000067e-01
3.810000000000002485e-07,3.200000000000000067e-01
3.820000000000001119e-07,2.999999999999999889e-01
3.830000000000001870e-07,3.400000000000000244e-01
3.840000000000002621e-07,3.200000000000000067e-01
3.850000000000001255e-07,3.200000000000000067e-01
3.860000000000002006e-07,3.200000000000000067e-01
3.870000000000002758e-07,3.200000000000000067e-01
3.880000000000001391e-07,3.400000000000000244e-01
3.890000000000002143e-07,3.200000000000000067e-01
3.900000000000000776e-07,3.400000000000000244e-01
3.910000000000001528e-07,3.200000000000000067e-01
3.920000000000002279e-07,3.400000000000000244e-01
3.930000000000000913e-07,3.400000000000000244e-01
3.940000000000001664e-07,3.400000000000000244e-01
3.950000000000002415e-07,3.200000000000000067e-01
3.960000000000001049e-07,3.200000000000000067e-01
3.970000000000001800e-07,3.400000000000000244e-01
3.980000000000002552e-07,3.200000000000000067e-01
3.990000000000001185e-07,2.999999999999999889e-01
4.000000000000001937e-07,3.200000000000000067e-01
4.010000000000002688e-07,2.999999999999999889e-01
4.020000000000001322e-07,3.200000000000000067e-01
4.030000000000002073e-07,3.200000000000000067e-01
4.040000000000000707e-07,3.400000000000000244e-01
4.050000000000001458e-07,3.400000000000000244e-01
4.060000000000002209e-07,3.200000000000000067e-01
4.070000000000000843e-07,3.200000000000000067e-01
4.080000000000001594e-07,2.999999999999999889e-01
4.090000000000002345e-07,2.999999999999999889e-01
4.100000000000000979e-07,3.200000000000000067e-01
4.110000000000001730e-07,3.200000000000000067e-01
4.120000000000002482e-07,3.200000000000000067e-01
4.130000000000001115e-07,3.200000000000000067e-01
4.140000000000001867e-07,3.200000000000000067e-01
4.150000000000002618e-07,3.200000000000000067e-01
4.160000000000001252e-07,3.200000000000000067e-01
4.170000000000002003e-07,3.200000000000000067e-01
4.180000000000002754e-07,3.400000000000000244e-01
4.190000000000001388e-07,2.800000000000000266e-01
4.200000000000002139e-07,3.200000000000000067e-01
4.210000000000000773e-07,3.400000000000000244e-01
4.220000000000001524e-07,3.200000000000000067e-01
4.230000000000002276e-07,3.200000000000000067e-01
4.240000000000000909e-07,3.200000000000000067e-01
4.250000000000001661e-07,2.999999999999999889e-01
4.260000000000002412e-07,2.999999999999999889e-01
4.270000000000001046e-07,3.200000000000000067e-01
4.280000000000001797e-07,2.999999999999999889e-01
4.290000000000002548e-07,3.200000000000000067e-01
4.300000000000001182e-07,2.800000000000000266e-01
4.310000000000001933e-07,2.999999999999999889e-01
4.320000000000002684e-07,2.999999999999999889e-01
4.330000000000001318e-07,3.200000000000000067e-01
4.340000000000002069e-07,3.200000000000000067e-01
4.350000000000000703e-07,2.800000000000000266e-01
4.360000000000001454e-07,2.999999999999999889e-01
4.370000000000002206e-07,2.999999999999999889e-01
4.380000000000000839e-07,3.200000000000000067e-01
4.390000000000001591e-07,3.200000000000000067e-01
4.400000000000002342e-07,3.200000000000000067e-01
4.410000000000000976e-07,2.999999999999999889e-01
4.420000000000001727e-07,3.200000000000000067e-01
4.430000000000002478e-07,3.200000000000000067e-01
4.440000000000001112e-07,2.800000000000000266e-01
4.450000000000001863e-07,2.999999999999999889e-01
4.460000000000002615e-07,2.999999999999999889e-01
4.470000000000001248e-07,3.200000000000000067e-01
4.480000000000002000e-07,2.999999999999999889e-01
4.490000000000002751e-07,3.200000000000000067e-01
4.500000000000001385e-07,2.800000000000000266e-01
4.510000000000002136e-07,2.800000000000000266e-01
4.520000000000000770e-07,2.999999999999999889e-01
4.530000000000001521e-07,2.999999999999999889e-01
4.540000000000002272e-07,2.800000000000000266e-01
4.550000000000000906e-07,2.999999999999999889e-01
4.560000000000001657e-07,2.800000000000000266e-01
4.570000000000002408e-07,2.800000000000000266e-01
4.580000000000001042e-07,2.800000000000000266e-01
4.590000000000001793e-07,2.800000000000000266e-01
4.600000000000002545e-07,2.999999999999999889e-01
4.610000000000001178e-07,2.800000000000000266e-01
4.620000000000001930e-07,2.800000000000000266e-01
4.630000000000002681e-07,2.800000000000000266e-01
4.640000000000001315e-07,2.800000000000000266e-01
4.650000000000002066e-07,2.800000000000000266e-01
4.660000000000000700e-07,2.600000000000000089e-01
4.670000000000001451e-07,2.800000000000000266e-01
4.680000000000002202e-07,2.800000000000000266e-01
4.690000000000000836e-07,2.800000000000000266e-01
4.700000000000001587e-07,2.999999999999999889e-01
4.710000000000002339e-07,2.800000000000000266e-01
4.720000000000000972e-07,2.800000000000000266e-01
4.730000000000001724e-07,2.999999999999999889e-01
4.740000000000002475e-07,2.800000000000000266e-01
4.750000000000001109e-07,2.800000000000000266e-01
4.760000000000001860e-07,2.800000000000000266e-01
4.770000000000002611e-07,2.800000000000000266e-01
4.780000000000001245e-07,2.600000000000000089e-01
4.790000000000001996e-07,2.800000000000000266e-01
4.800000000000002747e-07,2.999999999999999889e-01
4.810000000000001381e-07,2.999999999999999889e-01
4.820000000000002132e-07,2.800000000000000266e-01
4.830000000000000766e-07,2.999999999999999889e-01
4.840000000000001517e-07,3.200000000000000067e-01
4.850000000000002269e-07,2.999999999999999889e-01
4.860000000000000902e-07,2.800000000000000266e-01
4.870000000000001654e-07,2.999999999999999889e-01
4.880000000000002405e-07,2.999999999999999889e-01
4.890000000000001039e-07,2.600000000000000089e-01
4.900000000000001790e-07,2.800000000000000266e-01
4.910000000000002541e-07,2.800000000000000266e-01
4.920000000000001175e-07,2.800000000000000266e-01
4.930000000000001926e-07,2.800000000000000266e-01
4.940000000000002678e-07,2.600000000000000089e-01
4.950000000000001311e-07,2.800000000000000266e-01
4.960000000000002063e-07,2.800000000000000266e-01
4.970000000000002814e-07,2.600000000000000089e-01
4.980000000000001448e-07,2.600000000000000089e-01
4.990000000000002199e-07,2.800000000000000266e-01
5.000000000000000833e-07,2.600000000000000089e-01
5.010000000000001584e-07,2.800000000000000266e-01
5.020000000000002335e-07,2.399999999999999911e-01
5.030000000000000969e-07,2.399999999999999911e-01
5.040000000000001720e-07,2.399999999999999911e-01
5.050000000000002471e-07,2.600000000000000089e-01
5.060000000000001105e-07,2.600000000000000089e-01
5.070000000000001856e-07,2.600000000000000089e-01
5.080000000000002608e-07,2.600000000000000089e-01
5.090000000000001241e-07,2.800000000000000266e-01
5.100000000000001993e-07,2.600000000000000089e-01
5.110000000000002744e-07,2.600000000000000089e-01
5.120000000000001378e-07,2.600000000000000089e-01
5.130000000000002129e-07,2.600000000000000089e-01
5.140000000000000763e-07,2.399999999999999911e-01
5.150000000000001514e-07,2.800000000000000266e-01
5.160000000000002265e-07,2.399999999999999911e-01
5.170000000000000899e-07,2.600000000000000089e-01
5.180000000000001650e-07,2.399999999999999911e-01
5.190000000000002402e-07,2.600000000000000089e-01
5.200000000000001035e-07,2.600000000000000089e-01
5.210000000000001787e-07,2.800000000000000266e-01
5.220000000000002538e-07,2.600000000000000089e-01
5.230000000000001172e-07,2.600000000000000089e-01
5.240000000000001923e-07,2.600000000000000089e-01
5.250000000000002674e-07,2.600000000000000089e-01
5.260000000000001308e-07,2.399999999999999911e-01
5.270000000000002059e-07,2.600000000000000089e-01
5.280000000000002810e-07,2.600000000000000089e-01
5.290000000000001444e-07,2.399999999999999911e-01
5.300000000000002195e-07,2.600000000000000089e-01
5.310000000000000829e-07,2.600000000000000089e-01
5.320000000000001580e-07,2.800000000000000266e-01
5.330000000000002332e-07,2.600000000000000089e-01
5.340000000000000965e-07,2.399999999999999911e-01
5.350000000000001717e-07,2.600000000000000089e-01
5.360000000000002468e-07,2.600000000000000089e-01
5.370000000000001102e-07,2.399999999999999911e-01
5.380000000000001853e-07,2.399999999999999911e-01
5.390000000000002604e-07,2.600000000000000089e-01
5.400000000000001238e-07,2.600000000000000089e-01
5.410000000000001989e-07,2.600000000000000089e-01
5.420000000000002741e-07,2.800000000000000266e-01
5.430000000000001374e-07,2.600000000000000089e-01
5.440000000000002126e-07,2.600000000000000089e-01
5.450000000000000759e-07,2.399999999999999911e-01
5.460000000000001511e-07,2.600000000000000089e-01
5.470000000000002262e-07,2.600000000000000089e-01
5.480000000000000896e-07,2.600000000000000089e-01
5.490000000000001647e-07,2.399999999999999911e-01
5.500000000000002398e-07,2.200000000000000011e-01
5.510000000000001032e-07,2.399999999999999911e-01
5.520000000000001783e-07,2.200000000000000011e-01
5.530000000000002534e-07,2.600000000000000089e-01
5.540000000000001168e-07,2.200000000000000011e-01
5.550000000000001919e-07,2.600000000000000089e-01
5.560000000000002671e-07,2.399999999999999911e-01
5.570000000000001304e-07,2.399999999999999911e-01
5.580000000000002056e-07,2.399999999999999911e-01
5.590000000000002807e-07,2.800000000000000266e-01
5.600000000000001441e-07,2.399999999999999911e-01
5.610000000000002192e-07,2.399999999999999911e-01
5.620000000000000826e-07,2.399999999999999911e-01
5.630000000000001577e-07,2.200000000000000011e-01
5.640000000000002328e-07,2.600000000000000089e-01
5.650000000000000962e-07,2.600000000000000089e-01
5.660000000000001713e-07,2.600000000000000089e-01
5.670000000000002465e-07,2.399999999999999911e-01
5.680000000000001098e-07,2.200000000000000011e-01
5.690000000000001850e-07,2.399999999999999911e-01
5.700000000000002601e-07,2.200000000000000011e-01
5.710000000000003352e-07,2.600000000000000089e-01
5.719999999999999868e-07,2.600000000000000089e-01
5.730000000000000620e-07,2.399999999999999911e-01
5.740000000000001371e-07,2.399999999999999911e-01
5.750000000000002122e-07,2.200000000000000011e-01
5.760000000000002873e-07,2.200000000000000011e-01
5.770000000000003625e-07,2.399999999999999911e-01
5.780000000000000141e-07,2.399999999999999911e-01
5.790000000000000892e-07,2.200000000000000011e-01
5.800000000000001643e-07,2.200000000000000011e-01
5.810000000000002395e-07,2.600000000000000089e-01
5.820000000000003146e-07,2.600000000000000089e-01
5.830000000000003897e-07,2.600000000000000089e-01
5.840000000000000413e-07,2.200000000000000011e-01
5.850000000000001165e-07,2.399999999999999911e-01
5.860000000000001916e-07,2.200000000000000011e-01
5.870000000000002667e-07,2.399999999999999911e-01
5.880000000000003419e-07,2.600000000000000089e-01
5.889999999999999935e-07,2.200000000000000011e-01
5.900000000000000686e-07,2.399999999999999911e-01
5.910000000000001437e-07,2.200000000000000011e-01
5.920000000000002189e-07,2.399999999999999911e-01
5.930000000000002940e-07,2.200000000000000011e-01
5.940000000000003691e-07,2.200000000000000011e-01
5.950000000000000207e-07,2.399999999999999911e-01
5.960000000000000958e-07,2.399999999999999911e-01
5.970000000000001710e-07,2.200000000000000011e-01
5.980000000000002461e-07,2.399999999999999911e-01
5.990000000000003212e-07,2.399999999999999911e-01
5.999999999999999728e-07,2.399999999999999911e-01
6.010000000000000480e-07,2.399999999999999911e-01
6.020000000000001231e-07,2.399999999999999911e-01
6.030000000000001982e-07,2.200000000000000011e-01
6.040000000000002734e-07,2.399999999999999911e-01
6.050000000000003485e-07,2.399999999999999911e-01
6.060000000000000001e-07,2.200000000000000011e-01
6.070000000000000752e-07,2.200000000000000011e-01
6.080000000000001504e-07,2.200000000000000011e-01
6.090000000000002255e-07,2.200000000000000011e-01
6.100000000000003006e-07,2.000000000000000111e-01
6.110000000000003758e-07,2.200000000000000011e-01
6.120000000000000274e-07,2.000000000000000111e-01
6.130000000000001025e-07,2.200000000000000011e-01
6.140000000000001776e-07,2.399999999999999911e-01
6.150000000000002527e-07,2.200000000000000011e-01
6.160000000000003279e-07,2.399999999999999911e-01
6.169999999999999795e-07,2.200000000000000011e-01
6.180000000000000546e-07,2.399999999999999911e-01
6.190000000000001297e-07,2.399999999999999911e-01
6.200000000000002049e-07,2.200000000000000011e-01
6.210000000000002800e-07,2.200000000000000011e-01
6.220000000000003551e-07,2.200000000000000011e-01
6.230000000000000067e-07,2.200000000000000011e-01
6.240000000000000819e-07,2.399999999999999911e-01
6.250000000000001570e-07,2.200000000000000011e-01
6.260000000000002321e-07,2.200000000000000011e-01
6.270000000000003073e-07,2.399999999999999911e-01
6.280000000000003824e-07,2.200000000000000011e-01
6.290000000000000340e-07,2.200000000000000011e-01
6.300000000000001091e-07,2.200000000000000011e-01
6.310000000000001843e-07,2.399999999999999911e-01
6.320000000000002594e-07,2.200000000000000011e-01
6.330000000000003345e-07,2.000000000000000111e-01
6.339999999999999861e-07,2.399999999999999911e-01
6.350000000000000613e-07,2.200000000000000011e-01
6.360000000000001364e-07,2.200000000000000011e-01
6.370000000000002115e-07,2.000000000000000111e-01
6.380000000000002866e-07,2.200000000000000011e-01
6.390000000000003618e-07,2.200000000000000011e-01
6.400000000000000134e-07,2.200000000000000011e-01
6.410000000000000885e-07,2.399999999999999911e-01
6.420000000000001636e-07,2.399999999999999911e-01
6.430000000000002388e-07,2.399999999999999911e-01
6.440000000000003139e-07,2.200000000000000011e-01
6.450000000000003890e-07,2.200000000000000011e-01
6.460000000000000406e-07,2.399999999999999911e-01
6.470000000000001158e-07,2.200000000000000011e-01
6.480000000000001909e-07,2.200000000000000011e-01
6.490000000000002660e-07,2.399999999999999911e-01
6.500000000000003412e-07,2.000000000000000111e-01
6.509999999999999928e-07,2.200000000000000011e-01
6.520000000000000679e-07,2.399999999999999911e-01
6.530000000000001430e-07,2.200000000000000011e-01
6.540000000000002182e-07,2.200000000000000011e-01
6.550000000000002933e-07,2.200000000000000011e-01
6.560000000000003684e-07,2.200000000000000011e-01
6.570000000000000200e-07,2.200000000000000011e-01
6.580000000000000952e-07,2.200000000000000011e-01
6.590000000000001703e-07,2.200000000000000011e-01
6.600000000000002454e-07,2.000000000000000111e-01
6.610000000000003205e-07,2.000000000000000111e-01
6.620000000000003957e-07,1.799999999999999933e-01
6.630000000000000473e-07,2.000000000000000111e-01
6.640000000000001224e-07,2.200000000000000011e-01
6.650000000000001975e-07,2.000000000000000111e-01
6.660000000000002727e-07,2.000000000000000111e-01
6.670000000000003478e-07,2.000000000000000111e-01
6.679999999999999994e-07,2.399999999999999911e-01
6.690000000000000745e-07,2.200000000000000011e-01
6.700000000000001497e-07,2.399999999999999911e-01
6.710000000000002248e-07,2.399999999999999911e-01
6.720000000000002999e-07,2.200000000000000011e-01
6.730000000000003751e-07,1.799999999999999933e-01
6.740000000000000267e-07,2.000000000000000111e-01
6.750000000000001018e-07,2.200000000000000011e-01
6.760000000000001769e-07,2.200000000000000011e-01
6.770000000000002521e-07,2.000000000000000111e-01
6.780000000000003272e-07,2.200000000000000011e-01
6.789999999999999788e-07,2.200000000000000011e-01
6.800000000000000539e-07,2.000000000000000111e-01
6.810000000000001291e-07,2.200000000000000011e-01
6.820000000000002042e-07,2.200000000000000011e-01
6.830000000000002793e-07,2.000000000000000111e-01
6.840000000000003544e-07,2.000000000000000111e-01
6.850000000000000061e-07,2.200000000000000011e-01
6.860000000000000812e-07,2.000000000000000111e-01
6.870000000000001563e-07,2.200000000000000011e-01
6.880000000000002314e-07,2.000000000000000111e-01
6.890000000000003066e-07,2.000000000000000111e-01
6.900000000000003817e-07,2.000000000000000111e-01
6.910000000000000333e-07,2.200000000000000011e-01
6.920000000000001084e-07,2.200000000000000011e-01
6.930000000000001836e-07,2.200000000000000011e-01
6.940000000000002587e-07,2.000000000000000111e-01
6.950000000000003338e-07,1.799999999999999933e-01
6.959999999999999854e-07,2.000000000000000111e-01
6.970000000000000606e-07,2.200000000000000011e-01
6.980000000000001357e-07,2.000000000000000111e-01
6.990000000000002108e-07,2.200000000000000011e-01
7.000000000000002860e-07,2.000000000000000111e-01
7.010000000000003611e-07,2.000000000000000111e-01
7.020000000000000127e-07,2.000000000000000111e-01
7.030000000000000878e-07,2.200000000000000011e-01
7.040000000000001630e-07,2.000000000000000111e-01
7.050000000000002381e-07,1.799999999999999933e-01
7.060000000000003132e-07,1.799999999999999933e-01
7.070000000000003883e-07,2.200000000000000011e-01
7.080000000000000400e-07,1.799999999999999933e-01
7.090000000000001151e-07,1.799999999999999933e-01
7.100000000000001902e-07,2.200000000000000011e-01
7.110000000000002653e-07,2.000000000000000111e-01
7.120000000000003405e-07,1.799999999999999933e-01
7.129999999999999921e-07,2.000000000000000111e-01
7.140000000000000672e-07,2.000000000000000111e-01
7.150000000000001423e-07,2.000000000000000111e-01
7.160000000000002175e-07,1.799999999999999933e-01
7.170000000000002926e-07,2.200000000000000011e-01
7.180000000000003677e-07,2.000000000000000111e-01
7.190000000000000193e-07,2.000000000000000111e-01
7.200000000000000945e-07,2.399999999999999911e-01
7.210000000000001696e-07,2.200000000000000011e-01
7.220000000000002447e-07,2.000000000000000111e-01
7.230000000000003199e-07,2.000000000000000111e-01
7.240000000000003950e-07,2.000000000000000111e-01
7.250000000000000466e-07,1.799999999999999933e-01
7.260000000000001217e-07,2.000000000000000111e-01
7.270000000000001969e-07,2.000000000000000111e-01
7.280000000000002720e-07,1.799999999999999933e-01
7.290000000000003471e-07,2.000000000000000111e-01
7.299999999999999987e-07,2.000000000000000111e-01
7.310000000000000739e-07,2.200000000000000011e-01
7.320000000000001490e-07,2.000000000000000111e-01
7.330000000000002241e-07,2.000000000000000111e-01
7.340000000000002992e-07,2.000000000000000111e-01
7.350000000000003744e-07,2.000000000000000111e-01
7.360000000000000260e-07,2.000000000000000111e-01
7.370000000000001011e-07,2.000000000000000111e-01
7.380000000000001762e-07,1.799999999999999933e-01
7.390000000000002514e-07,2.000000000000000111e-01
7.400000000000003265e-07,2.000000000000000111e-01
7.410000000000004016e-07,1.799999999999999933e-01
7.420000000000000532e-07,2.200000000000000011e-01
7.430000000000001284e-07,2.000000000000000111e-01
7.440000000000002035e-07,2.000000000000000111e-01
7.450000000000002786e-07,2.000000000000000111e-01
7.460000000000003538e-07,1.799999999999999933e-01
7.470000000000000054e-07,1.799999999999999933e-01
7.480000000000000805e-07,1.799999999999999933e-01
7.490000000000001556e-07,2.000000000000000111e-01
7.500000000000002308e-07,1.799999999999999933e-01
7.510000000000003059e-07,2.000000000000000111e-01
7.520000000000003810e-07,2.000000000000000111e-01
7.530000000000000326e-07,2.000000000000000111e-01
7.540000000000001078e-07,1.799999999999999933e-01
7.550000000000001829e-07,2.000000000000000111e-01
7.560000000000002580e-07,1.799999999999999933e-01
7.570000000000003331e-07,2.000000000000000111e-01
7.579999999999999848e-07,1.600000000000000033e-01
7.590000000000000599e-07,1.799999999999999933e-01
7.600000000000001350e-07,1.799999999999999933e-01
7.610000000000002101e-07,1.600000000000000033e-01
7.620000000000002853e-07,2.200000000000000011e-01
7.630000000000003604e-07,1.600000000000000033e-01
7.640000000000000120e-07,2.000000000000000111e-01
7.650000000000000871e-07,1.799999999999999933e-01
7.660000000000001623e-07,1.799999999999999933e-01
7.670000000000002374e-07,1.799999999999999933e-01
7.680000000000003125e-07,1.799999999999999933e-01
7.690000000000003877e-07,2.000000000000000111e-01
7.700000000000000393e-07,2.200000000000000011e-01
7.710000000000001144e-07,2.000000000000000111e-01
7.720000000000001895e-07,1.799999999999999933e-01
7.730000000000002647e-07,1.799999999999999933e-01
7.740000000000003398e-07,1.799999999999999933e-01
7.749999999999999914e-07,2.000000000000000111e-01
7.760000000000000665e-07,1.799999999999999933e-01
7.770000000000001417e-07,1.600000000000000033e-01
7.780000000000002168e-07,1.799999999999999933e-01
7.790000000000002919e-07,2.000000000000000111e-01
7.800000000000003670e-07,2.000000000000000111e-01
7.810000000000000187e-07,1.799999999999999933e-01
7.820000000000000938e-07,1.799999999999999933e-01
7.830000000000001689e-07,1.600000000000000033e-01
7.840000000000002440e-07,1.799999999999999933e-01
7.850000000000003192e-07,1.799999999999999933e-01
7.860000000000003943e-07,2.000000000000000111e-01
7.870000000000000459e-07,1.799999999999999933e-01
7.880000000000001210e-07,1.799999999999999933e-01
7.890000000000001962e-07,1.799999999999999933e-01
7.900000000000002713e-07,1.799999999999999933e-01
7.910000000000003464e-07,1.600000000000000033e-01
7.919999999999999980e-07,2.000000000000000111e-01
7.930000000000000732e-07,1.799999999999999933e-01
7.940000000000001483e-07,1.600000000000000033e-01
7.950000000000002234e-07,1.799999999999999933e-01
7.960000000000002986e-07,1.799999999999999933e-01
7.970000000000003737e-07,1.799999999999999933e-01
7.980000000000000253e-07,2.000000000000000111e-01
7.990000000000001004e-07,1.799999999999999933e-01
8.000000000000001756e-07,1.799999999999999933e-01
8.010000000000002507e-07,1.799999999999999933e-01
8.020000000000003258e-07,2.000000000000000111e-01
8.030000000000004009e-07,1.799999999999999933e-01
8.040000000000000526e-07,1.799999999999999933e-01
8.050000000000001277e-07,2.000000000000000111e-01
8.060000000000002028e-07,2.000000000000000111e-01
8.070000000000002779e-07,2.000000000000000111e-01
8.080000000000003531e-07,1.799999999999999933e-01
8.090000000000000047e-07,2.000000000000000111e-01
8.100000000000000798e-07,1.600000000000000033e-01
8.110000000000001549e-07,1.600000000000000033e-01
8.120000000000002301e-07,1.799999999999999933e-01
8.130000000000003052e-07,1.799999999999999933e-01
8.140000000000003803e-07,1.799999999999999933e-01
8.150000000000000319e-07,1.600000000000000033e-01
8.160000000000001071e-07,1.799999999999999933e-01
8.170000000000001822e-07,2.000000000000000111e-01
8.180000000000002573e-07,1.799999999999999933e-01
8.190000000000003325e-07,2.000000000000000111e-01
8.200000000000004076e-07,2.000000000000000111e-01
8.210000000000000592e-07,1.600000000000000033e-01
8.220000000000001343e-07,2.000000000000000111e-01
8.230000000000002095e-07,1.400000000000000133e-01
8.240000000000002846e-07,1.600000000000000033e-01
8.250000000000003597e-07,2.000000000000000111e-01
8.260000000000000113e-07,1.799999999999999933e-01
8.270000000000000865e-07,1.799999999999999933e-01
8.280000000000001616e-07,1.799999999999999933e-01
8.290000000000002367e-07,1.799999999999999933e-01
8.300000000000003118e-07,1.799999999999999933e-01
8.310000000000003870e-07,1.600000000000000033e-01
8.320000000000000386e-07,1.799999999999999933e-01
8.330000000000001137e-07,1.600000000000000033e-01
8.340000000000001888e-07,1.799999999999999933e-01
8.350000000000002640e-07,1.799999999999999933e-01
8.360000000000003391e-07,1.799999999999999933e-01
8.369999999999999907e-07,1.799999999999999933e-01
8.380000000000000658e-07,1.799999999999999933e-01
8.390000000000001410e-07,1.799999999999999933e-01
8.400000000000002161e-07,1.799999999999999933e-01
8.410000000000002912e-07,1.799999999999999933e-01
8.420000000000003664e-07,1.600000000000000033e-01
8.430000000000000180e-07,1.799999999999999933e-01
8.440000000000000931e-07,2.000000000000000111e-01
8.450000000000001682e-07,1.799999999999999933e-01
8.460000000000002434e-07,2.000000000000000111e-01
8.470000000000003185e-07,1.600000000000000033e-01
8.480000000000003936e-07,1.799999999999999933e-01
8.490000000000000452e-07,1.600000000000000033e-01
8.500000000000001204e-07,2.000000000000000111e-01
8.510000000000001955e-07,1.799999999999999933e-01
8.520000000000002706e-07,1.799999999999999933e-01
8.530000000000003457e-07,1.799999999999999933e-01
8.539999999999999974e-07,1.799999999999999933e-01
8.550000000000000725e-07,1.799999999999999933e-01
8.560000000000001476e-07,1.799999999999999933e-01
8.570000000000002227e-07,1.600000000000000033e-01
8.580000000000002979e-07,1.600000000000000033e-01
8.590000000000003730e-07,1.799999999999999933e-01
8.600000000000000246e-07,1.600000000000000033e-01
8.610000000000000997e-07,1.799999999999999933e-01
8.620000000000001749e-07,1.799999999999999933e-01
8.630000000000002500e-07,1.799999999999999933e-01
8.640000000000003251e-07,1.799999999999999933e-01
8.650000000000004003e-07,1.799999999999999933e-01
8.660000000000000519e-07,1.600000000000000033e-01
8.670000000000001270e-07,1.799999999999999933e-01
8.680000000000002021e-07,1.799999999999999933e-01
8.690000000000002773e-07,1.799999999999999933e-01
8.700000000000003524e-07,1.799999999999999933e-01
8.710000000000000040e-07,1.799999999999999933e-01
8.720000000000000791e-07,1.600000000000000033e-01
8.730000000000001543e-07,1.400000000000000133e-01
8.740000000000002294e-07,1.600000000000000033e-01
8.750000000000003045e-07,1.600000000000000033e-01
8.760000000000003796e-07,1.600000000000000033e-01
8.770000000000000313e-07,1.799999999999999933e-01
8.780000000000001064e-07,2.000000000000000111e-01
8.790000000000001815e-07,2.000000000000000111e-01
8.800000000000002566e-07,2.200000000000000011e-01
8.810000000000003318e-07,1.400000000000000133e-01
8.820000000000004069e-07,2.000000000000000111e-01
8.830000000000000585e-07,1.600000000000000033e-01
8.840000000000001336e-07,1.799999999999999933e-01
8.850000000000002088e-07,1.600000000000000033e-01
8.860000000000002839e-07,1.799999999999999933e-01
8.870000000000003590e-07,1.600000000000000033e-01
8.880000000000000106e-07,1.600000000000000033e-01
8.890000000000000858e-07,1.600000000000000033e-01
8.900000000000001609e-07,1.600000000000000033e-01
8.910000000000002360e-07,2.000000000000000111e-01
8.920000000000003112e-07,1.400000000000000133e-01
8.930000000000003863e-07,1.400000000000000133e-01
8.940000000000000379e-07,1.799999999999999933e-01
8.950000000000001130e-07,1.600000000000000033e-01
8.960000000000001882e-07,1.600000000000000033e-01
8.970000000000002633e-07,1.799999999999999933e-01
8.980000000000003384e-07,1.799999999999999933e-01
8.990000000000004135e-07,1.600000000000000033e-01
9.000000000000000652e-07,1.600000000000000033e-01
9.010000000000001403e-07,1.600000000000000033e-01
9.020000000000002154e-07,1.799999999999999933e-01
9.030000000000002905e-07,1.600000000000000033e-01
9.040000000000003657e-07,1.799999999999999933e-01
9.050000000000000173e-07,1.600000000000000033e-01
9.060000000000000924e-07,1.600000000000000033e-01
9.070000000000001675e-07,1.600000000000000033e-01
9.080000000000002427e-07,1.600000000000000033e-01
9.090000000000003178e-07,1.600000000000000033e-01
9.100000000000003929e-07,1.799999999999999933e-01
9.110000000000000445e-07,1.799999999999999933e-01
9.120000000000001197e-07,1.799999999999999933e-01
9.130000000000001948e-07,1.799999999999999933e-01
9.140000000000002699e-07,1.400000000000000133e-01
9.150000000000003451e-07,1.799999999999999933e-01
9.159999999999999967e-07,1.600000000000000033e-01
9.170000000000000718e-07,1.600000000000000033e-01
9.180000000000001469e-07,1.600000000000000033e-01
9.190000000000002221e-07,1.400000000000000133e-01
9.200000000000002972e-07,1.400000000000000133e-01
9.210000000000003723e-07,1.400000000000000133e-01
9.220000000000000239e-07,1.799999999999999933e-01
9.230000000000000991e-07,1.799999999999999933e-01
9.240000000000001742e-07,1.799999999999999933e-01
9.250000000000002493e-07,1.600000000000000033e-01
9.260000000000003244e-07,1.600000000000000033e-01
9.270000000000003996e-07,1.799999999999999933e-01
9.280000000000000512e-07,1.799999999999999933e-01
9.290000000000001263e-07,1.600000000000000033e-01
9.300000000000002014e-07,1.400000000000000133e-01
9.310000000000002766e-07,1.600000000000000033e-01
9.320000000000003517e-07,1.799999999999999933e-01
9.330000000000000033e-07,1.799999999999999933e-01
9.340000000000000784e-07,1.600000000000000033e-01
9.350000000000001536e-07,1.799999999999999933e-01
9.360000000000002287e-07,1.600000000000000033e-01
9.370000000000003038e-07,1.600000000000000033e-01
9.380000000000003790e-07,1.799999999999999933e-01
9.390000000000000306e-07,1.600000000000000033e-01
9.400000000000001057e-07,1.600000000000000033e-01
9.410000000000001808e-07,1.600000000000000033e-01
9.420000000000002560e-07,1.799999999999999933e-01
9.430000000000003311e-07,2.000000000000000111e-01
9.440000000000004062e-07,1.799999999999999933e-01
9.450000000000000578e-07,1.400000000000000133e-01
9.460000000000001330e-07,1.400000000000000133e-01
9.470000000000002081e-07,1.600000000000000033e-01
9.480000000000002832e-07,1.400000000000000133e-01
9.490000000000003583e-07,1.400000000000000133e-01
9.500000000000000100e-07,1.600000000000000033e-01
9.510000000000000851e-07,1.799999999999999933e-01
9.520000000000001602e-07,1.600000000000000033e-01
9.530000000000002353e-07,1.600000000000000033e-01
9.540000000000003105e-07,1.600000000000000033e-01
9.550000000000003856e-07,2.000000000000000111e-01
9.560000000000000372e-07,1.600000000000000033e-01
9.570000000000001123e-07,1.600000000000000033e-01
9.580000000000001875e-07,1.799999999999999933e-01
9.590000000000002626e-07,2.000000000000000111e-01
9.600000000000003377e-07,1.799999999999999933e-01
9.610000000000004129e-07,1.600000000000000033e-01
9.620000000000000645e-07,1.600000000000000033e-01
9.630000000000001396e-07,1.600000000000000033e-01
9.640000000000002147e-07,1.600000000000000033e-01
9.650000000000002899e-07,1.600000000000000033e-01
9.660000000000003650e-07,1.600000000000000033e-01
9.670000000000000166e-07,1.799999999999999933e-01
9.680000000000000917e-07,1.600000000000000033e-01
9.690000000000001669e-07,1.799999999999999933e-01
9.700000000000002420e-07,1.600000000000000033e-01
9.710000000000003171e-07,1.600000000000000033e-01
9.720000000000003922e-07,1.600000000000000033e-01
9.730000000000000438e-07,1.600000000000000033e-01
9.740000000000001190e-07,1.600000000000000033e-01
9.750000000000001941e-07,1.400000000000000133e-01
9.760000000000002692e-07,1.600000000000000033e-01
9.770000000000003444e-07,1.799999999999999933e-01
9.779999999999999960e-07,1.400000000000000133e-01
9.790000000000000711e-07,1.600000000000000033e-01
9.800000000000001462e-07,1.400000000000000133e-01
9.810000000000002214e-07,1.600000000000000033e-01
9.820000000000002965e-07,1.600000000000000033e-01
9.830000000000003716e-07,1.799999999999999933e-01
9.840000000000000232e-07,1.600000000000000033e-01
9.850000000000000984e-07,1.799999999999999933e-01
9.860000000000001735e-07,1.600000000000000033e-01
9.870000000000002486e-07,1.600000000000000033e-01
9.880000000000003238e-07,1.799999999999999933e-01
9.890000000000003989e-07,1.600000000000000033e-01
9.900000000000000505e-07,2.000000000000000111e-01
9.910000000000001256e-07,1.600000000000000033e-01
9.920000000000002007e-07,1.600000000000000033e-01
9.930000000000002759e-07,1.400000000000000133e-01
9.940000000000003510e-07,1.600000000000000033e-01
9.950000000000000026e-07,1.400000000000000133e-01
9.960000000000000777e-07,1.799999999999999933e-01
9.970000000000001529e-07,1.600000000000000033e-01
9.980000000000002280e-07,1.799999999999999933e-01
9.990000000000003031e-07,1.600000000000000033e-01
1.000000000000000378e-06,1.799999999999999933e-01
1.001000000000000030e-06,1.600000000000000033e-01
1.002000000000000105e-06,1.400000000000000133e-01
1.003000000000000180e-06,1.600000000000000033e-01
1.004000000000000255e-06,1.600000000000000033e-01
1.005000000000000330e-06,1.600000000000000033e-01
1.006000000000000406e-06,1.600000000000000033e-01
1.007000000000000057e-06,1.799999999999999933e-01
1.008000000000000132e-06,1.400000000000000133e-01
1.009000000000000207e-06,1.400000000000000133e-01
1.010000000000000283e-06,1.600000000000000033e-01
1.011000000000000358e-06,1.600000000000000033e-01
1.012000000000000009e-06,1.799999999999999933e-01
1.013000000000000084e-06,1.400000000000000133e-01
1.014000000000000160e-06,1.600000000000000033e-01
1.015000000000000235e-06,1.799999999999999933e-01
1.016000000000000310e-06,1.799999999999999933e-01
1.017000000000000385e-06,1.600000000000000033e-01
1.018000000000000037e-06,1.600000000000000033e-01
1.019000000000000112e-06,1.199999999999999956e-01
1.020000000000000187e-06,1.600000000000000033e-01
1.021000000000000262e-06,1.400000000000000133e-01
1.022000000000000337e-06,1.600000000000000033e-01
1.023000000000000412e-06,1.799999999999999933e-01
1.024000000000000064e-06,1.400000000000000133e-01
1.025000000000000139e-06,1.600000000000000033e-01
1.026000000000000214e-06,1.600000000000000033e-01
1.027000000000000289e-06,1.600000000000000033e-01
1.028000000000000364e-06,1.600000000000000033e-01
1.029000000000000016e-06,1.400000000000000133e-01
1.030000000000000091e-06,1.799999999999999933e-01
1.031000000000000166e-06,1.600000000000000033e-01
1.032000000000000241e-06,1.600000000000000033e-01
1.033000000000000316e-06,1.799999999999999933e-01
1.034000000000000392e-06,1.799999999999999933e-01
1.035000000000000043e-06,1.600000000000000033e-01
1.036000000000000118e-06,1.600000000000000033e-01
1.037000000000000193e-06,1.400000000000000133e-01
1.038000000000000269e-06,1.400000000000000133e-01
1.039000000000000344e-06,1.600000000000000033e-01
1.040000000000000419e-06,1.600000000000000033e-01
1.041000000000000070e-06,1.400000000000000133e-01
1.042000000000000146e-06,1.799999999999999933e-01
1.043000000000000221e-06,1.600000000000000033e-01
1.044000000000000296e-06,1.400000000000000133e-01
1.045000000000000371e-06,1.199999999999999956e-01
1.046000000000000023e-06,1.400000000000000133e-01
1.047000000000000098e-06,1.400000000000000133e-01
1.048000000000000173e-06,1.400000000000000133e-01
1.049000000000000248e-06,1.600000000000000033e-01
1.050000000000000323e-06,1.600000000000000033e-01
1.051000000000000398e-06,1.400000000000000133e-01
1.052000000000000050e-06,1.400000000000000133e-01
1.053000000000000125e-06,1.400000000000000133e-01
1.054000000000000200e-06,1.600000000000000033e-01
1.055000000000000275e-06,1.600000000000000033e-01
1.056000000000000350e-06,1.600000000000000033e-01
1.057000000000000002e-06,1.600000000000000033e-01
1.058000000000000077e-06,1.400000000000000133e-01
1.059000000000000152e-06,1.799999999999999933e-01
1.060000000000000227e-06,1.400000000000000133e-01
1.061000000000000302e-06,1.799999999999999933e-01
1.062000000000000378e-06,1.600000000000000033e-01
1.063000000000000029e-06,1.400000000000000133e-01
1.064000000000000104e-06,1.600000000000000033e-01
1.065000000000000179e-06,1.600000000000000033e-01
1.066000000000000255e-06,1.600000000000000033e-01
1.067000000000000330e-06,1.600000000000000033e-01
1.068000000000000405e-06,1.400000000000000133e-01
1.069000000000000056e-06,1.400000000000000133e-01
1.070000000000000132e-06,1.600000000000000033e-01
1.071000000000000207e-06,1.400000000000000133e-01
1.072000000000000282e-06,1.400000000000000133e-01
1.073000000000000357e-06,1.400000000000000133e-01
1.074000000000000009e-06,1.400000000000000133e-01
1.075000000000000084e-06,1.600000000000000033e-01
1.076000000000000159e-06,1.600000000000000033e-01
1.077000000000000234e-06,1.600000000000000033e-01
1.078000000000000309e-06,1.600000000000000033e-01
1.079000000000000384e-06,1.600000000000000033e-01
1.080000000000000036e-06,1.600000000000000033e-01
1.081000000000000111e-06,1.400000000000000133e-01
1.082000000000000186e-06,1.600000000000000033e-01
1.083000000000000261e-06,1.600000000000000033e-01
1.084000000000000336e-06,1.400000000000000133e-01
1.085000000000000411e-06,1.400000000000000133e-01
1.086000000000000063e-06,1.400000000000000133e-01
1.087000000000000138e-06,1.400000000000000133e-01
1.088000000000000213e-06,1.600000000000000033e-01
1.089000000000000288e-06,1.400000000000000133e-01
1.090000000000000364e-06,1.400000000000000133e-01
1.091000000000000015e-06,1.400000000000000133e-01
1.092000000000000090e-06,1.400000000000000133e-01
1.093000000000000165e-06,1.400000000000000133e-01
1.094000000000000241e-06,1.400000000000000133e-01
1.095000000000000316e-06,1.600000000000000033e-01
1.096000000000000391e-06,1.600000000000000033e-01
1.097000000000000042e-06,1.400000000000000133e-01
1.098000000000000118e-06,1.400000000000000133e-01
1.099000000000000193e-06,1.600000000000000033e-01
1.100000000000000268e-06,1.600000000000000033e-01
1.101000000000000343e-06,1.400000000000000133e-01
1.102000000000000418e-06,1.400000000000000133e-01
1.103000000000000070e-06,1.400000000000000133e-01
1.104000000000000145e-06,1.400000000000000133e-01
1.105000000000000220e-06,1.199999999999999956e-01
1.106000000000000295e-06,1.000000000000000056e-01
1.107000000000000370e-06,1.199999999999999956e-01
1.108000000000000022e-06,1.199999999999999956e-01
1.109000000000000097e-06,1.400000000000000133e-01
1.110000000000000172e-06,1.400000000000000133e-01
1.111000000000000247e-06,1.600000000000000033e-01
1.112000000000000322e-06,1.400000000000000133e-01
1.113000000000000398e-06,1.199999999999999956e-01
1.114000000000000049e-06,1.400000000000000133e-01
1.115000000000000124e-06,1.400000000000000133e-01
1.116000000000000199e-06,1.400000000000000133e-01
1.117000000000000275e-06,1.400000000000000133e-01
1.118000000000000350e-06,1.400000000000000133e-01
1.119000000000000425e-06,1.400000000000000133e-01
1.120000000000000076e-06,1.400000000000000133e-01
1.121000000000000152e-06,1.400000000000000133e-01
1.122000000000000227e-06,1.199999999999999956e-01
1.123000000000000302e-06,1.199999999999999956e-01
1.124000000000000377e-06,1.400000000000000133e-01
1.125000000000000029e-06,1.400000000000000133e-01
1.126000000000000104e-06,1.600000000000000033e-01
1.127000000000000179e-06,1.400000000000000133e-01
1.128000000000000254e-06,1.199999999999999956e-01
1.129000000000000329e-06,1.600000000000000033e-01
1.130000000000000404e-06,1.799999999999999933e-01
1.131000000000000056e-06,1.400000000000000133e-01
1.132000000000000131e-06,1.600000000000000033e-01
1.133000000000000206e-06,1.600000000000000033e-01
1.134000000000000281e-06,1.199999999999999956e-01
1.135000000000000356e-06,1.600000000000000033e-01
1.136000000000000008e-06,1.600000000000000033e-01
1.137000000000000083e-06,1.400000000000000133e-01
1.138000000000000158e-06,1.199999999999999956e-01
1.139000000000000233e-06,1.400000000000000133e-01
1.140000000000000308e-06,1.199999999999999956e-01
1.141000000000000384e-06,1.600000000000000033e-01
1.142000000000000035e-06,1.400000000000000133e-01
1.143000000000000110e-06,1.600000000000000033e-01
1.144000000000000185e-06,1.400000000000000133e-01
1.145000000000000261e-06,1.400000000000000133e-01
1.146000000000000336e-06,1.600000000000000033e-01
1.147000000000000411e-06,1.400000000000000133e-01
1.148000000000000062e-06,1.600000000000000033e-01
1.149000000000000138e-06,1.400000000000000133e-01
1.150000000000000213e-06,1.600000000000000033e-01
1.151000000000000288e-06,1.400000000000000133e-01
1.152000000000000363e-06,1.400000000000000133e-01
1.153000000000000015e-06,1.400000000000000133e-01
1.154000000000000090e-06,1.199999999999999956e-01
1.155000000000000165e-06,1.199999999999999956e-01
1.156000000000000240e-06,1.600000000000000033e-01
1.157000000000000315e-06,1.400000000000000133e-01
1.158000000000000390e-06,1.400000000000000133e-01
1.159000000000000042e-06,1.199999999999999956e-01
1.160000000000000117e-06,1.400000000000000133e-01
1.161000000000000192e-06,1.600000000000000033e-01
