time_s,voltage_V
-5.699999999999999636e-06,-2.000000000000000042e-02
-5.689999999999999732e-06,0.000000000000000000e+00
-5.679999999999999828e-06,-2.000000000000000042e-02
-5.669999999999999923e-06,-2.000000000000000042e-02
-5.660000000000000019e-06,-2.000000000000000042e-02
-5.649999999999999268e-06,-2.000000000000000042e-02
-5.639999999999999364e-06,0.000000000000000000e+00
-5.629999999999999459e-06,-4.000000000000000083e-02
-5.619999999999999555e-06,-4.000000000000000083e-02
-5.609999999999999651e-06,-2.000000000000000042e-02
-5.599999999999999747e-06,-5.999999999999999778e-02
-5.589999999999999842e-06,2.000000000000000042e-02
-5.579999999999999938e-06,-2.000000000000000042e-02
-5.570000000000000034e-06,-2.000000000000000042e-02
-5.559999999999999283e-06,-2.000000000000000042e-02
-5.549999999999999378e-06,-4.000000000000000083e-02
-5.539999999999999474e-06,-2.000000000000000042e-02
-5.529999999999999570e-06,0.000000000000000000e+00
-5.519999999999999666e-06,-2.000000000000000042e-02
-5.509999999999999761e-06,0.000000000000000000e+00
-5.499999999999999857e-06,-4.000000000000000083e-02
-5.489999999999999953e-06,-2.000000000000000042e-02
-5.480000000000000048e-06,0.000000000000000000e+00
-5.469999999999999297e-06,0.000000000000000000e+00
-5.459999999999999393e-06,0.000000000000000000e+00
-5.449999999999999489e-06,0.000000000000000000e+00
-5.439999999999999584e-06,0.000000000000000000e+00
-5.429999999999999680e-06,-2.000000000000000042e-02
-5.419999999999999776e-06,-2.000000000000000042e-02
-5.409999999999999872e-06,-4.000000000000000083e-02
-5.399999999999999967e-06,-2.000000000000000042e-02
-5.389999999999999216e-06,-2.000000000000000042e-02
-5.379999999999999312e-06,0.000000000000000000e+00
-5.369999999999999408e-06,0.000000000000000000e+00
-5.359999999999999503e-06,0.000000000000000000e+00
-5.349999999999999599e-06,-2.000000000000000042e-02
-5.339999999999999695e-06,0.000000000000000000e+00
-5.329999999999999791e-06,0.000000000000000000e+00
-5.319999999999999886e-06,0.000000000000000000e+00
-5.309999999999999982e-06,-4.000000000000000083e-02
-5.300000000000000078e-06,-4.000000000000000083e-02
-5.289999999999999327e-06,0.000000000000000000e+00
-5.279999999999999422e-06,0.000000000000000000e+00
-5.269999999999999518e-06,-2.000000000000000042e-02
-5.259999999999999614e-06,-2.000000000000000042e-02
-5.249999999999999709e-06,-4.000000000000000083e-02
-5.239999999999999805e-06,0.000000000000000000e+00
-5.229999999999999901e-06,2.000000000000000042e-02
-5.219999999999999150e-06,-4.000000000000000083e-02
-5.209999999999999245e-06,-2.000000000000000042e-02
-5.199999999999999341e-06,-2.000000000000000042e-02
-5.189999999999999437e-06,-2.000000000000000042e-02
-5.179999999999999533e-06,-4.000000000000000083e-02
-5.169999999999999628e-06,-4.000000000000000083e-02
-5.159999999999999724e-06,-2.000000000000000042e-02
-5.149999999999999820e-06,0.000000000000000000e+00
-5.139999999999999916e-06,-4.000000000000000083e-02
-5.130000000000000011e-06,-4.000000000000000083e-02
-5.119999999999999260e-06,-2.000000000000000042e-02
-5.109999999999999356e-06,-2.000000000000000042e-02
-5.099999999999999452e-06,-2.000000000000000042e-02
-5.089999999999999547e-06,-2.000000000000000042e-02
-5.079999999999999643e-06,-2.000000000000000042e-02
-5.069999999999999739e-06,-5.999999999999999778e-02
-5.059999999999999835e-06,-4.000000000000000083e-02
-5.049999999999999930e-06,0.000000000000000000e+00
-5.039999999999999179e-06,-2.000000000000000042e-02
-5.029999999999999275e-06,-4.000000000000000083e-02
-5.019999999999999370e-06,-2.000000000000000042e-02
-5.009999999999999466e-06,-2.000000000000000042e-02
-4.999999999999999562e-06,-2.000000000000000042e-02
-4.989999999999999658e-06,-2.000000000000000042e-02
-4.979999999999999753e-06,-4.000000000000000083e-02
-4.969999999999999849e-06,-2.000000000000000042e-02
-4.959999999999999945e-06,-4.000000000000000083e-02
-4.950000000000000041e-06,-2.000000000000000042e-02
-4.939999999999999289e-06,-2.000000000000000042e-02
-4.929999999999999385e-06,-4.000000000000000083e-02
-4.919999999999999481e-06,-4.000000000000000083e-02
-4.909999999999999577e-06,-4.000000000000000083e-02
-4.899999999999999672e-06,-2.000000000000000042e-02
-4.889999999999999768e-06,-4.000000000000000083e-02
-4.879999999999999864e-06,0.000000000000000000e+00
-4.869999999999999960e-06,-2.000000000000000042e-02
-4.859999999999999208e-06,-2.000000000000000042e-02
-4.849999999999999304e-06,0.000000000000000000e+00
-4.839999999999999400e-06,-2.000000000000000042e-02
-4.829999999999999496e-06,-2.000000000000000042e-02
-4.819999999999999591e-06,-4.000000000000000083e-02
-4.809999999999999687e-06,-4.000000000000000083e-02
-4.799999999999999783e-06,-4.000000000000000083e-02
-4.789999999999999879e-06,0.000000000000000000e+00
-4.779999999999999974e-06,-2.000000000000000042e-02
-4.770000000000000070e-06,-2.000000000000000042e-02
-4.759999999999999319e-06,-4.000000000000000083e-02
-4.749999999999999414e-06,0.000000000000000000e+00
-4.739999999999999510e-06,-2.000000000000000042e-02
-4.729999999999999606e-06,-2.000000000000000042e-02
-4.719999999999999702e-06,2.000000000000000042e-02
-4.709999999999999797e-06,-2.000000000000000042e-02
-4.699999999999999893e-06,-2.000000000000000042e-02
-4.689999999999999142e-06,-2.000000000000000042e-02
-4.679999999999999238e-06,0.000000000000000000e+00
-4.669999999999999333e-06,0.000000000000000000e+00
-4.659999999999999429e-06,-2.000000000000000042e-02
-4.649999999999999525e-06,-2.000000000000000042e-02
-4.639999999999999621e-06,-2.000000000000000042e-02
-4.629999999999999716e-06,-2.000000000000000042e-02
-4.619999999999999812e-06,-2.000000000000000042e-02
-4.609999999999999908e-06,0.000000000000000000e+00
-4.600000000000000004e-06,0.000000000000000000e+00
-4.590000000000000099e-06,-4.000000000000000083e-02
-4.579999999999999348e-06,0.000000000000000000e+00
-4.569999999999999444e-06,-4.000000000000000083e-02
-4.559999999999999540e-06,-2.000000000000000042e-02
-4.549999999999999635e-06,-2.000000000000000042e-02
-4.539999999999999731e-06,-2.000000000000000042e-02
-4.529999999999999827e-06,-4.000000000000000083e-02
-4.519999999999999923e-06,-2.000000000000000042e-02
-4.509999999999999171e-06,-2.000000000000000042e-02
-4.499999999999999267e-06,-2.000000000000000042e-02
-4.489999999999999363e-06,-2.000000000000000042e-02
-4.479999999999999458e-06,-2.000000000000000042e-02
-4.469999999999999554e-06,0.000000000000000000e+00
-4.459999999999999650e-06,-4.000000000000000083e-02
-4.449999999999999746e-06,-2.000000000000000042e-02
-4.439999999999999841e-06,0.000000000000000000e+00
-4.429999999999999937e-06,0.000000000000000000e+00
-4.420000000000000033e-06,-4.000000000000000083e-02
-4.410000000000000129e-06,-2.000000000000000042e-02
-4.399999999999999377e-06,0.000000000000000000e+00
-4.389999999999999473e-06,0.000000000000000000e+00
-4.379999999999999569e-06,0.000000000000000000e+00
-4.369999999999999665e-06,-2.000000000000000042e-02
-4.359999999999999760e-06,-2.000000000000000042e-02
-4.349999999999999856e-06,-2.000000000000000042e-02
-4.339999999999999105e-06,0.000000000000000000e+00
-4.329999999999999201e-06,-2.000000000000000042e-02
-4.319999999999999296e-06,-2.000000000000000042e-02
-4.309999999999999392e-06,-4.000000000000000083e-02
-4.299999999999999488e-06,-2.000000000000000042e-02
-4.289999999999999584e-06,-2.000000000000000042e-02
-4.279999999999999679e-06,-4.000000000000000083e-02
-4.269999999999999775e-06,0.000000000000000000e+00
-4.259999999999999871e-06,-4.000000000000000083e-02
-4.249999999999999966e-06,-2.000000000000000042e-02
-4.240000000000000062e-06,0.000000000000000000e+00
-4.229999999999999311e-06,-2.000000000000000042e-02
-4.219999999999999407e-06,-2.000000000000000042e-02
-4.209999999999999502e-06,-4.000000000000000083e-02
-4.199999999999999598e-06,-4.000000000000000083e-02
-4.189999999999999694e-06,-4.000000000000000083e-02
-4.179999999999999790e-06,-2.000000000000000042e-02
-4.169999999999999885e-06,-4.000000000000000083e-02
-4.159999999999999134e-06,-2.000000000000000042e-02
-4.149999999999999230e-06,-2.000000000000000042e-02
-4.139999999999999326e-06,-4.000000000000000083e-02
-4.129999999999999421e-06,-2.000000000000000042e-02
-4.119999999999999517e-06,-4.000000000000000083e-02
-4.109999999999999613e-06,-2.000000000000000042e-02
-4.099999999999999709e-06,0.000000000000000000e+00
-4.089999999999999804e-06,0.000000000000000000e+00
-4.079999999999999900e-06,-2.000000000000000042e-02
-4.069999999999999996e-06,0.000000000000000000e+00
-4.060000000000000092e-06,0.000000000000000000e+00
-4.049999999999999340e-06,-5.999999999999999778e-02
-4.039999999999999436e-06,-2.000000000000000042e-02
-4.029999999999999532e-06,-4.000000000000000083e-02
-4.019999999999999628e-06,0.000000000000000000e+00
-4.009999999999999723e-06,-2.000000000000000042e-02
-3.999999999999999819e-06,-2.000000000000000042e-02
-3.989999999999999915e-06,-4.000000000000000083e-02
-3.979999999999999163e-06,0.000000000000000000e+00
-3.969999999999999259e-06,-2.000000000000000042e-02
-3.959999999999999355e-06,0.000000000000000000e+00
-3.949999999999999451e-06,-4.000000000000000083e-02
-3.939999999999999546e-06,-4.000000000000000083e-02
-3.929999999999999642e-06,-2.000000000000000042e-02
-3.919999999999999738e-06,-4.000000000000000083e-02
-3.909999999999999834e-06,-2.000000000000000042e-02
-3.899999999999999929e-06,-4.000000000000000083e-02
-3.890000000000000025e-06,0.000000000000000000e+00
-3.880000000000000121e-06,0.000000000000000000e+00
-3.869999999999999370e-06,-2.000000000000000042e-02
-3.859999999999999465e-06,0.000000000000000000e+00
-3.849999999999999561e-06,-2.000000000000000042e-02
-3.839999999999999657e-06,-2.000000000000000042e-02
-3.829999999999999753e-06,-2.000000000000000042e-02
-3.819999999999999848e-06,-5.999999999999999778e-02
-3.809999999999999521e-06,-4.000000000000000083e-02
-3.799999999999999616e-06,-2.000000000000000042e-02
-3.789999999999999712e-06,-2.000000000000000042e-02
-3.779999999999999384e-06,-2.000000000000000042e-02
-3.769999999999999480e-06,-2.000000000000000042e-02
-3.759999999999999576e-06,0.000000000000000000e+00
-3.749999999999999671e-06,-2.000000000000000042e-02
-3.739999999999999767e-06,0.000000000000000000e+00
-3.729999999999999439e-06,-2.000000000000000042e-02
-3.719999999999999535e-06,-4.000000000000000083e-02
-3.709999999999999631e-06,0.000000000000000000e+00
-3.699999999999999727e-06,-2.000000000000000042e-02
-3.689999999999999399e-06,0.000000000000000000e+00
-3.679999999999999495e-06,-2.000000000000000042e-02
-3.669999999999999590e-06,-2.000000000000000042e-02
-3.659999999999999686e-06,-2.000000000000000042e-02
-3.649999999999999782e-06,-4.000000000000000083e-02
-3.639999999999999454e-06,-2.000000000000000042e-02
-3.629999999999999550e-06,-2.000000000000000042e-02
-3.619999999999999646e-06,-2.000000000000000042e-02
-3.609999999999999741e-06,-4.000000000000000083e-02
-3.599999999999999414e-06,-4.000000000000000083e-02
-3.589999999999999509e-06,-2.000000000000000042e-02
-3.579999999999999605e-06,-2.000000000000000042e-02
-3.569999999999999701e-06,-4.000000000000000083e-02
-3.559999999999999797e-06,0.000000000000000000e+00
-3.549999999999999469e-06,-2.000000000000000042e-02
-3.539999999999999565e-06,-2.000000000000000042e-02
-3.529999999999999660e-06,-2.000000000000000042e-02
-3.519999999999999756e-06,-5.999999999999999778e-02
-3.509999999999999428e-06,0.000000000000000000e+00
-3.499999999999999524e-06,-2.000000000000000042e-02
-3.489999999999999620e-06,0.000000000000000000e+00
-3.479999999999999715e-06,2.000000000000000042e-02
-3.469999999999999388e-06,-2.000000000000000042e-02
-3.459999999999999483e-06,0.000000000000000000e+00
-3.449999999999999579e-06,-2.000000000000000042e-02
-3.439999999999999675e-06,-4.000000000000000083e-02
-3.429999999999999771e-06,-2.000000000000000042e-02
-3.419999999999999443e-06,-2.000000000000000042e-02
-3.409999999999999539e-06,-2.000000000000000042e-02
-3.399999999999999634e-06,0.000000000000000000e+00
-3.389999999999999730e-06,0.000000000000000000e+00
-3.379999999999999402e-06,-2.000000000000000042e-02
-3.369999999999999498e-06,-2.000000000000000042e-02
-3.359999999999999594e-06,-2.000000000000000042e-02
-3.349999999999999690e-06,-2.000000000000000042e-02
-3.339999999999999785e-06,-2.000000000000000042e-02
-3.329999999999999458e-06,-2.000000000000000042e-02
-3.319999999999999553e-06,-2.000000000000000042e-02
-3.309999999999999649e-06,-4.000000000000000083e-02
-3.299999999999999745e-06,-2.000000000000000042e-02
-3.289999999999999417e-06,-2.000000000000000042e-02
-3.279999999999999513e-06,0.000000000000000000e+00
-3.269999999999999609e-06,-2.000000000000000042e-02
-3.259999999999999704e-06,-2.000000000000000042e-02
-3.249999999999999376e-06,0.000000000000000000e+00
-3.239999999999999472e-06,-4.000000000000000083e-02
-3.229999999999999568e-06,-5.999999999999999778e-02
-3.219999999999999664e-06,-4.000000000000000083e-02
-3.209999999999999759e-06,-5.999999999999999778e-02
-3.199999999999999432e-06,-4.000000000000000083e-02
-3.189999999999999527e-06,-4.000000000000000083e-02
-3.179999999999999623e-06,0.000000000000000000e+00
-3.169999999999999719e-06,-2.000000000000000042e-02
-3.159999999999999391e-06,-2.000000000000000042e-02
-3.149999999999999487e-06,-2.000000000000000042e-02
-3.139999999999999583e-06,0.000000000000000000e+00
-3.129999999999999678e-06,-2.000000000000000042e-02
-3.119999999999999774e-06,-2.000000000000000042e-02
-3.109999999999999446e-06,0.000000000000000000e+00
-3.099999999999999542e-06,0.000000000000000000e+00
-3.089999999999999638e-06,2.000000000000000042e-02
-3.079999999999999734e-06,-2.000000000000000042e-02
-3.069999999999999406e-06,-2.000000000000000042e-02
-3.059999999999999502e-06,-4.000000000000000083e-02
-3.049999999999999597e-06,-2.000000000000000042e-02
-3.039999999999999693e-06,-4.000000000000000083e-02
-3.029999999999999789e-06,-2.000000000000000042e-02
-3.019999999999999461e-06,-4.000000000000000083e-02
-3.009999999999999557e-06,-2.000000000000000042e-02
-2.999999999999999652e-06,-2.000000000000000042e-02
-2.989999999999999748e-06,-4.000000000000000083e-02
-2.979999999999999420e-06,-4.000000000000000083e-02
-2.969999999999999516e-06,0.000000000000000000e+00
-2.959999999999999612e-06,-2.000000000000000042e-02
-2.949999999999999708e-06,-4.000000000000000083e-02
-2.939999999999999380e-06,-5.999999999999999778e-02
-2.929999999999999476e-06,-4.000000000000000083e-02
-2.919999999999999571e-06,0.000000000000000000e+00
-2.909999999999999667e-06,-4.000000000000000083e-02
-2.899999999999999763e-06,0.000000000000000000e+00
-2.889999999999999435e-06,-2.000000000000000042e-02
-2.879999999999999531e-06,-2.000000000000000042e-02
-2.869999999999999627e-06,-2.000000000000000042e-02
-2.859999999999999722e-06,0.000000000000000000e+00
-2.849999999999999395e-06,-2.000000000000000042e-02
-2.839999999999999490e-06,-2.000000000000000042e-02
-2.829999999999999586e-06,-4.000000000000000083e-02
-2.819999999999999682e-06,-2.000000000000000042e-02
-2.809999999999999778e-06,-2.000000000000000042e-02
-2.799999999999999450e-06,-2.000000000000000042e-02
-2.789999999999999546e-06,-2.000000000000000042e-02
-2.779999999999999641e-06,-2.000000000000000042e-02
-2.769999999999999737e-06,-2.000000000000000042e-02
-2.759999999999999409e-06,-4.000000000000000083e-02
-2.749999999999999505e-06,-2.000000000000000042e-02
-2.739999999999999601e-06,-4.000000000000000083e-02
-2.729999999999999696e-06,-5.999999999999999778e-02
-2.719999999999999369e-06,-2.000000000000000042e-02
-2.709999999999999464e-06,-4.000000000000000083e-02
-2.699999999999999560e-06,-2.000000000000000042e-02
-2.689999999999999656e-06,-2.000000000000000042e-02
-2.679999999999999752e-06,-2.000000000000000042e-02
-2.669999999999999424e-06,-2.000000000000000042e-02
-2.659999999999999520e-06,-5.999999999999999778e-02
-2.649999999999999615e-06,-2.000000000000000042e-02
-2.639999999999999711e-06,-2.000000000000000042e-02
-2.629999999999999383e-06,-4.000000000000000083e-02
-2.619999999999999479e-06,0.000000000000000000e+00
-2.609999999999999575e-06,-4.000000000000000083e-02
-2.599999999999999671e-06,0.000000000000000000e+00
-2.589999999999999766e-06,-4.000000000000000083e-02
-2.579999999999999439e-06,-2.000000000000000042e-02
-2.569999999999999534e-06,-2.000000000000000042e-02
-2.559999999999999630e-06,-2.000000000000000042e-02
-2.549999999999999726e-06,-2.000000000000000042e-02
-2.539999999999999398e-06,-2.000000000000000042e-02
-2.529999999999999494e-06,-4.000000000000000083e-02
-2.519999999999999590e-06,0.000000000000000000e+00
-2.509999999999999685e-06,-4.000000000000000083e-02
-2.499999999999999781e-06,2.000000000000000042e-02
-2.489999999999999453e-06,2.000000000000000042e-02
-2.479999999999999549e-06,-4.000000000000000083e-02
-2.469999999999999645e-06,0.000000000000000000e+00
-2.459999999999999740e-06,2.000000000000000042e-02
-2.449999999999999413e-06,-2.000000000000000042e-02
-2.439999999999999508e-06,-4.000000000000000083e-02
-2.429999999999999604e-06,-2.000000000000000042e-02
-2.419999999999999700e-06,-2.000000000000000042e-02
-2.409999999999999372e-06,0.000000000000000000e+00
-2.399999999999999468e-06,-2.000000000000000042e-02
-2.389999999999999564e-06,0.000000000000000000e+00
-2.379999999999999659e-06,-4.000000000000000083e-02
-2.369999999999999755e-06,-2.000000000000000042e-02
-2.359999999999999427e-06,-4.000000000000000083e-02
-2.349999999999999523e-06,-2.000000000000000042e-02
-2.339999999999999619e-06,-2.000000000000000042e-02
-2.329999999999999715e-06,-4.000000000000000083e-02
-2.319999999999999387e-06,-2.000000000000000042e-02
-2.309999999999999483e-06,0.000000000000000000e+00
-2.299999999999999578e-06,-2.000000000000000042e-02
-2.289999999999999674e-06,-2.000000000000000042e-02
-2.279999999999999770e-06,-4.000000000000000083e-02
-2.269999999999999442e-06,-2.000000000000000042e-02
-2.259999999999999538e-06,0.000000000000000000e+00
-2.249999999999999633e-06,-2.000000000000000042e-02
-2.239999999999999729e-06,-4.000000000000000083e-02
-2.229999999999999401e-06,-4.000000000000000083e-02
-2.219999999999999497e-06,-4.000000000000000083e-02
-2.209999999999999593e-06,-4.000000000000000083e-02
-2.199999999999999689e-06,-4.000000000000000083e-02
-2.189999999999999361e-06,0.000000000000000000e+00
-2.179999999999999457e-06,0.000000000000000000e+00
-2.169999999999999552e-06,-4.000000000000000083e-02
-2.159999999999999648e-06,-4.000000000000000083e-02
-2.149999999999999744e-06,-2.000000000000000042e-02
-2.139999999999999416e-06,-2.000000000000000042e-02
-2.129999999999999512e-06,-2.000000000000000042e-02
-2.119999999999999608e-06,-2.000000000000000042e-02
-2.109999999999999703e-06,-2.000000000000000042e-02
-2.099999999999999376e-06,-2.000000000000000042e-02
-2.089999999999999471e-06,-2.000000000000000042e-02
-2.079999999999999567e-06,-4.000000000000000083e-02
-2.069999999999999663e-06,-5.999999999999999778e-02
-2.059999999999999759e-06,0.000000000000000000e+00
-2.049999999999999431e-06,-4.000000000000000083e-02
-2.039999999999999527e-06,-2.000000000000000042e-02
-2.029999999999999622e-06,-4.000000000000000083e-02
-2.019999999999999718e-06,-2.000000000000000042e-02
-2.009999999999999390e-06,0.000000000000000000e+00
-1.999999999999999486e-06,-2.000000000000000042e-02
-1.989999999999999582e-06,0.000000000000000000e+00
-1.979999999999999677e-06,0.000000000000000000e+00
-1.969999999999999350e-06,-4.000000000000000083e-02
-1.959999999999999445e-06,-4.000000000000000083e-02
-1.949999999999999541e-06,-4.000000000000000083e-02
-1.939999999999999637e-06,-4.000000000000000083e-02
-1.929999999999999733e-06,-2.000000000000000042e-02
-1.919999999999999405e-06,-2.000000000000000042e-02
-1.909999999999999501e-06,-4.000000000000000083e-02
-1.899999999999999596e-06,0.000000000000000000e+00
-1.889999999999999692e-06,0.000000000000000000e+00
-1.879999999999999788e-06,0.000000000000000000e+00
-1.869999999999999884e-06,0.000000000000000000e+00
-1.859999999999999132e-06,0.000000000000000000e+00
-1.849999999999999228e-06,-2.000000000000000042e-02
-1.839999999999999324e-06,-2.000000000000000042e-02
-1.829999999999999420e-06,-2.000000000000000042e-02
-1.819999999999999515e-06,-4.000000000000000083e-02
-1.809999999999999611e-06,-2.000000000000000042e-02
-1.799999999999999707e-06,-4.000000000000000083e-02
-1.789999999999999803e-06,-2.000000000000000042e-02
-1.779999999999999898e-06,-2.000000000000000042e-02
-1.769999999999999147e-06,-4.000000000000000083e-02
-1.759999999999999243e-06,-2.000000000000000042e-02
-1.749999999999999338e-06,0.000000000000000000e+00
-1.739999999999999434e-06,-2.000000000000000042e-02
-1.729999999999999530e-06,0.000000000000000000e+00
-1.719999999999999626e-06,-4.000000000000000083e-02
-1.709999999999999721e-06,-2.000000000000000042e-02
-1.699999999999999817e-06,0.000000000000000000e+00
-1.689999999999999913e-06,-2.000000000000000042e-02
-1.679999999999999162e-06,0.000000000000000000e+00
-1.669999999999999257e-06,-2.000000000000000042e-02
-1.659999999999999353e-06,-4.000000000000000083e-02
-1.649999999999999449e-06,-2.000000000000000042e-02
-1.639999999999999545e-06,-2.000000000000000042e-02
-1.629999999999999640e-06,0.000000000000000000e+00
-1.619999999999999736e-06,0.000000000000000000e+00
-1.609999999999999832e-06,-2.000000000000000042e-02
-1.599999999999999928e-06,-2.000000000000000042e-02
-1.589999999999999176e-06,-2.000000000000000042e-02
-1.579999999999999272e-06,-2.000000000000000042e-02
-1.569999999999999368e-06,-2.000000000000000042e-02
-1.559999999999999464e-06,-2.000000000000000042e-02
-1.549999999999999559e-06,0.000000000000000000e+00
-1.539999999999999655e-06,-5.999999999999999778e-02
-1.529999999999999751e-06,-2.000000000000000042e-02
-1.519999999999999847e-06,-4.000000000000000083e-02
-1.509999999999999942e-06,-2.000000000000000042e-02
-1.499999999999999191e-06,2.000000000000000042e-02
-1.489999999999999287e-06,-2.000000000000000042e-02
-1.479999999999999382e-06,0.000000000000000000e+00
-1.469999999999999478e-06,-2.000000000000000042e-02
-1.459999999999999574e-06,0.000000000000000000e+00
-1.449999999999999670e-06,-2.000000000000000042e-02
-1.439999999999999765e-06,-4.000000000000000083e-02
-1.429999999999999861e-06,-2.000000000000000042e-02
-1.419999999999999957e-06,-2.000000000000000042e-02
-1.409999999999999206e-06,-2.000000000000000042e-02
-1.399999999999999301e-06,0.000000000000000000e+00
-1.389999999999999397e-06,-2.000000000000000042e-02
-1.379999999999999493e-06,0.000000000000000000e+00
-1.369999999999999589e-06,0.000000000000000000e+00
-1.359999999999999684e-06,-4.000000000000000083e-02
-1.349999999999999780e-06,-4.000000000000000083e-02
-1.339999999999999876e-06,-2.000000000000000042e-02
-1.329999999999999125e-06,0.000000000000000000e+00
-1.319999999999999220e-06,-4.000000000000000083e-02
-1.309999999999999316e-06,-4.000000000000000083e-02
-1.299999999999999412e-06,-4.000000000000000083e-02
-1.289999999999999508e-06,-4.000000000000000083e-02
-1.279999999999999603e-06,0.000000000000000000e+00
-1.269999999999999699e-06,0.000000000000000000e+00
-1.259999999999999795e-06,-4.000000000000000083e-02
-1.249999999999999890e-06,-2.000000000000000042e-02
-1.239999999999999139e-06,-2.000000000000000042e-02
-1.229999999999999235e-06,-4.000000000000000083e-02
-1.219999999999999331e-06,-4.000000000000000083e-02
-1.209999999999999426e-06,-4.000000000000000083e-02
-1.199999999999999522e-06,-2.000000000000000042e-02
-1.189999999999999618e-06,-2.000000000000000042e-02
-1.179999999999999714e-06,-4.000000000000000083e-02
-1.169999999999999809e-06,-5.999999999999999778e-02
-1.159999999999999905e-06,-2.000000000000000042e-02
-1.149999999999999154e-06,0.000000000000000000e+00
-1.139999999999999250e-06,-2.000000000000000042e-02
-1.129999999999999345e-06,-2.000000000000000042e-02
-1.119999999999999441e-06,-2.000000000000000042e-02
-1.109999999999999537e-06,-2.000000000000000042e-02
-1.099999999999999633e-06,-2.000000000000000042e-02
-1.089999999999999728e-06,-2.000000000000000042e-02
-1.079999999999999824e-06,-4.000000000000000083e-02
-1.069999999999999920e-06,-2.000000000000000042e-02
-1.059999999999999169e-06,-2.000000000000000042e-02
-1.049999999999999264e-06,-2.000000000000000042e-02
-1.039999999999999360e-06,-2.000000000000000042e-02
-1.029999999999999456e-06,-2.000000000000000042e-02
-1.019999999999999552e-06,0.000000000000000000e+00
-1.009999999999999647e-06,-4.000000000000000083e-02
-9.999999999999997430e-07,-4.000000000000000083e-02
-9.899999999999998387e-07,0.000000000000000000e+00
-9.799999999999999345e-07,-4.000000000000000083e-02
-9.699999999999991832e-07,-2.000000000000000042e-02
-9.599999999999992789e-07,-2.000000000000000042e-02
-9.499999999999993747e-07,-4.000000000000000083e-02
-9.399999999999994704e-07,-2.000000000000000042e-02
-9.299999999999995662e-07,-4.000000000000000083e-02
-9.199999999999996619e-07,-2.000000000000000042e-02
-9.099999999999997577e-07,-2.000000000000000042e-02
-8.999999999999998534e-07,-2.000000000000000042e-02
-8.899999999999999491e-07,-2.000000000000000042e-02
-8.799999999999991978e-07,-2.000000000000000042e-02
-8.699999999999992936e-07,0.000000000000000000e+00
-8.599999999999993893e-07,-2.000000000000000042e-02
-8.499999999999994851e-07,-4.000000000000000083e-02
-8.399999999999995808e-07,-2.000000000000000042e-02
-8.299999999999996766e-07,0.000000000000000000e+00
-8.199999999999997723e-07,0.000000000000000000e+00
-8.099999999999998681e-07,-2.000000000000000042e-02
-7.999999999999991168e-07,-4.000000000000000083e-02
-7.899999999999992125e-07,0.000000000000000000e+00
-7.799999999999993083e-07,-4.000000000000000083e-02
-7.699999999999994040e-07,0.000000000000000000e+00
-7.599999999999994997e-07,-2.000000000000000042e-02
-7.499999999999995955e-07,-4.000000000000000083e-02
-7.399999999999996912e-07,-2.000000000000000042e-02
-7.299999999999997870e-07,-2.000000000000000042e-02
-7.199999999999998827e-07,-2.000000000000000042e-02
-7.099999999999991314e-07,-2.000000000000000042e-02
-6.999999999999992272e-07,-2.000000000000000042e-02
-6.899999999999993229e-07,-4.000000000000000083e-02
-6.799999999999994187e-07,-2.000000000000000042e-02
-6.699999999999995144e-07,-4.000000000000000083e-02
-6.599999999999996101e-07,0.000000000000000000e+00
-6.499999999999997059e-07,-4.000000000000000083e-02
-6.399999999999998016e-07,0.000000000000000000e+00
-6.299999999999998974e-07,-4.000000000000000083e-02
-6.199999999999991461e-07,0.000000000000000000e+00
-6.099999999999992418e-07,0.000000000000000000e+00
-5.999999999999993376e-07,-2.000000000000000042e-02
-5.899999999999994333e-07,-2.000000000000000042e-02
-5.799999999999995291e-07,-2.000000000000000042e-02
-5.699999999999996248e-07,0.000000000000000000e+00
-5.599999999999997205e-07,0.000000000000000000e+00
-5.499999999999998163e-07,-4.000000000000000083e-02
-5.399999999999999120e-07,-2.000000000000000042e-02
-5.299999999999991607e-07,-2.000000000000000042e-02
-5.199999999999992565e-07,0.000000000000000000e+00
-5.099999999999993522e-07,2.000000000000000042e-02
-4.999999999999994480e-07,-4.000000000000000083e-02
-4.899999999999995437e-07,-2.000000000000000042e-02
-4.799999999999996395e-07,-2.000000000000000042e-02
-4.699999999999997352e-07,-2.000000000000000042e-02
-4.599999999999998310e-07,-4.000000000000000083e-02
-4.499999999999999267e-07,-2.000000000000000042e-02
-4.399999999999991754e-07,-2.000000000000000042e-02
-4.299999999999992712e-07,-2.000000000000000042e-02
-4.199999999999993669e-07,0.000000000000000000e+00
-4.099999999999994626e-07,-2.000000000000000042e-02
-3.999999999999995584e-07,0.000000000000000000e+00
-3.899999999999996541e-07,0.000000000000000000e+00
-3.799999999999997499e-07,-2.000000000000000042e-02
-3.699999999999998456e-07,-2.000000000000000042e-02
-3.599999999999999414e-07,-2.000000000000000042e-02
-3.499999999999991901e-07,-4.000000000000000083e-02
-3.399999999999992858e-07,-2.000000000000000042e-02
-3.299999999999993816e-07,-2.000000000000000042e-02
-3.199999999999994773e-07,-2.000000000000000042e-02
-3.099999999999995730e-07,0.000000000000000000e+00
-2.999999999999996688e-07,-2.000000000000000042e-02
-2.899999999999997645e-07,2.000000000000000042e-02
-2.799999999999998603e-07,0.000000000000000000e+00
-2.699999999999991090e-07,-5.999999999999999778e-02
-2.599999999999992047e-07,-4.000000000000000083e-02
-2.499999999999993005e-07,-2.000000000000000042e-02
-2.399999999999993962e-07,-2.000000000000000042e-02
-2.299999999999994920e-07,-4.000000000000000083e-02
-2.199999999999995877e-07,-2.000000000000000042e-02
-2.099999999999996834e-07,0.000000000000000000e+00
-1.999999999999997792e-07,-4.000000000000000083e-02
-1.899999999999998749e-07,-2.000000000000000042e-02
-1.799999999999991236e-07,-4.000000000000000083e-02
-1.699999999999992194e-07,-2.000000000000000042e-02
-1.599999999999993151e-07,0.000000000000000000e+00
-1.499999999999994109e-07,0.000000000000000000e+00
-1.399999999999995066e-07,-4.000000000000000083e-02
-1.299999999999996024e-07,2.000000000000000042e-02
-1.199999999999996981e-07,-4.000000000000000083e-02
-1.099999999999997939e-07,-2.000000000000000042e-02
-9.999999999999988960e-08,-2.000000000000000042e-02
-8.999999999999913831e-08,-4.000000000000000083e-02
-7.999999999999923405e-08,-2.000000000000000042e-02
-6.999999999999932979e-08,0.000000000000000000e+00
-5.999999999999942554e-08,0.000000000000000000e+00
-4.999999999999952128e-08,-2.000000000000000042e-02
-3.999999999999961703e-08,0.000000000000000000e+00
-2.999999999999971277e-08,2.000000000000000042e-02
-1.999999999999980851e-08,2.000000000000000042e-02
-9.999999999999904256e-09,4.000000000000000083e-02
8.470329472543003391e-22,5.999999999999999778e-02
1.000000000000075129e-08,1.000000000000000056e-01
2.000000000000065555e-08,1.600000000000000033e-01
3.000000000000055980e-08,2.600000000000000089e-01
4.000000000000046406e-08,3.599999999999999867e-01
5.000000000000036831e-08,5.999999999999999778e-01
6.000000000000027257e-08,8.200000000000000622e-01
7.000000000000017683e-08,1.140000000000000124e+00
8.000000000000008108e-08,1.500000000000000000e+00
9.000000000000083237e-08,1.820000000000000062e+00
1.000000000000007366e-07,-2.979999999999999982e+00
1.100000000000006409e-07,-2.720000000000000195e+00
1.200000000000005451e-07,-2.620000000000000107e+00
1.300000000000004494e-07,-2.680000000000000160e+00
1.400000000000003537e-07,-2.780000000000000249e+00
1.500000000000002579e-07,-2.939999999999999947e+00
1.600000000000001622e-07,-3.120000000000000107e+00
1.700000000000000664e-07,1.780000000000000027e+00
1.800000000000008177e-07,1.560000000000000053e+00
1.900000000000007220e-07,1.360000000000000098e+00
2.000000000000006262e-07,1.219999999999999973e+00
2.100000000000005305e-07,1.080000000000000071e+00
2.200000000000004347e-07,9.400000000000000577e-01
2.300000000000003390e-07,8.399999999999999689e-01
2.400000000000002432e-07,7.800000000000000266e-01
2.500000000000001475e-07,7.199999999999999734e-01
2.600000000000008988e-07,6.800000000000000488e-01
2.700000000000008031e-07,6.199999999999999956e-01
2.800000000000007073e-07,5.799999999999999600e-01
2.900000000000006116e-07,5.600000000000000533e-01
3.000000000000005158e-07,5.400000000000000355e-01
3.100000000000004201e-07,4.600000000000000200e-01
3.200000000000003243e-07,4.799999999999999822e-01
3.300000000000002286e-07,4.400000000000000022e-01
3.400000000000001328e-07,4.199999999999999845e-01
3.500000000000008841e-07,4.199999999999999845e-01
3.600000000000007884e-07,3.800000000000000044e-01
3.700000000000006926e-07,4.000000000000000222e-01
3.800000000000005969e-07,3.800000000000000044e-01
3.900000000000005012e-07,3.400000000000000244e-01
4.000000000000004054e-07,3.599999999999999867e-01
4.100000000000003097e-07,3.400000000000000244e-01
4.200000000000002139e-07,3.200000000000000067e-01
4.300000000000001182e-07,3.400000000000000244e-01
4.400000000000008695e-07,3.200000000000000067e-01
4.500000000000007737e-07,2.999999999999999889e-01
4.600000000000006780e-07,3.200000000000000067e-01
4.700000000000005822e-07,3.400000000000000244e-01
4.800000000000004865e-07,3.200000000000000067e-01
4.900000000000003908e-07,2.600000000000000089e-01
5.000000000000002950e-07,2.999999999999999889e-01
5.100000000000001993e-07,3.200000000000000067e-01
5.200000000000001035e-07,2.800000000000000266e-01
5.300000000000008548e-07,2.600000000000000089e-01
5.400000000000007591e-07,2.999999999999999889e-01
5.500000000000006633e-07,2.600000000000000089e-01
5.600000000000005676e-07,2.600000000000000089e-01
5.700000000000004718e-07,2.800000000000000266e-01
5.800000000000003761e-07,2.399999999999999911e-01
5.900000000000002804e-07,2.399999999999999911e-01
6.000000000000001846e-07,2.399999999999999911e-01
6.100000000000000889e-07,2.399999999999999911e-01
6.200000000000008402e-07,2.399999999999999911e-01
6.300000000000007444e-07,2.399999999999999911e-01
6.400000000000006487e-07,2.200000000000000011e-01
6.500000000000005529e-07,2.399999999999999911e-01
6.600000000000004572e-07,2.399999999999999911e-01
6.700000000000003614e-07,2.200000000000000011e-01
6.800000000000002657e-07,2.200000000000000011e-01
6.900000000000001699e-07,2.200000000000000011e-01
7.000000000000000742e-07,2.000000000000000111e-01
7.100000000000008255e-07,2.600000000000000089e-01
7.200000000000007297e-07,1.799999999999999933e-01
7.300000000000006340e-07,1.799999999999999933e-01
7.400000000000005383e-07,1.799999999999999933e-01
7.500000000000004425e-07,2.000000000000000111e-01
7.600000000000003468e-07,1.799999999999999933e-01
7.700000000000002510e-07,2.000000000000000111e-01
7.800000000000001553e-07,2.200000000000000011e-01
7.900000000000009066e-07,2.000000000000000111e-01
8.000000000000008108e-07,1.600000000000000033e-01
8.100000000000007151e-07,1.799999999999999933e-01
8.200000000000006193e-07,2.200000000000000011e-01
8.300000000000005236e-07,2.000000000000000111e-01
8.400000000000004279e-07,2.000000000000000111e-01
8.500000000000003321e-07,2.000000000000000111e-01
8.600000000000002364e-07,2.000000000000000111e-01
8.700000000000001406e-07,2.000000000000000111e-01
8.800000000000008919e-07,2.000000000000000111e-01
8.900000000000007962e-07,1.799999999999999933e-01
9.000000000000007004e-07,1.799999999999999933e-01
9.100000000000006047e-07,2.000000000000000111e-01
9.200000000000005089e-07,1.600000000000000033e-01
9.300000000000004132e-07,1.799999999999999933e-01
9.400000000000003175e-07,1.799999999999999933e-01
9.500000000000002217e-07,2.000000000000000111e-01
9.600000000000001260e-07,2.000000000000000111e-01
9.700000000000008773e-07,1.400000000000000133e-01
9.800000000000007815e-07,1.600000000000000033e-01
9.900000000000006858e-07,1.799999999999999933e-01
1.000000000000000590e-06,1.400000000000000133e-01
1.010000000000000494e-06,1.400000000000000133e-01
1.020000000000000399e-06,1.600000000000000033e-01
1.030000000000000303e-06,1.199999999999999956e-01
1.040000000000000207e-06,1.799999999999999933e-01
1.050000000000000111e-06,1.400000000000000133e-01
1.060000000000000863e-06,1.600000000000000033e-01
1.070000000000000767e-06,1.799999999999999933e-01
1.080000000000000671e-06,1.799999999999999933e-01
1.090000000000000575e-06,1.600000000000000033e-01
1.100000000000000480e-06,1.600000000000000033e-01
1.110000000000000384e-06,1.799999999999999933e-01
1.120000000000000288e-06,1.600000000000000033e-01
1.130000000000000192e-06,1.799999999999999933e-01
1.140000000000000097e-06,1.400000000000000133e-01
1.150000000000000848e-06,1.400000000000000133e-01
1.160000000000000752e-06,1.600000000000000033e-01
1.170000000000000656e-06,1.400000000000000133e-01
1.180000000000000561e-06,1.600000000000000033e-01
1.190000000000000465e-06,1.400000000000000133e-01
1.200000000000000369e-06,1.400000000000000133e-01
1.210000000000000273e-06,1.600000000000000033e-01
1.220000000000000178e-06,1.600000000000000033e-01
1.230000000000000929e-06,1.400000000000000133e-01
1.240000000000000833e-06,1.600000000000000033e-01
1.250000000000000738e-06,1.199999999999999956e-01
1.260000000000000642e-06,1.400000000000000133e-01
1.270000000000000546e-06,1.400000000000000133e-01
1.280000000000000450e-06,1.400000000000000133e-01
1.290000000000000355e-06,1.400000000000000133e-01
1.300000000000000259e-06,1.199999999999999956e-01
1.310000000000000163e-06,1.400000000000000133e-01
1.320000000000000914e-06,1.400000000000000133e-01
1.330000000000000819e-06,1.199999999999999956e-01
1.340000000000000723e-06,1.199999999999999956e-01
1.350000000000000627e-06,1.400000000000000133e-01
1.360000000000000531e-06,1.400000000000000133e-01
1.370000000000000436e-06,1.199999999999999956e-01
1.380000000000000340e-06,1.199999999999999956e-01
1.390000000000000244e-06,1.000000000000000056e-01
1.400000000000000148e-06,1.000000000000000056e-01
1.410000000000000900e-06,1.199999999999999956e-01
1.420000000000000804e-06,1.400000000000000133e-01
1.430000000000000708e-06,1.199999999999999956e-01
1.440000000000000612e-06,1.199999999999999956e-01
1.450000000000000517e-06,1.199999999999999956e-01
1.460000000000000421e-06,1.199999999999999956e-01
1.470000000000000325e-06,1.600000000000000033e-01
1.480000000000000229e-06,1.199999999999999956e-01
1.490000000000000134e-06,1.400000000000000133e-01
1.500000000000000885e-06,1.199999999999999956e-01
1.510000000000000789e-06,1.000000000000000056e-01
1.520000000000000694e-06,1.199999999999999956e-01
1.530000000000000598e-06,1.199999999999999956e-01
1.540000000000000502e-06,1.000000000000000056e-01
1.550000000000000406e-06,1.400000000000000133e-01
1.560000000000000311e-06,1.400000000000000133e-01
1.570000000000000215e-06,1.400000000000000133e-01
1.580000000000000119e-06,1.199999999999999956e-01
1.590000000000000870e-06,1.199999999999999956e-01
1.600000000000000775e-06,1.199999999999999956e-01
1.610000000000000679e-06,1.199999999999999956e-01
1.620000000000000583e-06,1.199999999999999956e-01
1.630000000000000487e-06,1.000000000000000056e-01
1.640000000000000392e-06,1.000000000000000056e-01
1.650000000000000296e-06,1.000000000000000056e-01
1.660000000000000200e-06,1.000000000000000056e-01
1.670000000000000104e-06,1.199999999999999956e-01
1.680000000000000856e-06,5.999999999999999778e-02
1.690000000000000760e-06,1.400000000000000133e-01
1.700000000000000664e-06,1.199999999999999956e-01
1.710000000000000568e-06,8.000000000000000167e-02
1.720000000000000473e-06,1.000000000000000056e-01
1.730000000000000377e-06,1.000000000000000056e-01
1.740000000000000281e-06,1.199999999999999956e-01
1.750000000000000186e-06,8.000000000000000167e-02
1.760000000000000937e-06,8.000000000000000167e-02
1.770000000000000841e-06,1.199999999999999956e-01
1.780000000000000745e-06,1.000000000000000056e-01
1.790000000000000650e-06,8.000000000000000167e-02
1.800000000000000554e-06,8.000000000000000167e-02
1.810000000000000458e-06,1.000000000000000056e-01
1.820000000000000362e-06,1.000000000000000056e-01
1.830000000000000267e-06,1.199999999999999956e-01
1.840000000000000171e-06,1.000000000000000056e-01
1.850000000000000922e-06,1.400000000000000133e-01
1.860000000000000826e-06,1.000000000000000056e-01
1.870000000000000731e-06,1.000000000000000056e-01
1.880000000000000635e-06,1.199999999999999956e-01
1.890000000000000539e-06,8.000000000000000167e-02
1.900000000000000443e-06,8.000000000000000167e-02
1.910000000000000348e-06,1.000000000000000056e-01
1.920000000000000252e-06,1.000000000000000056e-01
1.930000000000000156e-06,1.000000000000000056e-01
1.940000000000000060e-06,1.199999999999999956e-01
1.949999999999999965e-06,1.199999999999999956e-01
1.959999999999999869e-06,1.000000000000000056e-01
1.969999999999999773e-06,1.000000000000000056e-01
1.980000000000001372e-06,1.199999999999999956e-01
1.990000000000001276e-06,1.000000000000000056e-01
2.000000000000001180e-06,8.000000000000000167e-02
2.010000000000001084e-06,1.400000000000000133e-01
2.020000000000000989e-06,1.000000000000000056e-01
2.030000000000000893e-06,1.199999999999999956e-01
2.040000000000000797e-06,1.600000000000000033e-01
2.050000000000000701e-06,2.000000000000000111e-01
2.060000000000000606e-06,2.399999999999999911e-01
2.070000000000000510e-06,2.399999999999999911e-01
2.080000000000000414e-06,2.800000000000000266e-01
2.090000000000000318e-06,3.800000000000000044e-01
2.100000000000000223e-06,4.799999999999999822e-01
2.110000000000000127e-06,5.799999999999999600e-01
2.120000000000000031e-06,7.600000000000000089e-01
2.129999999999999935e-06,9.799999999999999822e-01
2.139999999999999840e-06,1.179999999999999938e+00
2.149999999999999744e-06,1.419999999999999929e+00
2.160000000000001342e-06,1.699999999999999956e+00
2.170000000000001246e-06,-3.200000000000000178e+00
2.180000000000001151e-06,-3.020000000000000018e+00
2.190000000000001055e-06,-2.839999999999999858e+00
2.200000000000000959e-06,-2.740000000000000213e+00
2.210000000000000863e-06,-2.780000000000000249e+00
2.220000000000000768e-06,-2.800000000000000266e+00
2.230000000000000672e-06,-2.959999999999999964e+00
2.240000000000000576e-06,-3.060000000000000053e+00
2.250000000000000481e-06,-3.180000000000000160e+00
2.260000000000000385e-06,1.760000000000000009e+00
2.270000000000000289e-06,1.620000000000000107e+00
2.280000000000000193e-06,1.479999999999999982e+00
2.290000000000000098e-06,1.340000000000000080e+00
2.300000000000000002e-06,1.219999999999999973e+00
2.309999999999999906e-06,1.120000000000000107e+00
2.319999999999999810e-06,1.040000000000000036e+00
2.329999999999999715e-06,9.799999999999999822e-01
2.340000000000001313e-06,9.000000000000000222e-01
2.350000000000001217e-06,8.599999999999999867e-01
2.360000000000001121e-06,8.200000000000000622e-01
2.370000000000001026e-06,7.600000000000000089e-01
2.380000000000000930e-06,7.399999999999999911e-01
2.390000000000000834e-06,7.000000000000000666e-01
2.400000000000000738e-06,6.800000000000000488e-01
2.410000000000000643e-06,6.600000000000000311e-01
2.420000000000000547e-06,6.400000000000000133e-01
2.430000000000000451e-06,6.199999999999999956e-01
2.440000000000000355e-06,5.999999999999999778e-01
2.450000000000000260e-06,5.999999999999999778e-01
2.460000000000000164e-06,5.799999999999999600e-01
2.470000000000000068e-06,5.400000000000000355e-01
2.479999999999999972e-06,5.600000000000000533e-01
2.489999999999999877e-06,5.400000000000000355e-01
2.499999999999999781e-06,5.200000000000000178e-01
2.510000000000001379e-06,5.200000000000000178e-01
2.520000000000001284e-06,4.600000000000000200e-01
2.530000000000001188e-06,5.000000000000000000e-01
2.540000000000001092e-06,5.000000000000000000e-01
2.550000000000000996e-06,4.799999999999999822e-01
2.560000000000000901e-06,4.600000000000000200e-01
2.570000000000000805e-06,4.600000000000000200e-01
2.580000000000000709e-06,4.799999999999999822e-01
2.590000000000000613e-06,4.600000000000000200e-01
2.600000000000000518e-06,4.199999999999999845e-01
2.610000000000000422e-06,4.199999999999999845e-01
2.620000000000000326e-06,4.000000000000000222e-01
2.630000000000000230e-06,4.199999999999999845e-01
2.640000000000000135e-06,4.199999999999999845e-01
2.650000000000000039e-06,4.199999999999999845e-01
2.659999999999999943e-06,4.199999999999999845e-01
2.669999999999999847e-06,3.800000000000000044e-01
2.679999999999999752e-06,4.000000000000000222e-01
2.690000000000001350e-06,4.400000000000000022e-01
2.700000000000001254e-06,3.800000000000000044e-01
2.710000000000001159e-06,3.800000000000000044e-01
2.720000000000001063e-06,4.000000000000000222e-01
2.730000000000000967e-06,3.599999999999999867e-01
2.740000000000000871e-06,3.599999999999999867e-01
2.750000000000000776e-06,4.000000000000000222e-01
2.760000000000000680e-06,4.000000000000000222e-01
2.770000000000000584e-06,4.000000000000000222e-01
2.780000000000000488e-06,3.599999999999999867e-01
2.790000000000000393e-06,4.000000000000000222e-01
2.800000000000000297e-06,3.800000000000000044e-01
2.810000000000000201e-06,4.000000000000000222e-01
2.820000000000000105e-06,3.800000000000000044e-01
2.830000000000000010e-06,4.000000000000000222e-01
2.839999999999999914e-06,4.000000000000000222e-01
2.849999999999999818e-06,3.599999999999999867e-01
2.859999999999999722e-06,3.800000000000000044e-01
2.870000000000001321e-06,4.000000000000000222e-01
2.880000000000001225e-06,3.800000000000000044e-01
2.890000000000001129e-06,3.800000000000000044e-01
2.900000000000001033e-06,4.000000000000000222e-01
2.910000000000000938e-06,4.000000000000000222e-01
2.920000000000000842e-06,4.600000000000000200e-01
2.930000000000000746e-06,4.199999999999999845e-01
2.940000000000000650e-06,4.199999999999999845e-01
2.950000000000000555e-06,4.400000000000000022e-01
2.960000000000000459e-06,4.400000000000000022e-01
2.970000000000000363e-06,4.799999999999999822e-01
2.980000000000000267e-06,4.799999999999999822e-01
2.990000000000000172e-06,4.799999999999999822e-01
3.000000000000000076e-06,4.799999999999999822e-01
3.009999999999999980e-06,5.000000000000000000e-01
3.019999999999999885e-06,5.200000000000000178e-01
3.029999999999999789e-06,5.400000000000000355e-01
3.040000000000001387e-06,5.600000000000000533e-01
3.050000000000001291e-06,5.999999999999999778e-01
3.060000000000001196e-06,6.199999999999999956e-01
3.070000000000001100e-06,6.600000000000000311e-01
3.080000000000001004e-06,6.600000000000000311e-01
3.090000000000000908e-06,7.000000000000000666e-01
3.100000000000000813e-06,7.199999999999999734e-01
3.110000000000000717e-06,7.399999999999999911e-01
3.120000000000000621e-06,8.000000000000000444e-01
3.130000000000000525e-06,8.200000000000000622e-01
3.140000000000000430e-06,8.399999999999999689e-01
3.150000000000000334e-06,8.599999999999999867e-01
3.160000000000000238e-06,9.000000000000000222e-01
3.170000000000000142e-06,9.000000000000000222e-01
3.180000000000000047e-06,9.400000000000000577e-01
3.189999999999999951e-06,9.400000000000000577e-01
3.199999999999999855e-06,9.599999999999999645e-01
3.209999999999999759e-06,9.799999999999999822e-01
3.220000000000001358e-06,9.799999999999999822e-01
3.230000000000001262e-06,9.799999999999999822e-01
3.240000000000001166e-06,1.000000000000000000e+00
3.250000000000001071e-06,9.799999999999999822e-01
3.260000000000000975e-06,9.799999999999999822e-01
3.270000000000000879e-06,9.599999999999999645e-01
3.280000000000000783e-06,9.400000000000000577e-01
3.290000000000000688e-06,9.400000000000000577e-01
3.300000000000000592e-06,9.000000000000000222e-01
3.310000000000000496e-06,9.000000000000000222e-01
3.320000000000000400e-06,8.800000000000000044e-01
3.330000000000000305e-06,8.399999999999999689e-01
3.340000000000000209e-06,8.399999999999999689e-01
3.350000000000000113e-06,8.200000000000000622e-01
3.360000000000000017e-06,8.000000000000000444e-01
3.369999999999999922e-06,7.800000000000000266e-01
3.379999999999999826e-06,7.399999999999999911e-01
3.389999999999999730e-06,7.399999999999999911e-01
3.400000000000001328e-06,7.399999999999999911e-01
3.410000000000001233e-06,7.199999999999999734e-01
3.420000000000001137e-06,6.800000000000000488e-01
3.430000000000001041e-06,6.600000000000000311e-01
3.440000000000000945e-06,6.600000000000000311e-01
3.450000000000000850e-06,6.400000000000000133e-01
3.460000000000000754e-06,6.400000000000000133e-01
3.470000000000000658e-06,6.400000000000000133e-01
3.480000000000000563e-06,5.999999999999999778e-01
3.490000000000000467e-06,5.999999999999999778e-01
3.500000000000000371e-06,5.799999999999999600e-01
3.510000000000000275e-06,5.799999999999999600e-01
3.520000000000000180e-06,5.799999999999999600e-01
3.530000000000000084e-06,5.799999999999999600e-01
3.539999999999999988e-06,5.600000000000000533e-01
3.549999999999999892e-06,5.600000000000000533e-01
3.559999999999999797e-06,5.400000000000000355e-01
3.570000000000001395e-06,5.200000000000000178e-01
3.580000000000001299e-06,5.200000000000000178e-01
3.590000000000001203e-06,5.200000000000000178e-01
3.600000000000001108e-06,5.000000000000000000e-01
3.610000000000001012e-06,4.799999999999999822e-01
3.620000000000000916e-06,5.200000000000000178e-01
3.630000000000000820e-06,4.799999999999999822e-01
3.640000000000000725e-06,4.600000000000000200e-01
3.650000000000000629e-06,4.799999999999999822e-01
3.660000000000000533e-06,4.600000000000000200e-01
3.670000000000000437e-06,4.600000000000000200e-01
3.680000000000000342e-06,4.799999999999999822e-01
3.690000000000000246e-06,4.600000000000000200e-01
3.700000000000000150e-06,4.400000000000000022e-01
3.710000000000000054e-06,4.400000000000000022e-01
3.719999999999999959e-06,4.400000000000000022e-01
3.729999999999999863e-06,4.199999999999999845e-01
3.739999999999999767e-06,4.199999999999999845e-01
3.750000000000001366e-06,4.400000000000000022e-01
3.760000000000001270e-06,4.199999999999999845e-01
3.770000000000001174e-06,4.199999999999999845e-01
3.780000000000001078e-06,4.000000000000000222e-01
3.790000000000000983e-06,4.400000000000000022e-01
3.800000000000000887e-06,4.199999999999999845e-01
3.810000000000000791e-06,4.199999999999999845e-01
3.820000000000000695e-06,4.000000000000000222e-01
3.830000000000000600e-06,4.400000000000000022e-01
3.840000000000000504e-06,3.800000000000000044e-01
3.850000000000000408e-06,4.000000000000000222e-01
3.860000000000000312e-06,4.199999999999999845e-01
3.870000000000000217e-06,3.800000000000000044e-01
3.880000000000000121e-06,3.800000000000000044e-01
3.890000000000000025e-06,3.599999999999999867e-01
3.899999999999999929e-06,3.800000000000000044e-01
3.909999999999999834e-06,4.000000000000000222e-01
3.919999999999999738e-06,4.199999999999999845e-01
3.930000000000001336e-06,4.000000000000000222e-01
3.940000000000001240e-06,3.800000000000000044e-01
3.950000000000001145e-06,4.199999999999999845e-01
3.960000000000001049e-06,3.800000000000000044e-01
3.970000000000000953e-06,4.000000000000000222e-01
3.980000000000000858e-06,4.000000000000000222e-01
3.990000000000000762e-06,3.800000000000000044e-01
4.000000000000000666e-06,3.800000000000000044e-01
4.010000000000000570e-06,3.599999999999999867e-01
4.020000000000000475e-06,3.599999999999999867e-01
4.030000000000000379e-06,3.800000000000000044e-01
4.040000000000000283e-06,3.400000000000000244e-01
4.050000000000000187e-06,3.599999999999999867e-01
4.060000000000000092e-06,4.000000000000000222e-01
4.069999999999999996e-06,3.599999999999999867e-01
4.079999999999999900e-06,3.400000000000000244e-01
4.089999999999999804e-06,3.800000000000000044e-01
4.100000000000001403e-06,3.800000000000000044e-01
4.110000000000001307e-06,3.400000000000000244e-01
4.120000000000001211e-06,3.800000000000000044e-01
4.130000000000001115e-06,3.599999999999999867e-01
4.140000000000001020e-06,3.599999999999999867e-01
4.150000000000000924e-06,3.400000000000000244e-01
4.160000000000000828e-06,3.599999999999999867e-01
4.170000000000000732e-06,3.400000000000000244e-01
4.180000000000000637e-06,3.800000000000000044e-01
4.190000000000000541e-06,3.599999999999999867e-01
4.200000000000000445e-06,3.599999999999999867e-01
4.210000000000000349e-06,3.800000000000000044e-01
4.220000000000000254e-06,3.400000000000000244e-01
4.230000000000000158e-06,3.400000000000000244e-01
4.240000000000000062e-06,3.599999999999999867e-01
4.249999999999999966e-06,3.599999999999999867e-01
4.259999999999999871e-06,3.599999999999999867e-01
4.269999999999999775e-06,3.400000000000000244e-01
4.280000000000001373e-06,3.400000000000000244e-01
4.290000000000001278e-06,3.400000000000000244e-01
4.300000000000001182e-06,3.200000000000000067e-01
4.310000000000001086e-06,3.400000000000000244e-01
4.320000000000000990e-06,3.400000000000000244e-01
4.330000000000000895e-06,3.400000000000000244e-01
4.340000000000000799e-06,3.599999999999999867e-01
4.350000000000000703e-06,3.400000000000000244e-01
4.360000000000000607e-06,3.599999999999999867e-01
4.370000000000000512e-06,3.599999999999999867e-01
4.380000000000000416e-06,3.599999999999999867e-01
4.390000000000000320e-06,3.599999999999999867e-01
4.400000000000000224e-06,3.400000000000000244e-01
4.410000000000000129e-06,3.599999999999999867e-01
4.420000000000000033e-06,3.800000000000000044e-01
4.429999999999999937e-06,3.599999999999999867e-01
4.439999999999999841e-06,4.000000000000000222e-01
4.449999999999999746e-06,3.800000000000000044e-01
4.460000000000001344e-06,4.000000000000000222e-01
4.470000000000001248e-06,4.000000000000000222e-01
4.480000000000001153e-06,4.000000000000000222e-01
4.490000000000001057e-06,4.199999999999999845e-01
4.500000000000000961e-06,4.400000000000000022e-01
4.510000000000000865e-06,4.199999999999999845e-01
4.520000000000000770e-06,4.400000000000000022e-01
4.530000000000000674e-06,4.400000000000000022e-01
4.540000000000000578e-06,4.600000000000000200e-01
4.550000000000000482e-06,4.600000000000000200e-01
4.560000000000000387e-06,4.600000000000000200e-01
4.570000000000000291e-06,4.799999999999999822e-01
4.580000000000000195e-06,5.200000000000000178e-01
4.590000000000000099e-06,5.200000000000000178e-01
4.600000000000000004e-06,5.400000000000000355e-01
4.609999999999999908e-06,5.400000000000000355e-01
4.619999999999999812e-06,5.400000000000000355e-01
4.630000000000001410e-06,5.799999999999999600e-01
4.640000000000001315e-06,5.999999999999999778e-01
4.650000000000001219e-06,6.199999999999999956e-01
4.660000000000001123e-06,6.600000000000000311e-01
4.670000000000001027e-06,6.600000000000000311e-01
4.680000000000000932e-06,6.800000000000000488e-01
4.690000000000000836e-06,7.000000000000000666e-01
4.700000000000000740e-06,7.199999999999999734e-01
4.710000000000000644e-06,7.399999999999999911e-01
4.720000000000000549e-06,7.600000000000000089e-01
4.730000000000000453e-06,8.000000000000000444e-01
4.740000000000000357e-06,8.000000000000000444e-01
4.750000000000000262e-06,8.000000000000000444e-01
4.760000000000000166e-06,8.200000000000000622e-01
4.770000000000000070e-06,8.599999999999999867e-01
4.779999999999999974e-06,8.399999999999999689e-01
4.789999999999999879e-06,8.599999999999999867e-01
4.799999999999999783e-06,8.599999999999999867e-01
4.810000000000001381e-06,8.800000000000000044e-01
4.820000000000001285e-06,9.000000000000000222e-01
4.830000000000001190e-06,9.000000000000000222e-01
4.840000000000001094e-06,9.000000000000000222e-01
4.850000000000000998e-06,9.000000000000000222e-01
4.860000000000000902e-06,9.000000000000000222e-01
4.870000000000000807e-06,8.800000000000000044e-01
4.880000000000000711e-06,8.599999999999999867e-01
4.890000000000000615e-06,8.599999999999999867e-01
4.900000000000000519e-06,8.200000000000000622e-01
4.910000000000000424e-06,8.399999999999999689e-01
4.920000000000000328e-06,8.200000000000000622e-01
4.930000000000000232e-06,8.200000000000000622e-01
4.940000000000000136e-06,8.000000000000000444e-01
4.950000000000000041e-06,8.000000000000000444e-01
4.959999999999999945e-06,7.800000000000000266e-01
4.969999999999999849e-06,8.000000000000000444e-01
4.979999999999999753e-06,7.399999999999999911e-01
4.990000000000001352e-06,7.199999999999999734e-01
5.000000000000001256e-06,7.000000000000000666e-01
5.010000000000001160e-06,6.800000000000000488e-01
5.020000000000001065e-06,7.199999999999999734e-01
5.030000000000000969e-06,6.800000000000000488e-01
5.040000000000000873e-06,6.600000000000000311e-01
5.050000000000000777e-06,6.400000000000000133e-01
5.060000000000000682e-06,6.199999999999999956e-01
5.070000000000000586e-06,6.400000000000000133e-01
5.080000000000000490e-06,5.999999999999999778e-01
5.090000000000000394e-06,5.999999999999999778e-01
5.100000000000000299e-06,5.999999999999999778e-01
5.110000000000000203e-06,5.799999999999999600e-01
5.120000000000000107e-06,5.799999999999999600e-01
5.130000000000000011e-06,5.600000000000000533e-01
5.139999999999999916e-06,5.400000000000000355e-01
5.149999999999999820e-06,5.400000000000000355e-01
5.160000000000001418e-06,5.200000000000000178e-01
5.170000000000001322e-06,5.600000000000000533e-01
5.180000000000001227e-06,5.200000000000000178e-01
5.190000000000001131e-06,5.200000000000000178e-01
5.200000000000001035e-06,5.400000000000000355e-01
5.210000000000000939e-06,5.200000000000000178e-01
5.220000000000000844e-06,5.000000000000000000e-01
5.230000000000000748e-06,5.400000000000000355e-01
5.240000000000000652e-06,4.799999999999999822e-01
5.250000000000000557e-06,4.799999999999999822e-01
5.260000000000000461e-06,5.000000000000000000e-01
5.270000000000000365e-06,4.799999999999999822e-01
5.280000000000000269e-06,4.799999999999999822e-01
5.290000000000000174e-06,4.600000000000000200e-01
5.300000000000000078e-06,4.799999999999999822e-01
5.309999999999999982e-06,4.600000000000000200e-01
5.319999999999999886e-06,4.600000000000000200e-01
5.329999999999999791e-06,4.600000000000000200e-01
5.340000000000001389e-06,4.400000000000000022e-01
5.350000000000001293e-06,4.400000000000000022e-01
5.360000000000001197e-06,4.400000000000000022e-01
5.370000000000001102e-06,4.600000000000000200e-01
5.380000000000001006e-06,4.400000000000000022e-01
5.390000000000000910e-06,4.400000000000000022e-01
5.400000000000000814e-06,4.400000000000000022e-01
5.410000000000000719e-06,4.199999999999999845e-01
5.420000000000000623e-06,4.400000000000000022e-01
5.430000000000000527e-06,4.400000000000000022e-01
5.440000000000000431e-06,4.000000000000000222e-01
5.450000000000000336e-06,4.199999999999999845e-01
5.460000000000000240e-06,4.199999999999999845e-01
5.470000000000000144e-06,4.199999999999999845e-01
5.480000000000000048e-06,4.199999999999999845e-01
5.489999999999999953e-06,4.199999999999999845e-01
5.499999999999999857e-06,4.000000000000000222e-01
5.509999999999999761e-06,4.400000000000000022e-01
5.520000000000001360e-06,4.199999999999999845e-01
5.530000000000001264e-06,4.199999999999999845e-01
5.540000000000001168e-06,4.199999999999999845e-01
5.550000000000001072e-06,4.199999999999999845e-01
5.560000000000000977e-06,4.199999999999999845e-01
5.570000000000000881e-06,4.000000000000000222e-01
5.580000000000000785e-06,4.000000000000000222e-01
5.590000000000000689e-06,4.199999999999999845e-01
5.600000000000000594e-06,4.000000000000000222e-01
5.610000000000000498e-06,4.000000000000000222e-01
5.620000000000000402e-06,4.000000000000000222e-01
5.630000000000000306e-06,4.000000000000000222e-01
5.640000000000000211e-06,3.599999999999999867e-01
5.650000000000000115e-06,3.800000000000000044e-01
5.660000000000000019e-06,4.000000000000000222e-01
5.669999999999999923e-06,3.800000000000000044e-01
5.679999999999999828e-06,4.000000000000000222e-01
5.690000000000001426e-06,3.800000000000000044e-01
5.700000000000001330e-06,3.800000000000000044e-01
5.710000000000001235e-06,3.800000000000000044e-01
5.720000000000001139e-06,3.800000000000000044e-01
5.730000000000001043e-06,3.800000000000000044e-01
5.740000000000000947e-06,4.000000000000000222e-01
5.750000000000000852e-06,4.000000000000000222e-01
5.760000000000000756e-06,3.599999999999999867e-01
5.770000000000000660e-06,3.800000000000000044e-01
5.780000000000000564e-06,4.000000000000000222e-01
5.790000000000000469e-06,3.800000000000000044e-01
5.800000000000000373e-06,3.800000000000000044e-01
5.810000000000000277e-06,4.000000000000000222e-01
5.820000000000000181e-06,3.800000000000000044e-01
5.830000000000000086e-06,3.599999999999999867e-01
5.839999999999999990e-06,4.000000000000000222e-01
5.849999999999999894e-06,3.599999999999999867e-01
5.859999999999999798e-06,3.800000000000000044e-01
5.870000000000001397e-06,3.599999999999999867e-01
5.880000000000001301e-06,3.800000000000000044e-01
5.890000000000001205e-06,3.800000000000000044e-01
5.900000000000001109e-06,3.800000000000000044e-01
5.910000000000001014e-06,3.800000000000000044e-01
5.920000000000000918e-06,4.000000000000000222e-01
5.930000000000000822e-06,3.800000000000000044e-01
5.940000000000000726e-06,3.800000000000000044e-01
5.950000000000000631e-06,3.599999999999999867e-01
5.960000000000000535e-06,3.800000000000000044e-01
5.970000000000000439e-06,3.599999999999999867e-01
5.980000000000000343e-06,3.800000000000000044e-01
5.990000000000000248e-06,3.800000000000000044e-01
6.000000000000000152e-06,3.800000000000000044e-01
6.010000000000000056e-06,4.000000000000000222e-01
6.019999999999999961e-06,3.800000000000000044e-01
6.029999999999999865e-06,4.199999999999999845e-01
6.039999999999999769e-06,4.000000000000000222e-01
6.050000000000001367e-06,4.000000000000000222e-01
6.060000000000001272e-06,3.800000000000000044e-01
6.070000000000001176e-06,4.000000000000000222e-01
6.080000000000001080e-06,4.000000000000000222e-01
6.090000000000000984e-06,4.000000000000000222e-01
6.100000000000000889e-06,4.000000000000000222e-01
6.110000000000000793e-06,4.400000000000000022e-01
6.120000000000000697e-06,4.400000000000000022e-01
6.130000000000000601e-06,4.000000000000000222e-01
6.140000000000000506e-06,4.000000000000000222e-01
6.150000000000000410e-06,4.400000000000000022e-01
6.160000000000000314e-06,4.400000000000000022e-01
6.170000000000000218e-06,4.600000000000000200e-01
6.180000000000000123e-06,4.400000000000000022e-01
6.190000000000000027e-06,4.600000000000000200e-01
6.199999999999999931e-06,4.799999999999999822e-01
6.209999999999999835e-06,5.000000000000000000e-01
6.220000000000001434e-06,5.000000000000000000e-01
6.230000000000001338e-06,5.000000000000000000e-01
6.240000000000001242e-06,5.000000000000000000e-01
6.250000000000001147e-06,5.000000000000000000e-01
6.260000000000001051e-06,5.400000000000000355e-01
6.270000000000000955e-06,5.600000000000000533e-01
6.280000000000000859e-06,5.600000000000000533e-01
6.290000000000000764e-06,6.199999999999999956e-01
6.300000000000000668e-06,5.999999999999999778e-01
6.310000000000000572e-06,6.199999999999999956e-01
6.320000000000000476e-06,6.400000000000000133e-01
6.330000000000000381e-06,6.600000000000000311e-01
6.340000000000000285e-06,6.800000000000000488e-01
6.350000000000000189e-06,6.800000000000000488e-01
6.360000000000000093e-06,7.000000000000000666e-01
6.369999999999999998e-06,7.399999999999999911e-01
6.379999999999999902e-06,7.399999999999999911e-01
6.389999999999999806e-06,7.600000000000000089e-01
6.400000000000001404e-06,7.800000000000000266e-01
6.410000000000001309e-06,8.000000000000000444e-01
6.420000000000001213e-06,8.200000000000000622e-01
6.430000000000001117e-06,8.200000000000000622e-01
6.440000000000001021e-06,8.200000000000000622e-01
6.450000000000000926e-06,8.599999999999999867e-01
6.460000000000000830e-06,8.800000000000000044e-01
6.470000000000000734e-06,8.599999999999999867e-01
6.480000000000000639e-06,8.599999999999999867e-01
6.490000000000000543e-06,8.800000000000000044e-01
6.500000000000000447e-06,9.000000000000000222e-01
6.510000000000000351e-06,9.000000000000000222e-01
6.520000000000000256e-06,8.800000000000000044e-01
6.530000000000000160e-06,8.399999999999999689e-01
6.540000000000000064e-06,9.000000000000000222e-01
6.549999999999999968e-06,8.800000000000000044e-01
6.559999999999999873e-06,8.800000000000000044e-01
6.569999999999999777e-06,8.599999999999999867e-01
6.580000000000001375e-06,8.599999999999999867e-01
6.590000000000001279e-06,8.599999999999999867e-01
6.600000000000001184e-06,8.399999999999999689e-01
6.610000000000001088e-06,8.200000000000000622e-01
6.620000000000000992e-06,8.200000000000000622e-01
6.630000000000000896e-06,7.800000000000000266e-01
6.640000000000000801e-06,8.200000000000000622e-01
6.650000000000000705e-06,8.000000000000000444e-01
6.660000000000000609e-06,7.800000000000000266e-01
6.670000000000000513e-06,7.600000000000000089e-01
6.680000000000000418e-06,7.600000000000000089e-01
6.690000000000000322e-06,7.399999999999999911e-01
6.700000000000000226e-06,7.199999999999999734e-01
6.710000000000000130e-06,7.000000000000000666e-01
6.720000000000000035e-06,7.000000000000000666e-01
6.729999999999999939e-06,6.800000000000000488e-01
6.739999999999999843e-06,6.800000000000000488e-01
6.750000000000001442e-06,6.600000000000000311e-01
6.760000000000001346e-06,6.600000000000000311e-01
6.770000000000001250e-06,6.600000000000000311e-01
6.780000000000001154e-06,6.400000000000000133e-01
6.790000000000001059e-06,6.400000000000000133e-01
6.800000000000000963e-06,6.199999999999999956e-01
6.810000000000000867e-06,6.199999999999999956e-01
6.820000000000000771e-06,6.199999999999999956e-01
6.830000000000000676e-06,6.199999999999999956e-01
6.840000000000000580e-06,5.799999999999999600e-01
6.850000000000000484e-06,5.799999999999999600e-01
6.860000000000000388e-06,5.799999999999999600e-01
6.870000000000000293e-06,5.600000000000000533e-01
6.880000000000000197e-06,5.799999999999999600e-01
6.890000000000000101e-06,5.600000000000000533e-01
6.900000000000000005e-06,5.799999999999999600e-01
6.909999999999999910e-06,5.600000000000000533e-01
6.919999999999999814e-06,5.400000000000000355e-01
6.930000000000001412e-06,5.600000000000000533e-01
6.940000000000001316e-06,5.400000000000000355e-01
6.950000000000001221e-06,5.200000000000000178e-01
6.960000000000001125e-06,4.799999999999999822e-01
6.970000000000001029e-06,4.799999999999999822e-01
6.980000000000000934e-06,5.000000000000000000e-01
6.990000000000000838e-06,5.200000000000000178e-01
7.000000000000000742e-06,5.200000000000000178e-01
7.010000000000000646e-06,5.200000000000000178e-01
7.020000000000000551e-06,4.799999999999999822e-01
7.030000000000000455e-06,4.799999999999999822e-01
7.040000000000000359e-06,4.799999999999999822e-01
7.050000000000000263e-06,4.799999999999999822e-01
7.060000000000000168e-06,4.799999999999999822e-01
7.070000000000000072e-06,4.799999999999999822e-01
7.079999999999999976e-06,4.799999999999999822e-01
7.089999999999999880e-06,4.799999999999999822e-01
7.099999999999999785e-06,4.600000000000000200e-01
7.110000000000001383e-06,4.600000000000000200e-01
7.120000000000001287e-06,4.600000000000000200e-01
7.130000000000001191e-06,4.600000000000000200e-01
7.140000000000001096e-06,4.400000000000000022e-01
7.150000000000001000e-06,4.600000000000000200e-01
7.160000000000000904e-06,4.400000000000000022e-01
7.170000000000000808e-06,4.400000000000000022e-01
7.180000000000000713e-06,4.400000000000000022e-01
7.190000000000000617e-06,4.400000000000000022e-01
7.200000000000000521e-06,4.400000000000000022e-01
7.210000000000000425e-06,4.400000000000000022e-01
7.220000000000000330e-06,4.400000000000000022e-01
7.230000000000000234e-06,4.400000000000000022e-01
7.240000000000000138e-06,4.199999999999999845e-01
7.250000000000000043e-06,4.600000000000000200e-01
7.259999999999999947e-06,4.199999999999999845e-01
7.269999999999999851e-06,4.199999999999999845e-01
7.280000000000001449e-06,4.199999999999999845e-01
7.290000000000001354e-06,4.199999999999999845e-01
7.300000000000001258e-06,4.400000000000000022e-01
7.310000000000001162e-06,4.400000000000000022e-01
7.320000000000001066e-06,4.000000000000000222e-01
7.330000000000000971e-06,4.199999999999999845e-01
7.340000000000000875e-06,4.199999999999999845e-01
7.350000000000000779e-06,4.400000000000000022e-01
7.360000000000000683e-06,4.400000000000000022e-01
7.370000000000000588e-06,4.000000000000000222e-01
7.380000000000000492e-06,4.199999999999999845e-01
7.390000000000000396e-06,4.199999999999999845e-01
7.400000000000000300e-06,4.199999999999999845e-01
7.410000000000000205e-06,4.400000000000000022e-01
7.420000000000000109e-06,3.800000000000000044e-01
7.430000000000000013e-06,4.199999999999999845e-01
7.439999999999999917e-06,4.199999999999999845e-01
7.449999999999999822e-06,4.400000000000000022e-01
7.460000000000001420e-06,4.000000000000000222e-01
7.470000000000001324e-06,4.000000000000000222e-01
7.480000000000001229e-06,4.600000000000000200e-01
7.490000000000001133e-06,4.199999999999999845e-01
7.500000000000001037e-06,4.199999999999999845e-01
7.510000000000000941e-06,4.199999999999999845e-01
7.520000000000000846e-06,3.800000000000000044e-01
7.530000000000000750e-06,4.199999999999999845e-01
7.540000000000000654e-06,3.800000000000000044e-01
7.550000000000000558e-06,4.199999999999999845e-01
7.560000000000000463e-06,3.800000000000000044e-01
7.570000000000000367e-06,3.800000000000000044e-01
7.580000000000000271e-06,3.800000000000000044e-01
7.590000000000000175e-06,4.000000000000000222e-01
7.600000000000000080e-06,3.800000000000000044e-01
7.609999999999999984e-06,4.000000000000000222e-01
7.619999999999999888e-06,3.800000000000000044e-01
7.630000000000001486e-06,4.000000000000000222e-01
7.640000000000001391e-06,4.000000000000000222e-01
7.650000000000001295e-06,3.800000000000000044e-01
7.660000000000001199e-06,3.800000000000000044e-01
7.670000000000001103e-06,4.000000000000000222e-01
7.680000000000001008e-06,3.800000000000000044e-01
7.690000000000000912e-06,3.599999999999999867e-01
7.700000000000000816e-06,4.000000000000000222e-01
7.710000000000000720e-06,4.000000000000000222e-01
7.720000000000000625e-06,4.000000000000000222e-01
7.730000000000000529e-06,3.800000000000000044e-01
7.740000000000000433e-06,3.800000000000000044e-01
7.750000000000000338e-06,4.000000000000000222e-01
7.760000000000000242e-06,4.000000000000000222e-01
7.770000000000000146e-06,3.800000000000000044e-01
7.780000000000000050e-06,3.800000000000000044e-01
7.789999999999999955e-06,3.800000000000000044e-01
7.799999999999999859e-06,3.800000000000000044e-01
7.810000000000001457e-06,4.000000000000000222e-01
7.820000000000001361e-06,3.800000000000000044e-01
7.830000000000001266e-06,3.800000000000000044e-01
7.840000000000001170e-06,4.000000000000000222e-01
7.850000000000001074e-06,3.599999999999999867e-01
7.860000000000000978e-06,3.800000000000000044e-01
7.870000000000000883e-06,4.000000000000000222e-01
7.880000000000000787e-06,4.000000000000000222e-01
7.890000000000000691e-06,4.199999999999999845e-01
7.900000000000000595e-06,3.800000000000000044e-01
7.910000000000000500e-06,3.800000000000000044e-01
7.920000000000000404e-06,4.000000000000000222e-01
7.930000000000000308e-06,4.000000000000000222e-01
7.940000000000000212e-06,4.199999999999999845e-01
7.950000000000000117e-06,3.800000000000000044e-01
7.960000000000000021e-06,3.800000000000000044e-01
7.969999999999999925e-06,4.199999999999999845e-01
7.979999999999999829e-06,3.800000000000000044e-01
7.990000000000001428e-06,4.000000000000000222e-01
8.000000000000001332e-06,3.800000000000000044e-01
8.010000000000001236e-06,4.400000000000000022e-01
8.020000000000001141e-06,4.199999999999999845e-01
8.030000000000001045e-06,4.199999999999999845e-01
8.040000000000000949e-06,4.400000000000000022e-01
8.050000000000000853e-06,4.400000000000000022e-01
8.060000000000000758e-06,4.400000000000000022e-01
8.070000000000000662e-06,4.400000000000000022e-01
8.080000000000000566e-06,4.400000000000000022e-01
8.090000000000000470e-06,4.600000000000000200e-01
8.100000000000000375e-06,4.400000000000000022e-01
8.110000000000000279e-06,4.400000000000000022e-01
8.120000000000000183e-06,4.600000000000000200e-01
8.130000000000000087e-06,4.400000000000000022e-01
8.139999999999999992e-06,4.799999999999999822e-01
8.149999999999999896e-06,4.799999999999999822e-01
8.160000000000001494e-06,4.799999999999999822e-01
8.170000000000001398e-06,5.000000000000000000e-01
8.180000000000001303e-06,4.799999999999999822e-01
8.190000000000001207e-06,5.400000000000000355e-01
8.200000000000001111e-06,5.000000000000000000e-01
8.210000000000001015e-06,5.400000000000000355e-01
8.220000000000000920e-06,5.600000000000000533e-01
8.230000000000000824e-06,5.600000000000000533e-01
8.240000000000000728e-06,5.999999999999999778e-01
8.250000000000000633e-06,5.999999999999999778e-01
8.260000000000000537e-06,5.799999999999999600e-01
8.270000000000000441e-06,6.199999999999999956e-01
8.280000000000000345e-06,6.199999999999999956e-01
8.290000000000000250e-06,6.400000000000000133e-01
8.300000000000000154e-06,6.600000000000000311e-01
8.310000000000000058e-06,6.800000000000000488e-01
8.319999999999999962e-06,6.600000000000000311e-01
8.329999999999999867e-06,6.800000000000000488e-01
8.340000000000001465e-06,7.199999999999999734e-01
8.350000000000001369e-06,7.199999999999999734e-01
8.360000000000001273e-06,7.199999999999999734e-01
8.370000000000001178e-06,7.600000000000000089e-01
8.380000000000001082e-06,7.600000000000000089e-01
8.390000000000000986e-06,7.600000000000000089e-01
8.400000000000000890e-06,8.200000000000000622e-01
8.410000000000000795e-06,7.800000000000000266e-01
8.420000000000000699e-06,8.200000000000000622e-01
8.430000000000000603e-06,8.200000000000000622e-01
8.440000000000000507e-06,8.399999999999999689e-01
8.450000000000000412e-06,8.399999999999999689e-01
8.460000000000000316e-06,8.399999999999999689e-01
8.470000000000000220e-06,8.599999999999999867e-01
8.480000000000000124e-06,8.800000000000000044e-01
8.490000000000000029e-06,8.599999999999999867e-01
8.499999999999999933e-06,8.599999999999999867e-01
8.509999999999999837e-06,8.399999999999999689e-01
8.520000000000001436e-06,8.599999999999999867e-01
8.530000000000001340e-06,8.599999999999999867e-01
8.540000000000001244e-06,8.399999999999999689e-01
8.550000000000001148e-06,8.200000000000000622e-01
8.560000000000001053e-06,8.399999999999999689e-01
8.570000000000000957e-06,8.399999999999999689e-01
8.580000000000000861e-06,8.200000000000000622e-01
8.590000000000000765e-06,8.200000000000000622e-01
8.600000000000000670e-06,8.000000000000000444e-01
8.610000000000000574e-06,7.800000000000000266e-01
8.620000000000000478e-06,8.200000000000000622e-01
8.630000000000000382e-06,8.000000000000000444e-01
8.640000000000000287e-06,7.600000000000000089e-01
8.650000000000000191e-06,7.399999999999999911e-01
8.660000000000000095e-06,7.399999999999999911e-01
8.669999999999999999e-06,7.199999999999999734e-01
8.679999999999999904e-06,7.199999999999999734e-01
8.690000000000001502e-06,7.000000000000000666e-01
8.700000000000001406e-06,7.000000000000000666e-01
8.710000000000001311e-06,7.199999999999999734e-01
8.720000000000001215e-06,7.000000000000000666e-01
8.730000000000001119e-06,6.800000000000000488e-01
8.740000000000001023e-06,6.600000000000000311e-01
8.750000000000000928e-06,6.800000000000000488e-01
8.760000000000000832e-06,6.800000000000000488e-01
8.770000000000000736e-06,6.600000000000000311e-01
8.780000000000000640e-06,6.600000000000000311e-01
8.790000000000000545e-06,6.600000000000000311e-01
8.800000000000000449e-06,6.400000000000000133e-01
8.810000000000000353e-06,6.199999999999999956e-01
8.820000000000000257e-06,6.199999999999999956e-01
8.830000000000000162e-06,5.999999999999999778e-01
8.840000000000000066e-06,5.999999999999999778e-01
8.849999999999999970e-06,5.799999999999999600e-01
8.859999999999999874e-06,5.999999999999999778e-01
8.870000000000001473e-06,5.799999999999999600e-01
8.880000000000001377e-06,5.799999999999999600e-01
8.890000000000001281e-06,5.799999999999999600e-01
8.900000000000001185e-06,5.600000000000000533e-01
8.910000000000001090e-06,5.999999999999999778e-01
8.920000000000000994e-06,5.400000000000000355e-01
8.930000000000000898e-06,5.600000000000000533e-01
8.940000000000000802e-06,5.400000000000000355e-01
8.950000000000000707e-06,5.000000000000000000e-01
8.960000000000000611e-06,5.600000000000000533e-01
8.970000000000000515e-06,5.200000000000000178e-01
8.980000000000000419e-06,5.400000000000000355e-01
8.990000000000000324e-06,5.200000000000000178e-01
9.000000000000000228e-06,5.200000000000000178e-01
9.010000000000000132e-06,5.200000000000000178e-01
9.020000000000000037e-06,5.000000000000000000e-01
9.029999999999999941e-06,5.000000000000000000e-01
9.039999999999999845e-06,5.200000000000000178e-01
9.050000000000001443e-06,5.400000000000000355e-01
9.060000000000001348e-06,5.000000000000000000e-01
9.070000000000001252e-06,5.000000000000000000e-01
9.080000000000001156e-06,5.000000000000000000e-01
9.090000000000001060e-06,5.000000000000000000e-01
9.100000000000000965e-06,4.799999999999999822e-01
9.110000000000000869e-06,5.000000000000000000e-01
9.120000000000000773e-06,4.600000000000000200e-01
9.130000000000000677e-06,4.799999999999999822e-01
9.140000000000000582e-06,4.799999999999999822e-01
9.150000000000000486e-06,4.799999999999999822e-01
9.160000000000000390e-06,4.799999999999999822e-01
9.170000000000000294e-06,4.799999999999999822e-01
9.180000000000000199e-06,4.799999999999999822e-01
9.190000000000000103e-06,4.799999999999999822e-01
9.200000000000000007e-06,4.600000000000000200e-01
9.209999999999999911e-06,4.600000000000000200e-01
9.220000000000001510e-06,4.400000000000000022e-01
9.230000000000001414e-06,4.600000000000000200e-01
9.240000000000001318e-06,4.600000000000000200e-01
9.250000000000001223e-06,4.600000000000000200e-01
9.260000000000001127e-06,4.799999999999999822e-01
9.270000000000001031e-06,4.400000000000000022e-01
9.280000000000000935e-06,4.600000000000000200e-01
9.290000000000000840e-06,4.400000000000000022e-01
9.300000000000000744e-06,4.600000000000000200e-01
9.310000000000000648e-06,4.199999999999999845e-01
9.320000000000000552e-06,4.400000000000000022e-01
9.330000000000000457e-06,4.199999999999999845e-01
9.340000000000000361e-06,4.400000000000000022e-01
9.350000000000000265e-06,4.400000000000000022e-01
9.360000000000000169e-06,4.400000000000000022e-01
9.370000000000000074e-06,4.400000000000000022e-01
9.379999999999999978e-06,4.400000000000000022e-01
9.389999999999999882e-06,4.400000000000000022e-01
9.400000000000001480e-06,4.199999999999999845e-01
9.410000000000001385e-06,4.400000000000000022e-01
9.420000000000001289e-06,4.199999999999999845e-01
9.430000000000001193e-06,4.199999999999999845e-01
9.440000000000001097e-06,4.400000000000000022e-01
9.450000000000001002e-06,4.400000000000000022e-01
9.460000000000000906e-06,4.199999999999999845e-01
9.470000000000000810e-06,4.400000000000000022e-01
9.480000000000000715e-06,4.600000000000000200e-01
9.490000000000000619e-06,4.199999999999999845e-01
9.500000000000000523e-06,4.199999999999999845e-01
9.510000000000000427e-06,4.400000000000000022e-01
9.520000000000000332e-06,4.199999999999999845e-01
9.530000000000000236e-06,4.199999999999999845e-01
9.540000000000000140e-06,4.199999999999999845e-01
9.550000000000000044e-06,4.199999999999999845e-01
9.559999999999999949e-06,4.000000000000000222e-01
9.570000000000001547e-06,4.000000000000000222e-01
9.579999999999999757e-06,4.199999999999999845e-01
9.590000000000001355e-06,4.199999999999999845e-01
9.599999999999999566e-06,3.800000000000000044e-01
9.610000000000001164e-06,4.199999999999999845e-01
9.619999999999999374e-06,4.400000000000000022e-01
9.630000000000000972e-06,4.000000000000000222e-01
9.639999999999999183e-06,4.199999999999999845e-01
9.650000000000000781e-06,4.000000000000000222e-01
9.660000000000002379e-06,4.000000000000000222e-01
9.670000000000000589e-06,4.000000000000000222e-01
9.680000000000002188e-06,4.000000000000000222e-01
9.690000000000000398e-06,4.199999999999999845e-01
9.700000000000001996e-06,4.199999999999999845e-01
9.710000000000000206e-06,4.000000000000000222e-01
9.720000000000001805e-06,4.000000000000000222e-01
9.730000000000000015e-06,3.800000000000000044e-01
9.740000000000001613e-06,4.000000000000000222e-01
9.749999999999999823e-06,4.199999999999999845e-01
9.760000000000001422e-06,4.199999999999999845e-01
9.769999999999999632e-06,4.199999999999999845e-01
9.780000000000001230e-06,4.199999999999999845e-01
9.789999999999999441e-06,4.199999999999999845e-01
9.800000000000001039e-06,4.199999999999999845e-01
9.809999999999999249e-06,4.000000000000000222e-01
9.820000000000000847e-06,4.000000000000000222e-01
9.829999999999999058e-06,4.000000000000000222e-01
9.840000000000000656e-06,4.199999999999999845e-01
9.850000000000002254e-06,4.199999999999999845e-01
9.860000000000000464e-06,4.400000000000000022e-01
9.870000000000002063e-06,4.199999999999999845e-01
9.880000000000000273e-06,4.199999999999999845e-01
9.890000000000001871e-06,4.400000000000000022e-01
9.900000000000000081e-06,4.400000000000000022e-01
9.910000000000001680e-06,4.400000000000000022e-01
9.919999999999999890e-06,4.600000000000000200e-01
9.930000000000001488e-06,4.000000000000000222e-01
9.939999999999999698e-06,4.199999999999999845e-01
9.950000000000001297e-06,4.600000000000000200e-01
9.959999999999999507e-06,4.400000000000000022e-01
9.970000000000001105e-06,4.400000000000000022e-01
9.979999999999999315e-06,4.799999999999999822e-01
9.990000000000000914e-06,4.600000000000000200e-01
9.999999999999999124e-06,4.799999999999999822e-01
1.001000000000000072e-05,4.600000000000000200e-01
1.002000000000000232e-05,4.600000000000000200e-01
1.003000000000000053e-05,4.799999999999999822e-01
1.004000000000000213e-05,4.799999999999999822e-01
1.005000000000000034e-05,5.000000000000000000e-01
1.006000000000000194e-05,5.000000000000000000e-01
1.007000000000000015e-05,5.200000000000000178e-01
1.008000000000000175e-05,5.400000000000000355e-01
1.008999999999999996e-05,5.200000000000000178e-01
1.010000000000000155e-05,5.400000000000000355e-01
1.010999999999999976e-05,5.400000000000000355e-01
1.012000000000000136e-05,5.600000000000000533e-01
1.012999999999999957e-05,5.600000000000000533e-01
1.014000000000000117e-05,5.999999999999999778e-01
1.014999999999999938e-05,6.199999999999999956e-01
1.016000000000000098e-05,5.999999999999999778e-01
1.016999999999999919e-05,6.400000000000000133e-01
1.018000000000000079e-05,6.600000000000000311e-01
1.019000000000000239e-05,7.000000000000000666e-01
1.020000000000000060e-05,6.800000000000000488e-01
1.021000000000000220e-05,6.800000000000000488e-01
1.022000000000000041e-05,7.399999999999999911e-01
1.023000000000000200e-05,7.600000000000000089e-01
1.024000000000000021e-05,7.800000000000000266e-01
1.025000000000000181e-05,8.200000000000000622e-01
1.026000000000000002e-05,8.200000000000000622e-01
1.027000000000000162e-05,8.599999999999999867e-01
1.027999999999999983e-05,9.000000000000000222e-01
1.029000000000000143e-05,9.200000000000000400e-01
1.029999999999999964e-05,9.200000000000000400e-01
1.031000000000000124e-05,9.400000000000000577e-01
1.031999999999999945e-05,9.799999999999999822e-01
1.033000000000000105e-05,1.000000000000000000e+00
1.033999999999999926e-05,1.040000000000000036e+00
1.035000000000000086e-05,1.060000000000000053e+00
1.035999999999999907e-05,1.080000000000000071e+00
1.037000000000000066e-05,1.120000000000000107e+00
1.038000000000000226e-05,1.140000000000000124e+00
1.039000000000000047e-05,1.140000000000000124e+00
1.040000000000000207e-05,1.179999999999999938e+00
1.041000000000000028e-05,1.179999999999999938e+00
1.042000000000000188e-05,1.179999999999999938e+00
1.043000000000000009e-05,1.199999999999999956e+00
1.044000000000000169e-05,1.179999999999999938e+00
1.044999999999999990e-05,1.159999999999999920e+00
1.046000000000000150e-05,1.199999999999999956e+00
1.046999999999999971e-05,1.179999999999999938e+00
1.048000000000000130e-05,1.159999999999999920e+00
1.048999999999999951e-05,1.140000000000000124e+00
1.050000000000000111e-05,1.179999999999999938e+00
1.050999999999999932e-05,1.140000000000000124e+00
1.052000000000000092e-05,1.120000000000000107e+00
1.052999999999999913e-05,1.100000000000000089e+00
1.054000000000000073e-05,1.060000000000000053e+00
1.055000000000000233e-05,1.060000000000000053e+00
1.056000000000000054e-05,1.040000000000000036e+00
1.057000000000000214e-05,1.020000000000000018e+00
1.058000000000000035e-05,1.000000000000000000e+00
1.059000000000000195e-05,9.599999999999999645e-01
1.060000000000000016e-05,9.599999999999999645e-01
1.061000000000000175e-05,9.400000000000000577e-01
1.061999999999999996e-05,9.400000000000000577e-01
1.063000000000000156e-05,8.800000000000000044e-01
1.063999999999999977e-05,8.800000000000000044e-01
1.065000000000000137e-05,8.599999999999999867e-01
1.065999999999999958e-05,8.399999999999999689e-01
1.067000000000000118e-05,8.399999999999999689e-01
1.067999999999999939e-05,8.200000000000000622e-01
1.069000000000000099e-05,8.000000000000000444e-01
1.069999999999999920e-05,8.000000000000000444e-01
1.071000000000000080e-05,7.600000000000000089e-01
1.072000000000000239e-05,7.800000000000000266e-01
1.073000000000000061e-05,7.399999999999999911e-01
1.074000000000000220e-05,7.600000000000000089e-01
1.075000000000000041e-05,7.399999999999999911e-01
1.076000000000000201e-05,7.399999999999999911e-01
1.077000000000000022e-05,7.199999999999999734e-01
1.078000000000000182e-05,7.000000000000000666e-01
1.079000000000000003e-05,6.800000000000000488e-01
1.080000000000000163e-05,6.800000000000000488e-01
1.080999999999999984e-05,6.600000000000000311e-01
1.082000000000000144e-05,6.800000000000000488e-01
1.082999999999999965e-05,6.600000000000000311e-01
1.084000000000000125e-05,6.600000000000000311e-01
1.084999999999999946e-05,6.600000000000000311e-01
1.086000000000000105e-05,6.400000000000000133e-01
1.086999999999999926e-05,6.400000000000000133e-01
1.088000000000000086e-05,6.199999999999999956e-01
1.088999999999999907e-05,6.400000000000000133e-01
1.090000000000000067e-05,5.999999999999999778e-01
1.091000000000000227e-05,6.199999999999999956e-01
1.092000000000000048e-05,5.799999999999999600e-01
1.093000000000000208e-05,5.999999999999999778e-01
1.094000000000000029e-05,5.999999999999999778e-01
1.095000000000000189e-05,5.799999999999999600e-01
1.096000000000000010e-05,5.799999999999999600e-01
1.097000000000000170e-05,5.799999999999999600e-01
1.097999999999999991e-05,5.799999999999999600e-01
1.099000000000000150e-05,5.799999999999999600e-01
1.099999999999999971e-05,5.600000000000000533e-01
1.101000000000000131e-05,5.600000000000000533e-01
1.101999999999999952e-05,5.799999999999999600e-01
1.103000000000000112e-05,5.799999999999999600e-01
1.103999999999999933e-05,5.600000000000000533e-01
1.105000000000000093e-05,5.799999999999999600e-01
1.105999999999999914e-05,5.400000000000000355e-01
1.107000000000000074e-05,5.400000000000000355e-01
1.108000000000000234e-05,5.200000000000000178e-01
1.109000000000000055e-05,5.600000000000000533e-01
1.110000000000000214e-05,5.400000000000000355e-01
1.111000000000000035e-05,5.600000000000000533e-01
1.112000000000000195e-05,5.400000000000000355e-01
1.113000000000000016e-05,5.400000000000000355e-01
1.114000000000000176e-05,5.400000000000000355e-01
1.114999999999999997e-05,5.200000000000000178e-01
1.116000000000000157e-05,5.600000000000000533e-01
1.116999999999999978e-05,5.200000000000000178e-01
1.118000000000000138e-05,5.000000000000000000e-01
1.118999999999999959e-05,5.200000000000000178e-01
1.120000000000000119e-05,5.000000000000000000e-01
1.120999999999999940e-05,5.000000000000000000e-01
1.122000000000000100e-05,5.200000000000000178e-01
1.122999999999999921e-05,5.000000000000000000e-01
1.124000000000000080e-05,5.200000000000000178e-01
1.125000000000000240e-05,5.200000000000000178e-01
1.126000000000000061e-05,5.200000000000000178e-01
1.127000000000000221e-05,5.000000000000000000e-01
1.128000000000000042e-05,4.799999999999999822e-01
1.129000000000000202e-05,4.799999999999999822e-01
1.130000000000000023e-05,4.600000000000000200e-01
1.131000000000000183e-05,5.000000000000000000e-01
1.132000000000000004e-05,4.799999999999999822e-01
1.133000000000000164e-05,4.799999999999999822e-01
1.133999999999999985e-05,4.600000000000000200e-01
1.135000000000000145e-05,5.000000000000000000e-01
1.135999999999999966e-05,5.000000000000000000e-01
1.137000000000000125e-05,5.200000000000000178e-01
1.137999999999999946e-05,4.799999999999999822e-01
1.139000000000000106e-05,4.799999999999999822e-01
1.139999999999999927e-05,5.000000000000000000e-01
1.141000000000000087e-05,5.000000000000000000e-01
1.141999999999999908e-05,4.600000000000000200e-01
1.143000000000000068e-05,4.600000000000000200e-01
1.144000000000000228e-05,4.799999999999999822e-01
1.145000000000000049e-05,5.000000000000000000e-01
1.146000000000000209e-05,5.000000000000000000e-01
1.147000000000000030e-05,4.799999999999999822e-01
1.148000000000000189e-05,4.600000000000000200e-01
1.149000000000000010e-05,4.799999999999999822e-01
1.150000000000000170e-05,4.600000000000000200e-01
1.150999999999999991e-05,4.799999999999999822e-01
1.152000000000000151e-05,4.799999999999999822e-01
1.152999999999999972e-05,4.600000000000000200e-01
1.154000000000000132e-05,4.600000000000000200e-01
1.154999999999999953e-05,4.799999999999999822e-01
1.156000000000000113e-05,4.600000000000000200e-01
1.156999999999999934e-05,4.600000000000000200e-01
1.158000000000000094e-05,4.600000000000000200e-01
1.158999999999999915e-05,4.600000000000000200e-01
1.160000000000000075e-05,4.600000000000000200e-01
1.161000000000000234e-05,4.400000000000000022e-01
1.162000000000000055e-05,4.600000000000000200e-01
1.163000000000000215e-05,4.400000000000000022e-01
1.164000000000000036e-05,4.400000000000000022e-01
1.165000000000000196e-05,4.600000000000000200e-01
1.166000000000000017e-05,4.400000000000000022e-01
1.167000000000000177e-05,4.400000000000000022e-01
1.167999999999999998e-05,4.400000000000000022e-01
1.169000000000000158e-05,4.400000000000000022e-01
1.169999999999999979e-05,4.199999999999999845e-01
1.171000000000000139e-05,4.199999999999999845e-01
1.171999999999999960e-05,4.600000000000000200e-01
1.173000000000000120e-05,4.400000000000000022e-01
1.173999999999999941e-05,4.400000000000000022e-01
1.175000000000000100e-05,4.799999999999999822e-01
1.175999999999999921e-05,4.199999999999999845e-01
1.177000000000000081e-05,4.400000000000000022e-01
1.178000000000000241e-05,4.600000000000000200e-01
1.179000000000000062e-05,4.400000000000000022e-01
1.180000000000000222e-05,4.000000000000000222e-01
1.181000000000000043e-05,4.400000000000000022e-01
1.182000000000000203e-05,4.400000000000000022e-01
1.183000000000000024e-05,4.199999999999999845e-01
1.184000000000000184e-05,4.400000000000000022e-01
1.185000000000000005e-05,4.400000000000000022e-01
1.186000000000000164e-05,4.199999999999999845e-01
1.186999999999999985e-05,4.199999999999999845e-01
1.188000000000000145e-05,4.400000000000000022e-01
1.188999999999999966e-05,4.199999999999999845e-01
1.190000000000000126e-05,4.199999999999999845e-01
1.190999999999999947e-05,4.000000000000000222e-01
1.192000000000000107e-05,3.800000000000000044e-01
1.192999999999999928e-05,4.199999999999999845e-01
1.194000000000000088e-05,4.199999999999999845e-01
1.194999999999999909e-05,4.400000000000000022e-01
1.196000000000000069e-05,4.400000000000000022e-01
1.197000000000000229e-05,4.199999999999999845e-01
1.198000000000000050e-05,4.400000000000000022e-01
1.199000000000000209e-05,4.199999999999999845e-01
1.200000000000000030e-05,4.400000000000000022e-01
1.201000000000000190e-05,4.000000000000000222e-01
1.202000000000000011e-05,4.199999999999999845e-01
1.203000000000000171e-05,4.199999999999999845e-01
1.203999999999999992e-05,4.000000000000000222e-01
1.205000000000000152e-05,4.199999999999999845e-01
1.205999999999999973e-05,4.199999999999999845e-01
1.207000000000000133e-05,4.199999999999999845e-01
1.207999999999999954e-05,3.800000000000000044e-01
1.209000000000000114e-05,4.000000000000000222e-01
1.209999999999999935e-05,4.199999999999999845e-01
1.211000000000000094e-05,4.199999999999999845e-01
1.211999999999999916e-05,3.800000000000000044e-01
1.213000000000000075e-05,4.400000000000000022e-01
1.214000000000000235e-05,4.000000000000000222e-01
1.215000000000000056e-05,4.400000000000000022e-01
1.216000000000000216e-05,4.199999999999999845e-01
1.217000000000000037e-05,4.199999999999999845e-01
1.218000000000000197e-05,4.000000000000000222e-01
1.219000000000000018e-05,4.000000000000000222e-01
1.220000000000000178e-05,4.000000000000000222e-01
1.220999999999999999e-05,4.000000000000000222e-01
1.222000000000000159e-05,4.000000000000000222e-01
1.222999999999999980e-05,4.000000000000000222e-01
1.224000000000000139e-05,4.000000000000000222e-01
1.224999999999999960e-05,4.199999999999999845e-01
1.226000000000000120e-05,4.000000000000000222e-01
1.226999999999999941e-05,4.000000000000000222e-01
1.228000000000000101e-05,4.000000000000000222e-01
1.228999999999999922e-05,3.800000000000000044e-01
1.230000000000000082e-05,3.800000000000000044e-01
1.231000000000000242e-05,4.000000000000000222e-01
1.232000000000000063e-05,3.800000000000000044e-01
1.233000000000000223e-05,3.800000000000000044e-01
1.234000000000000044e-05,3.800000000000000044e-01
1.235000000000000204e-05,3.800000000000000044e-01
1.236000000000000025e-05,4.199999999999999845e-01
1.237000000000000184e-05,3.800000000000000044e-01
1.238000000000000005e-05,3.800000000000000044e-01
1.239000000000000165e-05,4.000000000000000222e-01
1.239999999999999986e-05,4.199999999999999845e-01
1.241000000000000146e-05,3.800000000000000044e-01
1.241999999999999967e-05,3.800000000000000044e-01
1.243000000000000127e-05,3.800000000000000044e-01
1.243999999999999948e-05,3.800000000000000044e-01
1.245000000000000108e-05,3.800000000000000044e-01
1.245999999999999929e-05,4.000000000000000222e-01
1.247000000000000089e-05,3.800000000000000044e-01
1.247999999999999910e-05,4.000000000000000222e-01
1.249000000000000069e-05,4.000000000000000222e-01
1.250000000000000229e-05,3.800000000000000044e-01
1.251000000000000050e-05,3.800000000000000044e-01
1.252000000000000210e-05,3.800000000000000044e-01
1.253000000000000031e-05,3.800000000000000044e-01
1.254000000000000191e-05,3.800000000000000044e-01
1.255000000000000012e-05,3.800000000000000044e-01
1.256000000000000172e-05,3.800000000000000044e-01
1.256999999999999993e-05,3.599999999999999867e-01
1.258000000000000153e-05,3.800000000000000044e-01
1.258999999999999974e-05,4.000000000000000222e-01
1.260000000000000134e-05,3.599999999999999867e-01
1.260999999999999955e-05,3.599999999999999867e-01
1.262000000000000114e-05,3.800000000000000044e-01
1.262999999999999935e-05,3.400000000000000244e-01
1.264000000000000095e-05,3.800000000000000044e-01
1.264999999999999916e-05,3.800000000000000044e-01
1.266000000000000076e-05,3.599999999999999867e-01
1.267000000000000236e-05,3.800000000000000044e-01
1.268000000000000057e-05,3.599999999999999867e-01
1.269000000000000217e-05,3.599999999999999867e-01
1.270000000000000038e-05,3.599999999999999867e-01
1.271000000000000198e-05,3.800000000000000044e-01
1.272000000000000019e-05,3.800000000000000044e-01
1.273000000000000179e-05,3.599999999999999867e-01
1.274000000000000000e-05,3.800000000000000044e-01
1.275000000000000159e-05,3.599999999999999867e-01
1.275999999999999980e-05,3.800000000000000044e-01
1.277000000000000140e-05,3.599999999999999867e-01
1.277999999999999961e-05,3.599999999999999867e-01
1.279000000000000121e-05,3.599999999999999867e-01
1.279999999999999942e-05,3.400000000000000244e-01
1.281000000000000102e-05,3.599999999999999867e-01
1.281999999999999923e-05,3.599999999999999867e-01
1.283000000000000083e-05,3.599999999999999867e-01
1.284000000000000243e-05,4.000000000000000222e-01
1.285000000000000064e-05,3.400000000000000244e-01
1.286000000000000223e-05,3.599999999999999867e-01
1.287000000000000044e-05,3.599999999999999867e-01
1.288000000000000204e-05,3.599999999999999867e-01
1.289000000000000025e-05,3.599999999999999867e-01
1.290000000000000185e-05,3.599999999999999867e-01
1.291000000000000006e-05,3.400000000000000244e-01
1.292000000000000166e-05,3.800000000000000044e-01
1.292999999999999987e-05,3.599999999999999867e-01
1.294000000000000147e-05,3.400000000000000244e-01
1.294999999999999968e-05,3.599999999999999867e-01
1.296000000000000128e-05,3.400000000000000244e-01
1.296999999999999949e-05,3.599999999999999867e-01
1.298000000000000109e-05,3.599999999999999867e-01
1.298999999999999930e-05,3.400000000000000244e-01
1.300000000000000089e-05,3.599999999999999867e-01
1.300999999999999910e-05,3.599999999999999867e-01
1.302000000000000070e-05,3.599999999999999867e-01
1.303000000000000230e-05,3.599999999999999867e-01
1.304000000000000051e-05,3.599999999999999867e-01
1.305000000000000211e-05,3.400000000000000244e-01
1.306000000000000032e-05,3.200000000000000067e-01
1.307000000000000192e-05,3.599999999999999867e-01
1.308000000000000013e-05,3.599999999999999867e-01
1.309000000000000173e-05,3.599999999999999867e-01
1.309999999999999994e-05,3.599999999999999867e-01
1.311000000000000153e-05,3.400000000000000244e-01
1.311999999999999975e-05,3.599999999999999867e-01
1.313000000000000134e-05,3.400000000000000244e-01
1.313999999999999955e-05,3.599999999999999867e-01
1.315000000000000115e-05,3.599999999999999867e-01
1.315999999999999936e-05,3.599999999999999867e-01
1.317000000000000096e-05,3.599999999999999867e-01
1.317999999999999917e-05,3.200000000000000067e-01
1.319000000000000077e-05,3.400000000000000244e-01
1.320000000000000237e-05,3.599999999999999867e-01
1.321000000000000058e-05,3.400000000000000244e-01
1.322000000000000218e-05,3.400000000000000244e-01
1.323000000000000039e-05,3.599999999999999867e-01
1.324000000000000198e-05,3.599999999999999867e-01
1.325000000000000019e-05,3.599999999999999867e-01
1.326000000000000179e-05,3.400000000000000244e-01
1.327000000000000000e-05,3.400000000000000244e-01
1.328000000000000160e-05,3.800000000000000044e-01
1.328999999999999981e-05,3.599999999999999867e-01
1.330000000000000141e-05,4.000000000000000222e-01
1.330999999999999962e-05,3.599999999999999867e-01
1.332000000000000122e-05,4.000000000000000222e-01
1.332999999999999943e-05,3.800000000000000044e-01
1.334000000000000103e-05,3.800000000000000044e-01
1.334999999999999924e-05,4.000000000000000222e-01
1.336000000000000084e-05,3.800000000000000044e-01
1.337000000000000243e-05,4.000000000000000222e-01
1.338000000000000064e-05,3.800000000000000044e-01
1.339000000000000224e-05,4.199999999999999845e-01
1.340000000000000045e-05,4.199999999999999845e-01
1.341000000000000205e-05,4.199999999999999845e-01
1.342000000000000026e-05,4.199999999999999845e-01
1.343000000000000186e-05,4.199999999999999845e-01
1.344000000000000007e-05,4.199999999999999845e-01
1.345000000000000167e-05,4.199999999999999845e-01
1.345999999999999988e-05,4.199999999999999845e-01
1.347000000000000148e-05,4.600000000000000200e-01
1.347999999999999969e-05,4.600000000000000200e-01
1.349000000000000128e-05,4.799999999999999822e-01
1.349999999999999949e-05,4.799999999999999822e-01
1.351000000000000109e-05,5.200000000000000178e-01
1.351999999999999930e-05,5.000000000000000000e-01
1.353000000000000090e-05,5.400000000000000355e-01
1.353999999999999911e-05,5.200000000000000178e-01
1.355000000000000071e-05,5.600000000000000533e-01
1.356000000000000231e-05,5.400000000000000355e-01
1.357000000000000052e-05,5.999999999999999778e-01
1.358000000000000212e-05,6.199999999999999956e-01
1.359000000000000033e-05,5.999999999999999778e-01
1.360000000000000193e-05,6.400000000000000133e-01
1.361000000000000014e-05,6.600000000000000311e-01
1.362000000000000173e-05,6.800000000000000488e-01
1.362999999999999994e-05,7.000000000000000666e-01
1.364000000000000154e-05,7.000000000000000666e-01
1.364999999999999975e-05,7.399999999999999911e-01
1.366000000000000135e-05,7.600000000000000089e-01
1.366999999999999956e-05,7.600000000000000089e-01
1.368000000000000116e-05,8.000000000000000444e-01
1.368999999999999937e-05,8.200000000000000622e-01
1.370000000000000097e-05,8.200000000000000622e-01
1.370999999999999918e-05,8.399999999999999689e-01
1.372000000000000078e-05,8.200000000000000622e-01
1.373000000000000238e-05,8.599999999999999867e-01
1.374000000000000059e-05,8.399999999999999689e-01
1.375000000000000218e-05,9.000000000000000222e-01
1.376000000000000039e-05,9.000000000000000222e-01
1.377000000000000199e-05,8.800000000000000044e-01
1.378000000000000020e-05,9.000000000000000222e-01
1.379000000000000180e-05,8.800000000000000044e-01
1.380000000000000001e-05,9.000000000000000222e-01
1.381000000000000161e-05,8.800000000000000044e-01
1.381999999999999982e-05,8.800000000000000044e-01
1.383000000000000142e-05,8.800000000000000044e-01
1.383999999999999963e-05,8.800000000000000044e-01
1.385000000000000123e-05,8.800000000000000044e-01
1.385999999999999944e-05,8.800000000000000044e-01
1.387000000000000103e-05,8.599999999999999867e-01
1.387999999999999924e-05,8.599999999999999867e-01
1.389000000000000084e-05,8.399999999999999689e-01
1.390000000000000244e-05,8.200000000000000622e-01
1.391000000000000065e-05,8.200000000000000622e-01
1.392000000000000225e-05,8.000000000000000444e-01
1.393000000000000046e-05,8.200000000000000622e-01
1.394000000000000206e-05,8.000000000000000444e-01
1.395000000000000027e-05,7.800000000000000266e-01
1.396000000000000187e-05,7.600000000000000089e-01
1.397000000000000008e-05,7.600000000000000089e-01
1.398000000000000168e-05,7.600000000000000089e-01
1.398999999999999989e-05,7.199999999999999734e-01
1.400000000000000148e-05,7.199999999999999734e-01
1.400999999999999969e-05,7.000000000000000666e-01
1.402000000000000129e-05,7.199999999999999734e-01
1.402999999999999950e-05,7.199999999999999734e-01
1.404000000000000110e-05,7.000000000000000666e-01
1.404999999999999931e-05,6.600000000000000311e-01
1.406000000000000091e-05,6.800000000000000488e-01
1.406999999999999912e-05,6.800000000000000488e-01
1.408000000000000072e-05,6.800000000000000488e-01
1.409000000000000232e-05,6.800000000000000488e-01
1.410000000000000053e-05,6.600000000000000311e-01
1.411000000000000212e-05,6.600000000000000311e-01
1.412000000000000034e-05,6.400000000000000133e-01
1.413000000000000193e-05,6.400000000000000133e-01
1.414000000000000014e-05,6.199999999999999956e-01
1.415000000000000174e-05,6.199999999999999956e-01
1.415999999999999995e-05,6.199999999999999956e-01
1.417000000000000155e-05,5.999999999999999778e-01
1.417999999999999976e-05,5.999999999999999778e-01
1.419000000000000136e-05,5.999999999999999778e-01
1.419999999999999957e-05,5.799999999999999600e-01
1.421000000000000117e-05,5.999999999999999778e-01
1.421999999999999938e-05,5.999999999999999778e-01
1.423000000000000098e-05,5.799999999999999600e-01
1.423999999999999919e-05,5.999999999999999778e-01
1.425000000000000078e-05,5.799999999999999600e-01
1.426000000000000238e-05,5.600000000000000533e-01
1.427000000000000059e-05,5.799999999999999600e-01
1.428000000000000219e-05,5.600000000000000533e-01
1.429000000000000040e-05,5.799999999999999600e-01
1.430000000000000200e-05,5.600000000000000533e-01
1.431000000000000021e-05,5.400000000000000355e-01
1.432000000000000181e-05,5.400000000000000355e-01
1.433000000000000002e-05,5.600000000000000533e-01
1.434000000000000162e-05,5.799999999999999600e-01
1.434999999999999983e-05,5.200000000000000178e-01
1.436000000000000143e-05,5.400000000000000355e-01
1.436999999999999964e-05,5.400000000000000355e-01
1.438000000000000123e-05,5.799999999999999600e-01
1.438999999999999944e-05,5.400000000000000355e-01
1.440000000000000104e-05,5.600000000000000533e-01
1.440999999999999925e-05,5.600000000000000533e-01
1.442000000000000085e-05,5.600000000000000533e-01
1.443000000000000245e-05,5.400000000000000355e-01
1.444000000000000066e-05,5.400000000000000355e-01
1.445000000000000226e-05,5.400000000000000355e-01
1.446000000000000047e-05,5.400000000000000355e-01
1.447000000000000207e-05,5.200000000000000178e-01
1.448000000000000028e-05,5.200000000000000178e-01
1.449000000000000187e-05,5.400000000000000355e-01
1.450000000000000009e-05,5.000000000000000000e-01
1.451000000000000168e-05,5.400000000000000355e-01
1.451999999999999989e-05,5.400000000000000355e-01
1.453000000000000149e-05,4.799999999999999822e-01
1.453999999999999970e-05,5.200000000000000178e-01
1.455000000000000130e-05,5.000000000000000000e-01
1.455999999999999951e-05,5.200000000000000178e-01
1.457000000000000111e-05,5.400000000000000355e-01
1.457999999999999932e-05,5.200000000000000178e-01
1.459000000000000092e-05,4.799999999999999822e-01
1.459999999999999913e-05,4.799999999999999822e-01
1.461000000000000073e-05,4.799999999999999822e-01
1.462000000000000232e-05,5.000000000000000000e-01
1.463000000000000053e-05,5.000000000000000000e-01
1.464000000000000213e-05,5.200000000000000178e-01
1.465000000000000034e-05,5.200000000000000178e-01
1.466000000000000194e-05,4.799999999999999822e-01
1.467000000000000015e-05,4.799999999999999822e-01
1.468000000000000175e-05,5.200000000000000178e-01
1.468999999999999996e-05,5.200000000000000178e-01
1.470000000000000156e-05,4.799999999999999822e-01
1.470999999999999977e-05,4.600000000000000200e-01
1.472000000000000137e-05,5.200000000000000178e-01
1.472999999999999958e-05,4.799999999999999822e-01
1.474000000000000118e-05,5.200000000000000178e-01
1.474999999999999939e-05,5.000000000000000000e-01
1.476000000000000098e-05,4.799999999999999822e-01
1.476999999999999919e-05,4.600000000000000200e-01
1.478000000000000079e-05,5.000000000000000000e-01
1.479000000000000239e-05,5.200000000000000178e-01
1.480000000000000060e-05,4.799999999999999822e-01
1.481000000000000220e-05,4.600000000000000200e-01
1.482000000000000041e-05,4.799999999999999822e-01
1.483000000000000201e-05,4.799999999999999822e-01
1.484000000000000022e-05,4.799999999999999822e-01
1.485000000000000182e-05,5.000000000000000000e-01
1.486000000000000003e-05,4.799999999999999822e-01
1.487000000000000162e-05,5.000000000000000000e-01
1.487999999999999983e-05,4.600000000000000200e-01
1.489000000000000143e-05,4.799999999999999822e-01
1.489999999999999964e-05,4.799999999999999822e-01
1.491000000000000124e-05,4.600000000000000200e-01
1.491999999999999945e-05,4.799999999999999822e-01
1.493000000000000105e-05,4.600000000000000200e-01
1.493999999999999926e-05,4.799999999999999822e-01
1.495000000000000086e-05,4.799999999999999822e-01
1.496000000000000246e-05,4.600000000000000200e-01
1.497000000000000067e-05,4.799999999999999822e-01
1.498000000000000227e-05,4.799999999999999822e-01
1.499000000000000048e-05,4.799999999999999822e-01
1.500000000000000207e-05,4.799999999999999822e-01
1.501000000000000028e-05,4.600000000000000200e-01
1.502000000000000188e-05,4.799999999999999822e-01
1.503000000000000009e-05,4.799999999999999822e-01
1.504000000000000169e-05,4.799999999999999822e-01
1.504999999999999990e-05,4.799999999999999822e-01
1.506000000000000150e-05,4.799999999999999822e-01
1.506999999999999971e-05,4.799999999999999822e-01
1.508000000000000131e-05,4.600000000000000200e-01
1.508999999999999952e-05,4.600000000000000200e-01
1.510000000000000112e-05,4.799999999999999822e-01
1.510999999999999933e-05,4.400000000000000022e-01
1.512000000000000093e-05,4.799999999999999822e-01
1.512999999999999914e-05,4.600000000000000200e-01
1.514000000000000073e-05,4.799999999999999822e-01
1.515000000000000233e-05,4.600000000000000200e-01
1.516000000000000054e-05,4.600000000000000200e-01
1.517000000000000214e-05,4.600000000000000200e-01
1.518000000000000035e-05,4.799999999999999822e-01
1.519000000000000195e-05,4.600000000000000200e-01
1.520000000000000016e-05,4.799999999999999822e-01
1.521000000000000176e-05,4.600000000000000200e-01
1.521999999999999997e-05,4.600000000000000200e-01
1.523000000000000157e-05,4.600000000000000200e-01
1.523999999999999978e-05,4.400000000000000022e-01
1.525000000000000137e-05,4.600000000000000200e-01
1.525999999999999958e-05,4.799999999999999822e-01
1.527000000000000118e-05,4.600000000000000200e-01
1.527999999999999939e-05,4.600000000000000200e-01
1.529000000000000099e-05,4.400000000000000022e-01
1.529999999999999920e-05,4.400000000000000022e-01
1.531000000000000080e-05,4.600000000000000200e-01
1.532000000000000240e-05,4.600000000000000200e-01
1.533000000000000061e-05,4.799999999999999822e-01
1.534000000000000221e-05,4.199999999999999845e-01
1.535000000000000042e-05,4.600000000000000200e-01
1.536000000000000202e-05,5.000000000000000000e-01
1.537000000000000023e-05,4.799999999999999822e-01
1.538000000000000182e-05,4.400000000000000022e-01
1.539000000000000003e-05,4.600000000000000200e-01
1.540000000000000163e-05,4.799999999999999822e-01
1.540999999999999984e-05,4.600000000000000200e-01
1.542000000000000144e-05,4.799999999999999822e-01
1.542999999999999965e-05,4.400000000000000022e-01
1.544000000000000125e-05,4.600000000000000200e-01
1.544999999999999946e-05,4.799999999999999822e-01
1.546000000000000106e-05,4.600000000000000200e-01
1.546999999999999927e-05,4.600000000000000200e-01
1.548000000000000087e-05,4.400000000000000022e-01
1.549000000000000246e-05,4.600000000000000200e-01
1.550000000000000068e-05,4.600000000000000200e-01
1.551000000000000227e-05,4.799999999999999822e-01
1.552000000000000048e-05,4.400000000000000022e-01
1.553000000000000208e-05,4.600000000000000200e-01
1.554000000000000029e-05,4.400000000000000022e-01
1.555000000000000189e-05,4.400000000000000022e-01
1.556000000000000010e-05,4.400000000000000022e-01
1.557000000000000170e-05,4.400000000000000022e-01
1.557999999999999991e-05,4.600000000000000200e-01
1.559000000000000151e-05,4.400000000000000022e-01
1.559999999999999972e-05,4.400000000000000022e-01
1.561000000000000132e-05,4.600000000000000200e-01
1.561999999999999953e-05,4.400000000000000022e-01
1.563000000000000112e-05,4.600000000000000200e-01
1.563999999999999933e-05,4.400000000000000022e-01
1.565000000000000093e-05,4.600000000000000200e-01
1.565999999999999914e-05,4.400000000000000022e-01
1.567000000000000074e-05,4.600000000000000200e-01
1.568000000000000234e-05,4.799999999999999822e-01
1.569000000000000055e-05,4.600000000000000200e-01
1.570000000000000215e-05,4.799999999999999822e-01
1.571000000000000036e-05,4.600000000000000200e-01
1.572000000000000196e-05,4.400000000000000022e-01
1.573000000000000017e-05,4.400000000000000022e-01
1.574000000000000177e-05,4.600000000000000200e-01
1.574999999999999998e-05,4.400000000000000022e-01
1.576000000000000157e-05,4.400000000000000022e-01
1.576999999999999978e-05,4.199999999999999845e-01
1.578000000000000138e-05,4.199999999999999845e-01
1.578999999999999959e-05,4.799999999999999822e-01
1.580000000000000119e-05,4.400000000000000022e-01
1.580999999999999940e-05,4.600000000000000200e-01
1.582000000000000100e-05,4.600000000000000200e-01
1.582999999999999921e-05,4.400000000000000022e-01
1.584000000000000081e-05,4.600000000000000200e-01
1.585000000000000241e-05,4.199999999999999845e-01
1.586000000000000062e-05,4.600000000000000200e-01
1.587000000000000221e-05,4.400000000000000022e-01
1.588000000000000042e-05,4.400000000000000022e-01
1.589000000000000202e-05,4.600000000000000200e-01
1.590000000000000023e-05,4.400000000000000022e-01
1.591000000000000183e-05,4.600000000000000200e-01
1.592000000000000004e-05,4.400000000000000022e-01
1.593000000000000164e-05,4.600000000000000200e-01
1.593999999999999985e-05,4.400000000000000022e-01
1.595000000000000145e-05,4.400000000000000022e-01
1.595999999999999966e-05,4.600000000000000200e-01
1.597000000000000126e-05,4.600000000000000200e-01
1.597999999999999947e-05,4.600000000000000200e-01
1.599000000000000107e-05,4.400000000000000022e-01
1.599999999999999928e-05,4.400000000000000022e-01
1.601000000000000087e-05,4.400000000000000022e-01
1.602000000000000247e-05,4.400000000000000022e-01
1.603000000000000068e-05,4.600000000000000200e-01
1.604000000000000228e-05,4.400000000000000022e-01
1.605000000000000049e-05,4.400000000000000022e-01
1.606000000000000209e-05,4.400000000000000022e-01
1.607000000000000030e-05,4.400000000000000022e-01
1.608000000000000190e-05,4.199999999999999845e-01
1.609000000000000011e-05,4.600000000000000200e-01
1.610000000000000171e-05,4.199999999999999845e-01
1.610999999999999992e-05,4.600000000000000200e-01
1.612000000000000152e-05,4.400000000000000022e-01
1.612999999999999973e-05,4.400000000000000022e-01
1.614000000000000132e-05,4.400000000000000022e-01
1.614999999999999953e-05,4.400000000000000022e-01
1.616000000000000113e-05,4.400000000000000022e-01
1.616999999999999934e-05,4.400000000000000022e-01
1.618000000000000094e-05,4.400000000000000022e-01
1.618999999999999915e-05,4.400000000000000022e-01
1.620000000000000075e-05,4.199999999999999845e-01
1.621000000000000235e-05,4.199999999999999845e-01
1.622000000000000056e-05,4.400000000000000022e-01
1.623000000000000216e-05,4.199999999999999845e-01
1.624000000000000037e-05,4.400000000000000022e-01
1.625000000000000196e-05,4.400000000000000022e-01
1.626000000000000017e-05,4.400000000000000022e-01
1.627000000000000177e-05,4.600000000000000200e-01
1.627999999999999998e-05,4.400000000000000022e-01
1.629000000000000158e-05,4.400000000000000022e-01
1.629999999999999979e-05,4.600000000000000200e-01
1.631000000000000139e-05,4.400000000000000022e-01
1.631999999999999960e-05,4.600000000000000200e-01
1.633000000000000120e-05,4.199999999999999845e-01
1.633999999999999941e-05,4.400000000000000022e-01
1.635000000000000101e-05,4.400000000000000022e-01
1.635999999999999922e-05,4.400000000000000022e-01
1.637000000000000082e-05,4.400000000000000022e-01
1.638000000000000241e-05,4.199999999999999845e-01
1.639000000000000062e-05,4.799999999999999822e-01
1.640000000000000222e-05,4.400000000000000022e-01
1.641000000000000043e-05,4.600000000000000200e-01
1.642000000000000203e-05,4.600000000000000200e-01
1.643000000000000024e-05,4.400000000000000022e-01
1.644000000000000184e-05,4.400000000000000022e-01
1.645000000000000005e-05,4.199999999999999845e-01
1.646000000000000165e-05,4.000000000000000222e-01
1.646999999999999986e-05,4.400000000000000022e-01
1.648000000000000146e-05,4.400000000000000022e-01
1.648999999999999967e-05,4.400000000000000022e-01
1.650000000000000127e-05,4.400000000000000022e-01
1.650999999999999948e-05,4.199999999999999845e-01
1.652000000000000107e-05,4.199999999999999845e-01
1.652999999999999928e-05,4.199999999999999845e-01
1.654000000000000088e-05,4.400000000000000022e-01
1.655000000000000248e-05,4.400000000000000022e-01
1.656000000000000069e-05,4.199999999999999845e-01
1.657000000000000229e-05,4.199999999999999845e-01
1.658000000000000050e-05,4.000000000000000222e-01
1.659000000000000210e-05,4.000000000000000222e-01
1.660000000000000031e-05,3.800000000000000044e-01
1.661000000000000191e-05,4.199999999999999845e-01
1.662000000000000012e-05,4.199999999999999845e-01
1.663000000000000171e-05,4.199999999999999845e-01
1.663999999999999992e-05,4.000000000000000222e-01
1.665000000000000152e-05,4.400000000000000022e-01
1.665999999999999973e-05,4.199999999999999845e-01
1.667000000000000133e-05,4.400000000000000022e-01
1.667999999999999954e-05,4.400000000000000022e-01
1.669000000000000114e-05,4.199999999999999845e-01
1.669999999999999935e-05,4.400000000000000022e-01
1.671000000000000095e-05,4.000000000000000222e-01
1.671999999999999916e-05,4.000000000000000222e-01
1.673000000000000076e-05,4.199999999999999845e-01
1.674000000000000236e-05,4.000000000000000222e-01
1.675000000000000057e-05,4.000000000000000222e-01
1.676000000000000216e-05,4.400000000000000022e-01
1.677000000000000037e-05,4.199999999999999845e-01
1.678000000000000197e-05,4.199999999999999845e-01
1.679000000000000018e-05,4.199999999999999845e-01
1.680000000000000178e-05,4.000000000000000222e-01
1.680999999999999999e-05,4.000000000000000222e-01
1.682000000000000159e-05,4.199999999999999845e-01
1.682999999999999980e-05,4.400000000000000022e-01
1.684000000000000140e-05,4.000000000000000222e-01
1.684999999999999961e-05,4.199999999999999845e-01
1.686000000000000121e-05,4.000000000000000222e-01
1.686999999999999942e-05,3.800000000000000044e-01
1.688000000000000101e-05,4.199999999999999845e-01
1.688999999999999923e-05,3.800000000000000044e-01
1.690000000000000082e-05,4.000000000000000222e-01
1.691000000000000242e-05,4.000000000000000222e-01
1.692000000000000063e-05,4.000000000000000222e-01
1.693000000000000223e-05,3.800000000000000044e-01
1.694000000000000044e-05,4.000000000000000222e-01
1.695000000000000204e-05,4.000000000000000222e-01
1.696000000000000025e-05,4.199999999999999845e-01
1.697000000000000185e-05,4.000000000000000222e-01
1.698000000000000006e-05,4.000000000000000222e-01
1.699000000000000166e-05,3.800000000000000044e-01
1.699999999999999987e-05,4.199999999999999845e-01
1.701000000000000146e-05,4.000000000000000222e-01
1.701999999999999967e-05,3.800000000000000044e-01
1.703000000000000127e-05,3.599999999999999867e-01
1.703999999999999948e-05,4.000000000000000222e-01
1.705000000000000108e-05,4.000000000000000222e-01
1.705999999999999929e-05,4.000000000000000222e-01
1.707000000000000089e-05,4.000000000000000222e-01
1.708000000000000249e-05,3.800000000000000044e-01
1.709000000000000070e-05,4.000000000000000222e-01
1.710000000000000230e-05,4.000000000000000222e-01
1.711000000000000051e-05,4.000000000000000222e-01
1.712000000000000211e-05,4.000000000000000222e-01
1.713000000000000032e-05,4.199999999999999845e-01
1.714000000000000191e-05,3.800000000000000044e-01
1.715000000000000012e-05,3.800000000000000044e-01
1.716000000000000172e-05,4.000000000000000222e-01
1.716999999999999993e-05,3.599999999999999867e-01
1.718000000000000153e-05,3.800000000000000044e-01
1.718999999999999974e-05,3.800000000000000044e-01
1.720000000000000134e-05,3.800000000000000044e-01
1.720999999999999955e-05,3.800000000000000044e-01
1.722000000000000115e-05,3.599999999999999867e-01
1.722999999999999936e-05,3.800000000000000044e-01
1.724000000000000096e-05,3.800000000000000044e-01
1.724999999999999917e-05,3.800000000000000044e-01
1.726000000000000076e-05,4.000000000000000222e-01
1.727000000000000236e-05,3.800000000000000044e-01
1.728000000000000057e-05,3.800000000000000044e-01
1.729000000000000217e-05,3.599999999999999867e-01
1.730000000000000038e-05,4.000000000000000222e-01
1.731000000000000198e-05,4.000000000000000222e-01
1.732000000000000019e-05,3.800000000000000044e-01
1.733000000000000179e-05,4.000000000000000222e-01
1.734000000000000000e-05,3.800000000000000044e-01
1.735000000000000160e-05,3.800000000000000044e-01
1.735999999999999981e-05,3.800000000000000044e-01
1.737000000000000141e-05,3.599999999999999867e-01
1.737999999999999962e-05,3.599999999999999867e-01
1.739000000000000121e-05,3.800000000000000044e-01
1.739999999999999942e-05,4.000000000000000222e-01
1.741000000000000102e-05,3.800000000000000044e-01
1.741999999999999923e-05,3.599999999999999867e-01
1.743000000000000083e-05,4.000000000000000222e-01
1.744000000000000243e-05,3.800000000000000044e-01
1.745000000000000064e-05,3.599999999999999867e-01
1.746000000000000224e-05,3.800000000000000044e-01
1.747000000000000045e-05,3.599999999999999867e-01
1.748000000000000205e-05,4.000000000000000222e-01
1.749000000000000026e-05,3.800000000000000044e-01
1.750000000000000186e-05,3.599999999999999867e-01
1.751000000000000007e-05,3.800000000000000044e-01
1.752000000000000166e-05,3.599999999999999867e-01
1.752999999999999987e-05,3.599999999999999867e-01
1.754000000000000147e-05,4.000000000000000222e-01
1.754999999999999968e-05,3.800000000000000044e-01
1.756000000000000128e-05,3.599999999999999867e-01
1.756999999999999949e-05,3.400000000000000244e-01
1.758000000000000109e-05,3.800000000000000044e-01
1.758999999999999930e-05,3.599999999999999867e-01
1.760000000000000090e-05,3.800000000000000044e-01
1.761000000000000250e-05,3.800000000000000044e-01
1.762000000000000071e-05,3.800000000000000044e-01
1.763000000000000230e-05,4.000000000000000222e-01
1.764000000000000051e-05,3.599999999999999867e-01
1.765000000000000211e-05,3.800000000000000044e-01
1.766000000000000032e-05,3.800000000000000044e-01
1.767000000000000192e-05,3.800000000000000044e-01
1.768000000000000013e-05,3.800000000000000044e-01
1.769000000000000173e-05,3.800000000000000044e-01
1.769999999999999994e-05,3.400000000000000244e-01
1.771000000000000154e-05,3.400000000000000244e-01
1.771999999999999975e-05,3.599999999999999867e-01
1.773000000000000135e-05,3.400000000000000244e-01
1.773999999999999956e-05,3.599999999999999867e-01
1.775000000000000116e-05,3.800000000000000044e-01
1.775999999999999937e-05,3.599999999999999867e-01
1.777000000000000096e-05,3.599999999999999867e-01
1.777999999999999917e-05,3.400000000000000244e-01
1.779000000000000077e-05,3.599999999999999867e-01
1.780000000000000237e-05,3.599999999999999867e-01
1.781000000000000058e-05,3.400000000000000244e-01
1.782000000000000218e-05,3.599999999999999867e-01
1.783000000000000039e-05,3.400000000000000244e-01
1.784000000000000199e-05,3.400000000000000244e-01
1.785000000000000020e-05,3.599999999999999867e-01
1.786000000000000180e-05,3.599999999999999867e-01
1.787000000000000001e-05,3.800000000000000044e-01
1.788000000000000160e-05,3.400000000000000244e-01
1.788999999999999982e-05,3.599999999999999867e-01
1.790000000000000141e-05,3.599999999999999867e-01
1.790999999999999962e-05,3.400000000000000244e-01
1.792000000000000122e-05,3.599999999999999867e-01
1.792999999999999943e-05,3.400000000000000244e-01
1.794000000000000103e-05,3.800000000000000044e-01
1.794999999999999924e-05,3.599999999999999867e-01
1.796000000000000084e-05,3.599999999999999867e-01
1.797000000000000244e-05,3.400000000000000244e-01
1.798000000000000065e-05,3.599999999999999867e-01
1.799000000000000225e-05,3.599999999999999867e-01
1.800000000000000046e-05,3.599999999999999867e-01
1.801000000000000205e-05,3.200000000000000067e-01
1.802000000000000026e-05,3.400000000000000244e-01
1.803000000000000186e-05,3.400000000000000244e-01
1.804000000000000007e-05,3.800000000000000044e-01
1.805000000000000167e-05,3.599999999999999867e-01
1.805999999999999988e-05,3.400000000000000244e-01
1.807000000000000148e-05,3.599999999999999867e-01
1.807999999999999969e-05,3.400000000000000244e-01
1.809000000000000129e-05,3.800000000000000044e-01
1.809999999999999950e-05,3.599999999999999867e-01
1.811000000000000110e-05,3.400000000000000244e-01
1.811999999999999931e-05,3.400000000000000244e-01
1.813000000000000091e-05,3.599999999999999867e-01
1.814000000000000250e-05,3.400000000000000244e-01
1.815000000000000071e-05,3.599999999999999867e-01
1.816000000000000231e-05,3.400000000000000244e-01
1.817000000000000052e-05,3.599999999999999867e-01
1.818000000000000212e-05,3.599999999999999867e-01
1.819000000000000033e-05,3.599999999999999867e-01
1.820000000000000193e-05,3.400000000000000244e-01
1.821000000000000014e-05,3.200000000000000067e-01
1.822000000000000174e-05,3.599999999999999867e-01
1.822999999999999995e-05,3.400000000000000244e-01
1.824000000000000155e-05,3.400000000000000244e-01
1.824999999999999976e-05,3.400000000000000244e-01
1.826000000000000135e-05,3.400000000000000244e-01
1.826999999999999957e-05,3.599999999999999867e-01
1.828000000000000116e-05,3.599999999999999867e-01
1.828999999999999937e-05,3.599999999999999867e-01
1.830000000000000097e-05,3.800000000000000044e-01
1.830999999999999918e-05,3.400000000000000244e-01
1.832000000000000078e-05,3.599999999999999867e-01
1.833000000000000238e-05,3.400000000000000244e-01
1.834000000000000059e-05,3.400000000000000244e-01
1.835000000000000219e-05,3.400000000000000244e-01
1.836000000000000040e-05,3.599999999999999867e-01
1.837000000000000200e-05,3.400000000000000244e-01
1.838000000000000021e-05,3.800000000000000044e-01
1.839000000000000180e-05,3.800000000000000044e-01
1.840000000000000001e-05,3.599999999999999867e-01
1.841000000000000161e-05,3.400000000000000244e-01
1.841999999999999982e-05,3.400000000000000244e-01
1.843000000000000142e-05,3.800000000000000044e-01
1.843999999999999963e-05,3.400000000000000244e-01
1.845000000000000123e-05,3.599999999999999867e-01
1.845999999999999944e-05,3.400000000000000244e-01
1.847000000000000104e-05,3.400000000000000244e-01
1.847999999999999925e-05,3.599999999999999867e-01
1.849000000000000085e-05,3.400000000000000244e-01
1.850000000000000245e-05,3.800000000000000044e-01
1.851000000000000066e-05,3.599999999999999867e-01
1.852000000000000225e-05,3.400000000000000244e-01
1.853000000000000046e-05,3.599999999999999867e-01
1.854000000000000206e-05,3.400000000000000244e-01
1.855000000000000027e-05,3.400000000000000244e-01
1.856000000000000187e-05,3.400000000000000244e-01
1.857000000000000008e-05,3.400000000000000244e-01
1.858000000000000168e-05,3.599999999999999867e-01
1.858999999999999989e-05,3.599999999999999867e-01
1.860000000000000149e-05,3.599999999999999867e-01
1.860999999999999970e-05,3.599999999999999867e-01
1.862000000000000130e-05,3.599999999999999867e-01
1.862999999999999951e-05,3.400000000000000244e-01
1.864000000000000110e-05,3.400000000000000244e-01
1.864999999999999931e-05,3.400000000000000244e-01
1.866000000000000091e-05,3.400000000000000244e-01
1.867000000000000251e-05,3.599999999999999867e-01
1.868000000000000072e-05,3.599999999999999867e-01
1.869000000000000232e-05,3.599999999999999867e-01
1.870000000000000053e-05,3.400000000000000244e-01
1.871000000000000213e-05,3.599999999999999867e-01
1.872000000000000034e-05,2.999999999999999889e-01
1.873000000000000194e-05,3.400000000000000244e-01
1.874000000000000015e-05,3.400000000000000244e-01
1.875000000000000175e-05,3.400000000000000244e-01
1.875999999999999996e-05,3.400000000000000244e-01
1.877000000000000155e-05,3.400000000000000244e-01
1.877999999999999976e-05,3.400000000000000244e-01
1.879000000000000136e-05,3.599999999999999867e-01
1.879999999999999957e-05,3.599999999999999867e-01
1.881000000000000117e-05,3.400000000000000244e-01
1.881999999999999938e-05,3.400000000000000244e-01
1.883000000000000098e-05,3.599999999999999867e-01
1.883999999999999919e-05,3.400000000000000244e-01
1.885000000000000079e-05,3.200000000000000067e-01
1.886000000000000239e-05,3.599999999999999867e-01
1.887000000000000060e-05,3.400000000000000244e-01
1.888000000000000219e-05,3.599999999999999867e-01
1.889000000000000041e-05,3.599999999999999867e-01
1.890000000000000200e-05,3.400000000000000244e-01
1.891000000000000021e-05,3.599999999999999867e-01
1.892000000000000181e-05,3.400000000000000244e-01
1.893000000000000002e-05,3.400000000000000244e-01
1.894000000000000162e-05,3.400000000000000244e-01
1.894999999999999983e-05,3.400000000000000244e-01
1.896000000000000143e-05,3.400000000000000244e-01
1.896999999999999964e-05,3.400000000000000244e-01
1.898000000000000124e-05,3.400000000000000244e-01
1.898999999999999945e-05,3.400000000000000244e-01
1.900000000000000105e-05,3.200000000000000067e-01
1.900999999999999926e-05,3.400000000000000244e-01
1.902000000000000085e-05,3.200000000000000067e-01
1.903000000000000245e-05,3.599999999999999867e-01
1.904000000000000066e-05,3.400000000000000244e-01
1.905000000000000226e-05,3.200000000000000067e-01
1.906000000000000047e-05,3.400000000000000244e-01
1.907000000000000207e-05,3.400000000000000244e-01
1.908000000000000028e-05,3.599999999999999867e-01
1.909000000000000188e-05,3.400000000000000244e-01
1.910000000000000009e-05,3.400000000000000244e-01
1.911000000000000169e-05,3.599999999999999867e-01
1.911999999999999990e-05,2.999999999999999889e-01
1.913000000000000150e-05,3.599999999999999867e-01
1.913999999999999971e-05,3.400000000000000244e-01
1.915000000000000130e-05,3.400000000000000244e-01
1.915999999999999951e-05,3.599999999999999867e-01
1.917000000000000111e-05,3.400000000000000244e-01
1.917999999999999932e-05,3.400000000000000244e-01
1.919000000000000092e-05,3.599999999999999867e-01
1.920000000000000252e-05,3.400000000000000244e-01
1.921000000000000073e-05,3.200000000000000067e-01
1.922000000000000233e-05,3.200000000000000067e-01
1.923000000000000054e-05,3.599999999999999867e-01
1.924000000000000214e-05,3.400000000000000244e-01
1.925000000000000035e-05,3.400000000000000244e-01
1.926000000000000194e-05,3.599999999999999867e-01
1.927000000000000016e-05,3.400000000000000244e-01
1.928000000000000175e-05,3.599999999999999867e-01
1.928999999999999996e-05,3.599999999999999867e-01
