time_s,voltage_V
6.999999999999999895e-06,1.000000000000000000e+00
7.009999999999999799e-06,1.100000000000000089e+00
7.019999999999999704e-06,1.179999999999999938e+00
7.029999999999999608e-06,1.280000000000000027e+00
7.039999999999999512e-06,1.360000000000000098e+00
7.050000000000000263e-06,1.419999999999999929e+00
7.060000000000000168e-06,1.479999999999999982e+00
7.070000000000000072e-06,1.520000000000000018e+00
7.079999999999999976e-06,1.560000000000000053e+00
7.089999999999999880e-06,1.580000000000000071e+00
7.099999999999999785e-06,1.580000000000000071e+00
7.109999999999999689e-06,1.540000000000000036e+00
7.119999999999999593e-06,1.520000000000000018e+00
7.129999999999999497e-06,1.479999999999999982e+00
7.140000000000000249e-06,1.439999999999999947e+00
7.150000000000000153e-06,1.419999999999999929e+00
7.160000000000000057e-06,1.360000000000000098e+00
7.169999999999999961e-06,1.320000000000000062e+00
7.179999999999999866e-06,1.260000000000000009e+00
7.189999999999999770e-06,1.179999999999999938e+00
7.199999999999999674e-06,1.159999999999999920e+00
7.209999999999999578e-06,1.120000000000000107e+00
7.220000000000000330e-06,1.040000000000000036e+00
7.230000000000000234e-06,1.020000000000000018e+00
7.240000000000000138e-06,9.799999999999999822e-01
7.250000000000000043e-06,9.400000000000000577e-01
7.259999999999999947e-06,9.000000000000000222e-01
7.269999999999999851e-06,8.599999999999999867e-01
7.279999999999999755e-06,8.399999999999999689e-01
7.289999999999999660e-06,7.800000000000000266e-01
7.299999999999999564e-06,7.800000000000000266e-01
7.309999999999999468e-06,7.399999999999999911e-01
7.320000000000000219e-06,7.399999999999999911e-01
7.330000000000000124e-06,7.399999999999999911e-01
7.340000000000000028e-06,6.800000000000000488e-01
7.349999999999999932e-06,6.800000000000000488e-01
7.359999999999999836e-06,6.800000000000000488e-01
7.369999999999999741e-06,6.600000000000000311e-01
7.379999999999999645e-06,6.600000000000000311e-01
7.389999999999999549e-06,5.999999999999999778e-01
7.400000000000000300e-06,6.400000000000000133e-01
7.410000000000000205e-06,6.400000000000000133e-01
7.420000000000000109e-06,6.199999999999999956e-01
7.430000000000000013e-06,6.400000000000000133e-01
7.439999999999999917e-06,5.999999999999999778e-01
7.449999999999999822e-06,5.999999999999999778e-01
7.459999999999999726e-06,5.799999999999999600e-01
7.469999999999999630e-06,5.600000000000000533e-01
7.479999999999999534e-06,5.600000000000000533e-01
7.489999999999999439e-06,5.799999999999999600e-01
7.500000000000000190e-06,5.600000000000000533e-01
7.510000000000000094e-06,5.600000000000000533e-01
7.519999999999999999e-06,5.400000000000000355e-01
7.529999999999999903e-06,5.400000000000000355e-01
7.539999999999999807e-06,5.400000000000000355e-01
7.549999999999999711e-06,5.400000000000000355e-01
7.559999999999999616e-06,5.400000000000000355e-01
7.570000000000000367e-06,5.200000000000000178e-01
7.580000000000000271e-06,5.400000000000000355e-01
7.590000000000000175e-06,5.000000000000000000e-01
7.600000000000000080e-06,5.000000000000000000e-01
7.609999999999999984e-06,5.000000000000000000e-01
7.619999999999999888e-06,5.000000000000000000e-01
7.629999999999999792e-06,5.000000000000000000e-01
7.639999999999999697e-06,5.000000000000000000e-01
7.649999999999999601e-06,5.000000000000000000e-01
7.659999999999999505e-06,4.600000000000000200e-01
7.669999999999999409e-06,4.799999999999999822e-01
7.679999999999999314e-06,4.799999999999999822e-01
7.689999999999999218e-06,4.600000000000000200e-01
7.699999999999999122e-06,4.400000000000000022e-01
7.709999999999999026e-06,4.799999999999999822e-01
7.720000000000000625e-06,4.600000000000000200e-01
7.730000000000000529e-06,4.799999999999999822e-01
7.740000000000000433e-06,4.400000000000000022e-01
7.750000000000000338e-06,4.799999999999999822e-01
7.760000000000000242e-06,5.000000000000000000e-01
7.770000000000000146e-06,4.400000000000000022e-01
7.780000000000000050e-06,4.600000000000000200e-01
7.789999999999999955e-06,4.600000000000000200e-01
7.799999999999999859e-06,4.600000000000000200e-01
7.809999999999999763e-06,4.600000000000000200e-01
7.819999999999999667e-06,4.400000000000000022e-01
7.829999999999999572e-06,4.400000000000000022e-01
7.839999999999999476e-06,4.600000000000000200e-01
7.849999999999999380e-06,4.600000000000000200e-01
7.859999999999999284e-06,4.400000000000000022e-01
7.869999999999999189e-06,4.400000000000000022e-01
7.879999999999999093e-06,4.199999999999999845e-01
7.890000000000000691e-06,4.400000000000000022e-01
7.900000000000000595e-06,4.400000000000000022e-01
7.910000000000000500e-06,4.199999999999999845e-01
7.920000000000000404e-06,4.400000000000000022e-01
7.930000000000000308e-06,4.000000000000000222e-01
7.940000000000000212e-06,4.400000000000000022e-01
7.950000000000000117e-06,4.199999999999999845e-01
7.960000000000000021e-06,4.000000000000000222e-01
7.969999999999999925e-06,4.400000000000000022e-01
7.979999999999999829e-06,4.199999999999999845e-01
7.989999999999999734e-06,4.199999999999999845e-01
7.999999999999999638e-06,4.000000000000000222e-01
8.009999999999999542e-06,4.000000000000000222e-01
8.019999999999999446e-06,4.199999999999999845e-01
8.029999999999999351e-06,4.000000000000000222e-01
8.039999999999999255e-06,4.199999999999999845e-01
8.049999999999999159e-06,4.199999999999999845e-01
8.060000000000000758e-06,3.800000000000000044e-01
8.069999999999998968e-06,4.199999999999999845e-01
8.080000000000000566e-06,4.199999999999999845e-01
8.090000000000000470e-06,4.400000000000000022e-01
8.100000000000000375e-06,4.000000000000000222e-01
8.110000000000000279e-06,3.800000000000000044e-01
8.120000000000000183e-06,4.000000000000000222e-01
8.130000000000000087e-06,3.800000000000000044e-01
8.139999999999999992e-06,4.000000000000000222e-01
8.149999999999999896e-06,4.000000000000000222e-01
8.159999999999999800e-06,3.800000000000000044e-01
8.169999999999999704e-06,3.800000000000000044e-01
8.179999999999999609e-06,3.800000000000000044e-01
8.189999999999999513e-06,4.199999999999999845e-01
8.199999999999999417e-06,3.800000000000000044e-01
8.209999999999999321e-06,3.800000000000000044e-01
8.219999999999999226e-06,3.800000000000000044e-01
8.230000000000000824e-06,3.800000000000000044e-01
8.239999999999999034e-06,3.800000000000000044e-01
8.250000000000000633e-06,3.800000000000000044e-01
8.260000000000000537e-06,3.599999999999999867e-01
8.270000000000000441e-06,3.800000000000000044e-01
8.280000000000000345e-06,3.599999999999999867e-01
8.290000000000000250e-06,3.800000000000000044e-01
8.300000000000000154e-06,3.800000000000000044e-01
8.310000000000000058e-06,3.800000000000000044e-01
8.319999999999999962e-06,3.800000000000000044e-01
8.329999999999999867e-06,3.800000000000000044e-01
8.339999999999999771e-06,3.800000000000000044e-01
8.349999999999999675e-06,3.800000000000000044e-01
8.359999999999999579e-06,3.599999999999999867e-01
8.369999999999999484e-06,3.599999999999999867e-01
8.379999999999999388e-06,3.800000000000000044e-01
8.389999999999999292e-06,3.800000000000000044e-01
8.399999999999999196e-06,3.800000000000000044e-01
8.409999999999999101e-06,3.800000000000000044e-01
8.420000000000000699e-06,3.599999999999999867e-01
8.430000000000000603e-06,3.599999999999999867e-01
8.440000000000000507e-06,3.800000000000000044e-01
8.450000000000000412e-06,3.800000000000000044e-01
8.460000000000000316e-06,3.599999999999999867e-01
8.470000000000000220e-06,3.599999999999999867e-01
8.480000000000000124e-06,4.000000000000000222e-01
8.490000000000000029e-06,3.599999999999999867e-01
8.499999999999999933e-06,3.800000000000000044e-01
8.509999999999999837e-06,3.599999999999999867e-01
8.519999999999999742e-06,3.800000000000000044e-01
8.529999999999999646e-06,3.599999999999999867e-01
8.539999999999999550e-06,3.800000000000000044e-01
8.549999999999999454e-06,3.400000000000000244e-01
8.559999999999999359e-06,3.400000000000000244e-01
8.569999999999999263e-06,3.800000000000000044e-01
8.579999999999999167e-06,3.400000000000000244e-01
8.590000000000000765e-06,3.599999999999999867e-01
8.599999999999998976e-06,3.800000000000000044e-01
8.610000000000000574e-06,3.400000000000000244e-01
8.620000000000000478e-06,3.800000000000000044e-01
8.630000000000000382e-06,4.000000000000000222e-01
8.640000000000000287e-06,3.400000000000000244e-01
8.650000000000000191e-06,3.599999999999999867e-01
8.660000000000000095e-06,3.800000000000000044e-01
8.669999999999999999e-06,3.599999999999999867e-01
8.679999999999999904e-06,3.400000000000000244e-01
8.689999999999999808e-06,3.800000000000000044e-01
8.699999999999999712e-06,4.000000000000000222e-01
8.709999999999999616e-06,4.000000000000000222e-01
8.719999999999999521e-06,4.199999999999999845e-01
8.729999999999999425e-06,4.000000000000000222e-01
8.739999999999999329e-06,4.199999999999999845e-01
8.749999999999999233e-06,4.600000000000000200e-01
8.760000000000000832e-06,4.799999999999999822e-01
8.769999999999999042e-06,4.600000000000000200e-01
8.780000000000000640e-06,5.200000000000000178e-01
8.790000000000000545e-06,5.200000000000000178e-01
8.800000000000000449e-06,5.400000000000000355e-01
8.810000000000000353e-06,5.600000000000000533e-01
8.820000000000000257e-06,5.799999999999999600e-01
8.830000000000000162e-06,5.999999999999999778e-01
8.840000000000000066e-06,6.800000000000000488e-01
8.849999999999999970e-06,7.000000000000000666e-01
8.859999999999999874e-06,7.600000000000000089e-01
8.869999999999999779e-06,7.800000000000000266e-01
8.879999999999999683e-06,8.399999999999999689e-01
8.889999999999999587e-06,9.400000000000000577e-01
8.899999999999999491e-06,1.000000000000000000e+00
8.909999999999999396e-06,1.080000000000000071e+00
8.919999999999999300e-06,1.120000000000000107e+00
8.930000000000000898e-06,1.219999999999999973e+00
8.939999999999999108e-06,1.300000000000000044e+00
8.950000000000000707e-06,1.360000000000000098e+00
8.959999999999998917e-06,1.439999999999999947e+00
8.970000000000000515e-06,1.500000000000000000e+00
8.980000000000000419e-06,1.560000000000000053e+00
8.990000000000000324e-06,1.620000000000000107e+00
9.000000000000000228e-06,1.620000000000000107e+00
9.010000000000000132e-06,1.660000000000000142e+00
9.020000000000000037e-06,1.679999999999999938e+00
9.029999999999999941e-06,1.699999999999999956e+00
9.039999999999999845e-06,1.679999999999999938e+00
9.049999999999999749e-06,1.679999999999999938e+00
9.059999999999999654e-06,1.660000000000000142e+00
9.069999999999999558e-06,1.640000000000000124e+00
9.079999999999999462e-06,1.620000000000000107e+00
9.089999999999999366e-06,1.560000000000000053e+00
9.100000000000000965e-06,1.540000000000000036e+00
9.109999999999999175e-06,1.500000000000000000e+00
9.120000000000000773e-06,1.439999999999999947e+00
9.129999999999998983e-06,1.400000000000000133e+00
9.140000000000000582e-06,1.340000000000000080e+00
9.150000000000000486e-06,1.320000000000000062e+00
9.160000000000000390e-06,1.280000000000000027e+00
9.170000000000000294e-06,1.219999999999999973e+00
9.180000000000000199e-06,1.199999999999999956e+00
9.190000000000000103e-06,1.159999999999999920e+00
9.200000000000000007e-06,1.120000000000000107e+00
9.209999999999999911e-06,1.100000000000000089e+00
9.219999999999999816e-06,1.060000000000000053e+00
9.229999999999999720e-06,1.020000000000000018e+00
9.239999999999999624e-06,1.000000000000000000e+00
9.249999999999999528e-06,9.599999999999999645e-01
9.259999999999999433e-06,9.599999999999999645e-01
9.269999999999999337e-06,9.000000000000000222e-01
9.279999999999999241e-06,9.200000000000000400e-01
9.290000000000000840e-06,8.800000000000000044e-01
9.299999999999999050e-06,8.399999999999999689e-01
9.310000000000000648e-06,8.599999999999999867e-01
9.320000000000000552e-06,8.200000000000000622e-01
9.330000000000000457e-06,8.000000000000000444e-01
9.340000000000000361e-06,8.000000000000000444e-01
9.350000000000000265e-06,8.000000000000000444e-01
9.360000000000000169e-06,7.600000000000000089e-01
9.370000000000000074e-06,7.800000000000000266e-01
9.379999999999999978e-06,7.600000000000000089e-01
9.389999999999999882e-06,7.800000000000000266e-01
9.399999999999999786e-06,7.199999999999999734e-01
9.409999999999999691e-06,7.199999999999999734e-01
9.419999999999999595e-06,7.199999999999999734e-01
9.429999999999999499e-06,7.000000000000000666e-01
9.439999999999999403e-06,6.800000000000000488e-01
9.449999999999999308e-06,7.000000000000000666e-01
9.460000000000000906e-06,7.000000000000000666e-01
9.469999999999999116e-06,6.800000000000000488e-01
9.480000000000000715e-06,6.600000000000000311e-01
9.489999999999998925e-06,6.800000000000000488e-01
9.500000000000000523e-06,6.600000000000000311e-01
9.510000000000000427e-06,6.600000000000000311e-01
9.520000000000000332e-06,6.600000000000000311e-01
9.530000000000000236e-06,6.400000000000000133e-01
9.540000000000000140e-06,6.400000000000000133e-01
9.550000000000000044e-06,6.199999999999999956e-01
9.559999999999999949e-06,6.199999999999999956e-01
9.569999999999999853e-06,6.400000000000000133e-01
9.579999999999999757e-06,6.199999999999999956e-01
9.589999999999999661e-06,6.199999999999999956e-01
9.599999999999999566e-06,5.999999999999999778e-01
9.609999999999999470e-06,6.199999999999999956e-01
9.619999999999999374e-06,6.199999999999999956e-01
9.630000000000000972e-06,5.799999999999999600e-01
9.639999999999999183e-06,5.799999999999999600e-01
9.650000000000000781e-06,5.999999999999999778e-01
9.659999999999998991e-06,5.799999999999999600e-01
9.670000000000000589e-06,5.799999999999999600e-01
9.680000000000000494e-06,5.799999999999999600e-01
9.690000000000000398e-06,5.600000000000000533e-01
9.700000000000000302e-06,5.600000000000000533e-01
9.710000000000000206e-06,5.799999999999999600e-01
9.720000000000000111e-06,5.400000000000000355e-01
9.730000000000000015e-06,5.799999999999999600e-01
9.739999999999999919e-06,5.799999999999999600e-01
9.749999999999999823e-06,5.400000000000000355e-01
9.759999999999999728e-06,5.600000000000000533e-01
9.769999999999999632e-06,5.799999999999999600e-01
9.779999999999999536e-06,5.799999999999999600e-01
9.789999999999999441e-06,5.400000000000000355e-01
9.799999999999999345e-06,5.600000000000000533e-01
9.809999999999999249e-06,5.400000000000000355e-01
9.820000000000000847e-06,5.400000000000000355e-01
9.829999999999999058e-06,5.200000000000000178e-01
9.840000000000000656e-06,5.200000000000000178e-01
9.850000000000000560e-06,5.400000000000000355e-01
9.860000000000000464e-06,5.600000000000000533e-01
9.870000000000000369e-06,5.400000000000000355e-01
9.880000000000000273e-06,5.400000000000000355e-01
9.890000000000000177e-06,5.200000000000000178e-01
9.900000000000000081e-06,5.400000000000000355e-01
9.909999999999999986e-06,5.200000000000000178e-01
9.919999999999999890e-06,5.000000000000000000e-01
9.929999999999999794e-06,5.200000000000000178e-01
9.939999999999999698e-06,5.000000000000000000e-01
9.949999999999999603e-06,5.200000000000000178e-01
9.959999999999999507e-06,5.200000000000000178e-01
9.969999999999999411e-06,5.200000000000000178e-01
9.979999999999999315e-06,5.200000000000000178e-01
9.990000000000000914e-06,5.200000000000000178e-01
9.999999999999999124e-06,5.200000000000000178e-01
1.001000000000000072e-05,4.799999999999999822e-01
1.001999999999999893e-05,5.200000000000000178e-01
1.003000000000000053e-05,5.200000000000000178e-01
1.004000000000000044e-05,5.200000000000000178e-01
1.005000000000000034e-05,5.000000000000000000e-01
1.006000000000000024e-05,5.200000000000000178e-01
1.007000000000000015e-05,5.200000000000000178e-01
1.008000000000000005e-05,5.200000000000000178e-01
1.008999999999999996e-05,4.799999999999999822e-01
1.009999999999999986e-05,4.799999999999999822e-01
1.010999999999999976e-05,4.799999999999999822e-01
1.011999999999999967e-05,4.799999999999999822e-01
1.012999999999999957e-05,5.000000000000000000e-01
1.013999999999999948e-05,4.799999999999999822e-01
1.014999999999999938e-05,5.000000000000000000e-01
1.016000000000000098e-05,4.799999999999999822e-01
1.016999999999999919e-05,4.799999999999999822e-01
1.018000000000000079e-05,5.000000000000000000e-01
1.018999999999999900e-05,4.799999999999999822e-01
1.020000000000000060e-05,4.799999999999999822e-01
1.021000000000000050e-05,4.799999999999999822e-01
1.022000000000000041e-05,4.799999999999999822e-01
1.023000000000000031e-05,4.799999999999999822e-01
1.024000000000000021e-05,4.600000000000000200e-01
1.025000000000000012e-05,5.000000000000000000e-01
1.026000000000000002e-05,4.600000000000000200e-01
1.026999999999999993e-05,4.799999999999999822e-01
1.027999999999999983e-05,4.600000000000000200e-01
1.028999999999999974e-05,4.400000000000000022e-01
1.029999999999999964e-05,4.400000000000000022e-01
1.030999999999999954e-05,4.600000000000000200e-01
1.031999999999999945e-05,4.600000000000000200e-01
1.032999999999999935e-05,4.600000000000000200e-01
1.033999999999999926e-05,4.400000000000000022e-01
1.035000000000000086e-05,4.600000000000000200e-01
1.035999999999999907e-05,4.600000000000000200e-01
1.037000000000000066e-05,4.799999999999999822e-01
1.038000000000000057e-05,4.799999999999999822e-01
1.039000000000000047e-05,4.400000000000000022e-01
1.040000000000000038e-05,4.600000000000000200e-01
1.041000000000000028e-05,4.600000000000000200e-01
1.042000000000000018e-05,4.400000000000000022e-01
1.043000000000000009e-05,4.600000000000000200e-01
1.043999999999999999e-05,4.600000000000000200e-01
1.044999999999999990e-05,4.400000000000000022e-01
1.045999999999999980e-05,4.600000000000000200e-01
1.046999999999999971e-05,4.400000000000000022e-01
1.047999999999999961e-05,4.600000000000000200e-01
1.048999999999999951e-05,4.400000000000000022e-01
1.049999999999999942e-05,4.600000000000000200e-01
1.050999999999999932e-05,4.400000000000000022e-01
1.052000000000000092e-05,4.400000000000000022e-01
1.052999999999999913e-05,4.400000000000000022e-01
1.054000000000000073e-05,4.400000000000000022e-01
1.054999999999999894e-05,4.199999999999999845e-01
1.056000000000000054e-05,4.199999999999999845e-01
1.057000000000000044e-05,4.400000000000000022e-01
1.058000000000000035e-05,4.199999999999999845e-01
1.059000000000000025e-05,4.000000000000000222e-01
1.060000000000000016e-05,4.400000000000000022e-01
1.061000000000000006e-05,4.600000000000000200e-01
1.061999999999999996e-05,4.199999999999999845e-01
1.062999999999999987e-05,4.199999999999999845e-01
1.063999999999999977e-05,4.400000000000000022e-01
1.064999999999999968e-05,4.199999999999999845e-01
1.065999999999999958e-05,4.199999999999999845e-01
1.066999999999999949e-05,4.000000000000000222e-01
1.067999999999999939e-05,4.000000000000000222e-01
1.069000000000000099e-05,4.400000000000000022e-01
1.069999999999999920e-05,4.000000000000000222e-01
1.071000000000000080e-05,4.000000000000000222e-01
1.071999999999999901e-05,4.000000000000000222e-01
1.073000000000000061e-05,4.000000000000000222e-01
1.074000000000000051e-05,4.199999999999999845e-01
1.075000000000000041e-05,4.199999999999999845e-01
1.076000000000000032e-05,4.400000000000000022e-01
1.077000000000000022e-05,4.000000000000000222e-01
1.078000000000000013e-05,4.199999999999999845e-01
1.079000000000000003e-05,4.199999999999999845e-01
1.079999999999999993e-05,4.000000000000000222e-01
1.080999999999999984e-05,4.000000000000000222e-01
1.081999999999999974e-05,4.000000000000000222e-01
1.082999999999999965e-05,4.000000000000000222e-01
1.084000000000000125e-05,4.199999999999999845e-01
1.084999999999999946e-05,4.199999999999999845e-01
1.086000000000000105e-05,4.199999999999999845e-01
1.086999999999999926e-05,4.199999999999999845e-01
1.088000000000000086e-05,4.000000000000000222e-01
1.088999999999999907e-05,4.199999999999999845e-01
1.090000000000000067e-05,4.000000000000000222e-01
1.090999999999999888e-05,4.000000000000000222e-01
1.092000000000000048e-05,4.000000000000000222e-01
1.093000000000000038e-05,3.800000000000000044e-01
1.094000000000000029e-05,4.000000000000000222e-01
1.095000000000000019e-05,4.000000000000000222e-01
1.096000000000000010e-05,4.000000000000000222e-01
1.097000000000000000e-05,4.000000000000000222e-01
1.097999999999999991e-05,3.800000000000000044e-01
1.098999999999999981e-05,4.000000000000000222e-01
1.099999999999999971e-05,4.000000000000000222e-01
1.100999999999999962e-05,4.199999999999999845e-01
1.101999999999999952e-05,3.800000000000000044e-01
1.103000000000000112e-05,4.000000000000000222e-01
1.103999999999999933e-05,4.000000000000000222e-01
1.105000000000000093e-05,4.000000000000000222e-01
1.105999999999999914e-05,3.800000000000000044e-01
1.107000000000000074e-05,3.800000000000000044e-01
1.107999999999999895e-05,3.800000000000000044e-01
1.109000000000000055e-05,3.599999999999999867e-01
1.109999999999999876e-05,4.000000000000000222e-01
1.111000000000000035e-05,4.000000000000000222e-01
1.112000000000000026e-05,3.800000000000000044e-01
1.113000000000000016e-05,4.000000000000000222e-01
1.114000000000000007e-05,4.000000000000000222e-01
1.114999999999999997e-05,3.800000000000000044e-01
1.115999999999999988e-05,3.599999999999999867e-01
1.116999999999999978e-05,3.800000000000000044e-01
1.117999999999999968e-05,3.800000000000000044e-01
1.118999999999999959e-05,3.800000000000000044e-01
1.120000000000000119e-05,3.800000000000000044e-01
1.120999999999999940e-05,3.599999999999999867e-01
1.122000000000000100e-05,3.599999999999999867e-01
1.122999999999999921e-05,3.599999999999999867e-01
1.124000000000000080e-05,3.800000000000000044e-01
1.124999999999999901e-05,3.800000000000000044e-01
1.126000000000000061e-05,4.000000000000000222e-01
1.126999999999999882e-05,3.800000000000000044e-01
1.128000000000000042e-05,3.800000000000000044e-01
1.129000000000000033e-05,3.599999999999999867e-01
1.130000000000000023e-05,3.800000000000000044e-01
1.131000000000000013e-05,3.800000000000000044e-01
1.132000000000000004e-05,3.800000000000000044e-01
1.132999999999999994e-05,3.599999999999999867e-01
1.133999999999999985e-05,3.599999999999999867e-01
1.134999999999999975e-05,3.800000000000000044e-01
1.135999999999999966e-05,3.800000000000000044e-01
1.137000000000000125e-05,4.000000000000000222e-01
1.137999999999999946e-05,3.599999999999999867e-01
1.139000000000000106e-05,3.599999999999999867e-01
1.139999999999999927e-05,3.599999999999999867e-01
1.141000000000000087e-05,3.599999999999999867e-01
1.141999999999999908e-05,3.599999999999999867e-01
1.143000000000000068e-05,3.400000000000000244e-01
1.143999999999999889e-05,3.599999999999999867e-01
1.145000000000000049e-05,3.800000000000000044e-01
1.146000000000000039e-05,3.599999999999999867e-01
1.147000000000000030e-05,3.400000000000000244e-01
1.148000000000000020e-05,3.800000000000000044e-01
1.149000000000000010e-05,3.800000000000000044e-01
1.150000000000000001e-05,3.800000000000000044e-01
1.150999999999999991e-05,3.800000000000000044e-01
1.151999999999999982e-05,3.400000000000000244e-01
1.152999999999999972e-05,3.400000000000000244e-01
1.153999999999999963e-05,3.599999999999999867e-01
1.154999999999999953e-05,3.599999999999999867e-01
1.156000000000000113e-05,3.599999999999999867e-01
1.156999999999999934e-05,3.800000000000000044e-01
1.158000000000000094e-05,3.200000000000000067e-01
1.158999999999999915e-05,3.800000000000000044e-01
1.160000000000000075e-05,3.800000000000000044e-01
1.160999999999999896e-05,3.400000000000000244e-01
1.162000000000000055e-05,3.599999999999999867e-01
1.162999999999999876e-05,3.400000000000000244e-01
1.164000000000000036e-05,3.400000000000000244e-01
1.165000000000000027e-05,3.200000000000000067e-01
1.166000000000000017e-05,3.800000000000000044e-01
1.167000000000000008e-05,3.400000000000000244e-01
1.167999999999999998e-05,3.599999999999999867e-01
1.168999999999999988e-05,3.599999999999999867e-01
1.169999999999999979e-05,3.599999999999999867e-01
1.170999999999999969e-05,3.400000000000000244e-01
1.171999999999999960e-05,3.400000000000000244e-01
1.173000000000000120e-05,3.400000000000000244e-01
1.173999999999999941e-05,3.599999999999999867e-01
1.175000000000000100e-05,3.800000000000000044e-01
1.175999999999999921e-05,3.400000000000000244e-01
1.177000000000000081e-05,3.599999999999999867e-01
1.177999999999999902e-05,3.800000000000000044e-01
1.179000000000000062e-05,3.400000000000000244e-01
1.179999999999999883e-05,3.400000000000000244e-01
1.181000000000000043e-05,3.599999999999999867e-01
1.182000000000000033e-05,3.599999999999999867e-01
1.183000000000000024e-05,3.800000000000000044e-01
1.184000000000000014e-05,3.599999999999999867e-01
1.185000000000000005e-05,3.400000000000000244e-01
1.185999999999999995e-05,3.599999999999999867e-01
1.186999999999999985e-05,3.400000000000000244e-01
1.187999999999999976e-05,3.400000000000000244e-01
1.188999999999999966e-05,3.400000000000000244e-01
1.190000000000000126e-05,3.400000000000000244e-01
1.190999999999999947e-05,3.599999999999999867e-01
1.192000000000000107e-05,3.400000000000000244e-01
1.192999999999999928e-05,3.599999999999999867e-01
1.194000000000000088e-05,3.400000000000000244e-01
1.194999999999999909e-05,3.599999999999999867e-01
1.196000000000000069e-05,3.200000000000000067e-01
1.196999999999999890e-05,3.400000000000000244e-01
1.198000000000000050e-05,3.400000000000000244e-01
1.199000000000000040e-05,3.400000000000000244e-01
1.200000000000000030e-05,3.400000000000000244e-01
1.201000000000000021e-05,3.400000000000000244e-01
1.202000000000000011e-05,3.200000000000000067e-01
1.203000000000000002e-05,3.599999999999999867e-01
1.203999999999999992e-05,3.599999999999999867e-01
1.204999999999999983e-05,3.599999999999999867e-01
1.205999999999999973e-05,3.400000000000000244e-01
1.206999999999999963e-05,3.599999999999999867e-01
1.207999999999999954e-05,3.599999999999999867e-01
1.209000000000000114e-05,3.599999999999999867e-01
1.209999999999999935e-05,3.800000000000000044e-01
1.211000000000000094e-05,3.599999999999999867e-01
1.211999999999999916e-05,3.599999999999999867e-01
1.213000000000000075e-05,3.599999999999999867e-01
1.213999999999999896e-05,3.800000000000000044e-01
1.215000000000000056e-05,3.800000000000000044e-01
1.215999999999999877e-05,3.800000000000000044e-01
1.217000000000000037e-05,4.000000000000000222e-01
1.218000000000000027e-05,4.199999999999999845e-01
1.219000000000000018e-05,4.000000000000000222e-01
1.220000000000000008e-05,4.199999999999999845e-01
1.220999999999999999e-05,4.400000000000000022e-01
1.221999999999999989e-05,4.400000000000000022e-01
1.222999999999999980e-05,4.600000000000000200e-01
1.223999999999999970e-05,4.199999999999999845e-01
1.224999999999999960e-05,4.799999999999999822e-01
1.226000000000000120e-05,5.000000000000000000e-01
1.226999999999999941e-05,5.000000000000000000e-01
1.228000000000000101e-05,5.200000000000000178e-01
1.228999999999999922e-05,5.400000000000000355e-01
1.230000000000000082e-05,5.600000000000000533e-01
1.230999999999999903e-05,6.199999999999999956e-01
1.232000000000000063e-05,5.999999999999999778e-01
1.232999999999999884e-05,6.400000000000000133e-01
1.234000000000000044e-05,6.600000000000000311e-01
1.235000000000000034e-05,7.199999999999999734e-01
1.236000000000000025e-05,7.399999999999999911e-01
1.237000000000000015e-05,7.600000000000000089e-01
1.238000000000000005e-05,8.000000000000000444e-01
1.238999999999999996e-05,8.599999999999999867e-01
1.239999999999999986e-05,8.800000000000000044e-01
1.240999999999999977e-05,9.000000000000000222e-01
1.241999999999999967e-05,9.400000000000000577e-01
1.243000000000000127e-05,9.799999999999999822e-01
1.243999999999999948e-05,1.040000000000000036e+00
1.245000000000000108e-05,1.060000000000000053e+00
1.245999999999999929e-05,1.080000000000000071e+00
1.247000000000000089e-05,1.100000000000000089e+00
1.247999999999999910e-05,1.140000000000000124e+00
1.249000000000000069e-05,1.199999999999999956e+00
1.249999999999999890e-05,1.219999999999999973e+00
1.251000000000000050e-05,1.219999999999999973e+00
1.252000000000000041e-05,1.219999999999999973e+00
1.253000000000000031e-05,1.280000000000000027e+00
1.254000000000000022e-05,1.280000000000000027e+00
1.255000000000000012e-05,1.260000000000000009e+00
1.256000000000000002e-05,1.280000000000000027e+00
1.256999999999999993e-05,1.260000000000000009e+00
1.257999999999999983e-05,1.260000000000000009e+00
1.258999999999999974e-05,1.239999999999999991e+00
1.259999999999999964e-05,1.239999999999999991e+00
1.260999999999999955e-05,1.239999999999999991e+00
1.262000000000000114e-05,1.199999999999999956e+00
1.262999999999999935e-05,1.179999999999999938e+00
1.264000000000000095e-05,1.179999999999999938e+00
1.264999999999999916e-05,1.159999999999999920e+00
1.266000000000000076e-05,1.120000000000000107e+00
1.266999999999999897e-05,1.100000000000000089e+00
1.268000000000000057e-05,1.060000000000000053e+00
1.268999999999999878e-05,1.040000000000000036e+00
1.270000000000000038e-05,1.040000000000000036e+00
1.271000000000000028e-05,1.020000000000000018e+00
1.272000000000000019e-05,1.000000000000000000e+00
1.273000000000000009e-05,1.000000000000000000e+00
1.274000000000000000e-05,9.599999999999999645e-01
1.274999999999999990e-05,9.400000000000000577e-01
1.275999999999999980e-05,9.200000000000000400e-01
1.276999999999999971e-05,9.000000000000000222e-01
1.277999999999999961e-05,8.599999999999999867e-01
1.279000000000000121e-05,8.399999999999999689e-01
1.279999999999999942e-05,8.200000000000000622e-01
1.281000000000000102e-05,8.200000000000000622e-01
1.281999999999999923e-05,8.200000000000000622e-01
1.283000000000000083e-05,8.000000000000000444e-01
1.283999999999999904e-05,8.000000000000000444e-01
1.285000000000000064e-05,7.600000000000000089e-01
1.285999999999999885e-05,7.600000000000000089e-01
1.287000000000000044e-05,7.399999999999999911e-01
1.288000000000000035e-05,7.399999999999999911e-01
1.289000000000000025e-05,7.199999999999999734e-01
1.290000000000000016e-05,7.000000000000000666e-01
1.291000000000000006e-05,7.000000000000000666e-01
1.291999999999999997e-05,7.000000000000000666e-01
1.292999999999999987e-05,6.800000000000000488e-01
1.293999999999999977e-05,6.800000000000000488e-01
1.294999999999999968e-05,6.800000000000000488e-01
1.296000000000000128e-05,6.600000000000000311e-01
1.296999999999999949e-05,6.400000000000000133e-01
1.298000000000000109e-05,6.400000000000000133e-01
1.298999999999999930e-05,6.199999999999999956e-01
1.300000000000000089e-05,6.199999999999999956e-01
1.300999999999999910e-05,6.400000000000000133e-01
1.302000000000000070e-05,6.199999999999999956e-01
1.302999999999999891e-05,6.400000000000000133e-01
1.304000000000000051e-05,5.999999999999999778e-01
1.305000000000000042e-05,5.999999999999999778e-01
1.306000000000000032e-05,5.799999999999999600e-01
1.307000000000000022e-05,5.999999999999999778e-01
1.308000000000000013e-05,5.799999999999999600e-01
1.309000000000000003e-05,5.999999999999999778e-01
1.309999999999999994e-05,5.799999999999999600e-01
1.310999999999999984e-05,5.799999999999999600e-01
1.311999999999999975e-05,5.600000000000000533e-01
1.312999999999999965e-05,5.799999999999999600e-01
1.313999999999999955e-05,5.799999999999999600e-01
1.315000000000000115e-05,5.600000000000000533e-01
1.315999999999999936e-05,5.600000000000000533e-01
1.317000000000000096e-05,5.600000000000000533e-01
1.317999999999999917e-05,5.400000000000000355e-01
1.319000000000000077e-05,5.200000000000000178e-01
1.319999999999999898e-05,5.400000000000000355e-01
1.321000000000000058e-05,5.200000000000000178e-01
1.321999999999999879e-05,5.400000000000000355e-01
1.323000000000000039e-05,5.200000000000000178e-01
1.324000000000000029e-05,5.200000000000000178e-01
1.325000000000000019e-05,5.400000000000000355e-01
1.326000000000000010e-05,5.200000000000000178e-01
1.327000000000000000e-05,5.000000000000000000e-01
1.327999999999999991e-05,5.200000000000000178e-01
1.328999999999999981e-05,5.200000000000000178e-01
1.329999999999999972e-05,5.200000000000000178e-01
1.330999999999999962e-05,5.200000000000000178e-01
1.332000000000000122e-05,5.000000000000000000e-01
1.332999999999999943e-05,5.200000000000000178e-01
1.334000000000000103e-05,5.000000000000000000e-01
1.334999999999999924e-05,5.200000000000000178e-01
1.336000000000000084e-05,5.200000000000000178e-01
1.336999999999999905e-05,5.200000000000000178e-01
1.338000000000000064e-05,5.200000000000000178e-01
1.338999999999999885e-05,5.200000000000000178e-01
1.340000000000000045e-05,5.200000000000000178e-01
1.341000000000000036e-05,5.000000000000000000e-01
1.342000000000000026e-05,5.200000000000000178e-01
1.343000000000000017e-05,5.200000000000000178e-01
1.344000000000000007e-05,5.000000000000000000e-01
1.344999999999999997e-05,5.000000000000000000e-01
1.345999999999999988e-05,4.799999999999999822e-01
1.346999999999999978e-05,5.000000000000000000e-01
1.347999999999999969e-05,5.000000000000000000e-01
1.349000000000000128e-05,5.200000000000000178e-01
1.349999999999999949e-05,4.799999999999999822e-01
1.351000000000000109e-05,5.000000000000000000e-01
1.351999999999999930e-05,4.799999999999999822e-01
1.353000000000000090e-05,4.799999999999999822e-01
1.353999999999999911e-05,4.799999999999999822e-01
1.355000000000000071e-05,5.200000000000000178e-01
1.355999999999999892e-05,4.799999999999999822e-01
1.357000000000000052e-05,4.799999999999999822e-01
1.358000000000000042e-05,4.799999999999999822e-01
1.359000000000000033e-05,4.600000000000000200e-01
1.360000000000000023e-05,4.799999999999999822e-01
1.361000000000000014e-05,4.600000000000000200e-01
1.362000000000000004e-05,4.600000000000000200e-01
1.362999999999999994e-05,4.799999999999999822e-01
1.363999999999999985e-05,4.600000000000000200e-01
1.364999999999999975e-05,4.600000000000000200e-01
1.365999999999999966e-05,4.799999999999999822e-01
1.366999999999999956e-05,4.400000000000000022e-01
1.368000000000000116e-05,4.600000000000000200e-01
1.368999999999999937e-05,4.600000000000000200e-01
1.370000000000000097e-05,4.600000000000000200e-01
1.370999999999999918e-05,4.600000000000000200e-01
1.372000000000000078e-05,4.799999999999999822e-01
1.372999999999999899e-05,5.000000000000000000e-01
1.374000000000000059e-05,4.799999999999999822e-01
1.374999999999999880e-05,4.799999999999999822e-01
1.376000000000000039e-05,4.799999999999999822e-01
1.377000000000000030e-05,4.600000000000000200e-01
1.378000000000000020e-05,4.600000000000000200e-01
1.379000000000000011e-05,4.799999999999999822e-01
1.380000000000000001e-05,4.799999999999999822e-01
1.380999999999999992e-05,4.600000000000000200e-01
1.381999999999999982e-05,4.400000000000000022e-01
1.382999999999999972e-05,4.400000000000000022e-01
1.383999999999999963e-05,4.400000000000000022e-01
1.385000000000000123e-05,4.400000000000000022e-01
1.385999999999999944e-05,4.799999999999999822e-01
1.387000000000000103e-05,4.400000000000000022e-01
1.387999999999999924e-05,4.600000000000000200e-01
1.389000000000000084e-05,4.199999999999999845e-01
1.389999999999999905e-05,4.600000000000000200e-01
1.391000000000000065e-05,4.400000000000000022e-01
1.391999999999999886e-05,4.199999999999999845e-01
1.393000000000000046e-05,4.600000000000000200e-01
1.394000000000000036e-05,4.199999999999999845e-01
1.395000000000000027e-05,4.199999999999999845e-01
1.396000000000000017e-05,4.400000000000000022e-01
1.397000000000000008e-05,4.199999999999999845e-01
1.397999999999999998e-05,4.400000000000000022e-01
1.398999999999999989e-05,4.199999999999999845e-01
1.399999999999999979e-05,4.400000000000000022e-01
1.400999999999999969e-05,4.000000000000000222e-01
1.402000000000000129e-05,4.000000000000000222e-01
1.402999999999999950e-05,4.400000000000000022e-01
1.404000000000000110e-05,4.199999999999999845e-01
1.404999999999999931e-05,4.000000000000000222e-01
1.406000000000000091e-05,4.400000000000000022e-01
1.406999999999999912e-05,4.000000000000000222e-01
1.408000000000000072e-05,4.400000000000000022e-01
1.408999999999999893e-05,4.199999999999999845e-01
1.410000000000000053e-05,4.000000000000000222e-01
1.411000000000000043e-05,4.199999999999999845e-01
1.412000000000000034e-05,4.000000000000000222e-01
1.413000000000000024e-05,4.400000000000000022e-01
1.414000000000000014e-05,4.199999999999999845e-01
1.415000000000000005e-05,4.199999999999999845e-01
1.415999999999999995e-05,4.199999999999999845e-01
1.416999999999999986e-05,4.199999999999999845e-01
1.417999999999999976e-05,4.400000000000000022e-01
1.418999999999999966e-05,4.199999999999999845e-01
1.419999999999999957e-05,4.000000000000000222e-01
1.421000000000000117e-05,4.199999999999999845e-01
1.421999999999999938e-05,4.000000000000000222e-01
1.423000000000000098e-05,4.199999999999999845e-01
1.423999999999999919e-05,4.000000000000000222e-01
1.425000000000000078e-05,4.000000000000000222e-01
1.425999999999999899e-05,4.000000000000000222e-01
1.427000000000000059e-05,4.199999999999999845e-01
1.427999999999999880e-05,4.199999999999999845e-01
1.429000000000000040e-05,4.199999999999999845e-01
1.430000000000000031e-05,4.199999999999999845e-01
1.431000000000000021e-05,4.000000000000000222e-01
1.432000000000000011e-05,4.199999999999999845e-01
1.433000000000000002e-05,4.000000000000000222e-01
1.433999999999999992e-05,4.199999999999999845e-01
1.434999999999999983e-05,3.800000000000000044e-01
1.435999999999999973e-05,4.199999999999999845e-01
1.436999999999999964e-05,4.199999999999999845e-01
1.438000000000000123e-05,4.199999999999999845e-01
1.438999999999999944e-05,4.000000000000000222e-01
1.440000000000000104e-05,4.000000000000000222e-01
1.440999999999999925e-05,3.800000000000000044e-01
1.442000000000000085e-05,4.400000000000000022e-01
1.442999999999999906e-05,4.199999999999999845e-01
1.444000000000000066e-05,4.000000000000000222e-01
1.444999999999999887e-05,4.000000000000000222e-01
1.446000000000000047e-05,4.199999999999999845e-01
1.447000000000000037e-05,4.199999999999999845e-01
1.448000000000000028e-05,4.199999999999999845e-01
1.449000000000000018e-05,4.199999999999999845e-01
1.450000000000000009e-05,4.000000000000000222e-01
1.450999999999999999e-05,4.000000000000000222e-01
1.451999999999999989e-05,4.000000000000000222e-01
1.452999999999999980e-05,4.000000000000000222e-01
1.453999999999999970e-05,3.800000000000000044e-01
1.455000000000000130e-05,3.599999999999999867e-01
1.455999999999999951e-05,4.000000000000000222e-01
1.457000000000000111e-05,4.000000000000000222e-01
1.457999999999999932e-05,3.800000000000000044e-01
1.459000000000000092e-05,3.800000000000000044e-01
1.459999999999999913e-05,4.000000000000000222e-01
1.461000000000000073e-05,4.000000000000000222e-01
1.461999999999999894e-05,3.800000000000000044e-01
1.463000000000000053e-05,3.800000000000000044e-01
1.463999999999999874e-05,3.800000000000000044e-01
1.465000000000000034e-05,4.000000000000000222e-01
1.465999999999999855e-05,3.800000000000000044e-01
1.467000000000000015e-05,3.800000000000000044e-01
1.468000000000000175e-05,3.800000000000000044e-01
1.468999999999999996e-05,3.800000000000000044e-01
1.470000000000000156e-05,3.800000000000000044e-01
1.470999999999999977e-05,3.800000000000000044e-01
1.472000000000000137e-05,4.000000000000000222e-01
1.472999999999999958e-05,3.599999999999999867e-01
1.474000000000000118e-05,3.599999999999999867e-01
1.474999999999999939e-05,3.800000000000000044e-01
1.476000000000000098e-05,3.400000000000000244e-01
1.476999999999999919e-05,3.599999999999999867e-01
1.478000000000000079e-05,3.599999999999999867e-01
1.478999999999999900e-05,3.599999999999999867e-01
1.480000000000000060e-05,4.000000000000000222e-01
1.480999999999999881e-05,3.800000000000000044e-01
1.482000000000000041e-05,3.800000000000000044e-01
1.482999999999999862e-05,3.800000000000000044e-01
1.484000000000000022e-05,3.599999999999999867e-01
1.484999999999999843e-05,3.800000000000000044e-01
1.486000000000000003e-05,3.599999999999999867e-01
1.487000000000000162e-05,3.800000000000000044e-01
1.487999999999999983e-05,3.599999999999999867e-01
1.489000000000000143e-05,3.599999999999999867e-01
1.489999999999999964e-05,3.800000000000000044e-01
1.491000000000000124e-05,3.599999999999999867e-01
1.491999999999999945e-05,3.800000000000000044e-01
1.493000000000000105e-05,3.599999999999999867e-01
1.493999999999999926e-05,3.800000000000000044e-01
1.495000000000000086e-05,3.599999999999999867e-01
1.495999999999999907e-05,3.400000000000000244e-01
1.497000000000000067e-05,3.400000000000000244e-01
1.497999999999999888e-05,3.400000000000000244e-01
1.499000000000000048e-05,3.599999999999999867e-01
1.499999999999999869e-05,3.400000000000000244e-01
1.501000000000000028e-05,3.800000000000000044e-01
1.501999999999999849e-05,3.599999999999999867e-01
1.503000000000000009e-05,3.400000000000000244e-01
1.504000000000000169e-05,3.400000000000000244e-01
1.504999999999999990e-05,3.400000000000000244e-01
1.506000000000000150e-05,3.400000000000000244e-01
1.506999999999999971e-05,3.599999999999999867e-01
1.508000000000000131e-05,3.800000000000000044e-01
1.508999999999999952e-05,3.400000000000000244e-01
1.510000000000000112e-05,3.599999999999999867e-01
1.510999999999999933e-05,3.400000000000000244e-01
1.512000000000000093e-05,3.599999999999999867e-01
1.512999999999999914e-05,3.599999999999999867e-01
1.514000000000000073e-05,3.599999999999999867e-01
1.514999999999999894e-05,3.599999999999999867e-01
1.516000000000000054e-05,3.400000000000000244e-01
1.516999999999999875e-05,3.599999999999999867e-01
1.518000000000000035e-05,3.400000000000000244e-01
1.518999999999999856e-05,3.400000000000000244e-01
1.520000000000000016e-05,3.599999999999999867e-01
1.521000000000000176e-05,3.400000000000000244e-01
1.521999999999999997e-05,3.599999999999999867e-01
1.523000000000000157e-05,3.599999999999999867e-01
1.523999999999999978e-05,3.400000000000000244e-01
1.525000000000000137e-05,3.599999999999999867e-01
1.525999999999999958e-05,3.400000000000000244e-01
1.527000000000000118e-05,3.599999999999999867e-01
1.527999999999999939e-05,3.599999999999999867e-01
1.529000000000000099e-05,3.400000000000000244e-01
1.529999999999999920e-05,3.400000000000000244e-01
1.531000000000000080e-05,3.200000000000000067e-01
1.531999999999999901e-05,3.400000000000000244e-01
1.533000000000000061e-05,3.800000000000000044e-01
1.533999999999999882e-05,3.599999999999999867e-01
1.535000000000000042e-05,3.400000000000000244e-01
1.535999999999999863e-05,3.200000000000000067e-01
1.537000000000000023e-05,3.599999999999999867e-01
1.537999999999999844e-05,3.400000000000000244e-01
1.539000000000000003e-05,3.400000000000000244e-01
1.540000000000000163e-05,3.400000000000000244e-01
1.540999999999999984e-05,3.599999999999999867e-01
1.542000000000000144e-05,3.599999999999999867e-01
1.542999999999999965e-05,3.400000000000000244e-01
1.544000000000000125e-05,3.200000000000000067e-01
1.544999999999999946e-05,3.800000000000000044e-01
1.546000000000000106e-05,3.400000000000000244e-01
1.546999999999999927e-05,3.400000000000000244e-01
1.548000000000000087e-05,3.400000000000000244e-01
1.548999999999999908e-05,3.599999999999999867e-01
1.550000000000000068e-05,3.400000000000000244e-01
1.550999999999999889e-05,3.599999999999999867e-01
1.552000000000000048e-05,3.400000000000000244e-01
1.552999999999999869e-05,3.599999999999999867e-01
1.554000000000000029e-05,3.200000000000000067e-01
1.554999999999999850e-05,3.599999999999999867e-01
1.556000000000000010e-05,3.599999999999999867e-01
1.557000000000000170e-05,3.599999999999999867e-01
1.557999999999999991e-05,3.599999999999999867e-01
1.559000000000000151e-05,3.400000000000000244e-01
1.559999999999999972e-05,3.400000000000000244e-01
1.561000000000000132e-05,3.599999999999999867e-01
1.561999999999999953e-05,3.400000000000000244e-01
1.563000000000000112e-05,3.599999999999999867e-01
1.563999999999999933e-05,3.599999999999999867e-01
1.565000000000000093e-05,3.599999999999999867e-01
1.565999999999999914e-05,3.599999999999999867e-01
1.567000000000000074e-05,3.800000000000000044e-01
1.567999999999999895e-05,4.000000000000000222e-01
1.569000000000000055e-05,4.000000000000000222e-01
1.569999999999999876e-05,4.199999999999999845e-01
1.571000000000000036e-05,4.199999999999999845e-01
1.571999999999999857e-05,4.199999999999999845e-01
1.573000000000000017e-05,4.000000000000000222e-01
1.574000000000000177e-05,4.199999999999999845e-01
1.574999999999999998e-05,4.199999999999999845e-01
1.576000000000000157e-05,4.199999999999999845e-01
1.576999999999999978e-05,4.400000000000000022e-01
1.578000000000000138e-05,4.400000000000000022e-01
1.578999999999999959e-05,4.799999999999999822e-01
1.580000000000000119e-05,4.799999999999999822e-01
1.580999999999999940e-05,5.000000000000000000e-01
1.582000000000000100e-05,5.200000000000000178e-01
1.582999999999999921e-05,5.400000000000000355e-01
1.584000000000000081e-05,5.400000000000000355e-01
1.584999999999999902e-05,5.799999999999999600e-01
1.586000000000000062e-05,5.799999999999999600e-01
1.586999999999999883e-05,5.799999999999999600e-01
1.588000000000000042e-05,5.999999999999999778e-01
1.588999999999999864e-05,6.400000000000000133e-01
1.590000000000000023e-05,6.600000000000000311e-01
1.590999999999999844e-05,7.000000000000000666e-01
1.592000000000000004e-05,7.000000000000000666e-01
1.593000000000000164e-05,7.199999999999999734e-01
1.593999999999999985e-05,7.199999999999999734e-01
1.595000000000000145e-05,7.800000000000000266e-01
1.595999999999999966e-05,7.800000000000000266e-01
1.597000000000000126e-05,8.000000000000000444e-01
1.597999999999999947e-05,8.000000000000000444e-01
1.599000000000000107e-05,8.399999999999999689e-01
1.599999999999999928e-05,8.800000000000000044e-01
1.601000000000000087e-05,8.599999999999999867e-01
1.601999999999999908e-05,8.800000000000000044e-01
1.603000000000000068e-05,8.599999999999999867e-01
1.603999999999999889e-05,8.800000000000000044e-01
1.605000000000000049e-05,8.800000000000000044e-01
1.605999999999999870e-05,9.200000000000000400e-01
1.607000000000000030e-05,9.200000000000000400e-01
1.607999999999999851e-05,9.000000000000000222e-01
1.609000000000000011e-05,9.400000000000000577e-01
1.610000000000000171e-05,8.800000000000000044e-01
1.610999999999999992e-05,9.000000000000000222e-01
1.612000000000000152e-05,9.000000000000000222e-01
1.612999999999999973e-05,9.000000000000000222e-01
1.614000000000000132e-05,8.800000000000000044e-01
1.614999999999999953e-05,8.399999999999999689e-01
1.616000000000000113e-05,8.599999999999999867e-01
1.616999999999999934e-05,8.399999999999999689e-01
1.618000000000000094e-05,8.200000000000000622e-01
1.618999999999999915e-05,8.000000000000000444e-01
1.620000000000000075e-05,8.000000000000000444e-01
1.620999999999999896e-05,8.000000000000000444e-01
1.622000000000000056e-05,7.800000000000000266e-01
1.622999999999999877e-05,7.600000000000000089e-01
1.624000000000000037e-05,7.399999999999999911e-01
1.624999999999999858e-05,7.199999999999999734e-01
1.626000000000000017e-05,7.399999999999999911e-01
1.627000000000000177e-05,7.199999999999999734e-01
1.627999999999999998e-05,6.800000000000000488e-01
1.629000000000000158e-05,6.800000000000000488e-01
1.629999999999999979e-05,7.000000000000000666e-01
1.631000000000000139e-05,6.600000000000000311e-01
1.631999999999999960e-05,6.800000000000000488e-01
1.633000000000000120e-05,6.199999999999999956e-01
1.633999999999999941e-05,6.400000000000000133e-01
1.635000000000000101e-05,6.400000000000000133e-01
1.635999999999999922e-05,6.199999999999999956e-01
1.637000000000000082e-05,5.999999999999999778e-01
1.637999999999999903e-05,5.999999999999999778e-01
1.639000000000000062e-05,6.199999999999999956e-01
1.639999999999999883e-05,5.999999999999999778e-01
1.641000000000000043e-05,5.999999999999999778e-01
1.641999999999999864e-05,5.799999999999999600e-01
1.643000000000000024e-05,5.600000000000000533e-01
1.643999999999999845e-05,5.799999999999999600e-01
1.645000000000000005e-05,5.600000000000000533e-01
1.646000000000000165e-05,5.600000000000000533e-01
1.646999999999999986e-05,5.400000000000000355e-01
1.648000000000000146e-05,5.400000000000000355e-01
1.648999999999999967e-05,5.400000000000000355e-01
1.650000000000000127e-05,5.400000000000000355e-01
1.650999999999999948e-05,5.200000000000000178e-01
1.652000000000000107e-05,5.400000000000000355e-01
1.652999999999999928e-05,5.200000000000000178e-01
1.654000000000000088e-05,5.200000000000000178e-01
1.654999999999999909e-05,5.000000000000000000e-01
1.656000000000000069e-05,5.200000000000000178e-01
1.656999999999999890e-05,4.799999999999999822e-01
1.658000000000000050e-05,5.000000000000000000e-01
1.658999999999999871e-05,5.000000000000000000e-01
1.660000000000000031e-05,4.799999999999999822e-01
1.660999999999999852e-05,4.799999999999999822e-01
1.662000000000000012e-05,5.000000000000000000e-01
1.663000000000000171e-05,4.799999999999999822e-01
1.663999999999999992e-05,4.600000000000000200e-01
1.665000000000000152e-05,4.600000000000000200e-01
1.665999999999999973e-05,5.000000000000000000e-01
1.667000000000000133e-05,4.799999999999999822e-01
1.667999999999999954e-05,4.600000000000000200e-01
1.669000000000000114e-05,4.799999999999999822e-01
1.669999999999999935e-05,5.000000000000000000e-01
1.671000000000000095e-05,4.600000000000000200e-01
1.671999999999999916e-05,4.799999999999999822e-01
1.673000000000000076e-05,4.600000000000000200e-01
1.673999999999999897e-05,4.600000000000000200e-01
1.675000000000000057e-05,4.600000000000000200e-01
1.675999999999999878e-05,4.600000000000000200e-01
1.677000000000000037e-05,4.400000000000000022e-01
1.677999999999999858e-05,4.600000000000000200e-01
1.679000000000000018e-05,4.600000000000000200e-01
1.680000000000000178e-05,4.600000000000000200e-01
1.680999999999999999e-05,4.400000000000000022e-01
1.682000000000000159e-05,4.400000000000000022e-01
1.682999999999999980e-05,4.799999999999999822e-01
1.684000000000000140e-05,4.600000000000000200e-01
1.684999999999999961e-05,4.600000000000000200e-01
1.686000000000000121e-05,4.400000000000000022e-01
1.686999999999999942e-05,4.199999999999999845e-01
1.688000000000000101e-05,4.600000000000000200e-01
1.688999999999999923e-05,4.400000000000000022e-01
1.690000000000000082e-05,4.400000000000000022e-01
1.690999999999999903e-05,4.199999999999999845e-01
1.692000000000000063e-05,4.600000000000000200e-01
1.692999999999999884e-05,4.400000000000000022e-01
1.694000000000000044e-05,4.400000000000000022e-01
1.694999999999999865e-05,4.600000000000000200e-01
1.696000000000000025e-05,4.199999999999999845e-01
1.696999999999999846e-05,4.199999999999999845e-01
1.698000000000000006e-05,4.400000000000000022e-01
1.699000000000000166e-05,4.400000000000000022e-01
1.699999999999999987e-05,4.400000000000000022e-01
1.701000000000000146e-05,4.199999999999999845e-01
1.701999999999999967e-05,4.000000000000000222e-01
1.703000000000000127e-05,4.000000000000000222e-01
1.703999999999999948e-05,4.000000000000000222e-01
1.705000000000000108e-05,4.199999999999999845e-01
1.705999999999999929e-05,4.199999999999999845e-01
1.707000000000000089e-05,4.199999999999999845e-01
1.707999999999999910e-05,4.000000000000000222e-01
1.709000000000000070e-05,4.000000000000000222e-01
1.709999999999999891e-05,4.199999999999999845e-01
1.711000000000000051e-05,4.199999999999999845e-01
1.711999999999999872e-05,4.199999999999999845e-01
1.713000000000000032e-05,4.199999999999999845e-01
1.713999999999999853e-05,4.000000000000000222e-01
1.715000000000000012e-05,4.400000000000000022e-01
1.716000000000000172e-05,4.000000000000000222e-01
1.716999999999999993e-05,4.000000000000000222e-01
1.718000000000000153e-05,4.199999999999999845e-01
1.718999999999999974e-05,4.000000000000000222e-01
1.720000000000000134e-05,3.800000000000000044e-01
1.720999999999999955e-05,4.199999999999999845e-01
1.722000000000000115e-05,4.000000000000000222e-01
1.722999999999999936e-05,4.000000000000000222e-01
1.724000000000000096e-05,4.000000000000000222e-01
1.724999999999999917e-05,4.000000000000000222e-01
1.726000000000000076e-05,4.000000000000000222e-01
1.726999999999999897e-05,3.800000000000000044e-01
1.728000000000000057e-05,3.800000000000000044e-01
1.728999999999999878e-05,4.199999999999999845e-01
1.730000000000000038e-05,4.000000000000000222e-01
1.730999999999999859e-05,4.199999999999999845e-01
1.732000000000000019e-05,3.800000000000000044e-01
1.733000000000000179e-05,4.199999999999999845e-01
1.734000000000000000e-05,3.800000000000000044e-01
1.735000000000000160e-05,4.000000000000000222e-01
1.735999999999999981e-05,4.199999999999999845e-01
1.737000000000000141e-05,4.000000000000000222e-01
1.737999999999999962e-05,4.199999999999999845e-01
1.739000000000000121e-05,4.199999999999999845e-01
1.739999999999999942e-05,4.000000000000000222e-01
1.741000000000000102e-05,4.000000000000000222e-01
1.741999999999999923e-05,3.800000000000000044e-01
1.743000000000000083e-05,4.199999999999999845e-01
1.743999999999999904e-05,4.000000000000000222e-01
1.745000000000000064e-05,3.800000000000000044e-01
1.745999999999999885e-05,3.599999999999999867e-01
1.747000000000000045e-05,3.800000000000000044e-01
1.747999999999999866e-05,3.800000000000000044e-01
1.749000000000000026e-05,4.000000000000000222e-01
1.749999999999999847e-05,3.800000000000000044e-01
1.751000000000000007e-05,4.000000000000000222e-01
1.752000000000000166e-05,3.599999999999999867e-01
1.752999999999999987e-05,4.000000000000000222e-01
1.754000000000000147e-05,4.000000000000000222e-01
1.754999999999999968e-05,3.599999999999999867e-01
1.756000000000000128e-05,3.599999999999999867e-01
1.756999999999999949e-05,3.800000000000000044e-01
1.758000000000000109e-05,3.599999999999999867e-01
1.758999999999999930e-05,3.800000000000000044e-01
1.760000000000000090e-05,3.599999999999999867e-01
1.760999999999999911e-05,3.800000000000000044e-01
1.762000000000000071e-05,4.000000000000000222e-01
1.762999999999999892e-05,3.599999999999999867e-01
1.764000000000000051e-05,4.000000000000000222e-01
1.764999999999999872e-05,4.000000000000000222e-01
1.766000000000000032e-05,4.000000000000000222e-01
1.766999999999999853e-05,4.000000000000000222e-01
1.768000000000000013e-05,3.800000000000000044e-01
1.769000000000000173e-05,3.800000000000000044e-01
1.769999999999999994e-05,3.800000000000000044e-01
1.771000000000000154e-05,3.800000000000000044e-01
1.771999999999999975e-05,3.599999999999999867e-01
1.773000000000000135e-05,3.800000000000000044e-01
1.773999999999999956e-05,3.599999999999999867e-01
1.775000000000000116e-05,3.800000000000000044e-01
1.775999999999999937e-05,3.599999999999999867e-01
1.777000000000000096e-05,3.599999999999999867e-01
1.777999999999999917e-05,3.599999999999999867e-01
1.779000000000000077e-05,3.800000000000000044e-01
1.779999999999999898e-05,3.599999999999999867e-01
1.781000000000000058e-05,3.800000000000000044e-01
1.781999999999999879e-05,3.800000000000000044e-01
1.783000000000000039e-05,3.400000000000000244e-01
1.783999999999999860e-05,3.599999999999999867e-01
1.785000000000000020e-05,3.400000000000000244e-01
1.786000000000000180e-05,3.400000000000000244e-01
1.787000000000000001e-05,3.599999999999999867e-01
1.788000000000000160e-05,3.400000000000000244e-01
1.788999999999999982e-05,3.400000000000000244e-01
1.790000000000000141e-05,3.599999999999999867e-01
1.790999999999999962e-05,3.400000000000000244e-01
1.792000000000000122e-05,3.599999999999999867e-01
1.792999999999999943e-05,3.599999999999999867e-01
1.794000000000000103e-05,3.800000000000000044e-01
1.794999999999999924e-05,3.599999999999999867e-01
1.796000000000000084e-05,3.800000000000000044e-01
1.796999999999999905e-05,3.599999999999999867e-01
1.798000000000000065e-05,3.599999999999999867e-01
1.798999999999999886e-05,3.400000000000000244e-01
1.800000000000000046e-05,3.599999999999999867e-01
1.800999999999999867e-05,3.599999999999999867e-01
1.802000000000000026e-05,3.400000000000000244e-01
1.802999999999999847e-05,3.200000000000000067e-01
1.804000000000000007e-05,3.599999999999999867e-01
1.805000000000000167e-05,3.599999999999999867e-01
1.805999999999999988e-05,3.599999999999999867e-01
1.807000000000000148e-05,3.599999999999999867e-01
1.807999999999999969e-05,3.400000000000000244e-01
1.809000000000000129e-05,3.599999999999999867e-01
1.809999999999999950e-05,3.400000000000000244e-01
1.811000000000000110e-05,3.400000000000000244e-01
1.811999999999999931e-05,3.800000000000000044e-01
1.813000000000000091e-05,3.400000000000000244e-01
1.813999999999999912e-05,3.599999999999999867e-01
1.815000000000000071e-05,3.800000000000000044e-01
1.815999999999999892e-05,3.200000000000000067e-01
1.817000000000000052e-05,3.599999999999999867e-01
1.817999999999999873e-05,3.400000000000000244e-01
1.819000000000000033e-05,3.400000000000000244e-01
1.819999999999999854e-05,3.400000000000000244e-01
1.821000000000000014e-05,3.400000000000000244e-01
1.822000000000000174e-05,3.400000000000000244e-01
1.822999999999999995e-05,3.400000000000000244e-01
1.824000000000000155e-05,3.200000000000000067e-01
1.824999999999999976e-05,3.400000000000000244e-01
1.826000000000000135e-05,3.400000000000000244e-01
1.826999999999999957e-05,3.400000000000000244e-01
1.828000000000000116e-05,3.599999999999999867e-01
1.828999999999999937e-05,3.599999999999999867e-01
1.830000000000000097e-05,3.800000000000000044e-01
1.830999999999999918e-05,2.999999999999999889e-01
1.832000000000000078e-05,3.400000000000000244e-01
1.832999999999999899e-05,3.200000000000000067e-01
1.834000000000000059e-05,3.400000000000000244e-01
1.834999999999999880e-05,3.400000000000000244e-01
1.836000000000000040e-05,3.599999999999999867e-01
1.836999999999999861e-05,3.200000000000000067e-01
1.838000000000000021e-05,3.400000000000000244e-01
1.839000000000000180e-05,3.599999999999999867e-01
1.840000000000000001e-05,3.400000000000000244e-01
1.841000000000000161e-05,3.400000000000000244e-01
1.841999999999999982e-05,3.599999999999999867e-01
1.843000000000000142e-05,3.400000000000000244e-01
1.843999999999999963e-05,3.400000000000000244e-01
1.845000000000000123e-05,3.400000000000000244e-01
1.845999999999999944e-05,3.400000000000000244e-01
1.847000000000000104e-05,3.200000000000000067e-01
1.847999999999999925e-05,3.400000000000000244e-01
1.849000000000000085e-05,3.599999999999999867e-01
1.849999999999999906e-05,3.599999999999999867e-01
1.851000000000000066e-05,3.200000000000000067e-01
1.851999999999999887e-05,3.400000000000000244e-01
1.853000000000000046e-05,3.800000000000000044e-01
1.853999999999999867e-05,3.200000000000000067e-01
1.855000000000000027e-05,3.400000000000000244e-01
1.855999999999999848e-05,3.400000000000000244e-01
1.857000000000000008e-05,3.200000000000000067e-01
1.858000000000000168e-05,3.200000000000000067e-01
1.858999999999999989e-05,2.999999999999999889e-01
1.860000000000000149e-05,3.200000000000000067e-01
1.860999999999999970e-05,3.599999999999999867e-01
1.862000000000000130e-05,3.200000000000000067e-01
1.862999999999999951e-05,2.999999999999999889e-01
1.864000000000000110e-05,2.999999999999999889e-01
1.864999999999999931e-05,3.200000000000000067e-01
1.866000000000000091e-05,3.200000000000000067e-01
1.866999999999999912e-05,2.999999999999999889e-01
1.868000000000000072e-05,3.599999999999999867e-01
1.868999999999999893e-05,3.400000000000000244e-01
1.870000000000000053e-05,3.200000000000000067e-01
1.870999999999999874e-05,3.200000000000000067e-01
1.872000000000000034e-05,2.800000000000000266e-01
1.872999999999999855e-05,2.999999999999999889e-01
1.874000000000000015e-05,3.200000000000000067e-01
1.875000000000000175e-05,2.999999999999999889e-01
1.875999999999999996e-05,3.200000000000000067e-01
1.877000000000000155e-05,3.400000000000000244e-01
1.877999999999999976e-05,3.400000000000000244e-01
1.879000000000000136e-05,3.200000000000000067e-01
1.879999999999999957e-05,3.400000000000000244e-01
1.881000000000000117e-05,3.200000000000000067e-01
1.881999999999999938e-05,3.200000000000000067e-01
1.883000000000000098e-05,3.200000000000000067e-01
1.883999999999999919e-05,2.999999999999999889e-01
1.885000000000000079e-05,2.999999999999999889e-01
1.885999999999999900e-05,3.200000000000000067e-01
1.887000000000000060e-05,3.200000000000000067e-01
1.887999999999999881e-05,3.200000000000000067e-01
1.889000000000000041e-05,3.200000000000000067e-01
1.889999999999999862e-05,3.400000000000000244e-01
1.891000000000000021e-05,3.200000000000000067e-01
1.892000000000000181e-05,3.200000000000000067e-01
1.893000000000000002e-05,3.200000000000000067e-01
1.894000000000000162e-05,3.200000000000000067e-01
1.894999999999999983e-05,3.200000000000000067e-01
1.896000000000000143e-05,3.200000000000000067e-01
1.896999999999999964e-05,2.999999999999999889e-01
1.898000000000000124e-05,3.400000000000000244e-01
1.898999999999999945e-05,3.400000000000000244e-01
1.900000000000000105e-05,2.800000000000000266e-01
1.900999999999999926e-05,3.200000000000000067e-01
1.902000000000000085e-05,2.999999999999999889e-01
1.902999999999999906e-05,3.200000000000000067e-01
1.904000000000000066e-05,2.999999999999999889e-01
1.904999999999999887e-05,2.800000000000000266e-01
1.906000000000000047e-05,3.200000000000000067e-01
1.906999999999999868e-05,2.999999999999999889e-01
1.908000000000000028e-05,3.200000000000000067e-01
1.908999999999999849e-05,3.200000000000000067e-01
1.910000000000000009e-05,3.400000000000000244e-01
1.911000000000000169e-05,2.999999999999999889e-01
1.911999999999999990e-05,2.999999999999999889e-01
1.913000000000000150e-05,2.999999999999999889e-01
1.913999999999999971e-05,2.999999999999999889e-01
1.915000000000000130e-05,3.200000000000000067e-01
1.915999999999999951e-05,3.200000000000000067e-01
1.917000000000000111e-05,2.999999999999999889e-01
1.917999999999999932e-05,3.200000000000000067e-01
1.919000000000000092e-05,3.400000000000000244e-01
1.919999999999999913e-05,2.999999999999999889e-01
1.921000000000000073e-05,2.999999999999999889e-01
1.921999999999999894e-05,3.200000000000000067e-01
1.923000000000000054e-05,2.999999999999999889e-01
1.923999999999999875e-05,3.200000000000000067e-01
1.925000000000000035e-05,3.200000000000000067e-01
1.925999999999999856e-05,2.999999999999999889e-01
1.927000000000000016e-05,3.200000000000000067e-01
1.928000000000000175e-05,3.200000000000000067e-01
1.928999999999999996e-05,2.999999999999999889e-01
1.930000000000000156e-05,2.999999999999999889e-01
1.930999999999999977e-05,2.999999999999999889e-01
1.932000000000000137e-05,3.200000000000000067e-01
1.932999999999999958e-05,3.200000000000000067e-01
1.934000000000000118e-05,3.200000000000000067e-01
1.934999999999999939e-05,2.999999999999999889e-01
1.936000000000000099e-05,2.800000000000000266e-01
1.936999999999999920e-05,3.400000000000000244e-01
1.938000000000000080e-05,2.999999999999999889e-01
1.938999999999999901e-05,2.999999999999999889e-01
1.940000000000000060e-05,3.200000000000000067e-01
1.940999999999999881e-05,3.200000000000000067e-01
1.942000000000000041e-05,3.200000000000000067e-01
1.942999999999999862e-05,2.999999999999999889e-01
1.944000000000000022e-05,2.800000000000000266e-01
1.945000000000000182e-05,2.999999999999999889e-01
1.946000000000000003e-05,2.999999999999999889e-01
1.947000000000000163e-05,3.200000000000000067e-01
1.947999999999999984e-05,2.999999999999999889e-01
1.949000000000000144e-05,2.999999999999999889e-01
1.949999999999999965e-05,2.800000000000000266e-01
1.951000000000000125e-05,3.200000000000000067e-01
1.951999999999999946e-05,3.200000000000000067e-01
1.953000000000000105e-05,2.999999999999999889e-01
1.953999999999999926e-05,2.800000000000000266e-01
1.955000000000000086e-05,2.800000000000000266e-01
1.955999999999999907e-05,3.200000000000000067e-01
1.957000000000000067e-05,2.999999999999999889e-01
1.957999999999999888e-05,2.999999999999999889e-01
1.959000000000000048e-05,3.200000000000000067e-01
1.959999999999999869e-05,3.200000000000000067e-01
1.961000000000000029e-05,2.999999999999999889e-01
1.961999999999999850e-05,2.999999999999999889e-01
1.963000000000000010e-05,2.999999999999999889e-01
1.964000000000000169e-05,2.999999999999999889e-01
1.964999999999999990e-05,3.200000000000000067e-01
1.966000000000000150e-05,2.999999999999999889e-01
1.966999999999999971e-05,3.200000000000000067e-01
1.968000000000000131e-05,3.200000000000000067e-01
1.968999999999999952e-05,2.999999999999999889e-01
1.970000000000000112e-05,2.999999999999999889e-01
1.970999999999999933e-05,2.800000000000000266e-01
1.972000000000000093e-05,2.800000000000000266e-01
1.972999999999999914e-05,3.200000000000000067e-01
1.974000000000000074e-05,2.800000000000000266e-01
1.974999999999999895e-05,2.999999999999999889e-01
1.976000000000000055e-05,2.999999999999999889e-01
1.976999999999999876e-05,2.999999999999999889e-01
1.978000000000000035e-05,2.999999999999999889e-01
1.978999999999999856e-05,2.999999999999999889e-01
1.980000000000000016e-05,2.999999999999999889e-01
1.981000000000000176e-05,2.999999999999999889e-01
1.981999999999999997e-05,2.999999999999999889e-01
1.983000000000000157e-05,2.999999999999999889e-01
1.983999999999999978e-05,2.800000000000000266e-01
1.985000000000000138e-05,3.200000000000000067e-01
1.985999999999999959e-05,2.800000000000000266e-01
1.987000000000000119e-05,3.200000000000000067e-01
1.987999999999999940e-05,2.999999999999999889e-01
1.989000000000000100e-05,2.800000000000000266e-01
1.989999999999999921e-05,2.999999999999999889e-01
1.991000000000000080e-05,2.999999999999999889e-01
1.991999999999999901e-05,2.999999999999999889e-01
1.993000000000000061e-05,2.999999999999999889e-01
1.993999999999999882e-05,2.999999999999999889e-01
1.995000000000000042e-05,2.800000000000000266e-01
1.995999999999999863e-05,2.800000000000000266e-01
1.997000000000000023e-05,2.999999999999999889e-01
1.998000000000000183e-05,2.999999999999999889e-01
1.999000000000000004e-05,2.999999999999999889e-01
2.000000000000000164e-05,3.200000000000000067e-01
2.000999999999999985e-05,2.600000000000000089e-01
2.002000000000000144e-05,2.999999999999999889e-01
2.002999999999999965e-05,2.999999999999999889e-01
2.004000000000000125e-05,2.600000000000000089e-01
2.004999999999999946e-05,3.200000000000000067e-01
2.006000000000000106e-05,2.999999999999999889e-01
2.006999999999999927e-05,3.200000000000000067e-01
2.008000000000000087e-05,3.200000000000000067e-01
2.008999999999999908e-05,2.999999999999999889e-01
2.010000000000000068e-05,2.999999999999999889e-01
2.010999999999999889e-05,2.999999999999999889e-01
2.012000000000000049e-05,2.999999999999999889e-01
2.012999999999999870e-05,2.999999999999999889e-01
2.014000000000000030e-05,2.800000000000000266e-01
2.014999999999999851e-05,3.400000000000000244e-01
2.016000000000000010e-05,2.999999999999999889e-01
2.017000000000000170e-05,2.999999999999999889e-01
2.017999999999999991e-05,3.200000000000000067e-01
2.019000000000000151e-05,2.800000000000000266e-01
2.019999999999999972e-05,2.800000000000000266e-01
2.021000000000000132e-05,2.800000000000000266e-01
2.021999999999999953e-05,2.999999999999999889e-01
2.023000000000000113e-05,3.200000000000000067e-01
2.023999999999999934e-05,2.999999999999999889e-01
2.025000000000000094e-05,3.200000000000000067e-01
2.025999999999999915e-05,2.999999999999999889e-01
2.027000000000000075e-05,3.400000000000000244e-01
2.027999999999999896e-05,3.400000000000000244e-01
2.029000000000000055e-05,2.999999999999999889e-01
2.029999999999999876e-05,3.200000000000000067e-01
2.031000000000000036e-05,3.400000000000000244e-01
2.031999999999999857e-05,3.400000000000000244e-01
2.033000000000000017e-05,2.999999999999999889e-01
2.034000000000000177e-05,3.200000000000000067e-01
2.034999999999999998e-05,2.999999999999999889e-01
2.036000000000000158e-05,3.400000000000000244e-01
2.036999999999999979e-05,3.200000000000000067e-01
2.038000000000000139e-05,3.200000000000000067e-01
2.038999999999999960e-05,2.999999999999999889e-01
2.040000000000000119e-05,3.400000000000000244e-01
2.040999999999999940e-05,3.200000000000000067e-01
2.042000000000000100e-05,3.200000000000000067e-01
2.042999999999999921e-05,3.200000000000000067e-01
2.044000000000000081e-05,3.200000000000000067e-01
2.044999999999999902e-05,3.200000000000000067e-01
2.046000000000000062e-05,3.400000000000000244e-01
2.046999999999999883e-05,3.200000000000000067e-01
2.048000000000000043e-05,3.200000000000000067e-01
2.048999999999999864e-05,2.999999999999999889e-01
2.050000000000000024e-05,3.200000000000000067e-01
2.051000000000000184e-05,3.599999999999999867e-01
2.052000000000000005e-05,3.200000000000000067e-01
2.053000000000000164e-05,3.400000000000000244e-01
2.053999999999999985e-05,3.200000000000000067e-01
2.055000000000000145e-05,3.400000000000000244e-01
2.055999999999999966e-05,3.200000000000000067e-01
2.057000000000000126e-05,3.400000000000000244e-01
2.057999999999999947e-05,3.400000000000000244e-01
2.059000000000000107e-05,3.599999999999999867e-01
2.059999999999999928e-05,3.400000000000000244e-01
2.061000000000000088e-05,3.400000000000000244e-01
2.061999999999999909e-05,3.599999999999999867e-01
2.063000000000000069e-05,3.599999999999999867e-01
2.063999999999999890e-05,3.599999999999999867e-01
2.065000000000000049e-05,3.599999999999999867e-01
2.065999999999999871e-05,3.800000000000000044e-01
2.067000000000000030e-05,3.599999999999999867e-01
2.067999999999999851e-05,3.800000000000000044e-01
2.069000000000000011e-05,4.000000000000000222e-01
2.070000000000000171e-05,3.599999999999999867e-01
2.070999999999999992e-05,3.599999999999999867e-01
2.072000000000000152e-05,4.000000000000000222e-01
2.072999999999999973e-05,3.800000000000000044e-01
2.074000000000000133e-05,3.800000000000000044e-01
2.074999999999999954e-05,4.000000000000000222e-01
2.076000000000000114e-05,4.000000000000000222e-01
2.076999999999999935e-05,4.199999999999999845e-01
2.078000000000000094e-05,4.199999999999999845e-01
2.078999999999999915e-05,4.199999999999999845e-01
2.080000000000000075e-05,4.199999999999999845e-01
2.080999999999999896e-05,4.000000000000000222e-01
2.082000000000000056e-05,4.000000000000000222e-01
2.082999999999999877e-05,3.800000000000000044e-01
2.084000000000000037e-05,4.199999999999999845e-01
2.084999999999999858e-05,4.000000000000000222e-01
2.086000000000000018e-05,4.400000000000000022e-01
2.087000000000000178e-05,4.400000000000000022e-01
2.087999999999999999e-05,4.000000000000000222e-01
2.089000000000000159e-05,4.400000000000000022e-01
2.089999999999999980e-05,4.400000000000000022e-01
2.091000000000000139e-05,4.400000000000000022e-01
2.091999999999999960e-05,4.199999999999999845e-01
2.093000000000000120e-05,4.400000000000000022e-01
2.093999999999999941e-05,4.600000000000000200e-01
2.095000000000000101e-05,4.400000000000000022e-01
2.095999999999999922e-05,4.400000000000000022e-01
2.097000000000000082e-05,4.600000000000000200e-01
2.097999999999999903e-05,4.400000000000000022e-01
2.099000000000000063e-05,4.400000000000000022e-01
2.099999999999999884e-05,4.199999999999999845e-01
2.101000000000000044e-05,4.600000000000000200e-01
2.101999999999999865e-05,4.600000000000000200e-01
2.103000000000000024e-05,4.400000000000000022e-01
2.104000000000000184e-05,4.600000000000000200e-01
2.105000000000000005e-05,4.600000000000000200e-01
2.106000000000000165e-05,4.799999999999999822e-01
2.106999999999999986e-05,4.600000000000000200e-01
2.108000000000000146e-05,4.600000000000000200e-01
2.108999999999999967e-05,4.600000000000000200e-01
2.110000000000000127e-05,4.600000000000000200e-01
2.110999999999999948e-05,4.600000000000000200e-01
2.112000000000000108e-05,4.600000000000000200e-01
2.112999999999999929e-05,4.799999999999999822e-01
2.114000000000000089e-05,4.600000000000000200e-01
2.114999999999999910e-05,4.400000000000000022e-01
2.116000000000000069e-05,4.400000000000000022e-01
2.116999999999999890e-05,4.600000000000000200e-01
2.118000000000000050e-05,4.600000000000000200e-01
2.118999999999999871e-05,4.400000000000000022e-01
2.120000000000000031e-05,4.199999999999999845e-01
2.120999999999999852e-05,4.600000000000000200e-01
2.122000000000000012e-05,4.799999999999999822e-01
2.123000000000000172e-05,4.199999999999999845e-01
2.123999999999999993e-05,4.600000000000000200e-01
2.125000000000000153e-05,4.400000000000000022e-01
2.125999999999999974e-05,4.400000000000000022e-01
2.127000000000000134e-05,4.600000000000000200e-01
2.127999999999999955e-05,4.400000000000000022e-01
2.129000000000000114e-05,4.600000000000000200e-01
2.129999999999999935e-05,4.400000000000000022e-01
2.131000000000000095e-05,4.600000000000000200e-01
2.131999999999999916e-05,4.199999999999999845e-01
2.133000000000000076e-05,4.199999999999999845e-01
2.133999999999999897e-05,4.199999999999999845e-01
2.135000000000000057e-05,4.400000000000000022e-01
2.135999999999999878e-05,4.400000000000000022e-01
2.137000000000000038e-05,4.400000000000000022e-01
2.137999999999999859e-05,4.400000000000000022e-01
2.139000000000000019e-05,4.199999999999999845e-01
2.140000000000000178e-05,4.199999999999999845e-01
2.140999999999999999e-05,4.199999999999999845e-01
2.142000000000000159e-05,4.000000000000000222e-01
2.142999999999999980e-05,4.000000000000000222e-01
2.144000000000000140e-05,4.000000000000000222e-01
2.144999999999999961e-05,4.000000000000000222e-01
2.146000000000000121e-05,4.000000000000000222e-01
2.146999999999999942e-05,4.199999999999999845e-01
2.148000000000000102e-05,3.800000000000000044e-01
2.148999999999999923e-05,4.000000000000000222e-01
2.150000000000000083e-05,4.199999999999999845e-01
2.150999999999999904e-05,3.800000000000000044e-01
2.152000000000000064e-05,3.800000000000000044e-01
2.152999999999999885e-05,4.000000000000000222e-01
2.154000000000000044e-05,3.800000000000000044e-01
2.154999999999999865e-05,4.000000000000000222e-01
2.156000000000000025e-05,3.800000000000000044e-01
2.157000000000000185e-05,3.800000000000000044e-01
2.158000000000000006e-05,4.000000000000000222e-01
2.159000000000000166e-05,3.800000000000000044e-01
2.159999999999999987e-05,3.800000000000000044e-01
2.161000000000000147e-05,3.800000000000000044e-01
2.161999999999999968e-05,3.800000000000000044e-01
2.163000000000000128e-05,3.800000000000000044e-01
2.163999999999999949e-05,3.800000000000000044e-01
2.165000000000000108e-05,3.800000000000000044e-01
2.165999999999999930e-05,3.599999999999999867e-01
2.167000000000000089e-05,3.800000000000000044e-01
2.167999999999999910e-05,3.800000000000000044e-01
2.169000000000000070e-05,3.599999999999999867e-01
2.169999999999999891e-05,3.599999999999999867e-01
2.171000000000000051e-05,3.400000000000000244e-01
2.171999999999999872e-05,3.800000000000000044e-01
2.173000000000000032e-05,3.599999999999999867e-01
2.173999999999999853e-05,3.599999999999999867e-01
2.175000000000000013e-05,3.599999999999999867e-01
2.176000000000000173e-05,3.400000000000000244e-01
2.176999999999999994e-05,3.400000000000000244e-01
2.178000000000000153e-05,3.599999999999999867e-01
2.178999999999999974e-05,3.400000000000000244e-01
2.180000000000000134e-05,3.400000000000000244e-01
2.180999999999999955e-05,3.400000000000000244e-01
2.182000000000000115e-05,3.200000000000000067e-01
2.182999999999999936e-05,3.599999999999999867e-01
2.184000000000000096e-05,3.400000000000000244e-01
2.184999999999999917e-05,3.400000000000000244e-01
2.186000000000000077e-05,3.400000000000000244e-01
2.186999999999999898e-05,3.200000000000000067e-01
2.188000000000000058e-05,3.599999999999999867e-01
2.188999999999999879e-05,3.200000000000000067e-01
2.190000000000000039e-05,3.400000000000000244e-01
2.190999999999999860e-05,3.200000000000000067e-01
2.192000000000000019e-05,3.400000000000000244e-01
2.193000000000000179e-05,3.200000000000000067e-01
2.194000000000000000e-05,3.400000000000000244e-01
2.195000000000000160e-05,3.400000000000000244e-01
2.195999999999999981e-05,3.400000000000000244e-01
2.197000000000000141e-05,3.400000000000000244e-01
2.197999999999999962e-05,3.200000000000000067e-01
2.199000000000000122e-05,3.200000000000000067e-01
2.199999999999999943e-05,3.599999999999999867e-01
2.201000000000000103e-05,3.400000000000000244e-01
2.201999999999999924e-05,3.400000000000000244e-01
2.203000000000000083e-05,3.400000000000000244e-01
2.203999999999999905e-05,3.200000000000000067e-01
2.205000000000000064e-05,3.400000000000000244e-01
2.205999999999999885e-05,3.200000000000000067e-01
2.207000000000000045e-05,3.400000000000000244e-01
2.207999999999999866e-05,3.400000000000000244e-01
2.209000000000000026e-05,2.999999999999999889e-01
2.210000000000000186e-05,3.200000000000000067e-01
2.211000000000000007e-05,3.400000000000000244e-01
2.212000000000000167e-05,2.999999999999999889e-01
2.212999999999999988e-05,3.200000000000000067e-01
2.214000000000000148e-05,3.200000000000000067e-01
2.214999999999999969e-05,3.200000000000000067e-01
2.216000000000000128e-05,2.999999999999999889e-01
2.216999999999999949e-05,2.999999999999999889e-01
2.218000000000000109e-05,2.999999999999999889e-01
2.218999999999999930e-05,3.400000000000000244e-01
2.220000000000000090e-05,3.200000000000000067e-01
2.220999999999999911e-05,3.400000000000000244e-01
2.222000000000000071e-05,2.999999999999999889e-01
2.222999999999999892e-05,3.200000000000000067e-01
2.224000000000000052e-05,2.999999999999999889e-01
2.224999999999999873e-05,3.200000000000000067e-01
2.226000000000000033e-05,3.400000000000000244e-01
2.227000000000000193e-05,2.999999999999999889e-01
2.228000000000000014e-05,3.200000000000000067e-01
2.229000000000000173e-05,2.999999999999999889e-01
2.229999999999999994e-05,3.200000000000000067e-01
2.231000000000000154e-05,2.999999999999999889e-01
2.231999999999999975e-05,2.999999999999999889e-01
2.233000000000000135e-05,3.200000000000000067e-01
2.233999999999999956e-05,2.999999999999999889e-01
2.235000000000000116e-05,3.200000000000000067e-01
2.236000000000000276e-05,2.999999999999999889e-01
2.237000000000000097e-05,2.800000000000000266e-01
2.238000000000000257e-05,3.200000000000000067e-01
2.239000000000000078e-05,2.999999999999999889e-01
2.240000000000000237e-05,2.999999999999999889e-01
2.241000000000000058e-05,2.800000000000000266e-01
2.242000000000000218e-05,3.200000000000000067e-01
2.243000000000000039e-05,2.999999999999999889e-01
2.244000000000000199e-05,3.400000000000000244e-01
2.245000000000000020e-05,2.999999999999999889e-01
2.246000000000000180e-05,3.200000000000000067e-01
2.247000000000000001e-05,2.999999999999999889e-01
2.248000000000000161e-05,3.200000000000000067e-01
2.248999999999999982e-05,3.200000000000000067e-01
2.250000000000000142e-05,2.800000000000000266e-01
2.250999999999999963e-05,3.200000000000000067e-01
2.252000000000000123e-05,2.999999999999999889e-01
2.252999999999999944e-05,2.800000000000000266e-01
2.254000000000000103e-05,2.800000000000000266e-01
2.255000000000000263e-05,2.999999999999999889e-01
2.256000000000000084e-05,2.999999999999999889e-01
2.257000000000000244e-05,3.200000000000000067e-01
2.258000000000000065e-05,2.800000000000000266e-01
2.259000000000000225e-05,2.999999999999999889e-01
2.260000000000000046e-05,3.200000000000000067e-01
2.261000000000000206e-05,2.999999999999999889e-01
2.262000000000000027e-05,2.800000000000000266e-01
2.263000000000000187e-05,2.999999999999999889e-01
2.264000000000000008e-05,3.200000000000000067e-01
2.265000000000000167e-05,2.999999999999999889e-01
2.265999999999999989e-05,3.200000000000000067e-01
2.267000000000000148e-05,2.999999999999999889e-01
2.267999999999999969e-05,2.800000000000000266e-01
2.269000000000000129e-05,2.800000000000000266e-01
2.269999999999999950e-05,2.800000000000000266e-01
2.271000000000000110e-05,2.999999999999999889e-01
2.272000000000000270e-05,2.800000000000000266e-01
2.273000000000000091e-05,2.999999999999999889e-01
2.274000000000000251e-05,2.999999999999999889e-01
2.275000000000000072e-05,2.800000000000000266e-01
2.276000000000000232e-05,2.800000000000000266e-01
2.277000000000000053e-05,2.999999999999999889e-01
2.278000000000000212e-05,2.999999999999999889e-01
2.279000000000000033e-05,3.200000000000000067e-01
2.280000000000000193e-05,2.800000000000000266e-01
2.281000000000000014e-05,2.800000000000000266e-01
2.282000000000000174e-05,2.800000000000000266e-01
2.282999999999999995e-05,2.800000000000000266e-01
2.284000000000000155e-05,2.999999999999999889e-01
2.284999999999999976e-05,2.800000000000000266e-01
2.286000000000000136e-05,2.999999999999999889e-01
2.286999999999999957e-05,2.800000000000000266e-01
2.288000000000000117e-05,2.800000000000000266e-01
2.289000000000000277e-05,2.800000000000000266e-01
2.290000000000000098e-05,2.800000000000000266e-01
2.291000000000000257e-05,2.800000000000000266e-01
2.292000000000000078e-05,2.600000000000000089e-01
2.293000000000000238e-05,2.800000000000000266e-01
2.294000000000000059e-05,2.999999999999999889e-01
2.295000000000000219e-05,2.600000000000000089e-01
2.296000000000000040e-05,2.600000000000000089e-01
2.297000000000000200e-05,2.999999999999999889e-01
2.298000000000000021e-05,2.800000000000000266e-01
2.299000000000000181e-05,2.800000000000000266e-01
2.300000000000000002e-05,2.999999999999999889e-01
2.301000000000000162e-05,2.999999999999999889e-01
2.301999999999999983e-05,2.999999999999999889e-01
2.303000000000000142e-05,2.800000000000000266e-01
2.303999999999999964e-05,2.800000000000000266e-01
2.305000000000000123e-05,2.800000000000000266e-01
2.305999999999999944e-05,2.600000000000000089e-01
2.307000000000000104e-05,2.600000000000000089e-01
2.308000000000000264e-05,2.399999999999999911e-01
2.309000000000000085e-05,2.600000000000000089e-01
2.310000000000000245e-05,2.800000000000000266e-01
2.311000000000000066e-05,2.600000000000000089e-01
2.312000000000000226e-05,2.800000000000000266e-01
2.313000000000000047e-05,2.800000000000000266e-01
2.314000000000000207e-05,2.600000000000000089e-01
2.315000000000000028e-05,2.600000000000000089e-01
2.316000000000000187e-05,2.600000000000000089e-01
2.317000000000000008e-05,2.600000000000000089e-01
2.318000000000000168e-05,2.600000000000000089e-01
2.318999999999999989e-05,2.800000000000000266e-01
2.320000000000000149e-05,2.800000000000000266e-01
2.320999999999999970e-05,2.600000000000000089e-01
2.322000000000000130e-05,2.800000000000000266e-01
2.322999999999999951e-05,2.800000000000000266e-01
2.324000000000000111e-05,2.999999999999999889e-01
2.325000000000000271e-05,2.999999999999999889e-01
2.326000000000000092e-05,2.399999999999999911e-01
2.327000000000000252e-05,2.800000000000000266e-01
2.328000000000000073e-05,2.600000000000000089e-01
2.329000000000000232e-05,2.800000000000000266e-01
2.330000000000000053e-05,2.800000000000000266e-01
2.331000000000000213e-05,2.999999999999999889e-01
2.332000000000000034e-05,2.800000000000000266e-01
2.333000000000000194e-05,2.999999999999999889e-01
2.334000000000000015e-05,2.800000000000000266e-01
2.335000000000000175e-05,2.800000000000000266e-01
2.335999999999999996e-05,2.800000000000000266e-01
2.337000000000000156e-05,2.800000000000000266e-01
2.337999999999999977e-05,2.600000000000000089e-01
2.339000000000000137e-05,2.600000000000000089e-01
2.339999999999999958e-05,2.600000000000000089e-01
2.341000000000000117e-05,2.600000000000000089e-01
2.342000000000000277e-05,2.600000000000000089e-01
2.343000000000000098e-05,2.800000000000000266e-01
2.344000000000000258e-05,2.399999999999999911e-01
2.345000000000000079e-05,2.600000000000000089e-01
2.346000000000000239e-05,2.399999999999999911e-01
2.347000000000000060e-05,2.800000000000000266e-01
2.348000000000000220e-05,2.800000000000000266e-01
2.349000000000000041e-05,2.600000000000000089e-01
2.350000000000000201e-05,2.600000000000000089e-01
2.351000000000000022e-05,2.600000000000000089e-01
2.352000000000000182e-05,2.399999999999999911e-01
2.353000000000000003e-05,2.600000000000000089e-01
2.354000000000000162e-05,2.600000000000000089e-01
2.354999999999999983e-05,2.800000000000000266e-01
2.356000000000000143e-05,2.999999999999999889e-01
2.356999999999999964e-05,2.600000000000000089e-01
2.358000000000000124e-05,2.800000000000000266e-01
2.358999999999999945e-05,2.600000000000000089e-01
2.360000000000000105e-05,2.600000000000000089e-01
2.361000000000000265e-05,2.600000000000000089e-01
2.362000000000000086e-05,2.600000000000000089e-01
2.363000000000000246e-05,2.800000000000000266e-01
2.364000000000000067e-05,2.600000000000000089e-01
2.365000000000000226e-05,2.800000000000000266e-01
2.366000000000000048e-05,2.600000000000000089e-01
2.367000000000000207e-05,2.399999999999999911e-01
2.368000000000000028e-05,2.399999999999999911e-01
2.369000000000000188e-05,2.600000000000000089e-01
2.370000000000000009e-05,2.800000000000000266e-01
2.371000000000000169e-05,2.800000000000000266e-01
2.371999999999999990e-05,2.600000000000000089e-01
2.373000000000000150e-05,2.800000000000000266e-01
2.373999999999999971e-05,2.600000000000000089e-01
2.375000000000000131e-05,2.600000000000000089e-01
2.375999999999999952e-05,2.800000000000000266e-01
2.377000000000000112e-05,2.399999999999999911e-01
2.378000000000000271e-05,2.800000000000000266e-01
2.379000000000000092e-05,2.399999999999999911e-01
2.380000000000000252e-05,2.600000000000000089e-01
2.381000000000000073e-05,2.800000000000000266e-01
2.382000000000000233e-05,2.600000000000000089e-01
2.383000000000000054e-05,2.600000000000000089e-01
2.384000000000000214e-05,2.999999999999999889e-01
2.385000000000000035e-05,2.800000000000000266e-01
2.386000000000000195e-05,2.800000000000000266e-01
2.387000000000000016e-05,2.600000000000000089e-01
2.388000000000000176e-05,2.800000000000000266e-01
2.388999999999999997e-05,2.800000000000000266e-01
2.390000000000000157e-05,2.600000000000000089e-01
2.390999999999999978e-05,2.800000000000000266e-01
2.392000000000000137e-05,2.600000000000000089e-01
2.392999999999999958e-05,2.800000000000000266e-01
2.394000000000000118e-05,2.600000000000000089e-01
2.395000000000000278e-05,2.800000000000000266e-01
2.396000000000000099e-05,2.800000000000000266e-01
2.397000000000000259e-05,2.800000000000000266e-01
2.398000000000000080e-05,2.800000000000000266e-01
2.399000000000000240e-05,2.999999999999999889e-01
2.400000000000000061e-05,2.600000000000000089e-01
2.401000000000000221e-05,2.999999999999999889e-01
2.402000000000000042e-05,2.800000000000000266e-01
2.403000000000000201e-05,2.999999999999999889e-01
2.404000000000000023e-05,2.999999999999999889e-01
2.405000000000000182e-05,3.200000000000000067e-01
2.406000000000000003e-05,2.800000000000000266e-01
2.407000000000000163e-05,2.800000000000000266e-01
2.407999999999999984e-05,2.800000000000000266e-01
2.409000000000000144e-05,3.200000000000000067e-01
2.409999999999999965e-05,2.999999999999999889e-01
2.411000000000000125e-05,2.999999999999999889e-01
2.411999999999999946e-05,2.999999999999999889e-01
2.413000000000000106e-05,2.999999999999999889e-01
2.414000000000000266e-05,2.999999999999999889e-01
2.415000000000000087e-05,2.999999999999999889e-01
2.416000000000000246e-05,3.200000000000000067e-01
2.417000000000000067e-05,3.400000000000000244e-01
2.418000000000000227e-05,3.400000000000000244e-01
2.419000000000000048e-05,3.400000000000000244e-01
2.420000000000000208e-05,3.200000000000000067e-01
2.421000000000000029e-05,3.400000000000000244e-01
2.422000000000000189e-05,3.400000000000000244e-01
2.423000000000000010e-05,3.400000000000000244e-01
2.424000000000000170e-05,3.599999999999999867e-01
2.424999999999999991e-05,3.200000000000000067e-01
2.426000000000000151e-05,3.599999999999999867e-01
2.426999999999999972e-05,3.800000000000000044e-01
2.428000000000000132e-05,3.599999999999999867e-01
2.428999999999999953e-05,4.000000000000000222e-01
2.430000000000000112e-05,3.800000000000000044e-01
2.431000000000000272e-05,3.599999999999999867e-01
2.432000000000000093e-05,3.800000000000000044e-01
2.433000000000000253e-05,4.000000000000000222e-01
2.434000000000000074e-05,3.800000000000000044e-01
2.435000000000000234e-05,3.800000000000000044e-01
2.436000000000000055e-05,4.199999999999999845e-01
2.437000000000000215e-05,4.000000000000000222e-01
2.438000000000000036e-05,4.199999999999999845e-01
2.439000000000000196e-05,4.000000000000000222e-01
2.440000000000000017e-05,4.199999999999999845e-01
2.441000000000000176e-05,4.199999999999999845e-01
2.441999999999999997e-05,4.199999999999999845e-01
2.443000000000000157e-05,4.199999999999999845e-01
2.443999999999999978e-05,4.199999999999999845e-01
2.445000000000000138e-05,4.199999999999999845e-01
2.445999999999999959e-05,4.600000000000000200e-01
2.447000000000000119e-05,4.600000000000000200e-01
2.448000000000000279e-05,4.600000000000000200e-01
2.449000000000000100e-05,4.600000000000000200e-01
2.450000000000000260e-05,4.600000000000000200e-01
2.451000000000000081e-05,4.400000000000000022e-01
2.452000000000000241e-05,4.799999999999999822e-01
2.453000000000000062e-05,4.799999999999999822e-01
2.454000000000000221e-05,4.799999999999999822e-01
2.455000000000000042e-05,4.799999999999999822e-01
2.456000000000000202e-05,5.000000000000000000e-01
2.457000000000000023e-05,4.799999999999999822e-01
2.458000000000000183e-05,5.000000000000000000e-01
2.459000000000000004e-05,5.400000000000000355e-01
2.460000000000000164e-05,5.200000000000000178e-01
2.460999999999999985e-05,5.000000000000000000e-01
2.462000000000000145e-05,5.400000000000000355e-01
2.462999999999999966e-05,5.200000000000000178e-01
2.464000000000000126e-05,5.200000000000000178e-01
2.464999999999999947e-05,5.200000000000000178e-01
2.466000000000000107e-05,5.000000000000000000e-01
2.467000000000000266e-05,5.200000000000000178e-01
2.468000000000000087e-05,5.200000000000000178e-01
2.469000000000000247e-05,5.200000000000000178e-01
2.470000000000000068e-05,5.600000000000000533e-01
2.471000000000000228e-05,5.200000000000000178e-01
2.472000000000000049e-05,5.400000000000000355e-01
2.473000000000000209e-05,5.000000000000000000e-01
2.474000000000000030e-05,5.200000000000000178e-01
2.475000000000000190e-05,5.400000000000000355e-01
2.476000000000000011e-05,5.000000000000000000e-01
2.477000000000000171e-05,5.000000000000000000e-01
2.477999999999999992e-05,5.200000000000000178e-01
2.479000000000000151e-05,5.000000000000000000e-01
2.479999999999999972e-05,5.400000000000000355e-01
2.481000000000000132e-05,5.200000000000000178e-01
2.481999999999999953e-05,5.400000000000000355e-01
2.483000000000000113e-05,5.200000000000000178e-01
2.484000000000000273e-05,5.000000000000000000e-01
2.485000000000000094e-05,5.200000000000000178e-01
2.486000000000000254e-05,5.000000000000000000e-01
2.487000000000000075e-05,5.200000000000000178e-01
2.488000000000000235e-05,5.200000000000000178e-01
2.489000000000000056e-05,5.000000000000000000e-01
2.490000000000000216e-05,5.200000000000000178e-01
2.491000000000000037e-05,5.000000000000000000e-01
2.492000000000000196e-05,5.400000000000000355e-01
2.493000000000000017e-05,4.799999999999999822e-01
2.494000000000000177e-05,5.000000000000000000e-01
2.494999999999999998e-05,5.000000000000000000e-01
2.496000000000000158e-05,4.600000000000000200e-01
2.496999999999999979e-05,4.799999999999999822e-01
2.498000000000000139e-05,4.799999999999999822e-01
2.498999999999999960e-05,4.400000000000000022e-01
2.500000000000000120e-05,4.799999999999999822e-01
2.501000000000000280e-05,4.400000000000000022e-01
2.502000000000000101e-05,4.799999999999999822e-01
2.503000000000000260e-05,4.400000000000000022e-01
2.504000000000000082e-05,4.600000000000000200e-01
2.505000000000000241e-05,4.400000000000000022e-01
2.506000000000000062e-05,4.600000000000000200e-01
2.507000000000000222e-05,4.799999999999999822e-01
2.508000000000000043e-05,4.400000000000000022e-01
2.509000000000000203e-05,4.400000000000000022e-01
2.510000000000000024e-05,4.600000000000000200e-01
2.511000000000000184e-05,4.400000000000000022e-01
2.512000000000000005e-05,4.199999999999999845e-01
2.513000000000000165e-05,4.199999999999999845e-01
2.513999999999999986e-05,4.199999999999999845e-01
2.515000000000000146e-05,4.199999999999999845e-01
2.515999999999999967e-05,4.199999999999999845e-01
2.517000000000000126e-05,4.400000000000000022e-01
2.517999999999999947e-05,4.199999999999999845e-01
2.519000000000000107e-05,3.800000000000000044e-01
2.520000000000000267e-05,4.400000000000000022e-01
2.521000000000000088e-05,4.199999999999999845e-01
2.522000000000000248e-05,4.199999999999999845e-01
2.523000000000000069e-05,4.400000000000000022e-01
2.524000000000000229e-05,4.000000000000000222e-01
2.525000000000000050e-05,4.199999999999999845e-01
2.526000000000000210e-05,3.800000000000000044e-01
2.527000000000000031e-05,3.800000000000000044e-01
2.528000000000000191e-05,3.800000000000000044e-01
2.529000000000000012e-05,3.800000000000000044e-01
2.530000000000000171e-05,4.000000000000000222e-01
2.530999999999999992e-05,4.000000000000000222e-01
2.532000000000000152e-05,4.000000000000000222e-01
2.532999999999999973e-05,4.000000000000000222e-01
2.534000000000000133e-05,3.800000000000000044e-01
2.534999999999999954e-05,3.800000000000000044e-01
2.536000000000000114e-05,3.800000000000000044e-01
2.537000000000000274e-05,3.599999999999999867e-01
2.538000000000000095e-05,3.800000000000000044e-01
2.539000000000000255e-05,3.599999999999999867e-01
2.540000000000000076e-05,3.599999999999999867e-01
2.541000000000000235e-05,3.800000000000000044e-01
2.542000000000000056e-05,3.800000000000000044e-01
2.543000000000000216e-05,3.599999999999999867e-01
2.544000000000000037e-05,3.400000000000000244e-01
2.545000000000000197e-05,3.800000000000000044e-01
2.546000000000000018e-05,3.599999999999999867e-01
2.547000000000000178e-05,3.400000000000000244e-01
2.547999999999999999e-05,3.599999999999999867e-01
2.549000000000000159e-05,3.400000000000000244e-01
2.549999999999999980e-05,3.400000000000000244e-01
2.551000000000000140e-05,3.200000000000000067e-01
2.551999999999999961e-05,3.400000000000000244e-01
2.553000000000000121e-05,3.599999999999999867e-01
2.554000000000000280e-05,3.400000000000000244e-01
2.555000000000000101e-05,3.599999999999999867e-01
2.556000000000000261e-05,3.599999999999999867e-01
2.557000000000000082e-05,3.599999999999999867e-01
2.558000000000000242e-05,3.400000000000000244e-01
2.559000000000000063e-05,3.599999999999999867e-01
2.560000000000000223e-05,3.400000000000000244e-01
2.561000000000000044e-05,3.400000000000000244e-01
2.562000000000000204e-05,3.200000000000000067e-01
2.563000000000000025e-05,3.400000000000000244e-01
2.564000000000000185e-05,3.599999999999999867e-01
2.565000000000000006e-05,3.200000000000000067e-01
2.566000000000000166e-05,3.200000000000000067e-01
2.566999999999999987e-05,3.599999999999999867e-01
2.568000000000000146e-05,3.200000000000000067e-01
2.568999999999999967e-05,3.400000000000000244e-01
2.570000000000000127e-05,3.599999999999999867e-01
2.570999999999999948e-05,3.200000000000000067e-01
2.572000000000000108e-05,2.999999999999999889e-01
2.573000000000000268e-05,3.200000000000000067e-01
2.574000000000000089e-05,3.200000000000000067e-01
2.575000000000000249e-05,2.999999999999999889e-01
2.576000000000000070e-05,3.200000000000000067e-01
2.577000000000000230e-05,2.999999999999999889e-01
2.578000000000000051e-05,2.999999999999999889e-01
2.579000000000000210e-05,3.200000000000000067e-01
2.580000000000000031e-05,2.999999999999999889e-01
2.581000000000000191e-05,2.999999999999999889e-01
2.582000000000000012e-05,2.999999999999999889e-01
2.583000000000000172e-05,3.400000000000000244e-01
2.583999999999999993e-05,3.200000000000000067e-01
2.585000000000000153e-05,3.200000000000000067e-01
2.585999999999999974e-05,3.200000000000000067e-01
2.587000000000000134e-05,3.200000000000000067e-01
2.587999999999999955e-05,2.999999999999999889e-01
2.589000000000000115e-05,2.999999999999999889e-01
2.590000000000000275e-05,2.999999999999999889e-01
2.591000000000000096e-05,2.999999999999999889e-01
2.592000000000000255e-05,2.999999999999999889e-01
2.593000000000000076e-05,2.999999999999999889e-01
2.594000000000000236e-05,2.999999999999999889e-01
2.595000000000000057e-05,2.999999999999999889e-01
2.596000000000000217e-05,2.800000000000000266e-01
2.597000000000000038e-05,2.999999999999999889e-01
2.598000000000000198e-05,2.999999999999999889e-01
2.599000000000000019e-05,2.999999999999999889e-01
2.600000000000000179e-05,2.800000000000000266e-01
2.601000000000000000e-05,2.999999999999999889e-01
2.602000000000000160e-05,3.400000000000000244e-01
2.602999999999999981e-05,3.200000000000000067e-01
2.604000000000000141e-05,2.999999999999999889e-01
2.604999999999999962e-05,2.800000000000000266e-01
2.606000000000000121e-05,2.800000000000000266e-01
2.607000000000000281e-05,2.999999999999999889e-01
2.608000000000000102e-05,2.800000000000000266e-01
2.609000000000000262e-05,2.999999999999999889e-01
2.610000000000000083e-05,2.999999999999999889e-01
2.611000000000000243e-05,2.999999999999999889e-01
2.612000000000000064e-05,2.999999999999999889e-01
2.613000000000000224e-05,2.600000000000000089e-01
2.614000000000000045e-05,2.999999999999999889e-01
2.615000000000000205e-05,2.800000000000000266e-01
2.616000000000000026e-05,2.800000000000000266e-01
2.617000000000000185e-05,2.999999999999999889e-01
2.618000000000000006e-05,2.999999999999999889e-01
2.619000000000000166e-05,2.800000000000000266e-01
2.619999999999999987e-05,2.800000000000000266e-01
2.621000000000000147e-05,3.200000000000000067e-01
2.621999999999999968e-05,2.999999999999999889e-01
2.623000000000000128e-05,2.800000000000000266e-01
2.623999999999999949e-05,2.800000000000000266e-01
2.625000000000000109e-05,2.800000000000000266e-01
2.626000000000000269e-05,3.200000000000000067e-01
2.627000000000000090e-05,2.800000000000000266e-01
2.628000000000000250e-05,2.800000000000000266e-01
2.629000000000000071e-05,2.800000000000000266e-01
2.630000000000000230e-05,2.800000000000000266e-01
2.631000000000000051e-05,2.999999999999999889e-01
2.632000000000000211e-05,2.600000000000000089e-01
2.633000000000000032e-05,2.399999999999999911e-01
2.634000000000000192e-05,2.999999999999999889e-01
2.635000000000000013e-05,2.999999999999999889e-01
2.636000000000000173e-05,2.800000000000000266e-01
2.636999999999999994e-05,2.800000000000000266e-01
2.638000000000000154e-05,2.600000000000000089e-01
2.638999999999999975e-05,2.600000000000000089e-01
2.640000000000000135e-05,2.999999999999999889e-01
2.640999999999999956e-05,2.600000000000000089e-01
2.642000000000000115e-05,2.800000000000000266e-01
2.643000000000000275e-05,2.600000000000000089e-01
2.644000000000000096e-05,2.800000000000000266e-01
2.645000000000000256e-05,3.200000000000000067e-01
2.646000000000000077e-05,2.600000000000000089e-01
2.647000000000000237e-05,2.800000000000000266e-01
2.648000000000000058e-05,2.600000000000000089e-01
2.649000000000000218e-05,2.800000000000000266e-01
2.650000000000000039e-05,2.600000000000000089e-01
2.651000000000000199e-05,2.800000000000000266e-01
2.652000000000000020e-05,2.800000000000000266e-01
2.653000000000000180e-05,2.800000000000000266e-01
2.654000000000000001e-05,2.600000000000000089e-01
2.655000000000000160e-05,2.600000000000000089e-01
2.655999999999999981e-05,2.800000000000000266e-01
2.657000000000000141e-05,2.600000000000000089e-01
2.657999999999999962e-05,2.800000000000000266e-01
2.659000000000000122e-05,2.800000000000000266e-01
2.660000000000000282e-05,2.600000000000000089e-01
2.661000000000000103e-05,2.600000000000000089e-01
2.662000000000000263e-05,2.600000000000000089e-01
2.663000000000000084e-05,2.600000000000000089e-01
2.664000000000000244e-05,2.399999999999999911e-01
2.665000000000000065e-05,2.600000000000000089e-01
2.666000000000000225e-05,2.800000000000000266e-01
2.667000000000000046e-05,2.600000000000000089e-01
2.668000000000000205e-05,2.600000000000000089e-01
2.669000000000000026e-05,2.399999999999999911e-01
2.670000000000000186e-05,2.800000000000000266e-01
2.671000000000000007e-05,2.600000000000000089e-01
2.672000000000000167e-05,2.600000000000000089e-01
2.672999999999999988e-05,2.800000000000000266e-01
2.674000000000000148e-05,2.600000000000000089e-01
2.674999999999999969e-05,2.600000000000000089e-01
2.676000000000000129e-05,2.600000000000000089e-01
2.676999999999999950e-05,2.399999999999999911e-01
2.678000000000000110e-05,2.800000000000000266e-01
2.679000000000000269e-05,2.399999999999999911e-01
2.680000000000000090e-05,2.600000000000000089e-01
2.681000000000000250e-05,2.399999999999999911e-01
2.682000000000000071e-05,2.600000000000000089e-01
2.683000000000000231e-05,2.600000000000000089e-01
2.684000000000000052e-05,2.800000000000000266e-01
2.685000000000000212e-05,2.800000000000000266e-01
2.686000000000000033e-05,2.600000000000000089e-01
2.687000000000000193e-05,2.600000000000000089e-01
2.688000000000000014e-05,2.600000000000000089e-01
2.689000000000000174e-05,2.600000000000000089e-01
2.689999999999999995e-05,2.800000000000000266e-01
2.691000000000000155e-05,2.600000000000000089e-01
2.691999999999999976e-05,2.399999999999999911e-01
2.693000000000000135e-05,2.600000000000000089e-01
2.693999999999999956e-05,2.399999999999999911e-01
2.695000000000000116e-05,2.600000000000000089e-01
2.696000000000000276e-05,2.600000000000000089e-01
2.697000000000000097e-05,2.399999999999999911e-01
2.698000000000000257e-05,2.999999999999999889e-01
2.699000000000000078e-05,2.399999999999999911e-01
2.700000000000000238e-05,2.600000000000000089e-01
2.701000000000000059e-05,2.600000000000000089e-01
2.702000000000000219e-05,2.600000000000000089e-01
2.703000000000000040e-05,2.600000000000000089e-01
2.704000000000000200e-05,2.600000000000000089e-01
2.705000000000000021e-05,2.399999999999999911e-01
2.706000000000000180e-05,2.600000000000000089e-01
2.707000000000000001e-05,2.800000000000000266e-01
2.708000000000000161e-05,2.800000000000000266e-01
2.708999999999999982e-05,2.600000000000000089e-01
2.710000000000000142e-05,2.600000000000000089e-01
2.710999999999999963e-05,2.800000000000000266e-01
2.712000000000000123e-05,2.200000000000000011e-01
2.713000000000000283e-05,2.800000000000000266e-01
2.714000000000000104e-05,2.399999999999999911e-01
2.715000000000000264e-05,2.399999999999999911e-01
2.716000000000000085e-05,2.399999999999999911e-01
2.717000000000000244e-05,2.399999999999999911e-01
2.718000000000000065e-05,2.600000000000000089e-01
2.719000000000000225e-05,2.600000000000000089e-01
2.720000000000000046e-05,2.800000000000000266e-01
2.721000000000000206e-05,2.800000000000000266e-01
2.722000000000000027e-05,2.399999999999999911e-01
2.723000000000000187e-05,2.600000000000000089e-01
2.724000000000000008e-05,2.399999999999999911e-01
2.725000000000000168e-05,2.600000000000000089e-01
2.725999999999999989e-05,2.600000000000000089e-01
2.727000000000000149e-05,2.800000000000000266e-01
2.727999999999999970e-05,2.600000000000000089e-01
2.729000000000000130e-05,2.800000000000000266e-01
2.729999999999999951e-05,2.600000000000000089e-01
2.731000000000000110e-05,2.600000000000000089e-01
2.732000000000000270e-05,2.399999999999999911e-01
2.733000000000000091e-05,2.600000000000000089e-01
2.734000000000000251e-05,2.399999999999999911e-01
2.735000000000000072e-05,2.600000000000000089e-01
2.736000000000000232e-05,2.399999999999999911e-01
2.737000000000000053e-05,2.399999999999999911e-01
2.738000000000000213e-05,2.399999999999999911e-01
2.739000000000000034e-05,2.399999999999999911e-01
2.740000000000000194e-05,2.399999999999999911e-01
2.741000000000000015e-05,2.399999999999999911e-01
2.742000000000000174e-05,2.600000000000000089e-01
2.742999999999999996e-05,2.600000000000000089e-01
2.744000000000000155e-05,2.600000000000000089e-01
2.744999999999999976e-05,2.200000000000000011e-01
2.746000000000000136e-05,2.399999999999999911e-01
2.746999999999999957e-05,2.399999999999999911e-01
2.748000000000000117e-05,2.399999999999999911e-01
2.749000000000000277e-05,2.399999999999999911e-01
2.750000000000000098e-05,2.600000000000000089e-01
2.751000000000000258e-05,2.600000000000000089e-01
2.752000000000000079e-05,2.600000000000000089e-01
2.753000000000000239e-05,2.399999999999999911e-01
2.754000000000000060e-05,2.399999999999999911e-01
2.755000000000000219e-05,2.600000000000000089e-01
2.756000000000000040e-05,2.399999999999999911e-01
2.757000000000000200e-05,2.399999999999999911e-01
2.758000000000000021e-05,2.600000000000000089e-01
2.759000000000000181e-05,2.600000000000000089e-01
2.760000000000000002e-05,2.600000000000000089e-01
2.761000000000000162e-05,2.399999999999999911e-01
2.761999999999999983e-05,2.399999999999999911e-01
2.763000000000000143e-05,2.200000000000000011e-01
2.763999999999999964e-05,2.399999999999999911e-01
2.765000000000000124e-05,2.399999999999999911e-01
2.766000000000000284e-05,2.399999999999999911e-01
2.767000000000000105e-05,2.600000000000000089e-01
2.768000000000000264e-05,2.600000000000000089e-01
2.769000000000000085e-05,2.600000000000000089e-01
2.770000000000000245e-05,2.600000000000000089e-01
2.771000000000000066e-05,2.399999999999999911e-01
2.772000000000000226e-05,2.600000000000000089e-01
2.773000000000000047e-05,2.399999999999999911e-01
2.774000000000000207e-05,2.399999999999999911e-01
2.775000000000000028e-05,2.399999999999999911e-01
2.776000000000000188e-05,2.200000000000000011e-01
2.777000000000000009e-05,2.600000000000000089e-01
2.778000000000000169e-05,2.200000000000000011e-01
2.778999999999999990e-05,2.399999999999999911e-01
2.780000000000000149e-05,2.600000000000000089e-01
2.780999999999999971e-05,2.399999999999999911e-01
2.782000000000000130e-05,2.600000000000000089e-01
2.782999999999999951e-05,2.200000000000000011e-01
2.784000000000000111e-05,2.600000000000000089e-01
2.785000000000000271e-05,2.200000000000000011e-01
2.786000000000000092e-05,2.200000000000000011e-01
2.787000000000000252e-05,2.200000000000000011e-01
2.788000000000000073e-05,2.600000000000000089e-01
2.789000000000000233e-05,2.800000000000000266e-01
2.790000000000000054e-05,2.399999999999999911e-01
2.791000000000000214e-05,2.200000000000000011e-01
2.792000000000000035e-05,2.399999999999999911e-01
2.793000000000000194e-05,2.200000000000000011e-01
2.794000000000000015e-05,2.399999999999999911e-01
2.795000000000000175e-05,2.600000000000000089e-01
2.795999999999999996e-05,2.399999999999999911e-01
2.797000000000000156e-05,2.399999999999999911e-01
2.797999999999999977e-05,2.399999999999999911e-01
2.799000000000000137e-05,2.600000000000000089e-01
2.799999999999999958e-05,2.399999999999999911e-01
2.801000000000000118e-05,2.399999999999999911e-01
2.802000000000000278e-05,2.399999999999999911e-01
2.803000000000000099e-05,2.200000000000000011e-01
2.804000000000000259e-05,2.399999999999999911e-01
2.805000000000000080e-05,2.600000000000000089e-01
2.806000000000000239e-05,2.399999999999999911e-01
2.807000000000000060e-05,2.600000000000000089e-01
2.808000000000000220e-05,2.200000000000000011e-01
2.809000000000000041e-05,2.200000000000000011e-01
2.810000000000000201e-05,2.600000000000000089e-01
2.811000000000000022e-05,2.200000000000000011e-01
2.812000000000000182e-05,2.399999999999999911e-01
2.813000000000000003e-05,2.200000000000000011e-01
2.814000000000000163e-05,2.600000000000000089e-01
2.814999999999999984e-05,2.600000000000000089e-01
2.816000000000000144e-05,2.399999999999999911e-01
2.816999999999999965e-05,2.399999999999999911e-01
2.818000000000000124e-05,2.200000000000000011e-01
2.819000000000000284e-05,2.399999999999999911e-01
2.820000000000000105e-05,2.399999999999999911e-01
2.821000000000000265e-05,2.200000000000000011e-01
2.822000000000000086e-05,2.399999999999999911e-01
2.823000000000000246e-05,2.200000000000000011e-01
2.824000000000000067e-05,2.600000000000000089e-01
2.825000000000000227e-05,2.200000000000000011e-01
2.826000000000000048e-05,2.200000000000000011e-01
2.827000000000000208e-05,2.399999999999999911e-01
2.828000000000000029e-05,2.600000000000000089e-01
2.829000000000000189e-05,2.399999999999999911e-01
2.830000000000000010e-05,2.600000000000000089e-01
2.831000000000000169e-05,2.200000000000000011e-01
2.831999999999999990e-05,2.600000000000000089e-01
2.833000000000000150e-05,2.399999999999999911e-01
2.833999999999999971e-05,2.399999999999999911e-01
2.835000000000000131e-05,2.399999999999999911e-01
2.835999999999999952e-05,2.399999999999999911e-01
2.837000000000000112e-05,2.399999999999999911e-01
2.838000000000000272e-05,2.200000000000000011e-01
2.839000000000000093e-05,2.000000000000000111e-01
2.840000000000000253e-05,2.200000000000000011e-01
2.841000000000000074e-05,2.000000000000000111e-01
2.842000000000000234e-05,2.000000000000000111e-01
2.843000000000000055e-05,2.399999999999999911e-01
2.844000000000000214e-05,2.200000000000000011e-01
2.845000000000000035e-05,2.200000000000000011e-01
2.846000000000000195e-05,2.200000000000000011e-01
2.847000000000000016e-05,2.000000000000000111e-01
2.848000000000000176e-05,2.000000000000000111e-01
2.848999999999999997e-05,2.200000000000000011e-01
2.850000000000000157e-05,2.399999999999999911e-01
2.850999999999999978e-05,2.399999999999999911e-01
2.852000000000000138e-05,2.200000000000000011e-01
2.852999999999999959e-05,2.200000000000000011e-01
2.854000000000000119e-05,2.399999999999999911e-01
2.855000000000000278e-05,2.399999999999999911e-01
2.856000000000000099e-05,2.399999999999999911e-01
2.857000000000000259e-05,2.399999999999999911e-01
2.858000000000000080e-05,2.399999999999999911e-01
2.859000000000000240e-05,2.200000000000000011e-01
2.860000000000000061e-05,2.399999999999999911e-01
2.861000000000000221e-05,2.399999999999999911e-01
2.862000000000000042e-05,2.000000000000000111e-01
2.863000000000000202e-05,2.000000000000000111e-01
2.864000000000000023e-05,2.399999999999999911e-01
2.865000000000000183e-05,2.399999999999999911e-01
2.866000000000000004e-05,2.000000000000000111e-01
2.867000000000000164e-05,2.000000000000000111e-01
2.867999999999999985e-05,2.200000000000000011e-01
2.869000000000000144e-05,2.000000000000000111e-01
2.869999999999999965e-05,2.200000000000000011e-01
2.871000000000000125e-05,2.200000000000000011e-01
2.872000000000000285e-05,2.000000000000000111e-01
2.873000000000000106e-05,2.000000000000000111e-01
2.874000000000000266e-05,2.200000000000000011e-01
2.875000000000000087e-05,2.200000000000000011e-01
2.876000000000000247e-05,2.399999999999999911e-01
2.877000000000000068e-05,2.000000000000000111e-01
2.878000000000000228e-05,2.000000000000000111e-01
2.879000000000000049e-05,2.200000000000000011e-01
2.880000000000000208e-05,2.399999999999999911e-01
2.881000000000000030e-05,2.399999999999999911e-01
2.882000000000000189e-05,2.000000000000000111e-01
2.883000000000000010e-05,2.200000000000000011e-01
2.884000000000000170e-05,2.200000000000000011e-01
2.884999999999999991e-05,2.000000000000000111e-01
2.886000000000000151e-05,2.200000000000000011e-01
2.886999999999999972e-05,2.000000000000000111e-01
2.888000000000000132e-05,2.399999999999999911e-01
2.888999999999999953e-05,2.200000000000000011e-01
2.890000000000000113e-05,2.200000000000000011e-01
2.891000000000000273e-05,2.200000000000000011e-01
2.892000000000000094e-05,2.000000000000000111e-01
2.893000000000000253e-05,1.799999999999999933e-01
2.894000000000000074e-05,2.000000000000000111e-01
2.895000000000000234e-05,1.799999999999999933e-01
2.896000000000000055e-05,2.000000000000000111e-01
2.897000000000000215e-05,2.000000000000000111e-01
2.898000000000000036e-05,2.200000000000000011e-01
2.899000000000000196e-05,2.399999999999999911e-01
2.900000000000000017e-05,2.399999999999999911e-01
2.901000000000000177e-05,2.200000000000000011e-01
2.901999999999999998e-05,2.000000000000000111e-01
2.903000000000000158e-05,2.000000000000000111e-01
2.903999999999999979e-05,2.200000000000000011e-01
2.905000000000000139e-05,1.600000000000000033e-01
2.905999999999999960e-05,2.200000000000000011e-01
2.907000000000000119e-05,2.200000000000000011e-01
2.908000000000000279e-05,2.399999999999999911e-01
2.909000000000000100e-05,2.200000000000000011e-01
2.910000000000000260e-05,2.000000000000000111e-01
2.911000000000000081e-05,2.000000000000000111e-01
2.912000000000000241e-05,2.000000000000000111e-01
2.913000000000000062e-05,2.200000000000000011e-01
2.914000000000000222e-05,2.200000000000000011e-01
2.915000000000000043e-05,2.000000000000000111e-01
2.916000000000000203e-05,2.200000000000000011e-01
2.917000000000000024e-05,2.000000000000000111e-01
2.918000000000000183e-05,2.200000000000000011e-01
2.919000000000000004e-05,2.399999999999999911e-01
2.920000000000000164e-05,2.000000000000000111e-01
2.920999999999999985e-05,2.200000000000000011e-01
2.922000000000000145e-05,2.000000000000000111e-01
2.922999999999999966e-05,2.200000000000000011e-01
2.924000000000000126e-05,2.000000000000000111e-01
2.925000000000000286e-05,2.200000000000000011e-01
2.926000000000000107e-05,2.000000000000000111e-01
2.927000000000000267e-05,2.399999999999999911e-01
2.928000000000000088e-05,2.200000000000000011e-01
2.929000000000000248e-05,2.000000000000000111e-01
2.930000000000000069e-05,2.000000000000000111e-01
2.931000000000000228e-05,2.200000000000000011e-01
2.932000000000000049e-05,2.000000000000000111e-01
2.933000000000000209e-05,2.200000000000000011e-01
2.934000000000000030e-05,2.000000000000000111e-01
2.935000000000000190e-05,2.000000000000000111e-01
2.936000000000000011e-05,2.000000000000000111e-01
2.937000000000000171e-05,2.399999999999999911e-01
2.937999999999999992e-05,2.000000000000000111e-01
2.939000000000000152e-05,2.000000000000000111e-01
2.939999999999999973e-05,1.600000000000000033e-01
2.941000000000000133e-05,2.200000000000000011e-01
2.941999999999999954e-05,2.200000000000000011e-01
2.943000000000000114e-05,2.000000000000000111e-01
2.944000000000000273e-05,1.799999999999999933e-01
2.945000000000000094e-05,2.200000000000000011e-01
2.946000000000000254e-05,1.799999999999999933e-01
2.947000000000000075e-05,2.000000000000000111e-01
2.948000000000000235e-05,2.000000000000000111e-01
2.949000000000000056e-05,2.200000000000000011e-01
2.950000000000000216e-05,2.200000000000000011e-01
2.951000000000000037e-05,2.000000000000000111e-01
2.952000000000000197e-05,1.799999999999999933e-01
2.953000000000000018e-05,2.000000000000000111e-01
2.954000000000000178e-05,2.200000000000000011e-01
2.954999999999999999e-05,2.200000000000000011e-01
2.956000000000000158e-05,2.200000000000000011e-01
2.956999999999999979e-05,2.399999999999999911e-01
2.958000000000000139e-05,2.000000000000000111e-01
2.958999999999999960e-05,2.000000000000000111e-01
2.960000000000000120e-05,2.000000000000000111e-01
2.961000000000000280e-05,1.799999999999999933e-01
2.962000000000000101e-05,2.000000000000000111e-01
2.963000000000000261e-05,2.200000000000000011e-01
2.964000000000000082e-05,2.200000000000000011e-01
2.965000000000000242e-05,2.200000000000000011e-01
2.966000000000000063e-05,2.000000000000000111e-01
2.967000000000000223e-05,2.200000000000000011e-01
2.968000000000000044e-05,1.799999999999999933e-01
2.969000000000000203e-05,2.000000000000000111e-01
2.970000000000000024e-05,2.200000000000000011e-01
2.971000000000000184e-05,2.000000000000000111e-01
2.972000000000000005e-05,1.799999999999999933e-01
2.973000000000000165e-05,2.000000000000000111e-01
2.973999999999999986e-05,2.000000000000000111e-01
2.975000000000000146e-05,2.200000000000000011e-01
2.975999999999999967e-05,2.000000000000000111e-01
2.977000000000000127e-05,2.200000000000000011e-01
2.978000000000000287e-05,2.000000000000000111e-01
2.979000000000000108e-05,2.000000000000000111e-01
2.980000000000000267e-05,2.000000000000000111e-01
2.981000000000000089e-05,1.799999999999999933e-01
2.982000000000000248e-05,2.000000000000000111e-01
2.983000000000000069e-05,1.799999999999999933e-01
2.984000000000000229e-05,2.000000000000000111e-01
2.985000000000000050e-05,2.000000000000000111e-01
2.986000000000000210e-05,2.000000000000000111e-01
2.987000000000000031e-05,2.000000000000000111e-01
2.988000000000000191e-05,2.000000000000000111e-01
2.989000000000000012e-05,2.000000000000000111e-01
2.990000000000000172e-05,2.000000000000000111e-01
2.990999999999999993e-05,2.000000000000000111e-01
2.992000000000000153e-05,2.000000000000000111e-01
2.992999999999999974e-05,2.000000000000000111e-01
2.994000000000000133e-05,2.000000000000000111e-01
2.994999999999999954e-05,2.200000000000000011e-01
2.996000000000000114e-05,2.000000000000000111e-01
2.997000000000000274e-05,1.799999999999999933e-01
2.998000000000000095e-05,1.799999999999999933e-01
2.999000000000000255e-05,2.000000000000000111e-01
3.000000000000000076e-05,2.000000000000000111e-01
3.001000000000000236e-05,1.600000000000000033e-01
3.002000000000000057e-05,1.799999999999999933e-01
3.003000000000000217e-05,2.000000000000000111e-01
3.004000000000000038e-05,2.000000000000000111e-01
3.005000000000000198e-05,2.200000000000000011e-01
3.006000000000000019e-05,2.000000000000000111e-01
3.007000000000000178e-05,2.200000000000000011e-01
3.007999999999999999e-05,2.000000000000000111e-01
3.009000000000000159e-05,1.799999999999999933e-01
3.009999999999999980e-05,2.000000000000000111e-01
3.011000000000000140e-05,1.799999999999999933e-01
3.011999999999999961e-05,2.200000000000000011e-01
3.013000000000000121e-05,2.000000000000000111e-01
3.014000000000000281e-05,1.799999999999999933e-01
3.015000000000000102e-05,2.000000000000000111e-01
3.016000000000000262e-05,2.000000000000000111e-01
3.017000000000000083e-05,2.200000000000000011e-01
3.018000000000000242e-05,2.000000000000000111e-01
3.019000000000000063e-05,1.799999999999999933e-01
3.020000000000000223e-05,2.000000000000000111e-01
3.021000000000000044e-05,2.000000000000000111e-01
3.022000000000000204e-05,1.799999999999999933e-01
3.023000000000000025e-05,1.799999999999999933e-01
3.024000000000000185e-05,1.799999999999999933e-01
3.025000000000000006e-05,1.799999999999999933e-01
3.026000000000000166e-05,2.200000000000000011e-01
3.026999999999999987e-05,2.000000000000000111e-01
3.028000000000000147e-05,2.200000000000000011e-01
3.028999999999999968e-05,1.799999999999999933e-01
3.030000000000000128e-05,2.000000000000000111e-01
3.031000000000000287e-05,2.000000000000000111e-01
3.032000000000000108e-05,2.000000000000000111e-01
3.033000000000000268e-05,1.799999999999999933e-01
3.034000000000000089e-05,2.000000000000000111e-01
3.035000000000000249e-05,2.000000000000000111e-01
3.036000000000000070e-05,2.200000000000000011e-01
3.037000000000000230e-05,1.799999999999999933e-01
3.038000000000000051e-05,2.000000000000000111e-01
3.039000000000000211e-05,1.600000000000000033e-01
3.040000000000000032e-05,2.000000000000000111e-01
3.041000000000000192e-05,2.000000000000000111e-01
3.042000000000000013e-05,1.799999999999999933e-01
3.043000000000000173e-05,1.799999999999999933e-01
3.043999999999999994e-05,1.799999999999999933e-01
3.045000000000000153e-05,1.799999999999999933e-01
3.045999999999999974e-05,1.799999999999999933e-01
3.047000000000000134e-05,1.799999999999999933e-01
3.047999999999999955e-05,2.000000000000000111e-01
3.049000000000000115e-05,1.799999999999999933e-01
3.050000000000000275e-05,1.600000000000000033e-01
3.051000000000000096e-05,1.799999999999999933e-01
3.051999999999999917e-05,2.000000000000000111e-01
3.053000000000000077e-05,1.799999999999999933e-01
3.054000000000000237e-05,1.799999999999999933e-01
3.054999999999999719e-05,1.799999999999999933e-01
3.055999999999999879e-05,2.000000000000000111e-01
3.057000000000000038e-05,1.799999999999999933e-01
3.058000000000000198e-05,2.000000000000000111e-01
3.058999999999999681e-05,2.000000000000000111e-01
3.059999999999999840e-05,1.799999999999999933e-01
3.061000000000000000e-05,1.600000000000000033e-01
3.062000000000000160e-05,2.000000000000000111e-01
3.062999999999999642e-05,2.000000000000000111e-01
3.063999999999999802e-05,2.000000000000000111e-01
3.064999999999999962e-05,2.000000000000000111e-01
3.066000000000000122e-05,2.000000000000000111e-01
3.067000000000000282e-05,1.799999999999999933e-01
3.067999999999999764e-05,2.000000000000000111e-01
3.068999999999999924e-05,2.000000000000000111e-01
3.070000000000000083e-05,1.799999999999999933e-01
3.071000000000000243e-05,1.799999999999999933e-01
3.071999999999999725e-05,1.600000000000000033e-01
3.072999999999999885e-05,1.600000000000000033e-01
3.074000000000000045e-05,1.799999999999999933e-01
3.075000000000000205e-05,1.600000000000000033e-01
3.075999999999999687e-05,2.000000000000000111e-01
3.076999999999999847e-05,1.799999999999999933e-01
3.078000000000000007e-05,2.000000000000000111e-01
3.079000000000000167e-05,2.000000000000000111e-01
3.079999999999999649e-05,1.799999999999999933e-01
3.080999999999999809e-05,2.000000000000000111e-01
3.081999999999999969e-05,1.799999999999999933e-01
3.083000000000000128e-05,2.000000000000000111e-01
3.084000000000000288e-05,1.799999999999999933e-01
3.084999999999999770e-05,1.799999999999999933e-01
3.085999999999999930e-05,2.000000000000000111e-01
3.087000000000000090e-05,1.799999999999999933e-01
3.088000000000000250e-05,1.799999999999999933e-01
3.088999999999999732e-05,1.799999999999999933e-01
3.089999999999999892e-05,1.600000000000000033e-01
3.091000000000000052e-05,1.799999999999999933e-01
3.092000000000000212e-05,1.799999999999999933e-01
3.092999999999999694e-05,1.600000000000000033e-01
3.093999999999999854e-05,1.799999999999999933e-01
3.095000000000000013e-05,1.600000000000000033e-01
3.096000000000000173e-05,1.799999999999999933e-01
3.096999999999999656e-05,1.600000000000000033e-01
3.097999999999999815e-05,1.600000000000000033e-01
3.098999999999999975e-05,1.799999999999999933e-01
3.100000000000000135e-05,1.799999999999999933e-01
3.100999999999999617e-05,1.600000000000000033e-01
3.101999999999999777e-05,1.600000000000000033e-01
3.102999999999999937e-05,1.400000000000000133e-01
3.104000000000000097e-05,1.600000000000000033e-01
3.105000000000000257e-05,1.600000000000000033e-01
3.105999999999999739e-05,1.799999999999999933e-01
3.106999999999999899e-05,1.799999999999999933e-01
3.108000000000000058e-05,1.600000000000000033e-01
3.109000000000000218e-05,2.000000000000000111e-01
3.109999999999999700e-05,1.799999999999999933e-01
3.110999999999999860e-05,1.799999999999999933e-01
3.112000000000000020e-05,1.799999999999999933e-01
3.113000000000000180e-05,1.600000000000000033e-01
3.113999999999999662e-05,1.799999999999999933e-01
3.114999999999999822e-05,2.000000000000000111e-01
3.115999999999999982e-05,1.799999999999999933e-01
3.117000000000000142e-05,2.200000000000000011e-01
3.117999999999999624e-05,1.799999999999999933e-01
3.118999999999999784e-05,1.799999999999999933e-01
3.119999999999999944e-05,1.799999999999999933e-01
3.121000000000000103e-05,1.600000000000000033e-01
3.122000000000000263e-05,1.600000000000000033e-01
3.122999999999999745e-05,1.799999999999999933e-01
3.123999999999999905e-05,2.000000000000000111e-01
3.125000000000000065e-05,2.000000000000000111e-01
3.126000000000000225e-05,2.000000000000000111e-01
3.126999999999999707e-05,2.000000000000000111e-01
3.127999999999999867e-05,1.799999999999999933e-01
3.129000000000000027e-05,2.000000000000000111e-01
3.130000000000000187e-05,1.799999999999999933e-01
3.130999999999999669e-05,1.799999999999999933e-01
3.131999999999999829e-05,1.400000000000000133e-01
3.132999999999999988e-05,1.600000000000000033e-01
3.134000000000000148e-05,1.799999999999999933e-01
3.134999999999999630e-05,2.000000000000000111e-01
3.135999999999999790e-05,1.600000000000000033e-01
3.136999999999999950e-05,1.799999999999999933e-01
3.138000000000000110e-05,1.600000000000000033e-01
3.139000000000000270e-05,1.799999999999999933e-01
3.139999999999999752e-05,2.200000000000000011e-01
3.140999999999999912e-05,1.799999999999999933e-01
3.142000000000000072e-05,1.600000000000000033e-01
3.143000000000000232e-05,1.799999999999999933e-01
3.143999999999999714e-05,1.600000000000000033e-01
3.144999999999999874e-05,1.400000000000000133e-01
3.146000000000000033e-05,1.799999999999999933e-01
3.147000000000000193e-05,2.000000000000000111e-01
3.147999999999999675e-05,2.000000000000000111e-01
3.148999999999999835e-05,1.600000000000000033e-01
3.149999999999999995e-05,1.600000000000000033e-01
3.151000000000000155e-05,1.799999999999999933e-01
3.151999999999999637e-05,1.799999999999999933e-01
3.152999999999999797e-05,2.200000000000000011e-01
3.153999999999999957e-05,1.799999999999999933e-01
3.155000000000000117e-05,1.799999999999999933e-01
3.156000000000000276e-05,1.799999999999999933e-01
3.156999999999999759e-05,1.799999999999999933e-01
3.157999999999999919e-05,1.799999999999999933e-01
3.159000000000000078e-05,1.799999999999999933e-01
3.160000000000000238e-05,1.799999999999999933e-01
3.160999999999999720e-05,2.000000000000000111e-01
3.161999999999999880e-05,1.799999999999999933e-01
3.163000000000000040e-05,2.000000000000000111e-01
3.164000000000000200e-05,1.799999999999999933e-01
3.164999999999999682e-05,1.600000000000000033e-01
3.165999999999999842e-05,1.799999999999999933e-01
3.167000000000000002e-05,1.600000000000000033e-01
3.168000000000000162e-05,2.000000000000000111e-01
3.168999999999999644e-05,1.799999999999999933e-01
3.169999999999999804e-05,1.600000000000000033e-01
3.170999999999999963e-05,1.600000000000000033e-01
3.172000000000000123e-05,1.400000000000000133e-01
3.173000000000000283e-05,1.799999999999999933e-01
3.173999999999999765e-05,1.600000000000000033e-01
3.174999999999999925e-05,2.000000000000000111e-01
3.176000000000000085e-05,1.799999999999999933e-01
3.177000000000000245e-05,1.799999999999999933e-01
3.177999999999999727e-05,2.000000000000000111e-01
3.178999999999999887e-05,1.799999999999999933e-01
3.180000000000000047e-05,2.000000000000000111e-01
3.181000000000000207e-05,2.000000000000000111e-01
3.181999999999999689e-05,1.600000000000000033e-01
3.182999999999999849e-05,2.000000000000000111e-01
3.184000000000000008e-05,1.799999999999999933e-01
3.185000000000000168e-05,1.799999999999999933e-01
3.185999999999999650e-05,1.799999999999999933e-01
3.186999999999999810e-05,2.000000000000000111e-01
3.187999999999999970e-05,2.000000000000000111e-01
3.189000000000000130e-05,1.799999999999999933e-01
3.190000000000000290e-05,1.799999999999999933e-01
3.190999999999999772e-05,2.000000000000000111e-01
3.191999999999999932e-05,1.799999999999999933e-01
3.193000000000000092e-05,2.000000000000000111e-01
3.194000000000000251e-05,1.799999999999999933e-01
3.194999999999999734e-05,2.000000000000000111e-01
3.195999999999999893e-05,2.000000000000000111e-01
3.197000000000000053e-05,1.799999999999999933e-01
3.198000000000000213e-05,1.799999999999999933e-01
3.198999999999999695e-05,1.799999999999999933e-01
