time_s,voltage_V
-1.000000000000000082e-05,2.000000000000000042e-02
-9.980000000000001010e-06,0.000000000000000000e+00
-9.960000000000001201e-06,2.000000000000000042e-02
-9.940000000000001392e-06,4.000000000000000083e-02
-9.920000000000001584e-06,2.000000000000000042e-02
-9.900000000000000081e-06,2.000000000000000042e-02
-9.880000000000000273e-06,2.000000000000000042e-02
-9.860000000000000464e-06,4.000000000000000083e-02
-9.840000000000000656e-06,4.000000000000000083e-02
-9.820000000000000847e-06,2.000000000000000042e-02
-9.800000000000001039e-06,2.000000000000000042e-02
-9.780000000000001230e-06,0.000000000000000000e+00
-9.760000000000001422e-06,0.000000000000000000e+00
-9.740000000000001613e-06,2.000000000000000042e-02
-9.720000000000000111e-06,2.000000000000000042e-02
-9.700000000000000302e-06,0.000000000000000000e+00
-9.680000000000000494e-06,0.000000000000000000e+00
-9.660000000000000685e-06,2.000000000000000042e-02
-9.640000000000000877e-06,2.000000000000000042e-02
-9.620000000000001068e-06,0.000000000000000000e+00
-9.600000000000001260e-06,4.000000000000000083e-02
-9.580000000000001451e-06,0.000000000000000000e+00
-9.559999999999999949e-06,4.000000000000000083e-02
-9.540000000000000140e-06,2.000000000000000042e-02
-9.520000000000000332e-06,0.000000000000000000e+00
-9.500000000000000523e-06,0.000000000000000000e+00
-9.480000000000000715e-06,0.000000000000000000e+00
-9.460000000000000906e-06,2.000000000000000042e-02
-9.440000000000001097e-06,0.000000000000000000e+00
-9.420000000000001289e-06,2.000000000000000042e-02
-9.400000000000001480e-06,0.000000000000000000e+00
-9.380000000000001672e-06,2.000000000000000042e-02
-9.360000000000000169e-06,2.000000000000000042e-02
-9.340000000000000361e-06,-2.000000000000000042e-02
-9.320000000000000552e-06,2.000000000000000042e-02
-9.300000000000000744e-06,0.000000000000000000e+00
-9.280000000000000935e-06,2.000000000000000042e-02
-9.260000000000001127e-06,4.000000000000000083e-02
-9.240000000000001318e-06,0.000000000000000000e+00
-9.220000000000001510e-06,0.000000000000000000e+00
-9.200000000000000007e-06,2.000000000000000042e-02
-9.180000000000000199e-06,0.000000000000000000e+00
-9.160000000000000390e-06,4.000000000000000083e-02
-9.140000000000000582e-06,2.000000000000000042e-02
-9.120000000000000773e-06,2.000000000000000042e-02
-9.100000000000000965e-06,2.000000000000000042e-02
-9.080000000000001156e-06,2.000000000000000042e-02
-9.060000000000001348e-06,2.000000000000000042e-02
-9.040000000000001539e-06,2.000000000000000042e-02
-9.020000000000001731e-06,0.000000000000000000e+00
-9.000000000000000228e-06,4.000000000000000083e-02
-8.980000000000000419e-06,4.000000000000000083e-02
-8.960000000000000611e-06,2.000000000000000042e-02
-8.940000000000000802e-06,0.000000000000000000e+00
-8.920000000000000994e-06,4.000000000000000083e-02
-8.900000000000001185e-06,0.000000000000000000e+00
-8.880000000000001377e-06,0.000000000000000000e+00
-8.859999999999999874e-06,2.000000000000000042e-02
-8.840000000000000066e-06,0.000000000000000000e+00
-8.820000000000000257e-06,0.000000000000000000e+00
-8.800000000000000449e-06,2.000000000000000042e-02
-8.780000000000000640e-06,2.000000000000000042e-02
-8.760000000000000832e-06,0.000000000000000000e+00
-8.740000000000001023e-06,0.000000000000000000e+00
-8.720000000000001215e-06,4.000000000000000083e-02
-8.700000000000001406e-06,0.000000000000000000e+00
-8.680000000000001598e-06,2.000000000000000042e-02
-8.660000000000000095e-06,0.000000000000000000e+00
-8.640000000000000287e-06,2.000000000000000042e-02
-8.620000000000000478e-06,2.000000000000000042e-02
-8.600000000000000670e-06,2.000000000000000042e-02
-8.580000000000000861e-06,2.000000000000000042e-02
-8.560000000000001053e-06,2.000000000000000042e-02
-8.540000000000001244e-06,2.000000000000000042e-02
-8.520000000000001436e-06,5.999999999999999778e-02
-8.499999999999999933e-06,2.000000000000000042e-02
-8.480000000000000124e-06,2.000000000000000042e-02
-8.460000000000000316e-06,2.000000000000000042e-02
-8.440000000000000507e-06,4.000000000000000083e-02
-8.420000000000000699e-06,0.000000000000000000e+00
-8.400000000000000890e-06,-2.000000000000000042e-02
-8.380000000000001082e-06,2.000000000000000042e-02
-8.360000000000001273e-06,2.000000000000000042e-02
-8.340000000000001465e-06,4.000000000000000083e-02
-8.320000000000001656e-06,4.000000000000000083e-02
-8.300000000000000154e-06,4.000000000000000083e-02
-8.280000000000000345e-06,2.000000000000000042e-02
-8.260000000000000537e-06,0.000000000000000000e+00
-8.240000000000000728e-06,4.000000000000000083e-02
-8.220000000000000920e-06,0.000000000000000000e+00
-8.200000000000001111e-06,0.000000000000000000e+00
-8.180000000000001303e-06,0.000000000000000000e+00
-8.160000000000001494e-06,4.000000000000000083e-02
-8.139999999999999992e-06,2.000000000000000042e-02
-8.120000000000000183e-06,0.000000000000000000e+00
-8.100000000000000375e-06,5.999999999999999778e-02
-8.080000000000000566e-06,2.000000000000000042e-02
-8.060000000000000758e-06,2.000000000000000042e-02
-8.040000000000000949e-06,5.999999999999999778e-02
-8.020000000000001141e-06,4.000000000000000083e-02
-8.000000000000001332e-06,2.000000000000000042e-02
-7.980000000000001524e-06,0.000000000000000000e+00
-7.960000000000001715e-06,5.999999999999999778e-02
-7.940000000000000212e-06,4.000000000000000083e-02
-7.920000000000000404e-06,2.000000000000000042e-02
-7.900000000000000595e-06,2.000000000000000042e-02
-7.880000000000000787e-06,4.000000000000000083e-02
-7.860000000000000978e-06,5.999999999999999778e-02
-7.840000000000001170e-06,4.000000000000000083e-02
-7.820000000000001361e-06,4.000000000000000083e-02
-7.799999999999999859e-06,0.000000000000000000e+00
-7.780000000000000050e-06,2.000000000000000042e-02
-7.760000000000000242e-06,2.000000000000000042e-02
-7.740000000000000433e-06,2.000000000000000042e-02
-7.720000000000000625e-06,2.000000000000000042e-02
-7.700000000000000816e-06,4.000000000000000083e-02
-7.680000000000001008e-06,2.000000000000000042e-02
-7.660000000000001199e-06,4.000000000000000083e-02
-7.640000000000001391e-06,2.000000000000000042e-02
-7.620000000000000735e-06,4.000000000000000083e-02
-7.600000000000000927e-06,2.000000000000000042e-02
-7.580000000000000271e-06,5.999999999999999778e-02
-7.560000000000000463e-06,4.000000000000000083e-02
-7.540000000000000654e-06,0.000000000000000000e+00
-7.520000000000000846e-06,4.000000000000000083e-02
-7.500000000000001037e-06,2.000000000000000042e-02
-7.480000000000001229e-06,5.999999999999999778e-02
-7.460000000000000573e-06,4.000000000000000083e-02
-7.440000000000000764e-06,0.000000000000000000e+00
-7.420000000000000956e-06,2.000000000000000042e-02
-7.400000000000000300e-06,4.000000000000000083e-02
-7.380000000000000492e-06,4.000000000000000083e-02
-7.360000000000000683e-06,4.000000000000000083e-02
-7.340000000000000875e-06,2.000000000000000042e-02
-7.320000000000001066e-06,5.999999999999999778e-02
-7.300000000000001258e-06,2.000000000000000042e-02
-7.280000000000000602e-06,4.000000000000000083e-02
-7.260000000000000794e-06,4.000000000000000083e-02
-7.240000000000000138e-06,2.000000000000000042e-02
-7.220000000000000330e-06,2.000000000000000042e-02
-7.200000000000000521e-06,2.000000000000000042e-02
-7.180000000000000713e-06,2.000000000000000042e-02
-7.160000000000000904e-06,2.000000000000000042e-02
-7.140000000000001096e-06,2.000000000000000042e-02
-7.120000000000001287e-06,4.000000000000000083e-02
-7.100000000000000632e-06,2.000000000000000042e-02
-7.080000000000000823e-06,2.000000000000000042e-02
-7.060000000000000168e-06,2.000000000000000042e-02
-7.040000000000000359e-06,2.000000000000000042e-02
-7.020000000000000551e-06,5.999999999999999778e-02
-7.000000000000000742e-06,2.000000000000000042e-02
-6.980000000000000934e-06,4.000000000000000083e-02
-6.960000000000001125e-06,2.000000000000000042e-02
-6.940000000000001316e-06,4.000000000000000083e-02
-6.920000000000000661e-06,4.000000000000000083e-02
-6.900000000000000852e-06,2.000000000000000042e-02
-6.880000000000000197e-06,2.000000000000000042e-02
-6.860000000000000388e-06,4.000000000000000083e-02
-6.840000000000000580e-06,0.000000000000000000e+00
-6.820000000000000771e-06,4.000000000000000083e-02
-6.800000000000000963e-06,5.999999999999999778e-02
-6.780000000000001154e-06,2.000000000000000042e-02
-6.760000000000001346e-06,0.000000000000000000e+00
-6.740000000000000690e-06,2.000000000000000042e-02
-6.720000000000000882e-06,2.000000000000000042e-02
-6.700000000000000226e-06,2.000000000000000042e-02
-6.680000000000000418e-06,0.000000000000000000e+00
-6.660000000000000609e-06,2.000000000000000042e-02
-6.640000000000000801e-06,0.000000000000000000e+00
-6.620000000000000992e-06,4.000000000000000083e-02
-6.600000000000001184e-06,0.000000000000000000e+00
-6.580000000000001375e-06,2.000000000000000042e-02
-6.560000000000000720e-06,2.000000000000000042e-02
-6.540000000000000911e-06,4.000000000000000083e-02
-6.520000000000000256e-06,2.000000000000000042e-02
-6.500000000000000447e-06,0.000000000000000000e+00
-6.480000000000000639e-06,2.000000000000000042e-02
-6.460000000000000830e-06,2.000000000000000042e-02
-6.440000000000001021e-06,0.000000000000000000e+00
-6.420000000000001213e-06,2.000000000000000042e-02
-6.400000000000000557e-06,2.000000000000000042e-02
-6.380000000000000749e-06,4.000000000000000083e-02
-6.360000000000000940e-06,5.999999999999999778e-02
-6.340000000000000285e-06,4.000000000000000083e-02
-6.320000000000000476e-06,0.000000000000000000e+00
-6.300000000000000668e-06,2.000000000000000042e-02
-6.280000000000000859e-06,2.000000000000000042e-02
-6.260000000000001051e-06,2.000000000000000042e-02
-6.240000000000001242e-06,2.000000000000000042e-02
-6.220000000000000587e-06,2.000000000000000042e-02
-6.200000000000000778e-06,0.000000000000000000e+00
-6.180000000000000970e-06,2.000000000000000042e-02
-6.160000000000000314e-06,0.000000000000000000e+00
-6.140000000000000506e-06,0.000000000000000000e+00
-6.120000000000000697e-06,2.000000000000000042e-02
-6.100000000000000889e-06,0.000000000000000000e+00
-6.080000000000001080e-06,0.000000000000000000e+00
-6.060000000000000425e-06,4.000000000000000083e-02
-6.040000000000000616e-06,4.000000000000000083e-02
-6.020000000000000808e-06,-2.000000000000000042e-02
-6.000000000000000999e-06,2.000000000000000042e-02
-5.980000000000000343e-06,5.999999999999999778e-02
-5.960000000000000535e-06,2.000000000000000042e-02
-5.940000000000000726e-06,2.000000000000000042e-02
-5.920000000000000918e-06,0.000000000000000000e+00
-5.900000000000001109e-06,4.000000000000000083e-02
-5.880000000000000454e-06,4.000000000000000083e-02
-5.860000000000000645e-06,2.000000000000000042e-02
-5.840000000000000837e-06,2.000000000000000042e-02
-5.820000000000001028e-06,2.000000000000000042e-02
-5.800000000000000373e-06,2.000000000000000042e-02
-5.780000000000000564e-06,4.000000000000000083e-02
-5.760000000000000756e-06,2.000000000000000042e-02
-5.740000000000000947e-06,-2.000000000000000042e-02
-5.720000000000001139e-06,2.000000000000000042e-02
-5.700000000000000483e-06,2.000000000000000042e-02
-5.680000000000000675e-06,0.000000000000000000e+00
-5.660000000000000866e-06,2.000000000000000042e-02
-5.640000000000001058e-06,2.000000000000000042e-02
-5.620000000000000402e-06,2.000000000000000042e-02
-5.600000000000000594e-06,4.000000000000000083e-02
-5.580000000000000785e-06,0.000000000000000000e+00
-5.560000000000000977e-06,0.000000000000000000e+00
-5.540000000000000321e-06,4.000000000000000083e-02
-5.520000000000000513e-06,0.000000000000000000e+00
-5.500000000000000704e-06,4.000000000000000083e-02
-5.480000000000000896e-06,0.000000000000000000e+00
-5.460000000000001087e-06,-2.000000000000000042e-02
-5.440000000000000431e-06,0.000000000000000000e+00
-5.420000000000000623e-06,2.000000000000000042e-02
-5.400000000000000814e-06,0.000000000000000000e+00
-5.380000000000001006e-06,2.000000000000000042e-02
-5.360000000000000350e-06,2.000000000000000042e-02
-5.340000000000000542e-06,4.000000000000000083e-02
-5.320000000000000733e-06,0.000000000000000000e+00
-5.300000000000000925e-06,2.000000000000000042e-02
-5.280000000000001116e-06,0.000000000000000000e+00
-5.260000000000000461e-06,0.000000000000000000e+00
-5.240000000000000652e-06,2.000000000000000042e-02
-5.220000000000000844e-06,4.000000000000000083e-02
-5.200000000000001035e-06,4.000000000000000083e-02
-5.180000000000000380e-06,2.000000000000000042e-02
-5.160000000000000571e-06,0.000000000000000000e+00
-5.140000000000000763e-06,4.000000000000000083e-02
-5.120000000000000954e-06,0.000000000000000000e+00
-5.100000000000000299e-06,0.000000000000000000e+00
-5.080000000000000490e-06,2.000000000000000042e-02
-5.060000000000000682e-06,2.000000000000000042e-02
-5.040000000000000873e-06,4.000000000000000083e-02
-5.020000000000001065e-06,0.000000000000000000e+00
-5.000000000000000409e-06,2.000000000000000042e-02
-4.980000000000000601e-06,0.000000000000000000e+00
-4.960000000000000792e-06,0.000000000000000000e+00
-4.940000000000000983e-06,2.000000000000000042e-02
-4.920000000000000328e-06,0.000000000000000000e+00
-4.900000000000000519e-06,0.000000000000000000e+00
-4.880000000000000711e-06,0.000000000000000000e+00
-4.860000000000000902e-06,4.000000000000000083e-02
-4.840000000000001094e-06,0.000000000000000000e+00
-4.820000000000000438e-06,0.000000000000000000e+00
-4.800000000000000630e-06,-2.000000000000000042e-02
-4.780000000000000821e-06,0.000000000000000000e+00
-4.760000000000001013e-06,2.000000000000000042e-02
-4.740000000000000357e-06,0.000000000000000000e+00
-4.720000000000000549e-06,0.000000000000000000e+00
-4.700000000000000740e-06,0.000000000000000000e+00
-4.680000000000000932e-06,0.000000000000000000e+00
-4.660000000000001123e-06,-4.000000000000000083e-02
-4.640000000000000468e-06,4.000000000000000083e-02
-4.620000000000000659e-06,2.000000000000000042e-02
-4.600000000000000851e-06,0.000000000000000000e+00
-4.580000000000001042e-06,0.000000000000000000e+00
-4.560000000000000387e-06,4.000000000000000083e-02
-4.540000000000000578e-06,0.000000000000000000e+00
-4.520000000000000770e-06,-2.000000000000000042e-02
-4.500000000000000961e-06,0.000000000000000000e+00
-4.480000000000000305e-06,2.000000000000000042e-02
-4.460000000000000497e-06,0.000000000000000000e+00
-4.440000000000000688e-06,-2.000000000000000042e-02
-4.420000000000000880e-06,2.000000000000000042e-02
-4.400000000000001071e-06,2.000000000000000042e-02
-4.380000000000000416e-06,4.000000000000000083e-02
-4.360000000000000607e-06,2.000000000000000042e-02
-4.340000000000000799e-06,0.000000000000000000e+00
-4.320000000000000990e-06,0.000000000000000000e+00
-4.300000000000000335e-06,0.000000000000000000e+00
-4.280000000000000526e-06,4.000000000000000083e-02
-4.260000000000000718e-06,0.000000000000000000e+00
-4.240000000000000909e-06,2.000000000000000042e-02
-4.220000000000001101e-06,-2.000000000000000042e-02
-4.200000000000000445e-06,0.000000000000000000e+00
-4.180000000000000637e-06,2.000000000000000042e-02
-4.160000000000000828e-06,-2.000000000000000042e-02
-4.140000000000001020e-06,0.000000000000000000e+00
-4.120000000000000364e-06,-4.000000000000000083e-02
-4.100000000000000556e-06,0.000000000000000000e+00
-4.080000000000000747e-06,2.000000000000000042e-02
-4.060000000000000939e-06,0.000000000000000000e+00
-4.040000000000000283e-06,0.000000000000000000e+00
-4.020000000000000475e-06,2.000000000000000042e-02
-4.000000000000000666e-06,2.000000000000000042e-02
-3.980000000000000858e-06,2.000000000000000042e-02
-3.960000000000001049e-06,2.000000000000000042e-02
-3.940000000000000393e-06,0.000000000000000000e+00
-3.920000000000000585e-06,2.000000000000000042e-02
-3.900000000000000776e-06,4.000000000000000083e-02
-3.880000000000000968e-06,0.000000000000000000e+00
-3.860000000000000312e-06,0.000000000000000000e+00
-3.840000000000000504e-06,0.000000000000000000e+00
-3.820000000000000695e-06,2.000000000000000042e-02
-3.800000000000000887e-06,2.000000000000000042e-02
-3.780000000000001078e-06,-2.000000000000000042e-02
-3.760000000000000423e-06,0.000000000000000000e+00
-3.740000000000000614e-06,0.000000000000000000e+00
-3.720000000000000806e-06,0.000000000000000000e+00
-3.700000000000000997e-06,0.000000000000000000e+00
-3.680000000000000342e-06,0.000000000000000000e+00
-3.660000000000000533e-06,0.000000000000000000e+00
-3.640000000000000725e-06,2.000000000000000042e-02
-3.620000000000000916e-06,2.000000000000000042e-02
-3.600000000000001108e-06,2.000000000000000042e-02
-3.580000000000000452e-06,-2.000000000000000042e-02
-3.560000000000000644e-06,0.000000000000000000e+00
-3.540000000000000835e-06,0.000000000000000000e+00
-3.520000000000001027e-06,2.000000000000000042e-02
-3.500000000000000371e-06,2.000000000000000042e-02
-3.480000000000000563e-06,0.000000000000000000e+00
-3.460000000000000754e-06,0.000000000000000000e+00
-3.440000000000000945e-06,2.000000000000000042e-02
-3.420000000000000290e-06,2.000000000000000042e-02
-3.400000000000000481e-06,0.000000000000000000e+00
-3.380000000000000673e-06,-2.000000000000000042e-02
-3.360000000000000864e-06,-2.000000000000000042e-02
-3.340000000000001056e-06,0.000000000000000000e+00
-3.320000000000000400e-06,2.000000000000000042e-02
-3.300000000000000592e-06,0.000000000000000000e+00
-3.280000000000000783e-06,-2.000000000000000042e-02
-3.260000000000000975e-06,0.000000000000000000e+00
-3.240000000000000319e-06,2.000000000000000042e-02
-3.220000000000000511e-06,0.000000000000000000e+00
-3.200000000000000702e-06,0.000000000000000000e+00
-3.180000000000000894e-06,-4.000000000000000083e-02
-3.160000000000001085e-06,2.000000000000000042e-02
-3.140000000000000430e-06,0.000000000000000000e+00
-3.120000000000000621e-06,0.000000000000000000e+00
-3.100000000000000813e-06,-2.000000000000000042e-02
-3.080000000000001004e-06,-2.000000000000000042e-02
-3.060000000000000349e-06,2.000000000000000042e-02
-3.040000000000000540e-06,-2.000000000000000042e-02
-3.020000000000000732e-06,2.000000000000000042e-02
-3.000000000000000923e-06,-2.000000000000000042e-02
-2.980000000000000267e-06,4.000000000000000083e-02
-2.960000000000000459e-06,-2.000000000000000042e-02
-2.940000000000000650e-06,0.000000000000000000e+00
-2.920000000000000842e-06,2.000000000000000042e-02
-2.900000000000001033e-06,4.000000000000000083e-02
-2.880000000000000378e-06,0.000000000000000000e+00
-2.860000000000000569e-06,0.000000000000000000e+00
-2.840000000000000761e-06,0.000000000000000000e+00
-2.820000000000000952e-06,0.000000000000000000e+00
-2.800000000000000297e-06,0.000000000000000000e+00
-2.780000000000000488e-06,2.000000000000000042e-02
-2.760000000000000680e-06,-2.000000000000000042e-02
-2.740000000000000871e-06,2.000000000000000042e-02
-2.720000000000001063e-06,0.000000000000000000e+00
-2.700000000000000407e-06,2.000000000000000042e-02
-2.680000000000000599e-06,-2.000000000000000042e-02
-2.660000000000000790e-06,0.000000000000000000e+00
-2.640000000000000982e-06,0.000000000000000000e+00
-2.620000000000000326e-06,0.000000000000000000e+00
-2.600000000000000518e-06,0.000000000000000000e+00
-2.580000000000000709e-06,2.000000000000000042e-02
-2.560000000000000901e-06,-2.000000000000000042e-02
-2.540000000000000245e-06,2.000000000000000042e-02
-2.520000000000000437e-06,-2.000000000000000042e-02
-2.500000000000000628e-06,2.000000000000000042e-02
-2.480000000000000820e-06,0.000000000000000000e+00
-2.460000000000001011e-06,-2.000000000000000042e-02
-2.440000000000000355e-06,-2.000000000000000042e-02
-2.420000000000000547e-06,0.000000000000000000e+00
-2.400000000000000738e-06,2.000000000000000042e-02
-2.380000000000000930e-06,4.000000000000000083e-02
-2.360000000000001121e-06,0.000000000000000000e+00
-2.340000000000001313e-06,0.000000000000000000e+00
-2.319999999999999810e-06,0.000000000000000000e+00
-2.300000000000000002e-06,0.000000000000000000e+00
-2.280000000000000193e-06,-2.000000000000000042e-02
-2.260000000000000385e-06,0.000000000000000000e+00
-2.240000000000000576e-06,-2.000000000000000042e-02
-2.220000000000000768e-06,0.000000000000000000e+00
-2.200000000000000959e-06,0.000000000000000000e+00
-2.180000000000001151e-06,2.000000000000000042e-02
-2.160000000000001342e-06,2.000000000000000042e-02
-2.139999999999999840e-06,-2.000000000000000042e-02
-2.120000000000000031e-06,0.000000000000000000e+00
-2.100000000000000223e-06,0.000000000000000000e+00
-2.080000000000000414e-06,0.000000000000000000e+00
-2.060000000000000606e-06,0.000000000000000000e+00
-2.040000000000000797e-06,0.000000000000000000e+00
-2.020000000000000989e-06,2.000000000000000042e-02
-2.000000000000001180e-06,0.000000000000000000e+00
-1.980000000000001372e-06,0.000000000000000000e+00
-1.959999999999999869e-06,0.000000000000000000e+00
-1.940000000000000060e-06,2.000000000000000042e-02
-1.920000000000000252e-06,2.000000000000000042e-02
-1.900000000000000443e-06,2.000000000000000042e-02
-1.880000000000000635e-06,0.000000000000000000e+00
-1.860000000000000826e-06,0.000000000000000000e+00
-1.840000000000001018e-06,0.000000000000000000e+00
-1.820000000000001209e-06,0.000000000000000000e+00
-1.800000000000001401e-06,0.000000000000000000e+00
-1.779999999999999898e-06,0.000000000000000000e+00
-1.760000000000000090e-06,-4.000000000000000083e-02
-1.740000000000000281e-06,0.000000000000000000e+00
-1.720000000000000473e-06,0.000000000000000000e+00
-1.700000000000000664e-06,-2.000000000000000042e-02
-1.680000000000000856e-06,4.000000000000000083e-02
-1.660000000000001047e-06,2.000000000000000042e-02
-1.640000000000001239e-06,4.000000000000000083e-02
-1.620000000000001430e-06,0.000000000000000000e+00
-1.599999999999999928e-06,-2.000000000000000042e-02
-1.580000000000000119e-06,-2.000000000000000042e-02
-1.560000000000000311e-06,0.000000000000000000e+00
-1.540000000000000502e-06,0.000000000000000000e+00
-1.520000000000000694e-06,0.000000000000000000e+00
-1.500000000000000885e-06,0.000000000000000000e+00
-1.480000000000001077e-06,0.000000000000000000e+00
-1.460000000000001268e-06,-2.000000000000000042e-02
-1.440000000000001459e-06,-2.000000000000000042e-02
-1.419999999999999957e-06,0.000000000000000000e+00
-1.400000000000000148e-06,0.000000000000000000e+00
-1.380000000000000340e-06,0.000000000000000000e+00
-1.360000000000000531e-06,0.000000000000000000e+00
-1.340000000000000723e-06,0.000000000000000000e+00
-1.320000000000000914e-06,-4.000000000000000083e-02
-1.300000000000001106e-06,-2.000000000000000042e-02
-1.280000000000001297e-06,2.000000000000000042e-02
-1.259999999999999795e-06,0.000000000000000000e+00
-1.239999999999999986e-06,0.000000000000000000e+00
-1.220000000000000178e-06,0.000000000000000000e+00
-1.200000000000000369e-06,2.000000000000000042e-02
-1.180000000000000561e-06,2.000000000000000042e-02
-1.160000000000000752e-06,2.000000000000000042e-02
-1.140000000000000944e-06,-2.000000000000000042e-02
-1.120000000000001135e-06,-2.000000000000000042e-02
-1.100000000000001327e-06,-2.000000000000000042e-02
-1.079999999999999824e-06,4.000000000000000083e-02
-1.060000000000000016e-06,2.000000000000000042e-02
-1.040000000000000207e-06,0.000000000000000000e+00
-1.020000000000000399e-06,-2.000000000000000042e-02
-1.000000000000000590e-06,2.000000000000000042e-02
-9.800000000000007815e-07,0.000000000000000000e+00
-9.600000000000009730e-07,0.000000000000000000e+00
-9.400000000000011645e-07,2.000000000000000042e-02
-9.200000000000013560e-07,0.000000000000000000e+00
-8.999999999999998534e-07,2.000000000000000042e-02
-8.800000000000000449e-07,0.000000000000000000e+00
-8.600000000000002364e-07,0.000000000000000000e+00
-8.400000000000004279e-07,0.000000000000000000e+00
-8.200000000000006193e-07,-2.000000000000000042e-02
-8.000000000000008108e-07,2.000000000000000042e-02
-7.800000000000010023e-07,0.000000000000000000e+00
-7.600000000000011938e-07,2.000000000000000042e-02
-7.400000000000013853e-07,-4.000000000000000083e-02
-7.199999999999998827e-07,2.000000000000000042e-02
-7.000000000000000742e-07,-4.000000000000000083e-02
-6.800000000000002657e-07,0.000000000000000000e+00
-6.600000000000004572e-07,0.000000000000000000e+00
-6.400000000000006487e-07,0.000000000000000000e+00
-6.200000000000008402e-07,2.000000000000000042e-02
-6.000000000000010316e-07,0.000000000000000000e+00
-5.800000000000012231e-07,2.000000000000000042e-02
-5.600000000000014146e-07,0.000000000000000000e+00
-5.399999999999999120e-07,2.000000000000000042e-02
-5.200000000000001035e-07,2.000000000000000042e-02
-5.000000000000002950e-07,0.000000000000000000e+00
-4.800000000000004865e-07,0.000000000000000000e+00
-4.600000000000006780e-07,2.000000000000000042e-02
-4.400000000000008695e-07,4.000000000000000083e-02
-4.200000000000010610e-07,4.000000000000000083e-02
-4.000000000000012524e-07,4.000000000000000083e-02
-3.800000000000014439e-07,2.000000000000000042e-02
-3.599999999999999414e-07,2.000000000000000042e-02
-3.400000000000001328e-07,4.000000000000000083e-02
-3.200000000000003243e-07,8.000000000000000167e-02
-3.000000000000005158e-07,5.999999999999999778e-02
-2.800000000000007073e-07,2.000000000000000042e-02
-2.600000000000008988e-07,5.999999999999999778e-02
-2.400000000000010903e-07,8.000000000000000167e-02
-2.200000000000012818e-07,8.000000000000000167e-02
-1.999999999999997792e-07,8.000000000000000167e-02
-1.799999999999999707e-07,1.199999999999999956e-01
-1.600000000000001622e-07,1.199999999999999956e-01
-1.400000000000003537e-07,1.199999999999999956e-01
-1.200000000000005451e-07,1.199999999999999956e-01
-1.000000000000007366e-07,1.400000000000000133e-01
-8.000000000000092812e-08,1.600000000000000033e-01
-6.000000000000111960e-08,1.799999999999999933e-01
-4.000000000000131109e-08,2.000000000000000111e-01
-1.999999999999980851e-08,2.200000000000000011e-01
0.000000000000000000e+00,2.000000000000000111e-01
1.999999999999980851e-08,2.000000000000000111e-01
3.999999999999961703e-08,2.200000000000000011e-01
5.999999999999942554e-08,2.399999999999999911e-01
7.999999999999923405e-08,2.600000000000000089e-01
9.999999999999904256e-08,2.600000000000000089e-01
1.199999999999988511e-07,2.399999999999999911e-01
1.399999999999986596e-07,2.800000000000000266e-01
1.600000000000001622e-07,2.800000000000000266e-01
1.799999999999999707e-07,2.800000000000000266e-01
1.999999999999997792e-07,2.800000000000000266e-01
2.199999999999995877e-07,2.800000000000000266e-01
2.399999999999993962e-07,2.800000000000000266e-01
2.599999999999992047e-07,2.800000000000000266e-01
2.799999999999990132e-07,2.800000000000000266e-01
2.999999999999988218e-07,2.800000000000000266e-01
3.199999999999986303e-07,2.800000000000000266e-01
3.400000000000001328e-07,2.999999999999999889e-01
3.599999999999999414e-07,2.399999999999999911e-01
3.799999999999997499e-07,2.399999999999999911e-01
3.999999999999995584e-07,2.600000000000000089e-01
4.199999999999993669e-07,2.399999999999999911e-01
4.399999999999991754e-07,2.600000000000000089e-01
4.599999999999989839e-07,2.399999999999999911e-01
4.799999999999987924e-07,2.000000000000000111e-01
4.999999999999986009e-07,2.000000000000000111e-01
5.200000000000001035e-07,2.000000000000000111e-01
5.399999999999999120e-07,1.600000000000000033e-01
5.599999999999997205e-07,1.600000000000000033e-01
5.799999999999995291e-07,1.799999999999999933e-01
5.999999999999993376e-07,1.600000000000000033e-01
6.199999999999991461e-07,1.600000000000000033e-01
6.399999999999989546e-07,1.600000000000000033e-01
6.599999999999987631e-07,1.600000000000000033e-01
6.799999999999985716e-07,1.600000000000000033e-01
7.000000000000000742e-07,1.600000000000000033e-01
7.199999999999998827e-07,1.600000000000000033e-01
7.399999999999996912e-07,1.400000000000000133e-01
7.599999999999994997e-07,1.400000000000000133e-01
7.799999999999993083e-07,1.199999999999999956e-01
7.999999999999991168e-07,1.400000000000000133e-01
8.199999999999989253e-07,1.400000000000000133e-01
8.399999999999987338e-07,1.400000000000000133e-01
8.600000000000002364e-07,1.199999999999999956e-01
8.800000000000000449e-07,1.199999999999999956e-01
8.999999999999998534e-07,1.400000000000000133e-01
9.199999999999996619e-07,1.199999999999999956e-01
9.399999999999994704e-07,1.199999999999999956e-01
9.599999999999992789e-07,8.000000000000000167e-02
9.799999999999990874e-07,1.000000000000000056e-01
9.999999999999988960e-07,1.000000000000000056e-01
1.019999999999998704e-06,1.000000000000000056e-01
1.040000000000000207e-06,1.000000000000000056e-01
1.060000000000000016e-06,1.000000000000000056e-01
1.079999999999999824e-06,8.000000000000000167e-02
1.099999999999999633e-06,5.999999999999999778e-02
1.119999999999999441e-06,1.000000000000000056e-01
1.139999999999999250e-06,1.000000000000000056e-01
1.159999999999999058e-06,5.999999999999999778e-02
1.179999999999998867e-06,8.000000000000000167e-02
1.199999999999998675e-06,5.999999999999999778e-02
1.220000000000000178e-06,1.000000000000000056e-01
1.239999999999999986e-06,1.000000000000000056e-01
1.259999999999999795e-06,8.000000000000000167e-02
1.279999999999999603e-06,5.999999999999999778e-02
1.299999999999999412e-06,8.000000000000000167e-02
1.319999999999999220e-06,5.999999999999999778e-02
1.339999999999999029e-06,5.999999999999999778e-02
1.359999999999998837e-06,8.000000000000000167e-02
1.379999999999998646e-06,8.000000000000000167e-02
1.400000000000000148e-06,5.999999999999999778e-02
1.419999999999999957e-06,8.000000000000000167e-02
1.439999999999999765e-06,8.000000000000000167e-02
1.459999999999999574e-06,5.999999999999999778e-02
1.479999999999999382e-06,4.000000000000000083e-02
1.499999999999999191e-06,5.999999999999999778e-02
1.519999999999998999e-06,8.000000000000000167e-02
1.539999999999998808e-06,8.000000000000000167e-02
1.559999999999998617e-06,1.199999999999999956e-01
1.580000000000000119e-06,8.000000000000000167e-02
1.599999999999999928e-06,4.000000000000000083e-02
1.619999999999999736e-06,4.000000000000000083e-02
1.639999999999999545e-06,2.000000000000000042e-02
1.659999999999999353e-06,5.999999999999999778e-02
1.679999999999999162e-06,5.999999999999999778e-02
1.699999999999998970e-06,4.000000000000000083e-02
1.719999999999998779e-06,4.000000000000000083e-02
1.739999999999998587e-06,4.000000000000000083e-02
1.760000000000000090e-06,5.999999999999999778e-02
1.779999999999999898e-06,4.000000000000000083e-02
1.799999999999999707e-06,5.999999999999999778e-02
1.819999999999999515e-06,4.000000000000000083e-02
1.839999999999999324e-06,4.000000000000000083e-02
1.859999999999999132e-06,5.999999999999999778e-02
1.879999999999998941e-06,5.999999999999999778e-02
1.899999999999998749e-06,2.000000000000000042e-02
1.920000000000000252e-06,5.999999999999999778e-02
1.940000000000000060e-06,5.999999999999999778e-02
1.959999999999999869e-06,8.000000000000000167e-02
1.979999999999999677e-06,5.999999999999999778e-02
1.999999999999999486e-06,5.999999999999999778e-02
2.019999999999999294e-06,8.000000000000000167e-02
2.039999999999999103e-06,8.000000000000000167e-02
2.059999999999998912e-06,5.999999999999999778e-02
2.079999999999998720e-06,5.999999999999999778e-02
2.100000000000000223e-06,4.000000000000000083e-02
2.120000000000000031e-06,4.000000000000000083e-02
2.139999999999999840e-06,5.999999999999999778e-02
2.159999999999999648e-06,4.000000000000000083e-02
2.179999999999999457e-06,4.000000000000000083e-02
2.199999999999999265e-06,4.000000000000000083e-02
2.219999999999999074e-06,4.000000000000000083e-02
2.239999999999998882e-06,4.000000000000000083e-02
2.259999999999998691e-06,4.000000000000000083e-02
2.280000000000000193e-06,4.000000000000000083e-02
2.300000000000000002e-06,5.999999999999999778e-02
2.319999999999999810e-06,8.000000000000000167e-02
2.339999999999999619e-06,4.000000000000000083e-02
2.359999999999999427e-06,5.999999999999999778e-02
2.379999999999999236e-06,4.000000000000000083e-02
2.399999999999999044e-06,5.999999999999999778e-02
2.419999999999998853e-06,5.999999999999999778e-02
2.439999999999998661e-06,4.000000000000000083e-02
2.460000000000000164e-06,4.000000000000000083e-02
2.479999999999999972e-06,4.000000000000000083e-02
2.499999999999999781e-06,4.000000000000000083e-02
2.519999999999999590e-06,5.999999999999999778e-02
2.539999999999999398e-06,4.000000000000000083e-02
2.559999999999999207e-06,5.999999999999999778e-02
2.579999999999999015e-06,2.000000000000000042e-02
2.599999999999998824e-06,4.000000000000000083e-02
2.619999999999998632e-06,5.999999999999999778e-02
2.640000000000000135e-06,4.000000000000000083e-02
2.659999999999999943e-06,4.000000000000000083e-02
2.679999999999999752e-06,2.000000000000000042e-02
2.699999999999999560e-06,4.000000000000000083e-02
2.719999999999999369e-06,5.999999999999999778e-02
2.739999999999999177e-06,5.999999999999999778e-02
2.759999999999998986e-06,2.000000000000000042e-02
2.779999999999998794e-06,4.000000000000000083e-02
2.799999999999998603e-06,5.999999999999999778e-02
2.820000000000000105e-06,4.000000000000000083e-02
2.839999999999999914e-06,2.000000000000000042e-02
2.859999999999999722e-06,2.000000000000000042e-02
2.879999999999999531e-06,5.999999999999999778e-02
2.899999999999999339e-06,4.000000000000000083e-02
2.919999999999999148e-06,4.000000000000000083e-02
2.939999999999998956e-06,2.000000000000000042e-02
2.959999999999998765e-06,4.000000000000000083e-02
2.980000000000000267e-06,2.000000000000000042e-02
3.000000000000000076e-06,5.999999999999999778e-02
3.019999999999999885e-06,4.000000000000000083e-02
3.039999999999999693e-06,2.000000000000000042e-02
3.059999999999999502e-06,4.000000000000000083e-02
3.079999999999999310e-06,4.000000000000000083e-02
3.099999999999999119e-06,8.000000000000000167e-02
3.119999999999998927e-06,2.000000000000000042e-02
3.139999999999998736e-06,2.000000000000000042e-02
3.160000000000000238e-06,5.999999999999999778e-02
3.180000000000000047e-06,2.000000000000000042e-02
3.199999999999999855e-06,4.000000000000000083e-02
3.219999999999999664e-06,2.000000000000000042e-02
3.239999999999999472e-06,2.000000000000000042e-02
3.259999999999999281e-06,2.000000000000000042e-02
3.279999999999999089e-06,4.000000000000000083e-02
3.299999999999998898e-06,5.999999999999999778e-02
3.319999999999998706e-06,2.000000000000000042e-02
3.340000000000000209e-06,5.999999999999999778e-02
3.360000000000000017e-06,4.000000000000000083e-02
3.379999999999999826e-06,4.000000000000000083e-02
3.399999999999999634e-06,2.000000000000000042e-02
3.419999999999999443e-06,2.000000000000000042e-02
3.439999999999999251e-06,4.000000000000000083e-02
3.459999999999999060e-06,4.000000000000000083e-02
3.479999999999998868e-06,4.000000000000000083e-02
3.499999999999998677e-06,4.000000000000000083e-02
3.520000000000000180e-06,4.000000000000000083e-02
3.539999999999999988e-06,8.000000000000000167e-02
3.559999999999999797e-06,4.000000000000000083e-02
3.579999999999999605e-06,5.999999999999999778e-02
3.599999999999999414e-06,4.000000000000000083e-02
3.619999999999999222e-06,4.000000000000000083e-02
3.639999999999999031e-06,4.000000000000000083e-02
3.659999999999998839e-06,4.000000000000000083e-02
3.679999999999998648e-06,4.000000000000000083e-02
3.700000000000000150e-06,4.000000000000000083e-02
3.719999999999999959e-06,4.000000000000000083e-02
3.739999999999999767e-06,4.000000000000000083e-02
3.759999999999999576e-06,2.000000000000000042e-02
3.779999999999999384e-06,4.000000000000000083e-02
3.799999999999999193e-06,2.000000000000000042e-02
3.819999999999999001e-06,5.999999999999999778e-02
3.839999999999998810e-06,5.999999999999999778e-02
3.860000000000000312e-06,4.000000000000000083e-02
3.880000000000000121e-06,2.000000000000000042e-02
3.899999999999999929e-06,4.000000000000000083e-02
3.919999999999999738e-06,4.000000000000000083e-02
3.939999999999999546e-06,4.000000000000000083e-02
3.959999999999999355e-06,2.000000000000000042e-02
3.979999999999999163e-06,4.000000000000000083e-02
3.999999999999998972e-06,5.999999999999999778e-02
4.019999999999998780e-06,4.000000000000000083e-02
4.040000000000000283e-06,4.000000000000000083e-02
4.060000000000000092e-06,2.000000000000000042e-02
4.079999999999999900e-06,2.000000000000000042e-02
4.099999999999999709e-06,0.000000000000000000e+00
4.119999999999999517e-06,5.999999999999999778e-02
4.139999999999999326e-06,2.000000000000000042e-02
4.159999999999999134e-06,4.000000000000000083e-02
4.179999999999998943e-06,4.000000000000000083e-02
4.199999999999998751e-06,2.000000000000000042e-02
4.220000000000000254e-06,4.000000000000000083e-02
4.240000000000000062e-06,0.000000000000000000e+00
4.259999999999999871e-06,5.999999999999999778e-02
4.279999999999999679e-06,5.999999999999999778e-02
4.299999999999999488e-06,5.999999999999999778e-02
4.319999999999999296e-06,5.999999999999999778e-02
4.339999999999999105e-06,4.000000000000000083e-02
4.359999999999998913e-06,4.000000000000000083e-02
4.379999999999998722e-06,4.000000000000000083e-02
4.400000000000000224e-06,5.999999999999999778e-02
4.420000000000000033e-06,4.000000000000000083e-02
4.439999999999999841e-06,4.000000000000000083e-02
4.459999999999999650e-06,2.000000000000000042e-02
4.479999999999999458e-06,4.000000000000000083e-02
4.499999999999999267e-06,4.000000000000000083e-02
4.519999999999999075e-06,2.000000000000000042e-02
4.539999999999998884e-06,4.000000000000000083e-02
4.559999999999998693e-06,4.000000000000000083e-02
4.580000000000000195e-06,4.000000000000000083e-02
4.600000000000000004e-06,2.000000000000000042e-02
4.619999999999999812e-06,2.000000000000000042e-02
4.639999999999999621e-06,2.000000000000000042e-02
4.659999999999999429e-06,2.000000000000000042e-02
4.679999999999999238e-06,2.000000000000000042e-02
4.699999999999999046e-06,2.000000000000000042e-02
4.719999999999998855e-06,4.000000000000000083e-02
4.739999999999998663e-06,4.000000000000000083e-02
4.760000000000000166e-06,5.999999999999999778e-02
4.779999999999999974e-06,4.000000000000000083e-02
4.799999999999999783e-06,2.000000000000000042e-02
4.819999999999999591e-06,2.000000000000000042e-02
4.839999999999999400e-06,2.000000000000000042e-02
4.859999999999999208e-06,2.000000000000000042e-02
4.879999999999999017e-06,2.000000000000000042e-02
4.899999999999998825e-06,2.000000000000000042e-02
4.920000000000000328e-06,2.000000000000000042e-02
4.940000000000000136e-06,4.000000000000000083e-02
4.959999999999999945e-06,4.000000000000000083e-02
4.979999999999999753e-06,2.000000000000000042e-02
4.999999999999999562e-06,2.000000000000000042e-02
5.019999999999999370e-06,2.000000000000000042e-02
5.039999999999999179e-06,2.000000000000000042e-02
5.059999999999998988e-06,2.000000000000000042e-02
5.079999999999998796e-06,2.000000000000000042e-02
5.100000000000000299e-06,4.000000000000000083e-02
5.120000000000000107e-06,2.000000000000000042e-02
5.139999999999999916e-06,4.000000000000000083e-02
5.159999999999999724e-06,4.000000000000000083e-02
5.179999999999999533e-06,2.000000000000000042e-02
5.199999999999999341e-06,2.000000000000000042e-02
5.219999999999999150e-06,4.000000000000000083e-02
5.239999999999998958e-06,2.000000000000000042e-02
5.259999999999998767e-06,2.000000000000000042e-02
5.279999999999998575e-06,2.000000000000000042e-02
5.299999999999998384e-06,2.000000000000000042e-02
5.319999999999998192e-06,4.000000000000000083e-02
5.339999999999998001e-06,5.999999999999999778e-02
5.360000000000001197e-06,4.000000000000000083e-02
5.380000000000001006e-06,4.000000000000000083e-02
5.400000000000000814e-06,2.000000000000000042e-02
5.420000000000000623e-06,4.000000000000000083e-02
5.440000000000000431e-06,4.000000000000000083e-02
5.460000000000000240e-06,2.000000000000000042e-02
5.480000000000000048e-06,2.000000000000000042e-02
5.499999999999999857e-06,4.000000000000000083e-02
5.519999999999999666e-06,4.000000000000000083e-02
5.539999999999999474e-06,2.000000000000000042e-02
5.559999999999999283e-06,2.000000000000000042e-02
5.579999999999999091e-06,0.000000000000000000e+00
5.599999999999998900e-06,0.000000000000000000e+00
5.619999999999998708e-06,4.000000000000000083e-02
5.639999999999998517e-06,2.000000000000000042e-02
5.659999999999998325e-06,0.000000000000000000e+00
5.679999999999998134e-06,0.000000000000000000e+00
5.699999999999997942e-06,4.000000000000000083e-02
5.720000000000001139e-06,2.000000000000000042e-02
5.740000000000000947e-06,2.000000000000000042e-02
5.760000000000000756e-06,0.000000000000000000e+00
5.780000000000000564e-06,2.000000000000000042e-02
5.800000000000000373e-06,2.000000000000000042e-02
5.820000000000000181e-06,2.000000000000000042e-02
5.839999999999999990e-06,4.000000000000000083e-02
5.859999999999999798e-06,0.000000000000000000e+00
5.879999999999999607e-06,2.000000000000000042e-02
5.899999999999999415e-06,4.000000000000000083e-02
5.919999999999999224e-06,2.000000000000000042e-02
5.939999999999999032e-06,4.000000000000000083e-02
5.959999999999998841e-06,2.000000000000000042e-02
5.979999999999998649e-06,4.000000000000000083e-02
5.999999999999998458e-06,5.999999999999999778e-02
6.019999999999998266e-06,4.000000000000000083e-02
6.039999999999998075e-06,2.000000000000000042e-02
6.059999999999997883e-06,2.000000000000000042e-02
6.080000000000001080e-06,2.000000000000000042e-02
6.100000000000000889e-06,2.000000000000000042e-02
6.120000000000000697e-06,2.000000000000000042e-02
6.140000000000000506e-06,0.000000000000000000e+00
6.160000000000000314e-06,2.000000000000000042e-02
6.180000000000000123e-06,2.000000000000000042e-02
6.199999999999999931e-06,4.000000000000000083e-02
6.219999999999999740e-06,0.000000000000000000e+00
6.239999999999999548e-06,4.000000000000000083e-02
6.259999999999999357e-06,2.000000000000000042e-02
6.279999999999999165e-06,5.999999999999999778e-02
6.299999999999998974e-06,0.000000000000000000e+00
6.319999999999998782e-06,2.000000000000000042e-02
6.339999999999998591e-06,4.000000000000000083e-02
6.359999999999998399e-06,2.000000000000000042e-02
6.379999999999998208e-06,4.000000000000000083e-02
6.399999999999998016e-06,2.000000000000000042e-02
6.420000000000001213e-06,2.000000000000000042e-02
6.440000000000001021e-06,0.000000000000000000e+00
6.460000000000000830e-06,4.000000000000000083e-02
6.480000000000000639e-06,4.000000000000000083e-02
6.500000000000000447e-06,2.000000000000000042e-02
6.520000000000000256e-06,2.000000000000000042e-02
6.540000000000000064e-06,0.000000000000000000e+00
6.559999999999999873e-06,2.000000000000000042e-02
6.579999999999999681e-06,4.000000000000000083e-02
6.599999999999999490e-06,2.000000000000000042e-02
6.619999999999999298e-06,-2.000000000000000042e-02
6.639999999999999107e-06,4.000000000000000083e-02
6.659999999999998915e-06,2.000000000000000042e-02
6.679999999999998724e-06,4.000000000000000083e-02
6.699999999999998532e-06,2.000000000000000042e-02
6.719999999999998341e-06,0.000000000000000000e+00
6.739999999999998149e-06,4.000000000000000083e-02
6.759999999999997958e-06,4.000000000000000083e-02
6.780000000000001154e-06,2.000000000000000042e-02
6.800000000000000963e-06,0.000000000000000000e+00
6.820000000000000771e-06,2.000000000000000042e-02
6.840000000000000580e-06,2.000000000000000042e-02
6.860000000000000388e-06,2.000000000000000042e-02
6.880000000000000197e-06,2.000000000000000042e-02
6.900000000000000005e-06,0.000000000000000000e+00
6.919999999999999814e-06,4.000000000000000083e-02
6.939999999999999622e-06,0.000000000000000000e+00
6.959999999999999431e-06,2.000000000000000042e-02
6.979999999999999239e-06,4.000000000000000083e-02
6.999999999999999048e-06,2.000000000000000042e-02
7.019999999999998856e-06,2.000000000000000042e-02
7.039999999999998665e-06,2.000000000000000042e-02
7.059999999999998473e-06,4.000000000000000083e-02
7.079999999999998282e-06,2.000000000000000042e-02
7.099999999999998091e-06,0.000000000000000000e+00
7.119999999999997899e-06,4.000000000000000083e-02
7.140000000000001096e-06,2.000000000000000042e-02
7.160000000000000904e-06,2.000000000000000042e-02
7.180000000000000713e-06,0.000000000000000000e+00
7.200000000000000521e-06,4.000000000000000083e-02
7.220000000000000330e-06,0.000000000000000000e+00
7.240000000000000138e-06,4.000000000000000083e-02
7.259999999999999947e-06,2.000000000000000042e-02
7.279999999999999755e-06,2.000000000000000042e-02
7.299999999999999564e-06,4.000000000000000083e-02
7.319999999999999372e-06,5.999999999999999778e-02
7.339999999999999181e-06,2.000000000000000042e-02
7.359999999999998989e-06,2.000000000000000042e-02
7.379999999999998798e-06,4.000000000000000083e-02
7.399999999999998606e-06,0.000000000000000000e+00
7.419999999999998415e-06,0.000000000000000000e+00
7.439999999999998223e-06,0.000000000000000000e+00
7.459999999999998032e-06,2.000000000000000042e-02
7.480000000000001229e-06,2.000000000000000042e-02
7.500000000000001037e-06,5.999999999999999778e-02
7.520000000000000846e-06,2.000000000000000042e-02
7.540000000000000654e-06,0.000000000000000000e+00
7.560000000000000463e-06,2.000000000000000042e-02
7.580000000000000271e-06,2.000000000000000042e-02
7.600000000000000080e-06,2.000000000000000042e-02
7.619999999999999888e-06,0.000000000000000000e+00
7.639999999999999697e-06,-2.000000000000000042e-02
7.659999999999999505e-06,2.000000000000000042e-02
7.679999999999999314e-06,2.000000000000000042e-02
7.699999999999999122e-06,2.000000000000000042e-02
7.719999999999998931e-06,2.000000000000000042e-02
7.739999999999998739e-06,0.000000000000000000e+00
7.759999999999998548e-06,-2.000000000000000042e-02
7.779999999999998356e-06,0.000000000000000000e+00
7.799999999999998165e-06,4.000000000000000083e-02
7.819999999999997973e-06,0.000000000000000000e+00
7.840000000000001170e-06,0.000000000000000000e+00
7.860000000000000978e-06,2.000000000000000042e-02
7.880000000000000787e-06,2.000000000000000042e-02
7.900000000000000595e-06,2.000000000000000042e-02
7.920000000000000404e-06,2.000000000000000042e-02
7.940000000000000212e-06,0.000000000000000000e+00
7.960000000000000021e-06,4.000000000000000083e-02
7.979999999999999829e-06,4.000000000000000083e-02
7.999999999999999638e-06,2.000000000000000042e-02
8.019999999999999446e-06,2.000000000000000042e-02
8.039999999999999255e-06,0.000000000000000000e+00
8.059999999999999064e-06,4.000000000000000083e-02
8.079999999999998872e-06,2.000000000000000042e-02
8.099999999999998681e-06,4.000000000000000083e-02
8.119999999999998489e-06,0.000000000000000000e+00
8.139999999999998298e-06,2.000000000000000042e-02
8.159999999999998106e-06,2.000000000000000042e-02
8.179999999999997915e-06,2.000000000000000042e-02
8.200000000000001111e-06,0.000000000000000000e+00
8.220000000000000920e-06,4.000000000000000083e-02
8.240000000000000728e-06,2.000000000000000042e-02
8.260000000000000537e-06,5.999999999999999778e-02
8.280000000000000345e-06,2.000000000000000042e-02
8.300000000000000154e-06,0.000000000000000000e+00
8.319999999999999962e-06,0.000000000000000000e+00
8.339999999999999771e-06,0.000000000000000000e+00
8.359999999999999579e-06,4.000000000000000083e-02
8.379999999999999388e-06,4.000000000000000083e-02
8.399999999999999196e-06,0.000000000000000000e+00
8.419999999999999005e-06,0.000000000000000000e+00
8.439999999999998813e-06,2.000000000000000042e-02
8.459999999999998622e-06,4.000000000000000083e-02
8.479999999999998430e-06,2.000000000000000042e-02
8.499999999999998239e-06,0.000000000000000000e+00
8.519999999999998047e-06,2.000000000000000042e-02
8.540000000000001244e-06,2.000000000000000042e-02
8.560000000000001053e-06,2.000000000000000042e-02
8.580000000000000861e-06,0.000000000000000000e+00
8.600000000000000670e-06,0.000000000000000000e+00
8.620000000000000478e-06,0.000000000000000000e+00
8.640000000000000287e-06,0.000000000000000000e+00
8.660000000000000095e-06,2.000000000000000042e-02
8.679999999999999904e-06,0.000000000000000000e+00
8.699999999999999712e-06,0.000000000000000000e+00
8.719999999999999521e-06,4.000000000000000083e-02
8.739999999999999329e-06,4.000000000000000083e-02
8.759999999999999138e-06,2.000000000000000042e-02
8.779999999999998946e-06,2.000000000000000042e-02
8.799999999999998755e-06,0.000000000000000000e+00
8.819999999999998563e-06,2.000000000000000042e-02
8.839999999999998372e-06,0.000000000000000000e+00
8.859999999999998180e-06,0.000000000000000000e+00
8.879999999999997989e-06,2.000000000000000042e-02
8.900000000000001185e-06,-2.000000000000000042e-02
8.920000000000000994e-06,0.000000000000000000e+00
8.940000000000000802e-06,4.000000000000000083e-02
8.960000000000000611e-06,4.000000000000000083e-02
8.980000000000000419e-06,0.000000000000000000e+00
9.000000000000000228e-06,2.000000000000000042e-02
9.020000000000000037e-06,0.000000000000000000e+00
9.039999999999999845e-06,2.000000000000000042e-02
9.059999999999999654e-06,0.000000000000000000e+00
9.079999999999999462e-06,-2.000000000000000042e-02
9.099999999999999271e-06,2.000000000000000042e-02
9.119999999999999079e-06,0.000000000000000000e+00
9.139999999999998888e-06,2.000000000000000042e-02
9.159999999999998696e-06,-2.000000000000000042e-02
9.179999999999998505e-06,-2.000000000000000042e-02
9.199999999999998313e-06,0.000000000000000000e+00
9.219999999999998122e-06,4.000000000000000083e-02
9.239999999999997930e-06,2.000000000000000042e-02
9.260000000000001127e-06,-2.000000000000000042e-02
9.280000000000000935e-06,0.000000000000000000e+00
9.300000000000000744e-06,0.000000000000000000e+00
9.320000000000000552e-06,2.000000000000000042e-02
9.340000000000000361e-06,0.000000000000000000e+00
9.360000000000000169e-06,2.000000000000000042e-02
9.379999999999999978e-06,2.000000000000000042e-02
9.399999999999999786e-06,0.000000000000000000e+00
9.419999999999999595e-06,-2.000000000000000042e-02
9.439999999999999403e-06,0.000000000000000000e+00
9.459999999999999212e-06,2.000000000000000042e-02
9.479999999999999020e-06,2.000000000000000042e-02
9.499999999999998829e-06,0.000000000000000000e+00
9.519999999999998637e-06,0.000000000000000000e+00
9.539999999999998446e-06,0.000000000000000000e+00
9.559999999999998254e-06,0.000000000000000000e+00
9.579999999999998063e-06,2.000000000000000042e-02
9.600000000000001260e-06,2.000000000000000042e-02
9.620000000000001068e-06,0.000000000000000000e+00
9.640000000000000877e-06,2.000000000000000042e-02
9.660000000000000685e-06,2.000000000000000042e-02
9.680000000000000494e-06,2.000000000000000042e-02
9.700000000000000302e-06,2.000000000000000042e-02
9.720000000000000111e-06,2.000000000000000042e-02
9.739999999999999919e-06,-2.000000000000000042e-02
9.759999999999999728e-06,0.000000000000000000e+00
9.779999999999999536e-06,2.000000000000000042e-02
9.799999999999999345e-06,2.000000000000000042e-02
9.819999999999999153e-06,-2.000000000000000042e-02
9.839999999999998962e-06,2.000000000000000042e-02
9.859999999999998770e-06,2.000000000000000042e-02
9.879999999999998579e-06,2.000000000000000042e-02
9.899999999999998387e-06,2.000000000000000042e-02
9.919999999999998196e-06,-2.000000000000000042e-02
9.939999999999998004e-06,2.000000000000000042e-02
9.960000000000001201e-06,4.000000000000000083e-02
9.980000000000001010e-06,2.000000000000000042e-02
1.000000000000000082e-05,2.000000000000000042e-02
1.002000000000000063e-05,4.000000000000000083e-02
1.004000000000000044e-05,0.000000000000000000e+00
1.006000000000000024e-05,0.000000000000000000e+00
1.008000000000000005e-05,0.000000000000000000e+00
1.009999999999999986e-05,0.000000000000000000e+00
1.011999999999999967e-05,2.000000000000000042e-02
1.013999999999999948e-05,-2.000000000000000042e-02
1.015999999999999929e-05,2.000000000000000042e-02
1.017999999999999909e-05,0.000000000000000000e+00
1.019999999999999890e-05,0.000000000000000000e+00
1.021999999999999871e-05,0.000000000000000000e+00
1.023999999999999852e-05,4.000000000000000083e-02
1.025999999999999833e-05,0.000000000000000000e+00
1.027999999999999814e-05,-2.000000000000000042e-02
1.029999999999999795e-05,2.000000000000000042e-02
1.032000000000000114e-05,0.000000000000000000e+00
1.034000000000000095e-05,4.000000000000000083e-02
1.036000000000000076e-05,2.000000000000000042e-02
1.038000000000000057e-05,0.000000000000000000e+00
1.040000000000000038e-05,-2.000000000000000042e-02
1.042000000000000018e-05,0.000000000000000000e+00
1.043999999999999999e-05,0.000000000000000000e+00
1.045999999999999980e-05,-2.000000000000000042e-02
1.047999999999999961e-05,0.000000000000000000e+00
1.049999999999999942e-05,0.000000000000000000e+00
1.051999999999999923e-05,2.000000000000000042e-02
1.053999999999999904e-05,2.000000000000000042e-02
1.055999999999999884e-05,0.000000000000000000e+00
1.057999999999999865e-05,0.000000000000000000e+00
1.059999999999999846e-05,0.000000000000000000e+00
1.061999999999999827e-05,2.000000000000000042e-02
1.063999999999999808e-05,2.000000000000000042e-02
1.066000000000000128e-05,0.000000000000000000e+00
1.068000000000000108e-05,0.000000000000000000e+00
1.070000000000000089e-05,4.000000000000000083e-02
1.072000000000000070e-05,2.000000000000000042e-02
1.074000000000000051e-05,2.000000000000000042e-02
1.076000000000000032e-05,0.000000000000000000e+00
1.078000000000000013e-05,0.000000000000000000e+00
1.079999999999999993e-05,2.000000000000000042e-02
1.081999999999999974e-05,2.000000000000000042e-02
1.083999999999999955e-05,0.000000000000000000e+00
1.085999999999999936e-05,0.000000000000000000e+00
1.087999999999999917e-05,2.000000000000000042e-02
1.089999999999999898e-05,0.000000000000000000e+00
1.091999999999999879e-05,4.000000000000000083e-02
1.093999999999999859e-05,4.000000000000000083e-02
1.095999999999999840e-05,0.000000000000000000e+00
1.097999999999999821e-05,0.000000000000000000e+00
1.099999999999999802e-05,0.000000000000000000e+00
1.102000000000000122e-05,0.000000000000000000e+00
1.104000000000000103e-05,-2.000000000000000042e-02
1.106000000000000083e-05,0.000000000000000000e+00
1.108000000000000064e-05,2.000000000000000042e-02
1.110000000000000045e-05,0.000000000000000000e+00
1.112000000000000026e-05,2.000000000000000042e-02
1.114000000000000007e-05,0.000000000000000000e+00
1.115999999999999988e-05,0.000000000000000000e+00
1.117999999999999968e-05,0.000000000000000000e+00
1.119999999999999949e-05,2.000000000000000042e-02
1.121999999999999930e-05,0.000000000000000000e+00
1.123999999999999911e-05,0.000000000000000000e+00
1.125999999999999892e-05,2.000000000000000042e-02
1.127999999999999873e-05,2.000000000000000042e-02
1.129999999999999854e-05,0.000000000000000000e+00
1.131999999999999834e-05,0.000000000000000000e+00
1.133999999999999815e-05,2.000000000000000042e-02
1.135999999999999796e-05,2.000000000000000042e-02
1.138000000000000116e-05,2.000000000000000042e-02
1.140000000000000097e-05,-4.000000000000000083e-02
1.142000000000000077e-05,0.000000000000000000e+00
1.144000000000000058e-05,0.000000000000000000e+00
1.146000000000000039e-05,2.000000000000000042e-02
1.148000000000000020e-05,2.000000000000000042e-02
1.150000000000000001e-05,0.000000000000000000e+00
1.151999999999999982e-05,0.000000000000000000e+00
1.153999999999999963e-05,0.000000000000000000e+00
1.155999999999999943e-05,2.000000000000000042e-02
1.157999999999999924e-05,0.000000000000000000e+00
1.159999999999999905e-05,0.000000000000000000e+00
1.161999999999999886e-05,-2.000000000000000042e-02
1.163999999999999867e-05,0.000000000000000000e+00
1.165999999999999848e-05,-2.000000000000000042e-02
1.167999999999999829e-05,2.000000000000000042e-02
1.169999999999999809e-05,2.000000000000000042e-02
1.172000000000000129e-05,-2.000000000000000042e-02
1.174000000000000110e-05,0.000000000000000000e+00
1.176000000000000091e-05,0.000000000000000000e+00
1.178000000000000072e-05,0.000000000000000000e+00
1.180000000000000052e-05,-2.000000000000000042e-02
1.182000000000000033e-05,0.000000000000000000e+00
1.184000000000000014e-05,4.000000000000000083e-02
1.185999999999999995e-05,2.000000000000000042e-02
1.187999999999999976e-05,0.000000000000000000e+00
1.189999999999999957e-05,2.000000000000000042e-02
1.191999999999999938e-05,2.000000000000000042e-02
1.193999999999999918e-05,2.000000000000000042e-02
1.195999999999999899e-05,2.000000000000000042e-02
1.197999999999999880e-05,0.000000000000000000e+00
1.199999999999999861e-05,-2.000000000000000042e-02
1.201999999999999842e-05,0.000000000000000000e+00
1.203999999999999823e-05,0.000000000000000000e+00
1.205999999999999804e-05,0.000000000000000000e+00
1.208000000000000123e-05,0.000000000000000000e+00
1.210000000000000104e-05,-2.000000000000000042e-02
1.212000000000000085e-05,-2.000000000000000042e-02
1.214000000000000066e-05,-2.000000000000000042e-02
1.216000000000000047e-05,-2.000000000000000042e-02
1.218000000000000027e-05,2.000000000000000042e-02
1.220000000000000008e-05,-2.000000000000000042e-02
1.221999999999999989e-05,4.000000000000000083e-02
1.223999999999999970e-05,0.000000000000000000e+00
1.225999999999999951e-05,0.000000000000000000e+00
1.227999999999999932e-05,0.000000000000000000e+00
1.229999999999999913e-05,0.000000000000000000e+00
1.231999999999999893e-05,2.000000000000000042e-02
1.233999999999999874e-05,-2.000000000000000042e-02
1.235999999999999855e-05,0.000000000000000000e+00
1.237999999999999836e-05,-2.000000000000000042e-02
1.239999999999999817e-05,2.000000000000000042e-02
1.241999999999999798e-05,0.000000000000000000e+00
1.244000000000000117e-05,0.000000000000000000e+00
1.246000000000000098e-05,-2.000000000000000042e-02
1.248000000000000079e-05,0.000000000000000000e+00
1.250000000000000060e-05,2.000000000000000042e-02
1.252000000000000041e-05,2.000000000000000042e-02
1.254000000000000022e-05,-2.000000000000000042e-02
1.256000000000000002e-05,-4.000000000000000083e-02
1.257999999999999983e-05,2.000000000000000042e-02
1.259999999999999964e-05,0.000000000000000000e+00
1.261999999999999945e-05,0.000000000000000000e+00
1.263999999999999926e-05,-2.000000000000000042e-02
1.265999999999999907e-05,0.000000000000000000e+00
1.267999999999999888e-05,2.000000000000000042e-02
1.269999999999999868e-05,0.000000000000000000e+00
1.271999999999999849e-05,-2.000000000000000042e-02
1.273999999999999830e-05,-2.000000000000000042e-02
1.275999999999999811e-05,-2.000000000000000042e-02
1.278000000000000131e-05,2.000000000000000042e-02
1.280000000000000111e-05,0.000000000000000000e+00
1.282000000000000092e-05,-2.000000000000000042e-02
1.284000000000000073e-05,-2.000000000000000042e-02
1.286000000000000054e-05,0.000000000000000000e+00
1.288000000000000035e-05,0.000000000000000000e+00
1.290000000000000016e-05,0.000000000000000000e+00
1.291999999999999997e-05,2.000000000000000042e-02
1.293999999999999977e-05,0.000000000000000000e+00
1.295999999999999958e-05,-2.000000000000000042e-02
1.297999999999999939e-05,-2.000000000000000042e-02
1.299999999999999920e-05,0.000000000000000000e+00
1.301999999999999901e-05,-2.000000000000000042e-02
1.303999999999999882e-05,-2.000000000000000042e-02
1.305999999999999863e-05,0.000000000000000000e+00
1.307999999999999843e-05,-2.000000000000000042e-02
1.309999999999999824e-05,2.000000000000000042e-02
1.311999999999999805e-05,-2.000000000000000042e-02
1.314000000000000125e-05,0.000000000000000000e+00
1.316000000000000106e-05,-2.000000000000000042e-02
1.318000000000000086e-05,0.000000000000000000e+00
1.320000000000000067e-05,-2.000000000000000042e-02
1.322000000000000048e-05,0.000000000000000000e+00
1.324000000000000029e-05,0.000000000000000000e+00
1.326000000000000010e-05,2.000000000000000042e-02
1.327999999999999991e-05,-2.000000000000000042e-02
1.329999999999999972e-05,-2.000000000000000042e-02
1.331999999999999952e-05,0.000000000000000000e+00
1.333999999999999933e-05,0.000000000000000000e+00
1.335999999999999914e-05,2.000000000000000042e-02
1.337999999999999895e-05,-4.000000000000000083e-02
1.339999999999999876e-05,-2.000000000000000042e-02
1.341999999999999857e-05,-2.000000000000000042e-02
1.343999999999999838e-05,2.000000000000000042e-02
1.345999999999999818e-05,0.000000000000000000e+00
1.347999999999999799e-05,0.000000000000000000e+00
1.350000000000000119e-05,-2.000000000000000042e-02
1.352000000000000100e-05,0.000000000000000000e+00
1.354000000000000081e-05,2.000000000000000042e-02
1.356000000000000061e-05,0.000000000000000000e+00
1.358000000000000042e-05,0.000000000000000000e+00
1.360000000000000023e-05,0.000000000000000000e+00
1.362000000000000004e-05,0.000000000000000000e+00
1.363999999999999985e-05,0.000000000000000000e+00
1.365999999999999966e-05,0.000000000000000000e+00
1.367999999999999947e-05,0.000000000000000000e+00
1.369999999999999927e-05,-2.000000000000000042e-02
1.371999999999999908e-05,0.000000000000000000e+00
1.373999999999999889e-05,2.000000000000000042e-02
1.375999999999999870e-05,0.000000000000000000e+00
1.377999999999999851e-05,0.000000000000000000e+00
1.379999999999999832e-05,-2.000000000000000042e-02
1.381999999999999813e-05,0.000000000000000000e+00
1.384000000000000132e-05,0.000000000000000000e+00
1.386000000000000113e-05,0.000000000000000000e+00
1.388000000000000094e-05,0.000000000000000000e+00
1.390000000000000075e-05,2.000000000000000042e-02
1.392000000000000056e-05,2.000000000000000042e-02
1.394000000000000036e-05,2.000000000000000042e-02
1.396000000000000017e-05,2.000000000000000042e-02
1.397999999999999998e-05,0.000000000000000000e+00
1.399999999999999979e-05,-2.000000000000000042e-02
1.401999999999999960e-05,4.000000000000000083e-02
1.403999999999999941e-05,0.000000000000000000e+00
1.405999999999999922e-05,0.000000000000000000e+00
1.407999999999999902e-05,0.000000000000000000e+00
1.409999999999999883e-05,-2.000000000000000042e-02
1.411999999999999864e-05,2.000000000000000042e-02
1.413999999999999845e-05,-2.000000000000000042e-02
1.415999999999999826e-05,2.000000000000000042e-02
1.417999999999999807e-05,0.000000000000000000e+00
1.420000000000000126e-05,2.000000000000000042e-02
1.422000000000000107e-05,0.000000000000000000e+00
1.424000000000000088e-05,2.000000000000000042e-02
1.426000000000000069e-05,0.000000000000000000e+00
1.428000000000000050e-05,0.000000000000000000e+00
1.430000000000000031e-05,0.000000000000000000e+00
1.432000000000000011e-05,2.000000000000000042e-02
1.433999999999999992e-05,-2.000000000000000042e-02
1.435999999999999973e-05,-2.000000000000000042e-02
1.437999999999999954e-05,0.000000000000000000e+00
1.439999999999999935e-05,2.000000000000000042e-02
1.441999999999999916e-05,0.000000000000000000e+00
1.443999999999999897e-05,-2.000000000000000042e-02
1.445999999999999877e-05,2.000000000000000042e-02
1.447999999999999858e-05,0.000000000000000000e+00
1.449999999999999839e-05,0.000000000000000000e+00
1.451999999999999820e-05,0.000000000000000000e+00
1.453999999999999801e-05,0.000000000000000000e+00
1.456000000000000120e-05,0.000000000000000000e+00
1.458000000000000101e-05,-2.000000000000000042e-02
1.460000000000000082e-05,2.000000000000000042e-02
1.462000000000000063e-05,0.000000000000000000e+00
1.464000000000000044e-05,0.000000000000000000e+00
1.466000000000000025e-05,2.000000000000000042e-02
1.468000000000000006e-05,2.000000000000000042e-02
1.469999999999999986e-05,0.000000000000000000e+00
1.471999999999999967e-05,0.000000000000000000e+00
1.473999999999999948e-05,0.000000000000000000e+00
1.475999999999999929e-05,2.000000000000000042e-02
1.477999999999999910e-05,0.000000000000000000e+00
1.479999999999999891e-05,0.000000000000000000e+00
1.481999999999999872e-05,0.000000000000000000e+00
1.483999999999999852e-05,-2.000000000000000042e-02
1.485999999999999833e-05,2.000000000000000042e-02
1.487999999999999814e-05,2.000000000000000042e-02
1.490000000000000134e-05,2.000000000000000042e-02
1.492000000000000115e-05,0.000000000000000000e+00
1.494000000000000095e-05,0.000000000000000000e+00
1.496000000000000076e-05,0.000000000000000000e+00
1.498000000000000057e-05,-2.000000000000000042e-02
1.500000000000000038e-05,0.000000000000000000e+00
1.502000000000000019e-05,-2.000000000000000042e-02
1.504000000000000000e-05,2.000000000000000042e-02
1.505999999999999981e-05,2.000000000000000042e-02
1.507999999999999961e-05,-2.000000000000000042e-02
1.509999999999999942e-05,-2.000000000000000042e-02
1.511999999999999923e-05,0.000000000000000000e+00
1.513999999999999904e-05,-2.000000000000000042e-02
1.515999999999999885e-05,0.000000000000000000e+00
1.517999999999999866e-05,0.000000000000000000e+00
1.519999999999999847e-05,0.000000000000000000e+00
1.521999999999999827e-05,2.000000000000000042e-02
1.523999999999999808e-05,0.000000000000000000e+00
1.525999999999999958e-05,0.000000000000000000e+00
1.528000000000000278e-05,0.000000000000000000e+00
1.529999999999999920e-05,0.000000000000000000e+00
1.532000000000000240e-05,0.000000000000000000e+00
1.533999999999999882e-05,0.000000000000000000e+00
1.536000000000000202e-05,0.000000000000000000e+00
1.537999999999999844e-05,0.000000000000000000e+00
1.540000000000000163e-05,0.000000000000000000e+00
1.541999999999999805e-05,2.000000000000000042e-02
1.544000000000000125e-05,-2.000000000000000042e-02
1.545999999999999767e-05,-2.000000000000000042e-02
1.548000000000000087e-05,-2.000000000000000042e-02
1.549999999999999729e-05,0.000000000000000000e+00
1.552000000000000048e-05,2.000000000000000042e-02
1.553999999999999690e-05,0.000000000000000000e+00
1.556000000000000010e-05,-2.000000000000000042e-02
1.557999999999999652e-05,-2.000000000000000042e-02
1.559999999999999972e-05,2.000000000000000042e-02
1.562000000000000291e-05,0.000000000000000000e+00
1.563999999999999933e-05,0.000000000000000000e+00
1.566000000000000253e-05,0.000000000000000000e+00
1.567999999999999895e-05,-4.000000000000000083e-02
1.570000000000000215e-05,0.000000000000000000e+00
1.571999999999999857e-05,0.000000000000000000e+00
1.574000000000000177e-05,-2.000000000000000042e-02
1.575999999999999819e-05,-2.000000000000000042e-02
1.578000000000000138e-05,0.000000000000000000e+00
1.579999999999999780e-05,0.000000000000000000e+00
1.582000000000000100e-05,0.000000000000000000e+00
1.583999999999999742e-05,2.000000000000000042e-02
1.586000000000000062e-05,-2.000000000000000042e-02
1.587999999999999704e-05,2.000000000000000042e-02
1.590000000000000023e-05,0.000000000000000000e+00
1.591999999999999665e-05,2.000000000000000042e-02
1.593999999999999985e-05,0.000000000000000000e+00
1.596000000000000305e-05,-2.000000000000000042e-02
1.597999999999999947e-05,0.000000000000000000e+00
1.600000000000000266e-05,0.000000000000000000e+00
1.601999999999999908e-05,0.000000000000000000e+00
1.604000000000000228e-05,-2.000000000000000042e-02
1.605999999999999870e-05,2.000000000000000042e-02
1.608000000000000190e-05,0.000000000000000000e+00
1.609999999999999832e-05,0.000000000000000000e+00
1.612000000000000152e-05,0.000000000000000000e+00
1.613999999999999794e-05,0.000000000000000000e+00
1.616000000000000113e-05,2.000000000000000042e-02
1.617999999999999755e-05,2.000000000000000042e-02
1.620000000000000075e-05,0.000000000000000000e+00
1.621999999999999717e-05,-4.000000000000000083e-02
1.624000000000000037e-05,0.000000000000000000e+00
1.625999999999999679e-05,0.000000000000000000e+00
1.627999999999999998e-05,2.000000000000000042e-02
1.629999999999999640e-05,0.000000000000000000e+00
1.631999999999999960e-05,0.000000000000000000e+00
1.634000000000000280e-05,-2.000000000000000042e-02
1.635999999999999922e-05,2.000000000000000042e-02
1.638000000000000241e-05,-2.000000000000000042e-02
1.639999999999999883e-05,-2.000000000000000042e-02
1.642000000000000203e-05,-2.000000000000000042e-02
1.643999999999999845e-05,0.000000000000000000e+00
1.646000000000000165e-05,0.000000000000000000e+00
1.647999999999999807e-05,0.000000000000000000e+00
1.650000000000000127e-05,-2.000000000000000042e-02
1.651999999999999769e-05,-2.000000000000000042e-02
1.654000000000000088e-05,0.000000000000000000e+00
1.655999999999999730e-05,0.000000000000000000e+00
1.658000000000000050e-05,0.000000000000000000e+00
1.659999999999999692e-05,0.000000000000000000e+00
1.662000000000000012e-05,-2.000000000000000042e-02
1.663999999999999654e-05,4.000000000000000083e-02
1.665999999999999973e-05,0.000000000000000000e+00
1.668000000000000293e-05,2.000000000000000042e-02
1.669999999999999935e-05,0.000000000000000000e+00
1.672000000000000255e-05,-2.000000000000000042e-02
1.673999999999999897e-05,0.000000000000000000e+00
1.676000000000000216e-05,2.000000000000000042e-02
1.677999999999999858e-05,0.000000000000000000e+00
1.680000000000000178e-05,-4.000000000000000083e-02
1.681999999999999820e-05,0.000000000000000000e+00
1.684000000000000140e-05,0.000000000000000000e+00
1.685999999999999782e-05,-2.000000000000000042e-02
1.688000000000000101e-05,-2.000000000000000042e-02
1.689999999999999744e-05,0.000000000000000000e+00
1.692000000000000063e-05,-2.000000000000000042e-02
1.693999999999999705e-05,-2.000000000000000042e-02
1.696000000000000025e-05,0.000000000000000000e+00
1.697999999999999667e-05,0.000000000000000000e+00
1.699999999999999987e-05,-2.000000000000000042e-02
1.702000000000000306e-05,2.000000000000000042e-02
1.703999999999999948e-05,-2.000000000000000042e-02
1.706000000000000268e-05,0.000000000000000000e+00
1.707999999999999910e-05,-2.000000000000000042e-02
1.710000000000000230e-05,0.000000000000000000e+00
1.711999999999999872e-05,-4.000000000000000083e-02
1.714000000000000191e-05,-2.000000000000000042e-02
1.715999999999999833e-05,-2.000000000000000042e-02
1.718000000000000153e-05,0.000000000000000000e+00
1.719999999999999795e-05,2.000000000000000042e-02
1.722000000000000115e-05,2.000000000000000042e-02
1.723999999999999757e-05,-2.000000000000000042e-02
1.726000000000000076e-05,0.000000000000000000e+00
1.727999999999999719e-05,-2.000000000000000042e-02
1.730000000000000038e-05,2.000000000000000042e-02
1.731999999999999680e-05,0.000000000000000000e+00
1.734000000000000000e-05,-2.000000000000000042e-02
1.735999999999999642e-05,-2.000000000000000042e-02
1.737999999999999962e-05,0.000000000000000000e+00
1.740000000000000281e-05,4.000000000000000083e-02
1.741999999999999923e-05,-2.000000000000000042e-02
1.744000000000000243e-05,0.000000000000000000e+00
1.745999999999999885e-05,-2.000000000000000042e-02
1.748000000000000205e-05,-2.000000000000000042e-02
1.749999999999999847e-05,2.000000000000000042e-02
1.752000000000000166e-05,2.000000000000000042e-02
1.753999999999999808e-05,-2.000000000000000042e-02
1.756000000000000128e-05,-4.000000000000000083e-02
1.757999999999999770e-05,0.000000000000000000e+00
1.760000000000000090e-05,0.000000000000000000e+00
1.761999999999999732e-05,0.000000000000000000e+00
1.764000000000000051e-05,0.000000000000000000e+00
1.765999999999999694e-05,-2.000000000000000042e-02
1.768000000000000013e-05,0.000000000000000000e+00
1.769999999999999655e-05,2.000000000000000042e-02
1.771999999999999975e-05,0.000000000000000000e+00
1.774000000000000295e-05,-2.000000000000000042e-02
1.775999999999999937e-05,0.000000000000000000e+00
1.778000000000000256e-05,2.000000000000000042e-02
1.779999999999999898e-05,0.000000000000000000e+00
1.782000000000000218e-05,0.000000000000000000e+00
1.783999999999999860e-05,-2.000000000000000042e-02
1.786000000000000180e-05,0.000000000000000000e+00
1.787999999999999822e-05,0.000000000000000000e+00
1.790000000000000141e-05,-2.000000000000000042e-02
1.791999999999999783e-05,-2.000000000000000042e-02
1.794000000000000103e-05,-2.000000000000000042e-02
1.795999999999999745e-05,0.000000000000000000e+00
1.798000000000000065e-05,0.000000000000000000e+00
1.799999999999999707e-05,-2.000000000000000042e-02
1.802000000000000026e-05,-2.000000000000000042e-02
1.803999999999999668e-05,-4.000000000000000083e-02
1.805999999999999988e-05,-4.000000000000000083e-02
1.808000000000000308e-05,-2.000000000000000042e-02
1.809999999999999950e-05,0.000000000000000000e+00
1.812000000000000270e-05,0.000000000000000000e+00
1.813999999999999912e-05,0.000000000000000000e+00
1.816000000000000231e-05,2.000000000000000042e-02
1.817999999999999873e-05,0.000000000000000000e+00
1.820000000000000193e-05,-2.000000000000000042e-02
1.821999999999999835e-05,2.000000000000000042e-02
1.824000000000000155e-05,-2.000000000000000042e-02
1.825999999999999797e-05,0.000000000000000000e+00
1.828000000000000116e-05,0.000000000000000000e+00
1.829999999999999758e-05,-4.000000000000000083e-02
1.832000000000000078e-05,-2.000000000000000042e-02
1.833999999999999720e-05,0.000000000000000000e+00
1.836000000000000040e-05,0.000000000000000000e+00
1.837999999999999682e-05,-2.000000000000000042e-02
1.840000000000000001e-05,-2.000000000000000042e-02
1.841999999999999643e-05,0.000000000000000000e+00
1.843999999999999963e-05,-2.000000000000000042e-02
1.846000000000000283e-05,-2.000000000000000042e-02
1.847999999999999925e-05,-2.000000000000000042e-02
1.850000000000000245e-05,-2.000000000000000042e-02
1.851999999999999887e-05,0.000000000000000000e+00
1.854000000000000206e-05,-2.000000000000000042e-02
1.855999999999999848e-05,2.000000000000000042e-02
1.858000000000000168e-05,-2.000000000000000042e-02
1.859999999999999810e-05,-4.000000000000000083e-02
1.862000000000000130e-05,-2.000000000000000042e-02
1.863999999999999772e-05,0.000000000000000000e+00
1.866000000000000091e-05,-2.000000000000000042e-02
1.867999999999999733e-05,-2.000000000000000042e-02
1.870000000000000053e-05,-2.000000000000000042e-02
1.871999999999999695e-05,0.000000000000000000e+00
1.874000000000000015e-05,-2.000000000000000042e-02
1.875999999999999657e-05,0.000000000000000000e+00
1.877999999999999976e-05,-2.000000000000000042e-02
1.880000000000000296e-05,0.000000000000000000e+00
1.881999999999999938e-05,-4.000000000000000083e-02
1.884000000000000258e-05,-2.000000000000000042e-02
1.885999999999999900e-05,0.000000000000000000e+00
1.888000000000000219e-05,-4.000000000000000083e-02
1.889999999999999862e-05,0.000000000000000000e+00
1.892000000000000181e-05,-2.000000000000000042e-02
1.893999999999999823e-05,-2.000000000000000042e-02
1.896000000000000143e-05,0.000000000000000000e+00
1.897999999999999785e-05,-4.000000000000000083e-02
1.900000000000000105e-05,0.000000000000000000e+00
1.901999999999999747e-05,-2.000000000000000042e-02
1.904000000000000066e-05,-2.000000000000000042e-02
1.905999999999999708e-05,-2.000000000000000042e-02
1.908000000000000028e-05,-2.000000000000000042e-02
1.909999999999999670e-05,-4.000000000000000083e-02
1.911999999999999990e-05,-2.000000000000000042e-02
1.914000000000000309e-05,0.000000000000000000e+00
1.915999999999999951e-05,-4.000000000000000083e-02
1.918000000000000271e-05,-2.000000000000000042e-02
1.919999999999999913e-05,0.000000000000000000e+00
1.922000000000000233e-05,-2.000000000000000042e-02
1.923999999999999875e-05,-2.000000000000000042e-02
1.926000000000000194e-05,0.000000000000000000e+00
1.927999999999999837e-05,-2.000000000000000042e-02
1.930000000000000156e-05,-4.000000000000000083e-02
1.931999999999999798e-05,-5.999999999999999778e-02
1.934000000000000118e-05,-2.000000000000000042e-02
1.935999999999999760e-05,-2.000000000000000042e-02
1.938000000000000080e-05,0.000000000000000000e+00
1.939999999999999722e-05,0.000000000000000000e+00
1.942000000000000041e-05,0.000000000000000000e+00
1.943999999999999683e-05,-2.000000000000000042e-02
1.946000000000000003e-05,-2.000000000000000042e-02
1.947999999999999645e-05,0.000000000000000000e+00
1.949999999999999965e-05,0.000000000000000000e+00
1.952000000000000284e-05,-2.000000000000000042e-02
1.953999999999999926e-05,-2.000000000000000042e-02
1.956000000000000246e-05,0.000000000000000000e+00
1.957999999999999888e-05,-2.000000000000000042e-02
1.960000000000000208e-05,-2.000000000000000042e-02
1.961999999999999850e-05,0.000000000000000000e+00
1.964000000000000169e-05,-2.000000000000000042e-02
1.965999999999999812e-05,-2.000000000000000042e-02
1.968000000000000131e-05,0.000000000000000000e+00
1.969999999999999773e-05,2.000000000000000042e-02
1.972000000000000093e-05,-4.000000000000000083e-02
1.973999999999999735e-05,-2.000000000000000042e-02
1.976000000000000055e-05,2.000000000000000042e-02
1.977999999999999697e-05,0.000000000000000000e+00
1.980000000000000016e-05,2.000000000000000042e-02
1.981999999999999658e-05,0.000000000000000000e+00
1.983999999999999978e-05,-2.000000000000000042e-02
1.986000000000000298e-05,2.000000000000000042e-02
1.987999999999999940e-05,2.000000000000000042e-02
1.990000000000000259e-05,-2.000000000000000042e-02
1.991999999999999901e-05,-2.000000000000000042e-02
1.994000000000000221e-05,-2.000000000000000042e-02
1.995999999999999863e-05,-2.000000000000000042e-02
1.998000000000000183e-05,2.000000000000000042e-02
1.999999999999999825e-05,0.000000000000000000e+00
2.002000000000000144e-05,-2.000000000000000042e-02
2.003999999999999786e-05,-2.000000000000000042e-02
2.006000000000000106e-05,-2.000000000000000042e-02
2.007999999999999748e-05,-2.000000000000000042e-02
2.010000000000000068e-05,-2.000000000000000042e-02
2.011999999999999710e-05,0.000000000000000000e+00
2.014000000000000030e-05,4.000000000000000083e-02
2.015999999999999672e-05,-2.000000000000000042e-02
2.017999999999999991e-05,-2.000000000000000042e-02
2.020000000000000311e-05,0.000000000000000000e+00
2.021999999999999953e-05,0.000000000000000000e+00
2.024000000000000273e-05,2.000000000000000042e-02
2.025999999999999915e-05,0.000000000000000000e+00
2.028000000000000234e-05,-2.000000000000000042e-02
2.029999999999999876e-05,-2.000000000000000042e-02
2.032000000000000196e-05,-2.000000000000000042e-02
2.033999999999999838e-05,0.000000000000000000e+00
2.036000000000000158e-05,-4.000000000000000083e-02
2.037999999999999800e-05,-2.000000000000000042e-02
2.040000000000000119e-05,0.000000000000000000e+00
2.041999999999999761e-05,-2.000000000000000042e-02
2.044000000000000081e-05,0.000000000000000000e+00
2.045999999999999723e-05,-2.000000000000000042e-02
2.048000000000000043e-05,-4.000000000000000083e-02
2.049999999999999685e-05,0.000000000000000000e+00
2.052000000000000005e-05,0.000000000000000000e+00
2.054000000000000324e-05,0.000000000000000000e+00
2.055999999999999966e-05,2.000000000000000042e-02
2.058000000000000286e-05,-2.000000000000000042e-02
2.059999999999999928e-05,2.000000000000000042e-02
2.062000000000000248e-05,0.000000000000000000e+00
2.063999999999999890e-05,0.000000000000000000e+00
2.066000000000000209e-05,0.000000000000000000e+00
2.067999999999999851e-05,0.000000000000000000e+00
2.070000000000000171e-05,2.000000000000000042e-02
2.072000000000000491e-05,0.000000000000000000e+00
2.074000000000000133e-05,0.000000000000000000e+00
2.076000000000000452e-05,-2.000000000000000042e-02
2.078000000000000094e-05,0.000000000000000000e+00
2.080000000000000414e-05,-2.000000000000000042e-02
2.082000000000000056e-05,-2.000000000000000042e-02
2.084000000000000376e-05,0.000000000000000000e+00
2.086000000000000018e-05,-2.000000000000000042e-02
2.088000000000000338e-05,0.000000000000000000e+00
2.089999999999999980e-05,-2.000000000000000042e-02
2.092000000000000299e-05,-2.000000000000000042e-02
2.093999999999999941e-05,-2.000000000000000042e-02
2.096000000000000261e-05,-4.000000000000000083e-02
2.097999999999999903e-05,-2.000000000000000042e-02
2.100000000000000223e-05,-2.000000000000000042e-02
2.101999999999999865e-05,-2.000000000000000042e-02
2.104000000000000184e-05,-2.000000000000000042e-02
2.105999999999999826e-05,-2.000000000000000042e-02
2.108000000000000146e-05,-5.999999999999999778e-02
2.110000000000000466e-05,-2.000000000000000042e-02
2.112000000000000108e-05,-4.000000000000000083e-02
2.114000000000000427e-05,-2.000000000000000042e-02
2.116000000000000069e-05,0.000000000000000000e+00
2.118000000000000389e-05,2.000000000000000042e-02
2.120000000000000031e-05,-4.000000000000000083e-02
2.122000000000000351e-05,-4.000000000000000083e-02
2.123999999999999993e-05,-4.000000000000000083e-02
2.126000000000000312e-05,-2.000000000000000042e-02
2.127999999999999955e-05,-4.000000000000000083e-02
2.130000000000000274e-05,-2.000000000000000042e-02
2.131999999999999916e-05,-2.000000000000000042e-02
2.134000000000000236e-05,0.000000000000000000e+00
2.135999999999999878e-05,0.000000000000000000e+00
2.138000000000000198e-05,-2.000000000000000042e-02
2.139999999999999840e-05,-2.000000000000000042e-02
2.142000000000000159e-05,0.000000000000000000e+00
2.144000000000000479e-05,-2.000000000000000042e-02
2.146000000000000121e-05,-2.000000000000000042e-02
2.148000000000000441e-05,0.000000000000000000e+00
2.150000000000000083e-05,-4.000000000000000083e-02
2.152000000000000402e-05,-2.000000000000000042e-02
2.154000000000000044e-05,-2.000000000000000042e-02
2.156000000000000364e-05,-2.000000000000000042e-02
2.158000000000000006e-05,-2.000000000000000042e-02
2.160000000000000326e-05,0.000000000000000000e+00
2.161999999999999968e-05,-2.000000000000000042e-02
2.164000000000000287e-05,-4.000000000000000083e-02
2.165999999999999930e-05,0.000000000000000000e+00
2.168000000000000249e-05,-4.000000000000000083e-02
2.169999999999999891e-05,-2.000000000000000042e-02
2.172000000000000211e-05,0.000000000000000000e+00
2.173999999999999853e-05,2.000000000000000042e-02
2.176000000000000173e-05,-2.000000000000000042e-02
2.178000000000000492e-05,0.000000000000000000e+00
2.180000000000000134e-05,-2.000000000000000042e-02
2.182000000000000454e-05,0.000000000000000000e+00
2.184000000000000096e-05,2.000000000000000042e-02
2.186000000000000416e-05,0.000000000000000000e+00
2.188000000000000058e-05,0.000000000000000000e+00
2.190000000000000377e-05,-2.000000000000000042e-02
2.192000000000000019e-05,-4.000000000000000083e-02
2.194000000000000339e-05,2.000000000000000042e-02
2.195999999999999981e-05,-2.000000000000000042e-02
2.198000000000000301e-05,-4.000000000000000083e-02
2.199999999999999943e-05,-4.000000000000000083e-02
2.202000000000000262e-05,-2.000000000000000042e-02
2.203999999999999905e-05,-2.000000000000000042e-02
2.206000000000000224e-05,-2.000000000000000042e-02
2.207999999999999866e-05,-2.000000000000000042e-02
2.210000000000000186e-05,-2.000000000000000042e-02
2.211999999999999828e-05,2.000000000000000042e-02
2.214000000000000148e-05,0.000000000000000000e+00
2.216000000000000467e-05,-2.000000000000000042e-02
2.218000000000000109e-05,-2.000000000000000042e-02
2.220000000000000429e-05,-2.000000000000000042e-02
2.222000000000000071e-05,2.000000000000000042e-02
2.224000000000000391e-05,-2.000000000000000042e-02
2.226000000000000033e-05,-2.000000000000000042e-02
2.228000000000000352e-05,-2.000000000000000042e-02
2.229999999999999994e-05,0.000000000000000000e+00
2.232000000000000314e-05,-4.000000000000000083e-02
2.233999999999999956e-05,-2.000000000000000042e-02
2.236000000000000276e-05,-2.000000000000000042e-02
2.237999999999999918e-05,0.000000000000000000e+00
2.240000000000000237e-05,0.000000000000000000e+00
2.241999999999999879e-05,0.000000000000000000e+00
2.244000000000000199e-05,-2.000000000000000042e-02
2.245999999999999841e-05,0.000000000000000000e+00
2.248000000000000161e-05,0.000000000000000000e+00
2.250000000000000481e-05,-2.000000000000000042e-02
2.252000000000000123e-05,2.000000000000000042e-02
2.254000000000000442e-05,0.000000000000000000e+00
2.256000000000000084e-05,-4.000000000000000083e-02
2.258000000000000404e-05,2.000000000000000042e-02
2.260000000000000046e-05,0.000000000000000000e+00
2.262000000000000366e-05,-2.000000000000000042e-02
2.264000000000000008e-05,-2.000000000000000042e-02
2.266000000000000327e-05,0.000000000000000000e+00
2.267999999999999969e-05,2.000000000000000042e-02
2.270000000000000289e-05,0.000000000000000000e+00
2.271999999999999931e-05,-2.000000000000000042e-02
2.274000000000000251e-05,-2.000000000000000042e-02
2.275999999999999893e-05,0.000000000000000000e+00
2.278000000000000212e-05,-2.000000000000000042e-02
2.279999999999999854e-05,-2.000000000000000042e-02
2.282000000000000174e-05,-2.000000000000000042e-02
2.284000000000000494e-05,-4.000000000000000083e-02
2.286000000000000136e-05,-2.000000000000000042e-02
2.288000000000000456e-05,-4.000000000000000083e-02
2.290000000000000098e-05,-2.000000000000000042e-02
2.292000000000000417e-05,-4.000000000000000083e-02
2.294000000000000059e-05,-4.000000000000000083e-02
2.296000000000000379e-05,-2.000000000000000042e-02
2.298000000000000021e-05,0.000000000000000000e+00
2.300000000000000341e-05,-2.000000000000000042e-02
2.301999999999999983e-05,-2.000000000000000042e-02
2.304000000000000302e-05,-2.000000000000000042e-02
2.305999999999999944e-05,-2.000000000000000042e-02
2.308000000000000264e-05,-2.000000000000000042e-02
2.309999999999999906e-05,-2.000000000000000042e-02
2.312000000000000226e-05,-4.000000000000000083e-02
2.313999999999999868e-05,0.000000000000000000e+00
2.316000000000000187e-05,0.000000000000000000e+00
2.317999999999999829e-05,-2.000000000000000042e-02
2.320000000000000149e-05,-2.000000000000000042e-02
2.322000000000000469e-05,0.000000000000000000e+00
2.324000000000000111e-05,-2.000000000000000042e-02
2.326000000000000430e-05,0.000000000000000000e+00
2.328000000000000073e-05,-4.000000000000000083e-02
2.330000000000000392e-05,-2.000000000000000042e-02
2.332000000000000034e-05,-2.000000000000000042e-02
2.334000000000000354e-05,0.000000000000000000e+00
2.335999999999999996e-05,-2.000000000000000042e-02
2.338000000000000316e-05,-2.000000000000000042e-02
2.339999999999999958e-05,-2.000000000000000042e-02
2.342000000000000277e-05,-2.000000000000000042e-02
2.343999999999999919e-05,2.000000000000000042e-02
2.346000000000000239e-05,0.000000000000000000e+00
2.347999999999999881e-05,-2.000000000000000042e-02
2.350000000000000201e-05,-5.999999999999999778e-02
2.351999999999999843e-05,-2.000000000000000042e-02
2.354000000000000162e-05,-2.000000000000000042e-02
2.356000000000000482e-05,-2.000000000000000042e-02
2.358000000000000124e-05,0.000000000000000000e+00
2.360000000000000444e-05,-4.000000000000000083e-02
2.362000000000000086e-05,0.000000000000000000e+00
2.364000000000000405e-05,-2.000000000000000042e-02
2.366000000000000048e-05,-2.000000000000000042e-02
2.368000000000000367e-05,-4.000000000000000083e-02
2.370000000000000009e-05,-2.000000000000000042e-02
2.372000000000000329e-05,0.000000000000000000e+00
2.373999999999999971e-05,-2.000000000000000042e-02
2.376000000000000291e-05,0.000000000000000000e+00
2.377999999999999933e-05,-2.000000000000000042e-02
2.380000000000000252e-05,2.000000000000000042e-02
2.381999999999999894e-05,2.000000000000000042e-02
2.384000000000000214e-05,0.000000000000000000e+00
2.385999999999999856e-05,-2.000000000000000042e-02
2.388000000000000176e-05,-2.000000000000000042e-02
2.390000000000000495e-05,-2.000000000000000042e-02
2.392000000000000137e-05,-2.000000000000000042e-02
2.394000000000000457e-05,0.000000000000000000e+00
2.396000000000000099e-05,-2.000000000000000042e-02
2.398000000000000419e-05,-4.000000000000000083e-02
2.400000000000000061e-05,-4.000000000000000083e-02
2.402000000000000380e-05,0.000000000000000000e+00
2.404000000000000023e-05,-2.000000000000000042e-02
2.406000000000000342e-05,0.000000000000000000e+00
2.407999999999999984e-05,-2.000000000000000042e-02
2.410000000000000304e-05,2.000000000000000042e-02
2.411999999999999946e-05,-2.000000000000000042e-02
2.414000000000000266e-05,-4.000000000000000083e-02
2.415999999999999908e-05,-4.000000000000000083e-02
2.418000000000000227e-05,-2.000000000000000042e-02
2.419999999999999869e-05,0.000000000000000000e+00
2.422000000000000189e-05,-2.000000000000000042e-02
2.423999999999999831e-05,-2.000000000000000042e-02
2.426000000000000151e-05,-2.000000000000000042e-02
2.428000000000000470e-05,-2.000000000000000042e-02
2.430000000000000112e-05,-2.000000000000000042e-02
2.432000000000000432e-05,0.000000000000000000e+00
2.434000000000000074e-05,-4.000000000000000083e-02
2.436000000000000394e-05,-2.000000000000000042e-02
2.438000000000000036e-05,-4.000000000000000083e-02
2.440000000000000355e-05,-2.000000000000000042e-02
2.441999999999999997e-05,-2.000000000000000042e-02
2.444000000000000317e-05,-2.000000000000000042e-02
2.445999999999999959e-05,0.000000000000000000e+00
2.448000000000000279e-05,0.000000000000000000e+00
2.449999999999999921e-05,0.000000000000000000e+00
2.452000000000000241e-05,-4.000000000000000083e-02
2.453999999999999883e-05,-4.000000000000000083e-02
2.456000000000000202e-05,0.000000000000000000e+00
2.457999999999999844e-05,-4.000000000000000083e-02
2.460000000000000164e-05,-2.000000000000000042e-02
2.462000000000000484e-05,-2.000000000000000042e-02
2.464000000000000126e-05,-2.000000000000000042e-02
2.466000000000000445e-05,2.000000000000000042e-02
2.468000000000000087e-05,0.000000000000000000e+00
2.470000000000000407e-05,0.000000000000000000e+00
2.472000000000000049e-05,-5.999999999999999778e-02
2.474000000000000369e-05,-4.000000000000000083e-02
2.476000000000000011e-05,0.000000000000000000e+00
2.478000000000000330e-05,2.000000000000000042e-02
2.479999999999999972e-05,0.000000000000000000e+00
2.482000000000000292e-05,-2.000000000000000042e-02
2.483999999999999934e-05,-4.000000000000000083e-02
2.486000000000000254e-05,-4.000000000000000083e-02
2.487999999999999896e-05,0.000000000000000000e+00
2.490000000000000216e-05,-2.000000000000000042e-02
2.491999999999999858e-05,-4.000000000000000083e-02
2.494000000000000177e-05,0.000000000000000000e+00
2.496000000000000497e-05,-4.000000000000000083e-02
2.498000000000000139e-05,0.000000000000000000e+00
2.500000000000000459e-05,-2.000000000000000042e-02
2.502000000000000101e-05,2.000000000000000042e-02
2.504000000000000420e-05,-2.000000000000000042e-02
2.506000000000000062e-05,0.000000000000000000e+00
2.508000000000000382e-05,-2.000000000000000042e-02
2.510000000000000024e-05,0.000000000000000000e+00
2.512000000000000344e-05,-2.000000000000000042e-02
2.513999999999999986e-05,0.000000000000000000e+00
2.516000000000000305e-05,0.000000000000000000e+00
2.517999999999999947e-05,-2.000000000000000042e-02
2.520000000000000267e-05,-2.000000000000000042e-02
2.521999999999999909e-05,0.000000000000000000e+00
2.524000000000000229e-05,0.000000000000000000e+00
2.525999999999999871e-05,-2.000000000000000042e-02
2.528000000000000191e-05,-2.000000000000000042e-02
2.529999999999999833e-05,-2.000000000000000042e-02
2.532000000000000152e-05,2.000000000000000042e-02
2.534000000000000472e-05,-2.000000000000000042e-02
2.536000000000000114e-05,0.000000000000000000e+00
2.538000000000000434e-05,-2.000000000000000042e-02
2.540000000000000076e-05,-2.000000000000000042e-02
2.542000000000000395e-05,0.000000000000000000e+00
2.544000000000000037e-05,0.000000000000000000e+00
2.546000000000000357e-05,-4.000000000000000083e-02
2.547999999999999999e-05,-2.000000000000000042e-02
2.550000000000000319e-05,-4.000000000000000083e-02
2.551999999999999961e-05,0.000000000000000000e+00
2.554000000000000280e-05,-2.000000000000000042e-02
2.555999999999999922e-05,2.000000000000000042e-02
2.558000000000000242e-05,-2.000000000000000042e-02
2.559999999999999884e-05,-2.000000000000000042e-02
2.562000000000000204e-05,2.000000000000000042e-02
2.563999999999999846e-05,0.000000000000000000e+00
2.566000000000000166e-05,-2.000000000000000042e-02
2.568000000000000485e-05,-2.000000000000000042e-02
2.570000000000000127e-05,2.000000000000000042e-02
2.572000000000000447e-05,-2.000000000000000042e-02
2.574000000000000089e-05,0.000000000000000000e+00
2.576000000000000409e-05,0.000000000000000000e+00
2.578000000000000051e-05,-2.000000000000000042e-02
2.580000000000000370e-05,0.000000000000000000e+00
2.582000000000000012e-05,0.000000000000000000e+00
2.584000000000000332e-05,-2.000000000000000042e-02
2.585999999999999974e-05,0.000000000000000000e+00
2.588000000000000294e-05,0.000000000000000000e+00
2.589999999999999936e-05,-2.000000000000000042e-02
2.592000000000000255e-05,-2.000000000000000042e-02
2.593999999999999897e-05,-2.000000000000000042e-02
2.596000000000000217e-05,0.000000000000000000e+00
2.597999999999999859e-05,-2.000000000000000042e-02
2.600000000000000179e-05,-2.000000000000000042e-02
2.602000000000000498e-05,-2.000000000000000042e-02
2.604000000000000141e-05,2.000000000000000042e-02
2.606000000000000460e-05,0.000000000000000000e+00
2.608000000000000102e-05,2.000000000000000042e-02
2.610000000000000422e-05,0.000000000000000000e+00
2.612000000000000064e-05,-2.000000000000000042e-02
2.614000000000000384e-05,0.000000000000000000e+00
2.616000000000000026e-05,-2.000000000000000042e-02
2.618000000000000345e-05,0.000000000000000000e+00
2.619999999999999987e-05,0.000000000000000000e+00
2.622000000000000307e-05,-2.000000000000000042e-02
2.623999999999999949e-05,-2.000000000000000042e-02
2.626000000000000269e-05,-2.000000000000000042e-02
2.627999999999999911e-05,-2.000000000000000042e-02
2.630000000000000230e-05,-2.000000000000000042e-02
2.631999999999999872e-05,-2.000000000000000042e-02
2.634000000000000192e-05,-4.000000000000000083e-02
2.635999999999999834e-05,-2.000000000000000042e-02
2.638000000000000154e-05,0.000000000000000000e+00
2.640000000000000473e-05,0.000000000000000000e+00
2.642000000000000115e-05,-2.000000000000000042e-02
2.644000000000000435e-05,-4.000000000000000083e-02
2.646000000000000077e-05,-2.000000000000000042e-02
2.648000000000000397e-05,0.000000000000000000e+00
2.650000000000000039e-05,-2.000000000000000042e-02
2.652000000000000359e-05,-5.999999999999999778e-02
2.654000000000000001e-05,0.000000000000000000e+00
2.656000000000000320e-05,-2.000000000000000042e-02
2.657999999999999962e-05,-4.000000000000000083e-02
2.660000000000000282e-05,-2.000000000000000042e-02
2.661999999999999924e-05,0.000000000000000000e+00
2.664000000000000244e-05,0.000000000000000000e+00
2.665999999999999886e-05,-2.000000000000000042e-02
2.668000000000000205e-05,-2.000000000000000042e-02
2.669999999999999847e-05,-4.000000000000000083e-02
2.672000000000000167e-05,-2.000000000000000042e-02
2.674000000000000487e-05,-2.000000000000000042e-02
2.676000000000000129e-05,0.000000000000000000e+00
2.678000000000000448e-05,-2.000000000000000042e-02
2.680000000000000090e-05,-2.000000000000000042e-02
2.682000000000000410e-05,-2.000000000000000042e-02
2.684000000000000052e-05,-2.000000000000000042e-02
2.686000000000000372e-05,-2.000000000000000042e-02
2.688000000000000014e-05,-4.000000000000000083e-02
2.690000000000000334e-05,-4.000000000000000083e-02
2.691999999999999976e-05,-2.000000000000000042e-02
2.694000000000000295e-05,-4.000000000000000083e-02
2.695999999999999937e-05,-4.000000000000000083e-02
2.698000000000000257e-05,-4.000000000000000083e-02
2.699999999999999899e-05,-2.000000000000000042e-02
2.702000000000000219e-05,-4.000000000000000083e-02
2.703999999999999861e-05,0.000000000000000000e+00
2.706000000000000180e-05,-2.000000000000000042e-02
2.708000000000000500e-05,-2.000000000000000042e-02
2.710000000000000142e-05,-2.000000000000000042e-02
2.712000000000000462e-05,2.000000000000000042e-02
2.714000000000000104e-05,-4.000000000000000083e-02
2.716000000000000423e-05,-4.000000000000000083e-02
2.718000000000000065e-05,-2.000000000000000042e-02
2.720000000000000385e-05,-2.000000000000000042e-02
2.722000000000000027e-05,-2.000000000000000042e-02
2.724000000000000347e-05,-4.000000000000000083e-02
2.725999999999999989e-05,-4.000000000000000083e-02
2.728000000000000309e-05,-4.000000000000000083e-02
2.729999999999999951e-05,2.000000000000000042e-02
2.732000000000000270e-05,-4.000000000000000083e-02
2.733999999999999912e-05,-2.000000000000000042e-02
2.736000000000000232e-05,-2.000000000000000042e-02
2.737999999999999874e-05,-2.000000000000000042e-02
2.740000000000000194e-05,0.000000000000000000e+00
2.741999999999999836e-05,-2.000000000000000042e-02
2.744000000000000155e-05,-4.000000000000000083e-02
2.746000000000000475e-05,-4.000000000000000083e-02
2.748000000000000117e-05,-4.000000000000000083e-02
2.750000000000000437e-05,-2.000000000000000042e-02
2.752000000000000079e-05,0.000000000000000000e+00
2.754000000000000398e-05,-2.000000000000000042e-02
2.756000000000000040e-05,-2.000000000000000042e-02
2.758000000000000360e-05,-4.000000000000000083e-02
2.760000000000000002e-05,0.000000000000000000e+00
2.762000000000000322e-05,-2.000000000000000042e-02
2.763999999999999964e-05,-2.000000000000000042e-02
2.766000000000000284e-05,0.000000000000000000e+00
2.767999999999999926e-05,2.000000000000000042e-02
2.770000000000000245e-05,0.000000000000000000e+00
2.771999999999999887e-05,-2.000000000000000042e-02
2.774000000000000207e-05,-2.000000000000000042e-02
2.775999999999999849e-05,0.000000000000000000e+00
2.778000000000000169e-05,0.000000000000000000e+00
2.780000000000000488e-05,-2.000000000000000042e-02
2.782000000000000130e-05,-4.000000000000000083e-02
2.784000000000000450e-05,-2.000000000000000042e-02
2.786000000000000092e-05,-2.000000000000000042e-02
2.788000000000000412e-05,-2.000000000000000042e-02
2.790000000000000054e-05,-2.000000000000000042e-02
2.792000000000000373e-05,-4.000000000000000083e-02
2.794000000000000015e-05,-4.000000000000000083e-02
2.796000000000000335e-05,-5.999999999999999778e-02
2.797999999999999977e-05,-2.000000000000000042e-02
2.800000000000000297e-05,0.000000000000000000e+00
2.801999999999999939e-05,0.000000000000000000e+00
2.804000000000000259e-05,-2.000000000000000042e-02
2.805999999999999901e-05,2.000000000000000042e-02
2.808000000000000220e-05,0.000000000000000000e+00
2.809999999999999862e-05,-4.000000000000000083e-02
2.812000000000000182e-05,-4.000000000000000083e-02
2.814000000000000502e-05,-2.000000000000000042e-02
2.816000000000000144e-05,0.000000000000000000e+00
2.818000000000000463e-05,-2.000000000000000042e-02
2.820000000000000105e-05,-2.000000000000000042e-02
2.822000000000000425e-05,-2.000000000000000042e-02
2.824000000000000067e-05,-2.000000000000000042e-02
2.826000000000000387e-05,-2.000000000000000042e-02
2.828000000000000029e-05,-4.000000000000000083e-02
2.830000000000000348e-05,-2.000000000000000042e-02
2.831999999999999990e-05,-2.000000000000000042e-02
2.834000000000000310e-05,-2.000000000000000042e-02
2.835999999999999952e-05,0.000000000000000000e+00
2.838000000000000272e-05,-2.000000000000000042e-02
2.839999999999999914e-05,-5.999999999999999778e-02
2.842000000000000234e-05,-2.000000000000000042e-02
2.843999999999999876e-05,-2.000000000000000042e-02
2.846000000000000195e-05,0.000000000000000000e+00
2.847999999999999837e-05,-4.000000000000000083e-02
2.850000000000000157e-05,-4.000000000000000083e-02
2.852000000000000477e-05,2.000000000000000042e-02
2.854000000000000119e-05,-2.000000000000000042e-02
2.856000000000000438e-05,-4.000000000000000083e-02
2.858000000000000080e-05,-2.000000000000000042e-02
2.860000000000000400e-05,-4.000000000000000083e-02
2.862000000000000042e-05,0.000000000000000000e+00
2.864000000000000362e-05,-2.000000000000000042e-02
2.866000000000000004e-05,-4.000000000000000083e-02
2.868000000000000323e-05,-2.000000000000000042e-02
2.869999999999999965e-05,-4.000000000000000083e-02
2.872000000000000285e-05,-4.000000000000000083e-02
2.873999999999999927e-05,0.000000000000000000e+00
2.876000000000000247e-05,-2.000000000000000042e-02
2.877999999999999889e-05,-2.000000000000000042e-02
2.880000000000000208e-05,-4.000000000000000083e-02
2.881999999999999851e-05,-4.000000000000000083e-02
2.884000000000000170e-05,-4.000000000000000083e-02
2.886000000000000490e-05,-4.000000000000000083e-02
2.888000000000000132e-05,-2.000000000000000042e-02
2.890000000000000452e-05,-2.000000000000000042e-02
2.892000000000000094e-05,-2.000000000000000042e-02
2.894000000000000413e-05,-2.000000000000000042e-02
2.896000000000000055e-05,-4.000000000000000083e-02
2.898000000000000375e-05,-4.000000000000000083e-02
2.900000000000000017e-05,-4.000000000000000083e-02
2.902000000000000337e-05,-2.000000000000000042e-02
2.903999999999999979e-05,-2.000000000000000042e-02
2.906000000000000298e-05,-2.000000000000000042e-02
2.907999999999999940e-05,0.000000000000000000e+00
2.910000000000000260e-05,-2.000000000000000042e-02
2.911999999999999902e-05,0.000000000000000000e+00
2.914000000000000222e-05,0.000000000000000000e+00
2.915999999999999864e-05,-5.999999999999999778e-02
2.918000000000000183e-05,-2.000000000000000042e-02
2.920000000000000503e-05,-2.000000000000000042e-02
2.922000000000000145e-05,-4.000000000000000083e-02
2.924000000000000465e-05,-2.000000000000000042e-02
2.926000000000000107e-05,-4.000000000000000083e-02
2.928000000000000427e-05,0.000000000000000000e+00
2.930000000000000069e-05,0.000000000000000000e+00
2.932000000000000388e-05,-2.000000000000000042e-02
2.934000000000000030e-05,-4.000000000000000083e-02
2.936000000000000350e-05,-2.000000000000000042e-02
2.937999999999999992e-05,-2.000000000000000042e-02
2.940000000000000312e-05,-2.000000000000000042e-02
2.941999999999999954e-05,0.000000000000000000e+00
2.944000000000000273e-05,-2.000000000000000042e-02
2.945999999999999915e-05,-2.000000000000000042e-02
2.948000000000000235e-05,-2.000000000000000042e-02
2.949999999999999877e-05,-2.000000000000000042e-02
2.952000000000000197e-05,-2.000000000000000042e-02
2.953999999999999839e-05,-4.000000000000000083e-02
2.956000000000000158e-05,-2.000000000000000042e-02
2.958000000000000478e-05,0.000000000000000000e+00
2.960000000000000120e-05,-2.000000000000000042e-02
2.962000000000000440e-05,-2.000000000000000042e-02
2.964000000000000082e-05,-2.000000000000000042e-02
2.966000000000000402e-05,-2.000000000000000042e-02
2.968000000000000044e-05,-2.000000000000000042e-02
2.970000000000000363e-05,0.000000000000000000e+00
2.972000000000000005e-05,-4.000000000000000083e-02
2.974000000000000325e-05,0.000000000000000000e+00
2.975999999999999967e-05,0.000000000000000000e+00
2.978000000000000287e-05,0.000000000000000000e+00
2.979999999999999929e-05,0.000000000000000000e+00
2.982000000000000248e-05,-4.000000000000000083e-02
2.983999999999999890e-05,-2.000000000000000042e-02
2.986000000000000210e-05,-4.000000000000000083e-02
2.987999999999999852e-05,-2.000000000000000042e-02
2.990000000000000172e-05,-4.000000000000000083e-02
2.992000000000000491e-05,-2.000000000000000042e-02
2.994000000000000133e-05,-2.000000000000000042e-02
2.996000000000000453e-05,-2.000000000000000042e-02
2.998000000000000095e-05,-4.000000000000000083e-02
3.000000000000000415e-05,0.000000000000000000e+00
3.002000000000000057e-05,0.000000000000000000e+00
3.004000000000000377e-05,2.000000000000000042e-02
3.006000000000000019e-05,0.000000000000000000e+00
3.008000000000000338e-05,-2.000000000000000042e-02
3.009999999999999980e-05,0.000000000000000000e+00
3.012000000000000300e-05,-2.000000000000000042e-02
3.013999999999999942e-05,-2.000000000000000042e-02
3.016000000000000262e-05,-4.000000000000000083e-02
3.017999999999999904e-05,-4.000000000000000083e-02
3.020000000000000223e-05,-2.000000000000000042e-02
3.021999999999999865e-05,-2.000000000000000042e-02
3.024000000000000185e-05,0.000000000000000000e+00
3.026000000000000505e-05,-2.000000000000000042e-02
3.028000000000000147e-05,-2.000000000000000042e-02
3.030000000000000466e-05,-2.000000000000000042e-02
3.032000000000000108e-05,-4.000000000000000083e-02
3.034000000000000428e-05,0.000000000000000000e+00
3.036000000000000070e-05,-2.000000000000000042e-02
3.038000000000000390e-05,-4.000000000000000083e-02
3.040000000000000032e-05,-2.000000000000000042e-02
3.042000000000000352e-05,-4.000000000000000083e-02
3.043999999999999994e-05,-2.000000000000000042e-02
3.046000000000000313e-05,-2.000000000000000042e-02
3.047999999999999955e-05,-5.999999999999999778e-02
3.050000000000000275e-05,0.000000000000000000e+00
3.051999999999999917e-05,-5.999999999999999778e-02
3.054000000000000237e-05,-4.000000000000000083e-02
3.055999999999999879e-05,-5.999999999999999778e-02
3.058000000000000198e-05,-4.000000000000000083e-02
3.059999999999999840e-05,0.000000000000000000e+00
3.062000000000000160e-05,-2.000000000000000042e-02
3.064000000000000480e-05,-2.000000000000000042e-02
3.066000000000000122e-05,-4.000000000000000083e-02
3.068000000000000441e-05,-2.000000000000000042e-02
3.070000000000000083e-05,-4.000000000000000083e-02
3.072000000000000403e-05,-4.000000000000000083e-02
3.074000000000000045e-05,0.000000000000000000e+00
3.076000000000000365e-05,-4.000000000000000083e-02
3.078000000000000007e-05,-2.000000000000000042e-02
3.080000000000000326e-05,-2.000000000000000042e-02
3.081999999999999969e-05,-4.000000000000000083e-02
3.084000000000000288e-05,-4.000000000000000083e-02
3.085999999999999930e-05,-4.000000000000000083e-02
3.088000000000000250e-05,0.000000000000000000e+00
3.089999999999999892e-05,-4.000000000000000083e-02
3.092000000000000212e-05,0.000000000000000000e+00
3.093999999999999854e-05,-4.000000000000000083e-02
3.096000000000000173e-05,-4.000000000000000083e-02
3.098000000000000493e-05,-2.000000000000000042e-02
3.100000000000000135e-05,-4.000000000000000083e-02
3.102000000000000455e-05,-2.000000000000000042e-02
3.104000000000000097e-05,-4.000000000000000083e-02
3.106000000000000416e-05,-2.000000000000000042e-02
3.108000000000000058e-05,-2.000000000000000042e-02
3.110000000000000378e-05,-4.000000000000000083e-02
3.112000000000000020e-05,-4.000000000000000083e-02
3.114000000000000340e-05,-4.000000000000000083e-02
3.115999999999999982e-05,-2.000000000000000042e-02
3.118000000000000301e-05,-4.000000000000000083e-02
3.119999999999999944e-05,-4.000000000000000083e-02
3.122000000000000263e-05,-4.000000000000000083e-02
3.123999999999999905e-05,-4.000000000000000083e-02
3.126000000000000225e-05,2.000000000000000042e-02
3.127999999999999867e-05,-2.000000000000000042e-02
3.130000000000000187e-05,-2.000000000000000042e-02
3.132000000000000506e-05,0.000000000000000000e+00
3.134000000000000148e-05,-2.000000000000000042e-02
3.136000000000000468e-05,-4.000000000000000083e-02
3.138000000000000110e-05,-2.000000000000000042e-02
3.140000000000000430e-05,-5.999999999999999778e-02
3.142000000000000072e-05,-2.000000000000000042e-02
3.144000000000000391e-05,-4.000000000000000083e-02
3.146000000000000033e-05,-4.000000000000000083e-02
3.148000000000000353e-05,-4.000000000000000083e-02
3.149999999999999995e-05,-2.000000000000000042e-02
3.152000000000000315e-05,-4.000000000000000083e-02
3.153999999999999957e-05,-4.000000000000000083e-02
3.156000000000000276e-05,0.000000000000000000e+00
3.157999999999999919e-05,-4.000000000000000083e-02
3.160000000000000238e-05,-4.000000000000000083e-02
3.161999999999999880e-05,-4.000000000000000083e-02
3.164000000000000200e-05,0.000000000000000000e+00
3.165999999999999842e-05,0.000000000000000000e+00
3.168000000000000162e-05,-2.000000000000000042e-02
3.170000000000000481e-05,-2.000000000000000042e-02
3.172000000000000123e-05,0.000000000000000000e+00
3.174000000000000443e-05,-2.000000000000000042e-02
3.176000000000000085e-05,-2.000000000000000042e-02
3.178000000000000405e-05,-4.000000000000000083e-02
3.180000000000000047e-05,-2.000000000000000042e-02
3.182000000000000366e-05,-4.000000000000000083e-02
3.184000000000000008e-05,-4.000000000000000083e-02
3.186000000000000328e-05,-5.999999999999999778e-02
3.187999999999999970e-05,-5.999999999999999778e-02
3.190000000000000290e-05,-4.000000000000000083e-02
3.191999999999999932e-05,-4.000000000000000083e-02
3.194000000000000251e-05,-2.000000000000000042e-02
3.195999999999999893e-05,-2.000000000000000042e-02
3.198000000000000213e-05,-2.000000000000000042e-02
3.199999999999999855e-05,-2.000000000000000042e-02
3.202000000000000175e-05,-2.000000000000000042e-02
3.204000000000000495e-05,-4.000000000000000083e-02
3.206000000000000137e-05,-4.000000000000000083e-02
3.208000000000000456e-05,-4.000000000000000083e-02
3.210000000000000098e-05,-4.000000000000000083e-02
3.212000000000000418e-05,-2.000000000000000042e-02
3.214000000000000060e-05,-4.000000000000000083e-02
3.216000000000000380e-05,-4.000000000000000083e-02
3.218000000000000022e-05,-2.000000000000000042e-02
3.220000000000000341e-05,-2.000000000000000042e-02
3.221999999999999983e-05,-4.000000000000000083e-02
3.224000000000000303e-05,-4.000000000000000083e-02
3.225999999999999945e-05,-2.000000000000000042e-02
3.228000000000000265e-05,-2.000000000000000042e-02
3.229999999999999907e-05,-2.000000000000000042e-02
3.232000000000000226e-05,0.000000000000000000e+00
3.233999999999999868e-05,-4.000000000000000083e-02
3.236000000000000188e-05,-4.000000000000000083e-02
3.238000000000000508e-05,-2.000000000000000042e-02
3.240000000000000150e-05,-2.000000000000000042e-02
3.242000000000000470e-05,-2.000000000000000042e-02
3.244000000000000112e-05,-4.000000000000000083e-02
3.246000000000000431e-05,-2.000000000000000042e-02
3.248000000000000073e-05,0.000000000000000000e+00
3.250000000000000393e-05,-2.000000000000000042e-02
3.252000000000000035e-05,-4.000000000000000083e-02
3.254000000000000355e-05,-4.000000000000000083e-02
3.255999999999999997e-05,-4.000000000000000083e-02
3.258000000000000316e-05,-2.000000000000000042e-02
3.259999999999999958e-05,-2.000000000000000042e-02
3.262000000000000278e-05,-2.000000000000000042e-02
3.263999999999999920e-05,-2.000000000000000042e-02
3.266000000000000240e-05,-2.000000000000000042e-02
3.267999999999999882e-05,-2.000000000000000042e-02
3.270000000000000201e-05,-2.000000000000000042e-02
3.271999999999999843e-05,0.000000000000000000e+00
3.274000000000000163e-05,-4.000000000000000083e-02
3.276000000000000483e-05,-2.000000000000000042e-02
3.278000000000000125e-05,-4.000000000000000083e-02
3.280000000000000444e-05,-2.000000000000000042e-02
3.282000000000000087e-05,0.000000000000000000e+00
3.284000000000000406e-05,-4.000000000000000083e-02
3.286000000000000048e-05,0.000000000000000000e+00
3.288000000000000368e-05,-4.000000000000000083e-02
3.290000000000000010e-05,0.000000000000000000e+00
3.292000000000000330e-05,-4.000000000000000083e-02
3.293999999999999972e-05,-2.000000000000000042e-02
3.296000000000000291e-05,-2.000000000000000042e-02
3.297999999999999933e-05,-2.000000000000000042e-02
3.300000000000000253e-05,-2.000000000000000042e-02
3.301999999999999895e-05,-2.000000000000000042e-02
3.304000000000000215e-05,0.000000000000000000e+00
3.305999999999999857e-05,0.000000000000000000e+00
3.308000000000000176e-05,-2.000000000000000042e-02
3.310000000000000496e-05,0.000000000000000000e+00
3.312000000000000138e-05,2.000000000000000042e-02
3.314000000000000458e-05,-2.000000000000000042e-02
3.316000000000000100e-05,-2.000000000000000042e-02
3.318000000000000419e-05,-4.000000000000000083e-02
3.320000000000000062e-05,-4.000000000000000083e-02
3.322000000000000381e-05,-2.000000000000000042e-02
3.324000000000000023e-05,2.000000000000000042e-02
3.326000000000000343e-05,-2.000000000000000042e-02
3.327999999999999985e-05,-2.000000000000000042e-02
3.330000000000000305e-05,-2.000000000000000042e-02
3.331999999999999947e-05,0.000000000000000000e+00
3.334000000000000266e-05,0.000000000000000000e+00
3.335999999999999908e-05,-2.000000000000000042e-02
3.338000000000000228e-05,-2.000000000000000042e-02
3.339999999999999870e-05,-2.000000000000000042e-02
3.342000000000000190e-05,-2.000000000000000042e-02
3.344000000000000509e-05,0.000000000000000000e+00
3.346000000000000151e-05,0.000000000000000000e+00
3.348000000000000471e-05,-2.000000000000000042e-02
3.350000000000000113e-05,-4.000000000000000083e-02
3.352000000000000433e-05,0.000000000000000000e+00
3.354000000000000075e-05,0.000000000000000000e+00
3.356000000000000394e-05,-2.000000000000000042e-02
3.358000000000000037e-05,-2.000000000000000042e-02
3.360000000000000356e-05,-2.000000000000000042e-02
3.361999999999999998e-05,2.000000000000000042e-02
3.364000000000000318e-05,-2.000000000000000042e-02
3.365999999999999960e-05,-2.000000000000000042e-02
3.368000000000000280e-05,0.000000000000000000e+00
3.369999999999999922e-05,-2.000000000000000042e-02
3.372000000000000241e-05,2.000000000000000042e-02
3.373999999999999883e-05,0.000000000000000000e+00
3.376000000000000203e-05,0.000000000000000000e+00
3.377999999999999845e-05,-2.000000000000000042e-02
3.380000000000000165e-05,-2.000000000000000042e-02
3.382000000000000484e-05,-4.000000000000000083e-02
3.384000000000000126e-05,-4.000000000000000083e-02
3.386000000000000446e-05,-2.000000000000000042e-02
3.388000000000000088e-05,-4.000000000000000083e-02
3.390000000000000408e-05,-8.000000000000000167e-02
3.392000000000000050e-05,-2.000000000000000042e-02
3.394000000000000369e-05,-2.000000000000000042e-02
3.396000000000000011e-05,-4.000000000000000083e-02
3.398000000000000331e-05,-2.000000000000000042e-02
3.399999999999999973e-05,0.000000000000000000e+00
3.402000000000000293e-05,-5.999999999999999778e-02
3.403999999999999935e-05,-4.000000000000000083e-02
3.406000000000000255e-05,-2.000000000000000042e-02
3.407999999999999897e-05,-4.000000000000000083e-02
3.410000000000000216e-05,0.000000000000000000e+00
3.411999999999999858e-05,-2.000000000000000042e-02
3.414000000000000178e-05,-2.000000000000000042e-02
3.416000000000000498e-05,-4.000000000000000083e-02
3.418000000000000140e-05,0.000000000000000000e+00
3.420000000000000459e-05,-2.000000000000000042e-02
3.422000000000000101e-05,-4.000000000000000083e-02
3.424000000000000421e-05,-4.000000000000000083e-02
3.426000000000000063e-05,-5.999999999999999778e-02
3.428000000000000383e-05,-4.000000000000000083e-02
3.430000000000000025e-05,0.000000000000000000e+00
3.432000000000000344e-05,-5.999999999999999778e-02
3.433999999999999986e-05,-4.000000000000000083e-02
3.436000000000000306e-05,-2.000000000000000042e-02
3.437999999999999948e-05,-4.000000000000000083e-02
3.440000000000000268e-05,-2.000000000000000042e-02
3.441999999999999910e-05,-2.000000000000000042e-02
3.444000000000000230e-05,-5.999999999999999778e-02
3.445999999999999872e-05,-2.000000000000000042e-02
3.448000000000000191e-05,-2.000000000000000042e-02
3.450000000000000511e-05,-4.000000000000000083e-02
3.452000000000000153e-05,-4.000000000000000083e-02
3.454000000000000473e-05,-5.999999999999999778e-02
3.456000000000000115e-05,0.000000000000000000e+00
3.458000000000000434e-05,-2.000000000000000042e-02
3.460000000000000076e-05,-2.000000000000000042e-02
3.462000000000000396e-05,-5.999999999999999778e-02
3.464000000000000038e-05,-2.000000000000000042e-02
3.466000000000000358e-05,-5.999999999999999778e-02
3.468000000000000000e-05,-4.000000000000000083e-02
3.470000000000000319e-05,-4.000000000000000083e-02
3.471999999999999961e-05,-5.999999999999999778e-02
3.474000000000000281e-05,-2.000000000000000042e-02
3.475999999999999923e-05,-4.000000000000000083e-02
3.478000000000000243e-05,-5.999999999999999778e-02
3.479999999999999885e-05,-5.999999999999999778e-02
3.482000000000000205e-05,-8.000000000000000167e-02
3.483999999999999847e-05,0.000000000000000000e+00
3.486000000000000166e-05,0.000000000000000000e+00
3.488000000000000486e-05,-2.000000000000000042e-02
3.490000000000000128e-05,-4.000000000000000083e-02
3.492000000000000448e-05,-2.000000000000000042e-02
3.494000000000000090e-05,-4.000000000000000083e-02
3.496000000000000409e-05,-2.000000000000000042e-02
3.498000000000000051e-05,0.000000000000000000e+00
3.500000000000000371e-05,-2.000000000000000042e-02
3.502000000000000013e-05,-2.000000000000000042e-02
3.504000000000000333e-05,-2.000000000000000042e-02
3.505999999999999975e-05,-2.000000000000000042e-02
3.508000000000000294e-05,-4.000000000000000083e-02
3.509999999999999936e-05,-4.000000000000000083e-02
3.512000000000000256e-05,-2.000000000000000042e-02
3.513999999999999898e-05,-4.000000000000000083e-02
3.516000000000000218e-05,-4.000000000000000083e-02
3.517999999999999860e-05,-4.000000000000000083e-02
3.520000000000000180e-05,-2.000000000000000042e-02
3.522000000000000499e-05,-2.000000000000000042e-02
3.524000000000000141e-05,-4.000000000000000083e-02
3.526000000000000461e-05,-2.000000000000000042e-02
3.528000000000000103e-05,-2.000000000000000042e-02
3.530000000000000423e-05,-2.000000000000000042e-02
3.532000000000000065e-05,-2.000000000000000042e-02
3.534000000000000384e-05,-4.000000000000000083e-02
3.536000000000000026e-05,-4.000000000000000083e-02
3.538000000000000346e-05,-5.999999999999999778e-02
3.539999999999999988e-05,-2.000000000000000042e-02
3.542000000000000308e-05,-2.000000000000000042e-02
3.543999999999999950e-05,0.000000000000000000e+00
3.546000000000000269e-05,-2.000000000000000042e-02
3.547999999999999911e-05,-4.000000000000000083e-02
3.550000000000000231e-05,-2.000000000000000042e-02
3.551999999999999873e-05,-2.000000000000000042e-02
3.554000000000000193e-05,-2.000000000000000042e-02
3.556000000000000512e-05,-2.000000000000000042e-02
3.558000000000000155e-05,-5.999999999999999778e-02
3.560000000000000474e-05,0.000000000000000000e+00
3.562000000000000116e-05,0.000000000000000000e+00
3.564000000000000436e-05,-2.000000000000000042e-02
3.566000000000000078e-05,-2.000000000000000042e-02
3.568000000000000398e-05,-2.000000000000000042e-02
3.570000000000000040e-05,0.000000000000000000e+00
3.572000000000000359e-05,-2.000000000000000042e-02
3.574000000000000001e-05,-2.000000000000000042e-02
3.576000000000000321e-05,-4.000000000000000083e-02
3.577999999999999963e-05,0.000000000000000000e+00
3.580000000000000283e-05,-2.000000000000000042e-02
3.581999999999999925e-05,-4.000000000000000083e-02
3.584000000000000244e-05,-4.000000000000000083e-02
3.585999999999999886e-05,-4.000000000000000083e-02
3.588000000000000206e-05,-2.000000000000000042e-02
3.589999999999999848e-05,-2.000000000000000042e-02
3.592000000000000168e-05,-2.000000000000000042e-02
3.594000000000000487e-05,0.000000000000000000e+00
3.596000000000000130e-05,0.000000000000000000e+00
3.598000000000000449e-05,0.000000000000000000e+00
3.600000000000000091e-05,0.000000000000000000e+00
3.602000000000000411e-05,-2.000000000000000042e-02
3.604000000000000053e-05,0.000000000000000000e+00
3.606000000000000373e-05,-2.000000000000000042e-02
3.608000000000000015e-05,2.000000000000000042e-02
3.610000000000000334e-05,-2.000000000000000042e-02
3.611999999999999976e-05,-2.000000000000000042e-02
3.614000000000000296e-05,-4.000000000000000083e-02
3.615999999999999938e-05,0.000000000000000000e+00
3.618000000000000258e-05,-4.000000000000000083e-02
3.619999999999999900e-05,-4.000000000000000083e-02
3.622000000000000219e-05,-5.999999999999999778e-02
3.623999999999999861e-05,-2.000000000000000042e-02
3.626000000000000181e-05,-2.000000000000000042e-02
3.628000000000000501e-05,-2.000000000000000042e-02
3.630000000000000143e-05,-2.000000000000000042e-02
3.632000000000000462e-05,-4.000000000000000083e-02
3.634000000000000104e-05,-4.000000000000000083e-02
3.636000000000000424e-05,-2.000000000000000042e-02
3.638000000000000066e-05,-2.000000000000000042e-02
3.640000000000000386e-05,-2.000000000000000042e-02
3.642000000000000028e-05,-2.000000000000000042e-02
3.644000000000000348e-05,0.000000000000000000e+00
3.645999999999999990e-05,-2.000000000000000042e-02
3.648000000000000309e-05,-4.000000000000000083e-02
3.649999999999999951e-05,-5.999999999999999778e-02
3.652000000000000271e-05,-4.000000000000000083e-02
3.653999999999999913e-05,2.000000000000000042e-02
3.656000000000000233e-05,-2.000000000000000042e-02
3.657999999999999875e-05,-2.000000000000000042e-02
3.660000000000000194e-05,-4.000000000000000083e-02
3.662000000000000514e-05,-2.000000000000000042e-02
3.664000000000000156e-05,-4.000000000000000083e-02
3.666000000000000476e-05,-4.000000000000000083e-02
3.668000000000000118e-05,-2.000000000000000042e-02
3.670000000000000437e-05,-4.000000000000000083e-02
3.672000000000000079e-05,-2.000000000000000042e-02
3.674000000000000399e-05,-4.000000000000000083e-02
3.676000000000000041e-05,-2.000000000000000042e-02
3.678000000000000361e-05,-5.999999999999999778e-02
3.680000000000000003e-05,-5.999999999999999778e-02
3.682000000000000323e-05,0.000000000000000000e+00
3.683999999999999965e-05,-5.999999999999999778e-02
3.686000000000000284e-05,-2.000000000000000042e-02
3.687999999999999926e-05,-4.000000000000000083e-02
3.690000000000000246e-05,-2.000000000000000042e-02
3.691999999999999888e-05,-5.999999999999999778e-02
3.694000000000000208e-05,2.000000000000000042e-02
3.695999999999999850e-05,0.000000000000000000e+00
3.698000000000000169e-05,-4.000000000000000083e-02
3.700000000000000489e-05,0.000000000000000000e+00
3.702000000000000131e-05,0.000000000000000000e+00
3.704000000000000451e-05,-4.000000000000000083e-02
3.706000000000000093e-05,-4.000000000000000083e-02
3.708000000000000412e-05,-4.000000000000000083e-02
3.710000000000000054e-05,0.000000000000000000e+00
3.712000000000000374e-05,-4.000000000000000083e-02
3.714000000000000016e-05,-4.000000000000000083e-02
3.716000000000000336e-05,-2.000000000000000042e-02
3.717999999999999978e-05,-2.000000000000000042e-02
3.720000000000000298e-05,-2.000000000000000042e-02
3.721999999999999940e-05,-4.000000000000000083e-02
3.724000000000000259e-05,-4.000000000000000083e-02
3.725999999999999901e-05,-4.000000000000000083e-02
3.728000000000000221e-05,-4.000000000000000083e-02
3.729999999999999863e-05,-2.000000000000000042e-02
3.732000000000000183e-05,-4.000000000000000083e-02
3.734000000000000502e-05,-4.000000000000000083e-02
3.736000000000000144e-05,-4.000000000000000083e-02
3.738000000000000464e-05,-4.000000000000000083e-02
3.740000000000000106e-05,-2.000000000000000042e-02
3.742000000000000426e-05,-4.000000000000000083e-02
3.744000000000000068e-05,-2.000000000000000042e-02
3.746000000000000387e-05,-5.999999999999999778e-02
3.748000000000000029e-05,-2.000000000000000042e-02
3.750000000000000349e-05,-2.000000000000000042e-02
3.751999999999999991e-05,-4.000000000000000083e-02
3.754000000000000311e-05,-4.000000000000000083e-02
3.755999999999999953e-05,-2.000000000000000042e-02
3.758000000000000273e-05,-4.000000000000000083e-02
3.759999999999999915e-05,-4.000000000000000083e-02
3.762000000000000234e-05,-4.000000000000000083e-02
3.763999999999999876e-05,-4.000000000000000083e-02
3.766000000000000196e-05,0.000000000000000000e+00
3.768000000000000516e-05,0.000000000000000000e+00
3.770000000000000158e-05,-2.000000000000000042e-02
3.772000000000000477e-05,-2.000000000000000042e-02
3.774000000000000119e-05,-4.000000000000000083e-02
3.776000000000000439e-05,-2.000000000000000042e-02
3.778000000000000081e-05,-2.000000000000000042e-02
3.780000000000000401e-05,-2.000000000000000042e-02
3.782000000000000043e-05,-5.999999999999999778e-02
3.784000000000000362e-05,-4.000000000000000083e-02
3.786000000000000004e-05,-5.999999999999999778e-02
3.788000000000000324e-05,-2.000000000000000042e-02
3.789999999999999966e-05,-2.000000000000000042e-02
3.792000000000000286e-05,-2.000000000000000042e-02
3.793999999999999928e-05,-2.000000000000000042e-02
3.796000000000000248e-05,0.000000000000000000e+00
3.797999999999999890e-05,-4.000000000000000083e-02
3.800000000000000209e-05,-5.999999999999999778e-02
3.801999999999999851e-05,-2.000000000000000042e-02
3.804000000000000171e-05,-2.000000000000000042e-02
3.806000000000000491e-05,0.000000000000000000e+00
3.808000000000000133e-05,-2.000000000000000042e-02
3.810000000000000452e-05,-4.000000000000000083e-02
3.812000000000000094e-05,-2.000000000000000042e-02
3.814000000000000414e-05,-2.000000000000000042e-02
3.816000000000000056e-05,-2.000000000000000042e-02
3.818000000000000376e-05,-4.000000000000000083e-02
3.820000000000000018e-05,-2.000000000000000042e-02
3.822000000000000337e-05,-2.000000000000000042e-02
3.823999999999999979e-05,-4.000000000000000083e-02
3.826000000000000299e-05,-2.000000000000000042e-02
3.827999999999999941e-05,-2.000000000000000042e-02
3.830000000000000261e-05,-4.000000000000000083e-02
3.831999999999999903e-05,-2.000000000000000042e-02
3.834000000000000222e-05,-4.000000000000000083e-02
3.835999999999999865e-05,-2.000000000000000042e-02
3.838000000000000184e-05,-2.000000000000000042e-02
3.840000000000000504e-05,-4.000000000000000083e-02
3.842000000000000146e-05,-2.000000000000000042e-02
3.844000000000000466e-05,-2.000000000000000042e-02
3.846000000000000108e-05,-4.000000000000000083e-02
3.848000000000000427e-05,-5.999999999999999778e-02
3.850000000000000069e-05,-4.000000000000000083e-02
3.852000000000000389e-05,-2.000000000000000042e-02
3.854000000000000031e-05,-2.000000000000000042e-02
3.856000000000000351e-05,-2.000000000000000042e-02
3.857999999999999993e-05,-4.000000000000000083e-02
3.860000000000000312e-05,-4.000000000000000083e-02
3.861999999999999954e-05,-4.000000000000000083e-02
3.864000000000000274e-05,-4.000000000000000083e-02
3.865999999999999916e-05,-2.000000000000000042e-02
3.868000000000000236e-05,-4.000000000000000083e-02
3.869999999999999878e-05,-2.000000000000000042e-02
3.872000000000000197e-05,-5.999999999999999778e-02
3.874000000000000517e-05,-4.000000000000000083e-02
3.876000000000000159e-05,-2.000000000000000042e-02
3.878000000000000479e-05,-5.999999999999999778e-02
3.880000000000000121e-05,0.000000000000000000e+00
3.882000000000000441e-05,-4.000000000000000083e-02
3.884000000000000083e-05,-2.000000000000000042e-02
3.886000000000000402e-05,-4.000000000000000083e-02
3.888000000000000044e-05,-4.000000000000000083e-02
3.890000000000000364e-05,-5.999999999999999778e-02
3.892000000000000006e-05,-4.000000000000000083e-02
3.894000000000000326e-05,-2.000000000000000042e-02
3.895999999999999968e-05,-5.999999999999999778e-02
3.898000000000000287e-05,-2.000000000000000042e-02
3.899999999999999929e-05,-2.000000000000000042e-02
3.902000000000000249e-05,-5.999999999999999778e-02
3.903999999999999891e-05,-2.000000000000000042e-02
3.906000000000000211e-05,-2.000000000000000042e-02
3.907999999999999853e-05,-4.000000000000000083e-02
3.910000000000000172e-05,-4.000000000000000083e-02
3.912000000000000492e-05,-5.999999999999999778e-02
3.914000000000000134e-05,-4.000000000000000083e-02
3.916000000000000454e-05,-2.000000000000000042e-02
3.918000000000000096e-05,2.000000000000000042e-02
3.920000000000000416e-05,-2.000000000000000042e-02
3.922000000000000058e-05,-4.000000000000000083e-02
3.924000000000000377e-05,-4.000000000000000083e-02
3.926000000000000019e-05,-4.000000000000000083e-02
3.928000000000000339e-05,-2.000000000000000042e-02
3.929999999999999981e-05,-4.000000000000000083e-02
3.932000000000000301e-05,-2.000000000000000042e-02
3.933999999999999943e-05,-5.999999999999999778e-02
3.936000000000000262e-05,-2.000000000000000042e-02
3.937999999999999904e-05,-5.999999999999999778e-02
3.940000000000000224e-05,-4.000000000000000083e-02
3.941999999999999866e-05,-2.000000000000000042e-02
3.944000000000000186e-05,-4.000000000000000083e-02
3.946000000000000505e-05,-2.000000000000000042e-02
3.948000000000000147e-05,0.000000000000000000e+00
3.950000000000000467e-05,-4.000000000000000083e-02
3.952000000000000109e-05,-5.999999999999999778e-02
3.954000000000000429e-05,-2.000000000000000042e-02
3.956000000000000071e-05,0.000000000000000000e+00
3.958000000000000391e-05,-2.000000000000000042e-02
3.960000000000000033e-05,-4.000000000000000083e-02
3.962000000000000352e-05,-4.000000000000000083e-02
3.963999999999999994e-05,-2.000000000000000042e-02
3.966000000000000314e-05,-2.000000000000000042e-02
3.967999999999999956e-05,-4.000000000000000083e-02
3.970000000000000276e-05,-2.000000000000000042e-02
3.971999999999999918e-05,-4.000000000000000083e-02
3.974000000000000237e-05,0.000000000000000000e+00
3.975999999999999879e-05,-2.000000000000000042e-02
3.978000000000000199e-05,-4.000000000000000083e-02
3.980000000000000519e-05,-4.000000000000000083e-02
3.982000000000000161e-05,-4.000000000000000083e-02
3.984000000000000480e-05,-5.999999999999999778e-02
3.986000000000000122e-05,-2.000000000000000042e-02
3.988000000000000442e-05,-4.000000000000000083e-02
3.990000000000000084e-05,0.000000000000000000e+00
3.992000000000000404e-05,-2.000000000000000042e-02
3.994000000000000046e-05,0.000000000000000000e+00
3.996000000000000366e-05,-2.000000000000000042e-02
3.998000000000000008e-05,-4.000000000000000083e-02
