time_s,voltage_V
-1.600000000000000033e-07,0.000000000000000000e+00
-1.590000000000000076e-07,-4.000000000000000083e-02
-1.580000000000000119e-07,0.000000000000000000e+00
-1.569999999999999897e-07,-8.000000000000000167e-02
-1.559999999999999940e-07,-4.000000000000000083e-02
-1.549999999999999983e-07,-4.000000000000000083e-02
-1.540000000000000026e-07,-4.000000000000000083e-02
-1.530000000000000068e-07,-4.000000000000000083e-02
-1.520000000000000111e-07,0.000000000000000000e+00
-1.510000000000000154e-07,4.000000000000000083e-02
-1.499999999999999932e-07,-4.000000000000000083e-02
-1.489999999999999975e-07,-8.000000000000000167e-02
-1.480000000000000018e-07,0.000000000000000000e+00
-1.470000000000000061e-07,0.000000000000000000e+00
-1.460000000000000103e-07,-4.000000000000000083e-02
-1.449999999999999881e-07,0.000000000000000000e+00
-1.439999999999999924e-07,0.000000000000000000e+00
-1.429999999999999967e-07,0.000000000000000000e+00
-1.420000000000000010e-07,0.000000000000000000e+00
-1.410000000000000053e-07,0.000000000000000000e+00
-1.400000000000000095e-07,-8.000000000000000167e-02
-1.390000000000000138e-07,-8.000000000000000167e-02
-1.379999999999999916e-07,-4.000000000000000083e-02
-1.369999999999999959e-07,0.000000000000000000e+00
-1.360000000000000002e-07,-4.000000000000000083e-02
-1.350000000000000045e-07,0.000000000000000000e+00
-1.340000000000000088e-07,-4.000000000000000083e-02
-1.330000000000000130e-07,-4.000000000000000083e-02
-1.319999999999999909e-07,0.000000000000000000e+00
-1.309999999999999951e-07,0.000000000000000000e+00
-1.299999999999999994e-07,0.000000000000000000e+00
-1.290000000000000037e-07,0.000000000000000000e+00
-1.280000000000000080e-07,0.000000000000000000e+00
-1.270000000000000123e-07,-4.000000000000000083e-02
-1.259999999999999901e-07,4.000000000000000083e-02
-1.249999999999999943e-07,-4.000000000000000083e-02
-1.239999999999999986e-07,0.000000000000000000e+00
-1.230000000000000029e-07,-4.000000000000000083e-02
-1.220000000000000072e-07,-8.000000000000000167e-02
-1.209999999999999850e-07,-4.000000000000000083e-02
-1.200000000000000157e-07,-4.000000000000000083e-02
-1.189999999999999936e-07,0.000000000000000000e+00
-1.179999999999999978e-07,4.000000000000000083e-02
-1.170000000000000021e-07,0.000000000000000000e+00
-1.160000000000000064e-07,0.000000000000000000e+00
-1.149999999999999974e-07,-4.000000000000000083e-02
-1.140000000000000017e-07,0.000000000000000000e+00
-1.129999999999999928e-07,4.000000000000000083e-02
-1.119999999999999970e-07,0.000000000000000000e+00
-1.110000000000000013e-07,4.000000000000000083e-02
-1.100000000000000056e-07,0.000000000000000000e+00
-1.090000000000000099e-07,-4.000000000000000083e-02
-1.080000000000000009e-07,-4.000000000000000083e-02
-1.069999999999999920e-07,-4.000000000000000083e-02
-1.059999999999999963e-07,0.000000000000000000e+00
-1.050000000000000005e-07,-4.000000000000000083e-02
-1.040000000000000048e-07,0.000000000000000000e+00
-1.030000000000000091e-07,4.000000000000000083e-02
-1.020000000000000001e-07,4.000000000000000083e-02
-1.009999999999999912e-07,-4.000000000000000083e-02
-9.999999999999999547e-08,4.000000000000000083e-02
-9.899999999999999976e-08,-4.000000000000000083e-02
-9.800000000000000404e-08,0.000000000000000000e+00
-9.699999999999999508e-08,0.000000000000000000e+00
-9.599999999999999936e-08,8.000000000000000167e-02
-9.500000000000000364e-08,0.000000000000000000e+00
-9.399999999999999469e-08,0.000000000000000000e+00
-9.299999999999999897e-08,4.000000000000000083e-02
-9.200000000000000325e-08,4.000000000000000083e-02
-9.099999999999999429e-08,4.000000000000000083e-02
-8.999999999999999857e-08,0.000000000000000000e+00
-8.900000000000000285e-08,4.000000000000000083e-02
-8.799999999999999390e-08,0.000000000000000000e+00
-8.699999999999999818e-08,-4.000000000000000083e-02
-8.600000000000000246e-08,4.000000000000000083e-02
-8.499999999999999351e-08,0.000000000000000000e+00
-8.399999999999999779e-08,4.000000000000000083e-02
-8.300000000000000207e-08,4.000000000000000083e-02
-8.199999999999999311e-08,4.000000000000000083e-02
-8.099999999999999739e-08,0.000000000000000000e+00
-8.000000000000000167e-08,0.000000000000000000e+00
-7.899999999999999272e-08,4.000000000000000083e-02
-7.799999999999999700e-08,4.000000000000000083e-02
-7.700000000000000128e-08,-4.000000000000000083e-02
-7.599999999999999233e-08,8.000000000000000167e-02
-7.499999999999999661e-08,4.000000000000000083e-02
-7.400000000000000089e-08,0.000000000000000000e+00
-7.299999999999999193e-08,4.000000000000000083e-02
-7.199999999999999621e-08,4.000000000000000083e-02
-7.100000000000000049e-08,8.000000000000000167e-02
-6.999999999999999154e-08,8.000000000000000167e-02
-6.899999999999999582e-08,8.000000000000000167e-02
-6.800000000000000010e-08,4.000000000000000083e-02
-6.699999999999999114e-08,4.000000000000000083e-02
-6.599999999999999543e-08,0.000000000000000000e+00
-6.499999999999999971e-08,4.000000000000000083e-02
-6.399999999999999075e-08,4.000000000000000083e-02
-6.299999999999999503e-08,4.000000000000000083e-02
-6.199999999999999931e-08,8.000000000000000167e-02
-6.100000000000000359e-08,8.000000000000000167e-02
-5.999999999999999464e-08,4.000000000000000083e-02
-5.899999999999999892e-08,8.000000000000000167e-02
-5.800000000000000320e-08,4.000000000000000083e-02
-5.699999999999999424e-08,0.000000000000000000e+00
-5.599999999999999852e-08,8.000000000000000167e-02
-5.500000000000000281e-08,1.199999999999999956e-01
-5.399999999999999385e-08,8.000000000000000167e-02
-5.299999999999999813e-08,8.000000000000000167e-02
-5.200000000000000241e-08,1.600000000000000033e-01
-5.099999999999999346e-08,1.199999999999999956e-01
-4.999999999999999774e-08,4.000000000000000083e-02
-4.900000000000000202e-08,1.199999999999999956e-01
-4.799999999999999306e-08,1.199999999999999956e-01
-4.699999999999999734e-08,1.199999999999999956e-01
-4.600000000000000162e-08,1.600000000000000033e-01
-4.499999999999999267e-08,1.600000000000000033e-01
-4.399999999999999695e-08,1.600000000000000033e-01
-4.300000000000000123e-08,2.000000000000000111e-01
-4.199999999999999228e-08,2.000000000000000111e-01
-4.099999999999999656e-08,1.600000000000000033e-01
-3.999999999999998760e-08,1.600000000000000033e-01
-3.899999999999999188e-08,2.000000000000000111e-01
-3.799999999999999616e-08,1.600000000000000033e-01
-3.700000000000000044e-08,1.600000000000000033e-01
-3.600000000000000472e-08,2.000000000000000111e-01
-3.499999999999998253e-08,2.399999999999999911e-01
-3.399999999999998681e-08,2.000000000000000111e-01
-3.299999999999999110e-08,2.000000000000000111e-01
-3.199999999999999538e-08,2.399999999999999911e-01
-3.099999999999999966e-08,2.399999999999999911e-01
-3.000000000000000394e-08,2.399999999999999911e-01
-2.900000000000000822e-08,2.399999999999999911e-01
-2.799999999999998603e-08,3.200000000000000067e-01
-2.699999999999999031e-08,2.800000000000000266e-01
-2.599999999999999459e-08,2.800000000000000266e-01
-2.499999999999999887e-08,2.800000000000000266e-01
-2.400000000000000315e-08,3.200000000000000067e-01
-2.300000000000000743e-08,2.800000000000000266e-01
-2.199999999999998524e-08,3.599999999999999867e-01
-2.099999999999998952e-08,3.200000000000000067e-01
-1.999999999999999380e-08,4.000000000000000222e-01
-1.899999999999999808e-08,4.000000000000000222e-01
-1.800000000000000236e-08,4.000000000000000222e-01
-1.700000000000000664e-08,4.000000000000000222e-01
-1.599999999999998445e-08,4.400000000000000022e-01
-1.499999999999998873e-08,4.400000000000000022e-01
-1.399999999999999301e-08,4.400000000000000022e-01
-1.299999999999999729e-08,4.799999999999999822e-01
-1.200000000000000157e-08,5.200000000000000178e-01
-1.100000000000000585e-08,5.200000000000000178e-01
-9.999999999999983666e-09,5.600000000000000533e-01
-8.999999999999987946e-09,4.799999999999999822e-01
-7.999999999999992226e-09,5.600000000000000533e-01
-6.999999999999996507e-09,5.200000000000000178e-01
-6.000000000000000787e-09,5.999999999999999778e-01
-5.000000000000005068e-09,6.400000000000000133e-01
-3.999999999999982878e-09,6.800000000000000488e-01
-2.999999999999987159e-09,7.199999999999999734e-01
-1.999999999999991439e-09,7.199999999999999734e-01
-9.999999999999957196e-10,7.199999999999999734e-01
0.000000000000000000e+00,7.199999999999999734e-01
9.999999999999957196e-10,7.199999999999999734e-01
2.000000000000017909e-09,8.000000000000000444e-01
3.000000000000013629e-09,8.000000000000000444e-01
4.000000000000009348e-09,8.399999999999999689e-01
5.000000000000005068e-09,8.399999999999999689e-01
6.000000000000000787e-09,9.200000000000000400e-01
6.999999999999996507e-09,9.599999999999999645e-01
8.000000000000018696e-09,9.599999999999999645e-01
9.000000000000014416e-09,9.599999999999999645e-01
1.000000000000001014e-08,1.000000000000000000e+00
1.100000000000000585e-08,1.040000000000000036e+00
1.200000000000000157e-08,1.040000000000000036e+00
1.299999999999999729e-08,1.120000000000000107e+00
1.400000000000001948e-08,1.159999999999999920e+00
1.500000000000001520e-08,1.159999999999999920e+00
1.600000000000001092e-08,1.239999999999999991e+00
1.700000000000000664e-08,1.239999999999999991e+00
1.800000000000000236e-08,1.239999999999999991e+00
1.899999999999999808e-08,1.280000000000000027e+00
2.000000000000002027e-08,1.320000000000000062e+00
2.100000000000001599e-08,1.360000000000000098e+00
2.200000000000001171e-08,1.360000000000000098e+00
2.300000000000000743e-08,1.400000000000000133e+00
2.400000000000000315e-08,1.479999999999999982e+00
2.499999999999999887e-08,1.479999999999999982e+00
2.600000000000002106e-08,1.479999999999999982e+00
2.700000000000001678e-08,1.520000000000000018e+00
2.800000000000001250e-08,1.600000000000000089e+00
2.900000000000000822e-08,1.640000000000000124e+00
3.000000000000000394e-08,1.679999999999999938e+00
3.099999999999999966e-08,1.719999999999999973e+00
3.200000000000002185e-08,1.719999999999999973e+00
3.300000000000001756e-08,1.760000000000000009e+00
3.400000000000001328e-08,1.800000000000000044e+00
3.500000000000000900e-08,1.840000000000000080e+00
3.600000000000000472e-08,1.840000000000000080e+00
3.700000000000000044e-08,1.840000000000000080e+00
3.799999999999999616e-08,1.880000000000000115e+00
3.900000000000001835e-08,1.919999999999999929e+00
4.000000000000001407e-08,1.959999999999999964e+00
4.100000000000000979e-08,2.000000000000000000e+00
4.200000000000000551e-08,2.040000000000000036e+00
4.300000000000000123e-08,2.040000000000000036e+00
4.399999999999999695e-08,2.040000000000000036e+00
4.500000000000001914e-08,2.120000000000000107e+00
4.600000000000001486e-08,2.120000000000000107e+00
4.700000000000001058e-08,2.160000000000000142e+00
4.800000000000000630e-08,2.160000000000000142e+00
4.900000000000000202e-08,2.160000000000000142e+00
4.999999999999999774e-08,2.200000000000000178e+00
5.100000000000001993e-08,2.200000000000000178e+00
5.200000000000001565e-08,2.240000000000000213e+00
5.300000000000001137e-08,2.240000000000000213e+00
5.400000000000000709e-08,2.280000000000000249e+00
5.500000000000000281e-08,2.280000000000000249e+00
5.599999999999999852e-08,2.280000000000000249e+00
5.700000000000002071e-08,2.280000000000000249e+00
5.800000000000001643e-08,2.319999999999999840e+00
5.900000000000001215e-08,2.319999999999999840e+00
6.000000000000000787e-08,2.359999999999999876e+00
6.100000000000000359e-08,2.319999999999999840e+00
6.199999999999999931e-08,2.359999999999999876e+00
6.300000000000002150e-08,2.359999999999999876e+00
6.400000000000001722e-08,2.359999999999999876e+00
6.500000000000001294e-08,2.359999999999999876e+00
6.600000000000000866e-08,2.359999999999999876e+00
6.700000000000000438e-08,2.319999999999999840e+00
6.800000000000000010e-08,2.319999999999999840e+00
6.900000000000002229e-08,2.319999999999999840e+00
7.000000000000001801e-08,2.359999999999999876e+00
7.100000000000001373e-08,2.359999999999999876e+00
7.200000000000000945e-08,2.319999999999999840e+00
7.300000000000000517e-08,2.359999999999999876e+00
7.400000000000000089e-08,2.359999999999999876e+00
7.500000000000002308e-08,2.319999999999999840e+00
7.600000000000001880e-08,2.319999999999999840e+00
7.700000000000001452e-08,2.319999999999999840e+00
7.800000000000001023e-08,2.319999999999999840e+00
7.900000000000000595e-08,2.319999999999999840e+00
8.000000000000002814e-08,2.280000000000000249e+00
8.099999999999999739e-08,2.319999999999999840e+00
8.200000000000001958e-08,2.280000000000000249e+00
8.299999999999998883e-08,2.240000000000000213e+00
8.400000000000001102e-08,2.240000000000000213e+00
8.500000000000003321e-08,2.240000000000000213e+00
8.600000000000000246e-08,2.240000000000000213e+00
8.700000000000002465e-08,2.200000000000000178e+00
8.799999999999999390e-08,2.160000000000000142e+00
8.900000000000001609e-08,2.160000000000000142e+00
9.000000000000003828e-08,2.120000000000000107e+00
9.100000000000000753e-08,2.160000000000000142e+00
9.200000000000002972e-08,2.120000000000000107e+00
9.299999999999999897e-08,2.080000000000000071e+00
9.400000000000002116e-08,2.040000000000000036e+00
9.499999999999999041e-08,2.040000000000000036e+00
9.600000000000001260e-08,2.040000000000000036e+00
9.700000000000003479e-08,2.040000000000000036e+00
9.800000000000000404e-08,2.000000000000000000e+00
9.900000000000002623e-08,1.959999999999999964e+00
9.999999999999999547e-08,1.959999999999999964e+00
1.010000000000000177e-07,1.959999999999999964e+00
1.019999999999999869e-07,1.919999999999999929e+00
1.030000000000000091e-07,1.959999999999999964e+00
1.040000000000000313e-07,1.880000000000000115e+00
1.050000000000000005e-07,1.880000000000000115e+00
1.060000000000000227e-07,1.880000000000000115e+00
1.069999999999999920e-07,1.840000000000000080e+00
1.080000000000000142e-07,1.760000000000000009e+00
1.090000000000000364e-07,1.840000000000000080e+00
1.100000000000000056e-07,1.760000000000000009e+00
1.110000000000000278e-07,1.760000000000000009e+00
1.119999999999999970e-07,1.719999999999999973e+00
1.130000000000000192e-07,1.719999999999999973e+00
1.139999999999999885e-07,1.719999999999999973e+00
1.150000000000000107e-07,1.719999999999999973e+00
1.160000000000000329e-07,1.640000000000000124e+00
1.170000000000000021e-07,1.600000000000000089e+00
1.180000000000000243e-07,1.640000000000000124e+00
1.189999999999999936e-07,1.600000000000000089e+00
1.200000000000000157e-07,1.600000000000000089e+00
1.210000000000000379e-07,1.600000000000000089e+00
1.220000000000000072e-07,1.560000000000000053e+00
1.230000000000000294e-07,1.479999999999999982e+00
1.239999999999999986e-07,1.520000000000000018e+00
1.250000000000000208e-07,1.479999999999999982e+00
1.259999999999999901e-07,1.479999999999999982e+00
1.270000000000000123e-07,1.520000000000000018e+00
1.280000000000000344e-07,1.439999999999999947e+00
1.290000000000000037e-07,1.439999999999999947e+00
1.300000000000000259e-07,1.439999999999999947e+00
1.309999999999999951e-07,1.360000000000000098e+00
1.320000000000000173e-07,1.360000000000000098e+00
1.330000000000000395e-07,1.400000000000000133e+00
1.340000000000000088e-07,1.360000000000000098e+00
1.350000000000000309e-07,1.320000000000000062e+00
1.360000000000000002e-07,1.280000000000000027e+00
1.370000000000000224e-07,1.320000000000000062e+00
1.379999999999999916e-07,1.280000000000000027e+00
1.390000000000000138e-07,1.239999999999999991e+00
1.400000000000000360e-07,1.239999999999999991e+00
1.410000000000000053e-07,1.239999999999999991e+00
1.420000000000000275e-07,1.199999999999999956e+00
1.429999999999999967e-07,1.199999999999999956e+00
1.440000000000000189e-07,1.239999999999999991e+00
1.450000000000000411e-07,1.159999999999999920e+00
1.460000000000000103e-07,1.159999999999999920e+00
1.470000000000000325e-07,1.159999999999999920e+00
1.480000000000000018e-07,1.080000000000000071e+00
1.490000000000000240e-07,1.159999999999999920e+00
1.499999999999999932e-07,1.120000000000000107e+00
1.510000000000000154e-07,1.120000000000000107e+00
1.520000000000000376e-07,1.120000000000000107e+00
1.530000000000000068e-07,1.120000000000000107e+00
1.540000000000000290e-07,1.120000000000000107e+00
1.549999999999999983e-07,1.080000000000000071e+00
1.560000000000000205e-07,1.040000000000000036e+00
1.570000000000000427e-07,1.040000000000000036e+00
1.580000000000000119e-07,1.000000000000000000e+00
1.590000000000000341e-07,1.040000000000000036e+00
1.600000000000000033e-07,1.000000000000000000e+00
1.610000000000000255e-07,1.000000000000000000e+00
1.619999999999999948e-07,1.000000000000000000e+00
1.630000000000000170e-07,9.599999999999999645e-01
1.640000000000000392e-07,9.200000000000000400e-01
1.650000000000000084e-07,9.599999999999999645e-01
1.660000000000000306e-07,9.599999999999999645e-01
1.669999999999999999e-07,9.200000000000000400e-01
1.680000000000000220e-07,9.599999999999999645e-01
1.689999999999999913e-07,9.200000000000000400e-01
1.700000000000000135e-07,8.800000000000000044e-01
1.710000000000000357e-07,8.800000000000000044e-01
1.720000000000000049e-07,8.399999999999999689e-01
1.730000000000000271e-07,9.200000000000000400e-01
1.739999999999999964e-07,8.399999999999999689e-01
1.750000000000000186e-07,8.399999999999999689e-01
1.760000000000000407e-07,8.000000000000000444e-01
1.770000000000000100e-07,8.399999999999999689e-01
1.780000000000000322e-07,8.000000000000000444e-01
1.790000000000000014e-07,8.399999999999999689e-01
1.800000000000000236e-07,7.600000000000000089e-01
1.809999999999999929e-07,8.000000000000000444e-01
1.820000000000000151e-07,7.600000000000000089e-01
1.830000000000000372e-07,7.600000000000000089e-01
1.840000000000000065e-07,7.600000000000000089e-01
1.850000000000000287e-07,8.000000000000000444e-01
1.859999999999999979e-07,8.000000000000000444e-01
1.870000000000000201e-07,7.600000000000000089e-01
1.880000000000000423e-07,7.199999999999999734e-01
1.890000000000000116e-07,7.199999999999999734e-01
1.900000000000000338e-07,7.199999999999999734e-01
1.910000000000000030e-07,7.199999999999999734e-01
1.920000000000000252e-07,7.199999999999999734e-01
1.929999999999999944e-07,6.800000000000000488e-01
1.940000000000000166e-07,7.600000000000000089e-01
1.950000000000000388e-07,7.600000000000000089e-01
1.960000000000000081e-07,7.199999999999999734e-01
1.970000000000000303e-07,7.199999999999999734e-01
1.979999999999999995e-07,6.800000000000000488e-01
1.990000000000000217e-07,6.800000000000000488e-01
2.000000000000000439e-07,7.199999999999999734e-01
2.010000000000000131e-07,7.199999999999999734e-01
2.020000000000000353e-07,6.800000000000000488e-01
2.030000000000000046e-07,6.400000000000000133e-01
2.040000000000000268e-07,6.800000000000000488e-01
2.049999999999999960e-07,6.400000000000000133e-01
2.060000000000000182e-07,6.800000000000000488e-01
2.070000000000000404e-07,6.400000000000000133e-01
2.080000000000000096e-07,6.800000000000000488e-01
2.090000000000000318e-07,6.400000000000000133e-01
2.100000000000000011e-07,5.600000000000000533e-01
2.110000000000000233e-07,5.999999999999999778e-01
2.120000000000000455e-07,6.800000000000000488e-01
2.130000000000000147e-07,6.400000000000000133e-01
2.140000000000000369e-07,6.400000000000000133e-01
2.150000000000000062e-07,5.999999999999999778e-01
2.160000000000000283e-07,5.999999999999999778e-01
2.169999999999999976e-07,5.600000000000000533e-01
2.180000000000000198e-07,5.999999999999999778e-01
2.190000000000000420e-07,5.999999999999999778e-01
2.200000000000000112e-07,5.200000000000000178e-01
2.210000000000000334e-07,5.999999999999999778e-01
2.220000000000000027e-07,5.600000000000000533e-01
2.230000000000000248e-07,5.999999999999999778e-01
2.240000000000000470e-07,5.600000000000000533e-01
2.250000000000000163e-07,5.600000000000000533e-01
2.260000000000000385e-07,5.200000000000000178e-01
2.270000000000000077e-07,5.200000000000000178e-01
2.280000000000000299e-07,5.600000000000000533e-01
2.289999999999999992e-07,5.600000000000000533e-01
2.300000000000000214e-07,5.600000000000000533e-01
2.310000000000000435e-07,5.600000000000000533e-01
2.320000000000000128e-07,5.999999999999999778e-01
2.330000000000000350e-07,5.200000000000000178e-01
2.340000000000000042e-07,5.200000000000000178e-01
2.350000000000000264e-07,5.600000000000000533e-01
2.359999999999999957e-07,5.600000000000000533e-01
2.370000000000000179e-07,5.200000000000000178e-01
2.380000000000000401e-07,4.799999999999999822e-01
2.390000000000000093e-07,5.200000000000000178e-01
2.400000000000000315e-07,4.799999999999999822e-01
2.410000000000000007e-07,5.200000000000000178e-01
2.420000000000000229e-07,4.799999999999999822e-01
2.430000000000000451e-07,5.200000000000000178e-01
2.440000000000000144e-07,5.200000000000000178e-01
2.450000000000000366e-07,5.200000000000000178e-01
2.460000000000000058e-07,5.200000000000000178e-01
2.470000000000000280e-07,4.400000000000000022e-01
2.479999999999999972e-07,5.200000000000000178e-01
2.490000000000000194e-07,5.200000000000000178e-01
2.500000000000000416e-07,5.200000000000000178e-01
2.510000000000000109e-07,5.200000000000000178e-01
2.520000000000000331e-07,5.200000000000000178e-01
2.530000000000000023e-07,5.200000000000000178e-01
2.540000000000000245e-07,5.200000000000000178e-01
2.550000000000000467e-07,5.200000000000000178e-01
2.560000000000000159e-07,4.400000000000000022e-01
2.570000000000000381e-07,4.799999999999999822e-01
2.580000000000000074e-07,4.000000000000000222e-01
2.590000000000000296e-07,5.200000000000000178e-01
2.599999999999999988e-07,4.799999999999999822e-01
2.610000000000000210e-07,4.799999999999999822e-01
2.620000000000000432e-07,4.799999999999999822e-01
2.630000000000000125e-07,4.799999999999999822e-01
2.640000000000000346e-07,4.799999999999999822e-01
2.650000000000000039e-07,4.799999999999999822e-01
2.660000000000000261e-07,4.799999999999999822e-01
2.670000000000000483e-07,4.400000000000000022e-01
2.680000000000000175e-07,4.799999999999999822e-01
2.690000000000000397e-07,4.400000000000000022e-01
2.700000000000000090e-07,4.000000000000000222e-01
2.710000000000000311e-07,4.000000000000000222e-01
2.720000000000000004e-07,4.799999999999999822e-01
2.730000000000000226e-07,4.400000000000000022e-01
2.740000000000000448e-07,4.400000000000000022e-01
2.750000000000000140e-07,4.799999999999999822e-01
2.760000000000000362e-07,4.000000000000000222e-01
2.770000000000000055e-07,4.799999999999999822e-01
2.780000000000000277e-07,4.799999999999999822e-01
2.790000000000000498e-07,4.400000000000000022e-01
2.800000000000000191e-07,4.400000000000000022e-01
2.810000000000000413e-07,4.400000000000000022e-01
2.820000000000000105e-07,4.400000000000000022e-01
2.830000000000000327e-07,4.000000000000000222e-01
2.840000000000000020e-07,4.400000000000000022e-01
2.850000000000000242e-07,4.400000000000000022e-01
2.860000000000000464e-07,4.799999999999999822e-01
2.870000000000000156e-07,4.400000000000000022e-01
2.880000000000000378e-07,4.000000000000000222e-01
2.890000000000000070e-07,4.000000000000000222e-01
2.900000000000000292e-07,4.400000000000000022e-01
2.909999999999999985e-07,4.400000000000000022e-01
2.920000000000000207e-07,4.000000000000000222e-01
2.930000000000000429e-07,4.400000000000000022e-01
2.940000000000000121e-07,4.400000000000000022e-01
2.950000000000000343e-07,4.000000000000000222e-01
2.960000000000000035e-07,4.400000000000000022e-01
2.970000000000000257e-07,3.599999999999999867e-01
2.980000000000000479e-07,3.599999999999999867e-01
2.990000000000000172e-07,4.000000000000000222e-01
3.000000000000000394e-07,4.000000000000000222e-01
3.010000000000000086e-07,4.000000000000000222e-01
3.020000000000000308e-07,4.000000000000000222e-01
3.030000000000000001e-07,4.000000000000000222e-01
3.040000000000000222e-07,4.000000000000000222e-01
3.050000000000000444e-07,4.400000000000000022e-01
3.060000000000000137e-07,4.000000000000000222e-01
3.070000000000000359e-07,4.400000000000000022e-01
3.080000000000000051e-07,3.599999999999999867e-01
3.090000000000000273e-07,4.000000000000000222e-01
3.100000000000000495e-07,4.000000000000000222e-01
3.110000000000000187e-07,4.000000000000000222e-01
3.120000000000000409e-07,4.400000000000000022e-01
3.130000000000000102e-07,4.000000000000000222e-01
3.140000000000000324e-07,4.000000000000000222e-01
3.150000000000000016e-07,3.599999999999999867e-01
3.160000000000000238e-07,3.599999999999999867e-01
3.170000000000000460e-07,4.000000000000000222e-01
3.180000000000000153e-07,3.599999999999999867e-01
3.189999999999999845e-07,3.200000000000000067e-01
3.200000000000000596e-07,4.000000000000000222e-01
3.210000000000000289e-07,3.200000000000000067e-01
3.219999999999999981e-07,3.200000000000000067e-01
3.230000000000000733e-07,3.599999999999999867e-01
3.240000000000000425e-07,4.000000000000000222e-01
3.250000000000000118e-07,4.000000000000000222e-01
3.259999999999999810e-07,3.599999999999999867e-01
3.270000000000000561e-07,4.000000000000000222e-01
3.280000000000000254e-07,4.000000000000000222e-01
3.289999999999999946e-07,3.599999999999999867e-01
3.300000000000000698e-07,3.599999999999999867e-01
3.310000000000000390e-07,3.599999999999999867e-01
3.320000000000000083e-07,3.599999999999999867e-01
3.329999999999999775e-07,4.000000000000000222e-01
3.340000000000000526e-07,4.000000000000000222e-01
3.350000000000000219e-07,3.599999999999999867e-01
3.359999999999999911e-07,3.599999999999999867e-01
3.370000000000000663e-07,3.200000000000000067e-01
3.380000000000000355e-07,3.599999999999999867e-01
3.390000000000000048e-07,3.599999999999999867e-01
3.400000000000000799e-07,3.599999999999999867e-01
3.410000000000000492e-07,3.200000000000000067e-01
3.420000000000000184e-07,3.599999999999999867e-01
3.429999999999999877e-07,3.599999999999999867e-01
3.440000000000000628e-07,3.599999999999999867e-01
3.450000000000000320e-07,3.599999999999999867e-01
3.460000000000000013e-07,3.200000000000000067e-01
3.470000000000000764e-07,3.599999999999999867e-01
3.480000000000000457e-07,3.599999999999999867e-01
3.490000000000000149e-07,3.599999999999999867e-01
3.499999999999999842e-07,3.599999999999999867e-01
3.510000000000000593e-07,3.599999999999999867e-01
3.520000000000000285e-07,3.599999999999999867e-01
3.529999999999999978e-07,3.200000000000000067e-01
3.540000000000000729e-07,3.200000000000000067e-01
3.550000000000000422e-07,3.200000000000000067e-01
3.560000000000000114e-07,3.200000000000000067e-01
3.569999999999999807e-07,2.800000000000000266e-01
3.580000000000000558e-07,2.800000000000000266e-01
3.590000000000000250e-07,3.599999999999999867e-01
3.599999999999999943e-07,3.599999999999999867e-01
3.610000000000000694e-07,3.200000000000000067e-01
3.620000000000000387e-07,3.200000000000000067e-01
3.630000000000000079e-07,3.200000000000000067e-01
3.639999999999999772e-07,3.200000000000000067e-01
3.650000000000000523e-07,3.599999999999999867e-01
3.660000000000000216e-07,3.200000000000000067e-01
3.669999999999999908e-07,3.200000000000000067e-01
3.680000000000000659e-07,3.599999999999999867e-01
3.690000000000000352e-07,2.800000000000000266e-01
3.700000000000000044e-07,2.800000000000000266e-01
3.710000000000000796e-07,3.200000000000000067e-01
3.720000000000000488e-07,3.200000000000000067e-01
3.730000000000000181e-07,3.200000000000000067e-01
3.739999999999999873e-07,2.800000000000000266e-01
3.750000000000000624e-07,2.800000000000000266e-01
3.760000000000000317e-07,3.599999999999999867e-01
3.770000000000000009e-07,3.200000000000000067e-01
3.780000000000000761e-07,3.200000000000000067e-01
3.790000000000000453e-07,2.800000000000000266e-01
3.800000000000000146e-07,3.200000000000000067e-01
3.809999999999999838e-07,3.200000000000000067e-01
3.820000000000000589e-07,2.800000000000000266e-01
3.830000000000000282e-07,3.200000000000000067e-01
3.839999999999999974e-07,3.200000000000000067e-01
3.850000000000000726e-07,3.200000000000000067e-01
3.860000000000000418e-07,2.800000000000000266e-01
3.870000000000000111e-07,2.000000000000000111e-01
3.879999999999999803e-07,3.200000000000000067e-01
3.890000000000000555e-07,3.200000000000000067e-01
3.900000000000000247e-07,3.200000000000000067e-01
3.909999999999999940e-07,2.800000000000000266e-01
3.920000000000000691e-07,2.399999999999999911e-01
3.930000000000000383e-07,3.200000000000000067e-01
3.940000000000000076e-07,2.800000000000000266e-01
3.950000000000000827e-07,3.200000000000000067e-01
3.960000000000000520e-07,3.200000000000000067e-01
3.970000000000000212e-07,2.800000000000000266e-01
3.979999999999999905e-07,3.599999999999999867e-01
3.990000000000000656e-07,3.200000000000000067e-01
4.000000000000000348e-07,3.200000000000000067e-01
4.010000000000000041e-07,3.200000000000000067e-01
4.020000000000000792e-07,2.800000000000000266e-01
4.030000000000000485e-07,3.200000000000000067e-01
4.040000000000000177e-07,3.200000000000000067e-01
4.049999999999999870e-07,2.800000000000000266e-01
4.060000000000000621e-07,3.599999999999999867e-01
4.070000000000000313e-07,2.800000000000000266e-01
4.080000000000000006e-07,2.800000000000000266e-01
4.090000000000000757e-07,3.200000000000000067e-01
4.100000000000000450e-07,3.599999999999999867e-01
4.110000000000000142e-07,3.200000000000000067e-01
4.119999999999999835e-07,3.599999999999999867e-01
4.130000000000000586e-07,2.800000000000000266e-01
4.140000000000000279e-07,2.399999999999999911e-01
4.149999999999999971e-07,2.399999999999999911e-01
4.160000000000000722e-07,2.800000000000000266e-01
4.170000000000000415e-07,3.200000000000000067e-01
4.180000000000000107e-07,2.399999999999999911e-01
4.189999999999999800e-07,2.399999999999999911e-01
4.200000000000000551e-07,3.200000000000000067e-01
4.210000000000000244e-07,2.800000000000000266e-01
4.219999999999999936e-07,2.399999999999999911e-01
4.230000000000000687e-07,2.800000000000000266e-01
4.240000000000000380e-07,2.399999999999999911e-01
4.250000000000000072e-07,2.399999999999999911e-01
4.260000000000000824e-07,3.200000000000000067e-01
4.270000000000000516e-07,3.200000000000000067e-01
4.280000000000000209e-07,2.800000000000000266e-01
4.289999999999999901e-07,2.000000000000000111e-01
4.300000000000000652e-07,2.800000000000000266e-01
4.310000000000000345e-07,2.399999999999999911e-01
4.320000000000000037e-07,2.800000000000000266e-01
4.330000000000000789e-07,3.200000000000000067e-01
4.340000000000000481e-07,2.800000000000000266e-01
4.350000000000000174e-07,2.399999999999999911e-01
4.359999999999999866e-07,2.800000000000000266e-01
4.370000000000000618e-07,2.800000000000000266e-01
4.380000000000000310e-07,2.000000000000000111e-01
4.390000000000000003e-07,2.800000000000000266e-01
4.400000000000000754e-07,2.399999999999999911e-01
4.410000000000000446e-07,2.800000000000000266e-01
4.420000000000000139e-07,2.800000000000000266e-01
4.429999999999999831e-07,3.200000000000000067e-01
4.440000000000000583e-07,3.200000000000000067e-01
4.450000000000000275e-07,2.399999999999999911e-01
4.459999999999999968e-07,3.599999999999999867e-01
4.470000000000000719e-07,2.800000000000000266e-01
4.480000000000000411e-07,2.800000000000000266e-01
4.490000000000000104e-07,2.800000000000000266e-01
4.500000000000000855e-07,2.399999999999999911e-01
4.510000000000000548e-07,2.800000000000000266e-01
4.520000000000000240e-07,2.800000000000000266e-01
4.529999999999999933e-07,2.800000000000000266e-01
4.540000000000000684e-07,2.399999999999999911e-01
4.550000000000000376e-07,2.399999999999999911e-01
4.560000000000000069e-07,2.800000000000000266e-01
4.570000000000000820e-07,2.800000000000000266e-01
4.580000000000000513e-07,2.800000000000000266e-01
4.590000000000000205e-07,2.800000000000000266e-01
4.599999999999999898e-07,2.800000000000000266e-01
4.610000000000000649e-07,2.399999999999999911e-01
4.620000000000000342e-07,2.399999999999999911e-01
4.630000000000000034e-07,2.800000000000000266e-01
4.640000000000000785e-07,2.800000000000000266e-01
4.650000000000000478e-07,2.800000000000000266e-01
4.660000000000000170e-07,2.800000000000000266e-01
4.669999999999999863e-07,2.000000000000000111e-01
4.680000000000000614e-07,2.800000000000000266e-01
4.690000000000000307e-07,2.000000000000000111e-01
4.699999999999999999e-07,2.399999999999999911e-01
4.710000000000000750e-07,2.399999999999999911e-01
4.720000000000000443e-07,2.399999999999999911e-01
4.730000000000000135e-07,2.800000000000000266e-01
4.740000000000000887e-07,2.000000000000000111e-01
4.750000000000000579e-07,2.800000000000000266e-01
4.760000000000000272e-07,3.200000000000000067e-01
4.770000000000000494e-07,2.399999999999999911e-01
4.780000000000001245e-07,2.399999999999999911e-01
4.789999999999999879e-07,2.399999999999999911e-01
4.800000000000000630e-07,2.399999999999999911e-01
4.810000000000001381e-07,2.800000000000000266e-01
4.820000000000000015e-07,2.399999999999999911e-01
4.830000000000000766e-07,2.399999999999999911e-01
4.839999999999999400e-07,2.399999999999999911e-01
4.850000000000000151e-07,2.399999999999999911e-01
4.860000000000000902e-07,2.000000000000000111e-01
4.869999999999999536e-07,2.399999999999999911e-01
4.880000000000000287e-07,2.000000000000000111e-01
4.890000000000001039e-07,2.800000000000000266e-01
4.899999999999999672e-07,2.399999999999999911e-01
4.910000000000000424e-07,2.800000000000000266e-01
4.920000000000001175e-07,2.800000000000000266e-01
4.929999999999999809e-07,2.800000000000000266e-01
4.940000000000000560e-07,2.800000000000000266e-01
4.950000000000001311e-07,2.000000000000000111e-01
4.959999999999999945e-07,2.000000000000000111e-01
4.970000000000000696e-07,2.800000000000000266e-01
4.979999999999999330e-07,2.800000000000000266e-01
4.990000000000000081e-07,2.800000000000000266e-01
5.000000000000000833e-07,2.399999999999999911e-01
5.009999999999999466e-07,2.800000000000000266e-01
5.020000000000000218e-07,2.399999999999999911e-01
5.030000000000000969e-07,2.800000000000000266e-01
5.039999999999999603e-07,2.399999999999999911e-01
5.050000000000000354e-07,3.200000000000000067e-01
5.060000000000001105e-07,2.399999999999999911e-01
5.069999999999999739e-07,2.399999999999999911e-01
5.080000000000000490e-07,2.399999999999999911e-01
5.090000000000001241e-07,2.800000000000000266e-01
5.099999999999999875e-07,2.800000000000000266e-01
5.110000000000000626e-07,2.399999999999999911e-01
5.120000000000001378e-07,2.399999999999999911e-01
5.130000000000000011e-07,2.399999999999999911e-01
5.140000000000000763e-07,2.399999999999999911e-01
5.149999999999999396e-07,2.399999999999999911e-01
5.160000000000000148e-07,2.800000000000000266e-01
5.170000000000000899e-07,2.000000000000000111e-01
5.179999999999999533e-07,2.399999999999999911e-01
5.190000000000000284e-07,2.000000000000000111e-01
5.200000000000001035e-07,2.800000000000000266e-01
5.209999999999999669e-07,2.000000000000000111e-01
5.220000000000000420e-07,2.399999999999999911e-01
5.230000000000001172e-07,2.399999999999999911e-01
5.239999999999999805e-07,2.800000000000000266e-01
5.250000000000000557e-07,2.399999999999999911e-01
5.260000000000001308e-07,2.399999999999999911e-01
5.269999999999999942e-07,2.000000000000000111e-01
5.280000000000000693e-07,2.399999999999999911e-01
5.290000000000001444e-07,2.800000000000000266e-01
5.300000000000000078e-07,2.399999999999999911e-01
5.310000000000000829e-07,2.399999999999999911e-01
5.319999999999999463e-07,2.399999999999999911e-01
5.330000000000000214e-07,2.399999999999999911e-01
5.340000000000000965e-07,2.399999999999999911e-01
5.349999999999999599e-07,2.000000000000000111e-01
5.360000000000000350e-07,2.000000000000000111e-01
5.370000000000001102e-07,2.000000000000000111e-01
5.379999999999999735e-07,2.399999999999999911e-01
5.390000000000000487e-07,2.399999999999999911e-01
5.400000000000001238e-07,2.800000000000000266e-01
5.409999999999999872e-07,2.399999999999999911e-01
5.420000000000000623e-07,2.399999999999999911e-01
5.430000000000001374e-07,2.800000000000000266e-01
5.440000000000000008e-07,2.000000000000000111e-01
5.450000000000000759e-07,2.399999999999999911e-01
5.459999999999999393e-07,2.399999999999999911e-01
5.470000000000000144e-07,2.000000000000000111e-01
5.480000000000000896e-07,2.800000000000000266e-01
5.489999999999999529e-07,2.399999999999999911e-01
5.500000000000000281e-07,2.000000000000000111e-01
5.510000000000001032e-07,2.399999999999999911e-01
5.519999999999999666e-07,2.800000000000000266e-01
5.530000000000000417e-07,2.399999999999999911e-01
5.540000000000001168e-07,1.600000000000000033e-01
5.549999999999999802e-07,2.000000000000000111e-01
5.560000000000000553e-07,2.000000000000000111e-01
5.570000000000001304e-07,2.800000000000000266e-01
5.579999999999999938e-07,2.000000000000000111e-01
5.590000000000000689e-07,2.000000000000000111e-01
5.600000000000001441e-07,2.000000000000000111e-01
5.610000000000000074e-07,2.000000000000000111e-01
5.620000000000000826e-07,2.399999999999999911e-01
5.629999999999999459e-07,2.399999999999999911e-01
5.640000000000000211e-07,2.399999999999999911e-01
5.650000000000000962e-07,2.399999999999999911e-01
5.659999999999999596e-07,2.399999999999999911e-01
5.670000000000000347e-07,2.399999999999999911e-01
5.680000000000001098e-07,2.399999999999999911e-01
5.689999999999999732e-07,2.399999999999999911e-01
5.700000000000000483e-07,1.600000000000000033e-01
5.710000000000001235e-07,2.000000000000000111e-01
5.719999999999999868e-07,2.000000000000000111e-01
5.730000000000000620e-07,1.600000000000000033e-01
5.740000000000001371e-07,2.399999999999999911e-01
5.750000000000000004e-07,2.800000000000000266e-01
5.760000000000000756e-07,2.399999999999999911e-01
5.769999999999999389e-07,2.399999999999999911e-01
5.780000000000000141e-07,2.000000000000000111e-01
5.790000000000000892e-07,2.000000000000000111e-01
5.799999999999999526e-07,2.399999999999999911e-01
5.810000000000000277e-07,2.800000000000000266e-01
5.820000000000001028e-07,2.800000000000000266e-01
5.829999999999999662e-07,2.399999999999999911e-01
5.840000000000000413e-07,2.399999999999999911e-01
5.850000000000001165e-07,1.600000000000000033e-01
5.859999999999999798e-07,2.000000000000000111e-01
5.870000000000000550e-07,2.000000000000000111e-01
5.880000000000001301e-07,2.000000000000000111e-01
5.889999999999999935e-07,2.000000000000000111e-01
5.900000000000000686e-07,2.000000000000000111e-01
5.910000000000001437e-07,2.399999999999999911e-01
5.920000000000000071e-07,2.399999999999999911e-01
5.930000000000000822e-07,2.399999999999999911e-01
5.939999999999999456e-07,2.000000000000000111e-01
5.950000000000000207e-07,2.000000000000000111e-01
5.960000000000000958e-07,2.000000000000000111e-01
5.969999999999999592e-07,2.399999999999999911e-01
5.980000000000000343e-07,2.399999999999999911e-01
5.990000000000001095e-07,2.399999999999999911e-01
5.999999999999999728e-07,2.399999999999999911e-01
6.010000000000000480e-07,2.000000000000000111e-01
6.020000000000001231e-07,2.000000000000000111e-01
6.029999999999999865e-07,2.000000000000000111e-01
6.040000000000000616e-07,2.399999999999999911e-01
6.050000000000001367e-07,1.600000000000000033e-01
6.060000000000000001e-07,1.600000000000000033e-01
6.070000000000000752e-07,2.000000000000000111e-01
6.080000000000001504e-07,2.800000000000000266e-01
6.090000000000000137e-07,2.000000000000000111e-01
6.100000000000000889e-07,2.399999999999999911e-01
6.109999999999999522e-07,2.000000000000000111e-01
6.120000000000000274e-07,2.000000000000000111e-01
6.130000000000001025e-07,2.000000000000000111e-01
6.139999999999999659e-07,2.399999999999999911e-01
6.150000000000000410e-07,2.399999999999999911e-01
6.160000000000001161e-07,2.000000000000000111e-01
6.169999999999999795e-07,2.000000000000000111e-01
6.180000000000000546e-07,2.000000000000000111e-01
6.190000000000001297e-07,2.000000000000000111e-01
6.199999999999999931e-07,2.000000000000000111e-01
6.210000000000000682e-07,2.399999999999999911e-01
6.220000000000001434e-07,2.000000000000000111e-01
6.230000000000000067e-07,2.000000000000000111e-01
6.240000000000000819e-07,2.000000000000000111e-01
6.249999999999999452e-07,2.399999999999999911e-01
6.260000000000000204e-07,2.000000000000000111e-01
6.270000000000000955e-07,1.600000000000000033e-01
6.279999999999999589e-07,2.399999999999999911e-01
6.290000000000000340e-07,2.000000000000000111e-01
6.300000000000001091e-07,2.399999999999999911e-01
6.309999999999999725e-07,2.399999999999999911e-01
6.320000000000000476e-07,2.000000000000000111e-01
6.330000000000001228e-07,2.000000000000000111e-01
6.339999999999999861e-07,2.000000000000000111e-01
6.350000000000000613e-07,1.600000000000000033e-01
6.360000000000001364e-07,1.600000000000000033e-01
6.369999999999999998e-07,2.000000000000000111e-01
6.380000000000000749e-07,2.000000000000000111e-01
6.390000000000001500e-07,2.399999999999999911e-01
6.400000000000000134e-07,2.399999999999999911e-01
6.410000000000000885e-07,2.000000000000000111e-01
6.419999999999999519e-07,2.399999999999999911e-01
6.430000000000000270e-07,1.600000000000000033e-01
6.440000000000001021e-07,2.399999999999999911e-01
6.449999999999999655e-07,2.399999999999999911e-01
6.460000000000000406e-07,2.000000000000000111e-01
6.470000000000001158e-07,2.399999999999999911e-01
6.479999999999999791e-07,2.399999999999999911e-01
6.490000000000000543e-07,2.000000000000000111e-01
6.500000000000001294e-07,2.000000000000000111e-01
6.509999999999999928e-07,2.399999999999999911e-01
6.520000000000000679e-07,2.399999999999999911e-01
6.530000000000001430e-07,1.600000000000000033e-01
6.540000000000000064e-07,2.000000000000000111e-01
6.550000000000000815e-07,2.000000000000000111e-01
6.559999999999999449e-07,1.600000000000000033e-01
6.570000000000000200e-07,2.000000000000000111e-01
6.580000000000000952e-07,2.000000000000000111e-01
6.589999999999999585e-07,2.000000000000000111e-01
6.600000000000000337e-07,2.000000000000000111e-01
6.610000000000001088e-07,2.000000000000000111e-01
6.619999999999999722e-07,2.000000000000000111e-01
6.630000000000000473e-07,2.000000000000000111e-01
6.640000000000001224e-07,2.000000000000000111e-01
6.649999999999999858e-07,1.600000000000000033e-01
6.660000000000000609e-07,2.000000000000000111e-01
6.670000000000001360e-07,2.000000000000000111e-01
6.679999999999999994e-07,1.600000000000000033e-01
6.690000000000000745e-07,2.000000000000000111e-01
6.700000000000001497e-07,2.000000000000000111e-01
6.710000000000000130e-07,2.000000000000000111e-01
6.720000000000000882e-07,1.600000000000000033e-01
6.729999999999999515e-07,2.000000000000000111e-01
6.740000000000000267e-07,2.800000000000000266e-01
6.750000000000001018e-07,2.000000000000000111e-01
6.759999999999999652e-07,1.600000000000000033e-01
6.770000000000000403e-07,1.600000000000000033e-01
6.780000000000001154e-07,2.399999999999999911e-01
6.789999999999999788e-07,2.000000000000000111e-01
6.800000000000000539e-07,2.000000000000000111e-01
6.810000000000001291e-07,2.000000000000000111e-01
6.819999999999999924e-07,1.600000000000000033e-01
6.830000000000000676e-07,1.600000000000000033e-01
6.840000000000001427e-07,1.600000000000000033e-01
6.850000000000000061e-07,1.600000000000000033e-01
6.860000000000000812e-07,2.000000000000000111e-01
6.869999999999999446e-07,2.000000000000000111e-01
6.880000000000000197e-07,1.600000000000000033e-01
6.890000000000000948e-07,2.000000000000000111e-01
6.899999999999999582e-07,2.000000000000000111e-01
6.910000000000000333e-07,2.399999999999999911e-01
6.920000000000001084e-07,2.399999999999999911e-01
6.929999999999999718e-07,2.000000000000000111e-01
6.940000000000000469e-07,1.600000000000000033e-01
6.950000000000001221e-07,1.600000000000000033e-01
6.959999999999999854e-07,2.000000000000000111e-01
6.970000000000000606e-07,1.600000000000000033e-01
6.980000000000001357e-07,1.600000000000000033e-01
6.989999999999999991e-07,2.000000000000000111e-01
7.000000000000000742e-07,2.000000000000000111e-01
7.010000000000001493e-07,2.000000000000000111e-01
7.020000000000000127e-07,1.600000000000000033e-01
7.030000000000000878e-07,2.399999999999999911e-01
7.039999999999999512e-07,2.399999999999999911e-01
7.050000000000000263e-07,2.000000000000000111e-01
7.060000000000001015e-07,2.000000000000000111e-01
7.069999999999999648e-07,2.399999999999999911e-01
7.080000000000000400e-07,2.000000000000000111e-01
7.090000000000001151e-07,2.000000000000000111e-01
7.099999999999999785e-07,1.600000000000000033e-01
7.110000000000000536e-07,1.600000000000000033e-01
7.120000000000001287e-07,1.600000000000000033e-01
7.129999999999999921e-07,2.000000000000000111e-01
7.140000000000000672e-07,1.600000000000000033e-01
7.150000000000001423e-07,1.199999999999999956e-01
7.160000000000000057e-07,2.000000000000000111e-01
7.170000000000000808e-07,2.000000000000000111e-01
7.180000000000001560e-07,1.600000000000000033e-01
7.190000000000000193e-07,1.600000000000000033e-01
7.200000000000000945e-07,1.600000000000000033e-01
7.209999999999999578e-07,1.199999999999999956e-01
7.220000000000000330e-07,2.000000000000000111e-01
7.230000000000001081e-07,2.000000000000000111e-01
7.239999999999999715e-07,2.000000000000000111e-01
7.250000000000000466e-07,2.000000000000000111e-01
7.260000000000001217e-07,1.600000000000000033e-01
7.269999999999999851e-07,2.000000000000000111e-01
7.280000000000000602e-07,1.600000000000000033e-01
7.290000000000001354e-07,2.000000000000000111e-01
7.299999999999999987e-07,1.600000000000000033e-01
7.310000000000000739e-07,2.000000000000000111e-01
7.320000000000001490e-07,2.000000000000000111e-01
7.330000000000000124e-07,1.600000000000000033e-01
7.340000000000000875e-07,2.000000000000000111e-01
7.349999999999999509e-07,1.600000000000000033e-01
7.360000000000000260e-07,2.000000000000000111e-01
7.370000000000001011e-07,2.000000000000000111e-01
7.379999999999999645e-07,2.000000000000000111e-01
7.390000000000000396e-07,1.600000000000000033e-01
7.400000000000001147e-07,2.000000000000000111e-01
7.409999999999999781e-07,2.000000000000000111e-01
7.420000000000000532e-07,1.600000000000000033e-01
7.430000000000001284e-07,2.399999999999999911e-01
7.439999999999999917e-07,1.600000000000000033e-01
7.450000000000000669e-07,2.000000000000000111e-01
7.460000000000001420e-07,2.399999999999999911e-01
7.470000000000000054e-07,1.600000000000000033e-01
7.480000000000000805e-07,1.600000000000000033e-01
7.490000000000001556e-07,2.000000000000000111e-01
7.500000000000000190e-07,2.000000000000000111e-01
7.510000000000000941e-07,1.199999999999999956e-01
7.519999999999999575e-07,1.600000000000000033e-01
7.530000000000000326e-07,1.600000000000000033e-01
7.540000000000001078e-07,1.600000000000000033e-01
7.549999999999999711e-07,1.600000000000000033e-01
7.560000000000000463e-07,1.600000000000000033e-01
7.570000000000001214e-07,2.000000000000000111e-01
7.579999999999999848e-07,1.600000000000000033e-01
7.590000000000000599e-07,1.600000000000000033e-01
7.600000000000001350e-07,1.600000000000000033e-01
7.609999999999999984e-07,2.000000000000000111e-01
7.620000000000000735e-07,2.399999999999999911e-01
7.630000000000001486e-07,2.000000000000000111e-01
7.640000000000000120e-07,1.600000000000000033e-01
7.650000000000000871e-07,2.000000000000000111e-01
7.659999999999999505e-07,1.199999999999999956e-01
7.670000000000000256e-07,1.600000000000000033e-01
7.680000000000001008e-07,1.199999999999999956e-01
7.689999999999999641e-07,1.199999999999999956e-01
7.700000000000000393e-07,1.600000000000000033e-01
7.710000000000001144e-07,1.600000000000000033e-01
7.719999999999999778e-07,1.600000000000000033e-01
7.730000000000000529e-07,2.000000000000000111e-01
7.740000000000001280e-07,1.199999999999999956e-01
7.749999999999999914e-07,1.600000000000000033e-01
7.760000000000000665e-07,1.600000000000000033e-01
7.770000000000001417e-07,1.600000000000000033e-01
7.780000000000000050e-07,2.000000000000000111e-01
7.790000000000000802e-07,2.000000000000000111e-01
7.800000000000001553e-07,1.600000000000000033e-01
7.810000000000000187e-07,2.000000000000000111e-01
7.820000000000000938e-07,1.600000000000000033e-01
7.829999999999999572e-07,1.600000000000000033e-01
7.840000000000000323e-07,1.600000000000000033e-01
7.850000000000001074e-07,1.600000000000000033e-01
7.859999999999999708e-07,1.600000000000000033e-01
7.870000000000000459e-07,1.600000000000000033e-01
7.880000000000001210e-07,1.600000000000000033e-01
7.889999999999999844e-07,2.000000000000000111e-01
7.900000000000000595e-07,2.000000000000000111e-01
7.910000000000001347e-07,2.000000000000000111e-01
7.919999999999999980e-07,1.199999999999999956e-01
7.930000000000000732e-07,1.600000000000000033e-01
7.940000000000001483e-07,1.600000000000000033e-01
7.950000000000000117e-07,2.000000000000000111e-01
7.960000000000000868e-07,2.000000000000000111e-01
7.970000000000001619e-07,2.000000000000000111e-01
7.980000000000000253e-07,2.000000000000000111e-01
7.990000000000001004e-07,2.000000000000000111e-01
8.000000000000001756e-07,2.000000000000000111e-01
8.010000000000000389e-07,1.199999999999999956e-01
8.020000000000001141e-07,2.399999999999999911e-01
8.030000000000001892e-07,2.000000000000000111e-01
8.040000000000000526e-07,1.600000000000000033e-01
8.050000000000001277e-07,2.000000000000000111e-01
8.060000000000002028e-07,2.000000000000000111e-01
8.070000000000000662e-07,1.600000000000000033e-01
8.080000000000001413e-07,1.600000000000000033e-01
8.090000000000000047e-07,1.600000000000000033e-01
8.100000000000000798e-07,2.000000000000000111e-01
8.110000000000001549e-07,1.600000000000000033e-01
8.120000000000000183e-07,2.000000000000000111e-01
8.130000000000000934e-07,2.000000000000000111e-01
8.140000000000001686e-07,1.199999999999999956e-01
8.150000000000000319e-07,2.000000000000000111e-01
8.160000000000001071e-07,1.199999999999999956e-01
8.170000000000001822e-07,1.600000000000000033e-01
8.180000000000000456e-07,1.600000000000000033e-01
8.190000000000001207e-07,2.000000000000000111e-01
8.200000000000001958e-07,1.600000000000000033e-01
8.210000000000000592e-07,1.199999999999999956e-01
8.220000000000001343e-07,2.000000000000000111e-01
8.230000000000002095e-07,2.000000000000000111e-01
8.240000000000000728e-07,1.600000000000000033e-01
8.250000000000001480e-07,1.199999999999999956e-01
8.260000000000000113e-07,2.000000000000000111e-01
8.270000000000000865e-07,2.000000000000000111e-01
8.280000000000001616e-07,1.600000000000000033e-01
8.290000000000000250e-07,1.600000000000000033e-01
8.300000000000001001e-07,1.600000000000000033e-01
8.310000000000001752e-07,1.600000000000000033e-01
8.320000000000000386e-07,1.600000000000000033e-01
8.330000000000001137e-07,1.199999999999999956e-01
8.340000000000001888e-07,1.600000000000000033e-01
8.350000000000000522e-07,1.600000000000000033e-01
8.360000000000001273e-07,1.600000000000000033e-01
8.370000000000002025e-07,1.600000000000000033e-01
8.380000000000000658e-07,1.600000000000000033e-01
8.390000000000001410e-07,2.000000000000000111e-01
8.400000000000002161e-07,1.600000000000000033e-01
8.410000000000000795e-07,1.199999999999999956e-01
8.420000000000001546e-07,2.000000000000000111e-01
8.430000000000000180e-07,1.600000000000000033e-01
8.440000000000000931e-07,1.600000000000000033e-01
8.450000000000001682e-07,1.600000000000000033e-01
8.460000000000000316e-07,1.600000000000000033e-01
8.470000000000001067e-07,1.600000000000000033e-01
8.480000000000001819e-07,2.000000000000000111e-01
8.490000000000000452e-07,2.000000000000000111e-01
8.500000000000001204e-07,1.600000000000000033e-01
8.510000000000001955e-07,1.600000000000000033e-01
8.520000000000000589e-07,1.600000000000000033e-01
8.530000000000001340e-07,1.199999999999999956e-01
8.540000000000002091e-07,1.199999999999999956e-01
8.550000000000000725e-07,1.600000000000000033e-01
8.560000000000001476e-07,2.000000000000000111e-01
8.570000000000000110e-07,1.600000000000000033e-01
8.580000000000000861e-07,2.000000000000000111e-01
8.590000000000001612e-07,1.600000000000000033e-01
8.600000000000000246e-07,1.199999999999999956e-01
8.610000000000000997e-07,1.600000000000000033e-01
8.620000000000001749e-07,1.600000000000000033e-01
8.630000000000000382e-07,1.600000000000000033e-01
8.640000000000001134e-07,1.600000000000000033e-01
8.650000000000001885e-07,1.199999999999999956e-01
8.660000000000000519e-07,1.199999999999999956e-01
8.670000000000001270e-07,1.199999999999999956e-01
8.680000000000002021e-07,1.600000000000000033e-01
8.690000000000000655e-07,1.600000000000000033e-01
8.700000000000001406e-07,1.199999999999999956e-01
8.710000000000002158e-07,2.000000000000000111e-01
8.720000000000000791e-07,2.399999999999999911e-01
8.730000000000001543e-07,1.600000000000000033e-01
8.740000000000000176e-07,1.600000000000000033e-01
8.750000000000000928e-07,1.600000000000000033e-01
8.760000000000001679e-07,2.000000000000000111e-01
8.770000000000000313e-07,1.199999999999999956e-01
8.780000000000001064e-07,1.600000000000000033e-01
8.790000000000001815e-07,2.000000000000000111e-01
8.800000000000000449e-07,1.600000000000000033e-01
8.810000000000001200e-07,1.600000000000000033e-01
8.820000000000001951e-07,1.199999999999999956e-01
8.830000000000000585e-07,1.199999999999999956e-01
8.840000000000001336e-07,1.600000000000000033e-01
8.850000000000002088e-07,1.600000000000000033e-01
8.860000000000000721e-07,8.000000000000000167e-02
8.870000000000001473e-07,2.000000000000000111e-01
8.880000000000000106e-07,1.600000000000000033e-01
8.890000000000000858e-07,2.000000000000000111e-01
8.900000000000001609e-07,2.399999999999999911e-01
8.910000000000000243e-07,1.600000000000000033e-01
8.920000000000000994e-07,1.600000000000000033e-01
8.930000000000001745e-07,1.600000000000000033e-01
8.940000000000000379e-07,2.000000000000000111e-01
8.950000000000001130e-07,1.600000000000000033e-01
8.960000000000001882e-07,1.199999999999999956e-01
8.970000000000000515e-07,1.600000000000000033e-01
8.980000000000001267e-07,1.600000000000000033e-01
8.990000000000002018e-07,2.000000000000000111e-01
9.000000000000000652e-07,1.199999999999999956e-01
9.010000000000001403e-07,1.600000000000000033e-01
9.020000000000002154e-07,1.600000000000000033e-01
9.030000000000000788e-07,1.199999999999999956e-01
9.040000000000001539e-07,1.199999999999999956e-01
9.050000000000000173e-07,1.199999999999999956e-01
9.060000000000000924e-07,1.199999999999999956e-01
9.070000000000001675e-07,1.199999999999999956e-01
9.080000000000000309e-07,1.199999999999999956e-01
9.090000000000001060e-07,1.199999999999999956e-01
9.100000000000001812e-07,1.199999999999999956e-01
9.110000000000000445e-07,1.600000000000000033e-01
9.120000000000001197e-07,1.600000000000000033e-01
9.130000000000001948e-07,1.199999999999999956e-01
9.140000000000000582e-07,1.199999999999999956e-01
9.150000000000001333e-07,1.600000000000000033e-01
9.160000000000002084e-07,1.600000000000000033e-01
9.170000000000000718e-07,1.600000000000000033e-01
9.180000000000001469e-07,2.000000000000000111e-01
9.190000000000002221e-07,1.199999999999999956e-01
9.200000000000000854e-07,1.600000000000000033e-01
9.210000000000001606e-07,1.600000000000000033e-01
9.220000000000000239e-07,1.199999999999999956e-01
9.230000000000000991e-07,1.600000000000000033e-01
9.240000000000001742e-07,8.000000000000000167e-02
9.250000000000000376e-07,1.600000000000000033e-01
9.260000000000001127e-07,2.000000000000000111e-01
9.270000000000001878e-07,1.199999999999999956e-01
9.280000000000000512e-07,1.600000000000000033e-01
9.290000000000001263e-07,1.600000000000000033e-01
9.300000000000002014e-07,1.199999999999999956e-01
9.310000000000000648e-07,1.600000000000000033e-01
9.320000000000001399e-07,2.000000000000000111e-01
9.330000000000002151e-07,1.199999999999999956e-01
9.340000000000000784e-07,1.600000000000000033e-01
9.350000000000001536e-07,1.600000000000000033e-01
9.360000000000000169e-07,1.600000000000000033e-01
9.370000000000000921e-07,1.199999999999999956e-01
9.380000000000001672e-07,1.600000000000000033e-01
9.390000000000000306e-07,1.600000000000000033e-01
9.400000000000001057e-07,8.000000000000000167e-02
9.410000000000001808e-07,2.000000000000000111e-01
9.420000000000000442e-07,1.600000000000000033e-01
9.430000000000001193e-07,1.199999999999999956e-01
9.440000000000001945e-07,1.600000000000000033e-01
9.450000000000000578e-07,1.600000000000000033e-01
9.460000000000001330e-07,1.199999999999999956e-01
9.470000000000002081e-07,1.600000000000000033e-01
9.480000000000000715e-07,2.000000000000000111e-01
9.490000000000001466e-07,1.600000000000000033e-01
9.500000000000002217e-07,1.199999999999999956e-01
9.510000000000000851e-07,1.600000000000000033e-01
9.520000000000001602e-07,1.600000000000000033e-01
9.530000000000000236e-07,1.600000000000000033e-01
9.540000000000000987e-07,1.199999999999999956e-01
9.550000000000001738e-07,1.600000000000000033e-01
9.560000000000000372e-07,1.600000000000000033e-01
9.570000000000001123e-07,1.199999999999999956e-01
9.580000000000001875e-07,1.600000000000000033e-01
9.590000000000000508e-07,1.600000000000000033e-01
9.600000000000001260e-07,1.600000000000000033e-01
9.610000000000002011e-07,1.600000000000000033e-01
9.620000000000000645e-07,1.199999999999999956e-01
9.630000000000001396e-07,1.600000000000000033e-01
9.640000000000002147e-07,1.199999999999999956e-01
9.650000000000000781e-07,1.600000000000000033e-01
9.660000000000001532e-07,1.199999999999999956e-01
9.670000000000000166e-07,1.600000000000000033e-01
9.680000000000000917e-07,1.600000000000000033e-01
9.690000000000001669e-07,1.199999999999999956e-01
9.700000000000000302e-07,1.600000000000000033e-01
9.710000000000001053e-07,1.600000000000000033e-01
9.720000000000001805e-07,1.600000000000000033e-01
9.730000000000000438e-07,1.600000000000000033e-01
9.740000000000001190e-07,1.600000000000000033e-01
9.750000000000001941e-07,1.199999999999999956e-01
9.760000000000000575e-07,1.199999999999999956e-01
9.770000000000001326e-07,1.600000000000000033e-01
9.780000000000002077e-07,1.600000000000000033e-01
9.790000000000000711e-07,2.000000000000000111e-01
9.800000000000001462e-07,1.600000000000000033e-01
9.810000000000002214e-07,1.199999999999999956e-01
9.820000000000000847e-07,1.600000000000000033e-01
9.830000000000001599e-07,1.199999999999999956e-01
9.840000000000000232e-07,1.199999999999999956e-01
9.850000000000000984e-07,1.600000000000000033e-01
9.860000000000001735e-07,1.600000000000000033e-01
9.870000000000000369e-07,2.000000000000000111e-01
9.880000000000001120e-07,1.600000000000000033e-01
9.890000000000001871e-07,1.600000000000000033e-01
9.900000000000000505e-07,1.199999999999999956e-01
9.910000000000001256e-07,1.199999999999999956e-01
9.920000000000002007e-07,8.000000000000000167e-02
9.930000000000000641e-07,1.600000000000000033e-01
9.940000000000001392e-07,1.199999999999999956e-01
9.950000000000002144e-07,1.199999999999999956e-01
9.960000000000000777e-07,1.600000000000000033e-01
9.970000000000001529e-07,1.600000000000000033e-01
9.980000000000000162e-07,1.600000000000000033e-01
9.990000000000000914e-07,1.199999999999999956e-01
1.000000000000000167e-06,1.600000000000000033e-01
1.001000000000000030e-06,1.199999999999999956e-01
1.002000000000000105e-06,1.199999999999999956e-01
1.003000000000000180e-06,1.199999999999999956e-01
1.004000000000000044e-06,1.600000000000000033e-01
1.005000000000000119e-06,1.199999999999999956e-01
1.006000000000000194e-06,1.600000000000000033e-01
1.007000000000000057e-06,1.600000000000000033e-01
1.008000000000000132e-06,1.199999999999999956e-01
1.009000000000000207e-06,1.199999999999999956e-01
1.010000000000000071e-06,1.600000000000000033e-01
1.011000000000000146e-06,1.600000000000000033e-01
1.012000000000000221e-06,1.199999999999999956e-01
1.013000000000000084e-06,1.199999999999999956e-01
1.014000000000000160e-06,8.000000000000000167e-02
1.015000000000000023e-06,1.199999999999999956e-01
1.016000000000000098e-06,8.000000000000000167e-02
1.017000000000000173e-06,1.199999999999999956e-01
1.018000000000000037e-06,1.600000000000000033e-01
1.019000000000000112e-06,1.600000000000000033e-01
1.020000000000000187e-06,1.600000000000000033e-01
1.021000000000000050e-06,1.199999999999999956e-01
1.022000000000000125e-06,2.000000000000000111e-01
1.023000000000000200e-06,1.199999999999999956e-01
1.024000000000000064e-06,1.600000000000000033e-01
1.025000000000000139e-06,1.600000000000000033e-01
1.026000000000000214e-06,1.199999999999999956e-01
1.027000000000000077e-06,1.600000000000000033e-01
1.028000000000000153e-06,1.600000000000000033e-01
1.029000000000000228e-06,1.199999999999999956e-01
1.030000000000000091e-06,1.199999999999999956e-01
1.031000000000000166e-06,1.199999999999999956e-01
1.032000000000000030e-06,8.000000000000000167e-02
1.033000000000000105e-06,1.199999999999999956e-01
1.034000000000000180e-06,1.199999999999999956e-01
1.035000000000000043e-06,1.199999999999999956e-01
1.036000000000000118e-06,1.199999999999999956e-01
1.037000000000000193e-06,1.600000000000000033e-01
1.038000000000000057e-06,1.600000000000000033e-01
1.039000000000000132e-06,1.199999999999999956e-01
1.040000000000000207e-06,1.600000000000000033e-01
1.041000000000000070e-06,1.600000000000000033e-01
1.042000000000000146e-06,1.199999999999999956e-01
1.043000000000000221e-06,1.600000000000000033e-01
1.044000000000000084e-06,1.600000000000000033e-01
1.045000000000000159e-06,1.199999999999999956e-01
1.046000000000000023e-06,1.600000000000000033e-01
1.047000000000000098e-06,1.600000000000000033e-01
1.048000000000000173e-06,4.000000000000000083e-02
1.049000000000000036e-06,8.000000000000000167e-02
1.050000000000000111e-06,1.199999999999999956e-01
1.051000000000000186e-06,1.600000000000000033e-01
1.052000000000000050e-06,1.600000000000000033e-01
1.053000000000000125e-06,1.199999999999999956e-01
1.054000000000000200e-06,1.600000000000000033e-01
1.055000000000000063e-06,1.600000000000000033e-01
1.056000000000000139e-06,1.199999999999999956e-01
1.057000000000000214e-06,1.600000000000000033e-01
1.058000000000000077e-06,1.600000000000000033e-01
1.059000000000000152e-06,1.199999999999999956e-01
1.060000000000000227e-06,2.000000000000000111e-01
1.061000000000000091e-06,1.600000000000000033e-01
1.062000000000000166e-06,1.600000000000000033e-01
1.063000000000000029e-06,1.199999999999999956e-01
1.064000000000000104e-06,1.600000000000000033e-01
1.065000000000000179e-06,1.199999999999999956e-01
1.066000000000000043e-06,1.600000000000000033e-01
1.067000000000000118e-06,1.600000000000000033e-01
1.068000000000000193e-06,8.000000000000000167e-02
1.069000000000000056e-06,2.000000000000000111e-01
1.070000000000000132e-06,1.600000000000000033e-01
1.071000000000000207e-06,1.199999999999999956e-01
1.072000000000000070e-06,1.199999999999999956e-01
1.073000000000000145e-06,1.199999999999999956e-01
1.074000000000000220e-06,1.199999999999999956e-01
1.075000000000000084e-06,1.199999999999999956e-01
1.076000000000000159e-06,1.600000000000000033e-01
1.077000000000000022e-06,2.000000000000000111e-01
1.078000000000000097e-06,1.600000000000000033e-01
1.079000000000000172e-06,1.600000000000000033e-01
1.080000000000000036e-06,8.000000000000000167e-02
1.081000000000000111e-06,1.199999999999999956e-01
1.082000000000000186e-06,1.600000000000000033e-01
1.083000000000000049e-06,1.600000000000000033e-01
1.084000000000000125e-06,8.000000000000000167e-02
1.085000000000000200e-06,1.199999999999999956e-01
1.086000000000000063e-06,1.199999999999999956e-01
1.087000000000000138e-06,1.600000000000000033e-01
1.088000000000000213e-06,2.000000000000000111e-01
1.089000000000000077e-06,1.199999999999999956e-01
1.090000000000000152e-06,1.199999999999999956e-01
1.091000000000000227e-06,1.199999999999999956e-01
1.092000000000000090e-06,1.600000000000000033e-01
1.093000000000000165e-06,1.600000000000000033e-01
1.094000000000000029e-06,8.000000000000000167e-02
1.095000000000000104e-06,1.600000000000000033e-01
1.096000000000000179e-06,1.600000000000000033e-01
1.097000000000000042e-06,1.199999999999999956e-01
1.098000000000000118e-06,8.000000000000000167e-02
1.099000000000000193e-06,1.600000000000000033e-01
1.100000000000000056e-06,1.600000000000000033e-01
1.101000000000000131e-06,1.199999999999999956e-01
1.102000000000000206e-06,1.600000000000000033e-01
1.103000000000000070e-06,1.199999999999999956e-01
1.104000000000000145e-06,1.600000000000000033e-01
1.105000000000000220e-06,1.600000000000000033e-01
1.106000000000000083e-06,1.199999999999999956e-01
1.107000000000000158e-06,1.199999999999999956e-01
1.108000000000000234e-06,1.199999999999999956e-01
1.109000000000000097e-06,2.000000000000000111e-01
1.110000000000000172e-06,1.600000000000000033e-01
1.111000000000000035e-06,1.199999999999999956e-01
1.112000000000000111e-06,1.199999999999999956e-01
1.113000000000000186e-06,1.199999999999999956e-01
1.114000000000000049e-06,1.199999999999999956e-01
1.115000000000000124e-06,1.199999999999999956e-01
1.116000000000000199e-06,2.000000000000000111e-01
1.117000000000000063e-06,1.199999999999999956e-01
1.118000000000000138e-06,1.199999999999999956e-01
1.119000000000000213e-06,1.600000000000000033e-01
1.120000000000000076e-06,1.600000000000000033e-01
1.121000000000000152e-06,1.199999999999999956e-01
1.122000000000000227e-06,8.000000000000000167e-02
1.123000000000000090e-06,1.600000000000000033e-01
1.124000000000000165e-06,1.600000000000000033e-01
1.125000000000000029e-06,1.199999999999999956e-01
1.126000000000000104e-06,1.199999999999999956e-01
1.127000000000000179e-06,1.199999999999999956e-01
1.128000000000000042e-06,1.600000000000000033e-01
1.129000000000000117e-06,1.199999999999999956e-01
1.130000000000000192e-06,1.199999999999999956e-01
1.131000000000000056e-06,1.600000000000000033e-01
1.132000000000000131e-06,1.600000000000000033e-01
1.133000000000000206e-06,1.600000000000000033e-01
1.134000000000000069e-06,1.199999999999999956e-01
1.135000000000000145e-06,1.600000000000000033e-01
1.136000000000000220e-06,1.600000000000000033e-01
1.137000000000000083e-06,1.199999999999999956e-01
1.138000000000000158e-06,4.000000000000000083e-02
1.139000000000000233e-06,2.000000000000000111e-01
1.140000000000000097e-06,1.600000000000000033e-01
1.141000000000000172e-06,1.600000000000000033e-01
1.142000000000000035e-06,1.199999999999999956e-01
1.143000000000000110e-06,1.600000000000000033e-01
1.144000000000000185e-06,1.199999999999999956e-01
1.145000000000000049e-06,1.600000000000000033e-01
1.146000000000000124e-06,2.000000000000000111e-01
1.147000000000000199e-06,1.600000000000000033e-01
1.148000000000000062e-06,1.199999999999999956e-01
1.149000000000000138e-06,1.199999999999999956e-01
1.150000000000000213e-06,1.199999999999999956e-01
1.151000000000000076e-06,1.600000000000000033e-01
1.152000000000000151e-06,1.600000000000000033e-01
1.153000000000000226e-06,1.199999999999999956e-01
1.154000000000000090e-06,1.600000000000000033e-01
1.155000000000000165e-06,8.000000000000000167e-02
1.156000000000000028e-06,1.199999999999999956e-01
1.157000000000000103e-06,1.600000000000000033e-01
1.158000000000000178e-06,1.600000000000000033e-01
1.159000000000000042e-06,1.600000000000000033e-01
1.160000000000000117e-06,1.199999999999999956e-01
1.161000000000000192e-06,1.199999999999999956e-01
1.162000000000000055e-06,1.199999999999999956e-01
1.163000000000000131e-06,1.199999999999999956e-01
1.164000000000000206e-06,1.199999999999999956e-01
1.165000000000000069e-06,1.199999999999999956e-01
1.166000000000000144e-06,8.000000000000000167e-02
1.167000000000000219e-06,8.000000000000000167e-02
1.168000000000000083e-06,1.199999999999999956e-01
1.169000000000000158e-06,1.600000000000000033e-01
1.170000000000000233e-06,1.199999999999999956e-01
1.171000000000000096e-06,1.199999999999999956e-01
1.172000000000000171e-06,1.199999999999999956e-01
1.173000000000000035e-06,1.199999999999999956e-01
1.174000000000000110e-06,1.600000000000000033e-01
1.175000000000000185e-06,2.000000000000000111e-01
1.176000000000000048e-06,2.000000000000000111e-01
1.177000000000000124e-06,1.199999999999999956e-01
1.178000000000000199e-06,8.000000000000000167e-02
1.179000000000000062e-06,8.000000000000000167e-02
1.180000000000000137e-06,1.199999999999999956e-01
1.181000000000000212e-06,8.000000000000000167e-02
1.182000000000000076e-06,1.199999999999999956e-01
1.183000000000000151e-06,8.000000000000000167e-02
1.184000000000000226e-06,1.600000000000000033e-01
1.185000000000000089e-06,1.600000000000000033e-01
1.186000000000000164e-06,1.600000000000000033e-01
1.187000000000000028e-06,1.600000000000000033e-01
1.188000000000000103e-06,1.199999999999999956e-01
1.189000000000000178e-06,1.199999999999999956e-01
1.190000000000000041e-06,1.199999999999999956e-01
1.191000000000000117e-06,1.600000000000000033e-01
1.192000000000000192e-06,1.199999999999999956e-01
1.193000000000000055e-06,8.000000000000000167e-02
1.194000000000000130e-06,1.199999999999999956e-01
1.195000000000000205e-06,1.199999999999999956e-01
1.196000000000000069e-06,1.199999999999999956e-01
1.197000000000000144e-06,8.000000000000000167e-02
1.198000000000000219e-06,1.600000000000000033e-01
1.199000000000000082e-06,1.199999999999999956e-01
1.200000000000000157e-06,8.000000000000000167e-02
1.201000000000000233e-06,1.199999999999999956e-01
1.202000000000000096e-06,1.199999999999999956e-01
1.203000000000000171e-06,8.000000000000000167e-02
1.204000000000000034e-06,1.600000000000000033e-01
1.205000000000000110e-06,8.000000000000000167e-02
1.206000000000000185e-06,8.000000000000000167e-02
1.207000000000000048e-06,1.199999999999999956e-01
1.208000000000000123e-06,1.199999999999999956e-01
1.209000000000000198e-06,1.199999999999999956e-01
1.210000000000000062e-06,4.000000000000000083e-02
1.211000000000000137e-06,1.199999999999999956e-01
1.212000000000000212e-06,1.199999999999999956e-01
1.213000000000000075e-06,8.000000000000000167e-02
1.214000000000000150e-06,8.000000000000000167e-02
1.215000000000000226e-06,1.199999999999999956e-01
1.216000000000000089e-06,8.000000000000000167e-02
1.217000000000000164e-06,8.000000000000000167e-02
1.218000000000000239e-06,1.600000000000000033e-01
1.219000000000000103e-06,1.600000000000000033e-01
1.220000000000000178e-06,1.600000000000000033e-01
1.221000000000000041e-06,8.000000000000000167e-02
1.222000000000000116e-06,1.600000000000000033e-01
1.223000000000000191e-06,1.199999999999999956e-01
1.224000000000000055e-06,1.199999999999999956e-01
1.225000000000000130e-06,1.600000000000000033e-01
1.226000000000000205e-06,1.600000000000000033e-01
1.227000000000000068e-06,1.600000000000000033e-01
1.228000000000000143e-06,8.000000000000000167e-02
1.229000000000000219e-06,1.600000000000000033e-01
1.230000000000000082e-06,1.199999999999999956e-01
1.231000000000000157e-06,1.199999999999999956e-01
1.232000000000000232e-06,1.199999999999999956e-01
1.233000000000000096e-06,1.199999999999999956e-01
1.234000000000000171e-06,1.600000000000000033e-01
1.235000000000000034e-06,1.600000000000000033e-01
1.236000000000000109e-06,1.600000000000000033e-01
1.237000000000000184e-06,8.000000000000000167e-02
1.238000000000000048e-06,1.600000000000000033e-01
1.239000000000000123e-06,1.600000000000000033e-01
1.240000000000000198e-06,1.600000000000000033e-01
1.241000000000000061e-06,1.199999999999999956e-01
1.242000000000000136e-06,1.199999999999999956e-01
1.243000000000000212e-06,8.000000000000000167e-02
1.244000000000000075e-06,1.600000000000000033e-01
1.245000000000000150e-06,1.600000000000000033e-01
1.246000000000000225e-06,1.199999999999999956e-01
1.247000000000000089e-06,1.600000000000000033e-01
1.248000000000000164e-06,1.199999999999999956e-01
1.249000000000000239e-06,1.600000000000000033e-01
1.250000000000000102e-06,1.199999999999999956e-01
1.251000000000000177e-06,8.000000000000000167e-02
1.252000000000000041e-06,8.000000000000000167e-02
1.253000000000000116e-06,1.199999999999999956e-01
1.254000000000000191e-06,1.199999999999999956e-01
1.255000000000000054e-06,1.199999999999999956e-01
1.256000000000000130e-06,1.600000000000000033e-01
1.257000000000000205e-06,1.600000000000000033e-01
1.258000000000000068e-06,1.600000000000000033e-01
1.259000000000000143e-06,1.199999999999999956e-01
1.260000000000000218e-06,1.600000000000000033e-01
1.261000000000000082e-06,1.199999999999999956e-01
1.262000000000000157e-06,1.600000000000000033e-01
1.263000000000000232e-06,8.000000000000000167e-02
1.264000000000000095e-06,1.199999999999999956e-01
1.265000000000000170e-06,1.199999999999999956e-01
1.266000000000000034e-06,8.000000000000000167e-02
1.267000000000000109e-06,1.600000000000000033e-01
1.268000000000000184e-06,1.199999999999999956e-01
1.269000000000000047e-06,1.600000000000000033e-01
1.270000000000000123e-06,1.199999999999999956e-01
1.271000000000000198e-06,1.600000000000000033e-01
1.272000000000000061e-06,8.000000000000000167e-02
1.273000000000000136e-06,1.199999999999999956e-01
1.274000000000000211e-06,1.600000000000000033e-01
1.275000000000000075e-06,1.199999999999999956e-01
1.276000000000000150e-06,1.199999999999999956e-01
1.277000000000000225e-06,8.000000000000000167e-02
1.278000000000000088e-06,8.000000000000000167e-02
1.279000000000000163e-06,1.199999999999999956e-01
1.280000000000000239e-06,1.199999999999999956e-01
1.281000000000000102e-06,8.000000000000000167e-02
1.282000000000000177e-06,4.000000000000000083e-02
1.283000000000000040e-06,1.199999999999999956e-01
1.284000000000000116e-06,1.600000000000000033e-01
1.285000000000000191e-06,2.000000000000000111e-01
1.286000000000000054e-06,1.600000000000000033e-01
1.287000000000000129e-06,1.199999999999999956e-01
1.288000000000000204e-06,1.199999999999999956e-01
1.289000000000000068e-06,8.000000000000000167e-02
1.290000000000000143e-06,1.600000000000000033e-01
1.291000000000000218e-06,1.199999999999999956e-01
1.292000000000000081e-06,1.199999999999999956e-01
1.293000000000000156e-06,1.199999999999999956e-01
1.294000000000000232e-06,1.199999999999999956e-01
1.295000000000000095e-06,1.199999999999999956e-01
1.296000000000000170e-06,8.000000000000000167e-02
1.297000000000000245e-06,1.199999999999999956e-01
1.298000000000000109e-06,1.199999999999999956e-01
1.299000000000000184e-06,8.000000000000000167e-02
1.300000000000000047e-06,1.199999999999999956e-01
1.301000000000000122e-06,1.600000000000000033e-01
1.302000000000000197e-06,1.199999999999999956e-01
1.303000000000000061e-06,1.199999999999999956e-01
1.304000000000000136e-06,8.000000000000000167e-02
1.305000000000000211e-06,1.199999999999999956e-01
1.306000000000000074e-06,8.000000000000000167e-02
1.307000000000000149e-06,1.199999999999999956e-01
1.308000000000000225e-06,8.000000000000000167e-02
1.309000000000000088e-06,4.000000000000000083e-02
1.310000000000000163e-06,8.000000000000000167e-02
1.311000000000000238e-06,8.000000000000000167e-02
1.312000000000000102e-06,1.199999999999999956e-01
1.313000000000000177e-06,1.600000000000000033e-01
1.314000000000000040e-06,1.600000000000000033e-01
1.315000000000000115e-06,1.199999999999999956e-01
1.316000000000000190e-06,1.199999999999999956e-01
1.317000000000000054e-06,1.600000000000000033e-01
1.318000000000000129e-06,1.199999999999999956e-01
1.319000000000000204e-06,1.199999999999999956e-01
1.320000000000000067e-06,8.000000000000000167e-02
1.321000000000000142e-06,1.600000000000000033e-01
1.322000000000000218e-06,1.199999999999999956e-01
1.323000000000000081e-06,1.199999999999999956e-01
1.324000000000000156e-06,1.600000000000000033e-01
1.325000000000000231e-06,1.600000000000000033e-01
1.326000000000000095e-06,1.199999999999999956e-01
1.327000000000000170e-06,1.199999999999999956e-01
1.328000000000000245e-06,8.000000000000000167e-02
1.329000000000000108e-06,8.000000000000000167e-02
1.330000000000000183e-06,1.199999999999999956e-01
1.331000000000000047e-06,1.199999999999999956e-01
1.332000000000000122e-06,1.199999999999999956e-01
1.333000000000000197e-06,1.600000000000000033e-01
1.334000000000000060e-06,1.199999999999999956e-01
1.335000000000000135e-06,8.000000000000000167e-02
1.336000000000000211e-06,8.000000000000000167e-02
1.337000000000000074e-06,1.199999999999999956e-01
1.338000000000000149e-06,8.000000000000000167e-02
1.339000000000000224e-06,1.199999999999999956e-01
1.340000000000000088e-06,1.199999999999999956e-01
1.341000000000000163e-06,1.600000000000000033e-01
1.342000000000000238e-06,1.199999999999999956e-01
1.343000000000000101e-06,1.600000000000000033e-01
1.344000000000000176e-06,1.199999999999999956e-01
1.345000000000000040e-06,1.199999999999999956e-01
1.346000000000000115e-06,8.000000000000000167e-02
1.347000000000000190e-06,8.000000000000000167e-02
1.348000000000000053e-06,1.199999999999999956e-01
1.349000000000000128e-06,1.600000000000000033e-01
1.350000000000000204e-06,1.199999999999999956e-01
1.351000000000000067e-06,1.600000000000000033e-01
1.352000000000000142e-06,8.000000000000000167e-02
1.353000000000000217e-06,1.199999999999999956e-01
1.354000000000000081e-06,1.199999999999999956e-01
1.355000000000000156e-06,8.000000000000000167e-02
1.356000000000000231e-06,1.199999999999999956e-01
1.357000000000000094e-06,1.199999999999999956e-01
1.358000000000000169e-06,1.199999999999999956e-01
1.359000000000000244e-06,1.600000000000000033e-01
1.360000000000000108e-06,8.000000000000000167e-02
1.361000000000000183e-06,1.199999999999999956e-01
1.362000000000000046e-06,8.000000000000000167e-02
1.363000000000000121e-06,8.000000000000000167e-02
1.364000000000000197e-06,1.199999999999999956e-01
1.365000000000000060e-06,8.000000000000000167e-02
1.366000000000000135e-06,1.199999999999999956e-01
1.367000000000000210e-06,1.600000000000000033e-01
1.368000000000000074e-06,1.199999999999999956e-01
1.369000000000000149e-06,1.199999999999999956e-01
1.370000000000000224e-06,1.199999999999999956e-01
1.371000000000000087e-06,8.000000000000000167e-02
1.372000000000000162e-06,1.600000000000000033e-01
1.373000000000000238e-06,1.199999999999999956e-01
1.374000000000000101e-06,1.199999999999999956e-01
1.375000000000000176e-06,1.199999999999999956e-01
1.376000000000000251e-06,8.000000000000000167e-02
1.377000000000000115e-06,4.000000000000000083e-02
1.378000000000000190e-06,4.000000000000000083e-02
1.379000000000000053e-06,8.000000000000000167e-02
1.380000000000000128e-06,8.000000000000000167e-02
1.381000000000000203e-06,8.000000000000000167e-02
1.382000000000000067e-06,1.199999999999999956e-01
1.383000000000000142e-06,1.199999999999999956e-01
1.384000000000000217e-06,1.600000000000000033e-01
1.385000000000000080e-06,1.600000000000000033e-01
1.386000000000000155e-06,8.000000000000000167e-02
1.387000000000000231e-06,1.199999999999999956e-01
1.388000000000000094e-06,4.000000000000000083e-02
1.389000000000000169e-06,1.199999999999999956e-01
1.390000000000000244e-06,1.199999999999999956e-01
1.391000000000000108e-06,1.199999999999999956e-01
1.392000000000000183e-06,8.000000000000000167e-02
1.393000000000000046e-06,1.199999999999999956e-01
1.394000000000000121e-06,1.199999999999999956e-01
1.395000000000000196e-06,8.000000000000000167e-02
1.396000000000000060e-06,1.600000000000000033e-01
1.397000000000000135e-06,8.000000000000000167e-02
1.398000000000000210e-06,8.000000000000000167e-02
1.399000000000000073e-06,8.000000000000000167e-02
1.400000000000000148e-06,1.199999999999999956e-01
1.401000000000000224e-06,8.000000000000000167e-02
1.402000000000000087e-06,1.199999999999999956e-01
1.403000000000000162e-06,8.000000000000000167e-02
1.404000000000000237e-06,1.199999999999999956e-01
1.405000000000000101e-06,8.000000000000000167e-02
1.406000000000000176e-06,8.000000000000000167e-02
1.407000000000000251e-06,1.199999999999999956e-01
1.408000000000000114e-06,8.000000000000000167e-02
1.409000000000000189e-06,8.000000000000000167e-02
1.410000000000000053e-06,4.000000000000000083e-02
1.411000000000000128e-06,8.000000000000000167e-02
1.412000000000000203e-06,8.000000000000000167e-02
1.413000000000000066e-06,1.199999999999999956e-01
1.414000000000000141e-06,8.000000000000000167e-02
1.415000000000000217e-06,1.199999999999999956e-01
1.416000000000000080e-06,1.199999999999999956e-01
1.417000000000000155e-06,1.199999999999999956e-01
1.418000000000000230e-06,1.600000000000000033e-01
1.419000000000000094e-06,8.000000000000000167e-02
1.420000000000000169e-06,1.600000000000000033e-01
1.421000000000000244e-06,8.000000000000000167e-02
1.422000000000000107e-06,1.199999999999999956e-01
1.423000000000000182e-06,1.199999999999999956e-01
1.424000000000000046e-06,1.199999999999999956e-01
1.425000000000000121e-06,1.199999999999999956e-01
1.426000000000000196e-06,8.000000000000000167e-02
1.427000000000000059e-06,8.000000000000000167e-02
1.428000000000000134e-06,8.000000000000000167e-02
1.429000000000000210e-06,1.199999999999999956e-01
1.430000000000000073e-06,8.000000000000000167e-02
1.431000000000000148e-06,1.199999999999999956e-01
1.432000000000000223e-06,1.199999999999999956e-01
1.433000000000000087e-06,2.000000000000000111e-01
1.434000000000000162e-06,1.199999999999999956e-01
1.435000000000000237e-06,4.000000000000000083e-02
1.436000000000000100e-06,1.199999999999999956e-01
1.437000000000000175e-06,8.000000000000000167e-02
1.438000000000000250e-06,1.600000000000000033e-01
1.439000000000000114e-06,1.199999999999999956e-01
1.440000000000000189e-06,1.600000000000000033e-01
1.441000000000000052e-06,1.600000000000000033e-01
1.442000000000000127e-06,1.600000000000000033e-01
1.443000000000000203e-06,1.600000000000000033e-01
1.444000000000000066e-06,8.000000000000000167e-02
1.445000000000000141e-06,8.000000000000000167e-02
1.446000000000000216e-06,1.199999999999999956e-01
1.447000000000000080e-06,2.000000000000000111e-01
1.448000000000000155e-06,1.600000000000000033e-01
1.449000000000000230e-06,1.199999999999999956e-01
1.450000000000000093e-06,8.000000000000000167e-02
1.451000000000000168e-06,1.199999999999999956e-01
1.452000000000000243e-06,8.000000000000000167e-02
1.453000000000000107e-06,1.199999999999999956e-01
1.454000000000000182e-06,1.199999999999999956e-01
1.455000000000000045e-06,1.199999999999999956e-01
1.456000000000000120e-06,1.600000000000000033e-01
1.457000000000000196e-06,1.600000000000000033e-01
1.458000000000000059e-06,8.000000000000000167e-02
1.459000000000000134e-06,8.000000000000000167e-02
1.460000000000000209e-06,1.199999999999999956e-01
1.461000000000000073e-06,8.000000000000000167e-02
1.462000000000000148e-06,8.000000000000000167e-02
1.463000000000000223e-06,8.000000000000000167e-02
1.464000000000000086e-06,1.199999999999999956e-01
1.465000000000000161e-06,1.199999999999999956e-01
1.466000000000000236e-06,1.199999999999999956e-01
1.467000000000000100e-06,8.000000000000000167e-02
1.468000000000000175e-06,8.000000000000000167e-02
1.469000000000000250e-06,1.199999999999999956e-01
1.470000000000000113e-06,8.000000000000000167e-02
1.471000000000000189e-06,1.199999999999999956e-01
1.472000000000000052e-06,1.199999999999999956e-01
1.473000000000000127e-06,1.199999999999999956e-01
1.474000000000000202e-06,1.199999999999999956e-01
1.475000000000000066e-06,8.000000000000000167e-02
1.476000000000000141e-06,8.000000000000000167e-02
1.477000000000000216e-06,1.199999999999999956e-01
1.478000000000000079e-06,1.199999999999999956e-01
1.479000000000000154e-06,1.199999999999999956e-01
1.480000000000000229e-06,4.000000000000000083e-02
1.481000000000000093e-06,1.199999999999999956e-01
1.482000000000000168e-06,1.600000000000000033e-01
1.483000000000000243e-06,8.000000000000000167e-02
1.484000000000000106e-06,8.000000000000000167e-02
1.485000000000000182e-06,8.000000000000000167e-02
1.486000000000000257e-06,1.199999999999999956e-01
1.487000000000000120e-06,8.000000000000000167e-02
1.488000000000000195e-06,1.600000000000000033e-01
1.489000000000000059e-06,8.000000000000000167e-02
1.490000000000000134e-06,8.000000000000000167e-02
1.491000000000000209e-06,1.199999999999999956e-01
1.492000000000000072e-06,1.600000000000000033e-01
1.493000000000000147e-06,1.199999999999999956e-01
1.494000000000000223e-06,8.000000000000000167e-02
1.495000000000000086e-06,1.600000000000000033e-01
1.496000000000000161e-06,8.000000000000000167e-02
1.497000000000000236e-06,8.000000000000000167e-02
1.498000000000000100e-06,1.199999999999999956e-01
1.499000000000000175e-06,1.199999999999999956e-01
1.500000000000000250e-06,8.000000000000000167e-02
1.501000000000000113e-06,1.199999999999999956e-01
1.502000000000000188e-06,8.000000000000000167e-02
1.503000000000000052e-06,1.199999999999999956e-01
1.504000000000000127e-06,8.000000000000000167e-02
1.505000000000000202e-06,1.600000000000000033e-01
1.506000000000000065e-06,1.600000000000000033e-01
1.507000000000000140e-06,8.000000000000000167e-02
1.508000000000000216e-06,8.000000000000000167e-02
1.509000000000000079e-06,8.000000000000000167e-02
1.510000000000000154e-06,8.000000000000000167e-02
1.511000000000000229e-06,8.000000000000000167e-02
1.512000000000000093e-06,1.199999999999999956e-01
1.513000000000000168e-06,8.000000000000000167e-02
1.514000000000000243e-06,1.199999999999999956e-01
1.515000000000000106e-06,1.199999999999999956e-01
1.516000000000000181e-06,1.199999999999999956e-01
1.517000000000000256e-06,1.199999999999999956e-01
1.518000000000000120e-06,8.000000000000000167e-02
1.519000000000000195e-06,8.000000000000000167e-02
1.520000000000000058e-06,1.600000000000000033e-01
1.521000000000000133e-06,1.199999999999999956e-01
1.522000000000000209e-06,1.199999999999999956e-01
1.523000000000000072e-06,1.199999999999999956e-01
1.524000000000000147e-06,8.000000000000000167e-02
1.525000000000000222e-06,1.199999999999999956e-01
1.526000000000000086e-06,8.000000000000000167e-02
1.527000000000000161e-06,8.000000000000000167e-02
1.528000000000000236e-06,1.199999999999999956e-01
1.529000000000000099e-06,8.000000000000000167e-02
1.530000000000000174e-06,1.199999999999999956e-01
1.531000000000000249e-06,8.000000000000000167e-02
1.532000000000000113e-06,1.600000000000000033e-01
1.533000000000000188e-06,1.199999999999999956e-01
1.534000000000000051e-06,8.000000000000000167e-02
1.535000000000000126e-06,1.600000000000000033e-01
1.536000000000000202e-06,1.199999999999999956e-01
1.537000000000000065e-06,1.199999999999999956e-01
1.538000000000000140e-06,1.600000000000000033e-01
1.539000000000000215e-06,1.199999999999999956e-01
1.540000000000000079e-06,1.600000000000000033e-01
1.541000000000000154e-06,1.600000000000000033e-01
1.542000000000000229e-06,1.199999999999999956e-01
1.543000000000000092e-06,8.000000000000000167e-02
1.544000000000000167e-06,8.000000000000000167e-02
1.545000000000000242e-06,1.199999999999999956e-01
1.546000000000000106e-06,8.000000000000000167e-02
1.547000000000000181e-06,1.199999999999999956e-01
1.548000000000000256e-06,1.600000000000000033e-01
1.549000000000000119e-06,1.199999999999999956e-01
1.550000000000000195e-06,8.000000000000000167e-02
1.551000000000000058e-06,8.000000000000000167e-02
1.552000000000000133e-06,1.199999999999999956e-01
1.553000000000000208e-06,1.600000000000000033e-01
1.554000000000000072e-06,1.600000000000000033e-01
1.555000000000000147e-06,1.199999999999999956e-01
1.556000000000000222e-06,1.199999999999999956e-01
1.557000000000000085e-06,1.199999999999999956e-01
1.558000000000000160e-06,1.199999999999999956e-01
1.559000000000000235e-06,1.199999999999999956e-01
1.560000000000000099e-06,8.000000000000000167e-02
1.561000000000000174e-06,8.000000000000000167e-02
1.562000000000000249e-06,1.199999999999999956e-01
1.563000000000000112e-06,4.000000000000000083e-02
1.564000000000000188e-06,1.600000000000000033e-01
1.565000000000000263e-06,1.199999999999999956e-01
1.566000000000000126e-06,1.600000000000000033e-01
1.567000000000000201e-06,1.199999999999999956e-01
1.568000000000000065e-06,1.199999999999999956e-01
1.569000000000000140e-06,1.199999999999999956e-01
1.570000000000000215e-06,8.000000000000000167e-02
1.571000000000000078e-06,1.199999999999999956e-01
1.572000000000000153e-06,1.199999999999999956e-01
1.573000000000000228e-06,1.199999999999999956e-01
1.574000000000000092e-06,8.000000000000000167e-02
1.575000000000000167e-06,8.000000000000000167e-02
1.576000000000000242e-06,8.000000000000000167e-02
1.577000000000000105e-06,1.199999999999999956e-01
1.578000000000000181e-06,1.199999999999999956e-01
1.579000000000000256e-06,1.199999999999999956e-01
1.580000000000000119e-06,1.199999999999999956e-01
1.581000000000000194e-06,1.600000000000000033e-01
1.582000000000000058e-06,1.600000000000000033e-01
1.583000000000000133e-06,1.199999999999999956e-01
1.584000000000000208e-06,8.000000000000000167e-02
1.585000000000000071e-06,8.000000000000000167e-02
1.586000000000000146e-06,8.000000000000000167e-02
1.587000000000000221e-06,1.600000000000000033e-01
1.588000000000000085e-06,1.199999999999999956e-01
1.589000000000000160e-06,8.000000000000000167e-02
1.590000000000000235e-06,1.199999999999999956e-01
1.591000000000000098e-06,1.600000000000000033e-01
1.592000000000000174e-06,1.199999999999999956e-01
1.593000000000000249e-06,8.000000000000000167e-02
1.594000000000000112e-06,1.600000000000000033e-01
1.595000000000000187e-06,1.199999999999999956e-01
1.596000000000000262e-06,8.000000000000000167e-02
1.597000000000000126e-06,8.000000000000000167e-02
1.598000000000000201e-06,1.199999999999999956e-01
1.599000000000000064e-06,1.199999999999999956e-01
1.600000000000000139e-06,1.199999999999999956e-01
1.601000000000000214e-06,1.199999999999999956e-01
1.602000000000000078e-06,1.199999999999999956e-01
1.603000000000000153e-06,8.000000000000000167e-02
1.604000000000000228e-06,1.199999999999999956e-01
1.605000000000000091e-06,1.199999999999999956e-01
1.606000000000000167e-06,4.000000000000000083e-02
1.607000000000000242e-06,1.199999999999999956e-01
1.608000000000000105e-06,4.000000000000000083e-02
1.609000000000000180e-06,8.000000000000000167e-02
1.610000000000000255e-06,4.000000000000000083e-02
1.611000000000000119e-06,8.000000000000000167e-02
1.612000000000000194e-06,4.000000000000000083e-02
1.613000000000000057e-06,8.000000000000000167e-02
1.614000000000000132e-06,1.600000000000000033e-01
1.615000000000000207e-06,8.000000000000000167e-02
1.616000000000000071e-06,1.199999999999999956e-01
1.617000000000000146e-06,8.000000000000000167e-02
1.618000000000000221e-06,1.199999999999999956e-01
1.619000000000000084e-06,1.199999999999999956e-01
1.620000000000000160e-06,1.199999999999999956e-01
1.621000000000000235e-06,1.199999999999999956e-01
1.622000000000000098e-06,8.000000000000000167e-02
1.623000000000000173e-06,8.000000000000000167e-02
1.624000000000000248e-06,8.000000000000000167e-02
1.625000000000000112e-06,8.000000000000000167e-02
1.626000000000000187e-06,8.000000000000000167e-02
1.627000000000000262e-06,8.000000000000000167e-02
1.628000000000000125e-06,8.000000000000000167e-02
1.629000000000000201e-06,1.199999999999999956e-01
1.630000000000000064e-06,4.000000000000000083e-02
1.631000000000000139e-06,1.199999999999999956e-01
1.632000000000000214e-06,8.000000000000000167e-02
1.633000000000000078e-06,4.000000000000000083e-02
1.634000000000000153e-06,1.199999999999999956e-01
1.635000000000000228e-06,1.199999999999999956e-01
1.636000000000000091e-06,1.199999999999999956e-01
1.637000000000000166e-06,1.199999999999999956e-01
1.638000000000000241e-06,8.000000000000000167e-02
1.639000000000000105e-06,1.199999999999999956e-01
1.640000000000000180e-06,1.600000000000000033e-01
1.641000000000000255e-06,1.199999999999999956e-01
1.642000000000000118e-06,1.199999999999999956e-01
1.643000000000000194e-06,4.000000000000000083e-02
1.644000000000000057e-06,1.199999999999999956e-01
1.645000000000000132e-06,8.000000000000000167e-02
1.646000000000000207e-06,1.600000000000000033e-01
1.647000000000000071e-06,1.199999999999999956e-01
1.648000000000000146e-06,1.600000000000000033e-01
1.649000000000000221e-06,8.000000000000000167e-02
1.650000000000000084e-06,8.000000000000000167e-02
1.651000000000000159e-06,1.199999999999999956e-01
1.652000000000000234e-06,1.199999999999999956e-01
1.653000000000000098e-06,1.600000000000000033e-01
1.654000000000000173e-06,1.600000000000000033e-01
1.655000000000000248e-06,1.600000000000000033e-01
1.656000000000000111e-06,1.199999999999999956e-01
1.657000000000000187e-06,1.199999999999999956e-01
1.658000000000000262e-06,8.000000000000000167e-02
1.659000000000000125e-06,8.000000000000000167e-02
1.660000000000000200e-06,1.199999999999999956e-01
1.661000000000000064e-06,8.000000000000000167e-02
1.662000000000000139e-06,8.000000000000000167e-02
1.663000000000000214e-06,8.000000000000000167e-02
1.664000000000000077e-06,1.199999999999999956e-01
1.665000000000000152e-06,8.000000000000000167e-02
1.666000000000000227e-06,8.000000000000000167e-02
1.667000000000000091e-06,8.000000000000000167e-02
1.668000000000000166e-06,8.000000000000000167e-02
1.669000000000000241e-06,8.000000000000000167e-02
1.670000000000000104e-06,1.199999999999999956e-01
1.671000000000000180e-06,1.600000000000000033e-01
1.672000000000000255e-06,1.199999999999999956e-01
1.673000000000000118e-06,8.000000000000000167e-02
1.674000000000000193e-06,8.000000000000000167e-02
1.675000000000000268e-06,4.000000000000000083e-02
1.676000000000000132e-06,1.199999999999999956e-01
1.677000000000000207e-06,8.000000000000000167e-02
1.678000000000000070e-06,4.000000000000000083e-02
1.679000000000000145e-06,1.199999999999999956e-01
1.680000000000000220e-06,1.199999999999999956e-01
1.681000000000000084e-06,8.000000000000000167e-02
1.682000000000000159e-06,1.600000000000000033e-01
1.683000000000000234e-06,8.000000000000000167e-02
1.684000000000000097e-06,8.000000000000000167e-02
1.685000000000000173e-06,4.000000000000000083e-02
1.686000000000000248e-06,1.199999999999999956e-01
1.687000000000000111e-06,1.199999999999999956e-01
1.688000000000000186e-06,4.000000000000000083e-02
1.689000000000000261e-06,1.199999999999999956e-01
1.690000000000000125e-06,1.199999999999999956e-01
1.691000000000000200e-06,8.000000000000000167e-02
1.692000000000000063e-06,0.000000000000000000e+00
1.693000000000000138e-06,1.199999999999999956e-01
1.694000000000000213e-06,8.000000000000000167e-02
1.695000000000000077e-06,8.000000000000000167e-02
1.696000000000000152e-06,1.199999999999999956e-01
1.697000000000000227e-06,8.000000000000000167e-02
1.698000000000000090e-06,8.000000000000000167e-02
1.699000000000000166e-06,1.199999999999999956e-01
1.700000000000000241e-06,8.000000000000000167e-02
1.701000000000000104e-06,4.000000000000000083e-02
1.702000000000000179e-06,8.000000000000000167e-02
1.703000000000000254e-06,1.600000000000000033e-01
1.704000000000000118e-06,1.199999999999999956e-01
1.705000000000000193e-06,4.000000000000000083e-02
1.706000000000000268e-06,8.000000000000000167e-02
1.707000000000000131e-06,8.000000000000000167e-02
1.708000000000000206e-06,8.000000000000000167e-02
1.709000000000000070e-06,8.000000000000000167e-02
1.710000000000000145e-06,1.199999999999999956e-01
1.711000000000000220e-06,4.000000000000000083e-02
1.712000000000000083e-06,1.199999999999999956e-01
1.713000000000000159e-06,4.000000000000000083e-02
1.714000000000000234e-06,8.000000000000000167e-02
1.715000000000000097e-06,1.199999999999999956e-01
1.716000000000000172e-06,1.199999999999999956e-01
1.717000000000000247e-06,1.199999999999999956e-01
1.718000000000000111e-06,1.199999999999999956e-01
1.719000000000000186e-06,4.000000000000000083e-02
1.720000000000000261e-06,8.000000000000000167e-02
1.721000000000000124e-06,1.199999999999999956e-01
1.722000000000000199e-06,8.000000000000000167e-02
1.723000000000000063e-06,8.000000000000000167e-02
1.724000000000000138e-06,8.000000000000000167e-02
1.725000000000000213e-06,8.000000000000000167e-02
1.726000000000000076e-06,8.000000000000000167e-02
1.727000000000000152e-06,8.000000000000000167e-02
1.728000000000000227e-06,1.199999999999999956e-01
1.729000000000000090e-06,1.199999999999999956e-01
1.730000000000000165e-06,8.000000000000000167e-02
1.731000000000000240e-06,1.199999999999999956e-01
1.732000000000000104e-06,4.000000000000000083e-02
1.733000000000000179e-06,1.199999999999999956e-01
1.734000000000000254e-06,1.199999999999999956e-01
1.735000000000000117e-06,8.000000000000000167e-02
1.736000000000000192e-06,1.199999999999999956e-01
1.737000000000000268e-06,1.199999999999999956e-01
1.738000000000000131e-06,1.199999999999999956e-01
1.739000000000000206e-06,1.600000000000000033e-01
1.740000000000000069e-06,1.199999999999999956e-01
1.741000000000000145e-06,8.000000000000000167e-02
1.742000000000000220e-06,4.000000000000000083e-02
1.743000000000000083e-06,8.000000000000000167e-02
1.744000000000000158e-06,1.199999999999999956e-01
1.745000000000000233e-06,1.199999999999999956e-01
1.746000000000000097e-06,1.199999999999999956e-01
1.747000000000000172e-06,1.199999999999999956e-01
1.748000000000000247e-06,1.199999999999999956e-01
1.749000000000000322e-06,8.000000000000000167e-02
1.749999999999999974e-06,1.600000000000000033e-01
1.751000000000000049e-06,1.199999999999999956e-01
1.752000000000000124e-06,8.000000000000000167e-02
1.753000000000000199e-06,1.199999999999999956e-01
1.754000000000000274e-06,4.000000000000000083e-02
1.755000000000000349e-06,8.000000000000000167e-02
1.756000000000000001e-06,8.000000000000000167e-02
1.757000000000000076e-06,8.000000000000000167e-02
1.758000000000000151e-06,8.000000000000000167e-02
1.759000000000000226e-06,4.000000000000000083e-02
1.760000000000000302e-06,8.000000000000000167e-02
1.761000000000000377e-06,4.000000000000000083e-02
1.762000000000000028e-06,1.199999999999999956e-01
1.763000000000000103e-06,1.199999999999999956e-01
1.764000000000000179e-06,1.199999999999999956e-01
1.765000000000000254e-06,1.600000000000000033e-01
1.766000000000000329e-06,1.199999999999999956e-01
1.766999999999999980e-06,8.000000000000000167e-02
1.768000000000000056e-06,1.199999999999999956e-01
1.769000000000000131e-06,1.600000000000000033e-01
1.770000000000000206e-06,1.199999999999999956e-01
1.771000000000000281e-06,8.000000000000000167e-02
1.772000000000000356e-06,8.000000000000000167e-02
1.773000000000000008e-06,4.000000000000000083e-02
1.774000000000000083e-06,1.199999999999999956e-01
1.775000000000000158e-06,8.000000000000000167e-02
1.776000000000000233e-06,8.000000000000000167e-02
1.777000000000000308e-06,8.000000000000000167e-02
1.777999999999999960e-06,8.000000000000000167e-02
1.779000000000000035e-06,1.199999999999999956e-01
1.780000000000000110e-06,1.199999999999999956e-01
1.781000000000000185e-06,1.600000000000000033e-01
1.782000000000000260e-06,8.000000000000000167e-02
1.783000000000000335e-06,8.000000000000000167e-02
1.783999999999999987e-06,8.000000000000000167e-02
1.785000000000000062e-06,1.199999999999999956e-01
1.786000000000000137e-06,8.000000000000000167e-02
1.787000000000000212e-06,8.000000000000000167e-02
1.788000000000000288e-06,1.199999999999999956e-01
1.789000000000000363e-06,1.199999999999999956e-01
1.790000000000000014e-06,1.199999999999999956e-01
1.791000000000000089e-06,4.000000000000000083e-02
1.792000000000000165e-06,1.600000000000000033e-01
1.793000000000000240e-06,8.000000000000000167e-02
1.794000000000000315e-06,1.199999999999999956e-01
1.794999999999999966e-06,8.000000000000000167e-02
1.796000000000000042e-06,8.000000000000000167e-02
1.797000000000000117e-06,8.000000000000000167e-02
1.798000000000000192e-06,1.199999999999999956e-01
1.799000000000000267e-06,4.000000000000000083e-02
1.800000000000000342e-06,1.199999999999999956e-01
1.800999999999999994e-06,8.000000000000000167e-02
1.802000000000000069e-06,1.600000000000000033e-01
1.803000000000000144e-06,1.199999999999999956e-01
1.804000000000000219e-06,0.000000000000000000e+00
1.805000000000000294e-06,8.000000000000000167e-02
1.806000000000000369e-06,1.199999999999999956e-01
1.807000000000000021e-06,8.000000000000000167e-02
1.808000000000000096e-06,8.000000000000000167e-02
1.809000000000000171e-06,1.199999999999999956e-01
1.810000000000000246e-06,8.000000000000000167e-02
1.811000000000000321e-06,1.199999999999999956e-01
1.811999999999999973e-06,1.600000000000000033e-01
1.813000000000000048e-06,1.199999999999999956e-01
1.814000000000000123e-06,1.600000000000000033e-01
1.815000000000000198e-06,8.000000000000000167e-02
1.816000000000000274e-06,1.600000000000000033e-01
1.817000000000000349e-06,1.199999999999999956e-01
1.818000000000000000e-06,8.000000000000000167e-02
1.819000000000000075e-06,1.199999999999999956e-01
1.820000000000000151e-06,8.000000000000000167e-02
1.821000000000000226e-06,1.199999999999999956e-01
1.822000000000000301e-06,8.000000000000000167e-02
1.823000000000000376e-06,8.000000000000000167e-02
1.824000000000000028e-06,8.000000000000000167e-02
1.825000000000000103e-06,8.000000000000000167e-02
1.826000000000000178e-06,1.199999999999999956e-01
1.827000000000000253e-06,1.199999999999999956e-01
1.828000000000000328e-06,1.199999999999999956e-01
1.828999999999999980e-06,1.199999999999999956e-01
1.830000000000000055e-06,1.600000000000000033e-01
1.831000000000000130e-06,8.000000000000000167e-02
1.832000000000000205e-06,1.600000000000000033e-01
1.833000000000000280e-06,1.199999999999999956e-01
1.834000000000000355e-06,1.600000000000000033e-01
1.835000000000000007e-06,1.199999999999999956e-01
1.836000000000000082e-06,1.199999999999999956e-01
1.837000000000000157e-06,1.199999999999999956e-01
1.838000000000000232e-06,1.600000000000000033e-01
1.839000000000000307e-06,1.600000000000000033e-01
1.840000000000000383e-06,1.199999999999999956e-01
1.841000000000000034e-06,8.000000000000000167e-02
1.842000000000000109e-06,1.199999999999999956e-01
1.843000000000000184e-06,1.199999999999999956e-01
1.844000000000000260e-06,1.199999999999999956e-01
1.845000000000000335e-06,1.199999999999999956e-01
1.845999999999999986e-06,1.600000000000000033e-01
1.847000000000000061e-06,1.600000000000000033e-01
1.848000000000000137e-06,1.600000000000000033e-01
1.849000000000000212e-06,1.600000000000000033e-01
1.850000000000000287e-06,1.600000000000000033e-01
1.851000000000000362e-06,1.600000000000000033e-01
1.852000000000000014e-06,1.600000000000000033e-01
1.853000000000000089e-06,1.199999999999999956e-01
1.854000000000000164e-06,8.000000000000000167e-02
1.855000000000000239e-06,8.000000000000000167e-02
1.856000000000000314e-06,1.600000000000000033e-01
1.856999999999999966e-06,1.199999999999999956e-01
1.858000000000000041e-06,1.199999999999999956e-01
1.859000000000000116e-06,1.600000000000000033e-01
1.860000000000000191e-06,1.199999999999999956e-01
1.861000000000000266e-06,1.600000000000000033e-01
1.862000000000000341e-06,1.600000000000000033e-01
1.862999999999999993e-06,1.199999999999999956e-01
1.864000000000000068e-06,1.199999999999999956e-01
1.865000000000000143e-06,1.600000000000000033e-01
1.866000000000000218e-06,1.600000000000000033e-01
1.867000000000000294e-06,1.199999999999999956e-01
1.868000000000000369e-06,2.000000000000000111e-01
1.869000000000000020e-06,1.600000000000000033e-01
1.870000000000000095e-06,2.000000000000000111e-01
1.871000000000000171e-06,1.199999999999999956e-01
1.872000000000000246e-06,1.199999999999999956e-01
1.873000000000000321e-06,1.600000000000000033e-01
1.873999999999999972e-06,1.600000000000000033e-01
1.875000000000000048e-06,1.199999999999999956e-01
1.876000000000000123e-06,1.600000000000000033e-01
1.877000000000000198e-06,2.000000000000000111e-01
1.878000000000000273e-06,2.000000000000000111e-01
1.879000000000000348e-06,2.000000000000000111e-01
1.880000000000000000e-06,2.000000000000000111e-01
1.881000000000000075e-06,1.199999999999999956e-01
1.882000000000000150e-06,1.199999999999999956e-01
1.883000000000000225e-06,1.199999999999999956e-01
1.884000000000000300e-06,2.399999999999999911e-01
1.885000000000000375e-06,1.600000000000000033e-01
1.886000000000000027e-06,1.600000000000000033e-01
1.887000000000000102e-06,1.600000000000000033e-01
1.888000000000000177e-06,1.600000000000000033e-01
1.889000000000000252e-06,1.600000000000000033e-01
1.890000000000000327e-06,1.600000000000000033e-01
1.890999999999999979e-06,2.399999999999999911e-01
1.892000000000000054e-06,2.000000000000000111e-01
1.893000000000000129e-06,1.600000000000000033e-01
1.894000000000000204e-06,2.000000000000000111e-01
1.895000000000000280e-06,2.800000000000000266e-01
1.896000000000000355e-06,2.000000000000000111e-01
1.897000000000000006e-06,2.800000000000000266e-01
1.898000000000000081e-06,2.000000000000000111e-01
1.899000000000000157e-06,2.399999999999999911e-01
1.900000000000000232e-06,2.000000000000000111e-01
1.901000000000000307e-06,2.800000000000000266e-01
1.902000000000000382e-06,2.399999999999999911e-01
1.903000000000000034e-06,1.600000000000000033e-01
1.904000000000000109e-06,2.399999999999999911e-01
1.905000000000000184e-06,2.399999999999999911e-01
1.906000000000000259e-06,2.000000000000000111e-01
1.907000000000000334e-06,2.000000000000000111e-01
1.907999999999999774e-06,2.399999999999999911e-01
1.908999999999999849e-06,2.800000000000000266e-01
1.909999999999999924e-06,2.399999999999999911e-01
1.910999999999999999e-06,2.800000000000000266e-01
1.912000000000000074e-06,2.800000000000000266e-01
1.913000000000000150e-06,2.800000000000000266e-01
1.913999999999999801e-06,2.399999999999999911e-01
1.914999999999999876e-06,3.200000000000000067e-01
1.915999999999999951e-06,2.800000000000000266e-01
1.917000000000000027e-06,3.200000000000000067e-01
1.918000000000000102e-06,2.800000000000000266e-01
1.919000000000000177e-06,3.200000000000000067e-01
1.919999999999999828e-06,3.200000000000000067e-01
1.920999999999999904e-06,2.800000000000000266e-01
1.921999999999999979e-06,3.200000000000000067e-01
1.923000000000000054e-06,3.200000000000000067e-01
1.924000000000000129e-06,3.200000000000000067e-01
1.924999999999999781e-06,2.800000000000000266e-01
1.925999999999999856e-06,3.599999999999999867e-01
1.926999999999999931e-06,4.000000000000000222e-01
1.928000000000000006e-06,4.000000000000000222e-01
1.929000000000000081e-06,3.599999999999999867e-01
1.930000000000000156e-06,3.599999999999999867e-01
1.930999999999999808e-06,4.400000000000000022e-01
1.931999999999999883e-06,4.000000000000000222e-01
1.932999999999999958e-06,4.000000000000000222e-01
1.934000000000000033e-06,4.400000000000000022e-01
1.935000000000000108e-06,4.000000000000000222e-01
1.935999999999999760e-06,4.400000000000000022e-01
1.936999999999999835e-06,4.400000000000000022e-01
1.937999999999999910e-06,4.799999999999999822e-01
1.938999999999999985e-06,4.799999999999999822e-01
1.940000000000000060e-06,4.000000000000000222e-01
1.941000000000000136e-06,4.799999999999999822e-01
1.941999999999999787e-06,4.799999999999999822e-01
1.942999999999999862e-06,5.200000000000000178e-01
1.943999999999999937e-06,5.200000000000000178e-01
1.945000000000000013e-06,4.799999999999999822e-01
1.946000000000000088e-06,4.799999999999999822e-01
1.947000000000000163e-06,5.600000000000000533e-01
1.947999999999999814e-06,5.600000000000000533e-01
1.948999999999999890e-06,5.600000000000000533e-01
1.949999999999999965e-06,5.600000000000000533e-01
1.951000000000000040e-06,5.999999999999999778e-01
1.952000000000000115e-06,5.600000000000000533e-01
1.952999999999999767e-06,6.400000000000000133e-01
1.953999999999999842e-06,5.999999999999999778e-01
1.954999999999999917e-06,6.400000000000000133e-01
1.955999999999999992e-06,6.400000000000000133e-01
1.957000000000000067e-06,6.800000000000000488e-01
1.958000000000000142e-06,6.800000000000000488e-01
1.958999999999999794e-06,6.400000000000000133e-01
1.959999999999999869e-06,7.600000000000000089e-01
1.960999999999999944e-06,7.600000000000000089e-01
1.962000000000000019e-06,7.600000000000000089e-01
1.963000000000000094e-06,6.800000000000000488e-01
1.964000000000000169e-06,7.600000000000000089e-01
1.964999999999999821e-06,8.000000000000000444e-01
1.965999999999999896e-06,8.000000000000000444e-01
1.966999999999999971e-06,8.800000000000000044e-01
1.968000000000000046e-06,8.399999999999999689e-01
1.969000000000000122e-06,8.800000000000000044e-01
1.969999999999999773e-06,8.399999999999999689e-01
1.970999999999999848e-06,8.399999999999999689e-01
1.971999999999999923e-06,8.800000000000000044e-01
1.972999999999999999e-06,9.200000000000000400e-01
1.974000000000000074e-06,1.000000000000000000e+00
1.975000000000000149e-06,9.599999999999999645e-01
1.975999999999999800e-06,1.040000000000000036e+00
1.976999999999999876e-06,1.040000000000000036e+00
1.977999999999999951e-06,1.040000000000000036e+00
1.979000000000000026e-06,1.080000000000000071e+00
1.980000000000000101e-06,1.040000000000000036e+00
1.981000000000000176e-06,1.080000000000000071e+00
1.981999999999999828e-06,1.120000000000000107e+00
1.982999999999999903e-06,1.199999999999999956e+00
1.983999999999999978e-06,1.199999999999999956e+00
1.985000000000000053e-06,1.199999999999999956e+00
1.986000000000000128e-06,1.199999999999999956e+00
1.986999999999999780e-06,1.239999999999999991e+00
1.987999999999999855e-06,1.280000000000000027e+00
1.988999999999999930e-06,1.239999999999999991e+00
1.990000000000000005e-06,1.280000000000000027e+00
1.991000000000000080e-06,1.320000000000000062e+00
1.992000000000000155e-06,1.360000000000000098e+00
1.992999999999999807e-06,1.360000000000000098e+00
1.993999999999999882e-06,1.360000000000000098e+00
1.994999999999999957e-06,1.400000000000000133e+00
1.996000000000000032e-06,1.479999999999999982e+00
1.997000000000000108e-06,1.439999999999999947e+00
1.998000000000000183e-06,1.439999999999999947e+00
1.998999999999999834e-06,1.479999999999999982e+00
1.999999999999999909e-06,1.520000000000000018e+00
2.000999999999999985e-06,1.560000000000000053e+00
2.002000000000000060e-06,1.520000000000000018e+00
2.003000000000000135e-06,1.600000000000000089e+00
2.003999999999999786e-06,1.640000000000000124e+00
2.004999999999999862e-06,1.600000000000000089e+00
2.005999999999999937e-06,1.640000000000000124e+00
2.007000000000000012e-06,1.640000000000000124e+00
2.008000000000000087e-06,1.640000000000000124e+00
2.009000000000000162e-06,1.719999999999999973e+00
2.009999999999999814e-06,1.760000000000000009e+00
2.010999999999999889e-06,1.760000000000000009e+00
2.011999999999999964e-06,1.800000000000000044e+00
2.013000000000000039e-06,1.800000000000000044e+00
2.014000000000000114e-06,1.840000000000000080e+00
2.014999999999999766e-06,1.840000000000000080e+00
2.015999999999999841e-06,1.880000000000000115e+00
2.016999999999999916e-06,1.840000000000000080e+00
2.017999999999999991e-06,1.880000000000000115e+00
2.019000000000000066e-06,1.880000000000000115e+00
2.020000000000000142e-06,1.919999999999999929e+00
2.020999999999999793e-06,1.919999999999999929e+00
2.021999999999999868e-06,1.919999999999999929e+00
2.022999999999999943e-06,1.959999999999999964e+00
2.024000000000000019e-06,2.000000000000000000e+00
2.025000000000000094e-06,2.000000000000000000e+00
2.026000000000000169e-06,2.040000000000000036e+00
2.026999999999999820e-06,2.040000000000000036e+00
2.027999999999999896e-06,2.040000000000000036e+00
2.028999999999999971e-06,2.000000000000000000e+00
2.030000000000000046e-06,2.080000000000000071e+00
2.031000000000000121e-06,2.080000000000000071e+00
2.031999999999999773e-06,2.080000000000000071e+00
2.032999999999999848e-06,2.120000000000000107e+00
2.033999999999999923e-06,2.120000000000000107e+00
2.034999999999999998e-06,2.120000000000000107e+00
2.036000000000000073e-06,2.200000000000000178e+00
2.037000000000000148e-06,2.160000000000000142e+00
2.037999999999999800e-06,2.200000000000000178e+00
2.038999999999999875e-06,2.160000000000000142e+00
2.039999999999999950e-06,2.160000000000000142e+00
2.041000000000000025e-06,2.200000000000000178e+00
2.042000000000000100e-06,2.200000000000000178e+00
2.043000000000000175e-06,2.120000000000000107e+00
2.043999999999999827e-06,2.160000000000000142e+00
2.044999999999999902e-06,2.200000000000000178e+00
2.045999999999999977e-06,2.160000000000000142e+00
2.047000000000000052e-06,2.160000000000000142e+00
2.048000000000000128e-06,2.200000000000000178e+00
2.048999999999999779e-06,2.200000000000000178e+00
2.049999999999999854e-06,2.200000000000000178e+00
2.050999999999999929e-06,2.160000000000000142e+00
2.052000000000000005e-06,2.160000000000000142e+00
2.053000000000000080e-06,2.120000000000000107e+00
2.054000000000000155e-06,2.200000000000000178e+00
2.054999999999999806e-06,2.160000000000000142e+00
2.055999999999999882e-06,2.160000000000000142e+00
2.056999999999999957e-06,2.160000000000000142e+00
2.058000000000000032e-06,2.160000000000000142e+00
2.059000000000000107e-06,2.160000000000000142e+00
2.060000000000000182e-06,2.160000000000000142e+00
2.060999999999999834e-06,2.160000000000000142e+00
2.061999999999999909e-06,2.160000000000000142e+00
2.062999999999999984e-06,2.120000000000000107e+00
2.064000000000000059e-06,2.120000000000000107e+00
2.065000000000000134e-06,2.080000000000000071e+00
2.065999999999999786e-06,2.120000000000000107e+00
2.066999999999999861e-06,2.120000000000000107e+00
2.067999999999999936e-06,2.080000000000000071e+00
2.069000000000000011e-06,2.080000000000000071e+00
2.070000000000000086e-06,2.080000000000000071e+00
2.071000000000000161e-06,2.080000000000000071e+00
2.071999999999999813e-06,2.080000000000000071e+00
2.072999999999999888e-06,2.080000000000000071e+00
2.073999999999999963e-06,2.000000000000000000e+00
2.075000000000000038e-06,2.040000000000000036e+00
2.076000000000000114e-06,2.080000000000000071e+00
2.077000000000000189e-06,2.040000000000000036e+00
2.077999999999999840e-06,2.040000000000000036e+00
2.078999999999999915e-06,1.959999999999999964e+00
2.079999999999999991e-06,2.000000000000000000e+00
2.081000000000000066e-06,1.919999999999999929e+00
2.082000000000000141e-06,1.959999999999999964e+00
2.082999999999999792e-06,1.959999999999999964e+00
2.083999999999999868e-06,1.959999999999999964e+00
2.084999999999999943e-06,1.959999999999999964e+00
2.086000000000000018e-06,1.959999999999999964e+00
2.087000000000000093e-06,1.880000000000000115e+00
2.088000000000000168e-06,1.880000000000000115e+00
2.088999999999999820e-06,1.919999999999999929e+00
2.089999999999999895e-06,1.840000000000000080e+00
2.090999999999999970e-06,1.880000000000000115e+00
2.092000000000000045e-06,1.800000000000000044e+00
2.093000000000000120e-06,1.840000000000000080e+00
2.093999999999999772e-06,1.800000000000000044e+00
2.094999999999999847e-06,1.800000000000000044e+00
2.095999999999999922e-06,1.760000000000000009e+00
2.096999999999999997e-06,1.760000000000000009e+00
2.098000000000000072e-06,1.760000000000000009e+00
2.099000000000000147e-06,1.719999999999999973e+00
2.099999999999999799e-06,1.760000000000000009e+00
2.100999999999999874e-06,1.679999999999999938e+00
2.101999999999999949e-06,1.640000000000000124e+00
2.103000000000000024e-06,1.679999999999999938e+00
2.104000000000000100e-06,1.640000000000000124e+00
2.105000000000000175e-06,1.640000000000000124e+00
2.105999999999999826e-06,1.640000000000000124e+00
2.106999999999999901e-06,1.640000000000000124e+00
2.107999999999999977e-06,1.640000000000000124e+00
2.109000000000000052e-06,1.640000000000000124e+00
2.110000000000000127e-06,1.600000000000000089e+00
2.110999999999999778e-06,1.560000000000000053e+00
2.111999999999999854e-06,1.600000000000000089e+00
2.112999999999999929e-06,1.560000000000000053e+00
2.114000000000000004e-06,1.560000000000000053e+00
2.115000000000000079e-06,1.520000000000000018e+00
2.116000000000000154e-06,1.520000000000000018e+00
2.116999999999999806e-06,1.520000000000000018e+00
2.117999999999999881e-06,1.479999999999999982e+00
2.118999999999999956e-06,1.520000000000000018e+00
2.120000000000000031e-06,1.479999999999999982e+00
2.121000000000000106e-06,1.439999999999999947e+00
2.122000000000000181e-06,1.439999999999999947e+00
2.122999999999999833e-06,1.400000000000000133e+00
2.123999999999999908e-06,1.400000000000000133e+00
2.124999999999999983e-06,1.400000000000000133e+00
2.126000000000000058e-06,1.400000000000000133e+00
2.127000000000000134e-06,1.360000000000000098e+00
2.127999999999999785e-06,1.320000000000000062e+00
2.128999999999999860e-06,1.360000000000000098e+00
2.129999999999999935e-06,1.360000000000000098e+00
2.131000000000000011e-06,1.320000000000000062e+00
2.132000000000000086e-06,1.320000000000000062e+00
2.133000000000000161e-06,1.360000000000000098e+00
2.133999999999999812e-06,1.280000000000000027e+00
2.134999999999999888e-06,1.320000000000000062e+00
2.135999999999999963e-06,1.320000000000000062e+00
2.137000000000000038e-06,1.239999999999999991e+00
2.138000000000000113e-06,1.239999999999999991e+00
2.139000000000000188e-06,1.239999999999999991e+00
2.139999999999999840e-06,1.239999999999999991e+00
2.140999999999999915e-06,1.239999999999999991e+00
2.141999999999999990e-06,1.199999999999999956e+00
2.143000000000000065e-06,1.199999999999999956e+00
2.144000000000000140e-06,1.199999999999999956e+00
2.144999999999999792e-06,1.159999999999999920e+00
2.145999999999999867e-06,1.159999999999999920e+00
2.146999999999999942e-06,1.159999999999999920e+00
2.148000000000000017e-06,1.159999999999999920e+00
2.149000000000000092e-06,1.159999999999999920e+00
2.150000000000000167e-06,1.120000000000000107e+00
2.150999999999999819e-06,1.159999999999999920e+00
2.151999999999999894e-06,1.120000000000000107e+00
2.152999999999999969e-06,1.120000000000000107e+00
2.154000000000000044e-06,1.080000000000000071e+00
2.155000000000000120e-06,1.120000000000000107e+00
2.155999999999999771e-06,1.080000000000000071e+00
2.156999999999999846e-06,1.040000000000000036e+00
2.157999999999999921e-06,1.040000000000000036e+00
2.158999999999999997e-06,1.080000000000000071e+00
2.160000000000000072e-06,1.040000000000000036e+00
2.161000000000000147e-06,1.080000000000000071e+00
2.161999999999999798e-06,1.040000000000000036e+00
2.162999999999999874e-06,1.040000000000000036e+00
2.163999999999999949e-06,1.040000000000000036e+00
2.165000000000000024e-06,1.040000000000000036e+00
2.166000000000000099e-06,1.000000000000000000e+00
2.167000000000000174e-06,1.040000000000000036e+00
2.167999999999999826e-06,1.000000000000000000e+00
2.168999999999999901e-06,9.599999999999999645e-01
2.169999999999999976e-06,9.599999999999999645e-01
2.171000000000000051e-06,9.599999999999999645e-01
2.172000000000000126e-06,1.000000000000000000e+00
2.172999999999999778e-06,9.200000000000000400e-01
2.173999999999999853e-06,9.599999999999999645e-01
2.174999999999999928e-06,9.599999999999999645e-01
2.176000000000000003e-06,9.200000000000000400e-01
2.177000000000000078e-06,9.599999999999999645e-01
2.178000000000000153e-06,8.800000000000000044e-01
2.178999999999999805e-06,8.399999999999999689e-01
2.179999999999999880e-06,9.200000000000000400e-01
2.180999999999999955e-06,9.200000000000000400e-01
2.182000000000000030e-06,9.200000000000000400e-01
2.183000000000000106e-06,8.399999999999999689e-01
2.184000000000000181e-06,8.800000000000000044e-01
2.184999999999999832e-06,8.800000000000000044e-01
2.185999999999999907e-06,9.200000000000000400e-01
2.186999999999999983e-06,8.000000000000000444e-01
2.188000000000000058e-06,9.200000000000000400e-01
2.189000000000000133e-06,8.399999999999999689e-01
2.189999999999999784e-06,8.399999999999999689e-01
2.190999999999999860e-06,8.800000000000000044e-01
2.191999999999999935e-06,8.800000000000000044e-01
2.193000000000000010e-06,8.000000000000000444e-01
2.194000000000000085e-06,8.399999999999999689e-01
2.195000000000000160e-06,8.399999999999999689e-01
2.195999999999999812e-06,8.000000000000000444e-01
2.196999999999999887e-06,8.000000000000000444e-01
2.197999999999999962e-06,8.000000000000000444e-01
2.199000000000000037e-06,7.600000000000000089e-01
2.200000000000000112e-06,7.600000000000000089e-01
2.201000000000000187e-06,8.399999999999999689e-01
2.201999999999999839e-06,8.000000000000000444e-01
2.202999999999999914e-06,7.600000000000000089e-01
2.203999999999999989e-06,7.199999999999999734e-01
2.205000000000000064e-06,8.000000000000000444e-01
2.206000000000000139e-06,8.000000000000000444e-01
2.206999999999999791e-06,8.000000000000000444e-01
2.207999999999999866e-06,7.600000000000000089e-01
2.208999999999999941e-06,8.000000000000000444e-01
2.210000000000000016e-06,7.600000000000000089e-01
2.211000000000000092e-06,7.199999999999999734e-01
2.212000000000000167e-06,7.600000000000000089e-01
2.212999999999999818e-06,7.199999999999999734e-01
2.213999999999999893e-06,7.600000000000000089e-01
2.214999999999999969e-06,7.199999999999999734e-01
2.216000000000000044e-06,6.800000000000000488e-01
2.217000000000000119e-06,7.199999999999999734e-01
2.218000000000000194e-06,7.199999999999999734e-01
2.218999999999999846e-06,7.199999999999999734e-01
2.219999999999999921e-06,7.199999999999999734e-01
2.220999999999999996e-06,7.600000000000000089e-01
2.222000000000000071e-06,7.199999999999999734e-01
2.223000000000000146e-06,6.800000000000000488e-01
2.223999999999999798e-06,7.199999999999999734e-01
2.224999999999999873e-06,7.199999999999999734e-01
2.225999999999999948e-06,6.800000000000000488e-01
2.227000000000000023e-06,6.800000000000000488e-01
2.228000000000000098e-06,7.199999999999999734e-01
2.229000000000000173e-06,7.199999999999999734e-01
2.229999999999999825e-06,6.400000000000000133e-01
2.230999999999999900e-06,7.199999999999999734e-01
2.231999999999999975e-06,6.800000000000000488e-01
2.233000000000000050e-06,6.400000000000000133e-01
2.234000000000000125e-06,6.800000000000000488e-01
2.234999999999999777e-06,6.800000000000000488e-01
2.235999999999999852e-06,6.800000000000000488e-01
2.236999999999999927e-06,6.800000000000000488e-01
2.238000000000000002e-06,6.400000000000000133e-01
2.239000000000000078e-06,6.400000000000000133e-01
2.240000000000000153e-06,6.400000000000000133e-01
2.240999999999999804e-06,6.400000000000000133e-01
2.241999999999999879e-06,6.800000000000000488e-01
2.242999999999999955e-06,6.800000000000000488e-01
2.244000000000000030e-06,5.999999999999999778e-01
2.245000000000000105e-06,6.400000000000000133e-01
2.246000000000000180e-06,6.400000000000000133e-01
2.246999999999999832e-06,6.400000000000000133e-01
2.247999999999999907e-06,6.400000000000000133e-01
2.248999999999999982e-06,6.400000000000000133e-01
2.250000000000000057e-06,6.400000000000000133e-01
2.251000000000000132e-06,5.999999999999999778e-01
2.251999999999999784e-06,5.999999999999999778e-01
2.252999999999999859e-06,5.999999999999999778e-01
2.253999999999999934e-06,6.400000000000000133e-01
2.255000000000000009e-06,5.600000000000000533e-01
2.256000000000000084e-06,5.999999999999999778e-01
2.257000000000000159e-06,6.400000000000000133e-01
2.257999999999999811e-06,5.999999999999999778e-01
2.258999999999999886e-06,6.400000000000000133e-01
2.259999999999999961e-06,6.400000000000000133e-01
2.261000000000000036e-06,5.999999999999999778e-01
2.262000000000000112e-06,5.999999999999999778e-01
2.263000000000000187e-06,5.999999999999999778e-01
2.263999999999999838e-06,5.999999999999999778e-01
2.264999999999999913e-06,5.999999999999999778e-01
2.265999999999999989e-06,5.999999999999999778e-01
2.267000000000000064e-06,5.200000000000000178e-01
2.268000000000000139e-06,5.600000000000000533e-01
2.268999999999999790e-06,5.600000000000000533e-01
2.269999999999999866e-06,5.600000000000000533e-01
2.270999999999999941e-06,5.600000000000000533e-01
2.272000000000000016e-06,5.600000000000000533e-01
2.273000000000000091e-06,5.999999999999999778e-01
2.274000000000000166e-06,5.999999999999999778e-01
2.274999999999999818e-06,5.999999999999999778e-01
2.275999999999999893e-06,5.999999999999999778e-01
2.276999999999999968e-06,5.600000000000000533e-01
2.278000000000000043e-06,5.999999999999999778e-01
2.279000000000000118e-06,5.600000000000000533e-01
2.280000000000000193e-06,6.400000000000000133e-01
2.280999999999999845e-06,5.600000000000000533e-01
2.281999999999999920e-06,5.600000000000000533e-01
2.282999999999999995e-06,5.999999999999999778e-01
2.284000000000000070e-06,5.600000000000000533e-01
2.285000000000000145e-06,5.999999999999999778e-01
2.285999999999999797e-06,5.200000000000000178e-01
2.286999999999999872e-06,5.600000000000000533e-01
2.287999999999999947e-06,5.200000000000000178e-01
2.289000000000000022e-06,5.200000000000000178e-01
2.290000000000000098e-06,5.200000000000000178e-01
2.291000000000000173e-06,5.999999999999999778e-01
2.291999999999999824e-06,5.200000000000000178e-01
2.292999999999999899e-06,5.600000000000000533e-01
2.293999999999999975e-06,5.600000000000000533e-01
2.295000000000000050e-06,5.600000000000000533e-01
2.296000000000000125e-06,5.200000000000000178e-01
2.297000000000000200e-06,5.600000000000000533e-01
2.297999999999999852e-06,5.600000000000000533e-01
2.298999999999999927e-06,5.200000000000000178e-01
2.300000000000000002e-06,4.799999999999999822e-01
2.301000000000000077e-06,5.200000000000000178e-01
2.302000000000000152e-06,4.799999999999999822e-01
2.302999999999999804e-06,5.200000000000000178e-01
2.303999999999999879e-06,5.600000000000000533e-01
2.304999999999999954e-06,5.600000000000000533e-01
2.306000000000000029e-06,5.200000000000000178e-01
2.307000000000000104e-06,4.799999999999999822e-01
2.308000000000000179e-06,5.200000000000000178e-01
2.308999999999999831e-06,5.200000000000000178e-01
2.309999999999999906e-06,5.200000000000000178e-01
2.310999999999999981e-06,5.200000000000000178e-01
2.312000000000000056e-06,5.200000000000000178e-01
2.313000000000000131e-06,5.600000000000000533e-01
2.313999999999999783e-06,5.200000000000000178e-01
2.314999999999999858e-06,5.600000000000000533e-01
2.315999999999999933e-06,5.200000000000000178e-01
2.317000000000000008e-06,5.200000000000000178e-01
2.318000000000000084e-06,5.200000000000000178e-01
2.319000000000000159e-06,4.799999999999999822e-01
2.319999999999999810e-06,4.799999999999999822e-01
2.320999999999999885e-06,4.799999999999999822e-01
2.321999999999999961e-06,5.200000000000000178e-01
2.323000000000000036e-06,5.200000000000000178e-01
2.324000000000000111e-06,5.200000000000000178e-01
2.325000000000000186e-06,4.799999999999999822e-01
2.325999999999999838e-06,4.799999999999999822e-01
2.326999999999999913e-06,5.200000000000000178e-01
2.327999999999999988e-06,4.799999999999999822e-01
2.329000000000000063e-06,5.600000000000000533e-01
2.330000000000000138e-06,5.200000000000000178e-01
2.330999999999999790e-06,4.799999999999999822e-01
2.331999999999999865e-06,4.799999999999999822e-01
2.332999999999999940e-06,5.200000000000000178e-01
2.334000000000000015e-06,4.799999999999999822e-01
2.335000000000000090e-06,4.400000000000000022e-01
2.336000000000000165e-06,4.799999999999999822e-01
2.336999999999999817e-06,4.799999999999999822e-01
2.337999999999999892e-06,4.799999999999999822e-01
2.338999999999999967e-06,5.200000000000000178e-01
