time_s,voltage_V
-4.499999999999999796e-07,-4.000000000000000083e-02
-4.489999999999999574e-07,-4.000000000000000083e-02
-4.479999999999999882e-07,-4.000000000000000083e-02
-4.469999999999999660e-07,-4.000000000000000083e-02
-4.459999999999999968e-07,0.000000000000000000e+00
-4.449999999999999746e-07,-4.000000000000000083e-02
-4.440000000000000053e-07,-4.000000000000000083e-02
-4.429999999999999831e-07,-4.000000000000000083e-02
-4.419999999999999609e-07,-4.000000000000000083e-02
-4.409999999999999917e-07,0.000000000000000000e+00
-4.399999999999999695e-07,-4.000000000000000083e-02
-4.390000000000000003e-07,-4.000000000000000083e-02
-4.379999999999999781e-07,-4.000000000000000083e-02
-4.369999999999999559e-07,4.000000000000000083e-02
-4.359999999999999866e-07,-4.000000000000000083e-02
-4.349999999999999644e-07,-4.000000000000000083e-02
-4.339999999999999952e-07,0.000000000000000000e+00
-4.329999999999999730e-07,0.000000000000000000e+00
-4.319999999999999508e-07,-4.000000000000000083e-02
-4.309999999999999816e-07,0.000000000000000000e+00
-4.299999999999999594e-07,-4.000000000000000083e-02
-4.289999999999999901e-07,-4.000000000000000083e-02
-4.279999999999999679e-07,-4.000000000000000083e-02
-4.269999999999999987e-07,0.000000000000000000e+00
-4.259999999999999765e-07,0.000000000000000000e+00
-4.249999999999999543e-07,-8.000000000000000167e-02
-4.239999999999999850e-07,-4.000000000000000083e-02
-4.229999999999999629e-07,-8.000000000000000167e-02
-4.219999999999999936e-07,-8.000000000000000167e-02
-4.209999999999999714e-07,-4.000000000000000083e-02
-4.200000000000000022e-07,-4.000000000000000083e-02
-4.189999999999999800e-07,-4.000000000000000083e-02
-4.179999999999999578e-07,-4.000000000000000083e-02
-4.169999999999999885e-07,0.000000000000000000e+00
-4.159999999999999664e-07,0.000000000000000000e+00
-4.149999999999999971e-07,-4.000000000000000083e-02
-4.139999999999999749e-07,-4.000000000000000083e-02
-4.130000000000000057e-07,0.000000000000000000e+00
-4.119999999999999835e-07,-4.000000000000000083e-02
-4.109999999999999613e-07,-4.000000000000000083e-02
-4.099999999999999920e-07,0.000000000000000000e+00
-4.089999999999999698e-07,-4.000000000000000083e-02
-4.079999999999999477e-07,-4.000000000000000083e-02
-4.069999999999999784e-07,-4.000000000000000083e-02
-4.059999999999999562e-07,-4.000000000000000083e-02
-4.049999999999999870e-07,-8.000000000000000167e-02
-4.039999999999999648e-07,0.000000000000000000e+00
-4.029999999999999955e-07,-4.000000000000000083e-02
-4.019999999999999733e-07,0.000000000000000000e+00
-4.009999999999999511e-07,4.000000000000000083e-02
-3.999999999999999819e-07,-4.000000000000000083e-02
-3.989999999999999597e-07,0.000000000000000000e+00
-3.979999999999999905e-07,-8.000000000000000167e-02
-3.969999999999999683e-07,4.000000000000000083e-02
-3.959999999999999990e-07,0.000000000000000000e+00
-3.949999999999999768e-07,4.000000000000000083e-02
-3.939999999999999546e-07,4.000000000000000083e-02
-3.929999999999999854e-07,4.000000000000000083e-02
-3.919999999999999632e-07,-4.000000000000000083e-02
-3.909999999999999940e-07,0.000000000000000000e+00
-3.899999999999999718e-07,0.000000000000000000e+00
-3.890000000000000025e-07,-4.000000000000000083e-02
-3.879999999999999803e-07,-8.000000000000000167e-02
-3.869999999999999581e-07,-4.000000000000000083e-02
-3.859999999999999889e-07,-4.000000000000000083e-02
-3.849999999999999667e-07,-4.000000000000000083e-02
-3.839999999999999445e-07,-4.000000000000000083e-02
-3.829999999999999753e-07,0.000000000000000000e+00
-3.820000000000000060e-07,-4.000000000000000083e-02
-3.809999999999999838e-07,0.000000000000000000e+00
-3.799999999999999616e-07,0.000000000000000000e+00
-3.789999999999999924e-07,-4.000000000000000083e-02
-3.779999999999999702e-07,-4.000000000000000083e-02
-3.769999999999999480e-07,-4.000000000000000083e-02
-3.759999999999999788e-07,-4.000000000000000083e-02
-3.749999999999999566e-07,-8.000000000000000167e-02
-3.739999999999999873e-07,0.000000000000000000e+00
-3.729999999999999651e-07,-4.000000000000000083e-02
-3.719999999999999959e-07,-4.000000000000000083e-02
-3.709999999999999737e-07,0.000000000000000000e+00
-3.699999999999999515e-07,0.000000000000000000e+00
-3.689999999999999822e-07,-8.000000000000000167e-02
-3.679999999999999601e-07,-8.000000000000000167e-02
-3.669999999999999908e-07,4.000000000000000083e-02
-3.659999999999999686e-07,-4.000000000000000083e-02
-3.649999999999999994e-07,-4.000000000000000083e-02
-3.639999999999999772e-07,-8.000000000000000167e-02
-3.629999999999999550e-07,-4.000000000000000083e-02
-3.619999999999999857e-07,0.000000000000000000e+00
-3.609999999999999635e-07,0.000000000000000000e+00
-3.599999999999999414e-07,0.000000000000000000e+00
-3.589999999999999721e-07,-4.000000000000000083e-02
-3.580000000000000029e-07,0.000000000000000000e+00
-3.569999999999999807e-07,-8.000000000000000167e-02
-3.559999999999999585e-07,-8.000000000000000167e-02
-3.549999999999999892e-07,0.000000000000000000e+00
-3.539999999999999670e-07,0.000000000000000000e+00
-3.529999999999999449e-07,-8.000000000000000167e-02
-3.519999999999999756e-07,-4.000000000000000083e-02
-3.510000000000000064e-07,0.000000000000000000e+00
-3.499999999999999842e-07,0.000000000000000000e+00
-3.489999999999999620e-07,0.000000000000000000e+00
-3.479999999999999927e-07,-8.000000000000000167e-02
-3.469999999999999705e-07,-4.000000000000000083e-02
-3.459999999999999483e-07,-8.000000000000000167e-02
-3.449999999999999791e-07,0.000000000000000000e+00
-3.439999999999999569e-07,-8.000000000000000167e-02
-3.429999999999999877e-07,-8.000000000000000167e-02
-3.419999999999999655e-07,0.000000000000000000e+00
-3.409999999999999962e-07,0.000000000000000000e+00
-3.399999999999999740e-07,0.000000000000000000e+00
-3.389999999999999518e-07,-4.000000000000000083e-02
-3.379999999999999826e-07,4.000000000000000083e-02
-3.369999999999999604e-07,-4.000000000000000083e-02
-3.359999999999999911e-07,-4.000000000000000083e-02
-3.349999999999999690e-07,0.000000000000000000e+00
-3.339999999999999997e-07,0.000000000000000000e+00
-3.329999999999999775e-07,0.000000000000000000e+00
-3.319999999999999553e-07,0.000000000000000000e+00
-3.309999999999999861e-07,-8.000000000000000167e-02
-3.299999999999999639e-07,-4.000000000000000083e-02
-3.289999999999999417e-07,-4.000000000000000083e-02
-3.279999999999999725e-07,0.000000000000000000e+00
-3.270000000000000032e-07,0.000000000000000000e+00
-3.259999999999999810e-07,-1.199999999999999956e-01
-3.249999999999999588e-07,-8.000000000000000167e-02
-3.239999999999999896e-07,-4.000000000000000083e-02
-3.229999999999999674e-07,0.000000000000000000e+00
-3.219999999999999452e-07,-4.000000000000000083e-02
-3.209999999999999759e-07,-4.000000000000000083e-02
-3.200000000000000067e-07,-8.000000000000000167e-02
-3.189999999999999845e-07,-4.000000000000000083e-02
-3.179999999999999623e-07,0.000000000000000000e+00
-3.169999999999999931e-07,0.000000000000000000e+00
-3.159999999999999709e-07,0.000000000000000000e+00
-3.149999999999999487e-07,-4.000000000000000083e-02
-3.139999999999999794e-07,-4.000000000000000083e-02
-3.130000000000000102e-07,-8.000000000000000167e-02
-3.119999999999999351e-07,-4.000000000000000083e-02
-3.109999999999999658e-07,-4.000000000000000083e-02
-3.099999999999999966e-07,-4.000000000000000083e-02
-3.089999999999999744e-07,0.000000000000000000e+00
-3.079999999999999522e-07,-4.000000000000000083e-02
-3.069999999999999829e-07,0.000000000000000000e+00
-3.059999999999999607e-07,-8.000000000000000167e-02
-3.049999999999999386e-07,-8.000000000000000167e-02
-3.039999999999999693e-07,-8.000000000000000167e-02
-3.030000000000000001e-07,-4.000000000000000083e-02
-3.019999999999999779e-07,-4.000000000000000083e-02
-3.009999999999999557e-07,-4.000000000000000083e-02
-2.999999999999999864e-07,-4.000000000000000083e-02
-2.989999999999999642e-07,-8.000000000000000167e-02
-2.979999999999999420e-07,0.000000000000000000e+00
-2.969999999999999728e-07,-4.000000000000000083e-02
-2.960000000000000035e-07,0.000000000000000000e+00
-2.949999999999999814e-07,0.000000000000000000e+00
-2.939999999999999592e-07,0.000000000000000000e+00
-2.929999999999999899e-07,-4.000000000000000083e-02
-2.919999999999999677e-07,0.000000000000000000e+00
-2.909999999999999455e-07,0.000000000000000000e+00
-2.899999999999999763e-07,-8.000000000000000167e-02
-2.890000000000000070e-07,-4.000000000000000083e-02
-2.879999999999999319e-07,-4.000000000000000083e-02
-2.869999999999999627e-07,-4.000000000000000083e-02
-2.859999999999999934e-07,0.000000000000000000e+00
-2.849999999999999712e-07,-4.000000000000000083e-02
-2.839999999999999490e-07,0.000000000000000000e+00
-2.829999999999999798e-07,-4.000000000000000083e-02
-2.819999999999999576e-07,-8.000000000000000167e-02
-2.809999999999999354e-07,-4.000000000000000083e-02
-2.799999999999999662e-07,0.000000000000000000e+00
-2.789999999999999969e-07,4.000000000000000083e-02
-2.779999999999999747e-07,-4.000000000000000083e-02
-2.769999999999999525e-07,0.000000000000000000e+00
-2.759999999999999833e-07,0.000000000000000000e+00
-2.749999999999999611e-07,-4.000000000000000083e-02
-2.739999999999999389e-07,4.000000000000000083e-02
-2.729999999999999696e-07,-8.000000000000000167e-02
-2.720000000000000004e-07,-8.000000000000000167e-02
-2.709999999999999782e-07,-4.000000000000000083e-02
-2.699999999999999560e-07,-8.000000000000000167e-02
-2.689999999999999868e-07,-4.000000000000000083e-02
-2.679999999999999646e-07,0.000000000000000000e+00
-2.669999999999999424e-07,-4.000000000000000083e-02
-2.659999999999999731e-07,0.000000000000000000e+00
-2.650000000000000039e-07,-4.000000000000000083e-02
-2.639999999999999288e-07,-4.000000000000000083e-02
-2.629999999999999595e-07,0.000000000000000000e+00
-2.619999999999999903e-07,0.000000000000000000e+00
-2.609999999999999681e-07,0.000000000000000000e+00
-2.599999999999999459e-07,-4.000000000000000083e-02
-2.589999999999999766e-07,-4.000000000000000083e-02
-2.579999999999999544e-07,-8.000000000000000167e-02
-2.569999999999999323e-07,-4.000000000000000083e-02
-2.559999999999999630e-07,-4.000000000000000083e-02
-2.549999999999999938e-07,-8.000000000000000167e-02
-2.539999999999999716e-07,-4.000000000000000083e-02
-2.529999999999999494e-07,0.000000000000000000e+00
-2.519999999999999801e-07,-4.000000000000000083e-02
-2.509999999999999579e-07,-4.000000000000000083e-02
-2.499999999999999357e-07,0.000000000000000000e+00
-2.489999999999999665e-07,-4.000000000000000083e-02
-2.479999999999999972e-07,-4.000000000000000083e-02
-2.469999999999999751e-07,-8.000000000000000167e-02
-2.459999999999999529e-07,-4.000000000000000083e-02
-2.449999999999999836e-07,0.000000000000000000e+00
-2.439999999999999614e-07,-8.000000000000000167e-02
-2.429999999999999392e-07,0.000000000000000000e+00
-2.419999999999999700e-07,0.000000000000000000e+00
-2.410000000000000007e-07,-4.000000000000000083e-02
-2.399999999999999786e-07,-8.000000000000000167e-02
-2.389999999999999564e-07,0.000000000000000000e+00
-2.379999999999999606e-07,-4.000000000000000083e-02
-2.369999999999999649e-07,-4.000000000000000083e-02
-2.359999999999999692e-07,0.000000000000000000e+00
-2.349999999999999735e-07,-4.000000000000000083e-02
-2.339999999999999778e-07,-4.000000000000000083e-02
-2.329999999999999556e-07,-4.000000000000000083e-02
-2.319999999999999599e-07,0.000000000000000000e+00
-2.309999999999999641e-07,0.000000000000000000e+00
-2.299999999999999684e-07,-4.000000000000000083e-02
-2.289999999999999727e-07,0.000000000000000000e+00
-2.279999999999999770e-07,0.000000000000000000e+00
-2.269999999999999548e-07,-8.000000000000000167e-02
-2.259999999999999591e-07,-4.000000000000000083e-02
-2.249999999999999633e-07,-4.000000000000000083e-02
-2.239999999999999676e-07,-4.000000000000000083e-02
-2.229999999999999719e-07,-4.000000000000000083e-02
-2.219999999999999762e-07,0.000000000000000000e+00
-2.209999999999999540e-07,-4.000000000000000083e-02
-2.199999999999999583e-07,-4.000000000000000083e-02
-2.189999999999999626e-07,0.000000000000000000e+00
-2.179999999999999668e-07,0.000000000000000000e+00
-2.169999999999999711e-07,0.000000000000000000e+00
-2.159999999999999754e-07,-4.000000000000000083e-02
-2.149999999999999532e-07,4.000000000000000083e-02
-2.139999999999999575e-07,0.000000000000000000e+00
-2.129999999999999618e-07,0.000000000000000000e+00
-2.119999999999999661e-07,0.000000000000000000e+00
-2.109999999999999703e-07,-8.000000000000000167e-02
-2.099999999999999481e-07,-4.000000000000000083e-02
-2.089999999999999789e-07,-4.000000000000000083e-02
-2.079999999999999567e-07,-4.000000000000000083e-02
-2.069999999999999875e-07,-4.000000000000000083e-02
-2.059999999999999653e-07,0.000000000000000000e+00
-2.049999999999999431e-07,-4.000000000000000083e-02
-2.039999999999999738e-07,-4.000000000000000083e-02
-2.029999999999999516e-07,-4.000000000000000083e-02
-2.019999999999999824e-07,0.000000000000000000e+00
-2.009999999999999602e-07,-4.000000000000000083e-02
-1.999999999999999380e-07,-8.000000000000000167e-02
-1.989999999999999688e-07,0.000000000000000000e+00
-1.979999999999999466e-07,-4.000000000000000083e-02
-1.969999999999999773e-07,-4.000000000000000083e-02
-1.959999999999999551e-07,-4.000000000000000083e-02
-1.949999999999999859e-07,0.000000000000000000e+00
-1.939999999999999637e-07,-4.000000000000000083e-02
-1.929999999999999415e-07,0.000000000000000000e+00
-1.919999999999999723e-07,0.000000000000000000e+00
-1.909999999999999501e-07,0.000000000000000000e+00
-1.899999999999999808e-07,-8.000000000000000167e-02
-1.889999999999999586e-07,-4.000000000000000083e-02
-1.879999999999999894e-07,-4.000000000000000083e-02
-1.869999999999999672e-07,-4.000000000000000083e-02
-1.859999999999999450e-07,-4.000000000000000083e-02
-1.849999999999999757e-07,0.000000000000000000e+00
-1.839999999999999536e-07,0.000000000000000000e+00
-1.829999999999999843e-07,4.000000000000000083e-02
-1.819999999999999621e-07,0.000000000000000000e+00
-1.809999999999999399e-07,-4.000000000000000083e-02
-1.799999999999999707e-07,0.000000000000000000e+00
-1.789999999999999485e-07,-4.000000000000000083e-02
-1.779999999999999792e-07,-4.000000000000000083e-02
-1.769999999999999571e-07,-4.000000000000000083e-02
-1.759999999999999878e-07,-4.000000000000000083e-02
-1.749999999999999656e-07,-8.000000000000000167e-02
-1.739999999999999434e-07,-8.000000000000000167e-02
-1.729999999999999742e-07,-4.000000000000000083e-02
-1.719999999999999520e-07,-4.000000000000000083e-02
-1.709999999999999827e-07,-4.000000000000000083e-02
-1.699999999999999605e-07,0.000000000000000000e+00
-1.689999999999999384e-07,4.000000000000000083e-02
-1.679999999999999691e-07,-4.000000000000000083e-02
-1.669999999999999469e-07,0.000000000000000000e+00
-1.659999999999999777e-07,-4.000000000000000083e-02
-1.649999999999999555e-07,0.000000000000000000e+00
-1.639999999999999862e-07,-4.000000000000000083e-02
-1.629999999999999640e-07,0.000000000000000000e+00
-1.619999999999999418e-07,0.000000000000000000e+00
-1.609999999999999726e-07,-4.000000000000000083e-02
-1.599999999999999504e-07,-4.000000000000000083e-02
-1.589999999999999812e-07,-8.000000000000000167e-02
-1.579999999999999590e-07,-4.000000000000000083e-02
-1.569999999999999368e-07,0.000000000000000000e+00
-1.559999999999999675e-07,-4.000000000000000083e-02
-1.549999999999999453e-07,-4.000000000000000083e-02
-1.539999999999999761e-07,-4.000000000000000083e-02
-1.529999999999999539e-07,0.000000000000000000e+00
-1.519999999999999847e-07,0.000000000000000000e+00
-1.509999999999999625e-07,0.000000000000000000e+00
-1.499999999999999403e-07,-4.000000000000000083e-02
-1.489999999999999710e-07,-4.000000000000000083e-02
-1.479999999999999488e-07,-4.000000000000000083e-02
-1.469999999999999796e-07,-4.000000000000000083e-02
-1.459999999999999574e-07,-8.000000000000000167e-02
-1.449999999999999352e-07,-4.000000000000000083e-02
-1.439999999999999660e-07,4.000000000000000083e-02
-1.429999999999999438e-07,4.000000000000000083e-02
-1.419999999999999745e-07,0.000000000000000000e+00
-1.409999999999999523e-07,-8.000000000000000167e-02
-1.399999999999999831e-07,0.000000000000000000e+00
-1.389999999999999609e-07,-4.000000000000000083e-02
-1.379999999999999387e-07,-4.000000000000000083e-02
-1.369999999999999694e-07,0.000000000000000000e+00
-1.359999999999999473e-07,0.000000000000000000e+00
-1.349999999999999780e-07,-4.000000000000000083e-02
-1.339999999999999558e-07,-4.000000000000000083e-02
-1.329999999999999336e-07,-8.000000000000000167e-02
-1.319999999999999644e-07,0.000000000000000000e+00
-1.309999999999999422e-07,-4.000000000000000083e-02
-1.299999999999999729e-07,-4.000000000000000083e-02
-1.289999999999999508e-07,0.000000000000000000e+00
-1.279999999999999815e-07,-1.199999999999999956e-01
-1.269999999999999593e-07,-4.000000000000000083e-02
-1.259999999999999371e-07,-4.000000000000000083e-02
-1.249999999999999679e-07,-4.000000000000000083e-02
-1.239999999999999457e-07,-4.000000000000000083e-02
-1.229999999999999764e-07,0.000000000000000000e+00
-1.219999999999999542e-07,0.000000000000000000e+00
-1.209999999999999850e-07,-4.000000000000000083e-02
-1.199999999999999628e-07,0.000000000000000000e+00
-1.189999999999999406e-07,0.000000000000000000e+00
-1.179999999999999714e-07,0.000000000000000000e+00
-1.169999999999999492e-07,-4.000000000000000083e-02
-1.159999999999999799e-07,0.000000000000000000e+00
-1.149999999999999577e-07,0.000000000000000000e+00
-1.139999999999999355e-07,-4.000000000000000083e-02
-1.129999999999999663e-07,0.000000000000000000e+00
-1.119999999999999441e-07,0.000000000000000000e+00
-1.109999999999999749e-07,-4.000000000000000083e-02
-1.099999999999999527e-07,-4.000000000000000083e-02
-1.089999999999999834e-07,0.000000000000000000e+00
-1.079999999999999612e-07,-4.000000000000000083e-02
-1.069999999999999390e-07,0.000000000000000000e+00
-1.059999999999999698e-07,-4.000000000000000083e-02
-1.049999999999999476e-07,0.000000000000000000e+00
-1.039999999999999784e-07,-4.000000000000000083e-02
-1.029999999999999562e-07,-4.000000000000000083e-02
-1.019999999999999340e-07,0.000000000000000000e+00
-1.009999999999999647e-07,-8.000000000000000167e-02
-9.999999999999994254e-08,4.000000000000000083e-02
-9.899999999999997329e-08,0.000000000000000000e+00
-9.799999999999995110e-08,0.000000000000000000e+00
-9.699999999999998185e-08,0.000000000000000000e+00
-9.599999999999995966e-08,4.000000000000000083e-02
-9.499999999999993747e-08,-4.000000000000000083e-02
-9.399999999999996822e-08,0.000000000000000000e+00
-9.299999999999994603e-08,8.000000000000000167e-02
-9.199999999999997678e-08,-4.000000000000000083e-02
-9.099999999999995459e-08,0.000000000000000000e+00
-8.999999999999993240e-08,4.000000000000000083e-02
-8.899999999999996315e-08,4.000000000000000083e-02
-8.799999999999994096e-08,4.000000000000000083e-02
-8.699999999999997171e-08,0.000000000000000000e+00
-8.599999999999994952e-08,4.000000000000000083e-02
-8.499999999999998027e-08,0.000000000000000000e+00
-8.399999999999995808e-08,4.000000000000000083e-02
-8.299999999999993589e-08,4.000000000000000083e-02
-8.199999999999996664e-08,4.000000000000000083e-02
-8.099999999999994445e-08,0.000000000000000000e+00
-7.999999999999997520e-08,4.000000000000000083e-02
-7.899999999999995301e-08,4.000000000000000083e-02
-7.799999999999993083e-08,0.000000000000000000e+00
-7.699999999999996158e-08,-4.000000000000000083e-02
-7.599999999999993939e-08,4.000000000000000083e-02
-7.499999999999997014e-08,0.000000000000000000e+00
-7.399999999999994795e-08,0.000000000000000000e+00
-7.299999999999997870e-08,4.000000000000000083e-02
-7.199999999999995651e-08,0.000000000000000000e+00
-7.099999999999993432e-08,4.000000000000000083e-02
-6.999999999999996507e-08,4.000000000000000083e-02
-6.899999999999994288e-08,4.000000000000000083e-02
-6.799999999999997363e-08,4.000000000000000083e-02
-6.699999999999995144e-08,8.000000000000000167e-02
-6.599999999999992925e-08,0.000000000000000000e+00
-6.499999999999996000e-08,4.000000000000000083e-02
-6.399999999999993781e-08,8.000000000000000167e-02
-6.299999999999996856e-08,8.000000000000000167e-02
-6.199999999999994637e-08,8.000000000000000167e-02
-6.099999999999997712e-08,4.000000000000000083e-02
-5.999999999999995493e-08,4.000000000000000083e-02
-5.899999999999993274e-08,8.000000000000000167e-02
-5.799999999999996349e-08,4.000000000000000083e-02
-5.699999999999994130e-08,4.000000000000000083e-02
-5.599999999999997205e-08,8.000000000000000167e-02
-5.499999999999994987e-08,1.199999999999999956e-01
-5.399999999999998062e-08,1.199999999999999956e-01
-5.299999999999995843e-08,8.000000000000000167e-02
-5.199999999999993624e-08,1.199999999999999956e-01
-5.099999999999996699e-08,8.000000000000000167e-02
-4.999999999999994480e-08,8.000000000000000167e-02
-4.899999999999997555e-08,8.000000000000000167e-02
-4.799999999999995336e-08,1.600000000000000033e-01
-4.699999999999993117e-08,8.000000000000000167e-02
-4.599999999999996192e-08,1.199999999999999956e-01
-4.499999999999993973e-08,1.600000000000000033e-01
-4.399999999999997048e-08,1.600000000000000033e-01
-4.299999999999994829e-08,1.600000000000000033e-01
-4.199999999999997904e-08,8.000000000000000167e-02
-4.099999999999995685e-08,1.600000000000000033e-01
-3.999999999999993466e-08,1.199999999999999956e-01
-3.899999999999996541e-08,1.199999999999999956e-01
-3.799999999999994322e-08,1.199999999999999956e-01
-3.699999999999997397e-08,1.600000000000000033e-01
-3.599999999999995178e-08,1.600000000000000033e-01
-3.499999999999992959e-08,1.600000000000000033e-01
-3.399999999999996034e-08,1.600000000000000033e-01
-3.299999999999993816e-08,1.600000000000000033e-01
-3.199999999999996891e-08,1.600000000000000033e-01
-3.099999999999994672e-08,2.000000000000000111e-01
-2.999999999999997747e-08,2.000000000000000111e-01
-2.899999999999995528e-08,1.600000000000000033e-01
-2.799999999999993309e-08,2.399999999999999911e-01
-2.699999999999996384e-08,2.000000000000000111e-01
-2.599999999999994165e-08,2.000000000000000111e-01
-2.499999999999997240e-08,2.399999999999999911e-01
-2.399999999999995021e-08,2.800000000000000266e-01
-2.299999999999992802e-08,2.800000000000000266e-01
-2.199999999999995877e-08,2.800000000000000266e-01
-2.099999999999993658e-08,3.599999999999999867e-01
-1.999999999999996733e-08,2.800000000000000266e-01
-1.899999999999994514e-08,3.599999999999999867e-01
-1.799999999999997589e-08,3.200000000000000067e-01
-1.699999999999995370e-08,3.599999999999999867e-01
-1.599999999999993151e-08,3.599999999999999867e-01
-1.499999999999996226e-08,4.000000000000000222e-01
-1.399999999999994007e-08,4.000000000000000222e-01
-1.299999999999997082e-08,4.000000000000000222e-01
-1.199999999999994864e-08,4.400000000000000022e-01
-1.099999999999992645e-08,4.400000000000000022e-01
-9.999999999999957196e-09,4.400000000000000022e-01
-8.999999999999935006e-09,4.799999999999999822e-01
-7.999999999999965757e-09,4.799999999999999822e-01
-6.999999999999943567e-09,4.799999999999999822e-01
-5.999999999999974318e-09,5.600000000000000533e-01
-4.999999999999952128e-09,5.600000000000000533e-01
-3.999999999999929939e-09,5.999999999999999778e-01
-2.999999999999960689e-09,5.999999999999999778e-01
-1.999999999999938500e-09,5.600000000000000533e-01
-9.999999999999692498e-10,6.400000000000000133e-01
5.293955920339377119e-23,6.400000000000000133e-01
1.000000000000022189e-09,5.999999999999999778e-01
2.000000000000044379e-09,6.800000000000000488e-01
3.000000000000066568e-09,7.199999999999999734e-01
4.000000000000035818e-09,7.199999999999999734e-01
5.000000000000058007e-09,7.199999999999999734e-01
6.000000000000027257e-09,8.000000000000000444e-01
7.000000000000049446e-09,7.199999999999999734e-01
8.000000000000071636e-09,7.600000000000000089e-01
9.000000000000040886e-09,8.000000000000000444e-01
1.000000000000006307e-08,8.399999999999999689e-01
1.100000000000003232e-08,8.800000000000000044e-01
1.200000000000005451e-08,9.599999999999999645e-01
1.300000000000002376e-08,9.599999999999999645e-01
1.400000000000004595e-08,9.200000000000000400e-01
1.500000000000006814e-08,1.000000000000000000e+00
1.600000000000003739e-08,1.000000000000000000e+00
1.700000000000005958e-08,1.080000000000000071e+00
1.800000000000002883e-08,1.080000000000000071e+00
1.900000000000005102e-08,1.120000000000000107e+00
2.000000000000007321e-08,1.080000000000000071e+00
2.100000000000004246e-08,1.120000000000000107e+00
2.200000000000006465e-08,1.159999999999999920e+00
2.300000000000003390e-08,1.239999999999999991e+00
2.400000000000005609e-08,1.199999999999999956e+00
2.500000000000002534e-08,1.280000000000000027e+00
2.600000000000004753e-08,1.280000000000000027e+00
2.700000000000006972e-08,1.280000000000000027e+00
2.800000000000003897e-08,1.400000000000000133e+00
2.900000000000000822e-08,1.400000000000000133e+00
3.000000000000008335e-08,1.439999999999999947e+00
3.100000000000005260e-08,1.439999999999999947e+00
3.200000000000002185e-08,1.439999999999999947e+00
3.300000000000009697e-08,1.520000000000000018e+00
3.400000000000006622e-08,1.479999999999999982e+00
3.500000000000003547e-08,1.520000000000000018e+00
3.600000000000000472e-08,1.600000000000000089e+00
3.700000000000007985e-08,1.640000000000000124e+00
3.800000000000004910e-08,1.640000000000000124e+00
3.900000000000001835e-08,1.640000000000000124e+00
4.000000000000009348e-08,1.640000000000000124e+00
4.100000000000006273e-08,1.719999999999999973e+00
4.200000000000003198e-08,1.719999999999999973e+00
4.300000000000000123e-08,1.719999999999999973e+00
4.400000000000007636e-08,1.760000000000000009e+00
4.500000000000004561e-08,1.840000000000000080e+00
4.600000000000001486e-08,1.840000000000000080e+00
4.700000000000008999e-08,1.880000000000000115e+00
4.800000000000005924e-08,1.840000000000000080e+00
4.900000000000002849e-08,1.919999999999999929e+00
5.000000000000010362e-08,1.919999999999999929e+00
5.100000000000007287e-08,1.959999999999999964e+00
5.200000000000004212e-08,2.000000000000000000e+00
5.300000000000001137e-08,2.000000000000000000e+00
5.400000000000008649e-08,2.000000000000000000e+00
5.500000000000005574e-08,2.000000000000000000e+00
5.600000000000002499e-08,2.040000000000000036e+00
5.700000000000010012e-08,2.040000000000000036e+00
5.800000000000006937e-08,2.040000000000000036e+00
5.900000000000003862e-08,2.080000000000000071e+00
6.000000000000000787e-08,2.080000000000000071e+00
6.100000000000008300e-08,2.120000000000000107e+00
6.200000000000005225e-08,2.120000000000000107e+00
6.300000000000002150e-08,2.080000000000000071e+00
6.400000000000009663e-08,2.120000000000000107e+00
6.500000000000006588e-08,2.160000000000000142e+00
6.600000000000003513e-08,2.120000000000000107e+00
6.700000000000000438e-08,2.120000000000000107e+00
6.800000000000007951e-08,2.160000000000000142e+00
6.900000000000004876e-08,2.160000000000000142e+00
7.000000000000001801e-08,2.160000000000000142e+00
7.100000000000009314e-08,2.160000000000000142e+00
7.200000000000006239e-08,2.200000000000000178e+00
7.300000000000003164e-08,2.160000000000000142e+00
7.400000000000000089e-08,2.160000000000000142e+00
7.500000000000007602e-08,2.160000000000000142e+00
7.600000000000004527e-08,2.160000000000000142e+00
7.700000000000001452e-08,2.200000000000000178e+00
7.800000000000008964e-08,2.200000000000000178e+00
7.900000000000005889e-08,2.200000000000000178e+00
8.000000000000002814e-08,2.200000000000000178e+00
8.100000000000010327e-08,2.160000000000000142e+00
8.200000000000007252e-08,2.160000000000000142e+00
8.300000000000004177e-08,2.160000000000000142e+00
8.400000000000001102e-08,2.120000000000000107e+00
8.500000000000008615e-08,2.120000000000000107e+00
8.600000000000005540e-08,2.120000000000000107e+00
8.700000000000002465e-08,2.080000000000000071e+00
8.800000000000009978e-08,2.120000000000000107e+00
8.900000000000006903e-08,2.080000000000000071e+00
9.000000000000003828e-08,2.040000000000000036e+00
9.100000000000000753e-08,2.080000000000000071e+00
9.200000000000008266e-08,2.080000000000000071e+00
9.300000000000005191e-08,2.000000000000000000e+00
9.400000000000002116e-08,2.040000000000000036e+00
9.500000000000009629e-08,2.040000000000000036e+00
9.600000000000006554e-08,2.000000000000000000e+00
9.700000000000003479e-08,1.959999999999999964e+00
9.800000000000000404e-08,1.959999999999999964e+00
9.900000000000007916e-08,1.959999999999999964e+00
1.000000000000000484e-07,1.959999999999999964e+00
1.010000000000000177e-07,1.919999999999999929e+00
1.020000000000000928e-07,1.919999999999999929e+00
1.030000000000000620e-07,1.880000000000000115e+00
1.040000000000000313e-07,1.840000000000000080e+00
1.050000000000001064e-07,1.840000000000000080e+00
1.060000000000000757e-07,1.840000000000000080e+00
1.070000000000000449e-07,1.800000000000000044e+00
1.080000000000000142e-07,1.800000000000000044e+00
1.090000000000000893e-07,1.719999999999999973e+00
1.100000000000000585e-07,1.760000000000000009e+00
1.110000000000000278e-07,1.719999999999999973e+00
1.120000000000001029e-07,1.719999999999999973e+00
1.130000000000000722e-07,1.719999999999999973e+00
1.140000000000000414e-07,1.679999999999999938e+00
1.150000000000000107e-07,1.679999999999999938e+00
1.160000000000000858e-07,1.719999999999999973e+00
1.170000000000000551e-07,1.719999999999999973e+00
1.180000000000000243e-07,1.640000000000000124e+00
1.190000000000000994e-07,1.640000000000000124e+00
1.200000000000000687e-07,1.600000000000000089e+00
1.210000000000000379e-07,1.600000000000000089e+00
1.220000000000000072e-07,1.600000000000000089e+00
1.230000000000000823e-07,1.520000000000000018e+00
1.240000000000000516e-07,1.520000000000000018e+00
1.250000000000000208e-07,1.479999999999999982e+00
1.260000000000000959e-07,1.479999999999999982e+00
1.270000000000000652e-07,1.439999999999999947e+00
1.280000000000000344e-07,1.479999999999999982e+00
1.290000000000000037e-07,1.439999999999999947e+00
1.300000000000000788e-07,1.439999999999999947e+00
1.310000000000000481e-07,1.360000000000000098e+00
1.320000000000000173e-07,1.400000000000000133e+00
1.330000000000000924e-07,1.400000000000000133e+00
1.340000000000000617e-07,1.320000000000000062e+00
1.350000000000000309e-07,1.360000000000000098e+00
1.360000000000001061e-07,1.320000000000000062e+00
1.370000000000000753e-07,1.280000000000000027e+00
1.380000000000000446e-07,1.320000000000000062e+00
1.390000000000000138e-07,1.320000000000000062e+00
1.400000000000000890e-07,1.280000000000000027e+00
1.410000000000000582e-07,1.280000000000000027e+00
1.420000000000000275e-07,1.239999999999999991e+00
1.430000000000001026e-07,1.199999999999999956e+00
1.440000000000000718e-07,1.239999999999999991e+00
1.450000000000000411e-07,1.159999999999999920e+00
1.460000000000000103e-07,1.199999999999999956e+00
1.470000000000000855e-07,1.120000000000000107e+00
1.480000000000000547e-07,1.159999999999999920e+00
1.490000000000000240e-07,1.159999999999999920e+00
1.500000000000000991e-07,1.120000000000000107e+00
1.510000000000000683e-07,1.120000000000000107e+00
1.520000000000000376e-07,1.080000000000000071e+00
1.530000000000000068e-07,1.080000000000000071e+00
1.540000000000000820e-07,1.080000000000000071e+00
1.550000000000000512e-07,1.080000000000000071e+00
1.560000000000000205e-07,1.040000000000000036e+00
1.570000000000000956e-07,1.080000000000000071e+00
1.580000000000000648e-07,1.040000000000000036e+00
1.590000000000000341e-07,9.599999999999999645e-01
1.600000000000001092e-07,1.040000000000000036e+00
1.610000000000000785e-07,1.040000000000000036e+00
1.620000000000000477e-07,1.000000000000000000e+00
1.630000000000000170e-07,9.599999999999999645e-01
1.640000000000000921e-07,9.599999999999999645e-01
1.650000000000000614e-07,9.200000000000000400e-01
1.660000000000000306e-07,9.200000000000000400e-01
1.670000000000001057e-07,9.200000000000000400e-01
1.680000000000000750e-07,9.200000000000000400e-01
1.690000000000000442e-07,8.399999999999999689e-01
1.700000000000000135e-07,9.200000000000000400e-01
1.710000000000000886e-07,8.800000000000000044e-01
1.720000000000000579e-07,8.399999999999999689e-01
1.730000000000000271e-07,8.399999999999999689e-01
1.740000000000001022e-07,8.800000000000000044e-01
1.750000000000000715e-07,8.000000000000000444e-01
1.760000000000000407e-07,8.399999999999999689e-01
1.770000000000000100e-07,8.399999999999999689e-01
1.780000000000000851e-07,8.399999999999999689e-01
1.790000000000000544e-07,8.399999999999999689e-01
1.800000000000000236e-07,8.000000000000000444e-01
1.810000000000000987e-07,8.399999999999999689e-01
1.820000000000000680e-07,8.000000000000000444e-01
1.830000000000000372e-07,7.600000000000000089e-01
1.840000000000001124e-07,8.000000000000000444e-01
1.850000000000000816e-07,8.000000000000000444e-01
1.860000000000000509e-07,8.000000000000000444e-01
1.870000000000000201e-07,8.000000000000000444e-01
1.880000000000000953e-07,8.000000000000000444e-01
1.890000000000000645e-07,7.199999999999999734e-01
1.900000000000000338e-07,7.199999999999999734e-01
1.910000000000001089e-07,7.199999999999999734e-01
1.920000000000000781e-07,7.199999999999999734e-01
1.930000000000000474e-07,7.199999999999999734e-01
1.940000000000000166e-07,7.199999999999999734e-01
1.950000000000000918e-07,7.199999999999999734e-01
1.960000000000000610e-07,6.800000000000000488e-01
1.970000000000000303e-07,7.199999999999999734e-01
1.980000000000001054e-07,6.800000000000000488e-01
1.990000000000000746e-07,6.800000000000000488e-01
2.000000000000000439e-07,6.800000000000000488e-01
2.010000000000000131e-07,6.400000000000000133e-01
2.020000000000000883e-07,6.400000000000000133e-01
2.030000000000000575e-07,6.800000000000000488e-01
2.040000000000000268e-07,7.199999999999999734e-01
2.050000000000001019e-07,5.999999999999999778e-01
2.060000000000000711e-07,6.800000000000000488e-01
2.070000000000000404e-07,5.999999999999999778e-01
2.080000000000000096e-07,5.999999999999999778e-01
2.090000000000000848e-07,6.400000000000000133e-01
2.100000000000000540e-07,5.999999999999999778e-01
2.110000000000000233e-07,5.999999999999999778e-01
2.120000000000000984e-07,5.999999999999999778e-01
2.130000000000000677e-07,6.400000000000000133e-01
2.140000000000000369e-07,5.999999999999999778e-01
2.150000000000001120e-07,5.999999999999999778e-01
2.160000000000000813e-07,5.999999999999999778e-01
2.170000000000000505e-07,5.999999999999999778e-01
2.180000000000000198e-07,5.999999999999999778e-01
2.190000000000000949e-07,5.999999999999999778e-01
2.200000000000000642e-07,5.600000000000000533e-01
2.210000000000000334e-07,5.999999999999999778e-01
2.220000000000001085e-07,5.600000000000000533e-01
2.230000000000000778e-07,5.600000000000000533e-01
2.240000000000000470e-07,5.600000000000000533e-01
2.250000000000000163e-07,5.200000000000000178e-01
2.260000000000000914e-07,5.999999999999999778e-01
2.270000000000000607e-07,5.600000000000000533e-01
2.280000000000000299e-07,5.600000000000000533e-01
2.290000000000001050e-07,5.600000000000000533e-01
2.300000000000000743e-07,5.600000000000000533e-01
2.310000000000000435e-07,5.200000000000000178e-01
2.320000000000000128e-07,5.200000000000000178e-01
2.330000000000000879e-07,5.200000000000000178e-01
2.340000000000000572e-07,5.200000000000000178e-01
2.350000000000000264e-07,5.200000000000000178e-01
2.360000000000001016e-07,4.799999999999999822e-01
2.370000000000000708e-07,4.799999999999999822e-01
2.380000000000000401e-07,4.799999999999999822e-01
2.390000000000001152e-07,5.200000000000000178e-01
2.400000000000000844e-07,4.799999999999999822e-01
2.410000000000000537e-07,4.799999999999999822e-01
2.420000000000000229e-07,5.200000000000000178e-01
2.430000000000000981e-07,5.200000000000000178e-01
2.440000000000000673e-07,5.200000000000000178e-01
2.450000000000000366e-07,5.200000000000000178e-01
2.460000000000001117e-07,4.799999999999999822e-01
2.470000000000000809e-07,4.400000000000000022e-01
2.480000000000000502e-07,4.400000000000000022e-01
2.490000000000000194e-07,4.799999999999999822e-01
2.500000000000000946e-07,4.799999999999999822e-01
2.510000000000000638e-07,5.200000000000000178e-01
2.520000000000000331e-07,4.799999999999999822e-01
2.530000000000001082e-07,5.200000000000000178e-01
2.540000000000000774e-07,4.799999999999999822e-01
2.550000000000000467e-07,4.400000000000000022e-01
2.560000000000000159e-07,4.799999999999999822e-01
2.570000000000000911e-07,4.400000000000000022e-01
2.580000000000000603e-07,4.000000000000000222e-01
2.590000000000000296e-07,4.400000000000000022e-01
2.600000000000001047e-07,4.799999999999999822e-01
2.610000000000000740e-07,4.799999999999999822e-01
2.620000000000000432e-07,4.799999999999999822e-01
2.630000000000000125e-07,4.799999999999999822e-01
2.640000000000000876e-07,4.799999999999999822e-01
2.650000000000000568e-07,4.400000000000000022e-01
2.660000000000000261e-07,4.799999999999999822e-01
2.670000000000001012e-07,4.400000000000000022e-01
2.680000000000000705e-07,3.599999999999999867e-01
2.690000000000000397e-07,4.000000000000000222e-01
2.700000000000001148e-07,4.000000000000000222e-01
2.710000000000000841e-07,4.400000000000000022e-01
2.720000000000000533e-07,4.400000000000000022e-01
2.730000000000000226e-07,4.400000000000000022e-01
2.740000000000000977e-07,4.000000000000000222e-01
2.750000000000000670e-07,4.000000000000000222e-01
2.760000000000000362e-07,4.400000000000000022e-01
2.770000000000001113e-07,4.000000000000000222e-01
2.780000000000000806e-07,4.000000000000000222e-01
2.790000000000000498e-07,4.000000000000000222e-01
2.800000000000000191e-07,4.000000000000000222e-01
2.810000000000000942e-07,4.000000000000000222e-01
2.820000000000000635e-07,4.400000000000000022e-01
2.830000000000000327e-07,4.400000000000000022e-01
2.840000000000001079e-07,3.599999999999999867e-01
2.850000000000000771e-07,4.000000000000000222e-01
2.860000000000000464e-07,4.000000000000000222e-01
2.870000000000000156e-07,3.599999999999999867e-01
2.880000000000000907e-07,3.599999999999999867e-01
2.890000000000000600e-07,4.000000000000000222e-01
2.900000000000000292e-07,4.000000000000000222e-01
2.910000000000001044e-07,4.000000000000000222e-01
2.920000000000000736e-07,4.400000000000000022e-01
2.930000000000000429e-07,4.400000000000000022e-01
2.940000000000001180e-07,4.000000000000000222e-01
2.950000000000000872e-07,3.599999999999999867e-01
2.960000000000000565e-07,4.000000000000000222e-01
2.970000000000000257e-07,3.599999999999999867e-01
2.980000000000001009e-07,4.000000000000000222e-01
2.990000000000000701e-07,4.000000000000000222e-01
3.000000000000000394e-07,4.000000000000000222e-01
3.010000000000001145e-07,4.000000000000000222e-01
3.020000000000000837e-07,4.400000000000000022e-01
3.030000000000000530e-07,4.400000000000000022e-01
3.040000000000000222e-07,4.000000000000000222e-01
3.050000000000000974e-07,3.599999999999999867e-01
3.060000000000000666e-07,3.200000000000000067e-01
3.070000000000000359e-07,3.599999999999999867e-01
3.080000000000001110e-07,4.000000000000000222e-01
3.090000000000000802e-07,4.000000000000000222e-01
3.100000000000000495e-07,3.599999999999999867e-01
3.110000000000000187e-07,3.599999999999999867e-01
3.120000000000000939e-07,3.599999999999999867e-01
3.130000000000000631e-07,4.000000000000000222e-01
3.140000000000000324e-07,3.599999999999999867e-01
3.150000000000001075e-07,3.599999999999999867e-01
3.160000000000000768e-07,4.000000000000000222e-01
3.170000000000000460e-07,3.599999999999999867e-01
3.180000000000001211e-07,3.599999999999999867e-01
3.190000000000000904e-07,3.599999999999999867e-01
3.200000000000000596e-07,3.599999999999999867e-01
3.210000000000000289e-07,3.200000000000000067e-01
3.220000000000001040e-07,2.800000000000000266e-01
3.230000000000000733e-07,3.599999999999999867e-01
3.240000000000000425e-07,3.200000000000000067e-01
3.250000000000001176e-07,3.599999999999999867e-01
3.260000000000000869e-07,4.000000000000000222e-01
3.270000000000000561e-07,3.200000000000000067e-01
3.280000000000000254e-07,4.000000000000000222e-01
3.290000000000001005e-07,4.000000000000000222e-01
3.300000000000000698e-07,3.599999999999999867e-01
3.310000000000000390e-07,3.599999999999999867e-01
3.320000000000001141e-07,4.000000000000000222e-01
3.330000000000000834e-07,3.599999999999999867e-01
3.340000000000000526e-07,3.200000000000000067e-01
3.350000000000000219e-07,3.200000000000000067e-01
3.360000000000000970e-07,2.800000000000000266e-01
3.370000000000000663e-07,2.800000000000000266e-01
3.380000000000000355e-07,2.800000000000000266e-01
3.390000000000001107e-07,3.200000000000000067e-01
3.400000000000000799e-07,2.800000000000000266e-01
3.410000000000000492e-07,3.599999999999999867e-01
3.420000000000000184e-07,3.599999999999999867e-01
3.430000000000000935e-07,3.599999999999999867e-01
3.440000000000000628e-07,3.599999999999999867e-01
3.450000000000000320e-07,2.800000000000000266e-01
3.460000000000001072e-07,3.200000000000000067e-01
3.470000000000000764e-07,2.800000000000000266e-01
3.480000000000000457e-07,3.200000000000000067e-01
3.490000000000001208e-07,3.200000000000000067e-01
3.500000000000000900e-07,3.599999999999999867e-01
3.510000000000000593e-07,3.599999999999999867e-01
3.520000000000000285e-07,3.200000000000000067e-01
3.530000000000001037e-07,3.599999999999999867e-01
3.540000000000000729e-07,2.800000000000000266e-01
3.550000000000000422e-07,3.599999999999999867e-01
3.560000000000001173e-07,2.800000000000000266e-01
3.570000000000000865e-07,3.200000000000000067e-01
3.580000000000000558e-07,3.200000000000000067e-01
3.590000000000000250e-07,3.200000000000000067e-01
3.600000000000001002e-07,3.200000000000000067e-01
3.610000000000000694e-07,3.200000000000000067e-01
3.620000000000000387e-07,3.200000000000000067e-01
3.630000000000001138e-07,3.200000000000000067e-01
3.640000000000000831e-07,2.800000000000000266e-01
3.650000000000000523e-07,3.200000000000000067e-01
3.660000000000000216e-07,3.200000000000000067e-01
3.670000000000000967e-07,2.800000000000000266e-01
3.680000000000000659e-07,2.800000000000000266e-01
3.690000000000000352e-07,2.800000000000000266e-01
3.700000000000001103e-07,2.800000000000000266e-01
3.710000000000000796e-07,3.200000000000000067e-01
3.720000000000000488e-07,3.200000000000000067e-01
3.730000000000001239e-07,3.200000000000000067e-01
3.740000000000000932e-07,3.200000000000000067e-01
3.750000000000000624e-07,3.599999999999999867e-01
3.760000000000000317e-07,3.200000000000000067e-01
3.770000000000001068e-07,3.200000000000000067e-01
3.780000000000000761e-07,2.800000000000000266e-01
3.790000000000000453e-07,3.200000000000000067e-01
3.800000000000001204e-07,2.800000000000000266e-01
3.810000000000000897e-07,3.200000000000000067e-01
3.820000000000000589e-07,3.599999999999999867e-01
3.830000000000000282e-07,2.800000000000000266e-01
3.840000000000001033e-07,2.800000000000000266e-01
3.850000000000000726e-07,2.800000000000000266e-01
3.860000000000000418e-07,2.800000000000000266e-01
3.870000000000001170e-07,2.399999999999999911e-01
3.880000000000000862e-07,2.800000000000000266e-01
3.890000000000000555e-07,2.800000000000000266e-01
3.900000000000000247e-07,2.800000000000000266e-01
3.910000000000000998e-07,3.200000000000000067e-01
3.920000000000000691e-07,3.599999999999999867e-01
3.930000000000000383e-07,3.200000000000000067e-01
3.940000000000001135e-07,2.399999999999999911e-01
3.950000000000000827e-07,3.200000000000000067e-01
3.960000000000000520e-07,2.800000000000000266e-01
3.970000000000000212e-07,2.800000000000000266e-01
3.980000000000000963e-07,3.200000000000000067e-01
3.990000000000000656e-07,3.200000000000000067e-01
4.000000000000000348e-07,2.800000000000000266e-01
4.010000000000001100e-07,2.800000000000000266e-01
4.020000000000000792e-07,3.599999999999999867e-01
4.030000000000000485e-07,2.800000000000000266e-01
4.040000000000001236e-07,2.399999999999999911e-01
4.050000000000000928e-07,2.399999999999999911e-01
4.060000000000000621e-07,3.200000000000000067e-01
4.070000000000000313e-07,3.200000000000000067e-01
4.080000000000001065e-07,3.200000000000000067e-01
4.090000000000000757e-07,2.800000000000000266e-01
4.100000000000000450e-07,2.399999999999999911e-01
4.110000000000001201e-07,3.200000000000000067e-01
4.120000000000000894e-07,2.800000000000000266e-01
4.130000000000000586e-07,2.800000000000000266e-01
4.140000000000000279e-07,3.200000000000000067e-01
4.150000000000001030e-07,3.200000000000000067e-01
4.160000000000000722e-07,2.800000000000000266e-01
4.170000000000000415e-07,2.800000000000000266e-01
4.180000000000001166e-07,2.399999999999999911e-01
4.190000000000000859e-07,2.800000000000000266e-01
4.200000000000000551e-07,2.800000000000000266e-01
4.210000000000000244e-07,2.000000000000000111e-01
4.220000000000000995e-07,2.800000000000000266e-01
4.230000000000000687e-07,2.800000000000000266e-01
4.240000000000000380e-07,2.800000000000000266e-01
4.250000000000001131e-07,2.800000000000000266e-01
4.260000000000000824e-07,2.399999999999999911e-01
4.270000000000000516e-07,2.800000000000000266e-01
4.280000000000001267e-07,2.399999999999999911e-01
4.290000000000000960e-07,2.800000000000000266e-01
4.300000000000000652e-07,2.800000000000000266e-01
4.310000000000000345e-07,2.800000000000000266e-01
4.320000000000001096e-07,3.200000000000000067e-01
4.330000000000000789e-07,2.800000000000000266e-01
4.340000000000000481e-07,2.800000000000000266e-01
4.350000000000001233e-07,2.000000000000000111e-01
4.360000000000000925e-07,2.399999999999999911e-01
4.370000000000000618e-07,2.399999999999999911e-01
4.380000000000000310e-07,2.399999999999999911e-01
4.390000000000001061e-07,2.399999999999999911e-01
4.400000000000000754e-07,2.399999999999999911e-01
4.410000000000000446e-07,3.200000000000000067e-01
4.420000000000001198e-07,2.399999999999999911e-01
4.430000000000000890e-07,2.399999999999999911e-01
4.440000000000000583e-07,2.000000000000000111e-01
4.450000000000000275e-07,2.399999999999999911e-01
4.460000000000001026e-07,2.399999999999999911e-01
4.470000000000000719e-07,2.800000000000000266e-01
4.480000000000000411e-07,2.399999999999999911e-01
4.490000000000001163e-07,2.399999999999999911e-01
4.500000000000000855e-07,2.800000000000000266e-01
4.510000000000000548e-07,2.800000000000000266e-01
4.520000000000000240e-07,2.800000000000000266e-01
4.530000000000000991e-07,2.399999999999999911e-01
4.540000000000000684e-07,2.800000000000000266e-01
4.550000000000000376e-07,2.000000000000000111e-01
4.560000000000001128e-07,2.399999999999999911e-01
4.570000000000000820e-07,2.399999999999999911e-01
4.580000000000000513e-07,2.800000000000000266e-01
4.590000000000001264e-07,2.399999999999999911e-01
4.600000000000000957e-07,2.800000000000000266e-01
4.610000000000000649e-07,2.399999999999999911e-01
4.620000000000000342e-07,2.399999999999999911e-01
4.630000000000001093e-07,2.399999999999999911e-01
4.640000000000000785e-07,2.800000000000000266e-01
4.650000000000000478e-07,2.800000000000000266e-01
4.660000000000001229e-07,2.399999999999999911e-01
4.670000000000000922e-07,2.399999999999999911e-01
4.680000000000000614e-07,2.399999999999999911e-01
4.690000000000000307e-07,2.399999999999999911e-01
4.700000000000001058e-07,2.399999999999999911e-01
4.710000000000000750e-07,2.399999999999999911e-01
4.720000000000000443e-07,2.399999999999999911e-01
4.730000000000001194e-07,2.399999999999999911e-01
4.740000000000000887e-07,2.800000000000000266e-01
4.750000000000000579e-07,2.800000000000000266e-01
4.760000000000000272e-07,2.399999999999999911e-01
4.770000000000000494e-07,2.399999999999999911e-01
4.780000000000001245e-07,2.399999999999999911e-01
4.789999999999999879e-07,2.399999999999999911e-01
4.800000000000000630e-07,2.399999999999999911e-01
4.810000000000001381e-07,2.000000000000000111e-01
4.820000000000000015e-07,2.399999999999999911e-01
4.830000000000000766e-07,2.399999999999999911e-01
4.840000000000001517e-07,2.399999999999999911e-01
4.850000000000000151e-07,2.399999999999999911e-01
4.860000000000000902e-07,2.399999999999999911e-01
4.870000000000001654e-07,2.399999999999999911e-01
4.880000000000000287e-07,2.399999999999999911e-01
4.890000000000001039e-07,2.399999999999999911e-01
4.900000000000001790e-07,2.399999999999999911e-01
4.910000000000000424e-07,2.800000000000000266e-01
4.920000000000001175e-07,2.399999999999999911e-01
4.929999999999999809e-07,2.000000000000000111e-01
4.940000000000000560e-07,2.399999999999999911e-01
4.950000000000001311e-07,2.399999999999999911e-01
4.959999999999999945e-07,2.800000000000000266e-01
4.970000000000000696e-07,2.800000000000000266e-01
4.980000000000001448e-07,2.800000000000000266e-01
4.990000000000000081e-07,2.800000000000000266e-01
5.000000000000000833e-07,2.800000000000000266e-01
5.010000000000001584e-07,2.800000000000000266e-01
5.020000000000000218e-07,2.399999999999999911e-01
5.030000000000000969e-07,2.399999999999999911e-01
5.040000000000001720e-07,2.399999999999999911e-01
5.050000000000000354e-07,2.399999999999999911e-01
5.060000000000001105e-07,2.800000000000000266e-01
5.070000000000001856e-07,2.399999999999999911e-01
5.080000000000000490e-07,2.399999999999999911e-01
5.090000000000001241e-07,2.399999999999999911e-01
5.100000000000001993e-07,2.399999999999999911e-01
5.110000000000000626e-07,2.399999999999999911e-01
5.120000000000001378e-07,2.800000000000000266e-01
5.130000000000002129e-07,2.800000000000000266e-01
5.140000000000000763e-07,2.800000000000000266e-01
5.150000000000001514e-07,2.399999999999999911e-01
5.160000000000002265e-07,2.399999999999999911e-01
5.170000000000000899e-07,2.000000000000000111e-01
5.180000000000001650e-07,2.399999999999999911e-01
5.190000000000000284e-07,2.399999999999999911e-01
5.200000000000001035e-07,2.000000000000000111e-01
5.210000000000001787e-07,2.399999999999999911e-01
5.220000000000000420e-07,2.000000000000000111e-01
5.230000000000001172e-07,2.399999999999999911e-01
5.240000000000001923e-07,2.800000000000000266e-01
5.250000000000000557e-07,2.800000000000000266e-01
5.260000000000001308e-07,2.399999999999999911e-01
5.270000000000002059e-07,2.000000000000000111e-01
5.280000000000000693e-07,2.399999999999999911e-01
5.290000000000001444e-07,2.399999999999999911e-01
5.300000000000002195e-07,2.800000000000000266e-01
5.310000000000000829e-07,2.399999999999999911e-01
5.320000000000001580e-07,2.399999999999999911e-01
5.330000000000002332e-07,2.000000000000000111e-01
5.340000000000000965e-07,2.000000000000000111e-01
5.350000000000001717e-07,2.000000000000000111e-01
5.360000000000000350e-07,2.000000000000000111e-01
5.370000000000001102e-07,2.399999999999999911e-01
5.380000000000001853e-07,2.399999999999999911e-01
5.390000000000000487e-07,2.000000000000000111e-01
5.400000000000001238e-07,2.800000000000000266e-01
5.410000000000001989e-07,2.399999999999999911e-01
5.420000000000000623e-07,2.800000000000000266e-01
5.430000000000001374e-07,2.000000000000000111e-01
5.440000000000002126e-07,2.000000000000000111e-01
5.450000000000000759e-07,2.000000000000000111e-01
5.460000000000001511e-07,2.399999999999999911e-01
5.470000000000002262e-07,2.399999999999999911e-01
5.480000000000000896e-07,2.000000000000000111e-01
5.490000000000001647e-07,2.000000000000000111e-01
5.500000000000002398e-07,2.399999999999999911e-01
5.510000000000001032e-07,2.399999999999999911e-01
5.520000000000001783e-07,2.000000000000000111e-01
5.530000000000000417e-07,2.399999999999999911e-01
5.540000000000001168e-07,2.000000000000000111e-01
5.550000000000001919e-07,1.600000000000000033e-01
5.560000000000000553e-07,2.399999999999999911e-01
5.570000000000001304e-07,2.399999999999999911e-01
5.580000000000002056e-07,2.399999999999999911e-01
5.590000000000000689e-07,2.000000000000000111e-01
5.600000000000001441e-07,2.000000000000000111e-01
5.610000000000002192e-07,2.000000000000000111e-01
5.620000000000000826e-07,2.000000000000000111e-01
5.630000000000001577e-07,2.000000000000000111e-01
5.640000000000002328e-07,2.399999999999999911e-01
5.650000000000000962e-07,1.600000000000000033e-01
5.660000000000001713e-07,2.399999999999999911e-01
5.670000000000000347e-07,1.600000000000000033e-01
5.680000000000001098e-07,2.000000000000000111e-01
5.690000000000001850e-07,1.600000000000000033e-01
5.700000000000000483e-07,1.600000000000000033e-01
5.710000000000001235e-07,2.000000000000000111e-01
5.720000000000001986e-07,2.000000000000000111e-01
5.730000000000000620e-07,2.399999999999999911e-01
5.740000000000001371e-07,2.399999999999999911e-01
5.750000000000002122e-07,2.399999999999999911e-01
5.760000000000000756e-07,1.600000000000000033e-01
5.770000000000001507e-07,2.399999999999999911e-01
5.780000000000002258e-07,2.000000000000000111e-01
5.790000000000000892e-07,2.399999999999999911e-01
5.800000000000001643e-07,2.399999999999999911e-01
5.810000000000002395e-07,2.000000000000000111e-01
5.820000000000001028e-07,2.000000000000000111e-01
5.830000000000001780e-07,1.600000000000000033e-01
5.840000000000000413e-07,2.000000000000000111e-01
5.850000000000001165e-07,2.000000000000000111e-01
5.860000000000001916e-07,2.000000000000000111e-01
5.870000000000000550e-07,2.000000000000000111e-01
5.880000000000001301e-07,2.399999999999999911e-01
5.890000000000002052e-07,1.600000000000000033e-01
5.900000000000000686e-07,2.399999999999999911e-01
5.910000000000001437e-07,2.000000000000000111e-01
5.920000000000002189e-07,1.600000000000000033e-01
5.930000000000000822e-07,2.399999999999999911e-01
5.940000000000001574e-07,2.399999999999999911e-01
5.950000000000002325e-07,2.000000000000000111e-01
5.960000000000000958e-07,2.000000000000000111e-01
5.970000000000001710e-07,2.000000000000000111e-01
5.980000000000000343e-07,2.000000000000000111e-01
5.990000000000001095e-07,2.000000000000000111e-01
6.000000000000001846e-07,2.000000000000000111e-01
6.010000000000000480e-07,1.600000000000000033e-01
6.020000000000001231e-07,1.600000000000000033e-01
6.030000000000001982e-07,2.000000000000000111e-01
6.040000000000000616e-07,2.000000000000000111e-01
6.050000000000001367e-07,2.000000000000000111e-01
6.060000000000002119e-07,2.000000000000000111e-01
6.070000000000000752e-07,2.000000000000000111e-01
6.080000000000001504e-07,2.000000000000000111e-01
6.090000000000002255e-07,2.000000000000000111e-01
6.100000000000000889e-07,2.399999999999999911e-01
6.110000000000001640e-07,2.000000000000000111e-01
6.120000000000002391e-07,2.000000000000000111e-01
6.130000000000001025e-07,2.000000000000000111e-01
6.140000000000001776e-07,2.399999999999999911e-01
6.150000000000000410e-07,2.000000000000000111e-01
6.160000000000001161e-07,2.000000000000000111e-01
6.170000000000001912e-07,2.000000000000000111e-01
6.180000000000000546e-07,2.000000000000000111e-01
6.190000000000001297e-07,2.399999999999999911e-01
6.200000000000002049e-07,2.000000000000000111e-01
6.210000000000000682e-07,1.600000000000000033e-01
6.220000000000001434e-07,2.000000000000000111e-01
6.230000000000002185e-07,2.000000000000000111e-01
6.240000000000000819e-07,2.000000000000000111e-01
6.250000000000001570e-07,2.000000000000000111e-01
6.260000000000002321e-07,2.000000000000000111e-01
6.270000000000000955e-07,1.600000000000000033e-01
6.280000000000001706e-07,1.600000000000000033e-01
6.290000000000002458e-07,2.000000000000000111e-01
6.300000000000001091e-07,2.399999999999999911e-01
6.310000000000001843e-07,2.399999999999999911e-01
6.320000000000000476e-07,2.399999999999999911e-01
6.330000000000001228e-07,1.199999999999999956e-01
6.340000000000001979e-07,1.600000000000000033e-01
6.350000000000000613e-07,2.000000000000000111e-01
6.360000000000001364e-07,1.600000000000000033e-01
6.370000000000002115e-07,1.600000000000000033e-01
6.380000000000000749e-07,2.399999999999999911e-01
6.390000000000001500e-07,2.000000000000000111e-01
6.400000000000002251e-07,2.000000000000000111e-01
6.410000000000000885e-07,2.399999999999999911e-01
6.420000000000001636e-07,1.600000000000000033e-01
6.430000000000002388e-07,2.000000000000000111e-01
6.440000000000001021e-07,1.600000000000000033e-01
6.450000000000001773e-07,2.000000000000000111e-01
6.460000000000000406e-07,2.000000000000000111e-01
6.470000000000001158e-07,2.000000000000000111e-01
6.480000000000001909e-07,2.399999999999999911e-01
6.490000000000000543e-07,2.000000000000000111e-01
6.500000000000001294e-07,2.000000000000000111e-01
6.510000000000002045e-07,1.199999999999999956e-01
6.520000000000000679e-07,2.399999999999999911e-01
6.530000000000001430e-07,2.000000000000000111e-01
6.540000000000002182e-07,2.000000000000000111e-01
6.550000000000000815e-07,2.000000000000000111e-01
6.560000000000001567e-07,2.399999999999999911e-01
6.570000000000002318e-07,2.000000000000000111e-01
6.580000000000000952e-07,2.399999999999999911e-01
6.590000000000001703e-07,2.000000000000000111e-01
6.600000000000002454e-07,1.600000000000000033e-01
6.610000000000001088e-07,1.600000000000000033e-01
6.620000000000001839e-07,2.399999999999999911e-01
6.630000000000000473e-07,2.000000000000000111e-01
6.640000000000001224e-07,1.199999999999999956e-01
6.650000000000001975e-07,1.600000000000000033e-01
6.660000000000000609e-07,1.600000000000000033e-01
6.670000000000001360e-07,1.600000000000000033e-01
6.680000000000002112e-07,1.600000000000000033e-01
6.690000000000000745e-07,1.600000000000000033e-01
6.700000000000001497e-07,1.600000000000000033e-01
6.710000000000002248e-07,2.399999999999999911e-01
6.720000000000000882e-07,1.600000000000000033e-01
6.730000000000001633e-07,2.000000000000000111e-01
6.740000000000002384e-07,2.000000000000000111e-01
6.750000000000001018e-07,2.000000000000000111e-01
6.760000000000001769e-07,2.399999999999999911e-01
6.770000000000000403e-07,2.000000000000000111e-01
6.780000000000001154e-07,2.000000000000000111e-01
6.790000000000001906e-07,2.000000000000000111e-01
6.800000000000000539e-07,2.399999999999999911e-01
6.810000000000001291e-07,1.600000000000000033e-01
6.820000000000002042e-07,1.600000000000000033e-01
6.830000000000000676e-07,2.000000000000000111e-01
6.840000000000001427e-07,2.000000000000000111e-01
6.850000000000002178e-07,2.000000000000000111e-01
6.860000000000000812e-07,2.000000000000000111e-01
6.870000000000001563e-07,2.000000000000000111e-01
6.880000000000002314e-07,2.399999999999999911e-01
6.890000000000000948e-07,2.000000000000000111e-01
6.900000000000001699e-07,2.000000000000000111e-01
6.910000000000002451e-07,1.600000000000000033e-01
6.920000000000001084e-07,2.000000000000000111e-01
6.930000000000001836e-07,2.000000000000000111e-01
6.940000000000000469e-07,2.000000000000000111e-01
6.950000000000001221e-07,2.399999999999999911e-01
6.960000000000001972e-07,2.000000000000000111e-01
6.970000000000000606e-07,2.399999999999999911e-01
6.980000000000001357e-07,2.000000000000000111e-01
6.990000000000002108e-07,2.399999999999999911e-01
7.000000000000000742e-07,2.000000000000000111e-01
7.010000000000001493e-07,1.600000000000000033e-01
7.020000000000002245e-07,2.000000000000000111e-01
7.030000000000000878e-07,1.600000000000000033e-01
7.040000000000001630e-07,2.000000000000000111e-01
7.050000000000002381e-07,1.600000000000000033e-01
7.060000000000001015e-07,1.600000000000000033e-01
7.070000000000001766e-07,2.000000000000000111e-01
7.080000000000000400e-07,1.600000000000000033e-01
7.090000000000001151e-07,2.000000000000000111e-01
7.100000000000001902e-07,2.000000000000000111e-01
7.110000000000000536e-07,2.000000000000000111e-01
7.120000000000001287e-07,2.000000000000000111e-01
7.130000000000002038e-07,2.000000000000000111e-01
7.140000000000000672e-07,1.600000000000000033e-01
7.150000000000001423e-07,1.600000000000000033e-01
7.160000000000002175e-07,1.600000000000000033e-01
7.170000000000000808e-07,1.600000000000000033e-01
7.180000000000001560e-07,1.600000000000000033e-01
7.190000000000002311e-07,1.600000000000000033e-01
7.200000000000000945e-07,1.600000000000000033e-01
7.210000000000001696e-07,1.600000000000000033e-01
7.220000000000002447e-07,2.000000000000000111e-01
7.230000000000001081e-07,1.600000000000000033e-01
7.240000000000001832e-07,2.000000000000000111e-01
7.250000000000000466e-07,2.000000000000000111e-01
7.260000000000001217e-07,2.000000000000000111e-01
7.270000000000001969e-07,2.000000000000000111e-01
7.280000000000000602e-07,2.399999999999999911e-01
7.290000000000001354e-07,2.399999999999999911e-01
7.300000000000002105e-07,1.600000000000000033e-01
7.310000000000000739e-07,2.000000000000000111e-01
7.320000000000001490e-07,1.199999999999999956e-01
7.330000000000002241e-07,2.000000000000000111e-01
7.340000000000000875e-07,1.600000000000000033e-01
7.350000000000001626e-07,1.600000000000000033e-01
7.360000000000002377e-07,1.600000000000000033e-01
7.370000000000001011e-07,2.000000000000000111e-01
7.380000000000001762e-07,2.000000000000000111e-01
7.390000000000002514e-07,1.600000000000000033e-01
7.400000000000001147e-07,2.399999999999999911e-01
7.410000000000001899e-07,1.600000000000000033e-01
7.420000000000000532e-07,1.600000000000000033e-01
7.430000000000001284e-07,1.600000000000000033e-01
7.440000000000002035e-07,2.399999999999999911e-01
7.450000000000000669e-07,2.000000000000000111e-01
7.460000000000001420e-07,1.600000000000000033e-01
7.470000000000002171e-07,1.600000000000000033e-01
7.480000000000000805e-07,2.000000000000000111e-01
7.490000000000001556e-07,2.000000000000000111e-01
7.500000000000002308e-07,1.199999999999999956e-01
7.510000000000000941e-07,2.000000000000000111e-01
7.520000000000001693e-07,1.600000000000000033e-01
7.530000000000002444e-07,1.600000000000000033e-01
7.540000000000001078e-07,1.600000000000000033e-01
7.550000000000001829e-07,2.000000000000000111e-01
7.560000000000000463e-07,1.600000000000000033e-01
7.570000000000001214e-07,2.000000000000000111e-01
7.580000000000001965e-07,1.199999999999999956e-01
7.590000000000000599e-07,2.000000000000000111e-01
7.600000000000001350e-07,1.199999999999999956e-01
7.610000000000002101e-07,2.000000000000000111e-01
7.620000000000000735e-07,2.000000000000000111e-01
7.630000000000001486e-07,8.000000000000000167e-02
7.640000000000002238e-07,1.600000000000000033e-01
7.650000000000000871e-07,1.600000000000000033e-01
7.660000000000001623e-07,1.600000000000000033e-01
7.670000000000002374e-07,1.600000000000000033e-01
7.680000000000001008e-07,2.000000000000000111e-01
7.690000000000001759e-07,1.600000000000000033e-01
7.700000000000002510e-07,2.000000000000000111e-01
7.710000000000001144e-07,2.000000000000000111e-01
7.720000000000001895e-07,2.000000000000000111e-01
7.730000000000000529e-07,2.000000000000000111e-01
7.740000000000001280e-07,1.600000000000000033e-01
7.750000000000002032e-07,2.000000000000000111e-01
7.760000000000000665e-07,2.000000000000000111e-01
7.770000000000001417e-07,1.199999999999999956e-01
7.780000000000002168e-07,2.000000000000000111e-01
7.790000000000000802e-07,1.600000000000000033e-01
7.800000000000001553e-07,1.600000000000000033e-01
7.810000000000002304e-07,1.600000000000000033e-01
7.820000000000000938e-07,1.199999999999999956e-01
7.830000000000001689e-07,1.600000000000000033e-01
7.840000000000002440e-07,1.600000000000000033e-01
7.850000000000001074e-07,2.000000000000000111e-01
7.860000000000001825e-07,2.000000000000000111e-01
7.870000000000000459e-07,1.600000000000000033e-01
7.880000000000001210e-07,1.600000000000000033e-01
7.890000000000001962e-07,2.000000000000000111e-01
7.900000000000000595e-07,1.199999999999999956e-01
7.910000000000001347e-07,2.000000000000000111e-01
7.920000000000002098e-07,1.600000000000000033e-01
7.930000000000000732e-07,2.000000000000000111e-01
7.940000000000001483e-07,2.000000000000000111e-01
7.950000000000002234e-07,1.600000000000000033e-01
7.960000000000000868e-07,1.600000000000000033e-01
7.970000000000001619e-07,1.600000000000000033e-01
7.980000000000002371e-07,2.000000000000000111e-01
7.990000000000001004e-07,1.600000000000000033e-01
8.000000000000001756e-07,2.000000000000000111e-01
8.010000000000002507e-07,1.600000000000000033e-01
8.020000000000001141e-07,1.600000000000000033e-01
8.030000000000001892e-07,2.000000000000000111e-01
8.040000000000000526e-07,1.600000000000000033e-01
8.050000000000001277e-07,2.000000000000000111e-01
8.060000000000002028e-07,2.000000000000000111e-01
8.070000000000000662e-07,2.000000000000000111e-01
8.080000000000001413e-07,2.000000000000000111e-01
8.090000000000002164e-07,2.000000000000000111e-01
8.100000000000000798e-07,1.600000000000000033e-01
8.110000000000001549e-07,2.000000000000000111e-01
8.120000000000002301e-07,1.600000000000000033e-01
8.130000000000000934e-07,1.600000000000000033e-01
8.140000000000001686e-07,1.199999999999999956e-01
8.150000000000002437e-07,2.000000000000000111e-01
8.160000000000001071e-07,1.199999999999999956e-01
8.170000000000001822e-07,1.199999999999999956e-01
8.180000000000002573e-07,2.000000000000000111e-01
8.190000000000001207e-07,1.600000000000000033e-01
8.200000000000001958e-07,1.600000000000000033e-01
8.210000000000000592e-07,2.000000000000000111e-01
8.220000000000001343e-07,1.600000000000000033e-01
8.230000000000002095e-07,1.600000000000000033e-01
8.240000000000000728e-07,2.000000000000000111e-01
8.250000000000001480e-07,1.600000000000000033e-01
8.260000000000002231e-07,1.600000000000000033e-01
8.270000000000000865e-07,2.000000000000000111e-01
8.280000000000001616e-07,2.000000000000000111e-01
8.290000000000002367e-07,1.600000000000000033e-01
8.300000000000001001e-07,1.199999999999999956e-01
8.310000000000001752e-07,1.199999999999999956e-01
8.320000000000002503e-07,1.199999999999999956e-01
8.330000000000001137e-07,1.600000000000000033e-01
8.340000000000001888e-07,1.600000000000000033e-01
8.350000000000000522e-07,1.600000000000000033e-01
8.360000000000001273e-07,1.600000000000000033e-01
8.370000000000002025e-07,1.600000000000000033e-01
8.380000000000000658e-07,1.600000000000000033e-01
8.390000000000001410e-07,2.000000000000000111e-01
8.400000000000002161e-07,1.199999999999999956e-01
8.410000000000000795e-07,1.600000000000000033e-01
8.420000000000001546e-07,1.199999999999999956e-01
8.430000000000002297e-07,2.000000000000000111e-01
8.440000000000000931e-07,1.600000000000000033e-01
8.450000000000001682e-07,1.600000000000000033e-01
8.460000000000002434e-07,1.600000000000000033e-01
8.470000000000001067e-07,1.600000000000000033e-01
8.480000000000001819e-07,1.199999999999999956e-01
8.490000000000002570e-07,1.199999999999999956e-01
8.500000000000001204e-07,2.399999999999999911e-01
8.510000000000001955e-07,2.000000000000000111e-01
8.520000000000000589e-07,1.199999999999999956e-01
8.530000000000001340e-07,1.600000000000000033e-01
8.540000000000002091e-07,2.000000000000000111e-01
8.550000000000000725e-07,1.600000000000000033e-01
8.560000000000001476e-07,2.000000000000000111e-01
8.570000000000002227e-07,1.600000000000000033e-01
8.580000000000000861e-07,1.600000000000000033e-01
8.590000000000001612e-07,1.199999999999999956e-01
8.600000000000002364e-07,2.000000000000000111e-01
8.610000000000000997e-07,1.600000000000000033e-01
8.620000000000001749e-07,8.000000000000000167e-02
8.630000000000002500e-07,1.600000000000000033e-01
8.640000000000001134e-07,1.199999999999999956e-01
8.650000000000001885e-07,1.199999999999999956e-01
8.660000000000000519e-07,1.600000000000000033e-01
8.670000000000001270e-07,1.600000000000000033e-01
8.680000000000002021e-07,1.600000000000000033e-01
8.690000000000000655e-07,1.199999999999999956e-01
8.700000000000001406e-07,2.000000000000000111e-01
8.710000000000002158e-07,1.600000000000000033e-01
8.720000000000000791e-07,1.600000000000000033e-01
8.730000000000001543e-07,1.199999999999999956e-01
8.740000000000002294e-07,2.000000000000000111e-01
8.750000000000000928e-07,2.000000000000000111e-01
8.760000000000001679e-07,1.600000000000000033e-01
8.770000000000002430e-07,1.600000000000000033e-01
8.780000000000001064e-07,1.600000000000000033e-01
8.790000000000001815e-07,1.600000000000000033e-01
8.800000000000002566e-07,1.600000000000000033e-01
8.810000000000001200e-07,1.600000000000000033e-01
8.820000000000001951e-07,1.199999999999999956e-01
8.830000000000000585e-07,2.000000000000000111e-01
8.840000000000001336e-07,1.600000000000000033e-01
8.850000000000002088e-07,1.600000000000000033e-01
8.860000000000000721e-07,1.600000000000000033e-01
8.870000000000001473e-07,2.000000000000000111e-01
8.880000000000002224e-07,1.199999999999999956e-01
8.890000000000000858e-07,1.199999999999999956e-01
8.900000000000001609e-07,2.000000000000000111e-01
8.910000000000002360e-07,1.600000000000000033e-01
8.920000000000000994e-07,1.600000000000000033e-01
8.930000000000001745e-07,1.600000000000000033e-01
8.940000000000002497e-07,1.600000000000000033e-01
8.950000000000001130e-07,1.600000000000000033e-01
8.960000000000001882e-07,1.600000000000000033e-01
8.970000000000000515e-07,2.000000000000000111e-01
8.980000000000001267e-07,1.600000000000000033e-01
8.990000000000002018e-07,8.000000000000000167e-02
9.000000000000000652e-07,1.600000000000000033e-01
9.010000000000001403e-07,8.000000000000000167e-02
9.020000000000002154e-07,1.600000000000000033e-01
9.030000000000000788e-07,1.600000000000000033e-01
9.040000000000001539e-07,1.600000000000000033e-01
9.050000000000002290e-07,1.199999999999999956e-01
9.060000000000000924e-07,1.199999999999999956e-01
9.070000000000001675e-07,1.600000000000000033e-01
9.080000000000002427e-07,1.600000000000000033e-01
9.090000000000001060e-07,1.600000000000000033e-01
9.100000000000001812e-07,1.600000000000000033e-01
9.110000000000002563e-07,1.199999999999999956e-01
9.120000000000001197e-07,2.000000000000000111e-01
9.130000000000001948e-07,1.600000000000000033e-01
9.140000000000000582e-07,1.600000000000000033e-01
9.150000000000001333e-07,1.199999999999999956e-01
9.160000000000002084e-07,1.600000000000000033e-01
9.170000000000000718e-07,1.600000000000000033e-01
9.180000000000001469e-07,1.199999999999999956e-01
9.190000000000002221e-07,2.000000000000000111e-01
9.200000000000000854e-07,2.000000000000000111e-01
9.210000000000001606e-07,1.600000000000000033e-01
9.220000000000002357e-07,1.199999999999999956e-01
9.230000000000000991e-07,1.199999999999999956e-01
9.240000000000001742e-07,1.600000000000000033e-01
9.250000000000002493e-07,1.600000000000000033e-01
9.260000000000001127e-07,2.000000000000000111e-01
9.270000000000001878e-07,2.000000000000000111e-01
9.280000000000002629e-07,2.000000000000000111e-01
9.290000000000001263e-07,1.600000000000000033e-01
9.300000000000002014e-07,1.199999999999999956e-01
9.310000000000000648e-07,1.199999999999999956e-01
9.320000000000001399e-07,1.199999999999999956e-01
9.330000000000002151e-07,1.600000000000000033e-01
9.340000000000000784e-07,1.600000000000000033e-01
9.350000000000001536e-07,2.000000000000000111e-01
9.360000000000002287e-07,1.600000000000000033e-01
9.370000000000000921e-07,1.600000000000000033e-01
9.380000000000001672e-07,2.000000000000000111e-01
9.390000000000002423e-07,1.199999999999999956e-01
9.400000000000001057e-07,1.199999999999999956e-01
9.410000000000001808e-07,8.000000000000000167e-02
9.420000000000002560e-07,1.600000000000000033e-01
9.430000000000001193e-07,1.600000000000000033e-01
9.440000000000001945e-07,1.199999999999999956e-01
9.450000000000000578e-07,1.600000000000000033e-01
9.460000000000001330e-07,1.600000000000000033e-01
9.470000000000002081e-07,2.000000000000000111e-01
9.480000000000000715e-07,1.199999999999999956e-01
9.490000000000001466e-07,1.600000000000000033e-01
9.500000000000002217e-07,1.199999999999999956e-01
9.510000000000000851e-07,1.600000000000000033e-01
9.520000000000001602e-07,1.199999999999999956e-01
9.530000000000002353e-07,1.199999999999999956e-01
9.540000000000000987e-07,1.199999999999999956e-01
9.550000000000001738e-07,1.600000000000000033e-01
9.560000000000002490e-07,1.600000000000000033e-01
9.570000000000001123e-07,8.000000000000000167e-02
9.580000000000001875e-07,8.000000000000000167e-02
9.590000000000002626e-07,1.600000000000000033e-01
9.600000000000001260e-07,1.600000000000000033e-01
9.610000000000002011e-07,1.199999999999999956e-01
9.620000000000000645e-07,8.000000000000000167e-02
9.630000000000001396e-07,1.199999999999999956e-01
9.640000000000002147e-07,1.199999999999999956e-01
9.650000000000000781e-07,1.199999999999999956e-01
9.660000000000001532e-07,1.199999999999999956e-01
9.670000000000002284e-07,8.000000000000000167e-02
9.680000000000000917e-07,1.600000000000000033e-01
9.690000000000001669e-07,1.600000000000000033e-01
9.700000000000002420e-07,1.600000000000000033e-01
9.710000000000001053e-07,1.199999999999999956e-01
9.720000000000001805e-07,1.199999999999999956e-01
9.730000000000002556e-07,1.600000000000000033e-01
9.740000000000001190e-07,1.199999999999999956e-01
9.750000000000001941e-07,1.600000000000000033e-01
9.760000000000000575e-07,1.600000000000000033e-01
9.770000000000001326e-07,1.199999999999999956e-01
9.780000000000002077e-07,1.199999999999999956e-01
9.790000000000000711e-07,1.199999999999999956e-01
9.800000000000001462e-07,1.600000000000000033e-01
9.810000000000002214e-07,1.600000000000000033e-01
9.820000000000000847e-07,1.199999999999999956e-01
9.830000000000001599e-07,1.600000000000000033e-01
9.840000000000002350e-07,1.600000000000000033e-01
9.850000000000000984e-07,1.600000000000000033e-01
9.860000000000001735e-07,1.600000000000000033e-01
9.870000000000002486e-07,1.600000000000000033e-01
9.880000000000001120e-07,1.199999999999999956e-01
9.890000000000001871e-07,2.000000000000000111e-01
9.900000000000002623e-07,1.600000000000000033e-01
9.910000000000001256e-07,1.600000000000000033e-01
9.920000000000002007e-07,1.600000000000000033e-01
9.930000000000000641e-07,8.000000000000000167e-02
9.940000000000001392e-07,1.600000000000000033e-01
9.950000000000002144e-07,1.600000000000000033e-01
9.960000000000000777e-07,1.600000000000000033e-01
9.970000000000001529e-07,1.199999999999999956e-01
9.980000000000002280e-07,1.600000000000000033e-01
9.990000000000000914e-07,1.600000000000000033e-01
1.000000000000000167e-06,2.000000000000000111e-01
1.001000000000000242e-06,2.000000000000000111e-01
1.002000000000000105e-06,1.600000000000000033e-01
1.003000000000000180e-06,1.600000000000000033e-01
1.004000000000000255e-06,1.600000000000000033e-01
1.005000000000000119e-06,1.600000000000000033e-01
1.006000000000000194e-06,1.600000000000000033e-01
1.007000000000000269e-06,1.600000000000000033e-01
1.008000000000000132e-06,1.199999999999999956e-01
1.009000000000000207e-06,1.199999999999999956e-01
1.010000000000000071e-06,1.600000000000000033e-01
1.011000000000000146e-06,1.199999999999999956e-01
1.012000000000000221e-06,8.000000000000000167e-02
1.013000000000000084e-06,1.600000000000000033e-01
1.014000000000000160e-06,1.199999999999999956e-01
1.015000000000000235e-06,1.199999999999999956e-01
1.016000000000000098e-06,1.199999999999999956e-01
1.017000000000000173e-06,8.000000000000000167e-02
1.018000000000000248e-06,1.600000000000000033e-01
1.019000000000000112e-06,1.600000000000000033e-01
1.020000000000000187e-06,1.600000000000000033e-01
1.021000000000000262e-06,1.600000000000000033e-01
1.022000000000000125e-06,1.199999999999999956e-01
1.023000000000000200e-06,1.600000000000000033e-01
1.024000000000000064e-06,1.199999999999999956e-01
1.025000000000000139e-06,1.600000000000000033e-01
1.026000000000000214e-06,1.199999999999999956e-01
1.027000000000000077e-06,1.199999999999999956e-01
1.028000000000000153e-06,1.199999999999999956e-01
1.029000000000000228e-06,8.000000000000000167e-02
1.030000000000000091e-06,1.199999999999999956e-01
1.031000000000000166e-06,1.199999999999999956e-01
1.032000000000000241e-06,1.199999999999999956e-01
1.033000000000000105e-06,8.000000000000000167e-02
1.034000000000000180e-06,1.199999999999999956e-01
1.035000000000000255e-06,1.600000000000000033e-01
1.036000000000000118e-06,1.600000000000000033e-01
1.037000000000000193e-06,1.600000000000000033e-01
1.038000000000000269e-06,8.000000000000000167e-02
1.039000000000000132e-06,1.199999999999999956e-01
1.040000000000000207e-06,8.000000000000000167e-02
1.041000000000000070e-06,1.600000000000000033e-01
1.042000000000000146e-06,1.600000000000000033e-01
1.043000000000000221e-06,1.199999999999999956e-01
1.044000000000000084e-06,2.000000000000000111e-01
1.045000000000000159e-06,1.600000000000000033e-01
1.046000000000000234e-06,1.199999999999999956e-01
1.047000000000000098e-06,8.000000000000000167e-02
1.048000000000000173e-06,1.600000000000000033e-01
1.049000000000000248e-06,1.199999999999999956e-01
1.050000000000000111e-06,1.600000000000000033e-01
1.051000000000000186e-06,1.199999999999999956e-01
1.052000000000000262e-06,1.199999999999999956e-01
1.053000000000000125e-06,8.000000000000000167e-02
1.054000000000000200e-06,1.600000000000000033e-01
1.055000000000000063e-06,1.199999999999999956e-01
1.056000000000000139e-06,8.000000000000000167e-02
1.057000000000000214e-06,8.000000000000000167e-02
1.058000000000000077e-06,1.600000000000000033e-01
1.059000000000000152e-06,1.199999999999999956e-01
1.060000000000000227e-06,1.199999999999999956e-01
1.061000000000000091e-06,8.000000000000000167e-02
1.062000000000000166e-06,1.199999999999999956e-01
1.063000000000000241e-06,1.600000000000000033e-01
1.064000000000000104e-06,8.000000000000000167e-02
1.065000000000000179e-06,1.199999999999999956e-01
1.066000000000000255e-06,8.000000000000000167e-02
1.067000000000000118e-06,1.199999999999999956e-01
1.068000000000000193e-06,1.600000000000000033e-01
1.069000000000000268e-06,1.600000000000000033e-01
1.070000000000000132e-06,1.600000000000000033e-01
1.071000000000000207e-06,1.199999999999999956e-01
1.072000000000000070e-06,1.600000000000000033e-01
1.073000000000000145e-06,1.600000000000000033e-01
1.074000000000000220e-06,1.199999999999999956e-01
1.075000000000000084e-06,1.600000000000000033e-01
1.076000000000000159e-06,1.600000000000000033e-01
1.077000000000000234e-06,1.600000000000000033e-01
1.078000000000000097e-06,1.199999999999999956e-01
1.079000000000000172e-06,1.199999999999999956e-01
1.080000000000000248e-06,1.199999999999999956e-01
1.081000000000000111e-06,8.000000000000000167e-02
1.082000000000000186e-06,1.600000000000000033e-01
1.083000000000000261e-06,1.600000000000000033e-01
1.084000000000000125e-06,8.000000000000000167e-02
1.085000000000000200e-06,2.000000000000000111e-01
1.086000000000000275e-06,1.199999999999999956e-01
1.087000000000000138e-06,8.000000000000000167e-02
1.088000000000000213e-06,1.600000000000000033e-01
1.089000000000000077e-06,1.600000000000000033e-01
1.090000000000000152e-06,1.600000000000000033e-01
1.091000000000000227e-06,1.600000000000000033e-01
1.092000000000000090e-06,1.600000000000000033e-01
1.093000000000000165e-06,1.199999999999999956e-01
1.094000000000000241e-06,1.600000000000000033e-01
1.095000000000000104e-06,2.000000000000000111e-01
1.096000000000000179e-06,1.199999999999999956e-01
1.097000000000000254e-06,8.000000000000000167e-02
1.098000000000000118e-06,1.199999999999999956e-01
1.099000000000000193e-06,1.600000000000000033e-01
1.100000000000000268e-06,1.600000000000000033e-01
1.101000000000000131e-06,1.600000000000000033e-01
1.102000000000000206e-06,1.600000000000000033e-01
1.103000000000000070e-06,1.600000000000000033e-01
1.104000000000000145e-06,1.199999999999999956e-01
1.105000000000000220e-06,1.600000000000000033e-01
1.106000000000000083e-06,1.600000000000000033e-01
1.107000000000000158e-06,1.600000000000000033e-01
1.108000000000000234e-06,1.600000000000000033e-01
1.109000000000000097e-06,1.199999999999999956e-01
1.110000000000000172e-06,1.600000000000000033e-01
1.111000000000000247e-06,1.199999999999999956e-01
1.112000000000000111e-06,1.600000000000000033e-01
1.113000000000000186e-06,1.199999999999999956e-01
1.114000000000000261e-06,1.199999999999999956e-01
1.115000000000000124e-06,1.199999999999999956e-01
1.116000000000000199e-06,8.000000000000000167e-02
1.117000000000000275e-06,1.199999999999999956e-01
1.118000000000000138e-06,2.000000000000000111e-01
1.119000000000000213e-06,1.600000000000000033e-01
1.120000000000000076e-06,1.600000000000000033e-01
1.121000000000000152e-06,1.199999999999999956e-01
1.122000000000000227e-06,1.199999999999999956e-01
1.123000000000000090e-06,1.199999999999999956e-01
1.124000000000000165e-06,1.600000000000000033e-01
1.125000000000000240e-06,1.199999999999999956e-01
1.126000000000000104e-06,1.199999999999999956e-01
1.127000000000000179e-06,1.199999999999999956e-01
1.128000000000000254e-06,8.000000000000000167e-02
1.129000000000000117e-06,1.199999999999999956e-01
1.130000000000000192e-06,1.199999999999999956e-01
1.131000000000000268e-06,1.600000000000000033e-01
1.132000000000000131e-06,1.199999999999999956e-01
1.133000000000000206e-06,1.600000000000000033e-01
1.134000000000000069e-06,1.600000000000000033e-01
1.135000000000000145e-06,1.600000000000000033e-01
1.136000000000000220e-06,1.600000000000000033e-01
1.137000000000000083e-06,1.199999999999999956e-01
1.138000000000000158e-06,8.000000000000000167e-02
1.139000000000000233e-06,1.199999999999999956e-01
1.140000000000000097e-06,1.199999999999999956e-01
1.141000000000000172e-06,1.600000000000000033e-01
1.142000000000000247e-06,8.000000000000000167e-02
1.143000000000000110e-06,1.199999999999999956e-01
1.144000000000000185e-06,1.600000000000000033e-01
1.145000000000000261e-06,2.000000000000000111e-01
1.146000000000000124e-06,1.199999999999999956e-01
1.147000000000000199e-06,1.600000000000000033e-01
1.148000000000000274e-06,8.000000000000000167e-02
1.149000000000000138e-06,1.199999999999999956e-01
1.150000000000000213e-06,1.600000000000000033e-01
1.151000000000000076e-06,2.000000000000000111e-01
1.152000000000000151e-06,1.199999999999999956e-01
1.153000000000000226e-06,1.199999999999999956e-01
1.154000000000000090e-06,1.199999999999999956e-01
1.155000000000000165e-06,1.199999999999999956e-01
1.156000000000000240e-06,1.199999999999999956e-01
1.157000000000000103e-06,1.600000000000000033e-01
1.158000000000000178e-06,1.600000000000000033e-01
1.159000000000000254e-06,1.199999999999999956e-01
1.160000000000000117e-06,1.199999999999999956e-01
1.161000000000000192e-06,1.199999999999999956e-01
1.162000000000000267e-06,8.000000000000000167e-02
1.163000000000000131e-06,1.199999999999999956e-01
1.164000000000000206e-06,1.199999999999999956e-01
1.165000000000000069e-06,1.600000000000000033e-01
1.166000000000000144e-06,1.199999999999999956e-01
1.167000000000000219e-06,1.199999999999999956e-01
1.168000000000000083e-06,1.600000000000000033e-01
1.169000000000000158e-06,1.600000000000000033e-01
1.170000000000000233e-06,1.199999999999999956e-01
1.171000000000000096e-06,1.199999999999999956e-01
1.172000000000000171e-06,1.600000000000000033e-01
1.173000000000000247e-06,1.199999999999999956e-01
1.174000000000000110e-06,1.600000000000000033e-01
1.175000000000000185e-06,1.199999999999999956e-01
1.176000000000000260e-06,1.199999999999999956e-01
1.177000000000000124e-06,1.199999999999999956e-01
1.178000000000000199e-06,1.600000000000000033e-01
1.179000000000000274e-06,1.199999999999999956e-01
1.180000000000000137e-06,1.199999999999999956e-01
1.181000000000000212e-06,8.000000000000000167e-02
1.182000000000000076e-06,1.199999999999999956e-01
1.183000000000000151e-06,1.199999999999999956e-01
1.184000000000000226e-06,1.600000000000000033e-01
1.185000000000000089e-06,1.199999999999999956e-01
1.186000000000000164e-06,1.199999999999999956e-01
1.187000000000000240e-06,1.199999999999999956e-01
1.188000000000000103e-06,1.600000000000000033e-01
1.189000000000000178e-06,1.199999999999999956e-01
1.190000000000000253e-06,1.199999999999999956e-01
1.191000000000000117e-06,1.199999999999999956e-01
1.192000000000000192e-06,1.199999999999999956e-01
1.193000000000000267e-06,1.199999999999999956e-01
1.194000000000000130e-06,1.600000000000000033e-01
1.195000000000000205e-06,1.199999999999999956e-01
1.196000000000000280e-06,1.199999999999999956e-01
1.197000000000000144e-06,8.000000000000000167e-02
1.198000000000000219e-06,8.000000000000000167e-02
1.199000000000000082e-06,8.000000000000000167e-02
1.200000000000000157e-06,1.600000000000000033e-01
1.201000000000000233e-06,1.199999999999999956e-01
1.202000000000000096e-06,1.199999999999999956e-01
1.203000000000000171e-06,1.199999999999999956e-01
1.204000000000000246e-06,1.199999999999999956e-01
1.205000000000000110e-06,1.600000000000000033e-01
1.206000000000000185e-06,1.600000000000000033e-01
1.207000000000000260e-06,1.600000000000000033e-01
1.208000000000000123e-06,1.600000000000000033e-01
1.209000000000000198e-06,1.199999999999999956e-01
1.210000000000000273e-06,1.199999999999999956e-01
1.211000000000000137e-06,1.199999999999999956e-01
1.212000000000000212e-06,8.000000000000000167e-02
1.213000000000000075e-06,1.199999999999999956e-01
1.214000000000000150e-06,8.000000000000000167e-02
1.215000000000000226e-06,8.000000000000000167e-02
1.216000000000000089e-06,1.199999999999999956e-01
1.217000000000000164e-06,1.600000000000000033e-01
1.218000000000000239e-06,1.600000000000000033e-01
1.219000000000000103e-06,1.199999999999999956e-01
1.220000000000000178e-06,1.199999999999999956e-01
1.221000000000000253e-06,1.199999999999999956e-01
1.222000000000000116e-06,1.199999999999999956e-01
1.223000000000000191e-06,1.600000000000000033e-01
1.224000000000000266e-06,1.600000000000000033e-01
1.225000000000000130e-06,1.199999999999999956e-01
1.226000000000000205e-06,8.000000000000000167e-02
1.227000000000000280e-06,1.199999999999999956e-01
1.228000000000000143e-06,1.199999999999999956e-01
1.229000000000000219e-06,1.199999999999999956e-01
1.230000000000000082e-06,1.199999999999999956e-01
1.231000000000000157e-06,1.600000000000000033e-01
1.232000000000000232e-06,1.600000000000000033e-01
1.233000000000000096e-06,1.600000000000000033e-01
1.234000000000000171e-06,1.600000000000000033e-01
1.235000000000000246e-06,1.600000000000000033e-01
1.236000000000000109e-06,1.199999999999999956e-01
1.237000000000000184e-06,1.199999999999999956e-01
1.238000000000000259e-06,1.199999999999999956e-01
1.239000000000000123e-06,1.600000000000000033e-01
1.240000000000000198e-06,1.199999999999999956e-01
1.241000000000000273e-06,8.000000000000000167e-02
1.242000000000000136e-06,2.000000000000000111e-01
1.243000000000000212e-06,1.600000000000000033e-01
1.244000000000000075e-06,1.199999999999999956e-01
1.245000000000000150e-06,4.000000000000000083e-02
1.246000000000000225e-06,1.600000000000000033e-01
1.247000000000000089e-06,1.199999999999999956e-01
1.248000000000000164e-06,1.199999999999999956e-01
1.249000000000000239e-06,1.199999999999999956e-01
1.250000000000000102e-06,1.600000000000000033e-01
1.251000000000000177e-06,8.000000000000000167e-02
1.252000000000000253e-06,1.199999999999999956e-01
1.253000000000000116e-06,1.199999999999999956e-01
1.254000000000000191e-06,1.199999999999999956e-01
1.255000000000000266e-06,8.000000000000000167e-02
1.256000000000000130e-06,1.199999999999999956e-01
1.257000000000000205e-06,1.199999999999999956e-01
1.258000000000000280e-06,8.000000000000000167e-02
1.259000000000000143e-06,1.199999999999999956e-01
1.260000000000000218e-06,8.000000000000000167e-02
1.261000000000000082e-06,1.199999999999999956e-01
1.262000000000000157e-06,8.000000000000000167e-02
1.263000000000000232e-06,1.600000000000000033e-01
1.264000000000000095e-06,1.199999999999999956e-01
1.265000000000000170e-06,1.600000000000000033e-01
1.266000000000000246e-06,1.199999999999999956e-01
1.267000000000000109e-06,8.000000000000000167e-02
1.268000000000000184e-06,1.600000000000000033e-01
1.269000000000000259e-06,8.000000000000000167e-02
1.270000000000000123e-06,1.600000000000000033e-01
1.271000000000000198e-06,1.600000000000000033e-01
1.272000000000000273e-06,1.600000000000000033e-01
1.273000000000000136e-06,1.199999999999999956e-01
1.274000000000000211e-06,1.600000000000000033e-01
1.275000000000000286e-06,1.199999999999999956e-01
1.276000000000000150e-06,8.000000000000000167e-02
1.277000000000000225e-06,1.600000000000000033e-01
1.278000000000000088e-06,1.199999999999999956e-01
1.279000000000000163e-06,8.000000000000000167e-02
1.280000000000000239e-06,1.199999999999999956e-01
1.281000000000000102e-06,1.600000000000000033e-01
1.282000000000000177e-06,1.199999999999999956e-01
1.283000000000000252e-06,1.600000000000000033e-01
1.284000000000000116e-06,1.199999999999999956e-01
1.285000000000000191e-06,8.000000000000000167e-02
1.286000000000000266e-06,1.600000000000000033e-01
1.287000000000000129e-06,1.600000000000000033e-01
1.288000000000000204e-06,1.199999999999999956e-01
1.289000000000000279e-06,1.199999999999999956e-01
1.290000000000000143e-06,1.600000000000000033e-01
1.291000000000000218e-06,1.199999999999999956e-01
1.292000000000000081e-06,1.600000000000000033e-01
1.293000000000000156e-06,1.600000000000000033e-01
1.294000000000000232e-06,1.199999999999999956e-01
1.295000000000000095e-06,8.000000000000000167e-02
1.296000000000000170e-06,1.199999999999999956e-01
1.297000000000000245e-06,8.000000000000000167e-02
1.298000000000000109e-06,1.199999999999999956e-01
1.299000000000000184e-06,8.000000000000000167e-02
1.300000000000000259e-06,1.199999999999999956e-01
1.301000000000000122e-06,1.199999999999999956e-01
1.302000000000000197e-06,8.000000000000000167e-02
1.303000000000000272e-06,1.199999999999999956e-01
1.304000000000000136e-06,1.199999999999999956e-01
1.305000000000000211e-06,1.199999999999999956e-01
1.306000000000000286e-06,1.199999999999999956e-01
1.307000000000000149e-06,8.000000000000000167e-02
1.308000000000000225e-06,8.000000000000000167e-02
1.309000000000000088e-06,8.000000000000000167e-02
1.310000000000000163e-06,1.199999999999999956e-01
1.311000000000000238e-06,8.000000000000000167e-02
1.312000000000000102e-06,8.000000000000000167e-02
1.313000000000000177e-06,8.000000000000000167e-02
1.314000000000000252e-06,4.000000000000000083e-02
1.315000000000000115e-06,1.600000000000000033e-01
1.316000000000000190e-06,1.199999999999999956e-01
1.317000000000000265e-06,1.199999999999999956e-01
1.318000000000000129e-06,1.199999999999999956e-01
1.319000000000000204e-06,8.000000000000000167e-02
1.320000000000000279e-06,8.000000000000000167e-02
1.321000000000000142e-06,1.199999999999999956e-01
1.322000000000000218e-06,1.600000000000000033e-01
1.323000000000000081e-06,1.600000000000000033e-01
1.324000000000000156e-06,1.600000000000000033e-01
1.325000000000000231e-06,8.000000000000000167e-02
1.326000000000000095e-06,8.000000000000000167e-02
1.327000000000000170e-06,8.000000000000000167e-02
1.328000000000000245e-06,8.000000000000000167e-02
1.329000000000000108e-06,8.000000000000000167e-02
1.330000000000000183e-06,8.000000000000000167e-02
1.331000000000000258e-06,1.199999999999999956e-01
1.332000000000000122e-06,1.600000000000000033e-01
1.333000000000000197e-06,1.199999999999999956e-01
1.334000000000000272e-06,1.199999999999999956e-01
1.335000000000000135e-06,8.000000000000000167e-02
1.336000000000000211e-06,1.199999999999999956e-01
1.337000000000000286e-06,8.000000000000000167e-02
1.338000000000000149e-06,1.199999999999999956e-01
1.339000000000000224e-06,1.199999999999999956e-01
1.340000000000000088e-06,1.199999999999999956e-01
1.341000000000000163e-06,1.600000000000000033e-01
1.342000000000000238e-06,1.600000000000000033e-01
1.343000000000000101e-06,1.600000000000000033e-01
1.344000000000000176e-06,4.000000000000000083e-02
1.345000000000000251e-06,1.600000000000000033e-01
1.346000000000000115e-06,8.000000000000000167e-02
1.347000000000000190e-06,8.000000000000000167e-02
1.348000000000000265e-06,1.199999999999999956e-01
1.349000000000000128e-06,1.199999999999999956e-01
1.350000000000000204e-06,1.199999999999999956e-01
1.351000000000000279e-06,8.000000000000000167e-02
1.352000000000000142e-06,1.199999999999999956e-01
1.353000000000000217e-06,8.000000000000000167e-02
1.354000000000000081e-06,8.000000000000000167e-02
1.355000000000000156e-06,1.199999999999999956e-01
1.356000000000000231e-06,1.199999999999999956e-01
1.357000000000000094e-06,8.000000000000000167e-02
1.358000000000000169e-06,8.000000000000000167e-02
1.359000000000000244e-06,4.000000000000000083e-02
1.360000000000000108e-06,8.000000000000000167e-02
1.361000000000000183e-06,8.000000000000000167e-02
1.362000000000000258e-06,1.199999999999999956e-01
1.363000000000000121e-06,8.000000000000000167e-02
1.364000000000000197e-06,1.199999999999999956e-01
1.365000000000000272e-06,1.199999999999999956e-01
1.366000000000000135e-06,1.199999999999999956e-01
1.367000000000000210e-06,1.199999999999999956e-01
1.368000000000000285e-06,8.000000000000000167e-02
1.369000000000000149e-06,1.199999999999999956e-01
1.370000000000000224e-06,1.199999999999999956e-01
1.371000000000000087e-06,1.199999999999999956e-01
1.372000000000000162e-06,1.199999999999999956e-01
1.373000000000000238e-06,1.199999999999999956e-01
1.374000000000000101e-06,1.199999999999999956e-01
1.375000000000000176e-06,1.199999999999999956e-01
1.376000000000000251e-06,1.199999999999999956e-01
1.377000000000000115e-06,8.000000000000000167e-02
1.378000000000000190e-06,1.199999999999999956e-01
1.379000000000000265e-06,1.199999999999999956e-01
1.380000000000000128e-06,1.600000000000000033e-01
1.381000000000000203e-06,8.000000000000000167e-02
1.382000000000000278e-06,1.600000000000000033e-01
1.383000000000000142e-06,1.199999999999999956e-01
1.384000000000000217e-06,8.000000000000000167e-02
1.385000000000000292e-06,1.600000000000000033e-01
1.386000000000000155e-06,1.199999999999999956e-01
1.387000000000000231e-06,1.199999999999999956e-01
1.388000000000000094e-06,1.600000000000000033e-01
1.389000000000000169e-06,1.600000000000000033e-01
1.390000000000000244e-06,1.199999999999999956e-01
1.391000000000000108e-06,1.199999999999999956e-01
1.392000000000000183e-06,1.600000000000000033e-01
1.393000000000000258e-06,8.000000000000000167e-02
1.394000000000000121e-06,0.000000000000000000e+00
1.395000000000000196e-06,8.000000000000000167e-02
1.396000000000000271e-06,1.199999999999999956e-01
1.397000000000000135e-06,1.199999999999999956e-01
1.398000000000000210e-06,8.000000000000000167e-02
1.399000000000000285e-06,1.199999999999999956e-01
1.400000000000000148e-06,8.000000000000000167e-02
1.401000000000000224e-06,8.000000000000000167e-02
1.402000000000000087e-06,8.000000000000000167e-02
1.403000000000000162e-06,1.199999999999999956e-01
1.404000000000000237e-06,1.199999999999999956e-01
1.405000000000000101e-06,1.199999999999999956e-01
1.406000000000000176e-06,8.000000000000000167e-02
1.407000000000000251e-06,1.199999999999999956e-01
1.408000000000000114e-06,8.000000000000000167e-02
1.409000000000000189e-06,1.199999999999999956e-01
1.410000000000000264e-06,8.000000000000000167e-02
1.411000000000000128e-06,8.000000000000000167e-02
1.412000000000000203e-06,8.000000000000000167e-02
1.413000000000000278e-06,4.000000000000000083e-02
1.414000000000000141e-06,8.000000000000000167e-02
1.415000000000000217e-06,1.199999999999999956e-01
1.416000000000000292e-06,1.199999999999999956e-01
1.417000000000000155e-06,1.199999999999999956e-01
1.418000000000000230e-06,8.000000000000000167e-02
1.419000000000000094e-06,1.199999999999999956e-01
1.420000000000000169e-06,1.199999999999999956e-01
1.421000000000000244e-06,1.199999999999999956e-01
1.422000000000000107e-06,1.199999999999999956e-01
1.423000000000000182e-06,1.199999999999999956e-01
1.424000000000000257e-06,8.000000000000000167e-02
1.425000000000000121e-06,4.000000000000000083e-02
1.426000000000000196e-06,1.199999999999999956e-01
1.427000000000000271e-06,1.199999999999999956e-01
1.428000000000000134e-06,8.000000000000000167e-02
1.429000000000000210e-06,1.199999999999999956e-01
1.430000000000000285e-06,1.199999999999999956e-01
1.431000000000000148e-06,1.199999999999999956e-01
1.432000000000000223e-06,1.199999999999999956e-01
1.433000000000000087e-06,1.199999999999999956e-01
1.434000000000000162e-06,8.000000000000000167e-02
1.435000000000000237e-06,8.000000000000000167e-02
1.436000000000000100e-06,8.000000000000000167e-02
1.437000000000000175e-06,1.199999999999999956e-01
1.438000000000000250e-06,1.199999999999999956e-01
1.439000000000000114e-06,8.000000000000000167e-02
1.440000000000000189e-06,1.600000000000000033e-01
1.441000000000000264e-06,1.199999999999999956e-01
1.442000000000000127e-06,1.600000000000000033e-01
1.443000000000000203e-06,4.000000000000000083e-02
1.444000000000000278e-06,1.199999999999999956e-01
1.445000000000000141e-06,8.000000000000000167e-02
1.446000000000000216e-06,4.000000000000000083e-02
1.447000000000000291e-06,1.199999999999999956e-01
1.448000000000000155e-06,1.199999999999999956e-01
1.449000000000000230e-06,1.199999999999999956e-01
1.450000000000000093e-06,8.000000000000000167e-02
1.451000000000000168e-06,8.000000000000000167e-02
1.452000000000000243e-06,8.000000000000000167e-02
1.453000000000000107e-06,8.000000000000000167e-02
1.454000000000000182e-06,1.199999999999999956e-01
1.455000000000000257e-06,1.199999999999999956e-01
1.456000000000000120e-06,4.000000000000000083e-02
1.457000000000000196e-06,8.000000000000000167e-02
1.458000000000000271e-06,1.199999999999999956e-01
1.459000000000000346e-06,1.199999999999999956e-01
1.459999999999999997e-06,4.000000000000000083e-02
1.461000000000000073e-06,8.000000000000000167e-02
1.462000000000000148e-06,8.000000000000000167e-02
1.463000000000000223e-06,1.199999999999999956e-01
1.464000000000000298e-06,4.000000000000000083e-02
1.465000000000000373e-06,1.199999999999999956e-01
1.466000000000000025e-06,1.199999999999999956e-01
1.467000000000000100e-06,8.000000000000000167e-02
1.468000000000000175e-06,1.600000000000000033e-01
1.469000000000000250e-06,1.199999999999999956e-01
1.470000000000000325e-06,1.199999999999999956e-01
1.471000000000000400e-06,1.600000000000000033e-01
1.472000000000000052e-06,1.199999999999999956e-01
1.473000000000000127e-06,1.199999999999999956e-01
1.474000000000000202e-06,1.199999999999999956e-01
1.475000000000000277e-06,1.199999999999999956e-01
1.476000000000000352e-06,1.199999999999999956e-01
1.477000000000000004e-06,1.199999999999999956e-01
1.478000000000000079e-06,1.199999999999999956e-01
1.479000000000000154e-06,1.199999999999999956e-01
1.480000000000000229e-06,1.199999999999999956e-01
1.481000000000000305e-06,1.199999999999999956e-01
1.482000000000000380e-06,1.199999999999999956e-01
1.483000000000000031e-06,8.000000000000000167e-02
1.484000000000000106e-06,1.199999999999999956e-01
1.485000000000000182e-06,1.199999999999999956e-01
1.486000000000000257e-06,1.199999999999999956e-01
1.487000000000000332e-06,1.199999999999999956e-01
1.487999999999999983e-06,1.199999999999999956e-01
1.489000000000000059e-06,1.199999999999999956e-01
1.490000000000000134e-06,8.000000000000000167e-02
1.491000000000000209e-06,1.600000000000000033e-01
1.492000000000000284e-06,8.000000000000000167e-02
1.493000000000000359e-06,8.000000000000000167e-02
1.494000000000000011e-06,8.000000000000000167e-02
1.495000000000000086e-06,1.199999999999999956e-01
1.496000000000000161e-06,1.199999999999999956e-01
1.497000000000000236e-06,1.199999999999999956e-01
1.498000000000000311e-06,1.600000000000000033e-01
1.499000000000000386e-06,8.000000000000000167e-02
1.500000000000000038e-06,8.000000000000000167e-02
1.501000000000000113e-06,1.199999999999999956e-01
1.502000000000000188e-06,8.000000000000000167e-02
1.503000000000000263e-06,1.199999999999999956e-01
1.504000000000000339e-06,8.000000000000000167e-02
1.504999999999999990e-06,8.000000000000000167e-02
1.506000000000000065e-06,8.000000000000000167e-02
1.507000000000000140e-06,8.000000000000000167e-02
1.508000000000000216e-06,8.000000000000000167e-02
1.509000000000000291e-06,4.000000000000000083e-02
1.510000000000000366e-06,8.000000000000000167e-02
1.511000000000000017e-06,1.199999999999999956e-01
1.512000000000000093e-06,1.199999999999999956e-01
1.513000000000000168e-06,1.600000000000000033e-01
1.514000000000000243e-06,1.199999999999999956e-01
1.515000000000000318e-06,1.199999999999999956e-01
1.516000000000000393e-06,1.199999999999999956e-01
1.517000000000000045e-06,1.199999999999999956e-01
1.518000000000000120e-06,1.199999999999999956e-01
1.519000000000000195e-06,1.199999999999999956e-01
1.520000000000000270e-06,1.199999999999999956e-01
1.521000000000000345e-06,1.600000000000000033e-01
1.521999999999999997e-06,1.600000000000000033e-01
1.523000000000000072e-06,8.000000000000000167e-02
1.524000000000000147e-06,4.000000000000000083e-02
1.525000000000000222e-06,8.000000000000000167e-02
1.526000000000000297e-06,8.000000000000000167e-02
1.527000000000000372e-06,8.000000000000000167e-02
1.528000000000000024e-06,8.000000000000000167e-02
1.529000000000000099e-06,1.199999999999999956e-01
1.530000000000000174e-06,8.000000000000000167e-02
1.531000000000000249e-06,1.199999999999999956e-01
1.532000000000000325e-06,1.600000000000000033e-01
1.533000000000000400e-06,8.000000000000000167e-02
1.534000000000000051e-06,8.000000000000000167e-02
1.535000000000000126e-06,8.000000000000000167e-02
1.536000000000000202e-06,1.199999999999999956e-01
1.537000000000000277e-06,8.000000000000000167e-02
1.538000000000000352e-06,1.199999999999999956e-01
1.539000000000000003e-06,1.199999999999999956e-01
1.540000000000000079e-06,1.199999999999999956e-01
1.541000000000000154e-06,1.199999999999999956e-01
1.542000000000000229e-06,4.000000000000000083e-02
1.543000000000000304e-06,1.600000000000000033e-01
1.544000000000000379e-06,8.000000000000000167e-02
1.545000000000000031e-06,8.000000000000000167e-02
1.546000000000000106e-06,1.199999999999999956e-01
1.547000000000000181e-06,1.600000000000000033e-01
1.548000000000000256e-06,8.000000000000000167e-02
1.549000000000000331e-06,8.000000000000000167e-02
1.550000000000000406e-06,1.199999999999999956e-01
1.551000000000000058e-06,0.000000000000000000e+00
1.552000000000000133e-06,8.000000000000000167e-02
1.553000000000000208e-06,1.199999999999999956e-01
1.554000000000000283e-06,8.000000000000000167e-02
1.555000000000000358e-06,4.000000000000000083e-02
1.556000000000000010e-06,8.000000000000000167e-02
1.557000000000000085e-06,8.000000000000000167e-02
1.558000000000000160e-06,8.000000000000000167e-02
1.559000000000000235e-06,8.000000000000000167e-02
1.560000000000000311e-06,8.000000000000000167e-02
1.561000000000000386e-06,4.000000000000000083e-02
1.562000000000000037e-06,1.199999999999999956e-01
1.563000000000000112e-06,1.199999999999999956e-01
1.564000000000000188e-06,8.000000000000000167e-02
1.565000000000000263e-06,1.199999999999999956e-01
1.566000000000000338e-06,8.000000000000000167e-02
1.566999999999999989e-06,8.000000000000000167e-02
1.568000000000000065e-06,8.000000000000000167e-02
1.569000000000000140e-06,8.000000000000000167e-02
1.570000000000000215e-06,1.199999999999999956e-01
1.571000000000000290e-06,1.199999999999999956e-01
1.572000000000000365e-06,1.199999999999999956e-01
1.573000000000000017e-06,1.199999999999999956e-01
1.574000000000000092e-06,8.000000000000000167e-02
1.575000000000000167e-06,1.199999999999999956e-01
1.576000000000000242e-06,1.199999999999999956e-01
1.577000000000000317e-06,8.000000000000000167e-02
1.578000000000000392e-06,8.000000000000000167e-02
1.579000000000000044e-06,8.000000000000000167e-02
1.580000000000000119e-06,1.199999999999999956e-01
1.581000000000000194e-06,8.000000000000000167e-02
1.582000000000000269e-06,8.000000000000000167e-02
1.583000000000000344e-06,1.199999999999999956e-01
1.583999999999999996e-06,1.199999999999999956e-01
1.585000000000000071e-06,1.199999999999999956e-01
1.586000000000000146e-06,1.199999999999999956e-01
1.587000000000000221e-06,1.199999999999999956e-01
1.588000000000000297e-06,8.000000000000000167e-02
1.589000000000000372e-06,1.199999999999999956e-01
1.590000000000000023e-06,1.199999999999999956e-01
1.591000000000000098e-06,8.000000000000000167e-02
1.592000000000000174e-06,4.000000000000000083e-02
1.593000000000000249e-06,1.199999999999999956e-01
1.594000000000000324e-06,1.199999999999999956e-01
1.595000000000000399e-06,8.000000000000000167e-02
1.596000000000000051e-06,8.000000000000000167e-02
1.597000000000000126e-06,8.000000000000000167e-02
1.598000000000000201e-06,1.199999999999999956e-01
1.599000000000000276e-06,1.199999999999999956e-01
1.600000000000000351e-06,1.199999999999999956e-01
1.601000000000000003e-06,8.000000000000000167e-02
1.602000000000000078e-06,8.000000000000000167e-02
1.603000000000000153e-06,1.199999999999999956e-01
1.604000000000000228e-06,8.000000000000000167e-02
1.605000000000000303e-06,1.199999999999999956e-01
1.606000000000000378e-06,4.000000000000000083e-02
1.607000000000000030e-06,1.199999999999999956e-01
1.608000000000000105e-06,4.000000000000000083e-02
1.609000000000000180e-06,8.000000000000000167e-02
1.610000000000000255e-06,8.000000000000000167e-02
1.611000000000000330e-06,8.000000000000000167e-02
1.612000000000000406e-06,1.199999999999999956e-01
1.613000000000000057e-06,1.199999999999999956e-01
1.614000000000000132e-06,1.199999999999999956e-01
1.615000000000000207e-06,8.000000000000000167e-02
1.616000000000000283e-06,4.000000000000000083e-02
1.617000000000000358e-06,8.000000000000000167e-02
1.618000000000000009e-06,8.000000000000000167e-02
1.619000000000000084e-06,8.000000000000000167e-02
1.620000000000000160e-06,1.199999999999999956e-01
1.621000000000000235e-06,1.199999999999999956e-01
1.622000000000000310e-06,8.000000000000000167e-02
1.623000000000000385e-06,8.000000000000000167e-02
1.624000000000000037e-06,8.000000000000000167e-02
1.625000000000000112e-06,8.000000000000000167e-02
1.626000000000000187e-06,8.000000000000000167e-02
1.627000000000000262e-06,8.000000000000000167e-02
1.628000000000000337e-06,1.199999999999999956e-01
1.629000000000000412e-06,1.199999999999999956e-01
1.630000000000000064e-06,8.000000000000000167e-02
1.631000000000000139e-06,1.199999999999999956e-01
1.632000000000000214e-06,8.000000000000000167e-02
1.633000000000000289e-06,1.199999999999999956e-01
1.634000000000000364e-06,1.199999999999999956e-01
1.635000000000000016e-06,1.600000000000000033e-01
1.636000000000000091e-06,1.199999999999999956e-01
1.637000000000000166e-06,1.600000000000000033e-01
1.638000000000000241e-06,1.199999999999999956e-01
1.639000000000000317e-06,1.600000000000000033e-01
1.640000000000000392e-06,1.600000000000000033e-01
1.641000000000000043e-06,8.000000000000000167e-02
1.642000000000000118e-06,1.600000000000000033e-01
1.643000000000000194e-06,8.000000000000000167e-02
1.644000000000000269e-06,4.000000000000000083e-02
1.645000000000000344e-06,1.199999999999999956e-01
1.645999999999999995e-06,8.000000000000000167e-02
1.647000000000000071e-06,1.199999999999999956e-01
1.648000000000000146e-06,8.000000000000000167e-02
1.649000000000000221e-06,8.000000000000000167e-02
1.650000000000000296e-06,8.000000000000000167e-02
1.651000000000000371e-06,4.000000000000000083e-02
1.652000000000000023e-06,1.199999999999999956e-01
1.653000000000000098e-06,1.199999999999999956e-01
1.654000000000000173e-06,4.000000000000000083e-02
1.655000000000000248e-06,8.000000000000000167e-02
1.656000000000000323e-06,8.000000000000000167e-02
1.657000000000000398e-06,4.000000000000000083e-02
1.658000000000000050e-06,8.000000000000000167e-02
1.659000000000000125e-06,1.199999999999999956e-01
1.660000000000000200e-06,8.000000000000000167e-02
1.661000000000000275e-06,1.199999999999999956e-01
1.662000000000000350e-06,1.600000000000000033e-01
1.663000000000000002e-06,1.199999999999999956e-01
1.664000000000000077e-06,8.000000000000000167e-02
1.665000000000000152e-06,8.000000000000000167e-02
1.666000000000000227e-06,1.199999999999999956e-01
1.667000000000000303e-06,8.000000000000000167e-02
1.668000000000000378e-06,1.199999999999999956e-01
1.669000000000000029e-06,8.000000000000000167e-02
1.670000000000000104e-06,1.199999999999999956e-01
1.671000000000000180e-06,4.000000000000000083e-02
1.672000000000000255e-06,8.000000000000000167e-02
1.673000000000000330e-06,4.000000000000000083e-02
1.674000000000000405e-06,4.000000000000000083e-02
1.675000000000000057e-06,1.199999999999999956e-01
1.676000000000000132e-06,8.000000000000000167e-02
1.677000000000000207e-06,8.000000000000000167e-02
1.678000000000000282e-06,8.000000000000000167e-02
1.679000000000000357e-06,1.199999999999999956e-01
1.680000000000000009e-06,1.199999999999999956e-01
1.681000000000000084e-06,4.000000000000000083e-02
1.682000000000000159e-06,1.199999999999999956e-01
1.683000000000000234e-06,8.000000000000000167e-02
1.684000000000000309e-06,1.199999999999999956e-01
1.685000000000000384e-06,8.000000000000000167e-02
1.686000000000000036e-06,1.600000000000000033e-01
1.687000000000000111e-06,1.199999999999999956e-01
1.688000000000000186e-06,8.000000000000000167e-02
1.689000000000000261e-06,1.600000000000000033e-01
1.690000000000000336e-06,1.199999999999999956e-01
1.691000000000000412e-06,4.000000000000000083e-02
1.692000000000000063e-06,8.000000000000000167e-02
1.693000000000000138e-06,8.000000000000000167e-02
1.694000000000000213e-06,8.000000000000000167e-02
1.695000000000000289e-06,8.000000000000000167e-02
1.696000000000000364e-06,8.000000000000000167e-02
1.697000000000000015e-06,1.199999999999999956e-01
1.698000000000000090e-06,1.199999999999999956e-01
1.699000000000000166e-06,8.000000000000000167e-02
1.700000000000000241e-06,8.000000000000000167e-02
1.701000000000000316e-06,1.199999999999999956e-01
1.702000000000000391e-06,1.199999999999999956e-01
1.703000000000000043e-06,1.199999999999999956e-01
1.704000000000000118e-06,8.000000000000000167e-02
1.705000000000000193e-06,4.000000000000000083e-02
1.706000000000000268e-06,8.000000000000000167e-02
1.707000000000000343e-06,8.000000000000000167e-02
1.708000000000000418e-06,8.000000000000000167e-02
1.709000000000000070e-06,1.199999999999999956e-01
1.710000000000000145e-06,4.000000000000000083e-02
1.711000000000000220e-06,1.199999999999999956e-01
1.712000000000000295e-06,1.199999999999999956e-01
1.713000000000000370e-06,1.199999999999999956e-01
1.714000000000000022e-06,4.000000000000000083e-02
1.715000000000000097e-06,8.000000000000000167e-02
1.716000000000000172e-06,8.000000000000000167e-02
1.717000000000000247e-06,8.000000000000000167e-02
1.718000000000000322e-06,1.199999999999999956e-01
1.719000000000000398e-06,8.000000000000000167e-02
1.720000000000000049e-06,8.000000000000000167e-02
1.721000000000000124e-06,8.000000000000000167e-02
1.722000000000000199e-06,4.000000000000000083e-02
1.723000000000000275e-06,8.000000000000000167e-02
1.724000000000000350e-06,4.000000000000000083e-02
1.725000000000000001e-06,1.199999999999999956e-01
1.726000000000000076e-06,8.000000000000000167e-02
1.727000000000000152e-06,1.199999999999999956e-01
1.728000000000000227e-06,8.000000000000000167e-02
1.729000000000000302e-06,1.199999999999999956e-01
1.730000000000000377e-06,1.199999999999999956e-01
1.731000000000000029e-06,4.000000000000000083e-02
1.732000000000000104e-06,4.000000000000000083e-02
1.733000000000000179e-06,4.000000000000000083e-02
1.734000000000000254e-06,1.199999999999999956e-01
1.735000000000000329e-06,1.199999999999999956e-01
1.736000000000000404e-06,4.000000000000000083e-02
1.737000000000000056e-06,8.000000000000000167e-02
1.738000000000000131e-06,1.199999999999999956e-01
1.739000000000000206e-06,8.000000000000000167e-02
1.740000000000000281e-06,4.000000000000000083e-02
1.741000000000000356e-06,8.000000000000000167e-02
1.742000000000000008e-06,8.000000000000000167e-02
1.743000000000000083e-06,4.000000000000000083e-02
1.744000000000000158e-06,8.000000000000000167e-02
1.745000000000000233e-06,1.199999999999999956e-01
1.746000000000000309e-06,8.000000000000000167e-02
1.747000000000000384e-06,1.199999999999999956e-01
1.748000000000000035e-06,1.199999999999999956e-01
1.749000000000000110e-06,4.000000000000000083e-02
1.750000000000000186e-06,8.000000000000000167e-02
1.751000000000000261e-06,1.199999999999999956e-01
1.752000000000000336e-06,1.199999999999999956e-01
1.753000000000000411e-06,4.000000000000000083e-02
1.754000000000000063e-06,4.000000000000000083e-02
1.755000000000000138e-06,8.000000000000000167e-02
1.756000000000000213e-06,8.000000000000000167e-02
1.757000000000000288e-06,8.000000000000000167e-02
1.758000000000000363e-06,8.000000000000000167e-02
1.759000000000000015e-06,4.000000000000000083e-02
1.760000000000000090e-06,8.000000000000000167e-02
1.761000000000000165e-06,1.199999999999999956e-01
1.762000000000000240e-06,1.600000000000000033e-01
1.763000000000000315e-06,1.199999999999999956e-01
1.764000000000000390e-06,8.000000000000000167e-02
1.765000000000000042e-06,1.199999999999999956e-01
1.766000000000000117e-06,1.199999999999999956e-01
1.767000000000000192e-06,1.199999999999999956e-01
1.768000000000000267e-06,1.199999999999999956e-01
1.769000000000000342e-06,1.199999999999999956e-01
1.770000000000000418e-06,1.199999999999999956e-01
1.771000000000000069e-06,8.000000000000000167e-02
1.772000000000000144e-06,8.000000000000000167e-02
1.773000000000000219e-06,1.199999999999999956e-01
1.774000000000000295e-06,1.199999999999999956e-01
1.775000000000000370e-06,8.000000000000000167e-02
1.776000000000000021e-06,1.199999999999999956e-01
1.777000000000000096e-06,8.000000000000000167e-02
1.778000000000000172e-06,1.199999999999999956e-01
1.779000000000000247e-06,1.199999999999999956e-01
1.780000000000000322e-06,8.000000000000000167e-02
1.781000000000000397e-06,1.600000000000000033e-01
1.782000000000000049e-06,1.199999999999999956e-01
1.783000000000000124e-06,8.000000000000000167e-02
1.784000000000000199e-06,1.199999999999999956e-01
1.785000000000000274e-06,1.600000000000000033e-01
1.786000000000000349e-06,1.199999999999999956e-01
1.787000000000000424e-06,1.199999999999999956e-01
1.788000000000000076e-06,8.000000000000000167e-02
1.789000000000000151e-06,1.199999999999999956e-01
1.790000000000000226e-06,8.000000000000000167e-02
1.791000000000000301e-06,8.000000000000000167e-02
1.792000000000000376e-06,8.000000000000000167e-02
1.793000000000000028e-06,1.199999999999999956e-01
1.794000000000000103e-06,1.199999999999999956e-01
1.795000000000000178e-06,1.199999999999999956e-01
1.796000000000000253e-06,1.199999999999999956e-01
1.797000000000000328e-06,8.000000000000000167e-02
1.798000000000000404e-06,8.000000000000000167e-02
1.799000000000000055e-06,1.199999999999999956e-01
1.800000000000000130e-06,1.199999999999999956e-01
1.801000000000000205e-06,1.199999999999999956e-01
1.802000000000000281e-06,1.199999999999999956e-01
1.803000000000000356e-06,1.199999999999999956e-01
1.804000000000000007e-06,8.000000000000000167e-02
1.805000000000000082e-06,1.199999999999999956e-01
1.806000000000000158e-06,1.600000000000000033e-01
1.807000000000000233e-06,8.000000000000000167e-02
1.808000000000000308e-06,1.199999999999999956e-01
1.809000000000000383e-06,1.199999999999999956e-01
1.810000000000000035e-06,1.600000000000000033e-01
1.811000000000000110e-06,1.199999999999999956e-01
1.812000000000000185e-06,1.600000000000000033e-01
1.813000000000000260e-06,1.600000000000000033e-01
1.814000000000000335e-06,1.600000000000000033e-01
1.815000000000000410e-06,1.199999999999999956e-01
1.816000000000000062e-06,1.600000000000000033e-01
1.817000000000000137e-06,2.000000000000000111e-01
1.818000000000000212e-06,1.199999999999999956e-01
1.819000000000000287e-06,1.600000000000000033e-01
1.820000000000000362e-06,1.199999999999999956e-01
1.821000000000000014e-06,1.199999999999999956e-01
1.822000000000000089e-06,1.600000000000000033e-01
1.823000000000000164e-06,1.199999999999999956e-01
1.824000000000000239e-06,1.199999999999999956e-01
1.825000000000000314e-06,1.199999999999999956e-01
1.826000000000000390e-06,1.199999999999999956e-01
1.827000000000000041e-06,2.000000000000000111e-01
1.828000000000000116e-06,1.600000000000000033e-01
1.829000000000000191e-06,1.600000000000000033e-01
1.830000000000000267e-06,8.000000000000000167e-02
1.831000000000000342e-06,1.199999999999999956e-01
1.832000000000000417e-06,1.600000000000000033e-01
1.833000000000000068e-06,1.600000000000000033e-01
1.834000000000000144e-06,1.600000000000000033e-01
1.835000000000000219e-06,1.600000000000000033e-01
1.836000000000000294e-06,2.000000000000000111e-01
1.837000000000000369e-06,2.000000000000000111e-01
1.838000000000000021e-06,2.000000000000000111e-01
1.839000000000000096e-06,1.199999999999999956e-01
1.840000000000000171e-06,2.000000000000000111e-01
1.841000000000000246e-06,2.000000000000000111e-01
1.842000000000000321e-06,2.000000000000000111e-01
1.843000000000000396e-06,2.000000000000000111e-01
1.844000000000000048e-06,2.399999999999999911e-01
1.845000000000000123e-06,2.000000000000000111e-01
1.846000000000000198e-06,2.399999999999999911e-01
1.847000000000000273e-06,2.000000000000000111e-01
1.848000000000000348e-06,2.000000000000000111e-01
1.849000000000000423e-06,2.000000000000000111e-01
1.850000000000000075e-06,2.000000000000000111e-01
1.851000000000000150e-06,2.399999999999999911e-01
1.852000000000000225e-06,2.399999999999999911e-01
1.853000000000000300e-06,2.000000000000000111e-01
1.854000000000000376e-06,2.000000000000000111e-01
1.855000000000000027e-06,2.399999999999999911e-01
1.856000000000000102e-06,2.399999999999999911e-01
1.857000000000000177e-06,2.800000000000000266e-01
1.858000000000000253e-06,2.399999999999999911e-01
1.859000000000000328e-06,2.800000000000000266e-01
1.860000000000000403e-06,2.800000000000000266e-01
1.861000000000000054e-06,2.800000000000000266e-01
1.862000000000000130e-06,2.800000000000000266e-01
1.863000000000000205e-06,2.399999999999999911e-01
1.864000000000000280e-06,3.200000000000000067e-01
1.865000000000000355e-06,2.800000000000000266e-01
1.866000000000000007e-06,2.800000000000000266e-01
1.867000000000000082e-06,2.800000000000000266e-01
1.868000000000000157e-06,3.200000000000000067e-01
1.869000000000000232e-06,3.599999999999999867e-01
1.870000000000000307e-06,3.200000000000000067e-01
1.871000000000000382e-06,3.200000000000000067e-01
1.872000000000000034e-06,3.200000000000000067e-01
1.873000000000000109e-06,2.800000000000000266e-01
1.874000000000000184e-06,3.200000000000000067e-01
1.875000000000000259e-06,3.599999999999999867e-01
1.876000000000000334e-06,3.599999999999999867e-01
1.877000000000000410e-06,4.000000000000000222e-01
1.878000000000000061e-06,3.599999999999999867e-01
1.879000000000000136e-06,3.599999999999999867e-01
1.880000000000000211e-06,4.400000000000000022e-01
1.881000000000000287e-06,4.000000000000000222e-01
1.882000000000000362e-06,4.000000000000000222e-01
1.883000000000000013e-06,4.400000000000000022e-01
1.884000000000000088e-06,4.799999999999999822e-01
1.885000000000000164e-06,4.400000000000000022e-01
1.886000000000000239e-06,4.400000000000000022e-01
1.887000000000000314e-06,4.400000000000000022e-01
1.888000000000000389e-06,4.400000000000000022e-01
1.889000000000000041e-06,4.400000000000000022e-01
1.890000000000000116e-06,5.200000000000000178e-01
1.891000000000000191e-06,4.799999999999999822e-01
1.892000000000000266e-06,5.200000000000000178e-01
1.893000000000000341e-06,5.200000000000000178e-01
1.894000000000000416e-06,5.200000000000000178e-01
1.895000000000000068e-06,5.200000000000000178e-01
1.896000000000000143e-06,5.999999999999999778e-01
1.897000000000000218e-06,5.600000000000000533e-01
1.898000000000000293e-06,5.600000000000000533e-01
1.899000000000000368e-06,5.999999999999999778e-01
1.900000000000000020e-06,5.999999999999999778e-01
1.901000000000000095e-06,5.999999999999999778e-01
1.902000000000000170e-06,6.400000000000000133e-01
1.903000000000000245e-06,6.400000000000000133e-01
1.904000000000000320e-06,6.800000000000000488e-01
1.905000000000000396e-06,6.800000000000000488e-01
1.906000000000000047e-06,6.800000000000000488e-01
1.907000000000000122e-06,7.199999999999999734e-01
1.908000000000000197e-06,7.199999999999999734e-01
1.909000000000000273e-06,7.600000000000000089e-01
1.910000000000000348e-06,7.199999999999999734e-01
1.911000000000000423e-06,7.600000000000000089e-01
1.912000000000000074e-06,7.600000000000000089e-01
1.913000000000000150e-06,7.600000000000000089e-01
1.914000000000000225e-06,8.000000000000000444e-01
1.915000000000000300e-06,8.399999999999999689e-01
1.916000000000000375e-06,8.800000000000000044e-01
1.917000000000000027e-06,9.200000000000000400e-01
1.918000000000000102e-06,9.200000000000000400e-01
1.919000000000000177e-06,9.200000000000000400e-01
1.920000000000000252e-06,9.200000000000000400e-01
1.921000000000000327e-06,9.200000000000000400e-01
1.922000000000000402e-06,9.599999999999999645e-01
1.923000000000000054e-06,9.599999999999999645e-01
1.924000000000000129e-06,1.000000000000000000e+00
1.925000000000000204e-06,1.040000000000000036e+00
1.926000000000000279e-06,1.120000000000000107e+00
1.927000000000000354e-06,1.080000000000000071e+00
1.928000000000000429e-06,1.120000000000000107e+00
1.929000000000000081e-06,1.080000000000000071e+00
1.930000000000000156e-06,1.120000000000000107e+00
1.931000000000000231e-06,1.120000000000000107e+00
1.932000000000000306e-06,1.159999999999999920e+00
1.933000000000000382e-06,1.239999999999999991e+00
1.934000000000000033e-06,1.199999999999999956e+00
1.935000000000000108e-06,1.239999999999999991e+00
1.936000000000000183e-06,1.280000000000000027e+00
1.937000000000000259e-06,1.320000000000000062e+00
1.938000000000000334e-06,1.280000000000000027e+00
1.939000000000000409e-06,1.320000000000000062e+00
1.940000000000000060e-06,1.400000000000000133e+00
1.941000000000000136e-06,1.320000000000000062e+00
1.942000000000000211e-06,1.360000000000000098e+00
1.943000000000000286e-06,1.439999999999999947e+00
1.944000000000000361e-06,1.439999999999999947e+00
1.945000000000000013e-06,1.479999999999999982e+00
1.946000000000000088e-06,1.479999999999999982e+00
1.947000000000000163e-06,1.560000000000000053e+00
1.948000000000000238e-06,1.479999999999999982e+00
1.949000000000000313e-06,1.560000000000000053e+00
1.950000000000000388e-06,1.600000000000000089e+00
1.951000000000000040e-06,1.560000000000000053e+00
1.952000000000000115e-06,1.600000000000000089e+00
1.953000000000000190e-06,1.600000000000000089e+00
1.954000000000000265e-06,1.640000000000000124e+00
1.955000000000000340e-06,1.640000000000000124e+00
1.956000000000000415e-06,1.679999999999999938e+00
1.957000000000000067e-06,1.679999999999999938e+00
1.958000000000000142e-06,1.719999999999999973e+00
1.959000000000000217e-06,1.719999999999999973e+00
1.960000000000000292e-06,1.800000000000000044e+00
1.961000000000000368e-06,1.800000000000000044e+00
1.962000000000000019e-06,1.800000000000000044e+00
1.963000000000000094e-06,1.840000000000000080e+00
1.964000000000000169e-06,1.800000000000000044e+00
1.965000000000000245e-06,1.840000000000000080e+00
1.966000000000000320e-06,1.840000000000000080e+00
1.967000000000000395e-06,1.880000000000000115e+00
1.968000000000000046e-06,1.840000000000000080e+00
1.969000000000000122e-06,1.880000000000000115e+00
1.970000000000000197e-06,1.919999999999999929e+00
1.971000000000000272e-06,1.959999999999999964e+00
1.972000000000000347e-06,1.959999999999999964e+00
1.973000000000000422e-06,1.959999999999999964e+00
1.974000000000000074e-06,1.959999999999999964e+00
1.975000000000000149e-06,2.040000000000000036e+00
1.976000000000000224e-06,2.040000000000000036e+00
1.977000000000000299e-06,2.000000000000000000e+00
1.978000000000000374e-06,2.000000000000000000e+00
1.979000000000000026e-06,2.040000000000000036e+00
1.980000000000000101e-06,2.040000000000000036e+00
1.981000000000000176e-06,2.000000000000000000e+00
1.982000000000000251e-06,2.080000000000000071e+00
1.983000000000000326e-06,2.120000000000000107e+00
1.984000000000000401e-06,2.080000000000000071e+00
1.985000000000000053e-06,2.080000000000000071e+00
1.986000000000000128e-06,2.120000000000000107e+00
1.987000000000000203e-06,2.080000000000000071e+00
1.988000000000000278e-06,2.080000000000000071e+00
1.989000000000000354e-06,2.080000000000000071e+00
1.990000000000000429e-06,2.160000000000000142e+00
1.991000000000000080e-06,2.120000000000000107e+00
1.992000000000000155e-06,2.120000000000000107e+00
1.993000000000000231e-06,2.120000000000000107e+00
1.994000000000000306e-06,2.120000000000000107e+00
1.995000000000000381e-06,2.120000000000000107e+00
1.996000000000000032e-06,2.120000000000000107e+00
1.997000000000000108e-06,2.120000000000000107e+00
1.998000000000000183e-06,2.120000000000000107e+00
1.999000000000000258e-06,2.120000000000000107e+00
2.000000000000000333e-06,2.120000000000000107e+00
2.001000000000000408e-06,2.080000000000000071e+00
2.002000000000000060e-06,2.120000000000000107e+00
2.003000000000000135e-06,2.120000000000000107e+00
2.004000000000000210e-06,2.160000000000000142e+00
2.005000000000000285e-06,2.080000000000000071e+00
2.006000000000000360e-06,2.120000000000000107e+00
2.007000000000000435e-06,2.080000000000000071e+00
2.008000000000000087e-06,2.120000000000000107e+00
2.009000000000000162e-06,2.080000000000000071e+00
2.010000000000000237e-06,2.120000000000000107e+00
2.011000000000000312e-06,2.120000000000000107e+00
2.012000000000000388e-06,2.080000000000000071e+00
2.013000000000000039e-06,2.040000000000000036e+00
2.014000000000000114e-06,2.040000000000000036e+00
2.015000000000000189e-06,2.040000000000000036e+00
2.016000000000000265e-06,2.080000000000000071e+00
2.017000000000000340e-06,2.080000000000000071e+00
2.018000000000000415e-06,2.000000000000000000e+00
2.019000000000000066e-06,2.000000000000000000e+00
2.020000000000000142e-06,2.040000000000000036e+00
2.021000000000000217e-06,2.000000000000000000e+00
2.022000000000000292e-06,1.959999999999999964e+00
2.023000000000000367e-06,1.959999999999999964e+00
2.024000000000000019e-06,2.000000000000000000e+00
2.025000000000000094e-06,2.000000000000000000e+00
2.026000000000000169e-06,1.959999999999999964e+00
2.027000000000000244e-06,1.919999999999999929e+00
2.028000000000000319e-06,1.880000000000000115e+00
2.029000000000000394e-06,1.880000000000000115e+00
2.030000000000000046e-06,1.880000000000000115e+00
2.031000000000000121e-06,1.880000000000000115e+00
2.032000000000000196e-06,1.880000000000000115e+00
2.033000000000000271e-06,1.840000000000000080e+00
2.034000000000000346e-06,1.800000000000000044e+00
2.035000000000000421e-06,1.880000000000000115e+00
2.036000000000000073e-06,1.840000000000000080e+00
2.037000000000000148e-06,1.840000000000000080e+00
2.038000000000000223e-06,1.800000000000000044e+00
2.039000000000000298e-06,1.719999999999999973e+00
2.040000000000000374e-06,1.760000000000000009e+00
2.041000000000000025e-06,1.760000000000000009e+00
2.042000000000000100e-06,1.760000000000000009e+00
2.043000000000000175e-06,1.760000000000000009e+00
2.044000000000000251e-06,1.719999999999999973e+00
2.045000000000000326e-06,1.719999999999999973e+00
2.046000000000000401e-06,1.640000000000000124e+00
2.047000000000000052e-06,1.679999999999999938e+00
2.048000000000000128e-06,1.679999999999999938e+00
2.049000000000000203e-06,1.640000000000000124e+00
