time_s,voltage_V
-8.499999999999999526e-04,0.000000000000000000e+00
-8.489999999999999283e-04,0.000000000000000000e+00
-8.479999999999999040e-04,0.000000000000000000e+00
-8.469999999999999881e-04,0.000000000000000000e+00
-8.459999999999999638e-04,0.000000000000000000e+00
-8.449999999999999395e-04,0.000000000000000000e+00
-8.439999999999999152e-04,0.000000000000000000e+00
-8.429999999999999993e-04,0.000000000000000000e+00
-8.419999999999999750e-04,0.000000000000000000e+00
-8.409999999999999507e-04,0.000000000000000000e+00
-8.399999999999999264e-04,0.000000000000000000e+00
-8.389999999999999021e-04,0.000000000000000000e+00
-8.379999999999999862e-04,0.000000000000000000e+00
-8.369999999999999619e-04,0.000000000000000000e+00
-8.359999999999999376e-04,0.000000000000000000e+00
-8.349999999999999133e-04,0.000000000000000000e+00
-8.339999999999999974e-04,0.000000000000000000e+00
-8.329999999999999731e-04,0.000000000000000000e+00
-8.319999999999999488e-04,0.000000000000000000e+00
-8.309999999999999245e-04,0.000000000000000000e+00
-8.300000000000000086e-04,0.000000000000000000e+00
-8.289999999999999843e-04,0.000000000000000000e+00
-8.279999999999999600e-04,0.000000000000000000e+00
-8.269999999999999357e-04,0.000000000000000000e+00
-8.259999999999999114e-04,0.000000000000000000e+00
-8.249999999999999955e-04,0.000000000000000000e+00
-8.239999999999999712e-04,0.000000000000000000e+00
-8.229999999999999469e-04,0.000000000000000000e+00
-8.219999999999999226e-04,0.000000000000000000e+00
-8.209999999999998983e-04,0.000000000000000000e+00
-8.199999999999999824e-04,0.000000000000000000e+00
-8.189999999999999581e-04,0.000000000000000000e+00
-8.179999999999999338e-04,0.000000000000000000e+00
-8.169999999999999095e-04,0.000000000000000000e+00
-8.159999999999999936e-04,0.000000000000000000e+00
-8.149999999999999693e-04,0.000000000000000000e+00
-8.139999999999999450e-04,0.000000000000000000e+00
-8.129999999999999206e-04,0.000000000000000000e+00
-8.120000000000000048e-04,0.000000000000000000e+00
-8.109999999999999805e-04,0.000000000000000000e+00
-8.099999999999999561e-04,0.000000000000000000e+00
-8.089999999999999318e-04,0.000000000000000000e+00
-8.079999999999999075e-04,0.000000000000000000e+00
-8.069999999999999916e-04,0.000000000000000000e+00
-8.059999999999999673e-04,0.000000000000000000e+00
-8.049999999999999430e-04,0.000000000000000000e+00
-8.039999999999999187e-04,0.000000000000000000e+00
-8.030000000000000028e-04,0.000000000000000000e+00
-8.019999999999999785e-04,0.000000000000000000e+00
-8.009999999999999542e-04,0.000000000000000000e+00
-7.999999999999999299e-04,0.000000000000000000e+00
-7.989999999999999056e-04,0.000000000000000000e+00
-7.979999999999999897e-04,0.000000000000000000e+00
-7.969999999999999654e-04,0.000000000000000000e+00
-7.959999999999999411e-04,0.000000000000000000e+00
-7.949999999999999168e-04,0.000000000000000000e+00
-7.940000000000000009e-04,0.000000000000000000e+00
-7.929999999999999766e-04,0.000000000000000000e+00
-7.919999999999999523e-04,0.000000000000000000e+00
-7.909999999999999280e-04,0.000000000000000000e+00
-7.899999999999999037e-04,0.000000000000000000e+00
-7.889999999999999878e-04,0.000000000000000000e+00
-7.879999999999999635e-04,0.000000000000000000e+00
-7.869999999999999392e-04,0.000000000000000000e+00
-7.859999999999999149e-04,0.000000000000000000e+00
-7.849999999999999990e-04,0.000000000000000000e+00
-7.839999999999999747e-04,0.000000000000000000e+00
-7.829999999999999504e-04,0.000000000000000000e+00
-7.819999999999999261e-04,0.000000000000000000e+00
-7.810000000000000102e-04,0.000000000000000000e+00
-7.799999999999999859e-04,0.000000000000000000e+00
-7.789999999999999616e-04,0.000000000000000000e+00
-7.779999999999999373e-04,0.000000000000000000e+00
-7.769999999999999130e-04,0.000000000000000000e+00
-7.759999999999999971e-04,0.000000000000000000e+00
-7.749999999999999728e-04,0.000000000000000000e+00
-7.739999999999999485e-04,0.000000000000000000e+00
-7.729999999999999242e-04,0.000000000000000000e+00
-7.719999999999998998e-04,0.000000000000000000e+00
-7.709999999999999840e-04,0.000000000000000000e+00
-7.699999999999999597e-04,0.000000000000000000e+00
-7.689999999999999353e-04,0.000000000000000000e+00
-7.679999999999999110e-04,0.000000000000000000e+00
-7.669999999999999951e-04,0.000000000000000000e+00
-7.659999999999999708e-04,0.000000000000000000e+00
-7.649999999999999465e-04,0.000000000000000000e+00
-7.639999999999999222e-04,0.000000000000000000e+00
-7.630000000000000063e-04,0.000000000000000000e+00
-7.619999999999999820e-04,0.000000000000000000e+00
-7.609999999999999577e-04,0.000000000000000000e+00
-7.599999999999999334e-04,0.000000000000000000e+00
-7.589999999999999091e-04,0.000000000000000000e+00
-7.579999999999999932e-04,0.000000000000000000e+00
-7.569999999999999689e-04,0.000000000000000000e+00
-7.559999999999999446e-04,0.000000000000000000e+00
-7.549999999999999203e-04,0.000000000000000000e+00
-7.539999999999998960e-04,0.000000000000000000e+00
-7.529999999999999801e-04,0.000000000000000000e+00
-7.519999999999999558e-04,0.000000000000000000e+00
-7.509999999999999315e-04,0.000000000000000000e+00
-7.500000000000000156e-04,0.000000000000000000e+00
-7.489999999999999913e-04,0.000000000000000000e+00
-7.479999999999999670e-04,0.000000000000000000e+00
-7.469999999999999427e-04,0.000000000000000000e+00
-7.459999999999999184e-04,0.000000000000000000e+00
-7.450000000000000025e-04,0.000000000000000000e+00
-7.439999999999999782e-04,0.000000000000000000e+00
-7.429999999999999539e-04,0.000000000000000000e+00
-7.419999999999999296e-04,0.000000000000000000e+00
-7.409999999999999053e-04,0.000000000000000000e+00
-7.399999999999999894e-04,0.000000000000000000e+00
-7.389999999999999651e-04,0.000000000000000000e+00
-7.379999999999999408e-04,0.000000000000000000e+00
-7.369999999999999165e-04,0.000000000000000000e+00
-7.360000000000000006e-04,0.000000000000000000e+00
-7.349999999999999763e-04,0.000000000000000000e+00
-7.339999999999999520e-04,0.000000000000000000e+00
-7.329999999999999277e-04,0.000000000000000000e+00
-7.320000000000000118e-04,0.000000000000000000e+00
-7.309999999999999875e-04,0.000000000000000000e+00
-7.299999999999999632e-04,0.000000000000000000e+00
-7.289999999999999388e-04,0.000000000000000000e+00
-7.279999999999999145e-04,0.000000000000000000e+00
-7.269999999999999987e-04,0.000000000000000000e+00
-7.259999999999999743e-04,0.000000000000000000e+00
-7.249999999999999500e-04,0.000000000000000000e+00
-7.239999999999999257e-04,0.000000000000000000e+00
-7.229999999999999014e-04,0.000000000000000000e+00
-7.219999999999999855e-04,0.000000000000000000e+00
-7.209999999999999612e-04,0.000000000000000000e+00
-7.199999999999999369e-04,0.000000000000000000e+00
-7.190000000000000210e-04,0.000000000000000000e+00
-7.179999999999999967e-04,0.000000000000000000e+00
-7.169999999999999724e-04,0.000000000000000000e+00
-7.159999999999999481e-04,0.000000000000000000e+00
-7.149999999999999238e-04,0.000000000000000000e+00
-7.140000000000000079e-04,0.000000000000000000e+00
-7.129999999999999836e-04,0.000000000000000000e+00
-7.119999999999999593e-04,0.000000000000000000e+00
-7.109999999999999350e-04,0.000000000000000000e+00
-7.099999999999999107e-04,0.000000000000000000e+00
-7.089999999999999948e-04,0.000000000000000000e+00
-7.079999999999999705e-04,0.000000000000000000e+00
-7.069999999999999462e-04,0.000000000000000000e+00
-7.059999999999999219e-04,0.000000000000000000e+00
-7.049999999999998976e-04,0.000000000000000000e+00
-7.039999999999999817e-04,0.000000000000000000e+00
-7.029999999999999574e-04,0.000000000000000000e+00
-7.019999999999999331e-04,0.000000000000000000e+00
-7.010000000000000172e-04,0.000000000000000000e+00
-6.999999999999999929e-04,0.000000000000000000e+00
-6.989999999999999686e-04,0.000000000000000000e+00
-6.979999999999999443e-04,0.000000000000000000e+00
-6.969999999999999200e-04,0.000000000000000000e+00
-6.960000000000000041e-04,0.000000000000000000e+00
-6.949999999999999798e-04,0.000000000000000000e+00
-6.939999999999999555e-04,0.000000000000000000e+00
-6.929999999999999312e-04,0.000000000000000000e+00
-6.919999999999999069e-04,0.000000000000000000e+00
-6.909999999999999910e-04,0.000000000000000000e+00
-6.899999999999999667e-04,0.000000000000000000e+00
-6.889999999999999424e-04,0.000000000000000000e+00
-6.880000000000000265e-04,0.000000000000000000e+00
-6.869999999999998937e-04,0.000000000000000000e+00
-6.859999999999999779e-04,0.000000000000000000e+00
-6.849999999999999535e-04,0.000000000000000000e+00
-6.839999999999999292e-04,0.000000000000000000e+00
-6.830000000000000134e-04,0.000000000000000000e+00
-6.819999999999999890e-04,0.000000000000000000e+00
-6.809999999999999647e-04,0.000000000000000000e+00
-6.799999999999999404e-04,0.000000000000000000e+00
-6.789999999999999161e-04,0.000000000000000000e+00
-6.780000000000000002e-04,0.000000000000000000e+00
-6.769999999999999759e-04,0.000000000000000000e+00
-6.759999999999999516e-04,0.000000000000000000e+00
-6.749999999999999273e-04,0.000000000000000000e+00
-6.739999999999999030e-04,0.000000000000000000e+00
-6.729999999999999871e-04,0.000000000000000000e+00
-6.719999999999999628e-04,0.000000000000000000e+00
-6.709999999999999385e-04,0.000000000000000000e+00
-6.700000000000000226e-04,0.000000000000000000e+00
-6.689999999999999983e-04,0.000000000000000000e+00
-6.679999999999999740e-04,0.000000000000000000e+00
-6.669999999999999497e-04,0.000000000000000000e+00
-6.659999999999999254e-04,0.000000000000000000e+00
-6.650000000000000095e-04,0.000000000000000000e+00
-6.639999999999999852e-04,0.000000000000000000e+00
-6.629999999999999609e-04,0.000000000000000000e+00
-6.619999999999999366e-04,0.000000000000000000e+00
-6.609999999999999123e-04,0.000000000000000000e+00
-6.599999999999999964e-04,0.000000000000000000e+00
-6.589999999999999721e-04,0.000000000000000000e+00
-6.579999999999999478e-04,0.000000000000000000e+00
-6.569999999999999235e-04,0.000000000000000000e+00
-6.559999999999998992e-04,0.000000000000000000e+00
-6.549999999999999833e-04,0.000000000000000000e+00
-6.539999999999999590e-04,0.000000000000000000e+00
-6.529999999999999347e-04,0.000000000000000000e+00
-6.520000000000000188e-04,0.000000000000000000e+00
-6.509999999999999945e-04,0.000000000000000000e+00
-6.499999999999999702e-04,0.000000000000000000e+00
-6.489999999999999459e-04,0.000000000000000000e+00
-6.479999999999999215e-04,0.000000000000000000e+00
-6.470000000000000057e-04,0.000000000000000000e+00
-6.459999999999999814e-04,0.000000000000000000e+00
-6.449999999999999570e-04,0.000000000000000000e+00
-6.439999999999999327e-04,0.000000000000000000e+00
-6.429999999999999084e-04,0.000000000000000000e+00
-6.419999999999999925e-04,0.000000000000000000e+00
-6.409999999999999682e-04,0.000000000000000000e+00
-6.399999999999999439e-04,0.000000000000000000e+00
-6.390000000000000280e-04,0.000000000000000000e+00
-6.379999999999998953e-04,0.000000000000000000e+00
-6.369999999999999794e-04,0.000000000000000000e+00
-6.359999999999999551e-04,0.000000000000000000e+00
-6.349999999999999308e-04,0.000000000000000000e+00
-6.340000000000000149e-04,0.000000000000000000e+00
-6.329999999999999906e-04,0.000000000000000000e+00
-6.319999999999999663e-04,0.000000000000000000e+00
-6.309999999999999420e-04,0.000000000000000000e+00
-6.299999999999999177e-04,0.000000000000000000e+00
-6.290000000000000018e-04,0.000000000000000000e+00
-6.279999999999999775e-04,0.000000000000000000e+00
-6.269999999999999532e-04,0.000000000000000000e+00
-6.259999999999999289e-04,0.000000000000000000e+00
-6.249999999999999046e-04,0.000000000000000000e+00
-6.239999999999999887e-04,0.000000000000000000e+00
-6.229999999999999644e-04,0.000000000000000000e+00
-6.219999999999999401e-04,0.000000000000000000e+00
-6.210000000000000242e-04,0.000000000000000000e+00
-6.199999999999999999e-04,0.000000000000000000e+00
-6.189999999999999756e-04,0.000000000000000000e+00
-6.179999999999999513e-04,0.000000000000000000e+00
-6.169999999999999270e-04,0.000000000000000000e+00
-6.160000000000000111e-04,0.000000000000000000e+00
-6.149999999999999868e-04,0.000000000000000000e+00
-6.139999999999999625e-04,0.000000000000000000e+00
-6.129999999999999382e-04,0.000000000000000000e+00
-6.119999999999999139e-04,0.000000000000000000e+00
-6.109999999999999980e-04,0.000000000000000000e+00
-6.099999999999999737e-04,0.000000000000000000e+00
-6.089999999999999494e-04,0.000000000000000000e+00
-6.079999999999999251e-04,0.000000000000000000e+00
-6.069999999999999007e-04,0.000000000000000000e+00
-6.059999999999999849e-04,0.000000000000000000e+00
-6.049999999999999606e-04,0.000000000000000000e+00
-6.039999999999999362e-04,0.000000000000000000e+00
-6.030000000000000204e-04,0.000000000000000000e+00
-6.019999999999998876e-04,0.000000000000000000e+00
-6.009999999999999717e-04,0.000000000000000000e+00
-5.999999999999999474e-04,0.000000000000000000e+00
-5.989999999999999231e-04,0.000000000000000000e+00
-5.980000000000000072e-04,0.000000000000000000e+00
-5.969999999999999829e-04,0.000000000000000000e+00
-5.959999999999999586e-04,0.000000000000000000e+00
-5.950000000000000427e-04,0.000000000000000000e+00
-5.939999999999999100e-04,0.000000000000000000e+00
-5.929999999999999941e-04,0.000000000000000000e+00
-5.919999999999999698e-04,0.000000000000000000e+00
-5.909999999999999455e-04,0.000000000000000000e+00
-5.900000000000000296e-04,0.000000000000000000e+00
-5.889999999999998969e-04,0.000000000000000000e+00
-5.879999999999999810e-04,0.000000000000000000e+00
-5.869999999999999567e-04,0.000000000000000000e+00
-5.859999999999999324e-04,0.000000000000000000e+00
-5.850000000000000165e-04,0.000000000000000000e+00
-5.839999999999998838e-04,0.000000000000000000e+00
-5.829999999999999679e-04,0.000000000000000000e+00
-5.819999999999999436e-04,0.000000000000000000e+00
-5.809999999999999193e-04,0.000000000000000000e+00
-5.800000000000000034e-04,0.000000000000000000e+00
-5.789999999999999791e-04,0.000000000000000000e+00
-5.779999999999999548e-04,0.000000000000000000e+00
-5.770000000000000389e-04,0.000000000000000000e+00
-5.759999999999999062e-04,0.000000000000000000e+00
-5.749999999999999903e-04,0.000000000000000000e+00
-5.739999999999999660e-04,0.000000000000000000e+00
-5.729999999999999417e-04,0.000000000000000000e+00
-5.720000000000000258e-04,0.000000000000000000e+00
-5.709999999999998931e-04,0.000000000000000000e+00
-5.699999999999999772e-04,0.000000000000000000e+00
-5.689999999999999529e-04,0.000000000000000000e+00
-5.679999999999999286e-04,0.000000000000000000e+00
-5.670000000000000127e-04,0.000000000000000000e+00
-5.659999999999999884e-04,0.000000000000000000e+00
-5.649999999999999641e-04,0.000000000000000000e+00
-5.639999999999999397e-04,0.000000000000000000e+00
-5.629999999999999154e-04,0.000000000000000000e+00
-5.619999999999999996e-04,0.000000000000000000e+00
-5.609999999999999752e-04,0.000000000000000000e+00
-5.599999999999999509e-04,0.000000000000000000e+00
-5.590000000000000351e-04,0.000000000000000000e+00
-5.579999999999999023e-04,0.000000000000000000e+00
-5.569999999999999864e-04,0.000000000000000000e+00
-5.559999999999999621e-04,0.000000000000000000e+00
-5.549999999999999378e-04,0.000000000000000000e+00
-5.540000000000000219e-04,0.000000000000000000e+00
-5.529999999999998892e-04,0.000000000000000000e+00
-5.519999999999999733e-04,0.000000000000000000e+00
-5.509999999999999490e-04,0.000000000000000000e+00
-5.499999999999999247e-04,0.000000000000000000e+00
-5.490000000000000088e-04,0.000000000000000000e+00
-5.479999999999999845e-04,0.000000000000000000e+00
-5.469999999999999602e-04,0.000000000000000000e+00
-5.460000000000000443e-04,0.000000000000000000e+00
-5.449999999999999116e-04,0.000000000000000000e+00
-5.439999999999999957e-04,0.000000000000000000e+00
-5.429999999999999714e-04,0.000000000000000000e+00
-5.419999999999999471e-04,0.000000000000000000e+00
-5.410000000000000312e-04,0.000000000000000000e+00
-5.399999999999998985e-04,0.000000000000000000e+00
-5.389999999999999826e-04,0.000000000000000000e+00
-5.379999999999999583e-04,0.000000000000000000e+00
-5.369999999999999340e-04,0.000000000000000000e+00
-5.360000000000000181e-04,0.000000000000000000e+00
-5.349999999999999938e-04,0.000000000000000000e+00
-5.339999999999999695e-04,0.000000000000000000e+00
-5.329999999999999452e-04,0.000000000000000000e+00
-5.319999999999999209e-04,0.000000000000000000e+00
-5.310000000000000050e-04,0.000000000000000000e+00
-5.299999999999999807e-04,0.000000000000000000e+00
-5.289999999999999564e-04,0.000000000000000000e+00
-5.280000000000000405e-04,0.000000000000000000e+00
-5.269999999999999078e-04,0.000000000000000000e+00
-5.259999999999999919e-04,0.000000000000000000e+00
-5.249999999999999676e-04,0.000000000000000000e+00
-5.239999999999999433e-04,0.000000000000000000e+00
-5.230000000000000274e-04,0.000000000000000000e+00
-5.219999999999998946e-04,0.000000000000000000e+00
-5.209999999999999788e-04,0.000000000000000000e+00
-5.199999999999999544e-04,0.000000000000000000e+00
-5.189999999999999301e-04,0.000000000000000000e+00
-5.180000000000000143e-04,0.000000000000000000e+00
-5.169999999999999899e-04,0.000000000000000000e+00
-5.159999999999999656e-04,0.000000000000000000e+00
-5.149999999999999413e-04,0.000000000000000000e+00
-5.139999999999999170e-04,0.000000000000000000e+00
-5.130000000000000011e-04,0.000000000000000000e+00
-5.119999999999999768e-04,0.000000000000000000e+00
-5.109999999999999525e-04,0.000000000000000000e+00
-5.100000000000000366e-04,0.000000000000000000e+00
-5.089999999999999039e-04,0.000000000000000000e+00
-5.079999999999999880e-04,0.000000000000000000e+00
-5.069999999999999637e-04,0.000000000000000000e+00
-5.059999999999999394e-04,0.000000000000000000e+00
-5.050000000000000235e-04,0.000000000000000000e+00
-5.039999999999998908e-04,0.000000000000000000e+00
-5.029999999999999749e-04,0.000000000000000000e+00
-5.019999999999999506e-04,0.000000000000000000e+00
-5.009999999999999263e-04,0.000000000000000000e+00
-5.000000000000000104e-04,0.000000000000000000e+00
-4.989999999999999861e-04,0.000000000000000000e+00
-4.979999999999999618e-04,0.000000000000000000e+00
-4.970000000000000459e-04,0.000000000000000000e+00
-4.959999999999999132e-04,0.000000000000000000e+00
-4.949999999999999973e-04,0.000000000000000000e+00
-4.939999999999999730e-04,0.000000000000000000e+00
-4.929999999999999487e-04,0.000000000000000000e+00
-4.920000000000000328e-04,0.000000000000000000e+00
-4.909999999999999001e-04,0.000000000000000000e+00
-4.899999999999999842e-04,0.000000000000000000e+00
-4.889999999999999599e-04,0.000000000000000000e+00
-4.879999999999999898e-04,0.000000000000000000e+00
-4.869999999999999655e-04,0.000000000000000000e+00
-4.859999999999999954e-04,0.000000000000000000e+00
-4.849999999999999711e-04,0.000000000000000000e+00
-4.839999999999999468e-04,0.000000000000000000e+00
-4.829999999999999767e-04,0.000000000000000000e+00
-4.819999999999999524e-04,0.000000000000000000e+00
-4.809999999999999823e-04,0.000000000000000000e+00
-4.799999999999999580e-04,0.000000000000000000e+00
-4.789999999999999879e-04,0.000000000000000000e+00
-4.779999999999999635e-04,0.000000000000000000e+00
-4.769999999999999934e-04,0.000000000000000000e+00
-4.759999999999999691e-04,0.000000000000000000e+00
-4.749999999999999448e-04,0.000000000000000000e+00
-4.739999999999999747e-04,0.000000000000000000e+00
-4.729999999999999504e-04,0.000000000000000000e+00
-4.719999999999999803e-04,0.000000000000000000e+00
-4.709999999999999560e-04,0.000000000000000000e+00
-4.699999999999999859e-04,0.000000000000000000e+00
-4.689999999999999616e-04,0.000000000000000000e+00
-4.679999999999999915e-04,0.000000000000000000e+00
-4.669999999999999672e-04,0.000000000000000000e+00
-4.659999999999999429e-04,0.000000000000000000e+00
-4.649999999999999728e-04,0.000000000000000000e+00
-4.639999999999999485e-04,0.000000000000000000e+00
-4.629999999999999784e-04,0.000000000000000000e+00
-4.619999999999999541e-04,0.000000000000000000e+00
-4.609999999999999840e-04,0.000000000000000000e+00
-4.599999999999999597e-04,0.000000000000000000e+00
-4.589999999999999896e-04,0.000000000000000000e+00
-4.579999999999999653e-04,0.000000000000000000e+00
-4.569999999999999952e-04,0.000000000000000000e+00
-4.559999999999999709e-04,0.000000000000000000e+00
-4.549999999999999466e-04,0.000000000000000000e+00
-4.539999999999999765e-04,0.000000000000000000e+00
-4.529999999999999522e-04,0.000000000000000000e+00
-4.519999999999999821e-04,0.000000000000000000e+00
-4.509999999999999578e-04,0.000000000000000000e+00
-4.499999999999999877e-04,0.000000000000000000e+00
-4.489999999999999634e-04,0.000000000000000000e+00
-4.479999999999999933e-04,0.000000000000000000e+00
-4.469999999999999690e-04,0.000000000000000000e+00
-4.459999999999999447e-04,0.000000000000000000e+00
-4.449999999999999746e-04,0.000000000000000000e+00
-4.439999999999999503e-04,0.000000000000000000e+00
-4.429999999999999802e-04,0.000000000000000000e+00
-4.419999999999999559e-04,0.000000000000000000e+00
-4.409999999999999858e-04,0.000000000000000000e+00
-4.399999999999999615e-04,0.000000000000000000e+00
-4.389999999999999914e-04,0.000000000000000000e+00
-4.379999999999999671e-04,0.000000000000000000e+00
-4.369999999999999970e-04,0.000000000000000000e+00
-4.359999999999999726e-04,0.000000000000000000e+00
-4.349999999999999483e-04,0.000000000000000000e+00
-4.339999999999999782e-04,0.000000000000000000e+00
-4.329999999999999539e-04,0.000000000000000000e+00
-4.319999999999999838e-04,0.000000000000000000e+00
-4.309999999999999595e-04,0.000000000000000000e+00
-4.299999999999999894e-04,0.000000000000000000e+00
-4.289999999999999651e-04,0.000000000000000000e+00
-4.279999999999999950e-04,0.000000000000000000e+00
-4.269999999999999707e-04,0.000000000000000000e+00
-4.259999999999999464e-04,0.000000000000000000e+00
-4.249999999999999763e-04,0.000000000000000000e+00
-4.239999999999999520e-04,0.000000000000000000e+00
-4.229999999999999819e-04,0.000000000000000000e+00
-4.219999999999999576e-04,0.000000000000000000e+00
-4.209999999999999875e-04,0.000000000000000000e+00
-4.199999999999999632e-04,0.000000000000000000e+00
-4.189999999999999931e-04,0.000000000000000000e+00
-4.179999999999999688e-04,0.000000000000000000e+00
-4.169999999999999987e-04,0.000000000000000000e+00
-4.159999999999999744e-04,0.000000000000000000e+00
-4.149999999999999501e-04,0.000000000000000000e+00
-4.139999999999999800e-04,0.000000000000000000e+00
-4.129999999999999557e-04,0.000000000000000000e+00
-4.119999999999999856e-04,0.000000000000000000e+00
-4.109999999999999613e-04,0.000000000000000000e+00
-4.099999999999999912e-04,0.000000000000000000e+00
-4.089999999999999669e-04,0.000000000000000000e+00
-4.079999999999999968e-04,0.000000000000000000e+00
-4.069999999999999725e-04,0.000000000000000000e+00
-4.059999999999999482e-04,0.000000000000000000e+00
-4.049999999999999781e-04,0.000000000000000000e+00
-4.039999999999999538e-04,0.000000000000000000e+00
-4.029999999999999837e-04,0.000000000000000000e+00
-4.019999999999999594e-04,0.000000000000000000e+00
-4.009999999999999893e-04,0.000000000000000000e+00
-3.999999999999999650e-04,0.000000000000000000e+00
-3.989999999999999949e-04,0.000000000000000000e+00
-3.979999999999999706e-04,0.000000000000000000e+00
-3.969999999999999462e-04,0.000000000000000000e+00
-3.959999999999999762e-04,0.000000000000000000e+00
-3.949999999999999518e-04,0.000000000000000000e+00
-3.939999999999999817e-04,0.000000000000000000e+00
-3.929999999999999574e-04,0.000000000000000000e+00
-3.919999999999999873e-04,0.000000000000000000e+00
-3.909999999999999630e-04,0.000000000000000000e+00
-3.899999999999999929e-04,0.000000000000000000e+00
-3.889999999999999686e-04,0.000000000000000000e+00
-3.879999999999999985e-04,0.000000000000000000e+00
-3.869999999999999742e-04,0.000000000000000000e+00
-3.859999999999999499e-04,0.000000000000000000e+00
-3.849999999999999798e-04,0.000000000000000000e+00
-3.839999999999999555e-04,0.000000000000000000e+00
-3.829999999999999854e-04,0.000000000000000000e+00
-3.819999999999999611e-04,0.000000000000000000e+00
-3.809999999999999910e-04,0.000000000000000000e+00
-3.799999999999999667e-04,0.000000000000000000e+00
-3.789999999999999966e-04,0.000000000000000000e+00
-3.779999999999999723e-04,0.000000000000000000e+00
-3.769999999999999480e-04,0.000000000000000000e+00
-3.759999999999999779e-04,0.000000000000000000e+00
-3.749999999999999536e-04,0.000000000000000000e+00
-3.739999999999999835e-04,0.000000000000000000e+00
-3.729999999999999592e-04,0.000000000000000000e+00
-3.719999999999999891e-04,0.000000000000000000e+00
-3.709999999999999648e-04,0.000000000000000000e+00
-3.699999999999999947e-04,0.000000000000000000e+00
-3.689999999999999704e-04,0.000000000000000000e+00
-3.680000000000000003e-04,0.000000000000000000e+00
-3.669999999999999760e-04,0.000000000000000000e+00
-3.659999999999999517e-04,0.000000000000000000e+00
-3.649999999999999816e-04,0.000000000000000000e+00
-3.639999999999999573e-04,0.000000000000000000e+00
-3.629999999999999872e-04,0.000000000000000000e+00
-3.619999999999999629e-04,0.000000000000000000e+00
-3.609999999999999928e-04,0.000000000000000000e+00
-3.599999999999999685e-04,0.000000000000000000e+00
-3.589999999999999442e-04,0.000000000000000000e+00
-3.580000000000000283e-04,0.000000000000000000e+00
-3.570000000000000040e-04,0.000000000000000000e+00
-3.559999999999999797e-04,0.000000000000000000e+00
-3.549999999999999553e-04,0.000000000000000000e+00
-3.539999999999999310e-04,0.000000000000000000e+00
-3.530000000000000152e-04,0.000000000000000000e+00
-3.519999999999999908e-04,0.000000000000000000e+00
-3.509999999999999665e-04,0.000000000000000000e+00
-3.499999999999999422e-04,0.000000000000000000e+00
-3.490000000000000263e-04,0.000000000000000000e+00
-3.480000000000000020e-04,0.000000000000000000e+00
-3.469999999999999777e-04,0.000000000000000000e+00
-3.459999999999999534e-04,0.000000000000000000e+00
-3.449999999999999291e-04,0.000000000000000000e+00
-3.440000000000000132e-04,0.000000000000000000e+00
-3.429999999999999889e-04,0.000000000000000000e+00
-3.419999999999999646e-04,0.000000000000000000e+00
-3.409999999999999403e-04,0.000000000000000000e+00
-3.400000000000000244e-04,0.000000000000000000e+00
-3.390000000000000001e-04,0.000000000000000000e+00
-3.379999999999999758e-04,0.000000000000000000e+00
-3.369999999999999515e-04,0.000000000000000000e+00
-3.359999999999999272e-04,0.000000000000000000e+00
-3.350000000000000113e-04,0.000000000000000000e+00
-3.339999999999999870e-04,0.000000000000000000e+00
-3.329999999999999627e-04,0.000000000000000000e+00
-3.319999999999999384e-04,0.000000000000000000e+00
-3.310000000000000225e-04,0.000000000000000000e+00
-3.299999999999999982e-04,0.000000000000000000e+00
-3.289999999999999739e-04,0.000000000000000000e+00
-3.279999999999999496e-04,0.000000000000000000e+00
-3.269999999999999253e-04,0.000000000000000000e+00
-3.260000000000000094e-04,0.000000000000000000e+00
-3.249999999999999851e-04,0.000000000000000000e+00
-3.239999999999999608e-04,0.000000000000000000e+00
-3.229999999999999365e-04,0.000000000000000000e+00
-3.220000000000000206e-04,0.000000000000000000e+00
-3.209999999999999963e-04,0.000000000000000000e+00
-3.199999999999999720e-04,0.000000000000000000e+00
-3.189999999999999477e-04,0.000000000000000000e+00
-3.179999999999999234e-04,0.000000000000000000e+00
-3.170000000000000075e-04,0.000000000000000000e+00
-3.159999999999999832e-04,0.000000000000000000e+00
-3.149999999999999589e-04,0.000000000000000000e+00
-3.139999999999999345e-04,0.000000000000000000e+00
-3.130000000000000187e-04,0.000000000000000000e+00
-3.119999999999999944e-04,0.000000000000000000e+00
-3.109999999999999700e-04,0.000000000000000000e+00
-3.099999999999999457e-04,0.000000000000000000e+00
-3.090000000000000299e-04,0.000000000000000000e+00
-3.080000000000000055e-04,0.000000000000000000e+00
-3.069999999999999812e-04,0.000000000000000000e+00
-3.059999999999999569e-04,0.000000000000000000e+00
-3.049999999999999326e-04,0.000000000000000000e+00
-3.040000000000000167e-04,0.000000000000000000e+00
-3.029999999999999924e-04,0.000000000000000000e+00
-3.019999999999999681e-04,0.000000000000000000e+00
-3.009999999999999438e-04,0.000000000000000000e+00
-3.000000000000000279e-04,0.000000000000000000e+00
-2.990000000000000036e-04,0.000000000000000000e+00
-2.979999999999999793e-04,0.000000000000000000e+00
-2.969999999999999550e-04,0.000000000000000000e+00
-2.959999999999999307e-04,0.000000000000000000e+00
-2.950000000000000148e-04,0.000000000000000000e+00
-2.939999999999999905e-04,0.000000000000000000e+00
-2.929999999999999662e-04,0.000000000000000000e+00
-2.919999999999999419e-04,0.000000000000000000e+00
-2.910000000000000260e-04,0.000000000000000000e+00
-2.900000000000000017e-04,0.000000000000000000e+00
-2.889999999999999774e-04,0.000000000000000000e+00
-2.879999999999999531e-04,0.000000000000000000e+00
-2.869999999999999288e-04,0.000000000000000000e+00
-2.860000000000000129e-04,0.000000000000000000e+00
-2.849999999999999886e-04,0.000000000000000000e+00
-2.839999999999999643e-04,0.000000000000000000e+00
-2.829999999999999400e-04,0.000000000000000000e+00
-2.820000000000000241e-04,0.000000000000000000e+00
-2.809999999999999998e-04,0.000000000000000000e+00
-2.799999999999999755e-04,0.000000000000000000e+00
-2.789999999999999512e-04,0.000000000000000000e+00
-2.779999999999999269e-04,0.000000000000000000e+00
-2.770000000000000110e-04,0.000000000000000000e+00
-2.759999999999999867e-04,0.000000000000000000e+00
-2.749999999999999624e-04,0.000000000000000000e+00
-2.739999999999999380e-04,0.000000000000000000e+00
-2.730000000000000222e-04,0.000000000000000000e+00
-2.719999999999999979e-04,0.000000000000000000e+00
-2.709999999999999735e-04,0.000000000000000000e+00
-2.699999999999999492e-04,0.000000000000000000e+00
-2.689999999999999249e-04,0.000000000000000000e+00
-2.680000000000000090e-04,0.000000000000000000e+00
-2.669999999999999847e-04,0.000000000000000000e+00
-2.659999999999999604e-04,0.000000000000000000e+00
-2.649999999999999361e-04,0.000000000000000000e+00
-2.640000000000000202e-04,0.000000000000000000e+00
-2.629999999999999959e-04,0.000000000000000000e+00
-2.619999999999999716e-04,0.000000000000000000e+00
-2.609999999999999473e-04,0.000000000000000000e+00
-2.600000000000000314e-04,0.000000000000000000e+00
-2.590000000000000071e-04,0.000000000000000000e+00
-2.579999999999999828e-04,0.000000000000000000e+00
-2.569999999999999585e-04,0.000000000000000000e+00
-2.559999999999999342e-04,0.000000000000000000e+00
-2.550000000000000183e-04,0.000000000000000000e+00
-2.539999999999999940e-04,0.000000000000000000e+00
-2.529999999999999697e-04,0.000000000000000000e+00
-2.519999999999999454e-04,0.000000000000000000e+00
-2.510000000000000295e-04,0.000000000000000000e+00
-2.500000000000000052e-04,0.000000000000000000e+00
-2.489999999999999809e-04,0.000000000000000000e+00
-2.479999999999999566e-04,0.000000000000000000e+00
-2.469999999999999323e-04,0.000000000000000000e+00
-2.460000000000000164e-04,0.000000000000000000e+00
-2.449999999999999921e-04,0.000000000000000000e+00
-2.439999999999999678e-04,0.000000000000000000e+00
-2.429999999999999435e-04,0.000000000000000000e+00
-2.420000000000000276e-04,0.000000000000000000e+00
-2.410000000000000033e-04,0.000000000000000000e+00
-2.399999999999999790e-04,0.000000000000000000e+00
-2.389999999999999547e-04,0.000000000000000000e+00
-2.379999999999999304e-04,0.000000000000000000e+00
-2.370000000000000145e-04,0.000000000000000000e+00
-2.359999999999999902e-04,0.000000000000000000e+00
-2.349999999999999659e-04,0.000000000000000000e+00
-2.339999999999999416e-04,0.000000000000000000e+00
-2.330000000000000257e-04,0.000000000000000000e+00
-2.320000000000000014e-04,0.000000000000000000e+00
-2.309999999999999771e-04,0.000000000000000000e+00
-2.299999999999999527e-04,0.000000000000000000e+00
-2.289999999999999284e-04,0.000000000000000000e+00
-2.280000000000000126e-04,0.000000000000000000e+00
-2.269999999999999882e-04,0.000000000000000000e+00
-2.259999999999999639e-04,0.000000000000000000e+00
-2.249999999999999396e-04,0.000000000000000000e+00
-2.240000000000000237e-04,0.000000000000000000e+00
-2.229999999999999994e-04,0.000000000000000000e+00
-2.219999999999999751e-04,0.000000000000000000e+00
-2.209999999999999508e-04,0.000000000000000000e+00
-2.200000000000000349e-04,0.000000000000000000e+00
-2.190000000000000106e-04,0.000000000000000000e+00
-2.179999999999999863e-04,0.000000000000000000e+00
-2.169999999999999620e-04,0.000000000000000000e+00
-2.159999999999999377e-04,0.000000000000000000e+00
-2.150000000000000218e-04,0.000000000000000000e+00
-2.139999999999999975e-04,0.000000000000000000e+00
-2.129999999999999732e-04,0.000000000000000000e+00
-2.119999999999999489e-04,0.000000000000000000e+00
-2.110000000000000330e-04,0.000000000000000000e+00
-2.100000000000000087e-04,0.000000000000000000e+00
-2.089999999999999844e-04,0.000000000000000000e+00
-2.079999999999999601e-04,0.000000000000000000e+00
-2.069999999999999358e-04,0.000000000000000000e+00
-2.060000000000000199e-04,0.000000000000000000e+00
-2.049999999999999956e-04,0.000000000000000000e+00
-2.039999999999999713e-04,0.000000000000000000e+00
-2.029999999999999470e-04,0.000000000000000000e+00
-2.020000000000000311e-04,0.000000000000000000e+00
-2.010000000000000068e-04,0.000000000000000000e+00
-1.999999999999999825e-04,0.000000000000000000e+00
-1.989999999999999582e-04,0.000000000000000000e+00
-1.979999999999999339e-04,0.000000000000000000e+00
-1.970000000000000180e-04,0.000000000000000000e+00
-1.959999999999999937e-04,0.000000000000000000e+00
-1.949999999999999694e-04,0.000000000000000000e+00
-1.939999999999999451e-04,0.000000000000000000e+00
-1.930000000000000292e-04,0.000000000000000000e+00
-1.920000000000000049e-04,0.000000000000000000e+00
-1.909999999999999806e-04,0.000000000000000000e+00
-1.899999999999999563e-04,0.000000000000000000e+00
-1.889999999999999319e-04,0.000000000000000000e+00
-1.880000000000000161e-04,0.000000000000000000e+00
-1.869999999999999917e-04,0.000000000000000000e+00
-1.859999999999999674e-04,0.000000000000000000e+00
-1.849999999999999431e-04,0.000000000000000000e+00
-1.840000000000000272e-04,0.000000000000000000e+00
-1.830000000000000029e-04,0.000000000000000000e+00
-1.819999999999999786e-04,0.000000000000000000e+00
-1.809999999999999543e-04,0.000000000000000000e+00
-1.799999999999999300e-04,0.000000000000000000e+00
-1.790000000000000141e-04,0.000000000000000000e+00
-1.779999999999999898e-04,0.000000000000000000e+00
-1.769999999999999655e-04,-8.000000000000000167e-03
-1.759999999999999412e-04,0.000000000000000000e+00
-1.750000000000000253e-04,0.000000000000000000e+00
-1.740000000000000010e-04,0.000000000000000000e+00
-1.729999999999999767e-04,0.000000000000000000e+00
-1.719999999999999524e-04,0.000000000000000000e+00
-1.710000000000000365e-04,0.000000000000000000e+00
-1.700000000000000122e-04,0.000000000000000000e+00
-1.689999999999999879e-04,0.000000000000000000e+00
-1.679999999999999636e-04,0.000000000000000000e+00
-1.669999999999999393e-04,0.000000000000000000e+00
-1.660000000000000234e-04,0.000000000000000000e+00
-1.649999999999999991e-04,0.000000000000000000e+00
-1.639999999999999748e-04,0.000000000000000000e+00
-1.629999999999999505e-04,0.000000000000000000e+00
-1.620000000000000346e-04,0.000000000000000000e+00
-1.610000000000000103e-04,0.000000000000000000e+00
-1.599999999999999860e-04,0.000000000000000000e+00
-1.589999999999999617e-04,0.000000000000000000e+00
-1.579999999999999374e-04,0.000000000000000000e+00
-1.570000000000000215e-04,0.000000000000000000e+00
-1.559999999999999972e-04,0.000000000000000000e+00
-1.549999999999999729e-04,0.000000000000000000e+00
-1.539999999999999486e-04,0.000000000000000000e+00
-1.530000000000000327e-04,0.000000000000000000e+00
-1.520000000000000084e-04,0.000000000000000000e+00
-1.509999999999999841e-04,0.000000000000000000e+00
-1.499999999999999598e-04,0.000000000000000000e+00
-1.489999999999999354e-04,0.000000000000000000e+00
-1.480000000000000196e-04,0.000000000000000000e+00
-1.469999999999999953e-04,0.000000000000000000e+00
-1.459999999999999709e-04,0.000000000000000000e+00
-1.449999999999999466e-04,0.000000000000000000e+00
-1.440000000000000308e-04,0.000000000000000000e+00
-1.430000000000000064e-04,0.000000000000000000e+00
-1.419999999999999821e-04,0.000000000000000000e+00
-1.409999999999999578e-04,0.000000000000000000e+00
-1.399999999999999335e-04,0.000000000000000000e+00
-1.390000000000000176e-04,0.000000000000000000e+00
-1.379999999999999933e-04,0.000000000000000000e+00
-1.369999999999999690e-04,0.000000000000000000e+00
-1.359999999999999447e-04,0.000000000000000000e+00
-1.350000000000000288e-04,0.000000000000000000e+00
-1.340000000000000045e-04,0.000000000000000000e+00
-1.329999999999999802e-04,0.000000000000000000e+00
-1.319999999999999559e-04,0.000000000000000000e+00
-1.309999999999999316e-04,0.000000000000000000e+00
-1.300000000000000157e-04,0.000000000000000000e+00
-1.289999999999999914e-04,0.000000000000000000e+00
-1.279999999999999671e-04,0.000000000000000000e+00
-1.269999999999999428e-04,0.000000000000000000e+00
-1.260000000000000269e-04,0.000000000000000000e+00
-1.250000000000000026e-04,0.000000000000000000e+00
-1.239999999999999783e-04,0.000000000000000000e+00
-1.229999999999999540e-04,0.000000000000000000e+00
-1.220000000000000381e-04,0.000000000000000000e+00
-1.210000000000000138e-04,0.000000000000000000e+00
-1.199999999999999895e-04,0.000000000000000000e+00
-1.189999999999999652e-04,0.000000000000000000e+00
-1.179999999999999409e-04,0.000000000000000000e+00
-1.170000000000000250e-04,0.000000000000000000e+00
-1.160000000000000007e-04,0.000000000000000000e+00
-1.149999999999999764e-04,0.000000000000000000e+00
-1.139999999999999521e-04,0.000000000000000000e+00
-1.130000000000000362e-04,0.000000000000000000e+00
-1.120000000000000119e-04,0.000000000000000000e+00
-1.109999999999999876e-04,0.000000000000000000e+00
-1.099999999999999633e-04,0.000000000000000000e+00
-1.089999999999999390e-04,0.000000000000000000e+00
-1.080000000000000231e-04,0.000000000000000000e+00
-1.069999999999999988e-04,0.000000000000000000e+00
-1.059999999999999745e-04,0.000000000000000000e+00
-1.049999999999999501e-04,0.000000000000000000e+00
-1.040000000000000343e-04,0.000000000000000000e+00
-1.030000000000000100e-04,0.000000000000000000e+00
-1.019999999999999856e-04,0.000000000000000000e+00
-1.009999999999999613e-04,0.000000000000000000e+00
-9.999999999999993703e-05,0.000000000000000000e+00
-9.900000000000002114e-05,0.000000000000000000e+00
-9.799999999999999684e-05,0.000000000000000000e+00
-9.699999999999997253e-05,0.000000000000000000e+00
-9.599999999999994822e-05,0.000000000000000000e+00
-9.500000000000003234e-05,0.000000000000000000e+00
-9.400000000000000803e-05,0.000000000000000000e+00
-9.299999999999998372e-05,0.000000000000000000e+00
-9.199999999999995941e-05,0.000000000000000000e+00
-9.099999999999993511e-05,0.000000000000000000e+00
-9.000000000000001922e-05,0.000000000000000000e+00
-8.899999999999999491e-05,0.000000000000000000e+00
-8.799999999999997061e-05,0.000000000000000000e+00
-8.699999999999994630e-05,0.000000000000000000e+00
-8.600000000000003041e-05,0.000000000000000000e+00
-8.500000000000000611e-05,0.000000000000000000e+00
-8.399999999999998180e-05,0.000000000000000000e+00
-8.299999999999995749e-05,0.000000000000000000e+00
-8.199999999999993319e-05,0.000000000000000000e+00
-8.100000000000001730e-05,0.000000000000000000e+00
-7.999999999999999299e-05,0.000000000000000000e+00
-7.899999999999996868e-05,0.000000000000000000e+00
-7.799999999999994438e-05,0.000000000000000000e+00
-7.700000000000002849e-05,0.000000000000000000e+00
-7.600000000000000418e-05,0.000000000000000000e+00
-7.499999999999997988e-05,0.000000000000000000e+00
-7.399999999999995557e-05,0.000000000000000000e+00
-7.300000000000003968e-05,0.000000000000000000e+00
-7.200000000000001538e-05,0.000000000000000000e+00
-7.099999999999999107e-05,0.000000000000000000e+00
-6.999999999999996676e-05,0.000000000000000000e+00
-6.899999999999994246e-05,0.000000000000000000e+00
-6.800000000000002657e-05,0.000000000000000000e+00
-6.700000000000000226e-05,0.000000000000000000e+00
-6.599999999999997796e-05,0.000000000000000000e+00
-6.499999999999995365e-05,0.000000000000000000e+00
-6.400000000000003776e-05,0.000000000000000000e+00
-6.300000000000001345e-05,0.000000000000000000e+00
-6.199999999999998915e-05,0.000000000000000000e+00
-6.099999999999996484e-05,0.000000000000000000e+00
-5.999999999999994053e-05,0.000000000000000000e+00
-5.900000000000002465e-05,0.000000000000000000e+00
-5.800000000000000034e-05,0.000000000000000000e+00
-5.699999999999997603e-05,0.000000000000000000e+00
-5.599999999999995173e-05,0.000000000000000000e+00
-5.500000000000003584e-05,0.000000000000000000e+00
-5.400000000000001153e-05,0.000000000000000000e+00
-5.299999999999998723e-05,0.000000000000000000e+00
-5.199999999999996292e-05,0.000000000000000000e+00
-5.099999999999993861e-05,0.000000000000000000e+00
-5.000000000000002272e-05,0.000000000000000000e+00
-4.899999999999999842e-05,0.000000000000000000e+00
-4.799999999999997411e-05,0.000000000000000000e+00
-4.699999999999994980e-05,0.000000000000000000e+00
-4.600000000000003392e-05,0.000000000000000000e+00
-4.500000000000000961e-05,0.000000000000000000e+00
-4.399999999999998530e-05,0.000000000000000000e+00
-4.299999999999996100e-05,0.000000000000000000e+00
-4.199999999999993669e-05,0.000000000000000000e+00
-4.100000000000002080e-05,0.000000000000000000e+00
-3.999999999999999650e-05,0.000000000000000000e+00
-3.899999999999997219e-05,0.000000000000000000e+00
-3.799999999999994788e-05,0.000000000000000000e+00
-3.700000000000003200e-05,0.000000000000000000e+00
-3.600000000000000769e-05,0.000000000000000000e+00
-3.499999999999998338e-05,0.000000000000000000e+00
-3.399999999999995907e-05,0.000000000000000000e+00
-3.300000000000004319e-05,0.000000000000000000e+00
-3.200000000000001888e-05,0.000000000000000000e+00
-3.099999999999999457e-05,0.000000000000000000e+00
-2.999999999999997027e-05,0.000000000000000000e+00
-2.899999999999994596e-05,0.000000000000000000e+00
-2.800000000000003007e-05,0.000000000000000000e+00
-2.700000000000000577e-05,0.000000000000000000e+00
-2.599999999999998146e-05,0.000000000000000000e+00
-2.499999999999995715e-05,0.000000000000000000e+00
-2.400000000000004127e-05,0.000000000000000000e+00
-2.300000000000001696e-05,0.000000000000000000e+00
-2.199999999999999265e-05,0.000000000000000000e+00
-2.099999999999996834e-05,0.000000000000000000e+00
-1.999999999999994404e-05,0.000000000000000000e+00
-1.900000000000002815e-05,0.000000000000000000e+00
-1.800000000000000384e-05,0.000000000000000000e+00
-1.699999999999997954e-05,0.000000000000000000e+00
-1.599999999999995523e-05,0.000000000000000000e+00
-1.500000000000003934e-05,0.000000000000000000e+00
-1.400000000000001504e-05,8.000000000000000167e-03
-1.299999999999999073e-05,8.000000000000000167e-03
-1.199999999999996642e-05,0.000000000000000000e+00
-1.099999999999994212e-05,8.000000000000000167e-03
-1.000000000000002623e-05,8.000000000000000167e-03
-9.000000000000001922e-06,8.000000000000000167e-03
-7.999999999999977615e-06,8.000000000000000167e-03
-6.999999999999953308e-06,0.000000000000000000e+00
-6.000000000000037421e-06,8.000000000000000167e-03
-5.000000000000013115e-06,8.000000000000000167e-03
-3.999999999999988808e-06,8.000000000000000167e-03
-2.999999999999964501e-06,8.000000000000000167e-03
-1.999999999999940194e-06,1.199999999999999956e-01
-1.000000000000024307e-06,4.000000000000000083e-02
0.000000000000000000e+00,1.120000000000000023e-01
1.000000000000024307e-06,3.200000000000000067e-01
2.000000000000048614e-06,2.159999999999999976e-01
2.999999999999964501e-06,2.320000000000000118e-01
3.999999999999988808e-06,3.920000000000000151e-01
5.000000000000013115e-06,4.160000000000000364e-01
6.000000000000037421e-06,7.359999999999999876e-01
7.000000000000061728e-06,9.679999999999999716e-01
7.999999999999977615e-06,5.919999999999999707e-01
9.000000000000001922e-06,7.920000000000000373e-01
1.000000000000002623e-05,6.159999999999999920e-01
1.100000000000005054e-05,5.440000000000000391e-01
1.199999999999996642e-05,8.399999999999999689e-01
1.299999999999999073e-05,1.088000000000000078e+00
1.400000000000001504e-05,5.760000000000000675e-01
1.500000000000003934e-05,1.008000000000000007e+00
1.599999999999995523e-05,5.919999999999999707e-01
1.699999999999997954e-05,7.680000000000000160e-01
1.800000000000000384e-05,5.360000000000000320e-01
1.900000000000002815e-05,4.799999999999999822e-01
2.000000000000005246e-05,6.560000000000000275e-01
2.099999999999996834e-05,4.959999999999999964e-01
2.199999999999999265e-05,4.319999999999999951e-01
2.300000000000001696e-05,4.640000000000000235e-01
2.400000000000004127e-05,5.440000000000000391e-01
2.499999999999995715e-05,4.480000000000000093e-01
2.599999999999998146e-05,4.080000000000000293e-01
2.700000000000000577e-05,4.239999999999999880e-01
2.800000000000003007e-05,4.080000000000000293e-01
2.900000000000005438e-05,4.160000000000000364e-01
2.999999999999997027e-05,4.080000000000000293e-01
3.099999999999999457e-05,3.440000000000000280e-01
3.200000000000001888e-05,3.280000000000000138e-01
3.300000000000004319e-05,3.840000000000000080e-01
3.399999999999995907e-05,3.440000000000000280e-01
3.499999999999998338e-05,3.039999999999999925e-01
3.600000000000000769e-05,3.119999999999999996e-01
3.700000000000003200e-05,4.000000000000000222e-01
3.800000000000005630e-05,3.039999999999999925e-01
3.899999999999997219e-05,2.800000000000000266e-01
3.999999999999999650e-05,4.080000000000000293e-01
4.100000000000002080e-05,3.119999999999999996e-01
4.200000000000004511e-05,2.640000000000000124e-01
4.299999999999996100e-05,2.479999999999999982e-01
4.399999999999998530e-05,4.160000000000000364e-01
4.500000000000000961e-05,2.800000000000000266e-01
4.600000000000003392e-05,2.479999999999999982e-01
4.700000000000005822e-05,2.399999999999999911e-01
4.799999999999997411e-05,4.000000000000000222e-01
4.899999999999999842e-05,2.720000000000000195e-01
5.000000000000002272e-05,2.399999999999999911e-01
5.100000000000004703e-05,2.560000000000000053e-01
5.199999999999996292e-05,3.599999999999999867e-01
5.299999999999998723e-05,2.640000000000000124e-01
5.400000000000001153e-05,2.399999999999999911e-01
5.500000000000003584e-05,2.800000000000000266e-01
5.600000000000006015e-05,2.720000000000000195e-01
5.699999999999997603e-05,2.240000000000000047e-01
5.800000000000000034e-05,2.159999999999999976e-01
5.900000000000002465e-05,3.119999999999999996e-01
6.000000000000004895e-05,2.560000000000000053e-01
6.099999999999996484e-05,2.320000000000000118e-01
6.199999999999998915e-05,3.039999999999999925e-01
6.300000000000001345e-05,2.399999999999999911e-01
6.400000000000003776e-05,2.159999999999999976e-01
6.499999999999995365e-05,3.440000000000000280e-01
6.599999999999997796e-05,2.640000000000000124e-01
6.700000000000000226e-05,2.240000000000000047e-01
6.800000000000002657e-05,2.479999999999999982e-01
6.900000000000005088e-05,2.640000000000000124e-01
6.999999999999996676e-05,2.159999999999999976e-01
7.099999999999999107e-05,2.000000000000000111e-01
7.200000000000001538e-05,2.320000000000000118e-01
7.300000000000003968e-05,2.880000000000000338e-01
7.399999999999995557e-05,2.240000000000000047e-01
7.499999999999997988e-05,2.000000000000000111e-01
7.600000000000000418e-05,2.240000000000000047e-01
7.700000000000002849e-05,2.640000000000000124e-01
7.800000000000005280e-05,2.159999999999999976e-01
7.899999999999996868e-05,2.000000000000000111e-01
7.999999999999999299e-05,2.080000000000000182e-01
8.100000000000001730e-05,2.479999999999999982e-01
8.200000000000004161e-05,2.159999999999999976e-01
8.299999999999995749e-05,1.920000000000000040e-01
8.399999999999998180e-05,1.839999999999999969e-01
8.500000000000000611e-05,2.320000000000000118e-01
8.600000000000003041e-05,2.320000000000000118e-01
8.700000000000005472e-05,2.159999999999999976e-01
8.799999999999997061e-05,2.159999999999999976e-01
8.899999999999999491e-05,2.080000000000000182e-01
9.000000000000001922e-05,2.000000000000000111e-01
9.100000000000004353e-05,2.080000000000000182e-01
9.199999999999995941e-05,2.640000000000000124e-01
9.299999999999998372e-05,2.240000000000000047e-01
9.400000000000000803e-05,2.000000000000000111e-01
9.500000000000003234e-05,1.920000000000000040e-01
9.600000000000005664e-05,2.399999999999999911e-01
9.699999999999997253e-05,2.240000000000000047e-01
9.799999999999999684e-05,2.000000000000000111e-01
9.900000000000002114e-05,2.240000000000000047e-01
1.000000000000000454e-04,2.240000000000000047e-01
1.009999999999999613e-04,1.920000000000000040e-01
1.019999999999999856e-04,2.000000000000000111e-01
1.030000000000000100e-04,2.479999999999999982e-01
1.040000000000000343e-04,2.399999999999999911e-01
1.049999999999999501e-04,2.159999999999999976e-01
1.059999999999999745e-04,2.000000000000000111e-01
1.069999999999999988e-04,2.000000000000000111e-01
1.080000000000000231e-04,2.080000000000000182e-01
1.090000000000000474e-04,2.080000000000000182e-01
1.099999999999999633e-04,2.479999999999999982e-01
1.109999999999999876e-04,2.240000000000000047e-01
1.120000000000000119e-04,1.920000000000000040e-01
1.130000000000000362e-04,2.000000000000000111e-01
1.139999999999999521e-04,2.560000000000000053e-01
1.149999999999999764e-04,2.000000000000000111e-01
1.160000000000000007e-04,1.839999999999999969e-01
1.170000000000000250e-04,2.080000000000000182e-01
1.180000000000000493e-04,2.240000000000000047e-01
1.189999999999999652e-04,1.920000000000000040e-01
1.199999999999999895e-04,2.240000000000000047e-01
1.210000000000000138e-04,2.320000000000000118e-01
1.220000000000000381e-04,1.839999999999999969e-01
1.229999999999999540e-04,1.759999999999999898e-01
1.239999999999999783e-04,2.159999999999999976e-01
1.250000000000000026e-04,2.560000000000000053e-01
1.260000000000000269e-04,2.080000000000000182e-01
1.270000000000000512e-04,2.000000000000000111e-01
1.279999999999999671e-04,2.240000000000000047e-01
1.290000000000000998e-04,2.000000000000000111e-01
1.300000000000000157e-04,1.839999999999999969e-01
1.309999999999999316e-04,2.080000000000000182e-01
1.320000000000000643e-04,2.240000000000000047e-01
1.329999999999999802e-04,1.920000000000000040e-01
1.339999999999998961e-04,2.000000000000000111e-01
1.350000000000000288e-04,2.560000000000000053e-01
1.359999999999999447e-04,2.000000000000000111e-01
1.370000000000000774e-04,1.759999999999999898e-01
1.379999999999999933e-04,2.000000000000000111e-01
1.389999999999999092e-04,2.479999999999999982e-01
1.400000000000000419e-04,1.920000000000000040e-01
1.409999999999999578e-04,1.839999999999999969e-01
1.420000000000000906e-04,2.399999999999999911e-01
1.430000000000000064e-04,2.240000000000000047e-01
1.439999999999999223e-04,1.839999999999999969e-01
1.450000000000000551e-04,1.920000000000000040e-01
1.459999999999999709e-04,2.479999999999999982e-01
1.470000000000001037e-04,2.240000000000000047e-01
1.480000000000000196e-04,1.839999999999999969e-01
1.489999999999999354e-04,1.920000000000000040e-01
1.500000000000000682e-04,2.320000000000000118e-01
1.509999999999999841e-04,2.000000000000000111e-01
1.519999999999998999e-04,1.839999999999999969e-01
1.530000000000000327e-04,2.000000000000000111e-01
1.539999999999999486e-04,2.399999999999999911e-01
1.550000000000000813e-04,2.080000000000000182e-01
1.559999999999999972e-04,1.920000000000000040e-01
1.569999999999999131e-04,2.000000000000000111e-01
1.580000000000000458e-04,2.240000000000000047e-01
1.589999999999999617e-04,2.000000000000000111e-01
1.600000000000000944e-04,2.000000000000000111e-01
1.610000000000000103e-04,2.159999999999999976e-01
1.619999999999999262e-04,2.080000000000000182e-01
1.630000000000000589e-04,2.000000000000000111e-01
1.639999999999999748e-04,1.920000000000000040e-01
1.650000000000001075e-04,2.159999999999999976e-01
1.660000000000000234e-04,2.240000000000000047e-01
1.669999999999999393e-04,2.080000000000000182e-01
1.680000000000000720e-04,2.080000000000000182e-01
1.689999999999999879e-04,2.000000000000000111e-01
1.699999999999999038e-04,2.000000000000000111e-01
1.710000000000000365e-04,2.080000000000000182e-01
1.719999999999999524e-04,2.159999999999999976e-01
1.730000000000000851e-04,2.000000000000000111e-01
1.740000000000000010e-04,2.000000000000000111e-01
1.749999999999999169e-04,2.240000000000000047e-01
1.760000000000000496e-04,2.080000000000000182e-01
1.769999999999999655e-04,1.839999999999999969e-01
1.780000000000000982e-04,2.000000000000000111e-01
1.790000000000000141e-04,2.399999999999999911e-01
1.799999999999999300e-04,2.000000000000000111e-01
1.810000000000000627e-04,1.839999999999999969e-01
1.819999999999999786e-04,2.000000000000000111e-01
1.829999999999998945e-04,2.240000000000000047e-01
1.840000000000000272e-04,2.000000000000000111e-01
1.849999999999999431e-04,1.920000000000000040e-01
1.860000000000000759e-04,2.240000000000000047e-01
1.869999999999999917e-04,2.159999999999999976e-01
1.879999999999999076e-04,1.920000000000000040e-01
1.890000000000000404e-04,2.000000000000000111e-01
1.899999999999999563e-04,2.320000000000000118e-01
1.910000000000000890e-04,2.080000000000000182e-01
1.920000000000000049e-04,1.839999999999999969e-01
1.929999999999999208e-04,2.080000000000000182e-01
1.940000000000000535e-04,2.240000000000000047e-01
1.949999999999999694e-04,1.920000000000000040e-01
1.960000000000001021e-04,1.920000000000000040e-01
1.970000000000000180e-04,2.240000000000000047e-01
1.979999999999999339e-04,2.240000000000000047e-01
1.990000000000000666e-04,1.920000000000000040e-01
1.999999999999999825e-04,1.839999999999999969e-01
2.009999999999998984e-04,2.240000000000000047e-01
2.020000000000000311e-04,2.080000000000000182e-01
2.029999999999999470e-04,1.839999999999999969e-01
2.040000000000000797e-04,2.000000000000000111e-01
2.049999999999999956e-04,2.399999999999999911e-01
2.059999999999999115e-04,2.000000000000000111e-01
2.070000000000000442e-04,1.839999999999999969e-01
2.079999999999999601e-04,2.080000000000000182e-01
2.090000000000000928e-04,2.320000000000000118e-01
2.100000000000000087e-04,1.920000000000000040e-01
2.109999999999999246e-04,1.839999999999999969e-01
2.120000000000000573e-04,2.159999999999999976e-01
2.129999999999999732e-04,2.240000000000000047e-01
2.140000000000001059e-04,1.920000000000000040e-01
2.150000000000000218e-04,1.839999999999999969e-01
2.159999999999999377e-04,2.320000000000000118e-01
2.170000000000000704e-04,2.159999999999999976e-01
2.179999999999999863e-04,1.839999999999999969e-01
2.189999999999999022e-04,1.920000000000000040e-01
2.200000000000000349e-04,2.320000000000000118e-01
2.209999999999999508e-04,2.080000000000000182e-01
2.220000000000000836e-04,1.839999999999999969e-01
2.229999999999999994e-04,1.920000000000000040e-01
2.239999999999999153e-04,2.240000000000000047e-01
2.250000000000000481e-04,2.000000000000000111e-01
2.259999999999999639e-04,1.839999999999999969e-01
2.270000000000000967e-04,2.080000000000000182e-01
2.280000000000000126e-04,2.240000000000000047e-01
2.289999999999999284e-04,2.000000000000000111e-01
2.300000000000000612e-04,1.920000000000000040e-01
2.309999999999999771e-04,2.240000000000000047e-01
2.319999999999998929e-04,2.240000000000000047e-01
2.330000000000000257e-04,1.839999999999999969e-01
2.339999999999999416e-04,1.920000000000000040e-01
2.350000000000000743e-04,2.240000000000000047e-01
2.359999999999999902e-04,2.080000000000000182e-01
2.369999999999999061e-04,1.839999999999999969e-01
2.380000000000000388e-04,2.000000000000000111e-01
2.389999999999999547e-04,2.320000000000000118e-01
2.400000000000000874e-04,2.000000000000000111e-01
2.410000000000000033e-04,1.839999999999999969e-01
2.419999999999999192e-04,2.000000000000000111e-01
2.430000000000000519e-04,2.240000000000000047e-01
2.439999999999999678e-04,2.000000000000000111e-01
2.450000000000001005e-04,1.839999999999999969e-01
2.460000000000000164e-04,2.159999999999999976e-01
2.469999999999999323e-04,2.240000000000000047e-01
2.480000000000000650e-04,1.920000000000000040e-01
2.489999999999999809e-04,1.920000000000000040e-01
2.499999999999998968e-04,2.240000000000000047e-01
2.510000000000000295e-04,2.159999999999999976e-01
2.519999999999999454e-04,1.920000000000000040e-01
2.530000000000000781e-04,2.000000000000000111e-01
2.539999999999999940e-04,2.240000000000000047e-01
2.549999999999999099e-04,2.080000000000000182e-01
2.560000000000000426e-04,1.839999999999999969e-01
2.569999999999999585e-04,2.000000000000000111e-01
2.580000000000000912e-04,2.240000000000000047e-01
2.590000000000000071e-04,2.000000000000000111e-01
2.599999999999999230e-04,1.920000000000000040e-01
2.610000000000000557e-04,2.080000000000000182e-01
2.619999999999999716e-04,2.159999999999999976e-01
2.630000000000001044e-04,1.920000000000000040e-01
2.640000000000000202e-04,1.920000000000000040e-01
2.649999999999999361e-04,2.159999999999999976e-01
2.660000000000000689e-04,2.080000000000000182e-01
2.669999999999999847e-04,1.920000000000000040e-01
2.679999999999999006e-04,2.000000000000000111e-01
2.690000000000000334e-04,2.240000000000000047e-01
2.699999999999999492e-04,2.000000000000000111e-01
2.710000000000000820e-04,1.920000000000000040e-01
2.719999999999999979e-04,2.000000000000000111e-01
2.729999999999999137e-04,2.240000000000000047e-01
2.740000000000000465e-04,2.000000000000000111e-01
2.749999999999999624e-04,1.920000000000000040e-01
2.760000000000000951e-04,2.080000000000000182e-01
2.770000000000000110e-04,2.240000000000000047e-01
2.779999999999999269e-04,2.000000000000000111e-01
2.790000000000000596e-04,1.920000000000000040e-01
2.799999999999999755e-04,2.159999999999999976e-01
2.809999999999998914e-04,2.000000000000000111e-01
2.820000000000000241e-04,1.920000000000000040e-01
2.829999999999999400e-04,2.080000000000000182e-01
2.840000000000000727e-04,2.240000000000000047e-01
2.849999999999999886e-04,2.000000000000000111e-01
2.859999999999999045e-04,1.920000000000000040e-01
2.870000000000000372e-04,2.080000000000000182e-01
2.879999999999999531e-04,2.159999999999999976e-01
2.890000000000000858e-04,2.000000000000000111e-01
2.900000000000000017e-04,1.920000000000000040e-01
2.909999999999999176e-04,2.080000000000000182e-01
2.920000000000000503e-04,2.159999999999999976e-01
2.929999999999999662e-04,2.000000000000000111e-01
2.940000000000000989e-04,2.000000000000000111e-01
2.950000000000000148e-04,2.159999999999999976e-01
2.959999999999999307e-04,2.080000000000000182e-01
2.970000000000000634e-04,1.920000000000000040e-01
2.979999999999999793e-04,2.080000000000000182e-01
2.989999999999998952e-04,2.080000000000000182e-01
3.000000000000000279e-04,1.920000000000000040e-01
3.009999999999999438e-04,2.000000000000000111e-01
3.020000000000000765e-04,2.080000000000000182e-01
3.029999999999999924e-04,2.080000000000000182e-01
3.039999999999999083e-04,2.000000000000000111e-01
3.050000000000000410e-04,2.000000000000000111e-01
3.059999999999999569e-04,2.159999999999999976e-01
3.070000000000000897e-04,2.080000000000000182e-01
3.080000000000000055e-04,2.000000000000000111e-01
3.089999999999999214e-04,2.000000000000000111e-01
3.100000000000000542e-04,2.080000000000000182e-01
3.109999999999999700e-04,2.080000000000000182e-01
3.120000000000001028e-04,1.920000000000000040e-01
3.130000000000000187e-04,2.000000000000000111e-01
3.139999999999999345e-04,2.159999999999999976e-01
3.150000000000000673e-04,2.000000000000000111e-01
3.159999999999999832e-04,2.000000000000000111e-01
3.169999999999998990e-04,2.080000000000000182e-01
3.180000000000000318e-04,2.080000000000000182e-01
3.189999999999999477e-04,2.000000000000000111e-01
3.200000000000000804e-04,2.000000000000000111e-01
3.209999999999999963e-04,2.080000000000000182e-01
3.219999999999999122e-04,2.080000000000000182e-01
3.230000000000000449e-04,2.000000000000000111e-01
3.239999999999999608e-04,2.000000000000000111e-01
3.250000000000000935e-04,2.159999999999999976e-01
3.260000000000000094e-04,2.080000000000000182e-01
3.269999999999999253e-04,2.000000000000000111e-01
3.280000000000000580e-04,2.000000000000000111e-01
3.289999999999999739e-04,2.080000000000000182e-01
3.299999999999998898e-04,2.000000000000000111e-01
3.310000000000000225e-04,2.000000000000000111e-01
3.319999999999999384e-04,2.080000000000000182e-01
3.330000000000000711e-04,2.080000000000000182e-01
3.339999999999999870e-04,2.000000000000000111e-01
3.349999999999999029e-04,2.000000000000000111e-01
3.360000000000000356e-04,2.080000000000000182e-01
3.369999999999999515e-04,2.000000000000000111e-01
3.380000000000000842e-04,2.000000000000000111e-01
3.390000000000000001e-04,2.000000000000000111e-01
3.399999999999999160e-04,2.080000000000000182e-01
3.410000000000000487e-04,2.000000000000000111e-01
3.419999999999999646e-04,2.000000000000000111e-01
3.430000000000000973e-04,2.080000000000000182e-01
3.440000000000000132e-04,2.080000000000000182e-01
3.449999999999999291e-04,2.000000000000000111e-01
3.460000000000000618e-04,2.000000000000000111e-01
3.469999999999999777e-04,2.080000000000000182e-01
3.479999999999998936e-04,2.080000000000000182e-01
3.490000000000000263e-04,2.000000000000000111e-01
3.499999999999999422e-04,2.000000000000000111e-01
3.510000000000000750e-04,2.080000000000000182e-01
3.519999999999999908e-04,2.000000000000000111e-01
3.529999999999999067e-04,2.000000000000000111e-01
3.540000000000000395e-04,2.000000000000000111e-01
3.549999999999999553e-04,2.080000000000000182e-01
3.560000000000000881e-04,2.000000000000000111e-01
3.570000000000000040e-04,2.000000000000000111e-01
3.579999999999999198e-04,2.000000000000000111e-01
3.590000000000000526e-04,2.080000000000000182e-01
3.599999999999999685e-04,2.000000000000000111e-01
3.609999999999998843e-04,2.000000000000000111e-01
3.620000000000000171e-04,2.080000000000000182e-01
3.629999999999999330e-04,2.000000000000000111e-01
3.640000000000000657e-04,2.000000000000000111e-01
3.649999999999999816e-04,2.000000000000000111e-01
3.659999999999998975e-04,2.080000000000000182e-01
3.670000000000000302e-04,2.000000000000000111e-01
3.679999999999999461e-04,2.000000000000000111e-01
3.690000000000000788e-04,2.000000000000000111e-01
3.699999999999999947e-04,2.080000000000000182e-01
3.709999999999999106e-04,2.000000000000000111e-01
3.720000000000000433e-04,2.000000000000000111e-01
3.729999999999999592e-04,2.000000000000000111e-01
3.740000000000000919e-04,2.080000000000000182e-01
3.750000000000000078e-04,2.000000000000000111e-01
3.759999999999999237e-04,2.000000000000000111e-01
3.770000000000000564e-04,2.080000000000000182e-01
3.779999999999999723e-04,2.000000000000000111e-01
3.789999999999998882e-04,2.000000000000000111e-01
3.800000000000000209e-04,2.000000000000000111e-01
3.809999999999999368e-04,2.080000000000000182e-01
3.820000000000000695e-04,2.000000000000000111e-01
3.829999999999999854e-04,2.000000000000000111e-01
3.839999999999999013e-04,2.000000000000000111e-01
3.850000000000000340e-04,2.080000000000000182e-01
3.859999999999999499e-04,2.000000000000000111e-01
3.870000000000000826e-04,2.000000000000000111e-01
3.879999999999999985e-04,2.080000000000000182e-01
3.889999999999999144e-04,2.080000000000000182e-01
3.900000000000000471e-04,2.000000000000000111e-01
3.909999999999999630e-04,2.000000000000000111e-01
3.920000000000000958e-04,2.000000000000000111e-01
3.930000000000000117e-04,2.000000000000000111e-01
3.939999999999999275e-04,2.000000000000000111e-01
3.950000000000000603e-04,2.000000000000000111e-01
3.959999999999999762e-04,2.080000000000000182e-01
3.969999999999998920e-04,2.080000000000000182e-01
3.980000000000000248e-04,2.000000000000000111e-01
3.989999999999999407e-04,2.000000000000000111e-01
4.000000000000000734e-04,2.080000000000000182e-01
4.009999999999999893e-04,2.000000000000000111e-01
4.019999999999999052e-04,2.000000000000000111e-01
4.030000000000000379e-04,2.080000000000000182e-01
4.039999999999999538e-04,2.000000000000000111e-01
4.050000000000000865e-04,2.000000000000000111e-01
4.060000000000000024e-04,2.000000000000000111e-01
4.069999999999999183e-04,2.080000000000000182e-01
4.080000000000000510e-04,2.080000000000000182e-01
4.089999999999999669e-04,2.000000000000000111e-01
4.099999999999998828e-04,2.000000000000000111e-01
4.110000000000000155e-04,2.000000000000000111e-01
4.119999999999999314e-04,2.000000000000000111e-01
4.130000000000000641e-04,2.000000000000000111e-01
4.139999999999999800e-04,2.080000000000000182e-01
4.149999999999998959e-04,2.080000000000000182e-01
4.160000000000000286e-04,2.080000000000000182e-01
4.169999999999999445e-04,2.080000000000000182e-01
4.180000000000000772e-04,2.000000000000000111e-01
4.189999999999999931e-04,2.080000000000000182e-01
4.199999999999999090e-04,2.000000000000000111e-01
4.210000000000000417e-04,2.000000000000000111e-01
4.219999999999999576e-04,2.080000000000000182e-01
4.230000000000000903e-04,2.000000000000000111e-01
4.240000000000000062e-04,2.080000000000000182e-01
4.249999999999999221e-04,2.080000000000000182e-01
4.260000000000000548e-04,2.080000000000000182e-01
4.269999999999999707e-04,2.080000000000000182e-01
4.279999999999998866e-04,2.000000000000000111e-01
4.290000000000000193e-04,2.080000000000000182e-01
4.299999999999999352e-04,2.080000000000000182e-01
4.310000000000000680e-04,2.000000000000000111e-01
4.319999999999999838e-04,2.000000000000000111e-01
4.329999999999998997e-04,2.000000000000000111e-01
4.340000000000000325e-04,2.080000000000000182e-01
4.349999999999999483e-04,2.000000000000000111e-01
4.360000000000000811e-04,2.000000000000000111e-01
4.369999999999999970e-04,2.080000000000000182e-01
4.379999999999999128e-04,2.080000000000000182e-01
4.390000000000000456e-04,2.000000000000000111e-01
4.399999999999999615e-04,2.000000000000000111e-01
4.410000000000000942e-04,2.080000000000000182e-01
4.420000000000000101e-04,2.000000000000000111e-01
4.429999999999999260e-04,2.000000000000000111e-01
4.440000000000000587e-04,2.080000000000000182e-01
4.449999999999999746e-04,2.080000000000000182e-01
4.459999999999998905e-04,2.080000000000000182e-01
4.470000000000000232e-04,2.000000000000000111e-01
4.479999999999999391e-04,2.080000000000000182e-01
4.490000000000000718e-04,2.000000000000000111e-01
4.499999999999999877e-04,2.000000000000000111e-01
4.509999999999999036e-04,2.000000000000000111e-01
4.520000000000000363e-04,2.080000000000000182e-01
4.529999999999999522e-04,2.080000000000000182e-01
4.540000000000000849e-04,2.080000000000000182e-01
4.550000000000000008e-04,2.080000000000000182e-01
4.559999999999999167e-04,2.000000000000000111e-01
4.570000000000000494e-04,2.000000000000000111e-01
4.579999999999999653e-04,2.000000000000000111e-01
4.589999999999998812e-04,2.000000000000000111e-01
4.600000000000000139e-04,2.080000000000000182e-01
4.609999999999999298e-04,2.000000000000000111e-01
4.620000000000000625e-04,2.080000000000000182e-01
4.629999999999999784e-04,2.080000000000000182e-01
4.639999999999998943e-04,2.080000000000000182e-01
4.650000000000000270e-04,2.080000000000000182e-01
4.659999999999999429e-04,2.000000000000000111e-01
4.670000000000000756e-04,2.080000000000000182e-01
4.679999999999999915e-04,2.080000000000000182e-01
4.689999999999999074e-04,2.000000000000000111e-01
4.700000000000000401e-04,2.000000000000000111e-01
4.709999999999999560e-04,2.080000000000000182e-01
4.720000000000000888e-04,2.000000000000000111e-01
4.730000000000000046e-04,2.000000000000000111e-01
4.739999999999999205e-04,2.080000000000000182e-01
4.750000000000000533e-04,2.080000000000000182e-01
4.759999999999999691e-04,2.000000000000000111e-01
4.769999999999998850e-04,2.000000000000000111e-01
4.780000000000000178e-04,2.080000000000000182e-01
4.789999999999999336e-04,2.080000000000000182e-01
4.800000000000000664e-04,2.000000000000000111e-01
4.809999999999999823e-04,2.000000000000000111e-01
4.819999999999998981e-04,2.000000000000000111e-01
4.830000000000000309e-04,2.080000000000000182e-01
4.839999999999999468e-04,2.000000000000000111e-01
4.850000000000000795e-04,2.000000000000000111e-01
4.859999999999999954e-04,2.080000000000000182e-01
4.869999999999999113e-04,2.080000000000000182e-01
4.880000000000000440e-04,2.000000000000000111e-01
4.889999999999999599e-04,2.080000000000000182e-01
4.900000000000000926e-04,2.080000000000000182e-01
4.910000000000000085e-04,2.000000000000000111e-01
4.919999999999999244e-04,2.000000000000000111e-01
4.930000000000000571e-04,2.080000000000000182e-01
4.939999999999999730e-04,2.080000000000000182e-01
4.949999999999998889e-04,2.000000000000000111e-01
4.960000000000000216e-04,2.000000000000000111e-01
4.969999999999999375e-04,2.000000000000000111e-01
4.980000000000000702e-04,2.000000000000000111e-01
4.989999999999999861e-04,2.000000000000000111e-01
4.999999999999999020e-04,2.000000000000000111e-01
5.010000000000000347e-04,2.000000000000000111e-01
5.019999999999999506e-04,2.000000000000000111e-01
5.030000000000000833e-04,2.000000000000000111e-01
5.039999999999999992e-04,2.080000000000000182e-01
5.049999999999999151e-04,2.080000000000000182e-01
5.060000000000000478e-04,2.080000000000000182e-01
5.069999999999999637e-04,2.080000000000000182e-01
5.079999999999998796e-04,2.080000000000000182e-01
5.090000000000000123e-04,2.080000000000000182e-01
5.099999999999999282e-04,2.000000000000000111e-01
5.110000000000000609e-04,2.000000000000000111e-01
5.119999999999999768e-04,2.000000000000000111e-01
5.129999999999998927e-04,2.000000000000000111e-01
5.140000000000000254e-04,2.000000000000000111e-01
5.149999999999999413e-04,2.000000000000000111e-01
5.160000000000000741e-04,2.080000000000000182e-01
5.169999999999999899e-04,2.080000000000000182e-01
5.179999999999999058e-04,2.000000000000000111e-01
5.190000000000000386e-04,2.000000000000000111e-01
5.199999999999999544e-04,2.080000000000000182e-01
5.210000000000000872e-04,2.080000000000000182e-01
5.220000000000000031e-04,2.000000000000000111e-01
5.229999999999999189e-04,2.080000000000000182e-01
5.240000000000000517e-04,2.000000000000000111e-01
5.249999999999999676e-04,2.000000000000000111e-01
5.259999999999998834e-04,2.000000000000000111e-01
5.270000000000000162e-04,2.080000000000000182e-01
5.279999999999999321e-04,2.000000000000000111e-01
5.290000000000000648e-04,2.080000000000000182e-01
5.299999999999999807e-04,2.080000000000000182e-01
5.309999999999998966e-04,2.000000000000000111e-01
5.320000000000000293e-04,2.080000000000000182e-01
5.329999999999999452e-04,2.000000000000000111e-01
5.340000000000000779e-04,2.000000000000000111e-01
5.349999999999999938e-04,2.080000000000000182e-01
5.359999999999999097e-04,2.080000000000000182e-01
5.370000000000000424e-04,2.080000000000000182e-01
5.379999999999999583e-04,2.080000000000000182e-01
5.390000000000000910e-04,2.080000000000000182e-01
5.400000000000000069e-04,2.000000000000000111e-01
5.409999999999999228e-04,2.080000000000000182e-01
5.420000000000000555e-04,2.080000000000000182e-01
5.429999999999999714e-04,2.000000000000000111e-01
5.439999999999998873e-04,2.000000000000000111e-01
5.450000000000000200e-04,2.080000000000000182e-01
5.459999999999999359e-04,2.080000000000000182e-01
5.470000000000000686e-04,2.000000000000000111e-01
5.479999999999999845e-04,2.000000000000000111e-01
5.489999999999999004e-04,2.080000000000000182e-01
5.500000000000000331e-04,2.080000000000000182e-01
5.509999999999999490e-04,2.080000000000000182e-01
5.520000000000000817e-04,2.000000000000000111e-01
5.529999999999999976e-04,2.080000000000000182e-01
5.539999999999999135e-04,2.080000000000000182e-01
5.550000000000000462e-04,2.080000000000000182e-01
5.559999999999999621e-04,2.000000000000000111e-01
5.569999999999998780e-04,2.080000000000000182e-01
5.580000000000000107e-04,2.000000000000000111e-01
5.589999999999999266e-04,2.000000000000000111e-01
5.600000000000000594e-04,2.000000000000000111e-01
5.609999999999999752e-04,2.000000000000000111e-01
5.619999999999998911e-04,2.080000000000000182e-01
5.630000000000000239e-04,2.000000000000000111e-01
5.639999999999999397e-04,2.000000000000000111e-01
5.650000000000000725e-04,2.080000000000000182e-01
5.659999999999999884e-04,2.000000000000000111e-01
5.669999999999999043e-04,2.000000000000000111e-01
5.680000000000000370e-04,2.080000000000000182e-01
5.689999999999999529e-04,2.080000000000000182e-01
5.700000000000000856e-04,2.080000000000000182e-01
5.710000000000000015e-04,2.080000000000000182e-01
5.719999999999999174e-04,2.000000000000000111e-01
5.730000000000000501e-04,2.080000000000000182e-01
5.739999999999999660e-04,2.080000000000000182e-01
5.749999999999998819e-04,2.080000000000000182e-01
5.760000000000000146e-04,2.080000000000000182e-01
5.769999999999999305e-04,2.080000000000000182e-01
5.780000000000000632e-04,2.080000000000000182e-01
5.789999999999999791e-04,2.000000000000000111e-01
5.799999999999998950e-04,2.080000000000000182e-01
5.810000000000000277e-04,2.000000000000000111e-01
5.819999999999999436e-04,2.080000000000000182e-01
5.830000000000000763e-04,2.080000000000000182e-01
5.839999999999999922e-04,2.080000000000000182e-01
5.849999999999999081e-04,2.000000000000000111e-01
5.860000000000000408e-04,2.000000000000000111e-01
5.869999999999999567e-04,2.080000000000000182e-01
5.880000000000000894e-04,2.080000000000000182e-01
5.890000000000000053e-04,2.000000000000000111e-01
5.899999999999999212e-04,2.000000000000000111e-01
5.910000000000000539e-04,2.080000000000000182e-01
5.919999999999999698e-04,2.080000000000000182e-01
5.929999999999998857e-04,2.080000000000000182e-01
5.940000000000000184e-04,2.080000000000000182e-01
5.949999999999999343e-04,2.000000000000000111e-01
5.960000000000000671e-04,2.080000000000000182e-01
5.969999999999999829e-04,2.000000000000000111e-01
5.979999999999998988e-04,2.000000000000000111e-01
5.990000000000000316e-04,2.000000000000000111e-01
5.999999999999999474e-04,2.080000000000000182e-01
6.010000000000000802e-04,2.000000000000000111e-01
6.019999999999999961e-04,2.000000000000000111e-01
6.029999999999999119e-04,2.080000000000000182e-01
6.040000000000000447e-04,2.000000000000000111e-01
6.049999999999999606e-04,2.080000000000000182e-01
6.059999999999998764e-04,2.080000000000000182e-01
6.070000000000000092e-04,2.080000000000000182e-01
6.079999999999999251e-04,2.080000000000000182e-01
6.090000000000000578e-04,2.080000000000000182e-01
6.099999999999999737e-04,2.080000000000000182e-01
6.109999999999998896e-04,2.000000000000000111e-01
6.120000000000000223e-04,2.000000000000000111e-01
6.129999999999999382e-04,2.000000000000000111e-01
6.140000000000000709e-04,2.080000000000000182e-01
6.149999999999999868e-04,2.000000000000000111e-01
6.159999999999999027e-04,2.000000000000000111e-01
6.170000000000000354e-04,2.080000000000000182e-01
6.179999999999999513e-04,2.080000000000000182e-01
6.190000000000000840e-04,2.000000000000000111e-01
6.199999999999999999e-04,2.000000000000000111e-01
6.209999999999999158e-04,2.080000000000000182e-01
6.220000000000000485e-04,2.000000000000000111e-01
6.229999999999999644e-04,2.080000000000000182e-01
6.239999999999998803e-04,2.080000000000000182e-01
6.250000000000000130e-04,2.000000000000000111e-01
6.259999999999999289e-04,2.000000000000000111e-01
6.270000000000000616e-04,2.000000000000000111e-01
6.279999999999999775e-04,2.000000000000000111e-01
6.289999999999998934e-04,2.080000000000000182e-01
6.300000000000000261e-04,2.080000000000000182e-01
6.309999999999999420e-04,2.080000000000000182e-01
6.320000000000000747e-04,2.080000000000000182e-01
6.329999999999999906e-04,2.000000000000000111e-01
6.339999999999999065e-04,2.080000000000000182e-01
6.350000000000000392e-04,2.080000000000000182e-01
6.359999999999999551e-04,2.080000000000000182e-01
6.370000000000000879e-04,2.080000000000000182e-01
6.380000000000000037e-04,2.080000000000000182e-01
6.389999999999999196e-04,2.080000000000000182e-01
6.400000000000000524e-04,2.080000000000000182e-01
6.409999999999999682e-04,2.080000000000000182e-01
6.419999999999998841e-04,2.000000000000000111e-01
6.430000000000000169e-04,2.080000000000000182e-01
6.439999999999999327e-04,2.080000000000000182e-01
6.450000000000000655e-04,2.000000000000000111e-01
6.459999999999999814e-04,2.080000000000000182e-01
6.469999999999998972e-04,2.000000000000000111e-01
6.480000000000000300e-04,2.080000000000000182e-01
6.489999999999999459e-04,2.000000000000000111e-01
6.500000000000000786e-04,2.080000000000000182e-01
6.509999999999999945e-04,2.080000000000000182e-01
6.519999999999999104e-04,2.080000000000000182e-01
6.530000000000000431e-04,2.080000000000000182e-01
6.539999999999999590e-04,2.080000000000000182e-01
6.549999999999998749e-04,2.080000000000000182e-01
6.560000000000000076e-04,2.080000000000000182e-01
6.569999999999999235e-04,2.080000000000000182e-01
6.580000000000000562e-04,2.080000000000000182e-01
6.589999999999999721e-04,2.080000000000000182e-01
6.599999999999998880e-04,2.080000000000000182e-01
6.610000000000000207e-04,2.080000000000000182e-01
6.619999999999999366e-04,2.080000000000000182e-01
6.630000000000000693e-04,2.080000000000000182e-01
6.639999999999999852e-04,2.080000000000000182e-01
6.649999999999999011e-04,2.080000000000000182e-01
6.660000000000000338e-04,2.080000000000000182e-01
6.669999999999999497e-04,2.080000000000000182e-01
6.680000000000000824e-04,2.080000000000000182e-01
6.689999999999999983e-04,2.080000000000000182e-01
6.699999999999999142e-04,2.080000000000000182e-01
6.710000000000000469e-04,2.080000000000000182e-01
6.719999999999999628e-04,2.080000000000000182e-01
6.729999999999998787e-04,2.080000000000000182e-01
6.740000000000000114e-04,2.080000000000000182e-01
6.749999999999999273e-04,2.080000000000000182e-01
6.760000000000000600e-04,2.080000000000000182e-01
6.769999999999999759e-04,2.080000000000000182e-01
6.779999999999998918e-04,2.080000000000000182e-01
6.790000000000000245e-04,2.080000000000000182e-01
6.799999999999999404e-04,2.080000000000000182e-01
6.810000000000000732e-04,2.000000000000000111e-01
6.819999999999999890e-04,2.080000000000000182e-01
6.829999999999999049e-04,2.080000000000000182e-01
6.840000000000000377e-04,2.080000000000000182e-01
6.849999999999999535e-04,2.080000000000000182e-01
6.860000000000000863e-04,2.080000000000000182e-01
6.870000000000000022e-04,2.080000000000000182e-01
6.879999999999999180e-04,2.080000000000000182e-01
6.890000000000000508e-04,2.080000000000000182e-01
6.899999999999999667e-04,2.080000000000000182e-01
6.909999999999998825e-04,2.080000000000000182e-01
6.920000000000000153e-04,2.080000000000000182e-01
6.929999999999999312e-04,2.080000000000000182e-01
6.940000000000000639e-04,2.080000000000000182e-01
6.949999999999999798e-04,2.080000000000000182e-01
6.959999999999998957e-04,2.080000000000000182e-01
6.970000000000000284e-04,2.080000000000000182e-01
6.979999999999999443e-04,2.080000000000000182e-01
6.990000000000000770e-04,2.000000000000000111e-01
6.999999999999999929e-04,2.080000000000000182e-01
7.009999999999999088e-04,2.080000000000000182e-01
7.020000000000000415e-04,2.080000000000000182e-01
7.029999999999999574e-04,2.080000000000000182e-01
7.039999999999998733e-04,2.080000000000000182e-01
7.050000000000000060e-04,2.080000000000000182e-01
7.059999999999999219e-04,2.080000000000000182e-01
7.070000000000000546e-04,2.080000000000000182e-01
7.079999999999999705e-04,2.000000000000000111e-01
7.089999999999998864e-04,2.000000000000000111e-01
7.100000000000000191e-04,2.080000000000000182e-01
7.109999999999999350e-04,2.000000000000000111e-01
7.120000000000000677e-04,2.080000000000000182e-01
7.129999999999999836e-04,2.080000000000000182e-01
7.139999999999998995e-04,2.080000000000000182e-01
7.150000000000000322e-04,2.080000000000000182e-01
7.159999999999999481e-04,2.080000000000000182e-01
7.170000000000000808e-04,2.080000000000000182e-01
7.179999999999999967e-04,2.080000000000000182e-01
7.189999999999999126e-04,2.080000000000000182e-01
7.200000000000000453e-04,2.080000000000000182e-01
7.209999999999999612e-04,2.080000000000000182e-01
7.219999999999998771e-04,2.080000000000000182e-01
7.230000000000000098e-04,2.080000000000000182e-01
7.239999999999999257e-04,2.080000000000000182e-01
7.250000000000000585e-04,2.080000000000000182e-01
7.259999999999999743e-04,2.080000000000000182e-01
7.269999999999998902e-04,2.080000000000000182e-01
7.280000000000000230e-04,2.080000000000000182e-01
7.289999999999999388e-04,2.080000000000000182e-01
7.300000000000000716e-04,2.080000000000000182e-01
7.309999999999999875e-04,2.080000000000000182e-01
7.319999999999999033e-04,2.080000000000000182e-01
7.330000000000000361e-04,2.080000000000000182e-01
7.339999999999999520e-04,2.080000000000000182e-01
7.349999999999998678e-04,2.080000000000000182e-01
7.360000000000000006e-04,2.080000000000000182e-01
7.369999999999999165e-04,2.080000000000000182e-01
7.380000000000000492e-04,2.080000000000000182e-01
7.389999999999999651e-04,2.080000000000000182e-01
7.399999999999998810e-04,2.080000000000000182e-01
7.410000000000000137e-04,2.080000000000000182e-01
7.419999999999999296e-04,2.080000000000000182e-01
7.430000000000000623e-04,2.080000000000000182e-01
7.439999999999999782e-04,2.080000000000000182e-01
7.449999999999998941e-04,2.080000000000000182e-01
7.460000000000000268e-04,2.080000000000000182e-01
7.469999999999999427e-04,2.000000000000000111e-01
7.480000000000000754e-04,2.080000000000000182e-01
7.489999999999999913e-04,2.080000000000000182e-01
7.499999999999999072e-04,2.080000000000000182e-01
7.510000000000000399e-04,2.080000000000000182e-01
7.519999999999999558e-04,2.080000000000000182e-01
7.529999999999998717e-04,2.080000000000000182e-01
7.540000000000000044e-04,2.080000000000000182e-01
7.549999999999999203e-04,2.080000000000000182e-01
7.560000000000000530e-04,2.000000000000000111e-01
7.569999999999999689e-04,2.080000000000000182e-01
7.579999999999998848e-04,2.080000000000000182e-01
7.590000000000000175e-04,2.080000000000000182e-01
7.599999999999999334e-04,2.080000000000000182e-01
7.610000000000000661e-04,2.080000000000000182e-01
7.619999999999999820e-04,2.080000000000000182e-01
7.629999999999998979e-04,2.080000000000000182e-01
7.640000000000000306e-04,2.080000000000000182e-01
7.649999999999999465e-04,2.080000000000000182e-01
7.660000000000000793e-04,2.080000000000000182e-01
7.669999999999999951e-04,2.080000000000000182e-01
7.679999999999999110e-04,2.080000000000000182e-01
7.690000000000000438e-04,2.080000000000000182e-01
7.699999999999999597e-04,2.080000000000000182e-01
7.709999999999998755e-04,2.080000000000000182e-01
7.720000000000000083e-04,2.080000000000000182e-01
7.729999999999999242e-04,2.080000000000000182e-01
7.740000000000000569e-04,2.080000000000000182e-01
7.749999999999999728e-04,2.000000000000000111e-01
7.759999999999998887e-04,2.080000000000000182e-01
7.770000000000000214e-04,2.080000000000000182e-01
7.779999999999999373e-04,2.080000000000000182e-01
7.790000000000000700e-04,2.080000000000000182e-01
7.799999999999999859e-04,2.080000000000000182e-01
7.809999999999999018e-04,2.080000000000000182e-01
7.820000000000000345e-04,2.080000000000000182e-01
7.829999999999999504e-04,2.080000000000000182e-01
7.839999999999998663e-04,2.080000000000000182e-01
7.849999999999999990e-04,2.080000000000000182e-01
7.859999999999999149e-04,2.080000000000000182e-01
7.870000000000000476e-04,2.080000000000000182e-01
7.879999999999999635e-04,2.080000000000000182e-01
7.889999999999998794e-04,2.080000000000000182e-01
7.900000000000000121e-04,2.080000000000000182e-01
7.909999999999999280e-04,2.080000000000000182e-01
7.920000000000000607e-04,2.080000000000000182e-01
7.929999999999999766e-04,2.080000000000000182e-01
7.939999999999998925e-04,2.080000000000000182e-01
7.950000000000000252e-04,2.080000000000000182e-01
7.959999999999999411e-04,2.080000000000000182e-01
7.970000000000000738e-04,2.080000000000000182e-01
7.979999999999999897e-04,2.080000000000000182e-01
7.989999999999999056e-04,2.080000000000000182e-01
8.000000000000000383e-04,2.080000000000000182e-01
8.009999999999999542e-04,2.080000000000000182e-01
8.019999999999998701e-04,2.080000000000000182e-01
8.030000000000000028e-04,2.080000000000000182e-01
8.039999999999999187e-04,2.080000000000000182e-01
8.050000000000000515e-04,2.080000000000000182e-01
8.059999999999999673e-04,2.080000000000000182e-01
8.069999999999998832e-04,2.000000000000000111e-01
8.080000000000000160e-04,2.080000000000000182e-01
8.089999999999999318e-04,2.080000000000000182e-01
8.100000000000000646e-04,2.080000000000000182e-01
8.109999999999999805e-04,2.080000000000000182e-01
8.119999999999998963e-04,2.080000000000000182e-01
8.130000000000000291e-04,2.080000000000000182e-01
8.139999999999999450e-04,2.080000000000000182e-01
8.150000000000000777e-04,2.080000000000000182e-01
8.159999999999999936e-04,2.080000000000000182e-01
8.169999999999999095e-04,2.080000000000000182e-01
8.180000000000000422e-04,2.000000000000000111e-01
8.189999999999999581e-04,2.080000000000000182e-01
8.199999999999998740e-04,2.080000000000000182e-01
8.210000000000000067e-04,2.080000000000000182e-01
8.219999999999999226e-04,2.080000000000000182e-01
8.230000000000000553e-04,2.080000000000000182e-01
8.239999999999999712e-04,2.080000000000000182e-01
8.249999999999998871e-04,2.080000000000000182e-01
8.260000000000000198e-04,2.080000000000000182e-01
8.269999999999999357e-04,2.080000000000000182e-01
8.280000000000000684e-04,2.080000000000000182e-01
8.289999999999999843e-04,2.080000000000000182e-01
8.299999999999999002e-04,2.159999999999999976e-01
8.310000000000000329e-04,2.080000000000000182e-01
8.319999999999999488e-04,2.080000000000000182e-01
8.329999999999998647e-04,2.080000000000000182e-01
8.339999999999999974e-04,2.080000000000000182e-01
8.349999999999999133e-04,2.000000000000000111e-01
8.360000000000000460e-04,2.080000000000000182e-01
8.369999999999999619e-04,2.080000000000000182e-01
8.379999999999998778e-04,2.080000000000000182e-01
8.390000000000000105e-04,2.080000000000000182e-01
8.399999999999999264e-04,2.080000000000000182e-01
8.410000000000000591e-04,2.080000000000000182e-01
8.419999999999999750e-04,2.080000000000000182e-01
8.429999999999998909e-04,2.080000000000000182e-01
8.440000000000000236e-04,2.080000000000000182e-01
8.449999999999999395e-04,2.080000000000000182e-01
8.460000000000000723e-04,2.080000000000000182e-01
8.469999999999999881e-04,2.080000000000000182e-01
8.479999999999999040e-04,2.080000000000000182e-01
8.490000000000000368e-04,2.080000000000000182e-01
8.499999999999999526e-04,2.080000000000000182e-01
8.509999999999998685e-04,2.080000000000000182e-01
8.520000000000000013e-04,2.080000000000000182e-01
8.529999999999999171e-04,2.080000000000000182e-01
8.540000000000000499e-04,2.080000000000000182e-01
8.549999999999999658e-04,2.080000000000000182e-01
8.559999999999998816e-04,2.080000000000000182e-01
8.570000000000000144e-04,2.080000000000000182e-01
8.579999999999999303e-04,2.000000000000000111e-01
8.590000000000000630e-04,2.080000000000000182e-01
8.599999999999999789e-04,2.080000000000000182e-01
8.609999999999998948e-04,2.000000000000000111e-01
8.620000000000000275e-04,2.080000000000000182e-01
8.629999999999999434e-04,2.080000000000000182e-01
8.640000000000000761e-04,2.080000000000000182e-01
8.649999999999999920e-04,2.080000000000000182e-01
8.659999999999999079e-04,2.080000000000000182e-01
8.670000000000000406e-04,2.080000000000000182e-01
8.679999999999999565e-04,2.080000000000000182e-01
8.689999999999998724e-04,2.080000000000000182e-01
8.700000000000000051e-04,2.080000000000000182e-01
8.709999999999999210e-04,2.080000000000000182e-01
8.720000000000000537e-04,2.080000000000000182e-01
8.729999999999999696e-04,2.080000000000000182e-01
8.739999999999998855e-04,2.080000000000000182e-01
8.750000000000000182e-04,2.080000000000000182e-01
8.759999999999999341e-04,2.080000000000000182e-01
8.770000000000000668e-04,2.080000000000000182e-01
8.779999999999999827e-04,2.080000000000000182e-01
8.789999999999998986e-04,2.080000000000000182e-01
8.800000000000000313e-04,2.080000000000000182e-01
8.809999999999999472e-04,2.080000000000000182e-01
8.819999999999998631e-04,2.080000000000000182e-01
8.829999999999999958e-04,2.080000000000000182e-01
8.839999999999999117e-04,2.080000000000000182e-01
8.850000000000000444e-04,2.080000000000000182e-01
8.859999999999999603e-04,2.080000000000000182e-01
8.869999999999998762e-04,2.080000000000000182e-01
8.880000000000000089e-04,2.080000000000000182e-01
8.889999999999999248e-04,2.080000000000000182e-01
8.900000000000000576e-04,2.080000000000000182e-01
8.909999999999999734e-04,2.080000000000000182e-01
8.919999999999998893e-04,2.080000000000000182e-01
8.930000000000000221e-04,2.080000000000000182e-01
8.939999999999999379e-04,2.080000000000000182e-01
8.950000000000000707e-04,2.080000000000000182e-01
8.959999999999999866e-04,2.080000000000000182e-01
8.969999999999999024e-04,2.080000000000000182e-01
8.980000000000000352e-04,2.080000000000000182e-01
8.989999999999999511e-04,2.080000000000000182e-01
8.999999999999998669e-04,2.080000000000000182e-01
9.009999999999999997e-04,2.080000000000000182e-01
9.019999999999999156e-04,2.080000000000000182e-01
9.030000000000000483e-04,2.080000000000000182e-01
9.039999999999999642e-04,2.080000000000000182e-01
9.049999999999998801e-04,2.080000000000000182e-01
9.060000000000000128e-04,2.080000000000000182e-01
9.069999999999999287e-04,2.080000000000000182e-01
9.080000000000000614e-04,2.080000000000000182e-01
9.089999999999999773e-04,2.080000000000000182e-01
9.099999999999998932e-04,2.080000000000000182e-01
9.110000000000000259e-04,2.080000000000000182e-01
9.119999999999999418e-04,2.080000000000000182e-01
9.130000000000000745e-04,2.080000000000000182e-01
9.139999999999999904e-04,2.080000000000000182e-01
9.149999999999999063e-04,2.080000000000000182e-01
9.160000000000000390e-04,2.080000000000000182e-01
9.169999999999999549e-04,2.080000000000000182e-01
9.179999999999998708e-04,2.080000000000000182e-01
9.190000000000000035e-04,2.080000000000000182e-01
9.199999999999999194e-04,2.080000000000000182e-01
9.210000000000000521e-04,2.080000000000000182e-01
9.219999999999999680e-04,2.080000000000000182e-01
9.229999999999998839e-04,2.080000000000000182e-01
9.240000000000000166e-04,2.080000000000000182e-01
9.249999999999999325e-04,2.080000000000000182e-01
9.260000000000000652e-04,2.080000000000000182e-01
9.269999999999999811e-04,2.080000000000000182e-01
9.279999999999998970e-04,2.080000000000000182e-01
9.290000000000000297e-04,2.080000000000000182e-01
9.299999999999999456e-04,2.080000000000000182e-01
9.309999999999998615e-04,2.080000000000000182e-01
9.319999999999999942e-04,2.080000000000000182e-01
9.329999999999999101e-04,2.080000000000000182e-01
9.340000000000000429e-04,2.080000000000000182e-01
9.349999999999999587e-04,2.080000000000000182e-01
9.359999999999998746e-04,2.080000000000000182e-01
9.370000000000000074e-04,2.080000000000000182e-01
9.379999999999999232e-04,2.080000000000000182e-01
9.390000000000000560e-04,2.080000000000000182e-01
9.399999999999999719e-04,2.080000000000000182e-01
9.409999999999998877e-04,2.080000000000000182e-01
9.420000000000000205e-04,2.080000000000000182e-01
9.429999999999999364e-04,2.080000000000000182e-01
9.440000000000000691e-04,2.080000000000000182e-01
9.449999999999999850e-04,2.080000000000000182e-01
9.459999999999999009e-04,2.080000000000000182e-01
9.470000000000000336e-04,2.080000000000000182e-01
9.479999999999999495e-04,2.080000000000000182e-01
9.489999999999998654e-04,2.080000000000000182e-01
9.499999999999999981e-04,2.080000000000000182e-01
9.509999999999999140e-04,2.080000000000000182e-01
9.520000000000000467e-04,2.080000000000000182e-01
9.529999999999999626e-04,2.080000000000000182e-01
9.539999999999998785e-04,2.080000000000000182e-01
9.550000000000000112e-04,2.080000000000000182e-01
9.559999999999999271e-04,2.080000000000000182e-01
9.570000000000000598e-04,2.080000000000000182e-01
9.579999999999999757e-04,2.080000000000000182e-01
9.589999999999998916e-04,2.080000000000000182e-01
9.600000000000000243e-04,2.080000000000000182e-01
9.609999999999999402e-04,2.159999999999999976e-01
9.620000000000000729e-04,2.080000000000000182e-01
9.629999999999999888e-04,2.080000000000000182e-01
9.639999999999999047e-04,2.159999999999999976e-01
9.650000000000000374e-04,2.080000000000000182e-01
9.659999999999999533e-04,2.080000000000000182e-01
9.669999999999998692e-04,2.080000000000000182e-01
9.680000000000000019e-04,2.080000000000000182e-01
9.689999999999999178e-04,2.159999999999999976e-01
9.700000000000000505e-04,2.080000000000000182e-01
9.709999999999999664e-04,2.000000000000000111e-01
9.719999999999998823e-04,2.080000000000000182e-01
9.730000000000000151e-04,2.080000000000000182e-01
9.739999999999999309e-04,2.080000000000000182e-01
9.750000000000000637e-04,2.080000000000000182e-01
9.759999999999999796e-04,2.080000000000000182e-01
9.770000000000000039e-04,2.080000000000000182e-01
9.780000000000001366e-04,2.159999999999999976e-01
9.789999999999998356e-04,2.080000000000000182e-01
9.799999999999999684e-04,2.080000000000000182e-01
9.810000000000001011e-04,2.080000000000000182e-01
9.819999999999998001e-04,2.080000000000000182e-01
9.829999999999999329e-04,2.000000000000000111e-01
9.840000000000000656e-04,2.000000000000000111e-01
9.849999999999997646e-04,2.080000000000000182e-01
9.859999999999998974e-04,2.080000000000000182e-01
9.870000000000000301e-04,2.080000000000000182e-01
9.880000000000001628e-04,2.159999999999999976e-01
9.889999999999998619e-04,2.080000000000000182e-01
9.899999999999999946e-04,2.159999999999999976e-01
9.910000000000001273e-04,2.159999999999999976e-01
9.919999999999998264e-04,2.080000000000000182e-01
9.929999999999999591e-04,2.000000000000000111e-01
9.940000000000000918e-04,2.000000000000000111e-01
9.949999999999997909e-04,2.080000000000000182e-01
9.959999999999999236e-04,2.080000000000000182e-01
9.970000000000000563e-04,2.000000000000000111e-01
9.979999999999997554e-04,2.240000000000000047e-01
9.989999999999998881e-04,2.240000000000000047e-01
1.000000000000000021e-03,2.080000000000000182e-01
1.001000000000000154e-03,2.000000000000000111e-01
1.001999999999999853e-03,2.240000000000000047e-01
1.002999999999999985e-03,2.159999999999999976e-01
1.004000000000000118e-03,1.920000000000000040e-01
1.004999999999999817e-03,1.920000000000000040e-01
1.005999999999999950e-03,2.240000000000000047e-01
1.007000000000000083e-03,2.080000000000000182e-01
1.007999999999999782e-03,1.920000000000000040e-01
1.008999999999999914e-03,2.080000000000000182e-01
1.010000000000000047e-03,2.399999999999999911e-01
1.011000000000000180e-03,2.080000000000000182e-01
1.011999999999999879e-03,1.920000000000000040e-01
1.013000000000000012e-03,2.159999999999999976e-01
1.014000000000000144e-03,2.240000000000000047e-01
1.014999999999999843e-03,2.000000000000000111e-01
1.015999999999999976e-03,2.000000000000000111e-01
1.017000000000000109e-03,2.320000000000000118e-01
1.017999999999999808e-03,2.240000000000000047e-01
1.018999999999999941e-03,2.000000000000000111e-01
1.020000000000000073e-03,2.000000000000000111e-01
1.020999999999999772e-03,2.320000000000000118e-01
1.021999999999999905e-03,2.159999999999999976e-01
1.023000000000000038e-03,1.839999999999999969e-01
1.024000000000000171e-03,1.839999999999999969e-01
1.024999999999999870e-03,3.200000000000000067e-01
1.026000000000000002e-03,2.159999999999999976e-01
1.027000000000000135e-03,1.759999999999999898e-01
1.027999999999999834e-03,1.600000000000000033e-01
1.028999999999999967e-03,2.000000000000000111e-01
1.030000000000000100e-03,2.560000000000000053e-01
1.030999999999999799e-03,1.839999999999999969e-01
1.031999999999999931e-03,1.759999999999999898e-01
1.033000000000000064e-03,2.320000000000000118e-01
1.033999999999999763e-03,2.159999999999999976e-01
1.034999999999999896e-03,1.839999999999999969e-01
1.036000000000000029e-03,1.680000000000000104e-01
1.037000000000000161e-03,2.000000000000000111e-01
1.037999999999999860e-03,1.920000000000000040e-01
1.038999999999999993e-03,1.759999999999999898e-01
1.040000000000000126e-03,1.839999999999999969e-01
1.040999999999999825e-03,2.959999999999999853e-01
1.041999999999999958e-03,2.720000000000000195e-01
1.043000000000000090e-03,2.000000000000000111e-01
1.043999999999999789e-03,1.839999999999999969e-01
1.044999999999999922e-03,2.399999999999999911e-01
1.046000000000000055e-03,2.479999999999999982e-01
1.046999999999999754e-03,2.000000000000000111e-01
1.047999999999999887e-03,1.759999999999999898e-01
1.049000000000000019e-03,2.320000000000000118e-01
1.050000000000000152e-03,2.800000000000000266e-01
1.050999999999999851e-03,2.080000000000000182e-01
1.051999999999999984e-03,1.839999999999999969e-01
1.053000000000000116e-03,1.839999999999999969e-01
1.053999999999999816e-03,3.200000000000000067e-01
1.054999999999999948e-03,2.159999999999999976e-01
1.056000000000000081e-03,1.920000000000000040e-01
1.056999999999999780e-03,3.840000000000000080e-01
1.057999999999999913e-03,2.240000000000000047e-01
1.059000000000000045e-03,1.920000000000000040e-01
1.059999999999999745e-03,1.759999999999999898e-01
1.060999999999999877e-03,2.560000000000000053e-01
1.062000000000000010e-03,2.320000000000000118e-01
1.063000000000000143e-03,1.839999999999999969e-01
1.063999999999999842e-03,1.759999999999999898e-01
1.064999999999999974e-03,2.240000000000000047e-01
1.066000000000000107e-03,2.159999999999999976e-01
1.066999999999999806e-03,1.759999999999999898e-01
1.067999999999999939e-03,1.519999999999999962e-01
1.069000000000000072e-03,1.440000000000000169e-01
1.069999999999999771e-03,1.280000000000000027e-01
1.070999999999999903e-03,1.280000000000000027e-01
1.072000000000000036e-03,1.199999999999999956e-01
1.073000000000000169e-03,1.120000000000000023e-01
1.073999999999999868e-03,9.600000000000000200e-02
1.075000000000000001e-03,1.040000000000000091e-01
1.076000000000000133e-03,8.799999999999999489e-02
1.076999999999999832e-03,8.799999999999999489e-02
1.077999999999999965e-03,8.799999999999999489e-02
1.079000000000000098e-03,8.000000000000000167e-02
1.079999999999999797e-03,8.000000000000000167e-02
1.080999999999999930e-03,8.000000000000000167e-02
1.082000000000000062e-03,7.200000000000000844e-02
1.082999999999999761e-03,6.400000000000000133e-02
1.083999999999999894e-03,6.400000000000000133e-02
1.085000000000000027e-03,6.400000000000000133e-02
1.086000000000000160e-03,6.400000000000000133e-02
1.086999999999999859e-03,5.600000000000000117e-02
1.087999999999999991e-03,5.600000000000000117e-02
1.089000000000000124e-03,4.800000000000000100e-02
1.089999999999999823e-03,4.800000000000000100e-02
1.090999999999999956e-03,4.800000000000000100e-02
1.092000000000000089e-03,4.800000000000000100e-02
1.092999999999999788e-03,4.000000000000000083e-02
1.093999999999999920e-03,4.000000000000000083e-02
1.095000000000000053e-03,4.000000000000000083e-02
1.095999999999999752e-03,4.000000000000000083e-02
1.096999999999999885e-03,4.000000000000000083e-02
1.098000000000000018e-03,3.200000000000000067e-02
1.099000000000000150e-03,3.200000000000000067e-02
1.099999999999999849e-03,3.200000000000000067e-02
1.100999999999999982e-03,3.200000000000000067e-02
1.102000000000000115e-03,2.400000000000000050e-02
1.102999999999999814e-03,2.400000000000000050e-02
1.103999999999999947e-03,2.400000000000000050e-02
1.104999999999999646e-03,2.400000000000000050e-02
1.105999999999999778e-03,2.400000000000000050e-02
1.106999999999999911e-03,1.600000000000000033e-02
1.108000000000000044e-03,1.600000000000000033e-02
1.108999999999999743e-03,1.600000000000000033e-02
1.109999999999999876e-03,1.600000000000000033e-02
1.111000000000000008e-03,1.600000000000000033e-02
1.111999999999999707e-03,1.600000000000000033e-02
1.112999999999999840e-03,1.600000000000000033e-02
1.113999999999999973e-03,1.600000000000000033e-02
1.114999999999999672e-03,1.600000000000000033e-02
1.115999999999999805e-03,1.600000000000000033e-02
1.116999999999999937e-03,1.600000000000000033e-02
1.117999999999999636e-03,1.600000000000000033e-02
1.118999999999999769e-03,1.600000000000000033e-02
1.119999999999999902e-03,1.600000000000000033e-02
1.121000000000000035e-03,1.600000000000000033e-02
1.121999999999999734e-03,1.600000000000000033e-02
1.122999999999999866e-03,1.600000000000000033e-02
1.123999999999999999e-03,8.000000000000000167e-03
1.124999999999999698e-03,1.600000000000000033e-02
1.125999999999999831e-03,8.000000000000000167e-03
1.126999999999999964e-03,8.000000000000000167e-03
1.127999999999999663e-03,8.000000000000000167e-03
1.128999999999999795e-03,8.000000000000000167e-03
1.129999999999999928e-03,8.000000000000000167e-03
1.131000000000000061e-03,8.000000000000000167e-03
1.131999999999999760e-03,8.000000000000000167e-03
1.132999999999999893e-03,8.000000000000000167e-03
1.134000000000000025e-03,8.000000000000000167e-03
1.134999999999999724e-03,8.000000000000000167e-03
1.135999999999999857e-03,0.000000000000000000e+00
1.136999999999999990e-03,8.000000000000000167e-03
1.137999999999999689e-03,8.000000000000000167e-03
1.138999999999999822e-03,8.000000000000000167e-03
1.139999999999999954e-03,0.000000000000000000e+00
1.140999999999999653e-03,8.000000000000000167e-03
1.141999999999999786e-03,0.000000000000000000e+00
1.142999999999999919e-03,0.000000000000000000e+00
1.144000000000000052e-03,8.000000000000000167e-03
1.144999999999999751e-03,0.000000000000000000e+00
1.145999999999999883e-03,8.000000000000000167e-03
1.147000000000000016e-03,8.000000000000000167e-03
1.147999999999999715e-03,0.000000000000000000e+00
1.148999999999999848e-03,8.000000000000000167e-03
1.149999999999999981e-03,0.000000000000000000e+00
1.150999999999999680e-03,8.000000000000000167e-03
1.151999999999999812e-03,0.000000000000000000e+00
1.152999999999999945e-03,0.000000000000000000e+00
1.153999999999999644e-03,0.000000000000000000e+00
1.154999999999999777e-03,0.000000000000000000e+00
1.155999999999999910e-03,0.000000000000000000e+00
1.157000000000000042e-03,0.000000000000000000e+00
1.157999999999999741e-03,0.000000000000000000e+00
1.158999999999999874e-03,8.000000000000000167e-03
1.160000000000000007e-03,0.000000000000000000e+00
1.160999999999999706e-03,0.000000000000000000e+00
1.161999999999999839e-03,0.000000000000000000e+00
1.162999999999999971e-03,0.000000000000000000e+00
1.163999999999999670e-03,0.000000000000000000e+00
1.164999999999999803e-03,0.000000000000000000e+00
1.165999999999999936e-03,0.000000000000000000e+00
1.166999999999999635e-03,0.000000000000000000e+00
1.167999999999999768e-03,0.000000000000000000e+00
1.168999999999999900e-03,0.000000000000000000e+00
1.170000000000000033e-03,0.000000000000000000e+00
1.170999999999999732e-03,0.000000000000000000e+00
1.171999999999999865e-03,0.000000000000000000e+00
1.172999999999999998e-03,0.000000000000000000e+00
1.173999999999999697e-03,0.000000000000000000e+00
1.174999999999999829e-03,0.000000000000000000e+00
1.175999999999999962e-03,0.000000000000000000e+00
1.176999999999999661e-03,0.000000000000000000e+00
1.177999999999999794e-03,0.000000000000000000e+00
1.178999999999999927e-03,0.000000000000000000e+00
1.180000000000000059e-03,0.000000000000000000e+00
1.180999999999999758e-03,0.000000000000000000e+00
1.181999999999999891e-03,0.000000000000000000e+00
1.183000000000000024e-03,0.000000000000000000e+00
1.183999999999999723e-03,0.000000000000000000e+00
1.184999999999999856e-03,0.000000000000000000e+00
1.185999999999999988e-03,0.000000000000000000e+00
1.186999999999999687e-03,0.000000000000000000e+00
1.187999999999999820e-03,0.000000000000000000e+00
1.188999999999999953e-03,0.000000000000000000e+00
1.189999999999999652e-03,0.000000000000000000e+00
1.190999999999999785e-03,0.000000000000000000e+00
1.191999999999999917e-03,0.000000000000000000e+00
1.193000000000000050e-03,0.000000000000000000e+00
1.193999999999999749e-03,0.000000000000000000e+00
1.194999999999999882e-03,0.000000000000000000e+00
1.196000000000000014e-03,0.000000000000000000e+00
1.196999999999999714e-03,0.000000000000000000e+00
1.197999999999999846e-03,0.000000000000000000e+00
1.198999999999999979e-03,0.000000000000000000e+00
1.199999999999999678e-03,0.000000000000000000e+00
1.200999999999999811e-03,0.000000000000000000e+00
1.201999999999999943e-03,0.000000000000000000e+00
1.202999999999999643e-03,0.000000000000000000e+00
1.203999999999999775e-03,0.000000000000000000e+00
1.204999999999999908e-03,0.000000000000000000e+00
1.206000000000000041e-03,0.000000000000000000e+00
1.206999999999999740e-03,0.000000000000000000e+00
1.207999999999999872e-03,0.000000000000000000e+00
1.209000000000000005e-03,0.000000000000000000e+00
1.209999999999999704e-03,0.000000000000000000e+00
1.210999999999999837e-03,0.000000000000000000e+00
1.211999999999999970e-03,0.000000000000000000e+00
1.212999999999999669e-03,0.000000000000000000e+00
1.213999999999999801e-03,0.000000000000000000e+00
1.214999999999999934e-03,0.000000000000000000e+00
1.215999999999999633e-03,0.000000000000000000e+00
1.216999999999999766e-03,0.000000000000000000e+00
1.217999999999999899e-03,0.000000000000000000e+00
1.219000000000000031e-03,0.000000000000000000e+00
1.219999999999999730e-03,0.000000000000000000e+00
1.220999999999999863e-03,0.000000000000000000e+00
1.221999999999999996e-03,0.000000000000000000e+00
1.222999999999999695e-03,0.000000000000000000e+00
1.223999999999999828e-03,0.000000000000000000e+00
1.224999999999999960e-03,0.000000000000000000e+00
1.225999999999999659e-03,0.000000000000000000e+00
1.226999999999999792e-03,0.000000000000000000e+00
1.227999999999999925e-03,0.000000000000000000e+00
1.229000000000000058e-03,0.000000000000000000e+00
1.229999999999999757e-03,0.000000000000000000e+00
1.230999999999999889e-03,0.000000000000000000e+00
1.232000000000000022e-03,0.000000000000000000e+00
1.232999999999999721e-03,0.000000000000000000e+00
1.233999999999999854e-03,0.000000000000000000e+00
1.234999999999999987e-03,0.000000000000000000e+00
1.235999999999999686e-03,0.000000000000000000e+00
1.236999999999999818e-03,0.000000000000000000e+00
1.237999999999999951e-03,0.000000000000000000e+00
1.238999999999999650e-03,0.000000000000000000e+00
1.239999999999999783e-03,0.000000000000000000e+00
1.240999999999999916e-03,0.000000000000000000e+00
1.242000000000000048e-03,0.000000000000000000e+00
1.242999999999999747e-03,0.000000000000000000e+00
1.243999999999999880e-03,0.000000000000000000e+00
1.245000000000000013e-03,0.000000000000000000e+00
1.245999999999999712e-03,0.000000000000000000e+00
1.246999999999999845e-03,0.000000000000000000e+00
1.247999999999999977e-03,0.000000000000000000e+00
1.248999999999999676e-03,0.000000000000000000e+00
1.249999999999999809e-03,0.000000000000000000e+00
1.250999999999999942e-03,0.000000000000000000e+00
1.251999999999999641e-03,0.000000000000000000e+00
1.252999999999999774e-03,0.000000000000000000e+00
1.253999999999999906e-03,0.000000000000000000e+00
1.255000000000000039e-03,0.000000000000000000e+00
1.255999999999999738e-03,0.000000000000000000e+00
1.256999999999999871e-03,0.000000000000000000e+00
1.258000000000000004e-03,0.000000000000000000e+00
1.258999999999999703e-03,0.000000000000000000e+00
1.259999999999999835e-03,0.000000000000000000e+00
1.260999999999999968e-03,0.000000000000000000e+00
1.261999999999999667e-03,0.000000000000000000e+00
1.262999999999999800e-03,0.000000000000000000e+00
1.263999999999999933e-03,0.000000000000000000e+00
1.264999999999999632e-03,0.000000000000000000e+00
1.265999999999999764e-03,0.000000000000000000e+00
1.266999999999999897e-03,0.000000000000000000e+00
1.268000000000000030e-03,0.000000000000000000e+00
1.268999999999999729e-03,0.000000000000000000e+00
1.269999999999999862e-03,0.000000000000000000e+00
1.270999999999999994e-03,0.000000000000000000e+00
1.271999999999999693e-03,0.000000000000000000e+00
1.272999999999999826e-03,0.000000000000000000e+00
1.273999999999999959e-03,0.000000000000000000e+00
1.274999999999999658e-03,0.000000000000000000e+00
1.275999999999999791e-03,0.000000000000000000e+00
1.276999999999999923e-03,0.000000000000000000e+00
1.278000000000000056e-03,0.000000000000000000e+00
1.278999999999999755e-03,0.000000000000000000e+00
1.279999999999999888e-03,0.000000000000000000e+00
1.281000000000000021e-03,0.000000000000000000e+00
1.281999999999999720e-03,0.000000000000000000e+00
1.282999999999999852e-03,0.000000000000000000e+00
1.283999999999999985e-03,0.000000000000000000e+00
1.284999999999999684e-03,0.000000000000000000e+00
1.285999999999999817e-03,0.000000000000000000e+00
1.286999999999999950e-03,0.000000000000000000e+00
1.287999999999999649e-03,0.000000000000000000e+00
1.288999999999999781e-03,0.000000000000000000e+00
1.289999999999999914e-03,0.000000000000000000e+00
1.291000000000000047e-03,0.000000000000000000e+00
1.291999999999999746e-03,0.000000000000000000e+00
1.292999999999999879e-03,0.000000000000000000e+00
1.294000000000000011e-03,0.000000000000000000e+00
1.294999999999999710e-03,0.000000000000000000e+00
1.295999999999999843e-03,0.000000000000000000e+00
1.296999999999999976e-03,0.000000000000000000e+00
1.297999999999999675e-03,0.000000000000000000e+00
1.298999999999999808e-03,0.000000000000000000e+00
1.299999999999999940e-03,0.000000000000000000e+00
1.300999999999999639e-03,0.000000000000000000e+00
1.301999999999999772e-03,0.000000000000000000e+00
1.302999999999999905e-03,0.000000000000000000e+00
1.304000000000000038e-03,0.000000000000000000e+00
1.304999999999999737e-03,0.000000000000000000e+00
1.305999999999999869e-03,0.000000000000000000e+00
1.307000000000000002e-03,0.000000000000000000e+00
1.307999999999999701e-03,0.000000000000000000e+00
1.308999999999999834e-03,0.000000000000000000e+00
1.309999999999999967e-03,0.000000000000000000e+00
1.310999999999999666e-03,0.000000000000000000e+00
1.311999999999999798e-03,0.000000000000000000e+00
1.312999999999999931e-03,0.000000000000000000e+00
1.313999999999999630e-03,0.000000000000000000e+00
1.314999999999999763e-03,0.000000000000000000e+00
1.315999999999999896e-03,0.000000000000000000e+00
1.317000000000000028e-03,0.000000000000000000e+00
1.317999999999999727e-03,0.000000000000000000e+00
1.318999999999999860e-03,0.000000000000000000e+00
1.319999999999999993e-03,0.000000000000000000e+00
1.320999999999999692e-03,0.000000000000000000e+00
1.321999999999999825e-03,0.000000000000000000e+00
1.322999999999999957e-03,0.000000000000000000e+00
1.323999999999999656e-03,0.000000000000000000e+00
1.324999999999999789e-03,0.000000000000000000e+00
1.325999999999999922e-03,0.000000000000000000e+00
1.327000000000000055e-03,0.000000000000000000e+00
1.327999999999999754e-03,0.000000000000000000e+00
1.328999999999999886e-03,0.000000000000000000e+00
1.330000000000000019e-03,0.000000000000000000e+00
1.330999999999999718e-03,0.000000000000000000e+00
1.331999999999999851e-03,0.000000000000000000e+00
1.332999999999999984e-03,0.000000000000000000e+00
1.333999999999999683e-03,0.000000000000000000e+00
1.334999999999999815e-03,0.000000000000000000e+00
1.335999999999999948e-03,0.000000000000000000e+00
1.336999999999999647e-03,0.000000000000000000e+00
1.337999999999999780e-03,0.000000000000000000e+00
1.338999999999999913e-03,0.000000000000000000e+00
1.340000000000000045e-03,0.000000000000000000e+00
1.340999999999999744e-03,0.000000000000000000e+00
1.341999999999999877e-03,0.000000000000000000e+00
1.343000000000000010e-03,0.000000000000000000e+00
1.343999999999999709e-03,0.000000000000000000e+00
1.344999999999999842e-03,0.000000000000000000e+00
1.345999999999999974e-03,0.000000000000000000e+00
1.346999999999999673e-03,0.000000000000000000e+00
1.347999999999999806e-03,0.000000000000000000e+00
1.348999999999999939e-03,0.000000000000000000e+00
1.349999999999999638e-03,0.000000000000000000e+00
1.350999999999999771e-03,0.000000000000000000e+00
1.351999999999999903e-03,0.000000000000000000e+00
1.353000000000000036e-03,0.000000000000000000e+00
1.353999999999999735e-03,0.000000000000000000e+00
1.354999999999999868e-03,0.000000000000000000e+00
1.356000000000000000e-03,0.000000000000000000e+00
1.356999999999999700e-03,0.000000000000000000e+00
1.357999999999999832e-03,0.000000000000000000e+00
1.358999999999999965e-03,0.000000000000000000e+00
1.359999999999999664e-03,0.000000000000000000e+00
1.360999999999999797e-03,0.000000000000000000e+00
1.361999999999999929e-03,0.000000000000000000e+00
1.362999999999999629e-03,0.000000000000000000e+00
1.363999999999999761e-03,0.000000000000000000e+00
1.364999999999999894e-03,0.000000000000000000e+00
1.366000000000000027e-03,0.000000000000000000e+00
1.366999999999999726e-03,0.000000000000000000e+00
1.367999999999999858e-03,0.000000000000000000e+00
1.368999999999999991e-03,0.000000000000000000e+00
1.369999999999999690e-03,0.000000000000000000e+00
1.370999999999999823e-03,0.000000000000000000e+00
1.371999999999999956e-03,0.000000000000000000e+00
1.372999999999999655e-03,0.000000000000000000e+00
1.373999999999999787e-03,0.000000000000000000e+00
1.374999999999999920e-03,0.000000000000000000e+00
1.376000000000000053e-03,0.000000000000000000e+00
1.376999999999999752e-03,0.000000000000000000e+00
1.377999999999999885e-03,0.000000000000000000e+00
1.379000000000000017e-03,0.000000000000000000e+00
1.379999999999999716e-03,0.000000000000000000e+00
1.380999999999999849e-03,0.000000000000000000e+00
1.381999999999999982e-03,0.000000000000000000e+00
1.382999999999999681e-03,0.000000000000000000e+00
1.383999999999999814e-03,0.000000000000000000e+00
1.384999999999999946e-03,0.000000000000000000e+00
1.385999999999999645e-03,0.000000000000000000e+00
1.386999999999999778e-03,0.000000000000000000e+00
1.387999999999999911e-03,0.000000000000000000e+00
1.389000000000000044e-03,0.000000000000000000e+00
1.389999999999999743e-03,0.000000000000000000e+00
1.390999999999999875e-03,0.000000000000000000e+00
1.392000000000000008e-03,0.000000000000000000e+00
1.392999999999999707e-03,0.000000000000000000e+00
1.393999999999999840e-03,0.000000000000000000e+00
1.394999999999999973e-03,0.000000000000000000e+00
1.395999999999999672e-03,0.000000000000000000e+00
1.396999999999999804e-03,0.000000000000000000e+00
1.397999999999999937e-03,0.000000000000000000e+00
1.398999999999999636e-03,0.000000000000000000e+00
1.399999999999999769e-03,0.000000000000000000e+00
1.400999999999999902e-03,0.000000000000000000e+00
1.402000000000000034e-03,0.000000000000000000e+00
1.402999999999999733e-03,0.000000000000000000e+00
1.403999999999999866e-03,0.000000000000000000e+00
1.404999999999999999e-03,0.000000000000000000e+00
1.405999999999999698e-03,0.000000000000000000e+00
1.406999999999999831e-03,0.000000000000000000e+00
1.407999999999999963e-03,0.000000000000000000e+00
1.408999999999999662e-03,0.000000000000000000e+00
1.409999999999999795e-03,0.000000000000000000e+00
1.410999999999999928e-03,0.000000000000000000e+00
1.411999999999999627e-03,0.000000000000000000e+00
1.412999999999999760e-03,0.000000000000000000e+00
1.413999999999999892e-03,0.000000000000000000e+00
1.415000000000000025e-03,0.000000000000000000e+00
1.415999999999999724e-03,0.000000000000000000e+00
1.416999999999999857e-03,0.000000000000000000e+00
1.417999999999999990e-03,0.000000000000000000e+00
1.418999999999999689e-03,0.000000000000000000e+00
1.419999999999999821e-03,0.000000000000000000e+00
1.420999999999999954e-03,0.000000000000000000e+00
1.421999999999999653e-03,0.000000000000000000e+00
1.422999999999999786e-03,0.000000000000000000e+00
1.423999999999999919e-03,0.000000000000000000e+00
1.425000000000000051e-03,0.000000000000000000e+00
1.425999999999999750e-03,0.000000000000000000e+00
1.426999999999999883e-03,0.000000000000000000e+00
1.428000000000000016e-03,0.000000000000000000e+00
1.428999999999999715e-03,0.000000000000000000e+00
1.429999999999999848e-03,0.000000000000000000e+00
1.430999999999999980e-03,0.000000000000000000e+00
1.431999999999999679e-03,0.000000000000000000e+00
1.432999999999999812e-03,0.000000000000000000e+00
1.433999999999999945e-03,0.000000000000000000e+00
1.434999999999999644e-03,0.000000000000000000e+00
1.435999999999999777e-03,0.000000000000000000e+00
1.436999999999999909e-03,0.000000000000000000e+00
1.438000000000000042e-03,0.000000000000000000e+00
1.438999999999999741e-03,0.000000000000000000e+00
1.439999999999999874e-03,0.000000000000000000e+00
1.441000000000000007e-03,0.000000000000000000e+00
1.441999999999999706e-03,0.000000000000000000e+00
1.442999999999999838e-03,0.000000000000000000e+00
1.443999999999999971e-03,0.000000000000000000e+00
1.444999999999999670e-03,0.000000000000000000e+00
1.445999999999999803e-03,0.000000000000000000e+00
1.446999999999999936e-03,0.000000000000000000e+00
1.447999999999999635e-03,0.000000000000000000e+00
1.448999999999999767e-03,0.000000000000000000e+00
1.449999999999999900e-03,0.000000000000000000e+00
1.451000000000000033e-03,0.000000000000000000e+00
1.451999999999999732e-03,0.000000000000000000e+00
1.452999999999999865e-03,0.000000000000000000e+00
1.453999999999999997e-03,0.000000000000000000e+00
1.454999999999999696e-03,0.000000000000000000e+00
1.455999999999999829e-03,0.000000000000000000e+00
1.456999999999999962e-03,0.000000000000000000e+00
1.457999999999999661e-03,0.000000000000000000e+00
1.458999999999999794e-03,0.000000000000000000e+00
1.459999999999999926e-03,0.000000000000000000e+00
1.460999999999999625e-03,0.000000000000000000e+00
1.461999999999999758e-03,0.000000000000000000e+00
1.462999999999999891e-03,0.000000000000000000e+00
1.464000000000000024e-03,0.000000000000000000e+00
1.464999999999999723e-03,0.000000000000000000e+00
1.465999999999999855e-03,0.000000000000000000e+00
1.466999999999999988e-03,0.000000000000000000e+00
1.467999999999999687e-03,0.000000000000000000e+00
1.468999999999999820e-03,0.000000000000000000e+00
1.469999999999999953e-03,0.000000000000000000e+00
1.470999999999999652e-03,0.000000000000000000e+00
1.471999999999999784e-03,0.000000000000000000e+00
1.472999999999999917e-03,0.000000000000000000e+00
1.474000000000000050e-03,0.000000000000000000e+00
1.474999999999999749e-03,0.000000000000000000e+00
1.475999999999999882e-03,0.000000000000000000e+00
1.477000000000000014e-03,0.000000000000000000e+00
1.477999999999999713e-03,0.000000000000000000e+00
1.478999999999999846e-03,0.000000000000000000e+00
1.479999999999999979e-03,0.000000000000000000e+00
1.480999999999999678e-03,0.000000000000000000e+00
1.481999999999999811e-03,0.000000000000000000e+00
1.482999999999999943e-03,0.000000000000000000e+00
1.483999999999999642e-03,0.000000000000000000e+00
1.484999999999999775e-03,0.000000000000000000e+00
1.485999999999999908e-03,0.000000000000000000e+00
1.487000000000000040e-03,0.000000000000000000e+00
1.487999999999999740e-03,0.000000000000000000e+00
1.488999999999999872e-03,0.000000000000000000e+00
1.490000000000000005e-03,0.000000000000000000e+00
1.490999999999999704e-03,0.000000000000000000e+00
1.491999999999999837e-03,0.000000000000000000e+00
1.492999999999999969e-03,0.000000000000000000e+00
1.493999999999999669e-03,0.000000000000000000e+00
1.494999999999999801e-03,0.000000000000000000e+00
1.495999999999999934e-03,0.000000000000000000e+00
1.496999999999999633e-03,0.000000000000000000e+00
1.497999999999999766e-03,0.000000000000000000e+00
1.498999999999999898e-03,0.000000000000000000e+00
1.500000000000000031e-03,0.000000000000000000e+00
1.500999999999999730e-03,0.000000000000000000e+00
1.501999999999999863e-03,0.000000000000000000e+00
1.502999999999999996e-03,0.000000000000000000e+00
1.503999999999999695e-03,0.000000000000000000e+00
1.504999999999999827e-03,0.000000000000000000e+00
1.505999999999999960e-03,0.000000000000000000e+00
1.506999999999999659e-03,0.000000000000000000e+00
1.507999999999999792e-03,0.000000000000000000e+00
1.508999999999999925e-03,0.000000000000000000e+00
1.509999999999999624e-03,0.000000000000000000e+00
1.510999999999999757e-03,0.000000000000000000e+00
1.511999999999999889e-03,0.000000000000000000e+00
1.513000000000000022e-03,0.000000000000000000e+00
1.513999999999999721e-03,0.000000000000000000e+00
1.514999999999999854e-03,0.000000000000000000e+00
1.515999999999999986e-03,0.000000000000000000e+00
1.516999999999999686e-03,0.000000000000000000e+00
1.517999999999999818e-03,0.000000000000000000e+00
1.518999999999999951e-03,0.000000000000000000e+00
1.519999999999999650e-03,0.000000000000000000e+00
1.520999999999999783e-03,0.000000000000000000e+00
1.521999999999999915e-03,0.000000000000000000e+00
1.523000000000000048e-03,0.000000000000000000e+00
1.523999999999999747e-03,0.000000000000000000e+00
1.524999999999999880e-03,0.000000000000000000e+00
1.526000000000000013e-03,0.000000000000000000e+00
1.526999999999999712e-03,0.000000000000000000e+00
1.527999999999999844e-03,0.000000000000000000e+00
1.528999999999999977e-03,0.000000000000000000e+00
1.529999999999999676e-03,0.000000000000000000e+00
1.530999999999999809e-03,0.000000000000000000e+00
1.531999999999999942e-03,0.000000000000000000e+00
1.532999999999999641e-03,0.000000000000000000e+00
1.533999999999999773e-03,0.000000000000000000e+00
1.534999999999999906e-03,0.000000000000000000e+00
1.536000000000000039e-03,0.000000000000000000e+00
1.536999999999999738e-03,0.000000000000000000e+00
1.537999999999999871e-03,0.000000000000000000e+00
1.539000000000000003e-03,0.000000000000000000e+00
1.539999999999999702e-03,0.000000000000000000e+00
1.540999999999999835e-03,0.000000000000000000e+00
1.541999999999999968e-03,0.000000000000000000e+00
1.542999999999999667e-03,0.000000000000000000e+00
1.543999999999999800e-03,0.000000000000000000e+00
1.544999999999999932e-03,0.000000000000000000e+00
1.545999999999999631e-03,0.000000000000000000e+00
1.546999999999999764e-03,0.000000000000000000e+00
1.547999999999999897e-03,0.000000000000000000e+00
1.549000000000000030e-03,0.000000000000000000e+00
1.549999999999999729e-03,0.000000000000000000e+00
1.550999999999999861e-03,0.000000000000000000e+00
1.551999999999999994e-03,0.000000000000000000e+00
1.552999999999999693e-03,0.000000000000000000e+00
1.553999999999999826e-03,0.000000000000000000e+00
1.554999999999999959e-03,0.000000000000000000e+00
1.555999999999999658e-03,0.000000000000000000e+00
1.556999999999999790e-03,0.000000000000000000e+00
1.557999999999999923e-03,0.000000000000000000e+00
1.558999999999999622e-03,0.000000000000000000e+00
1.559999999999999755e-03,0.000000000000000000e+00
1.560999999999999888e-03,0.000000000000000000e+00
1.562000000000000020e-03,0.000000000000000000e+00
1.562999999999999719e-03,0.000000000000000000e+00
1.563999999999999852e-03,0.000000000000000000e+00
1.564999999999999985e-03,0.000000000000000000e+00
1.565999999999999684e-03,0.000000000000000000e+00
1.566999999999999817e-03,0.000000000000000000e+00
1.567999999999999949e-03,0.000000000000000000e+00
1.568999999999999648e-03,0.000000000000000000e+00
1.569999999999999781e-03,0.000000000000000000e+00
1.570999999999999914e-03,0.000000000000000000e+00
1.571999999999999613e-03,0.000000000000000000e+00
1.572999999999999746e-03,0.000000000000000000e+00
1.573999999999999878e-03,0.000000000000000000e+00
1.575000000000000011e-03,0.000000000000000000e+00
1.575999999999999710e-03,0.000000000000000000e+00
1.576999999999999843e-03,0.000000000000000000e+00
1.577999999999999976e-03,0.000000000000000000e+00
1.578999999999999675e-03,0.000000000000000000e+00
1.579999999999999807e-03,0.000000000000000000e+00
1.580999999999999940e-03,0.000000000000000000e+00
1.581999999999999639e-03,0.000000000000000000e+00
1.582999999999999772e-03,0.000000000000000000e+00
1.583999999999999905e-03,0.000000000000000000e+00
1.585000000000000037e-03,0.000000000000000000e+00
1.585999999999999736e-03,0.000000000000000000e+00
1.586999999999999869e-03,0.000000000000000000e+00
1.588000000000000002e-03,0.000000000000000000e+00
1.588999999999999701e-03,0.000000000000000000e+00
1.589999999999999834e-03,0.000000000000000000e+00
1.590999999999999966e-03,0.000000000000000000e+00
1.591999999999999665e-03,0.000000000000000000e+00
1.592999999999999798e-03,0.000000000000000000e+00
1.593999999999999931e-03,0.000000000000000000e+00
1.594999999999999630e-03,0.000000000000000000e+00
1.595999999999999763e-03,0.000000000000000000e+00
1.596999999999999895e-03,0.000000000000000000e+00
1.598000000000000028e-03,0.000000000000000000e+00
1.598999999999999727e-03,0.000000000000000000e+00
1.599999999999999860e-03,0.000000000000000000e+00
1.600999999999999993e-03,0.000000000000000000e+00
1.601999999999999692e-03,0.000000000000000000e+00
1.602999999999999824e-03,0.000000000000000000e+00
1.603999999999999957e-03,0.000000000000000000e+00
1.604999999999999656e-03,0.000000000000000000e+00
1.605999999999999789e-03,0.000000000000000000e+00
1.606999999999999922e-03,0.000000000000000000e+00
1.607999999999999621e-03,0.000000000000000000e+00
1.608999999999999753e-03,0.000000000000000000e+00
1.609999999999999886e-03,0.000000000000000000e+00
1.611000000000000019e-03,0.000000000000000000e+00
1.611999999999999718e-03,0.000000000000000000e+00
1.612999999999999851e-03,0.000000000000000000e+00
1.613999999999999983e-03,0.000000000000000000e+00
1.614999999999999682e-03,0.000000000000000000e+00
1.615999999999999815e-03,0.000000000000000000e+00
1.616999999999999948e-03,0.000000000000000000e+00
1.617999999999999647e-03,0.000000000000000000e+00
1.618999999999999780e-03,0.000000000000000000e+00
1.619999999999999912e-03,0.000000000000000000e+00
1.620999999999999611e-03,0.000000000000000000e+00
1.621999999999999744e-03,-8.000000000000000167e-03
1.622999999999999877e-03,0.000000000000000000e+00
1.624000000000000010e-03,0.000000000000000000e+00
1.624999999999999709e-03,0.000000000000000000e+00
1.625999999999999841e-03,0.000000000000000000e+00
1.626999999999999974e-03,0.000000000000000000e+00
1.627999999999999673e-03,0.000000000000000000e+00
1.628999999999999806e-03,0.000000000000000000e+00
1.629999999999999939e-03,0.000000000000000000e+00
1.630999999999999638e-03,0.000000000000000000e+00
1.631999999999999770e-03,0.000000000000000000e+00
1.632999999999999903e-03,0.000000000000000000e+00
1.634000000000000036e-03,0.000000000000000000e+00
1.634999999999999735e-03,0.000000000000000000e+00
1.635999999999999868e-03,0.000000000000000000e+00
1.637000000000000000e-03,0.000000000000000000e+00
1.637999999999999699e-03,0.000000000000000000e+00
1.638999999999999832e-03,0.000000000000000000e+00
1.639999999999999965e-03,0.000000000000000000e+00
1.640999999999999664e-03,0.000000000000000000e+00
1.641999999999999797e-03,0.000000000000000000e+00
1.642999999999999929e-03,0.000000000000000000e+00
1.643999999999999628e-03,0.000000000000000000e+00
1.644999999999999761e-03,0.000000000000000000e+00
1.645999999999999894e-03,0.000000000000000000e+00
1.647000000000000026e-03,0.000000000000000000e+00
1.647999999999999726e-03,0.000000000000000000e+00
1.648999999999999858e-03,0.000000000000000000e+00
