time_s,voltage_V
-1.239000000000000030e-04,0.000000000000000000e+00
-1.238000000000000005e-04,0.000000000000000000e+00
-1.236999999999999981e-04,0.000000000000000000e+00
-1.235999999999999957e-04,-2.000000000000000042e-02
-1.234999999999999932e-04,0.000000000000000000e+00
-1.233999999999999908e-04,2.000000000000000042e-02
-1.233000000000000155e-04,2.000000000000000042e-02
-1.232000000000000131e-04,2.000000000000000042e-02
-1.231000000000000106e-04,-4.000000000000000083e-02
-1.230000000000000082e-04,-2.000000000000000042e-02
-1.229000000000000058e-04,-2.000000000000000042e-02
-1.228000000000000033e-04,-2.000000000000000042e-02
-1.227000000000000009e-04,-2.000000000000000042e-02
-1.225999999999999985e-04,-2.000000000000000042e-02
-1.224999999999999960e-04,2.000000000000000042e-02
-1.223999999999999936e-04,-2.000000000000000042e-02
-1.222999999999999912e-04,0.000000000000000000e+00
-1.222000000000000159e-04,0.000000000000000000e+00
-1.221000000000000134e-04,-2.000000000000000042e-02
-1.219999999999999974e-04,0.000000000000000000e+00
-1.219000000000000086e-04,0.000000000000000000e+00
-1.218000000000000061e-04,0.000000000000000000e+00
-1.217000000000000037e-04,0.000000000000000000e+00
-1.216000000000000013e-04,0.000000000000000000e+00
-1.214999999999999988e-04,-4.000000000000000083e-02
-1.213999999999999964e-04,0.000000000000000000e+00
-1.213000000000000075e-04,0.000000000000000000e+00
-1.212000000000000051e-04,2.000000000000000042e-02
-1.211000000000000027e-04,0.000000000000000000e+00
-1.210000000000000002e-04,0.000000000000000000e+00
-1.208999999999999978e-04,2.000000000000000042e-02
-1.208000000000000089e-04,-2.000000000000000042e-02
-1.207000000000000065e-04,-2.000000000000000042e-02
-1.206000000000000041e-04,-2.000000000000000042e-02
-1.205000000000000016e-04,-2.000000000000000042e-02
-1.203999999999999992e-04,0.000000000000000000e+00
-1.202999999999999968e-04,0.000000000000000000e+00
-1.202000000000000079e-04,0.000000000000000000e+00
-1.201000000000000055e-04,0.000000000000000000e+00
-1.200000000000000030e-04,2.000000000000000042e-02
-1.199000000000000006e-04,0.000000000000000000e+00
-1.197999999999999982e-04,-4.000000000000000083e-02
-1.197000000000000093e-04,-4.000000000000000083e-02
-1.196000000000000069e-04,-2.000000000000000042e-02
-1.195000000000000044e-04,2.000000000000000042e-02
-1.194000000000000020e-04,-2.000000000000000042e-02
-1.192999999999999996e-04,0.000000000000000000e+00
-1.191999999999999971e-04,0.000000000000000000e+00
-1.191000000000000083e-04,0.000000000000000000e+00
-1.190000000000000058e-04,0.000000000000000000e+00
-1.189000000000000034e-04,0.000000000000000000e+00
-1.188000000000000010e-04,-2.000000000000000042e-02
-1.186999999999999985e-04,0.000000000000000000e+00
-1.186000000000000097e-04,0.000000000000000000e+00
-1.185000000000000072e-04,0.000000000000000000e+00
-1.184000000000000048e-04,2.000000000000000042e-02
-1.183000000000000024e-04,0.000000000000000000e+00
-1.181999999999999999e-04,0.000000000000000000e+00
-1.180999999999999975e-04,2.000000000000000042e-02
-1.180000000000000086e-04,0.000000000000000000e+00
-1.179000000000000062e-04,-2.000000000000000042e-02
-1.178000000000000038e-04,-2.000000000000000042e-02
-1.177000000000000013e-04,0.000000000000000000e+00
-1.175999999999999989e-04,0.000000000000000000e+00
-1.175000000000000100e-04,2.000000000000000042e-02
-1.174000000000000076e-04,2.000000000000000042e-02
-1.173000000000000052e-04,0.000000000000000000e+00
-1.172000000000000027e-04,0.000000000000000000e+00
-1.171000000000000003e-04,0.000000000000000000e+00
-1.169999999999999979e-04,2.000000000000000042e-02
-1.169000000000000090e-04,2.000000000000000042e-02
-1.168000000000000066e-04,0.000000000000000000e+00
-1.167000000000000041e-04,2.000000000000000042e-02
-1.166000000000000017e-04,0.000000000000000000e+00
-1.164999999999999993e-04,0.000000000000000000e+00
-1.164000000000000104e-04,-2.000000000000000042e-02
-1.163000000000000080e-04,-2.000000000000000042e-02
-1.162000000000000055e-04,0.000000000000000000e+00
-1.161000000000000031e-04,2.000000000000000042e-02
-1.160000000000000007e-04,0.000000000000000000e+00
-1.158999999999999982e-04,0.000000000000000000e+00
-1.157999999999999958e-04,0.000000000000000000e+00
-1.157000000000000069e-04,0.000000000000000000e+00
-1.156000000000000045e-04,0.000000000000000000e+00
-1.155000000000000021e-04,0.000000000000000000e+00
-1.153999999999999996e-04,0.000000000000000000e+00
-1.153000000000000108e-04,2.000000000000000042e-02
-1.152000000000000083e-04,0.000000000000000000e+00
-1.151000000000000059e-04,0.000000000000000000e+00
-1.150000000000000035e-04,0.000000000000000000e+00
-1.149000000000000010e-04,2.000000000000000042e-02
-1.147999999999999986e-04,0.000000000000000000e+00
-1.146999999999999962e-04,0.000000000000000000e+00
-1.146000000000000073e-04,0.000000000000000000e+00
-1.145000000000000049e-04,0.000000000000000000e+00
-1.144000000000000024e-04,2.000000000000000042e-02
-1.143000000000000000e-04,0.000000000000000000e+00
-1.141999999999999976e-04,2.000000000000000042e-02
-1.141000000000000087e-04,0.000000000000000000e+00
-1.140000000000000063e-04,0.000000000000000000e+00
-1.139000000000000038e-04,0.000000000000000000e+00
-1.138000000000000014e-04,0.000000000000000000e+00
-1.136999999999999990e-04,2.000000000000000042e-02
-1.135999999999999966e-04,0.000000000000000000e+00
-1.135000000000000077e-04,-2.000000000000000042e-02
-1.134000000000000052e-04,0.000000000000000000e+00
-1.133000000000000028e-04,-2.000000000000000042e-02
-1.132000000000000004e-04,0.000000000000000000e+00
-1.130999999999999980e-04,-2.000000000000000042e-02
-1.130000000000000091e-04,-2.000000000000000042e-02
-1.129000000000000066e-04,0.000000000000000000e+00
-1.128000000000000042e-04,0.000000000000000000e+00
-1.127000000000000018e-04,-4.000000000000000083e-02
-1.125999999999999994e-04,0.000000000000000000e+00
-1.124999999999999969e-04,-2.000000000000000042e-02
-1.124000000000000080e-04,2.000000000000000042e-02
-1.123000000000000056e-04,-2.000000000000000042e-02
-1.122000000000000032e-04,-2.000000000000000042e-02
-1.121000000000000008e-04,0.000000000000000000e+00
-1.119999999999999983e-04,0.000000000000000000e+00
-1.119000000000000094e-04,0.000000000000000000e+00
-1.118000000000000070e-04,2.000000000000000042e-02
-1.117000000000000046e-04,0.000000000000000000e+00
-1.116000000000000021e-04,2.000000000000000042e-02
-1.114999999999999997e-04,2.000000000000000042e-02
-1.113999999999999973e-04,4.000000000000000083e-02
-1.113000000000000084e-04,2.000000000000000042e-02
-1.112000000000000060e-04,0.000000000000000000e+00
-1.111000000000000035e-04,-2.000000000000000042e-02
-1.110000000000000011e-04,0.000000000000000000e+00
-1.108999999999999987e-04,-2.000000000000000042e-02
-1.108000000000000098e-04,0.000000000000000000e+00
-1.107000000000000074e-04,-2.000000000000000042e-02
-1.106000000000000049e-04,0.000000000000000000e+00
-1.105000000000000025e-04,0.000000000000000000e+00
-1.104000000000000001e-04,0.000000000000000000e+00
-1.102999999999999977e-04,-2.000000000000000042e-02
-1.102000000000000088e-04,0.000000000000000000e+00
-1.101000000000000063e-04,0.000000000000000000e+00
-1.100000000000000039e-04,-2.000000000000000042e-02
-1.099000000000000015e-04,0.000000000000000000e+00
-1.097999999999999991e-04,0.000000000000000000e+00
-1.097000000000000102e-04,2.000000000000000042e-02
-1.096000000000000077e-04,0.000000000000000000e+00
-1.095000000000000053e-04,-2.000000000000000042e-02
-1.094000000000000029e-04,0.000000000000000000e+00
-1.093000000000000005e-04,0.000000000000000000e+00
-1.091999999999999980e-04,0.000000000000000000e+00
-1.091000000000000091e-04,0.000000000000000000e+00
-1.090000000000000067e-04,0.000000000000000000e+00
-1.089000000000000043e-04,-4.000000000000000083e-02
-1.088000000000000019e-04,2.000000000000000042e-02
-1.086999999999999994e-04,0.000000000000000000e+00
-1.086000000000000105e-04,0.000000000000000000e+00
-1.085000000000000081e-04,0.000000000000000000e+00
-1.084000000000000057e-04,0.000000000000000000e+00
-1.083000000000000033e-04,-2.000000000000000042e-02
-1.082000000000000008e-04,2.000000000000000042e-02
-1.080999999999999984e-04,0.000000000000000000e+00
-1.079999999999999960e-04,-2.000000000000000042e-02
-1.079000000000000071e-04,0.000000000000000000e+00
-1.078000000000000047e-04,-2.000000000000000042e-02
-1.077000000000000022e-04,0.000000000000000000e+00
-1.075999999999999998e-04,2.000000000000000042e-02
-1.075000000000000109e-04,0.000000000000000000e+00
-1.074000000000000085e-04,0.000000000000000000e+00
-1.073000000000000061e-04,0.000000000000000000e+00
-1.072000000000000036e-04,0.000000000000000000e+00
-1.071000000000000012e-04,0.000000000000000000e+00
-1.069999999999999988e-04,-2.000000000000000042e-02
-1.068999999999999963e-04,0.000000000000000000e+00
-1.068000000000000074e-04,0.000000000000000000e+00
-1.067000000000000050e-04,0.000000000000000000e+00
-1.066000000000000026e-04,0.000000000000000000e+00
-1.065000000000000002e-04,-2.000000000000000042e-02
-1.064000000000000113e-04,2.000000000000000042e-02
-1.063000000000000088e-04,-2.000000000000000042e-02
-1.062000000000000064e-04,2.000000000000000042e-02
-1.061000000000000040e-04,0.000000000000000000e+00
-1.060000000000000016e-04,0.000000000000000000e+00
-1.058999999999999991e-04,2.000000000000000042e-02
-1.057999999999999967e-04,0.000000000000000000e+00
-1.057000000000000078e-04,-2.000000000000000042e-02
-1.056000000000000054e-04,0.000000000000000000e+00
-1.055000000000000030e-04,0.000000000000000000e+00
-1.054000000000000005e-04,0.000000000000000000e+00
-1.053000000000000116e-04,0.000000000000000000e+00
-1.052000000000000092e-04,-2.000000000000000042e-02
-1.051000000000000068e-04,0.000000000000000000e+00
-1.050000000000000044e-04,0.000000000000000000e+00
-1.049000000000000019e-04,-2.000000000000000042e-02
-1.047999999999999995e-04,0.000000000000000000e+00
-1.046999999999999971e-04,2.000000000000000042e-02
-1.046000000000000082e-04,2.000000000000000042e-02
-1.045000000000000058e-04,0.000000000000000000e+00
-1.044000000000000033e-04,0.000000000000000000e+00
-1.043000000000000009e-04,0.000000000000000000e+00
-1.042000000000000120e-04,0.000000000000000000e+00
-1.041000000000000096e-04,0.000000000000000000e+00
-1.040000000000000072e-04,2.000000000000000042e-02
-1.039000000000000047e-04,0.000000000000000000e+00
-1.038000000000000023e-04,2.000000000000000042e-02
-1.036999999999999999e-04,-2.000000000000000042e-02
-1.035999999999999974e-04,0.000000000000000000e+00
-1.035000000000000086e-04,2.000000000000000042e-02
-1.034000000000000061e-04,0.000000000000000000e+00
-1.033000000000000037e-04,-2.000000000000000042e-02
-1.032000000000000013e-04,0.000000000000000000e+00
-1.031000000000000124e-04,0.000000000000000000e+00
-1.030000000000000100e-04,0.000000000000000000e+00
-1.029000000000000075e-04,-2.000000000000000042e-02
-1.028000000000000051e-04,-2.000000000000000042e-02
-1.027000000000000027e-04,0.000000000000000000e+00
-1.026000000000000002e-04,-4.000000000000000083e-02
-1.024999999999999978e-04,0.000000000000000000e+00
-1.024000000000000089e-04,0.000000000000000000e+00
-1.023000000000000065e-04,0.000000000000000000e+00
-1.022000000000000041e-04,0.000000000000000000e+00
-1.021000000000000016e-04,-2.000000000000000042e-02
-1.019999999999999992e-04,0.000000000000000000e+00
-1.019000000000000103e-04,0.000000000000000000e+00
-1.018000000000000079e-04,-2.000000000000000042e-02
-1.017000000000000055e-04,0.000000000000000000e+00
-1.016000000000000030e-04,-4.000000000000000083e-02
-1.015000000000000006e-04,0.000000000000000000e+00
-1.013999999999999982e-04,0.000000000000000000e+00
-1.012999999999999957e-04,0.000000000000000000e+00
-1.012000000000000069e-04,0.000000000000000000e+00
-1.011000000000000044e-04,2.000000000000000042e-02
-1.010000000000000020e-04,0.000000000000000000e+00
-1.008999999999999996e-04,0.000000000000000000e+00
-1.008000000000000107e-04,-2.000000000000000042e-02
-1.007000000000000083e-04,0.000000000000000000e+00
-1.006000000000000058e-04,0.000000000000000000e+00
-1.005000000000000034e-04,-2.000000000000000042e-02
-1.004000000000000010e-04,0.000000000000000000e+00
-1.002999999999999985e-04,0.000000000000000000e+00
-1.001999999999999961e-04,4.000000000000000083e-02
-1.001000000000000072e-04,0.000000000000000000e+00
-1.000000000000000048e-04,0.000000000000000000e+00
-9.990000000000000236e-05,0.000000000000000000e+00
-9.979999999999999993e-05,0.000000000000000000e+00
-9.970000000000001105e-05,4.000000000000000083e-02
-9.960000000000000862e-05,0.000000000000000000e+00
-9.950000000000000619e-05,0.000000000000000000e+00
-9.940000000000000376e-05,0.000000000000000000e+00
-9.930000000000000133e-05,0.000000000000000000e+00
-9.919999999999999890e-05,2.000000000000000042e-02
-9.909999999999999647e-05,-2.000000000000000042e-02
-9.900000000000000759e-05,-2.000000000000000042e-02
-9.890000000000000516e-05,-2.000000000000000042e-02
-9.880000000000000273e-05,2.000000000000000042e-02
-9.870000000000000030e-05,-2.000000000000000042e-02
-9.860000000000001142e-05,0.000000000000000000e+00
-9.850000000000000899e-05,0.000000000000000000e+00
-9.840000000000000656e-05,0.000000000000000000e+00
-9.830000000000000413e-05,0.000000000000000000e+00
-9.820000000000000170e-05,0.000000000000000000e+00
-9.809999999999999927e-05,-2.000000000000000042e-02
-9.799999999999999684e-05,-2.000000000000000042e-02
-9.790000000000000796e-05,0.000000000000000000e+00
-9.780000000000000553e-05,-2.000000000000000042e-02
-9.770000000000000310e-05,0.000000000000000000e+00
-9.760000000000000067e-05,2.000000000000000042e-02
-9.750000000000001179e-05,0.000000000000000000e+00
-9.740000000000000936e-05,0.000000000000000000e+00
-9.730000000000000693e-05,-2.000000000000000042e-02
-9.720000000000000450e-05,-2.000000000000000042e-02
-9.710000000000000206e-05,0.000000000000000000e+00
-9.699999999999999963e-05,2.000000000000000042e-02
-9.689999999999999720e-05,0.000000000000000000e+00
-9.680000000000000833e-05,0.000000000000000000e+00
-9.670000000000000589e-05,0.000000000000000000e+00
-9.660000000000000346e-05,0.000000000000000000e+00
-9.650000000000000103e-05,-2.000000000000000042e-02
-9.640000000000001215e-05,-2.000000000000000042e-02
-9.630000000000000972e-05,2.000000000000000042e-02
-9.620000000000000729e-05,0.000000000000000000e+00
-9.610000000000000486e-05,-2.000000000000000042e-02
-9.600000000000000243e-05,0.000000000000000000e+00
-9.590000000000000000e-05,0.000000000000000000e+00
-9.579999999999999757e-05,-4.000000000000000083e-02
-9.570000000000000869e-05,0.000000000000000000e+00
-9.560000000000000626e-05,0.000000000000000000e+00
-9.550000000000000383e-05,0.000000000000000000e+00
-9.540000000000000140e-05,-2.000000000000000042e-02
-9.530000000000001252e-05,0.000000000000000000e+00
-9.520000000000001009e-05,2.000000000000000042e-02
-9.510000000000000766e-05,0.000000000000000000e+00
-9.500000000000000523e-05,-2.000000000000000042e-02
-9.490000000000000280e-05,0.000000000000000000e+00
-9.480000000000000037e-05,0.000000000000000000e+00
-9.469999999999999794e-05,0.000000000000000000e+00
-9.460000000000000906e-05,2.000000000000000042e-02
-9.450000000000000663e-05,0.000000000000000000e+00
-9.440000000000000420e-05,-2.000000000000000042e-02
-9.430000000000000177e-05,0.000000000000000000e+00
-9.419999999999999934e-05,0.000000000000000000e+00
-9.410000000000001046e-05,2.000000000000000042e-02
-9.400000000000000803e-05,-2.000000000000000042e-02
-9.390000000000000560e-05,0.000000000000000000e+00
-9.380000000000000317e-05,0.000000000000000000e+00
-9.370000000000000074e-05,2.000000000000000042e-02
-9.359999999999999831e-05,2.000000000000000042e-02
-9.349999999999999587e-05,-2.000000000000000042e-02
-9.340000000000000700e-05,0.000000000000000000e+00
-9.330000000000000457e-05,-2.000000000000000042e-02
-9.320000000000000214e-05,0.000000000000000000e+00
-9.310000000000001326e-05,-2.000000000000000042e-02
-9.300000000000001083e-05,0.000000000000000000e+00
-9.290000000000000840e-05,-2.000000000000000042e-02
-9.280000000000000597e-05,0.000000000000000000e+00
-9.270000000000000353e-05,-2.000000000000000042e-02
-9.260000000000000110e-05,0.000000000000000000e+00
-9.249999999999999867e-05,0.000000000000000000e+00
-9.239999999999999624e-05,-2.000000000000000042e-02
-9.230000000000000736e-05,0.000000000000000000e+00
-9.220000000000000493e-05,0.000000000000000000e+00
-9.210000000000000250e-05,2.000000000000000042e-02
-9.200000000000001362e-05,0.000000000000000000e+00
-9.190000000000001119e-05,0.000000000000000000e+00
-9.180000000000000876e-05,0.000000000000000000e+00
-9.170000000000000633e-05,0.000000000000000000e+00
-9.160000000000000390e-05,2.000000000000000042e-02
-9.150000000000000147e-05,2.000000000000000042e-02
-9.139999999999999904e-05,0.000000000000000000e+00
-9.129999999999999661e-05,0.000000000000000000e+00
-9.120000000000000773e-05,2.000000000000000042e-02
-9.110000000000000530e-05,0.000000000000000000e+00
-9.100000000000000287e-05,-2.000000000000000042e-02
-9.090000000000001399e-05,0.000000000000000000e+00
-9.080000000000001156e-05,0.000000000000000000e+00
-9.070000000000000913e-05,0.000000000000000000e+00
-9.060000000000000670e-05,2.000000000000000042e-02
-9.050000000000000427e-05,-2.000000000000000042e-02
-9.040000000000000184e-05,0.000000000000000000e+00
-9.029999999999999941e-05,2.000000000000000042e-02
-9.019999999999999698e-05,0.000000000000000000e+00
-9.009999999999999455e-05,0.000000000000000000e+00
-9.000000000000000567e-05,0.000000000000000000e+00
-8.990000000000000324e-05,0.000000000000000000e+00
-8.980000000000001436e-05,4.000000000000000083e-02
-8.970000000000001193e-05,-2.000000000000000042e-02
-8.960000000000000950e-05,-2.000000000000000042e-02
-8.950000000000000707e-05,-2.000000000000000042e-02
-8.940000000000000464e-05,0.000000000000000000e+00
-8.930000000000000221e-05,-2.000000000000000042e-02
-8.919999999999999978e-05,0.000000000000000000e+00
-8.909999999999999734e-05,-2.000000000000000042e-02
-8.899999999999999491e-05,0.000000000000000000e+00
-8.890000000000000604e-05,0.000000000000000000e+00
-8.880000000000000360e-05,0.000000000000000000e+00
-8.870000000000000117e-05,2.000000000000000042e-02
-8.860000000000001230e-05,0.000000000000000000e+00
-8.850000000000000987e-05,-2.000000000000000042e-02
-8.840000000000000743e-05,0.000000000000000000e+00
-8.830000000000000500e-05,-2.000000000000000042e-02
-8.820000000000000257e-05,-2.000000000000000042e-02
-8.810000000000000014e-05,0.000000000000000000e+00
-8.799999999999999771e-05,0.000000000000000000e+00
-8.789999999999999528e-05,0.000000000000000000e+00
-8.780000000000000640e-05,2.000000000000000042e-02
-8.770000000000000397e-05,0.000000000000000000e+00
-8.760000000000000154e-05,0.000000000000000000e+00
-8.750000000000001266e-05,0.000000000000000000e+00
-8.740000000000001023e-05,0.000000000000000000e+00
-8.730000000000000780e-05,0.000000000000000000e+00
-8.720000000000000537e-05,0.000000000000000000e+00
-8.710000000000000294e-05,0.000000000000000000e+00
-8.700000000000000051e-05,0.000000000000000000e+00
-8.689999999999999808e-05,-2.000000000000000042e-02
-8.679999999999999565e-05,0.000000000000000000e+00
-8.670000000000000677e-05,-2.000000000000000042e-02
-8.660000000000000434e-05,-2.000000000000000042e-02
-8.650000000000000191e-05,0.000000000000000000e+00
-8.640000000000001303e-05,-2.000000000000000042e-02
-8.630000000000001060e-05,0.000000000000000000e+00
-8.620000000000000817e-05,-2.000000000000000042e-02
-8.610000000000000574e-05,-2.000000000000000042e-02
-8.600000000000000331e-05,0.000000000000000000e+00
-8.590000000000000088e-05,0.000000000000000000e+00
-8.579999999999999845e-05,0.000000000000000000e+00
-8.569999999999999602e-05,0.000000000000000000e+00
-8.560000000000000714e-05,0.000000000000000000e+00
-8.550000000000000471e-05,0.000000000000000000e+00
-8.540000000000000228e-05,0.000000000000000000e+00
-8.530000000000001340e-05,2.000000000000000042e-02
-8.520000000000001097e-05,-2.000000000000000042e-02
-8.510000000000000854e-05,-2.000000000000000042e-02
-8.500000000000000611e-05,0.000000000000000000e+00
-8.490000000000000368e-05,-2.000000000000000042e-02
-8.480000000000000124e-05,0.000000000000000000e+00
-8.469999999999999881e-05,0.000000000000000000e+00
-8.459999999999999638e-05,-2.000000000000000042e-02
-8.450000000000000751e-05,0.000000000000000000e+00
-8.440000000000000507e-05,0.000000000000000000e+00
-8.430000000000000264e-05,-2.000000000000000042e-02
-8.420000000000001377e-05,0.000000000000000000e+00
-8.410000000000001134e-05,-2.000000000000000042e-02
-8.400000000000000890e-05,2.000000000000000042e-02
-8.390000000000000647e-05,2.000000000000000042e-02
-8.380000000000000404e-05,0.000000000000000000e+00
-8.370000000000000161e-05,2.000000000000000042e-02
-8.359999999999999918e-05,-2.000000000000000042e-02
-8.349999999999999675e-05,-2.000000000000000042e-02
-8.340000000000000787e-05,-2.000000000000000042e-02
-8.330000000000000544e-05,-2.000000000000000042e-02
-8.320000000000000301e-05,0.000000000000000000e+00
-8.310000000000001413e-05,-4.000000000000000083e-02
-8.300000000000001170e-05,-2.000000000000000042e-02
-8.290000000000000927e-05,0.000000000000000000e+00
-8.280000000000000684e-05,0.000000000000000000e+00
-8.270000000000000441e-05,2.000000000000000042e-02
-8.260000000000000198e-05,0.000000000000000000e+00
-8.249999999999999955e-05,0.000000000000000000e+00
-8.239999999999999712e-05,0.000000000000000000e+00
-8.230000000000000824e-05,2.000000000000000042e-02
-8.220000000000000581e-05,0.000000000000000000e+00
-8.210000000000000338e-05,2.000000000000000042e-02
-8.200000000000001450e-05,2.000000000000000042e-02
-8.190000000000001207e-05,-2.000000000000000042e-02
-8.180000000000000964e-05,0.000000000000000000e+00
-8.170000000000000721e-05,-2.000000000000000042e-02
-8.160000000000000478e-05,2.000000000000000042e-02
-8.150000000000000235e-05,0.000000000000000000e+00
-8.139999999999999992e-05,0.000000000000000000e+00
-8.129999999999999749e-05,0.000000000000000000e+00
-8.119999999999999505e-05,2.000000000000000042e-02
-8.110000000000000618e-05,0.000000000000000000e+00
-8.100000000000000375e-05,-2.000000000000000042e-02
-8.090000000000001487e-05,0.000000000000000000e+00
-8.080000000000001244e-05,0.000000000000000000e+00
-8.070000000000001001e-05,0.000000000000000000e+00
-8.060000000000000758e-05,0.000000000000000000e+00
-8.050000000000000515e-05,0.000000000000000000e+00
-8.040000000000000271e-05,2.000000000000000042e-02
-8.030000000000000028e-05,-2.000000000000000042e-02
-8.019999999999999785e-05,2.000000000000000042e-02
-8.009999999999999542e-05,-2.000000000000000042e-02
-8.000000000000000654e-05,0.000000000000000000e+00
-7.990000000000000411e-05,2.000000000000000042e-02
-7.980000000000000168e-05,-2.000000000000000042e-02
-7.970000000000001280e-05,0.000000000000000000e+00
-7.960000000000001037e-05,0.000000000000000000e+00
-7.950000000000000794e-05,0.000000000000000000e+00
-7.940000000000000551e-05,-2.000000000000000042e-02
-7.930000000000000308e-05,0.000000000000000000e+00
-7.920000000000000065e-05,-2.000000000000000042e-02
-7.909999999999999822e-05,-2.000000000000000042e-02
-7.899999999999999579e-05,-2.000000000000000042e-02
-7.890000000000000691e-05,0.000000000000000000e+00
-7.880000000000000448e-05,0.000000000000000000e+00
-7.870000000000000205e-05,0.000000000000000000e+00
-7.860000000000001317e-05,-2.000000000000000042e-02
-7.850000000000001074e-05,2.000000000000000042e-02
-7.840000000000000831e-05,0.000000000000000000e+00
-7.830000000000000588e-05,0.000000000000000000e+00
-7.820000000000000345e-05,0.000000000000000000e+00
-7.810000000000000102e-05,0.000000000000000000e+00
-7.799999999999999859e-05,-2.000000000000000042e-02
-7.789999999999999616e-05,2.000000000000000042e-02
-7.780000000000000728e-05,0.000000000000000000e+00
-7.770000000000000485e-05,-2.000000000000000042e-02
-7.760000000000000242e-05,-2.000000000000000042e-02
-7.750000000000001354e-05,0.000000000000000000e+00
-7.740000000000001111e-05,-2.000000000000000042e-02
-7.730000000000000868e-05,0.000000000000000000e+00
-7.720000000000000625e-05,-4.000000000000000083e-02
-7.710000000000000382e-05,0.000000000000000000e+00
-7.700000000000000139e-05,0.000000000000000000e+00
-7.689999999999999896e-05,-2.000000000000000042e-02
-7.679999999999999652e-05,-2.000000000000000042e-02
-7.670000000000000765e-05,-4.000000000000000083e-02
-7.660000000000000522e-05,0.000000000000000000e+00
-7.650000000000000279e-05,0.000000000000000000e+00
-7.640000000000001391e-05,-2.000000000000000042e-02
-7.630000000000001148e-05,2.000000000000000042e-02
-7.620000000000000905e-05,-2.000000000000000042e-02
-7.610000000000000661e-05,0.000000000000000000e+00
-7.600000000000000418e-05,0.000000000000000000e+00
-7.590000000000000175e-05,-2.000000000000000042e-02
-7.579999999999999932e-05,0.000000000000000000e+00
-7.569999999999999689e-05,2.000000000000000042e-02
-7.560000000000000801e-05,-2.000000000000000042e-02
-7.550000000000000558e-05,0.000000000000000000e+00
-7.540000000000000315e-05,0.000000000000000000e+00
-7.530000000000001427e-05,-2.000000000000000042e-02
-7.520000000000001184e-05,-2.000000000000000042e-02
-7.510000000000000941e-05,0.000000000000000000e+00
-7.500000000000000698e-05,2.000000000000000042e-02
-7.490000000000000455e-05,2.000000000000000042e-02
-7.480000000000000212e-05,0.000000000000000000e+00
-7.469999999999999969e-05,-2.000000000000000042e-02
-7.459999999999999726e-05,0.000000000000000000e+00
-7.450000000000000838e-05,0.000000000000000000e+00
-7.440000000000000595e-05,0.000000000000000000e+00
-7.430000000000000352e-05,2.000000000000000042e-02
-7.420000000000001464e-05,0.000000000000000000e+00
-7.410000000000001221e-05,4.000000000000000083e-02
-7.400000000000000978e-05,0.000000000000000000e+00
-7.390000000000000735e-05,2.000000000000000042e-02
-7.380000000000000492e-05,2.000000000000000042e-02
-7.370000000000000249e-05,0.000000000000000000e+00
-7.360000000000000006e-05,0.000000000000000000e+00
-7.349999999999999763e-05,0.000000000000000000e+00
-7.339999999999999520e-05,2.000000000000000042e-02
-7.330000000000000632e-05,0.000000000000000000e+00
-7.320000000000000389e-05,0.000000000000000000e+00
-7.310000000000001501e-05,-2.000000000000000042e-02
-7.300000000000001258e-05,2.000000000000000042e-02
-7.290000000000001015e-05,0.000000000000000000e+00
-7.280000000000000772e-05,0.000000000000000000e+00
-7.270000000000000529e-05,-2.000000000000000042e-02
-7.260000000000000286e-05,0.000000000000000000e+00
-7.250000000000000043e-05,0.000000000000000000e+00
-7.239999999999999799e-05,0.000000000000000000e+00
-7.229999999999999556e-05,2.000000000000000042e-02
-7.220000000000000669e-05,2.000000000000000042e-02
-7.210000000000000425e-05,2.000000000000000042e-02
-7.200000000000001538e-05,0.000000000000000000e+00
-7.190000000000001295e-05,2.000000000000000042e-02
-7.180000000000001052e-05,2.000000000000000042e-02
-7.170000000000000808e-05,2.000000000000000042e-02
-7.160000000000000565e-05,0.000000000000000000e+00
-7.150000000000000322e-05,0.000000000000000000e+00
-7.140000000000000079e-05,0.000000000000000000e+00
-7.129999999999999836e-05,0.000000000000000000e+00
-7.119999999999999593e-05,0.000000000000000000e+00
-7.110000000000000705e-05,0.000000000000000000e+00
-7.100000000000000462e-05,2.000000000000000042e-02
-7.090000000000000219e-05,-2.000000000000000042e-02
-7.080000000000001331e-05,2.000000000000000042e-02
-7.070000000000001088e-05,-2.000000000000000042e-02
-7.060000000000000845e-05,0.000000000000000000e+00
-7.050000000000000602e-05,0.000000000000000000e+00
-7.040000000000000359e-05,-2.000000000000000042e-02
-7.030000000000000116e-05,0.000000000000000000e+00
-7.019999999999999873e-05,-2.000000000000000042e-02
-7.009999999999999630e-05,0.000000000000000000e+00
-7.000000000000000742e-05,2.000000000000000042e-02
-6.990000000000000499e-05,-2.000000000000000042e-02
-6.980000000000000256e-05,0.000000000000000000e+00
-6.970000000000001368e-05,2.000000000000000042e-02
-6.960000000000001125e-05,0.000000000000000000e+00
-6.950000000000000882e-05,0.000000000000000000e+00
-6.940000000000000639e-05,0.000000000000000000e+00
-6.930000000000000396e-05,-2.000000000000000042e-02
-6.920000000000000153e-05,0.000000000000000000e+00
-6.909999999999999910e-05,-2.000000000000000042e-02
-6.899999999999999667e-05,-2.000000000000000042e-02
-6.890000000000000779e-05,4.000000000000000083e-02
-6.880000000000000536e-05,-2.000000000000000042e-02
-6.870000000000000293e-05,0.000000000000000000e+00
-6.860000000000001405e-05,2.000000000000000042e-02
-6.850000000000001162e-05,0.000000000000000000e+00
-6.840000000000000919e-05,-2.000000000000000042e-02
-6.830000000000000676e-05,0.000000000000000000e+00
-6.820000000000000433e-05,0.000000000000000000e+00
-6.810000000000000189e-05,0.000000000000000000e+00
-6.799999999999999946e-05,2.000000000000000042e-02
-6.789999999999999703e-05,0.000000000000000000e+00
-6.780000000000000816e-05,0.000000000000000000e+00
-6.770000000000000572e-05,2.000000000000000042e-02
-6.760000000000000329e-05,0.000000000000000000e+00
-6.750000000000001442e-05,4.000000000000000083e-02
-6.740000000000001198e-05,0.000000000000000000e+00
-6.730000000000000955e-05,0.000000000000000000e+00
-6.720000000000000712e-05,0.000000000000000000e+00
-6.710000000000000469e-05,2.000000000000000042e-02
-6.700000000000000226e-05,2.000000000000000042e-02
-6.689999999999999983e-05,-2.000000000000000042e-02
-6.679999999999999740e-05,0.000000000000000000e+00
-6.670000000000000852e-05,0.000000000000000000e+00
-6.660000000000000609e-05,2.000000000000000042e-02
-6.650000000000000366e-05,-2.000000000000000042e-02
-6.640000000000001478e-05,2.000000000000000042e-02
-6.630000000000001235e-05,0.000000000000000000e+00
-6.620000000000000992e-05,0.000000000000000000e+00
-6.610000000000000749e-05,0.000000000000000000e+00
-6.600000000000000506e-05,0.000000000000000000e+00
-6.590000000000000263e-05,0.000000000000000000e+00
-6.580000000000000020e-05,0.000000000000000000e+00
-6.569999999999999777e-05,0.000000000000000000e+00
-6.560000000000000889e-05,-2.000000000000000042e-02
-6.550000000000000646e-05,2.000000000000000042e-02
-6.540000000000000403e-05,0.000000000000000000e+00
-6.530000000000001515e-05,0.000000000000000000e+00
-6.520000000000001272e-05,0.000000000000000000e+00
-6.510000000000001029e-05,0.000000000000000000e+00
-6.500000000000000786e-05,0.000000000000000000e+00
-6.490000000000000543e-05,2.000000000000000042e-02
-6.480000000000000300e-05,0.000000000000000000e+00
-6.470000000000000057e-05,0.000000000000000000e+00
-6.459999999999999814e-05,2.000000000000000042e-02
-6.449999999999999570e-05,2.000000000000000042e-02
-6.440000000000000683e-05,0.000000000000000000e+00
-6.430000000000000440e-05,0.000000000000000000e+00
-6.420000000000001552e-05,0.000000000000000000e+00
-6.410000000000001309e-05,-2.000000000000000042e-02
-6.400000000000001066e-05,0.000000000000000000e+00
-6.390000000000000823e-05,2.000000000000000042e-02
-6.380000000000000580e-05,-2.000000000000000042e-02
-6.370000000000000336e-05,-2.000000000000000042e-02
-6.360000000000000093e-05,0.000000000000000000e+00
-6.349999999999999850e-05,-2.000000000000000042e-02
-6.339999999999999607e-05,0.000000000000000000e+00
-6.330000000000000719e-05,-2.000000000000000042e-02
-6.320000000000000476e-05,0.000000000000000000e+00
-6.310000000000000233e-05,2.000000000000000042e-02
-6.300000000000001345e-05,0.000000000000000000e+00
-6.290000000000001102e-05,2.000000000000000042e-02
-6.280000000000000859e-05,0.000000000000000000e+00
-6.270000000000000616e-05,2.000000000000000042e-02
-6.260000000000000373e-05,0.000000000000000000e+00
-6.250000000000000130e-05,2.000000000000000042e-02
-6.240000000000001242e-05,0.000000000000000000e+00
-6.230000000000000999e-05,2.000000000000000042e-02
-6.220000000000000756e-05,-2.000000000000000042e-02
-6.210000000000000513e-05,-2.000000000000000042e-02
-6.200000000000000270e-05,0.000000000000000000e+00
-6.190000000000000027e-05,0.000000000000000000e+00
-6.180000000000001139e-05,2.000000000000000042e-02
-6.170000000000000896e-05,2.000000000000000042e-02
-6.160000000000000653e-05,0.000000000000000000e+00
-6.150000000000000410e-05,0.000000000000000000e+00
-6.140000000000000167e-05,-2.000000000000000042e-02
-6.129999999999999924e-05,0.000000000000000000e+00
-6.120000000000001036e-05,-2.000000000000000042e-02
-6.110000000000000793e-05,0.000000000000000000e+00
-6.100000000000000550e-05,0.000000000000000000e+00
-6.090000000000000307e-05,2.000000000000000042e-02
-6.080000000000000064e-05,2.000000000000000042e-02
-6.070000000000001176e-05,-2.000000000000000042e-02
-6.060000000000000933e-05,2.000000000000000042e-02
-6.050000000000000690e-05,-2.000000000000000042e-02
-6.040000000000000447e-05,-2.000000000000000042e-02
-6.030000000000000204e-05,0.000000000000000000e+00
-6.019999999999999961e-05,0.000000000000000000e+00
-6.010000000000001073e-05,2.000000000000000042e-02
-6.000000000000000830e-05,-2.000000000000000042e-02
-5.990000000000000587e-05,0.000000000000000000e+00
-5.980000000000000343e-05,2.000000000000000042e-02
-5.970000000000000100e-05,0.000000000000000000e+00
-5.960000000000001213e-05,-2.000000000000000042e-02
-5.950000000000000970e-05,2.000000000000000042e-02
-5.940000000000000726e-05,-2.000000000000000042e-02
-5.930000000000000483e-05,0.000000000000000000e+00
-5.920000000000000240e-05,2.000000000000000042e-02
-5.909999999999999997e-05,0.000000000000000000e+00
-5.900000000000001109e-05,4.000000000000000083e-02
-5.890000000000000866e-05,0.000000000000000000e+00
-5.880000000000000623e-05,2.000000000000000042e-02
-5.870000000000000380e-05,0.000000000000000000e+00
-5.860000000000000137e-05,0.000000000000000000e+00
-5.850000000000001249e-05,0.000000000000000000e+00
-5.840000000000001006e-05,0.000000000000000000e+00
-5.830000000000000763e-05,-2.000000000000000042e-02
-5.820000000000000520e-05,0.000000000000000000e+00
-5.810000000000000277e-05,2.000000000000000042e-02
-5.800000000000000034e-05,0.000000000000000000e+00
-5.790000000000001146e-05,2.000000000000000042e-02
-5.780000000000000903e-05,2.000000000000000042e-02
-5.770000000000000660e-05,2.000000000000000042e-02
-5.760000000000000417e-05,0.000000000000000000e+00
-5.750000000000000174e-05,2.000000000000000042e-02
-5.739999999999999931e-05,0.000000000000000000e+00
-5.730000000000001043e-05,0.000000000000000000e+00
-5.720000000000000800e-05,2.000000000000000042e-02
-5.710000000000000557e-05,2.000000000000000042e-02
-5.700000000000000314e-05,0.000000000000000000e+00
-5.690000000000000071e-05,0.000000000000000000e+00
-5.680000000000001183e-05,0.000000000000000000e+00
-5.670000000000000940e-05,2.000000000000000042e-02
-5.660000000000000697e-05,-2.000000000000000042e-02
-5.650000000000000454e-05,0.000000000000000000e+00
-5.640000000000000211e-05,0.000000000000000000e+00
-5.629999999999999968e-05,0.000000000000000000e+00
-5.620000000000001080e-05,0.000000000000000000e+00
-5.610000000000000837e-05,2.000000000000000042e-02
-5.600000000000000594e-05,0.000000000000000000e+00
-5.590000000000000351e-05,0.000000000000000000e+00
-5.580000000000000107e-05,-2.000000000000000042e-02
-5.570000000000001220e-05,0.000000000000000000e+00
-5.560000000000000977e-05,4.000000000000000083e-02
-5.550000000000000734e-05,0.000000000000000000e+00
-5.540000000000000490e-05,0.000000000000000000e+00
-5.530000000000000247e-05,0.000000000000000000e+00
-5.520000000000000004e-05,2.000000000000000042e-02
-5.510000000000001117e-05,0.000000000000000000e+00
-5.500000000000000873e-05,-2.000000000000000042e-02
-5.490000000000000630e-05,0.000000000000000000e+00
-5.480000000000000387e-05,-2.000000000000000042e-02
-5.470000000000000144e-05,0.000000000000000000e+00
-5.460000000000001256e-05,0.000000000000000000e+00
-5.450000000000001013e-05,2.000000000000000042e-02
-5.440000000000000770e-05,2.000000000000000042e-02
-5.430000000000000527e-05,0.000000000000000000e+00
-5.420000000000000284e-05,0.000000000000000000e+00
-5.410000000000000041e-05,-2.000000000000000042e-02
-5.400000000000001153e-05,0.000000000000000000e+00
-5.390000000000000910e-05,0.000000000000000000e+00
-5.380000000000000667e-05,-2.000000000000000042e-02
-5.370000000000000424e-05,-2.000000000000000042e-02
-5.360000000000000181e-05,0.000000000000000000e+00
-5.349999999999999938e-05,0.000000000000000000e+00
-5.340000000000001050e-05,-2.000000000000000042e-02
-5.330000000000000807e-05,0.000000000000000000e+00
-5.320000000000000564e-05,2.000000000000000042e-02
-5.310000000000000321e-05,2.000000000000000042e-02
-5.300000000000000078e-05,0.000000000000000000e+00
-5.290000000000001190e-05,0.000000000000000000e+00
-5.280000000000000947e-05,-2.000000000000000042e-02
-5.270000000000000704e-05,0.000000000000000000e+00
-5.260000000000000461e-05,0.000000000000000000e+00
-5.250000000000000218e-05,0.000000000000000000e+00
-5.239999999999999975e-05,0.000000000000000000e+00
-5.230000000000001087e-05,0.000000000000000000e+00
-5.220000000000000844e-05,0.000000000000000000e+00
-5.210000000000000601e-05,2.000000000000000042e-02
-5.200000000000000358e-05,0.000000000000000000e+00
-5.190000000000000115e-05,0.000000000000000000e+00
-5.180000000000001227e-05,2.000000000000000042e-02
-5.170000000000000984e-05,2.000000000000000042e-02
-5.160000000000000741e-05,2.000000000000000042e-02
-5.150000000000000498e-05,4.000000000000000083e-02
-5.140000000000000254e-05,2.000000000000000042e-02
-5.130000000000000011e-05,2.000000000000000042e-02
-5.120000000000001124e-05,0.000000000000000000e+00
-5.110000000000000880e-05,0.000000000000000000e+00
-5.100000000000000637e-05,2.000000000000000042e-02
-5.090000000000000394e-05,0.000000000000000000e+00
-5.080000000000000151e-05,0.000000000000000000e+00
-5.070000000000001263e-05,0.000000000000000000e+00
-5.060000000000001020e-05,0.000000000000000000e+00
-5.050000000000000777e-05,-2.000000000000000042e-02
-5.040000000000000534e-05,-2.000000000000000042e-02
-5.030000000000000291e-05,0.000000000000000000e+00
-5.020000000000000048e-05,0.000000000000000000e+00
-5.010000000000001160e-05,-2.000000000000000042e-02
-5.000000000000000917e-05,0.000000000000000000e+00
-4.990000000000000674e-05,0.000000000000000000e+00
-4.980000000000000431e-05,0.000000000000000000e+00
-4.970000000000000188e-05,0.000000000000000000e+00
-4.960000000000001300e-05,0.000000000000000000e+00
-4.950000000000001057e-05,0.000000000000000000e+00
-4.940000000000000814e-05,2.000000000000000042e-02
-4.930000000000000571e-05,2.000000000000000042e-02
-4.920000000000000328e-05,0.000000000000000000e+00
-4.910000000000000085e-05,2.000000000000000042e-02
-4.900000000000001197e-05,0.000000000000000000e+00
-4.890000000000000954e-05,0.000000000000000000e+00
-4.880000000000000711e-05,2.000000000000000042e-02
-4.870000000000000468e-05,0.000000000000000000e+00
-4.860000000000000225e-05,0.000000000000000000e+00
-4.849999999999999982e-05,0.000000000000000000e+00
-4.840000000000001094e-05,2.000000000000000042e-02
-4.830000000000000851e-05,0.000000000000000000e+00
-4.820000000000000608e-05,2.000000000000000042e-02
-4.810000000000000365e-05,0.000000000000000000e+00
-4.800000000000000122e-05,2.000000000000000042e-02
-4.790000000000001234e-05,0.000000000000000000e+00
-4.780000000000000991e-05,2.000000000000000042e-02
-4.770000000000000748e-05,0.000000000000000000e+00
-4.760000000000000505e-05,0.000000000000000000e+00
-4.750000000000000262e-05,2.000000000000000042e-02
-4.740000000000000018e-05,0.000000000000000000e+00
-4.730000000000001131e-05,2.000000000000000042e-02
-4.720000000000000888e-05,2.000000000000000042e-02
-4.710000000000000644e-05,-4.000000000000000083e-02
-4.700000000000000401e-05,0.000000000000000000e+00
-4.690000000000000158e-05,-2.000000000000000042e-02
-4.680000000000001271e-05,0.000000000000000000e+00
-4.670000000000001027e-05,0.000000000000000000e+00
-4.660000000000000784e-05,0.000000000000000000e+00
-4.650000000000000541e-05,0.000000000000000000e+00
-4.640000000000000298e-05,2.000000000000000042e-02
-4.630000000000000055e-05,0.000000000000000000e+00
-4.620000000000001167e-05,0.000000000000000000e+00
-4.610000000000000924e-05,0.000000000000000000e+00
-4.600000000000000681e-05,0.000000000000000000e+00
-4.590000000000000438e-05,2.000000000000000042e-02
-4.580000000000000195e-05,2.000000000000000042e-02
-4.570000000000001307e-05,2.000000000000000042e-02
-4.560000000000001064e-05,2.000000000000000042e-02
-4.550000000000000821e-05,-2.000000000000000042e-02
-4.540000000000000578e-05,0.000000000000000000e+00
-4.530000000000000335e-05,0.000000000000000000e+00
-4.520000000000000092e-05,2.000000000000000042e-02
-4.510000000000001204e-05,0.000000000000000000e+00
-4.500000000000000961e-05,0.000000000000000000e+00
-4.490000000000000718e-05,0.000000000000000000e+00
-4.480000000000000475e-05,2.000000000000000042e-02
-4.470000000000000232e-05,-2.000000000000000042e-02
-4.459999999999999989e-05,-2.000000000000000042e-02
-4.450000000000001101e-05,0.000000000000000000e+00
-4.440000000000000858e-05,2.000000000000000042e-02
-4.430000000000000615e-05,0.000000000000000000e+00
-4.420000000000000372e-05,0.000000000000000000e+00
-4.410000000000000129e-05,0.000000000000000000e+00
-4.400000000000001241e-05,-2.000000000000000042e-02
-4.390000000000000998e-05,2.000000000000000042e-02
-4.380000000000000755e-05,-4.000000000000000083e-02
-4.370000000000000512e-05,0.000000000000000000e+00
-4.360000000000000269e-05,0.000000000000000000e+00
-4.350000000000000026e-05,0.000000000000000000e+00
-4.340000000000001138e-05,0.000000000000000000e+00
-4.330000000000000895e-05,2.000000000000000042e-02
-4.320000000000000652e-05,-2.000000000000000042e-02
-4.310000000000000408e-05,2.000000000000000042e-02
-4.300000000000000165e-05,2.000000000000000042e-02
-4.290000000000001278e-05,0.000000000000000000e+00
-4.280000000000001035e-05,0.000000000000000000e+00
-4.270000000000000791e-05,0.000000000000000000e+00
-4.260000000000000548e-05,0.000000000000000000e+00
-4.250000000000000305e-05,0.000000000000000000e+00
-4.240000000000000062e-05,2.000000000000000042e-02
-4.230000000000001174e-05,-2.000000000000000042e-02
-4.220000000000000931e-05,0.000000000000000000e+00
-4.210000000000000688e-05,-2.000000000000000042e-02
-4.200000000000000445e-05,2.000000000000000042e-02
-4.190000000000000202e-05,0.000000000000000000e+00
-4.180000000000001314e-05,0.000000000000000000e+00
-4.170000000000001071e-05,-2.000000000000000042e-02
-4.160000000000000828e-05,-2.000000000000000042e-02
-4.150000000000000585e-05,0.000000000000000000e+00
-4.140000000000000342e-05,0.000000000000000000e+00
-4.130000000000000099e-05,0.000000000000000000e+00
-4.120000000000001211e-05,2.000000000000000042e-02
-4.110000000000000968e-05,0.000000000000000000e+00
-4.100000000000000725e-05,0.000000000000000000e+00
-4.090000000000000482e-05,0.000000000000000000e+00
-4.080000000000000239e-05,4.000000000000000083e-02
-4.070000000000001351e-05,-4.000000000000000083e-02
-4.060000000000001108e-05,0.000000000000000000e+00
-4.050000000000000865e-05,0.000000000000000000e+00
-4.040000000000000622e-05,4.000000000000000083e-02
-4.030000000000000379e-05,0.000000000000000000e+00
-4.020000000000000136e-05,-2.000000000000000042e-02
-4.010000000000001248e-05,0.000000000000000000e+00
-4.000000000000001005e-05,0.000000000000000000e+00
-3.990000000000000762e-05,2.000000000000000042e-02
-3.980000000000000519e-05,0.000000000000000000e+00
-3.970000000000000276e-05,0.000000000000000000e+00
-3.960000000000000033e-05,-2.000000000000000042e-02
-3.950000000000001145e-05,-2.000000000000000042e-02
-3.940000000000000902e-05,0.000000000000000000e+00
-3.930000000000000659e-05,-2.000000000000000042e-02
-3.920000000000000416e-05,2.000000000000000042e-02
-3.910000000000000172e-05,0.000000000000000000e+00
-3.900000000000001285e-05,0.000000000000000000e+00
-3.890000000000001042e-05,0.000000000000000000e+00
-3.880000000000000799e-05,0.000000000000000000e+00
-3.870000000000000555e-05,0.000000000000000000e+00
-3.860000000000000312e-05,0.000000000000000000e+00
-3.850000000000000069e-05,-2.000000000000000042e-02
-3.840000000000001181e-05,0.000000000000000000e+00
-3.830000000000000938e-05,2.000000000000000042e-02
-3.820000000000000695e-05,0.000000000000000000e+00
-3.810000000000000452e-05,2.000000000000000042e-02
-3.800000000000000209e-05,0.000000000000000000e+00
-3.790000000000001321e-05,0.000000000000000000e+00
-3.780000000000001078e-05,2.000000000000000042e-02
-3.770000000000000835e-05,0.000000000000000000e+00
-3.760000000000000592e-05,2.000000000000000042e-02
-3.750000000000000349e-05,0.000000000000000000e+00
-3.740000000000000106e-05,0.000000000000000000e+00
-3.730000000000001218e-05,-2.000000000000000042e-02
-3.720000000000000975e-05,-2.000000000000000042e-02
-3.710000000000000732e-05,0.000000000000000000e+00
-3.700000000000000489e-05,0.000000000000000000e+00
-3.690000000000000246e-05,0.000000000000000000e+00
-3.680000000000001358e-05,0.000000000000000000e+00
-3.670000000000001115e-05,0.000000000000000000e+00
-3.660000000000000872e-05,0.000000000000000000e+00
-3.650000000000000629e-05,2.000000000000000042e-02
-3.640000000000000386e-05,-4.000000000000000083e-02
-3.630000000000000143e-05,2.000000000000000042e-02
-3.620000000000001255e-05,-2.000000000000000042e-02
-3.610000000000001012e-05,2.000000000000000042e-02
-3.600000000000000769e-05,0.000000000000000000e+00
-3.590000000000000526e-05,0.000000000000000000e+00
-3.580000000000000283e-05,4.000000000000000083e-02
-3.570000000000000040e-05,0.000000000000000000e+00
-3.560000000000001152e-05,-2.000000000000000042e-02
-3.550000000000000909e-05,2.000000000000000042e-02
-3.540000000000000666e-05,0.000000000000000000e+00
-3.530000000000000423e-05,2.000000000000000042e-02
-3.520000000000000180e-05,2.000000000000000042e-02
-3.510000000000001292e-05,0.000000000000000000e+00
-3.500000000000001049e-05,-2.000000000000000042e-02
-3.490000000000000806e-05,0.000000000000000000e+00
-3.480000000000000563e-05,-2.000000000000000042e-02
-3.470000000000000319e-05,-2.000000000000000042e-02
-3.460000000000000076e-05,-2.000000000000000042e-02
-3.450000000000001189e-05,0.000000000000000000e+00
-3.440000000000000945e-05,0.000000000000000000e+00
-3.430000000000000702e-05,0.000000000000000000e+00
-3.420000000000000459e-05,0.000000000000000000e+00
-3.410000000000000216e-05,0.000000000000000000e+00
-3.400000000000001328e-05,-2.000000000000000042e-02
-3.390000000000001085e-05,-2.000000000000000042e-02
-3.380000000000000842e-05,0.000000000000000000e+00
-3.370000000000000599e-05,-2.000000000000000042e-02
-3.360000000000000356e-05,-2.000000000000000042e-02
-3.350000000000000113e-05,-2.000000000000000042e-02
-3.340000000000001225e-05,0.000000000000000000e+00
-3.330000000000000982e-05,-2.000000000000000042e-02
-3.320000000000000739e-05,-2.000000000000000042e-02
-3.310000000000000496e-05,0.000000000000000000e+00
-3.300000000000000253e-05,0.000000000000000000e+00
-3.290000000000001365e-05,0.000000000000000000e+00
-3.280000000000001122e-05,0.000000000000000000e+00
-3.270000000000000879e-05,0.000000000000000000e+00
-3.260000000000000636e-05,2.000000000000000042e-02
-3.250000000000000393e-05,0.000000000000000000e+00
-3.240000000000000150e-05,0.000000000000000000e+00
-3.230000000000001262e-05,0.000000000000000000e+00
-3.220000000000001019e-05,0.000000000000000000e+00
-3.210000000000000776e-05,2.000000000000000042e-02
-3.200000000000000533e-05,2.000000000000000042e-02
-3.190000000000000290e-05,-2.000000000000000042e-02
-3.180000000000000047e-05,0.000000000000000000e+00
-3.170000000000001159e-05,0.000000000000000000e+00
-3.160000000000000916e-05,0.000000000000000000e+00
-3.150000000000000673e-05,0.000000000000000000e+00
-3.140000000000000430e-05,-2.000000000000000042e-02
-3.130000000000000187e-05,0.000000000000000000e+00
-3.120000000000001299e-05,2.000000000000000042e-02
-3.110000000000001056e-05,0.000000000000000000e+00
-3.100000000000000813e-05,-2.000000000000000042e-02
-3.090000000000000570e-05,2.000000000000000042e-02
-3.080000000000000326e-05,-2.000000000000000042e-02
-3.070000000000000083e-05,0.000000000000000000e+00
-3.060000000000001196e-05,-2.000000000000000042e-02
-3.050000000000000953e-05,2.000000000000000042e-02
-3.040000000000000709e-05,0.000000000000000000e+00
-3.030000000000000466e-05,-2.000000000000000042e-02
-3.020000000000000223e-05,0.000000000000000000e+00
-3.010000000000001336e-05,0.000000000000000000e+00
-3.000000000000001092e-05,0.000000000000000000e+00
-2.990000000000000849e-05,0.000000000000000000e+00
-2.980000000000000606e-05,0.000000000000000000e+00
-2.970000000000000363e-05,-2.000000000000000042e-02
-2.960000000000000120e-05,-2.000000000000000042e-02
-2.950000000000001232e-05,-2.000000000000000042e-02
-2.940000000000000989e-05,-2.000000000000000042e-02
-2.930000000000000746e-05,2.000000000000000042e-02
-2.920000000000000503e-05,2.000000000000000042e-02
-2.910000000000000260e-05,2.000000000000000042e-02
-2.900000000000001372e-05,2.000000000000000042e-02
-2.890000000000001129e-05,0.000000000000000000e+00
-2.880000000000000886e-05,0.000000000000000000e+00
-2.870000000000000643e-05,0.000000000000000000e+00
-2.860000000000000400e-05,0.000000000000000000e+00
-2.850000000000000157e-05,0.000000000000000000e+00
-2.840000000000001269e-05,2.000000000000000042e-02
-2.830000000000001026e-05,0.000000000000000000e+00
-2.820000000000000783e-05,0.000000000000000000e+00
-2.810000000000000540e-05,2.000000000000000042e-02
-2.800000000000000297e-05,2.000000000000000042e-02
-2.790000000000000054e-05,0.000000000000000000e+00
-2.780000000000001166e-05,0.000000000000000000e+00
-2.770000000000000923e-05,2.000000000000000042e-02
-2.760000000000000680e-05,2.000000000000000042e-02
-2.750000000000000437e-05,2.000000000000000042e-02
-2.740000000000000194e-05,0.000000000000000000e+00
-2.730000000000001306e-05,-2.000000000000000042e-02
-2.720000000000001063e-05,0.000000000000000000e+00
-2.710000000000000820e-05,0.000000000000000000e+00
-2.700000000000000577e-05,2.000000000000000042e-02
-2.690000000000000334e-05,-2.000000000000000042e-02
-2.680000000000000090e-05,2.000000000000000042e-02
-2.670000000000001203e-05,2.000000000000000042e-02
-2.660000000000000960e-05,0.000000000000000000e+00
-2.650000000000000717e-05,-2.000000000000000042e-02
-2.640000000000000473e-05,2.000000000000000042e-02
-2.630000000000000230e-05,0.000000000000000000e+00
-2.620000000000001343e-05,2.000000000000000042e-02
-2.610000000000001100e-05,0.000000000000000000e+00
-2.600000000000000856e-05,0.000000000000000000e+00
-2.590000000000000613e-05,2.000000000000000042e-02
-2.580000000000000370e-05,0.000000000000000000e+00
-2.570000000000000127e-05,-2.000000000000000042e-02
-2.560000000000001239e-05,4.000000000000000083e-02
-2.550000000000000996e-05,2.000000000000000042e-02
-2.540000000000000753e-05,0.000000000000000000e+00
-2.530000000000000510e-05,0.000000000000000000e+00
-2.520000000000000267e-05,0.000000000000000000e+00
-2.510000000000001379e-05,0.000000000000000000e+00
-2.500000000000001136e-05,2.000000000000000042e-02
-2.490000000000000893e-05,0.000000000000000000e+00
-2.480000000000000650e-05,0.000000000000000000e+00
-2.470000000000000407e-05,0.000000000000000000e+00
-2.460000000000000164e-05,2.000000000000000042e-02
-2.450000000000001276e-05,0.000000000000000000e+00
-2.440000000000001033e-05,0.000000000000000000e+00
-2.430000000000000790e-05,0.000000000000000000e+00
-2.420000000000000547e-05,0.000000000000000000e+00
-2.410000000000000304e-05,0.000000000000000000e+00
-2.400000000000001416e-05,-2.000000000000000042e-02
-2.390000000000001173e-05,0.000000000000000000e+00
-2.380000000000000930e-05,0.000000000000000000e+00
-2.370000000000000687e-05,0.000000000000000000e+00
-2.360000000000000444e-05,0.000000000000000000e+00
-2.350000000000000201e-05,2.000000000000000042e-02
-2.340000000000001313e-05,-2.000000000000000042e-02
-2.330000000000001070e-05,0.000000000000000000e+00
-2.320000000000000827e-05,0.000000000000000000e+00
-2.310000000000000584e-05,-4.000000000000000083e-02
-2.300000000000000341e-05,0.000000000000000000e+00
-2.290000000000000098e-05,-2.000000000000000042e-02
-2.280000000000001210e-05,-2.000000000000000042e-02
-2.270000000000000967e-05,4.000000000000000083e-02
-2.260000000000000724e-05,0.000000000000000000e+00
-2.250000000000000481e-05,0.000000000000000000e+00
-2.240000000000000237e-05,0.000000000000000000e+00
-2.230000000000001350e-05,2.000000000000000042e-02
-2.220000000000001107e-05,2.000000000000000042e-02
-2.210000000000000863e-05,0.000000000000000000e+00
-2.200000000000000620e-05,0.000000000000000000e+00
-2.190000000000000377e-05,0.000000000000000000e+00
-2.180000000000000134e-05,0.000000000000000000e+00
-2.170000000000001246e-05,2.000000000000000042e-02
-2.160000000000001003e-05,-2.000000000000000042e-02
-2.150000000000000760e-05,0.000000000000000000e+00
-2.140000000000000517e-05,-2.000000000000000042e-02
-2.130000000000000274e-05,0.000000000000000000e+00
-2.120000000000001386e-05,-2.000000000000000042e-02
-2.110000000000001143e-05,-2.000000000000000042e-02
-2.100000000000000900e-05,0.000000000000000000e+00
-2.090000000000000657e-05,-2.000000000000000042e-02
-2.080000000000000414e-05,2.000000000000000042e-02
-2.070000000000000171e-05,-2.000000000000000042e-02
-2.060000000000001283e-05,0.000000000000000000e+00
-2.050000000000001040e-05,2.000000000000000042e-02
-2.040000000000000797e-05,0.000000000000000000e+00
-2.030000000000000554e-05,0.000000000000000000e+00
-2.020000000000000311e-05,0.000000000000000000e+00
-2.010000000000001423e-05,0.000000000000000000e+00
-2.000000000000001180e-05,2.000000000000000042e-02
-1.990000000000000937e-05,0.000000000000000000e+00
-1.980000000000000694e-05,-4.000000000000000083e-02
-1.970000000000000451e-05,-2.000000000000000042e-02
-1.960000000000000208e-05,0.000000000000000000e+00
-1.950000000000001320e-05,0.000000000000000000e+00
-1.940000000000001077e-05,2.000000000000000042e-02
-1.930000000000000834e-05,0.000000000000000000e+00
-1.920000000000000591e-05,2.000000000000000042e-02
-1.910000000000000348e-05,2.000000000000000042e-02
-1.900000000000000105e-05,0.000000000000000000e+00
-1.890000000000001217e-05,0.000000000000000000e+00
-1.880000000000000974e-05,0.000000000000000000e+00
-1.870000000000000731e-05,0.000000000000000000e+00
-1.860000000000000488e-05,0.000000000000000000e+00
-1.850000000000000245e-05,2.000000000000000042e-02
-1.840000000000001357e-05,2.000000000000000042e-02
-1.830000000000001114e-05,0.000000000000000000e+00
-1.820000000000000871e-05,0.000000000000000000e+00
-1.810000000000000627e-05,0.000000000000000000e+00
-1.800000000000000384e-05,2.000000000000000042e-02
-1.790000000000000141e-05,2.000000000000000042e-02
-1.780000000000001254e-05,0.000000000000000000e+00
-1.770000000000001010e-05,0.000000000000000000e+00
-1.760000000000000767e-05,2.000000000000000042e-02
-1.750000000000000524e-05,2.000000000000000042e-02
-1.740000000000000281e-05,-2.000000000000000042e-02
-1.730000000000001393e-05,2.000000000000000042e-02
-1.720000000000001150e-05,0.000000000000000000e+00
-1.710000000000000907e-05,2.000000000000000042e-02
-1.700000000000000664e-05,0.000000000000000000e+00
-1.690000000000000421e-05,2.000000000000000042e-02
-1.680000000000000178e-05,0.000000000000000000e+00
-1.670000000000001290e-05,2.000000000000000042e-02
-1.660000000000001047e-05,0.000000000000000000e+00
-1.650000000000000804e-05,2.000000000000000042e-02
-1.640000000000000561e-05,0.000000000000000000e+00
-1.630000000000000318e-05,0.000000000000000000e+00
-1.620000000000001430e-05,0.000000000000000000e+00
-1.610000000000001187e-05,0.000000000000000000e+00
-1.600000000000000944e-05,4.000000000000000083e-02
-1.590000000000000701e-05,2.000000000000000042e-02
-1.580000000000000458e-05,0.000000000000000000e+00
-1.570000000000000215e-05,0.000000000000000000e+00
-1.560000000000001327e-05,0.000000000000000000e+00
-1.550000000000001084e-05,2.000000000000000042e-02
-1.540000000000000841e-05,2.000000000000000042e-02
-1.530000000000000598e-05,-2.000000000000000042e-02
-1.520000000000000355e-05,2.000000000000000042e-02
-1.510000000000001467e-05,0.000000000000000000e+00
-1.500000000000001224e-05,2.000000000000000042e-02
-1.490000000000000981e-05,-2.000000000000000042e-02
-1.480000000000000738e-05,0.000000000000000000e+00
-1.470000000000000495e-05,0.000000000000000000e+00
-1.460000000000000252e-05,-2.000000000000000042e-02
-1.450000000000001364e-05,0.000000000000000000e+00
-1.440000000000001121e-05,0.000000000000000000e+00
-1.430000000000000878e-05,2.000000000000000042e-02
-1.420000000000000635e-05,0.000000000000000000e+00
-1.410000000000000391e-05,-2.000000000000000042e-02
-1.400000000000000148e-05,0.000000000000000000e+00
-1.390000000000001261e-05,-2.000000000000000042e-02
-1.380000000000001018e-05,0.000000000000000000e+00
-1.370000000000000774e-05,0.000000000000000000e+00
-1.360000000000000531e-05,0.000000000000000000e+00
-1.350000000000000288e-05,2.000000000000000042e-02
-1.340000000000001400e-05,0.000000000000000000e+00
-1.330000000000001157e-05,0.000000000000000000e+00
-1.320000000000000914e-05,0.000000000000000000e+00
-1.310000000000000671e-05,0.000000000000000000e+00
-1.300000000000000428e-05,0.000000000000000000e+00
-1.290000000000000185e-05,0.000000000000000000e+00
-1.280000000000001297e-05,0.000000000000000000e+00
-1.270000000000001054e-05,2.000000000000000042e-02
-1.260000000000000811e-05,2.000000000000000042e-02
-1.250000000000000568e-05,2.000000000000000042e-02
-1.240000000000000325e-05,2.000000000000000042e-02
-1.230000000000001437e-05,4.000000000000000083e-02
-1.220000000000001194e-05,0.000000000000000000e+00
-1.210000000000000951e-05,0.000000000000000000e+00
-1.200000000000000708e-05,-2.000000000000000042e-02
-1.190000000000000465e-05,0.000000000000000000e+00
-1.180000000000000222e-05,2.000000000000000042e-02
-1.170000000000001334e-05,2.000000000000000042e-02
-1.160000000000001091e-05,0.000000000000000000e+00
-1.150000000000000848e-05,2.000000000000000042e-02
-1.140000000000000605e-05,4.000000000000000083e-02
-1.130000000000000362e-05,2.000000000000000042e-02
-1.120000000000001474e-05,0.000000000000000000e+00
-1.110000000000001231e-05,2.000000000000000042e-02
-1.100000000000000988e-05,0.000000000000000000e+00
-1.090000000000000745e-05,0.000000000000000000e+00
-1.080000000000000502e-05,0.000000000000000000e+00
-1.070000000000000259e-05,2.000000000000000042e-02
-1.060000000000001371e-05,4.000000000000000083e-02
-1.050000000000001128e-05,0.000000000000000000e+00
-1.040000000000000885e-05,0.000000000000000000e+00
-1.030000000000000642e-05,0.000000000000000000e+00
-1.020000000000000399e-05,2.000000000000000042e-02
-1.010000000000000155e-05,0.000000000000000000e+00
-1.000000000000001268e-05,0.000000000000000000e+00
-9.900000000000010246e-06,0.000000000000000000e+00
-9.800000000000007815e-06,0.000000000000000000e+00
-9.700000000000005384e-06,0.000000000000000000e+00
-9.600000000000002954e-06,-2.000000000000000042e-02
-9.500000000000014076e-06,2.000000000000000042e-02
-9.400000000000011645e-06,2.000000000000000042e-02
-9.300000000000009214e-06,2.000000000000000042e-02
-9.200000000000006783e-06,2.000000000000000042e-02
-9.100000000000004353e-06,2.000000000000000042e-02
-9.000000000000001922e-06,0.000000000000000000e+00
-8.900000000000013044e-06,0.000000000000000000e+00
-8.800000000000010613e-06,2.000000000000000042e-02
-8.700000000000008183e-06,2.000000000000000042e-02
-8.600000000000005752e-06,2.000000000000000042e-02
-8.500000000000003321e-06,2.000000000000000042e-02
-8.400000000000014443e-06,0.000000000000000000e+00
-8.300000000000012012e-06,0.000000000000000000e+00
-8.200000000000009582e-06,0.000000000000000000e+00
-8.100000000000007151e-06,2.000000000000000042e-02
-8.000000000000004720e-06,0.000000000000000000e+00
-7.900000000000002289e-06,0.000000000000000000e+00
-7.800000000000013411e-06,0.000000000000000000e+00
-7.700000000000010981e-06,2.000000000000000042e-02
-7.600000000000008550e-06,-2.000000000000000042e-02
-7.500000000000006119e-06,0.000000000000000000e+00
-7.400000000000003689e-06,0.000000000000000000e+00
-7.300000000000014810e-06,0.000000000000000000e+00
-7.200000000000012380e-06,2.000000000000000042e-02
-7.100000000000009949e-06,-2.000000000000000042e-02
-7.000000000000007518e-06,2.000000000000000042e-02
-6.900000000000005088e-06,0.000000000000000000e+00
-6.800000000000002657e-06,0.000000000000000000e+00
-6.700000000000013779e-06,0.000000000000000000e+00
-6.600000000000011348e-06,2.000000000000000042e-02
-6.500000000000008917e-06,2.000000000000000042e-02
-6.400000000000006487e-06,0.000000000000000000e+00
-6.300000000000004056e-06,0.000000000000000000e+00
-6.200000000000001625e-06,2.000000000000000042e-02
-6.100000000000012747e-06,5.999999999999999778e-02
-6.000000000000010316e-06,-2.000000000000000042e-02
-5.900000000000007886e-06,0.000000000000000000e+00
-5.800000000000005455e-06,0.000000000000000000e+00
-5.700000000000003024e-06,0.000000000000000000e+00
-5.600000000000014146e-06,2.000000000000000042e-02
-5.500000000000011715e-06,0.000000000000000000e+00
-5.400000000000009285e-06,0.000000000000000000e+00
-5.300000000000006854e-06,-2.000000000000000042e-02
-5.200000000000004423e-06,0.000000000000000000e+00
-5.100000000000001993e-06,2.000000000000000042e-02
-5.000000000000013115e-06,-2.000000000000000042e-02
-4.900000000000010684e-06,2.000000000000000042e-02
-4.800000000000008253e-06,0.000000000000000000e+00
-4.700000000000005822e-06,0.000000000000000000e+00
-4.600000000000003392e-06,-2.000000000000000042e-02
-4.500000000000014514e-06,2.000000000000000042e-02
-4.400000000000012083e-06,0.000000000000000000e+00
-4.300000000000009652e-06,0.000000000000000000e+00
-4.200000000000007221e-06,0.000000000000000000e+00
-4.100000000000004791e-06,2.000000000000000042e-02
-4.000000000000002360e-06,2.000000000000000042e-02
-3.900000000000013482e-06,0.000000000000000000e+00
-3.800000000000011051e-06,0.000000000000000000e+00
-3.700000000000008621e-06,2.000000000000000042e-02
-3.600000000000006190e-06,0.000000000000000000e+00
-3.500000000000003759e-06,0.000000000000000000e+00
-3.400000000000014881e-06,0.000000000000000000e+00
-3.300000000000012450e-06,2.000000000000000042e-02
-3.200000000000010020e-06,0.000000000000000000e+00
-3.100000000000007589e-06,0.000000000000000000e+00
-3.000000000000005158e-06,-2.000000000000000042e-02
-2.900000000000002728e-06,0.000000000000000000e+00
-2.800000000000013849e-06,2.000000000000000042e-02
-2.700000000000011419e-06,-2.000000000000000042e-02
-2.600000000000008988e-06,0.000000000000000000e+00
-2.500000000000006557e-06,0.000000000000000000e+00
-2.400000000000004127e-06,2.000000000000000042e-02
-2.300000000000001696e-06,2.000000000000000042e-02
-2.200000000000012818e-06,0.000000000000000000e+00
-2.100000000000010387e-06,0.000000000000000000e+00
-2.000000000000007956e-06,0.000000000000000000e+00
-1.900000000000005526e-06,2.000000000000000042e-02
-1.800000000000016647e-06,-2.000000000000000042e-02
-1.700000000000014217e-06,2.000000000000000042e-02
-1.600000000000011786e-06,2.000000000000000042e-02
-1.500000000000009355e-06,2.000000000000000042e-02
-1.400000000000006925e-06,0.000000000000000000e+00
-1.300000000000004494e-06,0.000000000000000000e+00
-1.200000000000002063e-06,4.000000000000000083e-02
-1.099999999999999633e-06,2.000000000000000042e-02
-9.999999999999972019e-07,0.000000000000000000e+00
-9.000000000000218763e-07,0.000000000000000000e+00
-8.000000000000194456e-07,2.000000000000000042e-02
-7.000000000000170149e-07,2.000000000000000042e-02
-6.000000000000145842e-07,-2.000000000000000042e-02
-5.000000000000121535e-07,0.000000000000000000e+00
-4.000000000000097228e-07,0.000000000000000000e+00
-3.000000000000072921e-07,-2.000000000000000042e-02
-2.000000000000048614e-07,2.000000000000000042e-02
-1.000000000000024307e-07,0.000000000000000000e+00
0.000000000000000000e+00,-2.000000000000000042e-02
1.000000000000024307e-07,2.000000000000000042e-02
2.000000000000048614e-07,2.000000000000000042e-02
2.999999999999801870e-07,0.000000000000000000e+00
3.999999999999826177e-07,2.000000000000000042e-02
4.999999999999850484e-07,0.000000000000000000e+00
5.999999999999874791e-07,2.000000000000000042e-02
6.999999999999899098e-07,9.799999999999999822e-01
7.999999999999923405e-07,1.580000000000000071e+00
8.999999999999947712e-07,5.400000000000000355e-01
9.999999999999972019e-07,3.599999999999999867e-01
1.099999999999999633e-06,2.800000000000000266e-01
1.200000000000002063e-06,2.399999999999999911e-01
1.300000000000004494e-06,2.200000000000000011e-01
1.399999999999979820e-06,2.000000000000000111e-01
1.499999999999982250e-06,2.000000000000000111e-01
1.599999999999984681e-06,1.799999999999999933e-01
1.699999999999987112e-06,1.400000000000000133e-01
1.799999999999989542e-06,1.600000000000000033e-01
1.899999999999991973e-06,1.600000000000000033e-01
1.999999999999994404e-06,1.600000000000000033e-01
2.099999999999996834e-06,1.400000000000000133e-01
2.199999999999999265e-06,1.600000000000000033e-01
2.300000000000001696e-06,1.199999999999999956e-01
2.400000000000004127e-06,1.799999999999999933e-01
2.499999999999979452e-06,1.699999999999999956e+00
2.599999999999981883e-06,2.020000000000000018e+00
2.699999999999984314e-06,1.040000000000000036e+00
2.799999999999986744e-06,7.199999999999999734e-01
2.899999999999989175e-06,5.799999999999999600e-01
2.999999999999991606e-06,5.000000000000000000e-01
3.099999999999994036e-06,4.600000000000000200e-01
3.199999999999996467e-06,4.000000000000000222e-01
3.299999999999998898e-06,4.199999999999999845e-01
3.400000000000001328e-06,4.400000000000000022e-01
3.500000000000003759e-06,5.799999999999999600e-01
3.599999999999979085e-06,8.800000000000000044e-01
3.699999999999981515e-06,1.080000000000000071e+00
3.799999999999983946e-06,9.400000000000000577e-01
3.899999999999986377e-06,6.800000000000000488e-01
3.999999999999988808e-06,5.600000000000000533e-01
4.099999999999991238e-06,5.000000000000000000e-01
4.199999999999993669e-06,4.799999999999999822e-01
4.299999999999996100e-06,4.400000000000000022e-01
4.399999999999998530e-06,4.400000000000000022e-01
4.500000000000000961e-06,4.199999999999999845e-01
4.600000000000003392e-06,4.199999999999999845e-01
4.699999999999978717e-06,4.400000000000000022e-01
4.799999999999981148e-06,5.799999999999999600e-01
4.899999999999983579e-06,8.200000000000000622e-01
4.999999999999986009e-06,1.040000000000000036e+00
5.099999999999988440e-06,9.400000000000000577e-01
5.199999999999990871e-06,7.800000000000000266e-01
5.299999999999993302e-06,6.400000000000000133e-01
5.399999999999995732e-06,5.600000000000000533e-01
5.499999999999998163e-06,5.000000000000000000e-01
5.600000000000000594e-06,4.400000000000000022e-01
5.700000000000003024e-06,4.400000000000000022e-01
5.799999999999978350e-06,4.400000000000000022e-01
5.899999999999980781e-06,4.199999999999999845e-01
5.999999999999983211e-06,4.400000000000000022e-01
6.099999999999985642e-06,4.199999999999999845e-01
6.199999999999988073e-06,5.000000000000000000e-01
6.299999999999990503e-06,6.199999999999999956e-01
6.399999999999992934e-06,8.399999999999999689e-01
6.499999999999995365e-06,9.799999999999999822e-01
6.599999999999997796e-06,9.400000000000000577e-01
6.700000000000000226e-06,8.000000000000000444e-01
6.800000000000002657e-06,6.600000000000000311e-01
6.899999999999977983e-06,5.799999999999999600e-01
6.999999999999980413e-06,5.400000000000000355e-01
7.099999999999982844e-06,5.400000000000000355e-01
7.199999999999985275e-06,5.000000000000000000e-01
7.299999999999987705e-06,4.799999999999999822e-01
7.399999999999990136e-06,4.600000000000000200e-01
7.499999999999992567e-06,4.799999999999999822e-01
7.599999999999994997e-06,4.600000000000000200e-01
7.699999999999997428e-06,4.600000000000000200e-01
7.799999999999999859e-06,5.000000000000000000e-01
7.900000000000002289e-06,5.999999999999999778e-01
7.999999999999977615e-06,8.000000000000000444e-01
8.099999999999980046e-06,9.799999999999999822e-01
8.199999999999982477e-06,1.060000000000000053e+00
8.299999999999984907e-06,1.000000000000000000e+00
8.399999999999987338e-06,9.000000000000000222e-01
8.499999999999989769e-06,8.200000000000000622e-01
8.599999999999992199e-06,7.399999999999999911e-01
8.699999999999994630e-06,7.199999999999999734e-01
8.799999999999997061e-06,6.600000000000000311e-01
8.899999999999999491e-06,6.600000000000000311e-01
9.000000000000001922e-06,6.199999999999999956e-01
9.100000000000004353e-06,6.400000000000000133e-01
9.199999999999979678e-06,6.600000000000000311e-01
9.299999999999982109e-06,6.800000000000000488e-01
9.399999999999984540e-06,7.199999999999999734e-01
9.499999999999986970e-06,7.399999999999999911e-01
9.599999999999989401e-06,7.600000000000000089e-01
9.699999999999991832e-06,7.199999999999999734e-01
9.799999999999994263e-06,7.000000000000000666e-01
9.899999999999996693e-06,6.400000000000000133e-01
9.999999999999999124e-06,5.999999999999999778e-01
1.010000000000000155e-05,5.799999999999999600e-01
1.020000000000000399e-05,5.600000000000000533e-01
1.029999999999997931e-05,5.600000000000000533e-01
1.039999999999998174e-05,5.200000000000000178e-01
1.049999999999998417e-05,5.200000000000000178e-01
1.059999999999998660e-05,5.400000000000000355e-01
1.069999999999998903e-05,5.200000000000000178e-01
1.079999999999999146e-05,5.200000000000000178e-01
1.089999999999999390e-05,5.600000000000000533e-01
1.099999999999999633e-05,5.600000000000000533e-01
1.109999999999999876e-05,6.199999999999999956e-01
1.120000000000000119e-05,6.400000000000000133e-01
1.130000000000000362e-05,6.800000000000000488e-01
1.139999999999997894e-05,6.800000000000000488e-01
1.149999999999998137e-05,6.800000000000000488e-01
1.159999999999998380e-05,6.600000000000000311e-01
1.169999999999998624e-05,6.199999999999999956e-01
1.179999999999998867e-05,5.999999999999999778e-01
1.189999999999999110e-05,5.799999999999999600e-01
1.199999999999999353e-05,5.400000000000000355e-01
1.209999999999999596e-05,5.600000000000000533e-01
1.219999999999999839e-05,5.600000000000000533e-01
1.230000000000000082e-05,5.200000000000000178e-01
1.240000000000000325e-05,5.799999999999999600e-01
1.249999999999997858e-05,7.000000000000000666e-01
1.259999999999998101e-05,9.400000000000000577e-01
1.269999999999998344e-05,1.280000000000000027e+00
1.279999999999998587e-05,1.459999999999999964e+00
1.289999999999998830e-05,1.360000000000000098e+00
1.299999999999999073e-05,1.140000000000000124e+00
1.309999999999999316e-05,9.799999999999999822e-01
1.319999999999999559e-05,8.800000000000000044e-01
1.329999999999999802e-05,7.800000000000000266e-01
1.340000000000000045e-05,7.199999999999999734e-01
1.350000000000000288e-05,6.800000000000000488e-01
1.359999999999997821e-05,6.600000000000000311e-01
1.369999999999998064e-05,6.400000000000000133e-01
1.379999999999998307e-05,6.199999999999999956e-01
1.389999999999998550e-05,6.199999999999999956e-01
1.399999999999998793e-05,5.999999999999999778e-01
1.409999999999999036e-05,5.799999999999999600e-01
1.419999999999999279e-05,5.600000000000000533e-01
1.429999999999999522e-05,5.400000000000000355e-01
1.439999999999999765e-05,5.400000000000000355e-01
1.450000000000000009e-05,5.000000000000000000e-01
1.460000000000000252e-05,5.200000000000000178e-01
1.469999999999997784e-05,5.200000000000000178e-01
1.479999999999998027e-05,5.000000000000000000e-01
1.489999999999998270e-05,5.000000000000000000e-01
1.499999999999998513e-05,5.000000000000000000e-01
1.509999999999998756e-05,4.799999999999999822e-01
1.519999999999998999e-05,4.799999999999999822e-01
1.529999999999999243e-05,4.799999999999999822e-01
1.539999999999999486e-05,4.799999999999999822e-01
1.549999999999999729e-05,4.799999999999999822e-01
1.559999999999999972e-05,5.000000000000000000e-01
1.570000000000000215e-05,5.600000000000000533e-01
1.579999999999997747e-05,6.600000000000000311e-01
1.589999999999997990e-05,8.200000000000000622e-01
1.599999999999998234e-05,9.599999999999999645e-01
1.609999999999998477e-05,1.080000000000000071e+00
1.619999999999998720e-05,1.020000000000000018e+00
1.629999999999998963e-05,9.599999999999999645e-01
1.639999999999999206e-05,8.200000000000000622e-01
1.649999999999999449e-05,7.399999999999999911e-01
1.659999999999999692e-05,7.000000000000000666e-01
1.669999999999999935e-05,6.400000000000000133e-01
1.680000000000000178e-05,5.999999999999999778e-01
1.690000000000000421e-05,5.799999999999999600e-01
1.699999999999997954e-05,5.999999999999999778e-01
1.709999999999998197e-05,5.600000000000000533e-01
1.719999999999998440e-05,5.600000000000000533e-01
1.729999999999998683e-05,5.400000000000000355e-01
1.739999999999998926e-05,5.200000000000000178e-01
1.749999999999999169e-05,5.400000000000000355e-01
1.759999999999999412e-05,5.000000000000000000e-01
1.769999999999999655e-05,5.000000000000000000e-01
1.779999999999999898e-05,5.000000000000000000e-01
1.790000000000000141e-05,4.799999999999999822e-01
1.800000000000000384e-05,4.600000000000000200e-01
1.809999999999997917e-05,4.600000000000000200e-01
1.819999999999998160e-05,4.600000000000000200e-01
1.829999999999998403e-05,4.600000000000000200e-01
1.839999999999998646e-05,4.799999999999999822e-01
1.849999999999998889e-05,4.600000000000000200e-01
1.859999999999999132e-05,5.000000000000000000e-01
1.869999999999999375e-05,4.799999999999999822e-01
1.879999999999999618e-05,5.000000000000000000e-01
1.889999999999999862e-05,5.600000000000000533e-01
1.900000000000000105e-05,5.999999999999999778e-01
1.910000000000000348e-05,6.800000000000000488e-01
1.919999999999997880e-05,7.000000000000000666e-01
1.929999999999998123e-05,7.000000000000000666e-01
1.939999999999998366e-05,7.000000000000000666e-01
1.949999999999998609e-05,6.400000000000000133e-01
1.959999999999998853e-05,6.199999999999999956e-01
1.969999999999999096e-05,5.799999999999999600e-01
1.979999999999999339e-05,5.400000000000000355e-01
1.989999999999999582e-05,5.200000000000000178e-01
1.999999999999999825e-05,5.000000000000000000e-01
2.010000000000000068e-05,4.799999999999999822e-01
2.020000000000000311e-05,5.200000000000000178e-01
2.029999999999997843e-05,4.600000000000000200e-01
2.039999999999998087e-05,4.400000000000000022e-01
2.049999999999998330e-05,4.600000000000000200e-01
2.059999999999998573e-05,4.400000000000000022e-01
2.069999999999998816e-05,4.400000000000000022e-01
2.079999999999999059e-05,4.400000000000000022e-01
2.089999999999999302e-05,4.199999999999999845e-01
2.099999999999999545e-05,4.199999999999999845e-01
2.109999999999999788e-05,4.199999999999999845e-01
2.120000000000000031e-05,4.199999999999999845e-01
2.130000000000000274e-05,4.199999999999999845e-01
2.139999999999997807e-05,4.199999999999999845e-01
2.149999999999998050e-05,4.000000000000000222e-01
2.159999999999998293e-05,3.800000000000000044e-01
2.169999999999998536e-05,3.800000000000000044e-01
2.179999999999998779e-05,4.000000000000000222e-01
2.189999999999999022e-05,3.800000000000000044e-01
2.199999999999999265e-05,3.800000000000000044e-01
2.209999999999999508e-05,3.800000000000000044e-01
2.219999999999999751e-05,3.800000000000000044e-01
2.229999999999999994e-05,3.599999999999999867e-01
2.240000000000000237e-05,3.400000000000000244e-01
2.249999999999997770e-05,3.400000000000000244e-01
2.259999999999998013e-05,3.800000000000000044e-01
2.269999999999998256e-05,3.599999999999999867e-01
2.279999999999998499e-05,3.599999999999999867e-01
2.289999999999998742e-05,3.599999999999999867e-01
2.299999999999998985e-05,3.200000000000000067e-01
2.309999999999999228e-05,3.599999999999999867e-01
2.319999999999999471e-05,3.400000000000000244e-01
2.329999999999999715e-05,3.599999999999999867e-01
2.339999999999999958e-05,3.599999999999999867e-01
2.350000000000000201e-05,3.599999999999999867e-01
2.359999999999997733e-05,3.599999999999999867e-01
2.369999999999997976e-05,3.400000000000000244e-01
2.379999999999998219e-05,3.200000000000000067e-01
2.389999999999998462e-05,3.400000000000000244e-01
2.399999999999998706e-05,3.400000000000000244e-01
2.409999999999998949e-05,3.400000000000000244e-01
2.419999999999999192e-05,3.800000000000000044e-01
2.429999999999999435e-05,3.599999999999999867e-01
2.439999999999999678e-05,3.800000000000000044e-01
2.449999999999999921e-05,4.199999999999999845e-01
2.460000000000000164e-05,4.799999999999999822e-01
2.469999999999997697e-05,5.200000000000000178e-01
2.479999999999997940e-05,5.600000000000000533e-01
2.489999999999998183e-05,5.799999999999999600e-01
2.499999999999998426e-05,5.999999999999999778e-01
2.509999999999998669e-05,5.999999999999999778e-01
2.519999999999998912e-05,5.799999999999999600e-01
2.529999999999999155e-05,5.799999999999999600e-01
2.539999999999999398e-05,5.600000000000000533e-01
2.549999999999999641e-05,5.400000000000000355e-01
2.559999999999999884e-05,5.400000000000000355e-01
2.570000000000000127e-05,5.400000000000000355e-01
2.580000000000000370e-05,5.400000000000000355e-01
2.589999999999997903e-05,5.000000000000000000e-01
2.599999999999998146e-05,5.200000000000000178e-01
2.609999999999998389e-05,4.600000000000000200e-01
2.619999999999998632e-05,4.799999999999999822e-01
2.629999999999998875e-05,4.600000000000000200e-01
2.639999999999999118e-05,4.600000000000000200e-01
2.649999999999999361e-05,4.400000000000000022e-01
2.659999999999999604e-05,4.199999999999999845e-01
2.669999999999999847e-05,4.199999999999999845e-01
2.680000000000000090e-05,4.199999999999999845e-01
2.690000000000000334e-05,4.199999999999999845e-01
2.699999999999997866e-05,3.800000000000000044e-01
2.709999999999998109e-05,4.000000000000000222e-01
2.719999999999998352e-05,3.800000000000000044e-01
2.729999999999998595e-05,4.000000000000000222e-01
2.739999999999998838e-05,3.800000000000000044e-01
2.749999999999999081e-05,3.800000000000000044e-01
2.759999999999999325e-05,3.800000000000000044e-01
2.769999999999999568e-05,3.599999999999999867e-01
2.779999999999999811e-05,3.400000000000000244e-01
2.790000000000000054e-05,3.599999999999999867e-01
2.800000000000000297e-05,3.599999999999999867e-01
2.809999999999997829e-05,3.599999999999999867e-01
2.819999999999998072e-05,3.599999999999999867e-01
2.829999999999998316e-05,3.599999999999999867e-01
2.839999999999998559e-05,3.599999999999999867e-01
2.849999999999998802e-05,3.599999999999999867e-01
2.859999999999999045e-05,3.400000000000000244e-01
2.869999999999999288e-05,3.200000000000000067e-01
2.879999999999999531e-05,3.200000000000000067e-01
2.889999999999999774e-05,3.400000000000000244e-01
2.900000000000000017e-05,3.400000000000000244e-01
2.910000000000000260e-05,3.200000000000000067e-01
2.919999999999997793e-05,3.400000000000000244e-01
2.929999999999998036e-05,3.200000000000000067e-01
2.939999999999998279e-05,3.200000000000000067e-01
2.949999999999998522e-05,3.200000000000000067e-01
2.959999999999998765e-05,3.400000000000000244e-01
2.969999999999999008e-05,3.599999999999999867e-01
2.979999999999999251e-05,3.599999999999999867e-01
2.989999999999999494e-05,3.800000000000000044e-01
2.999999999999999737e-05,3.599999999999999867e-01
3.009999999999999980e-05,4.000000000000000222e-01
3.020000000000000223e-05,4.000000000000000222e-01
3.029999999999997756e-05,4.199999999999999845e-01
3.039999999999997999e-05,4.199999999999999845e-01
3.049999999999998242e-05,4.199999999999999845e-01
3.059999999999998485e-05,4.199999999999999845e-01
3.069999999999998728e-05,4.199999999999999845e-01
3.079999999999998971e-05,4.199999999999999845e-01
3.089999999999999214e-05,4.400000000000000022e-01
3.099999999999999457e-05,4.199999999999999845e-01
3.109999999999999700e-05,4.000000000000000222e-01
3.119999999999999944e-05,4.199999999999999845e-01
3.130000000000000187e-05,4.199999999999999845e-01
3.139999999999997719e-05,4.199999999999999845e-01
3.149999999999997962e-05,4.000000000000000222e-01
3.159999999999998205e-05,3.800000000000000044e-01
3.169999999999998448e-05,3.599999999999999867e-01
3.179999999999998691e-05,3.800000000000000044e-01
3.189999999999998934e-05,3.800000000000000044e-01
3.199999999999999178e-05,3.599999999999999867e-01
3.209999999999999421e-05,3.400000000000000244e-01
3.219999999999999664e-05,3.400000000000000244e-01
3.229999999999999907e-05,3.400000000000000244e-01
3.240000000000000150e-05,3.400000000000000244e-01
3.249999999999997682e-05,3.400000000000000244e-01
3.259999999999997925e-05,3.200000000000000067e-01
3.269999999999998169e-05,3.200000000000000067e-01
3.279999999999998412e-05,3.200000000000000067e-01
3.289999999999998655e-05,3.400000000000000244e-01
3.299999999999998898e-05,3.200000000000000067e-01
3.309999999999999141e-05,3.200000000000000067e-01
3.319999999999999384e-05,3.200000000000000067e-01
3.329999999999999627e-05,2.999999999999999889e-01
3.339999999999999870e-05,2.999999999999999889e-01
3.350000000000000113e-05,2.999999999999999889e-01
3.359999999999997646e-05,3.200000000000000067e-01
3.369999999999997889e-05,2.999999999999999889e-01
3.379999999999998132e-05,2.999999999999999889e-01
3.389999999999998375e-05,2.999999999999999889e-01
3.399999999999998618e-05,2.999999999999999889e-01
3.409999999999998861e-05,2.800000000000000266e-01
3.419999999999999104e-05,2.800000000000000266e-01
3.429999999999999347e-05,2.800000000000000266e-01
3.439999999999999590e-05,2.800000000000000266e-01
3.449999999999999833e-05,2.999999999999999889e-01
3.460000000000000076e-05,2.800000000000000266e-01
3.470000000000000319e-05,2.999999999999999889e-01
3.479999999999997852e-05,3.200000000000000067e-01
3.489999999999998095e-05,2.600000000000000089e-01
3.499999999999998338e-05,2.999999999999999889e-01
3.509999999999998581e-05,2.999999999999999889e-01
3.519999999999998824e-05,2.999999999999999889e-01
3.529999999999999067e-05,2.999999999999999889e-01
3.539999999999999310e-05,2.800000000000000266e-01
3.549999999999999553e-05,2.800000000000000266e-01
3.559999999999999797e-05,2.999999999999999889e-01
3.570000000000000040e-05,3.200000000000000067e-01
3.580000000000000283e-05,2.999999999999999889e-01
3.589999999999997815e-05,3.200000000000000067e-01
3.599999999999998058e-05,2.999999999999999889e-01
3.609999999999998301e-05,3.200000000000000067e-01
3.619999999999998544e-05,3.200000000000000067e-01
3.629999999999998788e-05,3.200000000000000067e-01
3.639999999999999031e-05,3.200000000000000067e-01
3.649999999999999274e-05,2.999999999999999889e-01
3.659999999999999517e-05,2.999999999999999889e-01
3.669999999999999760e-05,3.599999999999999867e-01
3.680000000000000003e-05,3.200000000000000067e-01
3.690000000000000246e-05,2.999999999999999889e-01
3.699999999999997779e-05,3.200000000000000067e-01
3.709999999999998022e-05,2.999999999999999889e-01
3.719999999999998265e-05,3.200000000000000067e-01
3.729999999999998508e-05,3.200000000000000067e-01
3.739999999999998751e-05,2.999999999999999889e-01
3.749999999999998994e-05,2.999999999999999889e-01
3.759999999999999237e-05,2.800000000000000266e-01
3.769999999999999480e-05,2.999999999999999889e-01
3.779999999999999723e-05,2.800000000000000266e-01
3.789999999999999966e-05,2.800000000000000266e-01
3.800000000000000209e-05,2.999999999999999889e-01
3.809999999999997742e-05,2.600000000000000089e-01
3.819999999999997985e-05,2.800000000000000266e-01
3.829999999999998228e-05,2.600000000000000089e-01
3.839999999999998471e-05,2.800000000000000266e-01
3.849999999999998714e-05,2.600000000000000089e-01
3.859999999999998957e-05,2.600000000000000089e-01
3.869999999999999200e-05,2.600000000000000089e-01
3.879999999999999443e-05,2.600000000000000089e-01
3.889999999999999686e-05,2.600000000000000089e-01
3.899999999999999929e-05,2.399999999999999911e-01
3.910000000000000172e-05,2.200000000000000011e-01
3.919999999999997705e-05,2.399999999999999911e-01
3.929999999999997948e-05,2.399999999999999911e-01
3.939999999999998191e-05,2.399999999999999911e-01
3.949999999999998434e-05,2.399999999999999911e-01
3.959999999999998677e-05,2.200000000000000011e-01
3.969999999999998920e-05,2.600000000000000089e-01
3.979999999999999163e-05,2.399999999999999911e-01
3.989999999999999407e-05,2.200000000000000011e-01
3.999999999999999650e-05,2.800000000000000266e-01
4.009999999999999893e-05,2.399999999999999911e-01
4.020000000000000136e-05,2.200000000000000011e-01
4.029999999999997668e-05,2.600000000000000089e-01
4.039999999999997911e-05,2.399999999999999911e-01
4.049999999999998154e-05,2.200000000000000011e-01
4.059999999999998397e-05,2.200000000000000011e-01
4.069999999999998641e-05,2.200000000000000011e-01
4.079999999999998884e-05,2.399999999999999911e-01
4.089999999999999127e-05,2.600000000000000089e-01
4.099999999999999370e-05,2.399999999999999911e-01
4.109999999999999613e-05,2.399999999999999911e-01
4.119999999999999856e-05,2.399999999999999911e-01
4.130000000000000099e-05,2.200000000000000011e-01
4.139999999999997632e-05,2.399999999999999911e-01
4.149999999999997875e-05,2.600000000000000089e-01
4.159999999999998118e-05,2.600000000000000089e-01
4.169999999999998361e-05,2.399999999999999911e-01
4.179999999999998604e-05,2.800000000000000266e-01
4.189999999999998847e-05,2.600000000000000089e-01
4.199999999999999090e-05,2.600000000000000089e-01
4.209999999999999333e-05,2.800000000000000266e-01
4.219999999999999576e-05,2.999999999999999889e-01
4.229999999999999819e-05,2.999999999999999889e-01
4.240000000000000062e-05,2.800000000000000266e-01
4.249999999999997595e-05,3.200000000000000067e-01
4.259999999999997838e-05,2.800000000000000266e-01
4.269999999999998081e-05,2.999999999999999889e-01
4.279999999999998324e-05,2.800000000000000266e-01
4.289999999999998567e-05,2.999999999999999889e-01
4.299999999999998810e-05,3.200000000000000067e-01
4.309999999999999053e-05,3.200000000000000067e-01
4.319999999999999296e-05,2.999999999999999889e-01
4.329999999999999539e-05,2.999999999999999889e-01
4.339999999999999782e-05,2.999999999999999889e-01
4.350000000000000026e-05,2.999999999999999889e-01
4.360000000000000269e-05,2.999999999999999889e-01
4.369999999999997801e-05,3.200000000000000067e-01
4.379999999999998044e-05,3.200000000000000067e-01
4.389999999999998287e-05,3.200000000000000067e-01
4.399999999999998530e-05,3.200000000000000067e-01
4.409999999999998773e-05,3.200000000000000067e-01
4.419999999999999016e-05,3.200000000000000067e-01
4.429999999999999260e-05,3.400000000000000244e-01
4.439999999999999503e-05,3.400000000000000244e-01
4.449999999999999746e-05,3.400000000000000244e-01
4.459999999999999989e-05,3.200000000000000067e-01
4.470000000000000232e-05,2.999999999999999889e-01
4.479999999999997764e-05,2.800000000000000266e-01
4.489999999999998007e-05,2.800000000000000266e-01
4.499999999999998251e-05,2.999999999999999889e-01
4.509999999999998494e-05,2.800000000000000266e-01
4.519999999999998737e-05,2.600000000000000089e-01
4.529999999999998980e-05,2.600000000000000089e-01
4.539999999999999223e-05,2.600000000000000089e-01
4.549999999999999466e-05,2.600000000000000089e-01
4.559999999999999709e-05,2.800000000000000266e-01
4.569999999999999952e-05,2.399999999999999911e-01
4.580000000000000195e-05,2.800000000000000266e-01
4.589999999999997728e-05,2.399999999999999911e-01
4.599999999999997971e-05,2.399999999999999911e-01
4.609999999999998214e-05,2.200000000000000011e-01
4.619999999999998457e-05,2.600000000000000089e-01
4.629999999999998700e-05,2.399999999999999911e-01
4.639999999999998943e-05,2.200000000000000011e-01
4.649999999999999186e-05,2.399999999999999911e-01
4.659999999999999429e-05,2.399999999999999911e-01
4.669999999999999672e-05,2.399999999999999911e-01
4.679999999999999915e-05,2.000000000000000111e-01
4.690000000000000158e-05,2.399999999999999911e-01
4.699999999999997691e-05,2.399999999999999911e-01
4.709999999999997934e-05,2.399999999999999911e-01
4.719999999999998177e-05,2.200000000000000011e-01
4.729999999999998420e-05,2.000000000000000111e-01
4.739999999999998663e-05,2.200000000000000011e-01
4.749999999999998906e-05,2.200000000000000011e-01
4.759999999999999149e-05,2.000000000000000111e-01
4.769999999999999392e-05,2.000000000000000111e-01
4.779999999999999635e-05,2.200000000000000011e-01
4.789999999999999879e-05,2.399999999999999911e-01
4.800000000000000122e-05,2.000000000000000111e-01
4.809999999999997654e-05,2.200000000000000011e-01
4.819999999999997897e-05,2.000000000000000111e-01
4.829999999999998140e-05,2.399999999999999911e-01
4.839999999999998383e-05,2.000000000000000111e-01
4.849999999999998626e-05,2.200000000000000011e-01
4.859999999999998870e-05,2.000000000000000111e-01
4.869999999999999113e-05,2.200000000000000011e-01
4.879999999999999356e-05,2.399999999999999911e-01
4.889999999999999599e-05,2.200000000000000011e-01
4.899999999999999842e-05,2.600000000000000089e-01
4.910000000000000085e-05,2.200000000000000011e-01
4.919999999999997617e-05,2.800000000000000266e-01
4.929999999999997860e-05,2.600000000000000089e-01
4.939999999999998104e-05,2.600000000000000089e-01
4.949999999999998347e-05,2.600000000000000089e-01
4.959999999999998590e-05,2.600000000000000089e-01
4.969999999999998833e-05,2.800000000000000266e-01
4.979999999999999076e-05,2.600000000000000089e-01
4.989999999999999319e-05,2.999999999999999889e-01
4.999999999999999562e-05,2.600000000000000089e-01
5.009999999999999805e-05,2.600000000000000089e-01
5.020000000000000048e-05,2.800000000000000266e-01
5.029999999999997581e-05,2.600000000000000089e-01
5.039999999999997824e-05,2.399999999999999911e-01
5.049999999999998067e-05,2.399999999999999911e-01
5.059999999999998310e-05,2.399999999999999911e-01
5.069999999999998553e-05,2.399999999999999911e-01
5.079999999999998796e-05,2.399999999999999911e-01
5.089999999999999039e-05,2.399999999999999911e-01
5.099999999999999282e-05,2.399999999999999911e-01
5.109999999999999525e-05,2.200000000000000011e-01
5.119999999999999768e-05,2.200000000000000011e-01
5.130000000000000011e-05,2.200000000000000011e-01
5.140000000000000254e-05,2.200000000000000011e-01
5.149999999999997787e-05,2.200000000000000011e-01
5.159999999999998030e-05,2.200000000000000011e-01
5.169999999999998273e-05,2.399999999999999911e-01
5.179999999999998516e-05,2.000000000000000111e-01
5.189999999999998759e-05,2.000000000000000111e-01
5.199999999999999002e-05,2.000000000000000111e-01
5.209999999999999245e-05,2.000000000000000111e-01
5.219999999999999488e-05,1.799999999999999933e-01
5.229999999999999732e-05,2.000000000000000111e-01
5.239999999999999975e-05,2.000000000000000111e-01
5.250000000000000218e-05,2.000000000000000111e-01
5.259999999999997750e-05,2.200000000000000011e-01
5.269999999999997993e-05,1.799999999999999933e-01
5.279999999999998236e-05,2.000000000000000111e-01
5.289999999999998479e-05,2.000000000000000111e-01
5.299999999999998723e-05,1.799999999999999933e-01
5.309999999999998966e-05,1.799999999999999933e-01
5.319999999999999209e-05,1.799999999999999933e-01
5.329999999999999452e-05,2.200000000000000011e-01
5.339999999999999695e-05,1.799999999999999933e-01
5.349999999999999938e-05,1.799999999999999933e-01
5.360000000000000181e-05,2.200000000000000011e-01
5.369999999999997714e-05,2.000000000000000111e-01
5.379999999999997957e-05,2.000000000000000111e-01
5.389999999999998200e-05,2.000000000000000111e-01
5.399999999999998443e-05,2.000000000000000111e-01
5.409999999999998686e-05,2.200000000000000011e-01
5.419999999999998929e-05,2.200000000000000011e-01
5.429999999999999172e-05,2.200000000000000011e-01
5.439999999999999415e-05,2.399999999999999911e-01
5.449999999999999658e-05,2.600000000000000089e-01
5.459999999999999901e-05,2.800000000000000266e-01
5.470000000000000144e-05,2.399999999999999911e-01
5.479999999999997677e-05,2.600000000000000089e-01
5.489999999999997920e-05,2.800000000000000266e-01
5.499999999999998163e-05,2.800000000000000266e-01
5.509999999999998406e-05,2.600000000000000089e-01
5.519999999999998649e-05,2.600000000000000089e-01
5.529999999999998892e-05,2.800000000000000266e-01
5.539999999999999135e-05,2.800000000000000266e-01
5.549999999999999378e-05,2.800000000000000266e-01
5.559999999999999621e-05,2.800000000000000266e-01
5.569999999999999864e-05,2.800000000000000266e-01
5.580000000000000107e-05,2.800000000000000266e-01
5.589999999999997640e-05,2.999999999999999889e-01
5.599999999999997883e-05,2.800000000000000266e-01
5.609999999999998126e-05,2.800000000000000266e-01
5.619999999999998369e-05,2.600000000000000089e-01
5.629999999999998612e-05,2.600000000000000089e-01
5.639999999999998855e-05,2.600000000000000089e-01
5.649999999999999098e-05,2.800000000000000266e-01
5.659999999999999342e-05,2.800000000000000266e-01
5.669999999999999585e-05,2.399999999999999911e-01
5.679999999999999828e-05,2.600000000000000089e-01
5.690000000000000071e-05,2.399999999999999911e-01
5.699999999999997603e-05,2.800000000000000266e-01
5.709999999999997846e-05,2.399999999999999911e-01
5.719999999999998089e-05,2.399999999999999911e-01
5.729999999999998333e-05,2.200000000000000011e-01
5.739999999999998576e-05,2.200000000000000011e-01
5.749999999999998819e-05,2.000000000000000111e-01
5.759999999999999062e-05,2.000000000000000111e-01
5.769999999999999305e-05,2.200000000000000011e-01
5.779999999999999548e-05,2.399999999999999911e-01
5.789999999999999791e-05,2.200000000000000011e-01
5.800000000000000034e-05,2.200000000000000011e-01
5.809999999999997567e-05,2.000000000000000111e-01
5.819999999999997810e-05,2.000000000000000111e-01
5.829999999999998053e-05,2.000000000000000111e-01
5.839999999999998296e-05,2.000000000000000111e-01
5.849999999999998539e-05,2.000000000000000111e-01
5.859999999999998782e-05,2.200000000000000011e-01
5.869999999999999025e-05,2.000000000000000111e-01
5.879999999999999268e-05,1.600000000000000033e-01
5.889999999999999511e-05,2.000000000000000111e-01
5.899999999999999754e-05,1.600000000000000033e-01
5.909999999999999997e-05,1.799999999999999933e-01
5.919999999999997530e-05,1.799999999999999933e-01
5.929999999999997773e-05,1.799999999999999933e-01
5.939999999999998016e-05,1.799999999999999933e-01
5.949999999999998259e-05,1.799999999999999933e-01
5.959999999999998502e-05,1.799999999999999933e-01
5.969999999999998745e-05,1.799999999999999933e-01
5.979999999999998988e-05,1.799999999999999933e-01
5.989999999999999231e-05,2.000000000000000111e-01
5.999999999999999474e-05,1.799999999999999933e-01
6.009999999999999717e-05,1.799999999999999933e-01
6.019999999999999961e-05,1.799999999999999933e-01
6.030000000000000204e-05,1.799999999999999933e-01
6.039999999999997736e-05,1.600000000000000033e-01
6.049999999999997979e-05,2.000000000000000111e-01
6.059999999999998222e-05,1.799999999999999933e-01
6.069999999999998465e-05,2.000000000000000111e-01
6.079999999999998708e-05,2.000000000000000111e-01
6.089999999999998951e-05,1.799999999999999933e-01
6.099999999999999195e-05,1.799999999999999933e-01
6.109999999999999438e-05,2.000000000000000111e-01
6.119999999999999681e-05,2.200000000000000011e-01
6.129999999999999924e-05,2.200000000000000011e-01
6.140000000000000167e-05,2.200000000000000011e-01
6.149999999999997699e-05,2.000000000000000111e-01
6.159999999999997942e-05,2.600000000000000089e-01
6.169999999999998186e-05,2.200000000000000011e-01
6.179999999999998429e-05,2.000000000000000111e-01
6.189999999999998672e-05,2.000000000000000111e-01
6.199999999999998915e-05,2.000000000000000111e-01
6.209999999999999158e-05,2.200000000000000011e-01
6.219999999999999401e-05,2.200000000000000011e-01
6.229999999999999644e-05,2.399999999999999911e-01
6.239999999999999887e-05,2.399999999999999911e-01
6.250000000000000130e-05,2.200000000000000011e-01
6.259999999999997663e-05,2.000000000000000111e-01
6.269999999999997906e-05,2.200000000000000011e-01
6.279999999999998149e-05,2.000000000000000111e-01
6.289999999999998392e-05,2.399999999999999911e-01
6.299999999999998635e-05,2.200000000000000011e-01
6.309999999999998878e-05,2.000000000000000111e-01
6.319999999999999121e-05,2.200000000000000011e-01
6.329999999999999364e-05,2.000000000000000111e-01
6.339999999999999607e-05,1.799999999999999933e-01
6.349999999999999850e-05,1.799999999999999933e-01
6.360000000000000093e-05,2.000000000000000111e-01
6.369999999999997626e-05,1.799999999999999933e-01
6.379999999999997869e-05,1.799999999999999933e-01
6.389999999999998112e-05,2.000000000000000111e-01
6.399999999999998355e-05,1.600000000000000033e-01
6.409999999999998598e-05,1.799999999999999933e-01
6.419999999999998841e-05,1.600000000000000033e-01
6.429999999999999084e-05,2.000000000000000111e-01
6.439999999999999327e-05,1.799999999999999933e-01
6.449999999999999570e-05,1.799999999999999933e-01
6.459999999999999814e-05,1.600000000000000033e-01
6.470000000000000057e-05,1.799999999999999933e-01
6.479999999999997589e-05,1.799999999999999933e-01
6.489999999999997832e-05,1.799999999999999933e-01
6.499999999999998075e-05,1.600000000000000033e-01
6.509999999999998318e-05,1.799999999999999933e-01
6.519999999999998561e-05,1.799999999999999933e-01
6.529999999999998805e-05,1.799999999999999933e-01
6.539999999999999048e-05,1.799999999999999933e-01
6.549999999999999291e-05,1.799999999999999933e-01
6.559999999999999534e-05,2.200000000000000011e-01
6.569999999999999777e-05,1.799999999999999933e-01
6.580000000000000020e-05,2.200000000000000011e-01
6.589999999999997552e-05,2.200000000000000011e-01
6.599999999999997796e-05,2.600000000000000089e-01
6.609999999999998039e-05,2.399999999999999911e-01
6.619999999999998282e-05,2.200000000000000011e-01
6.629999999999998525e-05,2.600000000000000089e-01
6.639999999999998768e-05,2.800000000000000266e-01
6.649999999999999011e-05,2.800000000000000266e-01
6.659999999999999254e-05,2.600000000000000089e-01
6.669999999999999497e-05,2.399999999999999911e-01
6.679999999999999740e-05,2.399999999999999911e-01
6.689999999999999983e-05,2.399999999999999911e-01
6.699999999999997516e-05,2.200000000000000011e-01
6.709999999999997759e-05,2.200000000000000011e-01
6.719999999999998002e-05,2.200000000000000011e-01
6.729999999999998245e-05,2.200000000000000011e-01
6.739999999999998488e-05,2.000000000000000111e-01
6.749999999999998731e-05,1.799999999999999933e-01
6.759999999999998974e-05,1.799999999999999933e-01
6.769999999999999217e-05,1.799999999999999933e-01
6.779999999999999460e-05,2.000000000000000111e-01
6.789999999999999703e-05,1.799999999999999933e-01
6.799999999999999946e-05,1.600000000000000033e-01
6.810000000000000189e-05,2.000000000000000111e-01
6.819999999999997722e-05,1.600000000000000033e-01
6.829999999999997965e-05,1.600000000000000033e-01
6.839999999999998208e-05,1.799999999999999933e-01
6.849999999999998451e-05,1.600000000000000033e-01
6.859999999999998694e-05,1.600000000000000033e-01
6.869999999999998937e-05,1.600000000000000033e-01
6.879999999999999180e-05,1.600000000000000033e-01
6.889999999999999424e-05,1.400000000000000133e-01
6.899999999999999667e-05,1.600000000000000033e-01
6.909999999999999910e-05,1.600000000000000033e-01
6.920000000000000153e-05,1.400000000000000133e-01
6.929999999999997685e-05,1.199999999999999956e-01
6.939999999999997928e-05,1.400000000000000133e-01
6.949999999999998171e-05,1.600000000000000033e-01
6.959999999999998414e-05,1.400000000000000133e-01
6.969999999999998658e-05,1.600000000000000033e-01
6.979999999999998901e-05,1.400000000000000133e-01
6.989999999999999144e-05,1.400000000000000133e-01
6.999999999999999387e-05,1.400000000000000133e-01
7.009999999999999630e-05,1.600000000000000033e-01
7.019999999999999873e-05,1.400000000000000133e-01
7.030000000000000116e-05,1.400000000000000133e-01
7.039999999999997649e-05,1.400000000000000133e-01
7.049999999999997892e-05,1.400000000000000133e-01
7.059999999999998135e-05,1.799999999999999933e-01
7.069999999999998378e-05,1.400000000000000133e-01
7.079999999999998621e-05,1.600000000000000033e-01
7.089999999999998864e-05,1.600000000000000033e-01
7.099999999999999107e-05,1.400000000000000133e-01
7.109999999999999350e-05,1.199999999999999956e-01
7.119999999999999593e-05,1.400000000000000133e-01
7.129999999999999836e-05,1.400000000000000133e-01
7.140000000000000079e-05,1.600000000000000033e-01
7.149999999999997612e-05,1.600000000000000033e-01
7.159999999999997855e-05,1.600000000000000033e-01
7.169999999999998098e-05,1.400000000000000133e-01
7.179999999999998341e-05,1.400000000000000133e-01
7.189999999999998584e-05,1.600000000000000033e-01
7.199999999999998827e-05,1.600000000000000033e-01
7.209999999999999070e-05,1.799999999999999933e-01
7.219999999999999313e-05,1.799999999999999933e-01
7.229999999999999556e-05,2.000000000000000111e-01
7.239999999999999799e-05,2.399999999999999911e-01
7.250000000000000043e-05,2.399999999999999911e-01
7.259999999999997575e-05,2.600000000000000089e-01
7.269999999999997818e-05,2.600000000000000089e-01
7.279999999999998061e-05,2.800000000000000266e-01
7.289999999999998304e-05,2.600000000000000089e-01
7.299999999999998547e-05,2.800000000000000266e-01
7.309999999999998790e-05,2.800000000000000266e-01
7.319999999999999033e-05,2.399999999999999911e-01
7.329999999999999277e-05,2.399999999999999911e-01
7.339999999999999520e-05,2.399999999999999911e-01
7.349999999999999763e-05,2.000000000000000111e-01
7.360000000000000006e-05,2.200000000000000011e-01
7.369999999999997538e-05,2.000000000000000111e-01
7.379999999999997781e-05,2.000000000000000111e-01
7.389999999999998024e-05,1.799999999999999933e-01
7.399999999999998268e-05,1.799999999999999933e-01
7.409999999999998511e-05,1.799999999999999933e-01
7.419999999999998754e-05,2.000000000000000111e-01
7.429999999999998997e-05,2.200000000000000011e-01
7.439999999999999240e-05,2.000000000000000111e-01
7.449999999999999483e-05,1.600000000000000033e-01
7.459999999999999726e-05,1.799999999999999933e-01
7.469999999999999969e-05,1.799999999999999933e-01
7.479999999999997502e-05,1.799999999999999933e-01
7.489999999999997745e-05,1.600000000000000033e-01
7.499999999999997988e-05,1.799999999999999933e-01
7.509999999999998231e-05,1.600000000000000033e-01
7.519999999999998474e-05,1.799999999999999933e-01
7.529999999999998717e-05,1.799999999999999933e-01
7.539999999999998960e-05,1.799999999999999933e-01
7.549999999999999203e-05,2.000000000000000111e-01
7.559999999999999446e-05,1.600000000000000033e-01
7.569999999999999689e-05,2.000000000000000111e-01
7.579999999999999932e-05,1.799999999999999933e-01
7.589999999999997465e-05,2.000000000000000111e-01
7.599999999999997708e-05,2.000000000000000111e-01
7.609999999999997951e-05,1.799999999999999933e-01
7.619999999999998194e-05,2.000000000000000111e-01
7.629999999999998437e-05,2.000000000000000111e-01
7.639999999999998680e-05,2.000000000000000111e-01
7.649999999999998923e-05,2.000000000000000111e-01
7.659999999999999166e-05,2.000000000000000111e-01
7.669999999999999409e-05,2.000000000000000111e-01
7.679999999999999652e-05,2.399999999999999911e-01
7.689999999999999896e-05,2.200000000000000011e-01
7.700000000000000139e-05,2.200000000000000011e-01
7.709999999999997671e-05,1.799999999999999933e-01
7.719999999999997914e-05,2.000000000000000111e-01
7.729999999999998157e-05,2.000000000000000111e-01
7.739999999999998400e-05,1.799999999999999933e-01
7.749999999999998643e-05,1.799999999999999933e-01
7.759999999999998887e-05,2.000000000000000111e-01
7.769999999999999130e-05,2.000000000000000111e-01
7.779999999999999373e-05,2.000000000000000111e-01
7.789999999999999616e-05,1.799999999999999933e-01
7.799999999999999859e-05,2.000000000000000111e-01
7.810000000000000102e-05,1.799999999999999933e-01
7.819999999999997634e-05,1.799999999999999933e-01
7.829999999999997877e-05,1.799999999999999933e-01
7.839999999999998121e-05,1.799999999999999933e-01
7.849999999999998364e-05,2.000000000000000111e-01
7.859999999999998607e-05,1.600000000000000033e-01
7.869999999999998850e-05,1.799999999999999933e-01
7.879999999999999093e-05,1.600000000000000033e-01
7.889999999999999336e-05,1.799999999999999933e-01
7.899999999999999579e-05,1.799999999999999933e-01
7.909999999999999822e-05,1.600000000000000033e-01
7.920000000000000065e-05,1.600000000000000033e-01
7.929999999999997598e-05,1.600000000000000033e-01
7.939999999999997841e-05,1.400000000000000133e-01
7.949999999999998084e-05,1.400000000000000133e-01
7.959999999999998327e-05,1.799999999999999933e-01
7.969999999999998570e-05,1.600000000000000033e-01
7.979999999999998813e-05,1.600000000000000033e-01
7.989999999999999056e-05,1.799999999999999933e-01
7.999999999999999299e-05,1.799999999999999933e-01
8.009999999999999542e-05,1.600000000000000033e-01
8.019999999999999785e-05,1.799999999999999933e-01
8.030000000000000028e-05,1.799999999999999933e-01
8.039999999999997561e-05,1.600000000000000033e-01
8.049999999999997804e-05,1.799999999999999933e-01
8.059999999999998047e-05,1.600000000000000033e-01
8.069999999999998290e-05,1.799999999999999933e-01
8.079999999999998533e-05,1.799999999999999933e-01
8.089999999999998776e-05,1.799999999999999933e-01
8.099999999999999019e-05,1.600000000000000033e-01
8.109999999999999262e-05,1.600000000000000033e-01
8.119999999999999505e-05,2.000000000000000111e-01
8.129999999999999749e-05,2.000000000000000111e-01
8.139999999999999992e-05,2.200000000000000011e-01
8.149999999999997524e-05,2.000000000000000111e-01
8.159999999999997767e-05,2.000000000000000111e-01
8.169999999999998010e-05,2.000000000000000111e-01
8.179999999999998253e-05,2.000000000000000111e-01
8.189999999999998496e-05,2.000000000000000111e-01
8.199999999999998740e-05,1.799999999999999933e-01
8.209999999999998983e-05,2.000000000000000111e-01
8.219999999999999226e-05,2.000000000000000111e-01
8.229999999999999469e-05,1.799999999999999933e-01
8.239999999999999712e-05,1.799999999999999933e-01
8.249999999999999955e-05,2.000000000000000111e-01
8.259999999999997487e-05,1.799999999999999933e-01
8.269999999999997731e-05,1.799999999999999933e-01
8.279999999999997974e-05,1.600000000000000033e-01
8.289999999999998217e-05,1.400000000000000133e-01
8.299999999999998460e-05,2.000000000000000111e-01
8.309999999999998703e-05,1.799999999999999933e-01
8.319999999999998946e-05,1.600000000000000033e-01
8.329999999999999189e-05,1.799999999999999933e-01
8.339999999999999432e-05,1.799999999999999933e-01
8.349999999999999675e-05,1.600000000000000033e-01
8.359999999999999918e-05,1.600000000000000033e-01
8.369999999999997451e-05,1.600000000000000033e-01
8.379999999999997694e-05,1.799999999999999933e-01
8.389999999999997937e-05,1.400000000000000133e-01
8.399999999999998180e-05,1.400000000000000133e-01
8.409999999999998423e-05,1.600000000000000033e-01
8.419999999999998666e-05,1.799999999999999933e-01
8.429999999999998909e-05,1.400000000000000133e-01
8.439999999999999152e-05,1.600000000000000033e-01
8.449999999999999395e-05,1.400000000000000133e-01
8.459999999999999638e-05,1.400000000000000133e-01
8.469999999999999881e-05,1.400000000000000133e-01
8.479999999999997414e-05,1.400000000000000133e-01
8.489999999999997657e-05,1.400000000000000133e-01
8.499999999999997900e-05,1.600000000000000033e-01
8.509999999999998143e-05,1.400000000000000133e-01
8.519999999999998386e-05,1.600000000000000033e-01
8.529999999999998629e-05,1.400000000000000133e-01
8.539999999999998872e-05,1.600000000000000033e-01
8.549999999999999115e-05,1.600000000000000033e-01
8.559999999999999359e-05,1.600000000000000033e-01
8.569999999999999602e-05,1.600000000000000033e-01
8.579999999999999845e-05,1.799999999999999933e-01
8.590000000000000088e-05,1.400000000000000133e-01
8.599999999999997620e-05,1.400000000000000133e-01
8.609999999999997863e-05,1.799999999999999933e-01
8.619999999999998106e-05,1.799999999999999933e-01
8.629999999999998350e-05,1.799999999999999933e-01
8.639999999999998593e-05,1.799999999999999933e-01
8.649999999999998836e-05,1.799999999999999933e-01
8.659999999999999079e-05,2.200000000000000011e-01
8.669999999999999322e-05,2.399999999999999911e-01
8.679999999999999565e-05,2.399999999999999911e-01
8.689999999999999808e-05,2.399999999999999911e-01
8.700000000000000051e-05,2.399999999999999911e-01
8.709999999999997584e-05,2.399999999999999911e-01
8.719999999999997827e-05,2.600000000000000089e-01
8.729999999999998070e-05,2.399999999999999911e-01
8.739999999999998313e-05,2.600000000000000089e-01
8.749999999999998556e-05,2.600000000000000089e-01
8.759999999999998799e-05,2.600000000000000089e-01
8.769999999999999042e-05,2.600000000000000089e-01
8.779999999999999285e-05,2.399999999999999911e-01
8.789999999999999528e-05,2.600000000000000089e-01
8.799999999999999771e-05,2.399999999999999911e-01
8.810000000000000014e-05,2.600000000000000089e-01
8.819999999999997547e-05,2.399999999999999911e-01
8.829999999999997790e-05,2.200000000000000011e-01
8.839999999999998033e-05,2.399999999999999911e-01
8.849999999999998276e-05,2.200000000000000011e-01
8.859999999999998519e-05,2.399999999999999911e-01
8.869999999999998762e-05,2.000000000000000111e-01
8.879999999999999005e-05,2.000000000000000111e-01
8.889999999999999248e-05,2.000000000000000111e-01
8.899999999999999491e-05,2.000000000000000111e-01
8.909999999999999734e-05,1.600000000000000033e-01
8.919999999999999978e-05,2.000000000000000111e-01
8.929999999999997510e-05,1.799999999999999933e-01
8.939999999999997753e-05,1.799999999999999933e-01
8.949999999999997996e-05,2.000000000000000111e-01
8.959999999999998239e-05,1.799999999999999933e-01
8.969999999999998482e-05,1.600000000000000033e-01
8.979999999999998725e-05,1.600000000000000033e-01
8.989999999999998968e-05,1.799999999999999933e-01
8.999999999999999212e-05,1.600000000000000033e-01
9.009999999999999455e-05,1.799999999999999933e-01
9.019999999999999698e-05,1.600000000000000033e-01
9.029999999999999941e-05,1.799999999999999933e-01
9.039999999999997473e-05,1.600000000000000033e-01
9.049999999999997716e-05,1.600000000000000033e-01
9.059999999999997959e-05,1.600000000000000033e-01
9.069999999999998203e-05,1.600000000000000033e-01
9.079999999999998446e-05,1.600000000000000033e-01
9.089999999999998689e-05,1.199999999999999956e-01
9.099999999999998932e-05,1.400000000000000133e-01
9.109999999999999175e-05,1.799999999999999933e-01
9.119999999999999418e-05,1.600000000000000033e-01
9.129999999999999661e-05,1.799999999999999933e-01
9.139999999999999904e-05,1.600000000000000033e-01
9.149999999999997437e-05,1.400000000000000133e-01
9.159999999999997680e-05,1.600000000000000033e-01
9.169999999999997923e-05,1.600000000000000033e-01
9.179999999999998166e-05,1.400000000000000133e-01
9.189999999999998409e-05,1.600000000000000033e-01
9.199999999999998652e-05,1.600000000000000033e-01
9.209999999999998895e-05,1.799999999999999933e-01
9.219999999999999138e-05,1.799999999999999933e-01
9.229999999999999381e-05,1.400000000000000133e-01
9.239999999999999624e-05,1.799999999999999933e-01
9.249999999999999867e-05,1.799999999999999933e-01
9.259999999999997400e-05,1.799999999999999933e-01
9.269999999999997643e-05,1.799999999999999933e-01
9.279999999999997886e-05,1.600000000000000033e-01
9.289999999999998129e-05,2.000000000000000111e-01
9.299999999999998372e-05,2.000000000000000111e-01
9.309999999999998615e-05,2.000000000000000111e-01
9.319999999999998858e-05,2.200000000000000011e-01
9.329999999999999101e-05,2.000000000000000111e-01
9.339999999999999344e-05,2.200000000000000011e-01
9.349999999999999587e-05,2.200000000000000011e-01
9.359999999999999831e-05,2.000000000000000111e-01
9.369999999999997363e-05,2.000000000000000111e-01
9.379999999999997606e-05,1.799999999999999933e-01
9.389999999999997849e-05,1.799999999999999933e-01
9.399999999999998092e-05,2.000000000000000111e-01
9.409999999999998335e-05,2.000000000000000111e-01
9.419999999999998578e-05,1.799999999999999933e-01
9.429999999999998822e-05,1.600000000000000033e-01
9.439999999999999065e-05,1.600000000000000033e-01
9.449999999999999308e-05,2.000000000000000111e-01
9.459999999999999551e-05,1.799999999999999933e-01
9.469999999999999794e-05,1.799999999999999933e-01
9.480000000000000037e-05,1.400000000000000133e-01
9.489999999999997569e-05,1.600000000000000033e-01
9.499999999999997813e-05,1.600000000000000033e-01
9.509999999999998056e-05,1.400000000000000133e-01
9.519999999999998299e-05,1.400000000000000133e-01
9.529999999999998542e-05,1.600000000000000033e-01
9.539999999999998785e-05,1.600000000000000033e-01
9.549999999999999028e-05,1.799999999999999933e-01
9.559999999999999271e-05,1.600000000000000033e-01
9.569999999999999514e-05,1.600000000000000033e-01
9.579999999999999757e-05,1.600000000000000033e-01
9.590000000000000000e-05,1.400000000000000133e-01
9.599999999999997533e-05,1.400000000000000133e-01
9.609999999999997776e-05,1.799999999999999933e-01
9.619999999999998019e-05,1.600000000000000033e-01
9.629999999999998262e-05,1.400000000000000133e-01
9.639999999999998505e-05,1.400000000000000133e-01
9.649999999999998748e-05,1.600000000000000033e-01
9.659999999999998991e-05,1.600000000000000033e-01
9.669999999999999234e-05,1.199999999999999956e-01
9.679999999999999477e-05,1.400000000000000133e-01
9.689999999999999720e-05,1.799999999999999933e-01
9.699999999999999963e-05,1.199999999999999956e-01
9.709999999999997496e-05,1.199999999999999956e-01
9.719999999999997739e-05,1.400000000000000133e-01
9.729999999999997982e-05,1.400000000000000133e-01
9.739999999999998225e-05,1.400000000000000133e-01
9.749999999999998468e-05,1.400000000000000133e-01
9.759999999999998711e-05,1.600000000000000033e-01
9.769999999999998954e-05,1.400000000000000133e-01
9.779999999999999197e-05,1.600000000000000033e-01
9.789999999999999441e-05,1.600000000000000033e-01
9.799999999999999684e-05,1.600000000000000033e-01
9.809999999999999927e-05,1.799999999999999933e-01
9.819999999999997459e-05,1.799999999999999933e-01
9.829999999999997702e-05,1.799999999999999933e-01
9.839999999999997945e-05,1.799999999999999933e-01
9.849999999999998188e-05,2.000000000000000111e-01
9.859999999999998431e-05,1.799999999999999933e-01
9.869999999999998675e-05,2.200000000000000011e-01
9.879999999999998918e-05,2.000000000000000111e-01
9.889999999999999161e-05,2.200000000000000011e-01
9.899999999999999404e-05,2.200000000000000011e-01
9.909999999999999647e-05,2.200000000000000011e-01
9.919999999999999890e-05,2.200000000000000011e-01
9.929999999999997422e-05,2.200000000000000011e-01
9.939999999999997666e-05,2.399999999999999911e-01
9.949999999999997909e-05,2.200000000000000011e-01
9.959999999999998152e-05,2.200000000000000011e-01
9.969999999999998395e-05,2.200000000000000011e-01
9.979999999999998638e-05,2.200000000000000011e-01
9.989999999999998881e-05,2.200000000000000011e-01
9.999999999999999124e-05,2.000000000000000111e-01
1.000999999999999937e-04,2.000000000000000111e-01
1.001999999999999961e-04,2.200000000000000011e-01
1.002999999999999985e-04,2.000000000000000111e-01
1.003999999999999739e-04,2.000000000000000111e-01
1.004999999999999763e-04,2.000000000000000111e-01
1.005999999999999787e-04,1.799999999999999933e-01
1.006999999999999811e-04,1.799999999999999933e-01
1.007999999999999836e-04,1.799999999999999933e-01
1.008999999999999860e-04,1.799999999999999933e-01
1.009999999999999884e-04,2.000000000000000111e-01
1.010999999999999909e-04,1.600000000000000033e-01
1.011999999999999933e-04,2.200000000000000011e-01
1.012999999999999957e-04,1.799999999999999933e-01
1.013999999999999982e-04,1.600000000000000033e-01
1.014999999999999735e-04,1.600000000000000033e-01
1.015999999999999759e-04,1.600000000000000033e-01
1.016999999999999784e-04,1.600000000000000033e-01
1.017999999999999808e-04,1.600000000000000033e-01
1.018999999999999832e-04,1.799999999999999933e-01
1.019999999999999856e-04,1.799999999999999933e-01
1.020999999999999881e-04,1.600000000000000033e-01
1.021999999999999905e-04,1.600000000000000033e-01
1.022999999999999929e-04,1.600000000000000033e-01
1.023999999999999954e-04,1.600000000000000033e-01
1.024999999999999978e-04,1.400000000000000133e-01
1.026000000000000002e-04,1.600000000000000033e-01
1.026999999999999756e-04,1.400000000000000133e-01
1.027999999999999780e-04,1.799999999999999933e-01
1.028999999999999804e-04,1.400000000000000133e-01
1.029999999999999828e-04,1.400000000000000133e-01
1.030999999999999853e-04,1.600000000000000033e-01
1.031999999999999877e-04,1.400000000000000133e-01
1.032999999999999901e-04,1.600000000000000033e-01
1.033999999999999926e-04,1.600000000000000033e-01
1.034999999999999950e-04,1.400000000000000133e-01
1.035999999999999974e-04,1.199999999999999956e-01
1.036999999999999999e-04,1.600000000000000033e-01
1.037999999999999752e-04,1.400000000000000133e-01
1.038999999999999776e-04,1.600000000000000033e-01
1.039999999999999800e-04,1.799999999999999933e-01
1.040999999999999825e-04,1.600000000000000033e-01
1.041999999999999849e-04,1.600000000000000033e-01
1.042999999999999873e-04,1.600000000000000033e-01
1.043999999999999898e-04,1.799999999999999933e-01
1.044999999999999922e-04,1.799999999999999933e-01
1.045999999999999946e-04,1.600000000000000033e-01
1.046999999999999971e-04,1.799999999999999933e-01
1.047999999999999995e-04,1.600000000000000033e-01
1.048999999999999748e-04,2.000000000000000111e-01
1.049999999999999772e-04,2.000000000000000111e-01
1.050999999999999797e-04,2.000000000000000111e-01
1.051999999999999821e-04,2.399999999999999911e-01
1.052999999999999845e-04,2.000000000000000111e-01
1.053999999999999870e-04,2.200000000000000011e-01
1.054999999999999894e-04,2.000000000000000111e-01
1.055999999999999918e-04,2.200000000000000011e-01
1.056999999999999943e-04,2.200000000000000011e-01
1.057999999999999967e-04,2.000000000000000111e-01
1.058999999999999991e-04,2.000000000000000111e-01
1.059999999999999745e-04,2.000000000000000111e-01
1.060999999999999769e-04,2.000000000000000111e-01
1.061999999999999793e-04,1.799999999999999933e-01
1.062999999999999817e-04,1.600000000000000033e-01
1.063999999999999842e-04,2.000000000000000111e-01
1.064999999999999866e-04,2.000000000000000111e-01
1.065999999999999890e-04,1.799999999999999933e-01
1.066999999999999915e-04,1.600000000000000033e-01
1.067999999999999939e-04,1.799999999999999933e-01
1.068999999999999963e-04,1.799999999999999933e-01
1.069999999999999988e-04,1.799999999999999933e-01
1.070999999999999741e-04,1.400000000000000133e-01
1.071999999999999765e-04,1.600000000000000033e-01
1.072999999999999789e-04,1.600000000000000033e-01
1.073999999999999814e-04,1.600000000000000033e-01
1.074999999999999838e-04,1.600000000000000033e-01
1.075999999999999862e-04,1.400000000000000133e-01
1.076999999999999887e-04,1.600000000000000033e-01
1.077999999999999911e-04,1.400000000000000133e-01
1.078999999999999935e-04,1.199999999999999956e-01
1.079999999999999960e-04,1.600000000000000033e-01
1.080999999999999984e-04,1.400000000000000133e-01
1.081999999999999737e-04,1.400000000000000133e-01
1.082999999999999761e-04,1.400000000000000133e-01
1.083999999999999786e-04,1.400000000000000133e-01
1.084999999999999810e-04,1.199999999999999956e-01
1.085999999999999834e-04,1.400000000000000133e-01
1.086999999999999859e-04,1.600000000000000033e-01
1.087999999999999883e-04,1.400000000000000133e-01
1.088999999999999907e-04,1.400000000000000133e-01
1.089999999999999932e-04,1.600000000000000033e-01
1.090999999999999956e-04,1.600000000000000033e-01
1.091999999999999980e-04,1.600000000000000033e-01
1.092999999999999733e-04,2.000000000000000111e-01
1.093999999999999758e-04,2.000000000000000111e-01
1.094999999999999782e-04,2.000000000000000111e-01
1.095999999999999806e-04,2.399999999999999911e-01
1.096999999999999831e-04,2.600000000000000089e-01
1.097999999999999855e-04,2.399999999999999911e-01
1.098999999999999879e-04,2.399999999999999911e-01
1.099999999999999904e-04,2.800000000000000266e-01
1.100999999999999928e-04,2.600000000000000089e-01
1.101999999999999952e-04,2.800000000000000266e-01
1.102999999999999977e-04,2.399999999999999911e-01
1.103999999999999730e-04,2.600000000000000089e-01
1.104999999999999754e-04,2.200000000000000011e-01
1.105999999999999778e-04,1.799999999999999933e-01
1.106999999999999803e-04,2.000000000000000111e-01
1.107999999999999827e-04,1.799999999999999933e-01
1.108999999999999851e-04,2.000000000000000111e-01
1.109999999999999876e-04,1.600000000000000033e-01
1.110999999999999900e-04,2.000000000000000111e-01
1.111999999999999924e-04,1.799999999999999933e-01
1.112999999999999949e-04,1.600000000000000033e-01
1.113999999999999973e-04,1.600000000000000033e-01
1.114999999999999997e-04,1.600000000000000033e-01
1.115999999999999750e-04,1.600000000000000033e-01
1.116999999999999775e-04,1.400000000000000133e-01
1.117999999999999799e-04,1.799999999999999933e-01
1.118999999999999823e-04,1.799999999999999933e-01
1.119999999999999848e-04,1.600000000000000033e-01
1.120999999999999872e-04,1.400000000000000133e-01
1.121999999999999896e-04,1.400000000000000133e-01
1.122999999999999921e-04,1.600000000000000033e-01
1.123999999999999945e-04,1.600000000000000033e-01
1.124999999999999969e-04,1.199999999999999956e-01
1.125999999999999994e-04,1.199999999999999956e-01
1.126999999999999747e-04,1.400000000000000133e-01
1.127999999999999771e-04,1.199999999999999956e-01
1.128999999999999795e-04,1.199999999999999956e-01
1.129999999999999820e-04,1.400000000000000133e-01
1.130999999999999844e-04,1.400000000000000133e-01
1.131999999999999868e-04,1.400000000000000133e-01
1.132999999999999893e-04,1.400000000000000133e-01
1.133999999999999917e-04,1.400000000000000133e-01
1.134999999999999941e-04,1.199999999999999956e-01
1.135999999999999966e-04,1.000000000000000056e-01
1.136999999999999990e-04,1.199999999999999956e-01
1.137999999999999743e-04,1.199999999999999956e-01
1.138999999999999767e-04,1.400000000000000133e-01
1.139999999999999792e-04,1.400000000000000133e-01
1.140999999999999816e-04,1.199999999999999956e-01
1.141999999999999840e-04,1.400000000000000133e-01
1.142999999999999865e-04,1.400000000000000133e-01
1.143999999999999889e-04,1.400000000000000133e-01
1.144999999999999913e-04,1.199999999999999956e-01
1.145999999999999938e-04,1.199999999999999956e-01
1.146999999999999962e-04,1.199999999999999956e-01
1.147999999999999986e-04,1.400000000000000133e-01
1.148999999999999739e-04,1.199999999999999956e-01
1.149999999999999764e-04,1.400000000000000133e-01
1.150999999999999788e-04,1.400000000000000133e-01
1.151999999999999812e-04,1.199999999999999956e-01
1.152999999999999837e-04,1.600000000000000033e-01
1.153999999999999861e-04,1.799999999999999933e-01
1.154999999999999885e-04,2.000000000000000111e-01
1.155999999999999910e-04,2.000000000000000111e-01
1.156999999999999934e-04,2.200000000000000011e-01
1.157999999999999958e-04,2.200000000000000011e-01
1.158999999999999982e-04,2.600000000000000089e-01
1.159999999999999736e-04,2.800000000000000266e-01
1.160999999999999760e-04,2.600000000000000089e-01
1.161999999999999784e-04,2.800000000000000266e-01
1.162999999999999809e-04,2.600000000000000089e-01
1.163999999999999833e-04,2.800000000000000266e-01
1.164999999999999857e-04,2.600000000000000089e-01
1.165999999999999882e-04,2.200000000000000011e-01
1.166999999999999906e-04,2.399999999999999911e-01
1.167999999999999930e-04,2.000000000000000111e-01
1.168999999999999955e-04,2.200000000000000011e-01
1.169999999999999979e-04,2.200000000000000011e-01
1.170999999999999732e-04,2.000000000000000111e-01
1.171999999999999756e-04,2.000000000000000111e-01
1.172999999999999781e-04,2.000000000000000111e-01
1.173999999999999805e-04,2.200000000000000011e-01
1.174999999999999829e-04,1.799999999999999933e-01
1.175999999999999854e-04,2.000000000000000111e-01
1.176999999999999878e-04,1.600000000000000033e-01
1.177999999999999902e-04,1.600000000000000033e-01
1.178999999999999927e-04,1.799999999999999933e-01
1.179999999999999951e-04,1.799999999999999933e-01
1.180999999999999975e-04,1.600000000000000033e-01
1.181999999999999728e-04,1.400000000000000133e-01
1.182999999999999753e-04,1.400000000000000133e-01
1.183999999999999777e-04,1.400000000000000133e-01
1.184999999999999801e-04,1.400000000000000133e-01
1.185999999999999826e-04,1.400000000000000133e-01
1.186999999999999850e-04,1.400000000000000133e-01
1.187999999999999874e-04,1.400000000000000133e-01
1.188999999999999899e-04,1.199999999999999956e-01
1.189999999999999923e-04,1.400000000000000133e-01
1.190999999999999947e-04,1.400000000000000133e-01
1.191999999999999971e-04,1.600000000000000033e-01
1.192999999999999996e-04,1.600000000000000033e-01
1.193999999999999749e-04,1.199999999999999956e-01
1.194999999999999773e-04,1.400000000000000133e-01
1.195999999999999798e-04,1.199999999999999956e-01
1.196999999999999822e-04,1.400000000000000133e-01
1.197999999999999846e-04,1.600000000000000033e-01
1.198999999999999871e-04,1.199999999999999956e-01
1.199999999999999895e-04,1.400000000000000133e-01
1.200999999999999919e-04,1.400000000000000133e-01
1.201999999999999943e-04,1.199999999999999956e-01
1.202999999999999697e-04,1.400000000000000133e-01
1.203999999999999721e-04,1.400000000000000133e-01
1.204999999999999745e-04,1.400000000000000133e-01
1.205999999999999770e-04,1.199999999999999956e-01
1.206999999999999794e-04,1.400000000000000133e-01
1.207999999999999818e-04,1.400000000000000133e-01
1.208999999999999843e-04,1.799999999999999933e-01
1.209999999999999867e-04,1.600000000000000033e-01
1.210999999999999891e-04,1.600000000000000033e-01
1.211999999999999916e-04,1.600000000000000033e-01
1.212999999999999940e-04,1.799999999999999933e-01
1.213999999999999964e-04,1.799999999999999933e-01
1.214999999999999988e-04,1.799999999999999933e-01
1.216000000000000013e-04,1.799999999999999933e-01
1.217000000000000037e-04,2.200000000000000011e-01
1.218000000000000061e-04,2.200000000000000011e-01
1.219000000000000086e-04,2.399999999999999911e-01
1.220000000000000110e-04,2.200000000000000011e-01
1.220999999999999592e-04,2.399999999999999911e-01
1.221999999999999616e-04,2.399999999999999911e-01
1.222999999999999641e-04,2.000000000000000111e-01
1.223999999999999665e-04,2.200000000000000011e-01
1.224999999999999689e-04,2.000000000000000111e-01
1.225999999999999714e-04,2.399999999999999911e-01
1.226999999999999738e-04,2.200000000000000011e-01
1.227999999999999762e-04,2.000000000000000111e-01
1.228999999999999787e-04,1.799999999999999933e-01
1.229999999999999811e-04,1.799999999999999933e-01
1.230999999999999835e-04,1.600000000000000033e-01
1.231999999999999860e-04,2.000000000000000111e-01
1.232999999999999884e-04,1.600000000000000033e-01
1.233999999999999908e-04,1.799999999999999933e-01
1.234999999999999932e-04,1.799999999999999933e-01
1.235999999999999957e-04,1.600000000000000033e-01
1.236999999999999981e-04,1.600000000000000033e-01
1.238000000000000005e-04,1.799999999999999933e-01
1.239000000000000030e-04,1.400000000000000133e-01
1.240000000000000054e-04,1.600000000000000033e-01
1.241000000000000078e-04,1.400000000000000133e-01
1.242000000000000103e-04,1.600000000000000033e-01
1.243000000000000127e-04,1.600000000000000033e-01
1.243999999999999609e-04,1.600000000000000033e-01
1.244999999999999633e-04,1.199999999999999956e-01
1.245999999999999658e-04,1.400000000000000133e-01
1.246999999999999682e-04,1.600000000000000033e-01
1.247999999999999706e-04,1.199999999999999956e-01
1.248999999999999731e-04,1.199999999999999956e-01
1.249999999999999755e-04,1.400000000000000133e-01
1.250999999999999779e-04,1.400000000000000133e-01
1.251999999999999804e-04,1.400000000000000133e-01
1.252999999999999828e-04,1.400000000000000133e-01
1.253999999999999852e-04,1.400000000000000133e-01
1.254999999999999877e-04,1.400000000000000133e-01
1.255999999999999901e-04,1.199999999999999956e-01
1.256999999999999925e-04,1.400000000000000133e-01
1.257999999999999949e-04,1.600000000000000033e-01
1.258999999999999974e-04,1.400000000000000133e-01
1.259999999999999998e-04,1.199999999999999956e-01
