time_s,voltage_V
-6.000000000000000152e-05,-4.000000000000000083e-02
-5.959999999999999857e-05,-2.000000000000000042e-02
-5.920000000000000240e-05,-2.000000000000000042e-02
-5.879999999999999946e-05,-2.000000000000000042e-02
-5.840000000000000329e-05,-2.000000000000000042e-02
-5.800000000000000034e-05,-4.000000000000000083e-02
-5.760000000000000417e-05,-2.000000000000000042e-02
-5.720000000000000122e-05,-4.000000000000000083e-02
-5.679999999999999828e-05,-4.000000000000000083e-02
-5.640000000000000211e-05,-2.000000000000000042e-02
-5.599999999999999916e-05,-2.000000000000000042e-02
-5.560000000000000299e-05,-2.000000000000000042e-02
-5.520000000000000004e-05,-4.000000000000000083e-02
-5.480000000000000387e-05,-4.000000000000000083e-02
-5.440000000000000093e-05,-4.000000000000000083e-02
-5.399999999999999798e-05,-4.000000000000000083e-02
-5.360000000000000181e-05,-2.000000000000000042e-02
-5.320000000000000564e-05,-4.000000000000000083e-02
-5.280000000000000269e-05,-5.999999999999999778e-02
-5.239999999999999975e-05,-4.000000000000000083e-02
-5.200000000000000358e-05,-4.000000000000000083e-02
-5.160000000000000063e-05,-4.000000000000000083e-02
-5.119999999999999768e-05,-4.000000000000000083e-02
-5.080000000000000151e-05,-4.000000000000000083e-02
-5.040000000000000534e-05,-2.000000000000000042e-02
-5.000000000000000240e-05,-4.000000000000000083e-02
-4.959999999999999945e-05,-4.000000000000000083e-02
-4.920000000000000328e-05,-2.000000000000000042e-02
-4.880000000000000033e-05,-4.000000000000000083e-02
-4.840000000000000416e-05,-4.000000000000000083e-02
-4.800000000000000122e-05,-4.000000000000000083e-02
-4.760000000000000505e-05,-2.000000000000000042e-02
-4.720000000000000210e-05,-4.000000000000000083e-02
-4.679999999999999915e-05,-5.999999999999999778e-02
-4.640000000000000298e-05,-4.000000000000000083e-02
-4.600000000000000004e-05,-5.999999999999999778e-02
-4.560000000000000387e-05,0.000000000000000000e+00
-4.520000000000000092e-05,-2.000000000000000042e-02
-4.480000000000000475e-05,-5.999999999999999778e-02
-4.440000000000000180e-05,-4.000000000000000083e-02
-4.399999999999999886e-05,0.000000000000000000e+00
-4.360000000000000269e-05,-2.000000000000000042e-02
-4.320000000000000652e-05,-4.000000000000000083e-02
-4.280000000000000357e-05,-2.000000000000000042e-02
-4.240000000000000062e-05,-2.000000000000000042e-02
-4.200000000000000445e-05,-2.000000000000000042e-02
-4.160000000000000151e-05,-2.000000000000000042e-02
-4.119999999999999856e-05,-4.000000000000000083e-02
-4.080000000000000239e-05,-2.000000000000000042e-02
-4.040000000000000622e-05,-4.000000000000000083e-02
-4.000000000000000327e-05,-4.000000000000000083e-02
-3.960000000000000033e-05,-4.000000000000000083e-02
-3.920000000000000416e-05,-2.000000000000000042e-02
-3.880000000000000121e-05,-2.000000000000000042e-02
-3.839999999999999826e-05,-2.000000000000000042e-02
-3.800000000000000209e-05,-2.000000000000000042e-02
-3.760000000000000592e-05,-4.000000000000000083e-02
-3.720000000000000298e-05,-5.999999999999999778e-02
-3.680000000000000003e-05,-4.000000000000000083e-02
-3.640000000000000386e-05,-2.000000000000000042e-02
-3.600000000000000091e-05,-4.000000000000000083e-02
-3.559999999999999797e-05,-4.000000000000000083e-02
-3.520000000000000180e-05,-4.000000000000000083e-02
-3.480000000000000563e-05,-4.000000000000000083e-02
-3.440000000000000268e-05,-2.000000000000000042e-02
-3.399999999999999973e-05,-5.999999999999999778e-02
-3.360000000000000356e-05,-4.000000000000000083e-02
-3.320000000000000739e-05,-4.000000000000000083e-02
-3.280000000000000444e-05,-4.000000000000000083e-02
-3.240000000000000150e-05,-2.000000000000000042e-02
-3.200000000000000533e-05,-2.000000000000000042e-02
-3.160000000000000238e-05,-4.000000000000000083e-02
-3.119999999999999944e-05,-2.000000000000000042e-02
-3.080000000000000326e-05,-2.000000000000000042e-02
-3.040000000000000371e-05,-2.000000000000000042e-02
-3.000000000000000415e-05,-2.000000000000000042e-02
-2.960000000000000120e-05,-4.000000000000000083e-02
-2.920000000000000503e-05,-4.000000000000000083e-02
-2.880000000000000208e-05,-4.000000000000000083e-02
-2.840000000000000591e-05,-2.000000000000000042e-02
-2.800000000000000297e-05,-2.000000000000000042e-02
-2.760000000000000002e-05,0.000000000000000000e+00
-2.720000000000000385e-05,-2.000000000000000042e-02
-2.680000000000000090e-05,-5.999999999999999778e-02
-2.640000000000000473e-05,0.000000000000000000e+00
-2.600000000000000179e-05,0.000000000000000000e+00
-2.560000000000000562e-05,-2.000000000000000042e-02
-2.520000000000000267e-05,-5.999999999999999778e-02
-2.479999999999999972e-05,-4.000000000000000083e-02
-2.440000000000000355e-05,-4.000000000000000083e-02
-2.400000000000000061e-05,-4.000000000000000083e-02
-2.360000000000000444e-05,-2.000000000000000042e-02
-2.320000000000000149e-05,-4.000000000000000083e-02
-2.280000000000000532e-05,-4.000000000000000083e-02
-2.240000000000000237e-05,-2.000000000000000042e-02
-2.200000000000000620e-05,-5.999999999999999778e-02
-2.160000000000000326e-05,-4.000000000000000083e-02
-2.120000000000000031e-05,-4.000000000000000083e-02
-2.080000000000000414e-05,-4.000000000000000083e-02
-2.040000000000000119e-05,0.000000000000000000e+00
-2.000000000000000502e-05,-2.000000000000000042e-02
-1.960000000000000208e-05,-4.000000000000000083e-02
-1.920000000000000591e-05,-2.000000000000000042e-02
-1.880000000000000296e-05,-4.000000000000000083e-02
-1.840000000000000679e-05,-5.999999999999999778e-02
-1.800000000000000384e-05,-5.999999999999999778e-02
-1.760000000000000090e-05,-2.000000000000000042e-02
-1.720000000000000473e-05,-4.000000000000000083e-02
-1.680000000000000178e-05,-2.000000000000000042e-02
-1.640000000000000561e-05,-4.000000000000000083e-02
-1.600000000000000266e-05,-4.000000000000000083e-02
-1.560000000000000649e-05,-4.000000000000000083e-02
-1.520000000000000355e-05,-4.000000000000000083e-02
-1.480000000000000060e-05,-2.000000000000000042e-02
-1.440000000000000443e-05,-4.000000000000000083e-02
-1.400000000000000148e-05,-2.000000000000000042e-02
-1.360000000000000531e-05,-2.000000000000000042e-02
-1.320000000000000237e-05,-4.000000000000000083e-02
-1.280000000000000620e-05,-5.999999999999999778e-02
-1.240000000000000325e-05,-2.000000000000000042e-02
-1.200000000000000030e-05,-5.999999999999999778e-02
-1.160000000000000413e-05,-5.999999999999999778e-02
-1.120000000000000119e-05,-2.000000000000000042e-02
-1.080000000000000502e-05,-2.000000000000000042e-02
-1.040000000000000207e-05,-2.000000000000000042e-02
-1.000000000000000590e-05,-4.000000000000000083e-02
-9.600000000000002954e-06,-4.000000000000000083e-02
-9.200000000000006783e-06,-5.999999999999999778e-02
-8.800000000000003837e-06,-5.999999999999999778e-02
-8.400000000000000890e-06,-2.000000000000000042e-02
-8.000000000000004720e-06,-2.000000000000000042e-02
-7.600000000000001774e-06,-5.999999999999999778e-02
-7.200000000000005603e-06,-5.999999999999999778e-02
-6.800000000000002657e-06,-4.000000000000000083e-02
-6.400000000000006487e-06,-4.000000000000000083e-02
-6.000000000000003540e-06,-2.000000000000000042e-02
-5.600000000000007370e-06,-4.000000000000000083e-02
-5.200000000000004423e-06,-4.000000000000000083e-02
-4.800000000000001477e-06,-4.000000000000000083e-02
-4.400000000000005307e-06,0.000000000000000000e+00
-4.000000000000002360e-06,-2.000000000000000042e-02
-3.600000000000006190e-06,-4.000000000000000083e-02
-3.200000000000003243e-06,-4.000000000000000083e-02
-2.800000000000007073e-06,-2.000000000000000042e-02
-2.400000000000004127e-06,-4.000000000000000083e-02
-2.000000000000001180e-06,-2.000000000000000042e-02
-1.600000000000005010e-06,-4.000000000000000083e-02
-1.200000000000002063e-06,0.000000000000000000e+00
-8.000000000000058930e-07,-4.000000000000000083e-02
-4.000000000000029465e-07,-2.000000000000000042e-02
-6.776263578034402713e-21,-4.000000000000000083e-02
3.999999999999961703e-07,-2.000000000000000042e-02
7.999999999999991168e-07,-4.000000000000000083e-02
1.199999999999995287e-06,-2.000000000000000042e-02
1.599999999999991457e-06,-4.000000000000000083e-02
2.000000000000001180e-06,-2.000000000000000042e-02
2.399999999999997350e-06,-2.000000000000000042e-02
2.799999999999993521e-06,1.760000000000000009e+00
3.199999999999989691e-06,2.000000000000000111e-01
3.599999999999999414e-06,1.199999999999999956e-01
3.999999999999995584e-06,1.199999999999999956e-01
4.399999999999991754e-06,8.599999999999999867e-01
4.800000000000001477e-06,4.000000000000000222e-01
5.199999999999997647e-06,2.800000000000000266e-01
5.599999999999993817e-06,2.000000000000000111e-01
5.999999999999989988e-06,1.620000000000000107e+00
6.399999999999999710e-06,4.400000000000000022e-01
6.799999999999995881e-06,3.400000000000000244e-01
7.199999999999992051e-06,2.999999999999999889e-01
7.600000000000001774e-06,2.560000000000000053e+00
7.999999999999997944e-06,6.400000000000000133e-01
8.399999999999994114e-06,5.000000000000000000e-01
8.799999999999990284e-06,4.600000000000000200e-01
9.200000000000000007e-06,4.000000000000000222e-01
9.599999999999996177e-06,3.200000000000000067e-01
9.999999999999992348e-06,8.200000000000000622e-01
1.040000000000000207e-05,8.599999999999999867e-01
1.079999999999999824e-05,5.999999999999999778e-01
1.119999999999999441e-05,5.799999999999999600e-01
1.159999999999999058e-05,8.000000000000000444e-01
1.200000000000000030e-05,8.399999999999999689e-01
1.239999999999999647e-05,6.199999999999999956e-01
1.279999999999999264e-05,5.600000000000000533e-01
1.319999999999998881e-05,6.199999999999999956e-01
1.359999999999999854e-05,7.600000000000000089e-01
1.399999999999999471e-05,7.399999999999999911e-01
1.439999999999999088e-05,6.600000000000000311e-01
1.480000000000000060e-05,5.799999999999999600e-01
1.519999999999999677e-05,5.999999999999999778e-01
1.559999999999999294e-05,6.400000000000000133e-01
1.599999999999998911e-05,6.600000000000000311e-01
1.639999999999999883e-05,5.799999999999999600e-01
1.679999999999999500e-05,5.799999999999999600e-01
1.719999999999999117e-05,5.600000000000000533e-01
1.760000000000000090e-05,7.399999999999999911e-01
1.799999999999999707e-05,9.000000000000000222e-01
1.839999999999999324e-05,6.400000000000000133e-01
1.879999999999998941e-05,5.400000000000000355e-01
1.919999999999999913e-05,5.000000000000000000e-01
1.959999999999999530e-05,4.400000000000000022e-01
1.999999999999999147e-05,4.199999999999999845e-01
2.040000000000000119e-05,4.199999999999999845e-01
2.079999999999999736e-05,3.800000000000000044e-01
2.119999999999999353e-05,3.599999999999999867e-01
2.159999999999998971e-05,3.599999999999999867e-01
2.199999999999999943e-05,3.800000000000000044e-01
2.239999999999999560e-05,5.600000000000000533e-01
2.279999999999999177e-05,7.600000000000000089e-01
2.319999999999998794e-05,5.200000000000000178e-01
2.359999999999999766e-05,4.400000000000000022e-01
2.399999999999999383e-05,4.199999999999999845e-01
2.439999999999999000e-05,3.800000000000000044e-01
2.479999999999999972e-05,3.599999999999999867e-01
2.519999999999999590e-05,3.400000000000000244e-01
2.559999999999999207e-05,3.599999999999999867e-01
2.599999999999998824e-05,3.400000000000000244e-01
2.639999999999999796e-05,3.200000000000000067e-01
2.679999999999999413e-05,3.200000000000000067e-01
2.719999999999999030e-05,3.400000000000000244e-01
2.760000000000000002e-05,4.000000000000000222e-01
2.799999999999999619e-05,5.000000000000000000e-01
2.839999999999999236e-05,4.600000000000000200e-01
2.879999999999998853e-05,3.599999999999999867e-01
2.919999999999999826e-05,3.400000000000000244e-01
2.959999999999999443e-05,2.999999999999999889e-01
2.999999999999999060e-05,2.999999999999999889e-01
3.040000000000000032e-05,2.999999999999999889e-01
3.079999999999999649e-05,2.600000000000000089e-01
3.119999999999999266e-05,2.800000000000000266e-01
3.159999999999998883e-05,2.600000000000000089e-01
3.199999999999999855e-05,2.600000000000000089e-01
3.239999999999999472e-05,2.399999999999999911e-01
3.279999999999999089e-05,2.399999999999999911e-01
3.320000000000000062e-05,2.999999999999999889e-01
3.359999999999999679e-05,4.000000000000000222e-01
3.399999999999999296e-05,4.000000000000000222e-01
3.439999999999998913e-05,3.400000000000000244e-01
3.479999999999999885e-05,3.200000000000000067e-01
3.519999999999999502e-05,3.200000000000000067e-01
3.559999999999999119e-05,2.600000000000000089e-01
3.600000000000000091e-05,2.399999999999999911e-01
3.639999999999999708e-05,2.399999999999999911e-01
3.679999999999999325e-05,2.999999999999999889e-01
3.719999999999998942e-05,3.599999999999999867e-01
3.759999999999999915e-05,3.400000000000000244e-01
3.799999999999999532e-05,2.600000000000000089e-01
3.839999999999999149e-05,2.600000000000000089e-01
3.879999999999998766e-05,2.399999999999999911e-01
3.919999999999999738e-05,2.000000000000000111e-01
3.959999999999999355e-05,2.200000000000000011e-01
3.999999999999998972e-05,2.200000000000000011e-01
4.039999999999999944e-05,2.200000000000000011e-01
4.079999999999999561e-05,2.200000000000000011e-01
4.119999999999999178e-05,1.600000000000000033e-01
4.159999999999998795e-05,2.000000000000000111e-01
4.199999999999999768e-05,1.600000000000000033e-01
4.239999999999999385e-05,1.799999999999999933e-01
4.279999999999999002e-05,2.399999999999999911e-01
4.319999999999999974e-05,2.800000000000000266e-01
4.359999999999999591e-05,2.800000000000000266e-01
4.399999999999999208e-05,2.399999999999999911e-01
4.439999999999998825e-05,2.000000000000000111e-01
4.479999999999999797e-05,2.200000000000000011e-01
4.519999999999999414e-05,1.799999999999999933e-01
4.559999999999999031e-05,2.000000000000000111e-01
4.600000000000000004e-05,1.600000000000000033e-01
4.639999999999999621e-05,1.400000000000000133e-01
4.679999999999999238e-05,1.799999999999999933e-01
4.719999999999998855e-05,1.600000000000000033e-01
4.759999999999999827e-05,1.400000000000000133e-01
4.799999999999999444e-05,2.000000000000000111e-01
4.839999999999999061e-05,2.800000000000000266e-01
4.879999999999998678e-05,3.400000000000000244e-01
4.919999999999999650e-05,2.999999999999999889e-01
4.959999999999999267e-05,2.600000000000000089e-01
4.999999999999998884e-05,2.600000000000000089e-01
5.039999999999999857e-05,2.200000000000000011e-01
5.079999999999999474e-05,2.200000000000000011e-01
5.119999999999999091e-05,2.200000000000000011e-01
5.159999999999998708e-05,2.000000000000000111e-01
5.199999999999999680e-05,2.000000000000000111e-01
5.239999999999999297e-05,2.000000000000000111e-01
5.279999999999998914e-05,1.799999999999999933e-01
5.319999999999999886e-05,2.200000000000000011e-01
5.359999999999999503e-05,2.200000000000000011e-01
5.399999999999999120e-05,2.000000000000000111e-01
5.439999999999998737e-05,2.200000000000000011e-01
5.479999999999999710e-05,2.000000000000000111e-01
5.519999999999999327e-05,1.799999999999999933e-01
5.559999999999998944e-05,1.799999999999999933e-01
5.599999999999999916e-05,1.600000000000000033e-01
5.639999999999999533e-05,1.799999999999999933e-01
5.679999999999999150e-05,1.799999999999999933e-01
5.719999999999998767e-05,1.600000000000000033e-01
5.759999999999999739e-05,1.600000000000000033e-01
5.799999999999999356e-05,1.799999999999999933e-01
5.839999999999998973e-05,1.799999999999999933e-01
5.879999999999999946e-05,1.799999999999999933e-01
5.919999999999999563e-05,1.799999999999999933e-01
5.959999999999999180e-05,1.799999999999999933e-01
5.999999999999998797e-05,2.000000000000000111e-01
6.039999999999999769e-05,1.799999999999999933e-01
6.079999999999999386e-05,2.200000000000000011e-01
6.119999999999999681e-05,2.200000000000000011e-01
6.160000000000000653e-05,2.399999999999999911e-01
6.199999999999998915e-05,2.000000000000000111e-01
6.239999999999999887e-05,2.000000000000000111e-01
6.280000000000000859e-05,1.799999999999999933e-01
6.319999999999999121e-05,1.400000000000000133e-01
6.360000000000000093e-05,1.400000000000000133e-01
6.400000000000001066e-05,1.400000000000000133e-01
6.439999999999999327e-05,1.600000000000000033e-01
6.480000000000000300e-05,1.199999999999999956e-01
6.520000000000001272e-05,1.799999999999999933e-01
6.559999999999999534e-05,1.600000000000000033e-01
6.600000000000000506e-05,2.000000000000000111e-01
6.639999999999998768e-05,2.000000000000000111e-01
6.679999999999999740e-05,1.799999999999999933e-01
6.720000000000000712e-05,1.600000000000000033e-01
6.759999999999998974e-05,1.199999999999999956e-01
6.799999999999999946e-05,1.199999999999999956e-01
6.840000000000000919e-05,1.600000000000000033e-01
6.879999999999999180e-05,1.000000000000000056e-01
6.920000000000000153e-05,1.199999999999999956e-01
6.960000000000001125e-05,1.199999999999999956e-01
6.999999999999999387e-05,1.000000000000000056e-01
7.040000000000000359e-05,1.000000000000000056e-01
7.079999999999998621e-05,1.199999999999999956e-01
7.119999999999999593e-05,1.000000000000000056e-01
7.160000000000000565e-05,1.000000000000000056e-01
7.199999999999998827e-05,1.199999999999999956e-01
7.239999999999999799e-05,1.799999999999999933e-01
7.280000000000000772e-05,2.000000000000000111e-01
7.319999999999999033e-05,2.000000000000000111e-01
7.360000000000000006e-05,1.400000000000000133e-01
7.400000000000000978e-05,1.199999999999999956e-01
7.439999999999999240e-05,1.400000000000000133e-01
7.480000000000000212e-05,1.600000000000000033e-01
7.520000000000001184e-05,1.799999999999999933e-01
7.559999999999999446e-05,2.000000000000000111e-01
7.600000000000000418e-05,2.200000000000000011e-01
7.639999999999998680e-05,2.000000000000000111e-01
7.679999999999999652e-05,1.799999999999999933e-01
7.720000000000000625e-05,2.000000000000000111e-01
7.759999999999998887e-05,1.400000000000000133e-01
7.799999999999999859e-05,1.600000000000000033e-01
7.840000000000000831e-05,1.000000000000000056e-01
7.879999999999999093e-05,1.000000000000000056e-01
7.920000000000000065e-05,1.000000000000000056e-01
7.960000000000001037e-05,1.000000000000000056e-01
7.999999999999999299e-05,1.000000000000000056e-01
8.040000000000000271e-05,1.000000000000000056e-01
8.080000000000001244e-05,1.199999999999999956e-01
8.119999999999999505e-05,1.400000000000000133e-01
8.160000000000000478e-05,1.600000000000000033e-01
8.199999999999998740e-05,2.200000000000000011e-01
8.239999999999999712e-05,2.600000000000000089e-01
8.280000000000000684e-05,2.000000000000000111e-01
8.319999999999998946e-05,1.600000000000000033e-01
8.359999999999999918e-05,1.400000000000000133e-01
8.400000000000000890e-05,1.199999999999999956e-01
8.439999999999999152e-05,1.199999999999999956e-01
8.480000000000000124e-05,1.199999999999999956e-01
8.520000000000001097e-05,1.000000000000000056e-01
8.559999999999999359e-05,1.000000000000000056e-01
8.600000000000000331e-05,8.000000000000000167e-02
8.639999999999998593e-05,1.000000000000000056e-01
8.679999999999999565e-05,1.000000000000000056e-01
8.720000000000000537e-05,2.600000000000000089e-01
8.759999999999998799e-05,2.399999999999999911e-01
8.799999999999999771e-05,2.000000000000000111e-01
8.840000000000000743e-05,1.600000000000000033e-01
8.879999999999999005e-05,1.199999999999999956e-01
8.919999999999999978e-05,1.400000000000000133e-01
8.960000000000000950e-05,1.400000000000000133e-01
8.999999999999999212e-05,1.000000000000000056e-01
9.040000000000000184e-05,8.000000000000000167e-02
9.080000000000001156e-05,1.000000000000000056e-01
9.119999999999999418e-05,1.199999999999999956e-01
9.160000000000000390e-05,1.000000000000000056e-01
9.199999999999998652e-05,8.000000000000000167e-02
9.239999999999999624e-05,8.000000000000000167e-02
9.280000000000000597e-05,1.000000000000000056e-01
9.319999999999998858e-05,5.999999999999999778e-02
9.359999999999999831e-05,8.000000000000000167e-02
9.400000000000000803e-05,8.000000000000000167e-02
9.439999999999999065e-05,1.799999999999999933e-01
9.480000000000000037e-05,3.400000000000000244e-01
9.520000000000001009e-05,2.800000000000000266e-01
9.559999999999999271e-05,2.200000000000000011e-01
9.600000000000000243e-05,1.600000000000000033e-01
9.639999999999998505e-05,1.600000000000000033e-01
9.679999999999999477e-05,1.400000000000000133e-01
9.720000000000000450e-05,1.199999999999999956e-01
9.759999999999998711e-05,1.199999999999999956e-01
9.799999999999999684e-05,1.199999999999999956e-01
9.840000000000000656e-05,1.000000000000000056e-01
9.879999999999998918e-05,1.000000000000000056e-01
9.919999999999999890e-05,8.000000000000000167e-02
9.960000000000000862e-05,1.000000000000000056e-01
9.999999999999999124e-05,1.000000000000000056e-01
1.004000000000000010e-04,1.000000000000000056e-01
1.008000000000000107e-04,1.199999999999999956e-01
1.011999999999999933e-04,2.000000000000000111e-01
1.016000000000000030e-04,1.799999999999999933e-01
1.019999999999999856e-04,1.799999999999999933e-01
1.023999999999999954e-04,1.600000000000000033e-01
1.028000000000000051e-04,1.400000000000000133e-01
1.031999999999999877e-04,1.600000000000000033e-01
1.035999999999999974e-04,1.000000000000000056e-01
1.040000000000000072e-04,1.199999999999999956e-01
1.043999999999999898e-04,8.000000000000000167e-02
1.047999999999999995e-04,1.199999999999999956e-01
1.052000000000000092e-04,1.000000000000000056e-01
1.055999999999999918e-04,5.999999999999999778e-02
1.060000000000000016e-04,8.000000000000000167e-02
1.063999999999999842e-04,8.000000000000000167e-02
1.067999999999999939e-04,1.799999999999999933e-01
1.072000000000000036e-04,3.200000000000000067e-01
1.075999999999999862e-04,2.600000000000000089e-01
1.079999999999999960e-04,2.000000000000000111e-01
1.084000000000000057e-04,1.799999999999999933e-01
1.087999999999999883e-04,1.199999999999999956e-01
1.091999999999999980e-04,1.199999999999999956e-01
1.096000000000000077e-04,1.199999999999999956e-01
1.099999999999999904e-04,1.000000000000000056e-01
1.104000000000000001e-04,1.199999999999999956e-01
1.108000000000000098e-04,1.199999999999999956e-01
1.111999999999999924e-04,1.000000000000000056e-01
1.116000000000000021e-04,5.999999999999999778e-02
1.119999999999999848e-04,8.000000000000000167e-02
1.123999999999999945e-04,8.000000000000000167e-02
1.128000000000000042e-04,1.199999999999999956e-01
1.131999999999999868e-04,8.000000000000000167e-02
1.135999999999999966e-04,5.999999999999999778e-02
1.140000000000000063e-04,8.000000000000000167e-02
1.143999999999999889e-04,2.000000000000000111e-01
1.147999999999999986e-04,3.200000000000000067e-01
1.152000000000000083e-04,2.399999999999999911e-01
1.155999999999999910e-04,1.799999999999999933e-01
1.160000000000000007e-04,1.600000000000000033e-01
1.164000000000000104e-04,1.400000000000000133e-01
1.167999999999999930e-04,1.199999999999999956e-01
1.172000000000000027e-04,1.000000000000000056e-01
1.175999999999999854e-04,1.400000000000000133e-01
1.179999999999999951e-04,1.000000000000000056e-01
1.184000000000000048e-04,1.000000000000000056e-01
1.187999999999999874e-04,8.000000000000000167e-02
1.191999999999999971e-04,1.199999999999999956e-01
1.196000000000000069e-04,1.400000000000000133e-01
1.199999999999999895e-04,1.400000000000000133e-01
1.203999999999999992e-04,1.799999999999999933e-01
1.208000000000000089e-04,1.799999999999999933e-01
1.211999999999999916e-04,1.600000000000000033e-01
1.216000000000000013e-04,1.400000000000000133e-01
1.219999999999999839e-04,1.199999999999999956e-01
1.223999999999999936e-04,1.199999999999999956e-01
1.228000000000000033e-04,1.000000000000000056e-01
1.231999999999999860e-04,1.000000000000000056e-01
1.235999999999999957e-04,8.000000000000000167e-02
1.240000000000000054e-04,1.000000000000000056e-01
1.243999999999999880e-04,1.199999999999999956e-01
1.247999999999999977e-04,8.000000000000000167e-02
1.252000000000000075e-04,1.000000000000000056e-01
1.255999999999999901e-04,1.000000000000000056e-01
1.259999999999999998e-04,1.600000000000000033e-01
1.264000000000000095e-04,1.600000000000000033e-01
1.267999999999999921e-04,1.600000000000000033e-01
1.272000000000000019e-04,1.600000000000000033e-01
1.275999999999999845e-04,1.600000000000000033e-01
1.279999999999999942e-04,2.000000000000000111e-01
1.284000000000000039e-04,1.600000000000000033e-01
1.287999999999999865e-04,1.600000000000000033e-01
1.291999999999999963e-04,1.600000000000000033e-01
1.296000000000000060e-04,1.199999999999999956e-01
1.299999999999999886e-04,1.400000000000000133e-01
1.303999999999999983e-04,1.000000000000000056e-01
1.308000000000000081e-04,1.400000000000000133e-01
1.311999999999999907e-04,1.000000000000000056e-01
1.316000000000000004e-04,1.000000000000000056e-01
1.320000000000000101e-04,8.000000000000000167e-02
1.323999999999999927e-04,1.199999999999999956e-01
1.328000000000000025e-04,1.199999999999999956e-01
1.331999999999999851e-04,1.400000000000000133e-01
1.335999999999999948e-04,1.400000000000000133e-01
1.340000000000000045e-04,1.400000000000000133e-01
1.343999999999999871e-04,1.199999999999999956e-01
1.347999999999999969e-04,1.000000000000000056e-01
1.352000000000000066e-04,1.000000000000000056e-01
1.355999999999999892e-04,1.199999999999999956e-01
1.359999999999999989e-04,8.000000000000000167e-02
1.364000000000000087e-04,1.000000000000000056e-01
1.367999999999999913e-04,5.999999999999999778e-02
1.372000000000000010e-04,1.000000000000000056e-01
1.375999999999999836e-04,1.199999999999999956e-01
1.379999999999999933e-04,1.000000000000000056e-01
1.384000000000000031e-04,1.400000000000000133e-01
1.387999999999999857e-04,1.199999999999999956e-01
1.391999999999999954e-04,1.600000000000000033e-01
1.396000000000000051e-04,1.199999999999999956e-01
1.399999999999999877e-04,1.199999999999999956e-01
1.403999999999999975e-04,1.400000000000000133e-01
1.408000000000000072e-04,1.600000000000000033e-01
1.411999999999999898e-04,1.600000000000000033e-01
1.415999999999999995e-04,2.000000000000000111e-01
1.420000000000000092e-04,1.600000000000000033e-01
1.423999999999999919e-04,1.199999999999999956e-01
1.428000000000000016e-04,1.199999999999999956e-01
1.431999999999999842e-04,1.199999999999999956e-01
1.435999999999999939e-04,1.199999999999999956e-01
1.440000000000000036e-04,8.000000000000000167e-02
1.443999999999999863e-04,1.000000000000000056e-01
1.447999999999999960e-04,1.000000000000000056e-01
1.452000000000000057e-04,8.000000000000000167e-02
1.455999999999999883e-04,1.000000000000000056e-01
1.459999999999999981e-04,1.000000000000000056e-01
1.464000000000000078e-04,1.000000000000000056e-01
1.467999999999999904e-04,1.400000000000000133e-01
1.472000000000000001e-04,1.799999999999999933e-01
1.475999999999999827e-04,2.000000000000000111e-01
1.479999999999999925e-04,1.400000000000000133e-01
1.484000000000000022e-04,1.199999999999999956e-01
1.487999999999999848e-04,1.199999999999999956e-01
1.491999999999999945e-04,8.000000000000000167e-02
1.496000000000000042e-04,1.000000000000000056e-01
1.499999999999999869e-04,1.199999999999999956e-01
1.503999999999999966e-04,1.000000000000000056e-01
1.508000000000000063e-04,1.199999999999999956e-01
1.511999999999999889e-04,2.000000000000000111e-01
1.515999999999999986e-04,2.200000000000000011e-01
1.520000000000000084e-04,1.799999999999999933e-01
1.523999999999999910e-04,1.600000000000000033e-01
1.528000000000000007e-04,1.199999999999999956e-01
1.531999999999999833e-04,1.000000000000000056e-01
1.535999999999999930e-04,1.000000000000000056e-01
1.540000000000000028e-04,1.400000000000000133e-01
1.543999999999999854e-04,1.000000000000000056e-01
1.547999999999999951e-04,5.999999999999999778e-02
1.552000000000000048e-04,1.000000000000000056e-01
1.555999999999999875e-04,1.000000000000000056e-01
1.559999999999999972e-04,8.000000000000000167e-02
1.564000000000000069e-04,1.000000000000000056e-01
1.567999999999999895e-04,1.000000000000000056e-01
1.571999999999999992e-04,1.799999999999999933e-01
1.575999999999999819e-04,2.000000000000000111e-01
1.579999999999999916e-04,1.600000000000000033e-01
1.584000000000000013e-04,1.400000000000000133e-01
1.587999999999999839e-04,1.199999999999999956e-01
1.591999999999999936e-04,1.199999999999999956e-01
1.596000000000000034e-04,1.199999999999999956e-01
1.599999999999999860e-04,1.199999999999999956e-01
1.603999999999999957e-04,1.199999999999999956e-01
1.608000000000000054e-04,1.000000000000000056e-01
1.611999999999999880e-04,1.199999999999999956e-01
1.615999999999999978e-04,1.400000000000000133e-01
1.620000000000000075e-04,2.000000000000000111e-01
1.623999999999999901e-04,1.600000000000000033e-01
1.627999999999999998e-04,1.799999999999999933e-01
1.631999999999999825e-04,1.199999999999999956e-01
1.635999999999999922e-04,1.400000000000000133e-01
1.640000000000000019e-04,1.000000000000000056e-01
1.643999999999999845e-04,1.000000000000000056e-01
1.647999999999999942e-04,1.000000000000000056e-01
1.652000000000000040e-04,8.000000000000000167e-02
1.655999999999999866e-04,1.000000000000000056e-01
1.659999999999999963e-04,8.000000000000000167e-02
1.664000000000000060e-04,8.000000000000000167e-02
1.667999999999999886e-04,1.199999999999999956e-01
1.671999999999999984e-04,1.400000000000000133e-01
1.676000000000000081e-04,2.000000000000000111e-01
1.679999999999999907e-04,2.200000000000000011e-01
1.684000000000000004e-04,2.000000000000000111e-01
1.687999999999999830e-04,1.799999999999999933e-01
1.691999999999999928e-04,1.600000000000000033e-01
1.696000000000000025e-04,1.199999999999999956e-01
1.699999999999999851e-04,1.199999999999999956e-01
1.703999999999999948e-04,1.199999999999999956e-01
1.708000000000000046e-04,1.000000000000000056e-01
1.711999999999999872e-04,1.000000000000000056e-01
1.715999999999999969e-04,8.000000000000000167e-02
1.720000000000000066e-04,1.199999999999999956e-01
1.723999999999999892e-04,1.000000000000000056e-01
1.727999999999999990e-04,8.000000000000000167e-02
1.731999999999999816e-04,1.199999999999999956e-01
1.735999999999999913e-04,1.799999999999999933e-01
1.740000000000000010e-04,1.600000000000000033e-01
1.743999999999999836e-04,1.600000000000000033e-01
1.747999999999999934e-04,1.199999999999999956e-01
1.752000000000000031e-04,1.199999999999999956e-01
1.755999999999999857e-04,8.000000000000000167e-02
1.759999999999999954e-04,8.000000000000000167e-02
1.764000000000000051e-04,8.000000000000000167e-02
1.767999999999999878e-04,8.000000000000000167e-02
1.771999999999999975e-04,8.000000000000000167e-02
1.776000000000000072e-04,8.000000000000000167e-02
1.779999999999999898e-04,8.000000000000000167e-02
1.783999999999999996e-04,1.600000000000000033e-01
1.787999999999999822e-04,2.600000000000000089e-01
1.791999999999999919e-04,2.000000000000000111e-01
1.796000000000000016e-04,1.600000000000000033e-01
1.799999999999999842e-04,1.600000000000000033e-01
1.803999999999999940e-04,1.199999999999999956e-01
1.808000000000000037e-04,1.000000000000000056e-01
1.811999999999999863e-04,1.000000000000000056e-01
1.815999999999999960e-04,8.000000000000000167e-02
1.820000000000000057e-04,1.000000000000000056e-01
1.823999999999999884e-04,5.999999999999999778e-02
1.827999999999999981e-04,5.999999999999999778e-02
1.832000000000000078e-04,1.000000000000000056e-01
1.835999999999999904e-04,5.999999999999999778e-02
1.840000000000000001e-04,1.000000000000000056e-01
1.843999999999999828e-04,1.199999999999999956e-01
1.847999999999999925e-04,1.799999999999999933e-01
1.852000000000000022e-04,2.399999999999999911e-01
1.856000000000000119e-04,1.799999999999999933e-01
1.859999999999999674e-04,1.400000000000000133e-01
1.863999999999999772e-04,1.000000000000000056e-01
1.867999999999999869e-04,1.199999999999999956e-01
1.871999999999999966e-04,1.199999999999999956e-01
1.876000000000000063e-04,8.000000000000000167e-02
1.880000000000000161e-04,5.999999999999999778e-02
1.883999999999999716e-04,1.000000000000000056e-01
1.887999999999999813e-04,8.000000000000000167e-02
1.891999999999999910e-04,8.000000000000000167e-02
1.896000000000000007e-04,8.000000000000000167e-02
1.900000000000000105e-04,1.000000000000000056e-01
1.904000000000000202e-04,1.400000000000000133e-01
1.907999999999999757e-04,1.799999999999999933e-01
1.911999999999999854e-04,2.000000000000000111e-01
1.915999999999999951e-04,2.000000000000000111e-01
1.920000000000000049e-04,2.000000000000000111e-01
1.924000000000000146e-04,1.199999999999999956e-01
1.927999999999999701e-04,1.199999999999999956e-01
1.931999999999999798e-04,1.199999999999999956e-01
1.935999999999999895e-04,1.600000000000000033e-01
1.939999999999999993e-04,1.199999999999999956e-01
1.944000000000000090e-04,1.199999999999999956e-01
1.948000000000000187e-04,1.199999999999999956e-01
1.951999999999999742e-04,1.600000000000000033e-01
1.955999999999999839e-04,1.600000000000000033e-01
1.959999999999999937e-04,1.199999999999999956e-01
1.964000000000000034e-04,1.000000000000000056e-01
1.968000000000000131e-04,1.400000000000000133e-01
1.971999999999999686e-04,1.000000000000000056e-01
1.975999999999999784e-04,8.000000000000000167e-02
1.979999999999999881e-04,8.000000000000000167e-02
1.983999999999999978e-04,1.199999999999999956e-01
1.988000000000000075e-04,1.000000000000000056e-01
1.992000000000000172e-04,1.199999999999999956e-01
1.995999999999999728e-04,1.199999999999999956e-01
1.999999999999999825e-04,1.400000000000000133e-01
2.003999999999999922e-04,1.400000000000000133e-01
2.008000000000000019e-04,1.400000000000000133e-01
2.012000000000000116e-04,1.400000000000000133e-01
2.015999999999999672e-04,1.400000000000000133e-01
2.019999999999999769e-04,1.600000000000000033e-01
2.023999999999999866e-04,1.400000000000000133e-01
2.027999999999999963e-04,1.400000000000000133e-01
2.032000000000000061e-04,1.600000000000000033e-01
2.036000000000000158e-04,1.400000000000000133e-01
2.039999999999999713e-04,1.400000000000000133e-01
2.043999999999999810e-04,1.400000000000000133e-01
2.047999999999999907e-04,1.199999999999999956e-01
2.052000000000000005e-04,1.400000000000000133e-01
2.056000000000000102e-04,1.199999999999999956e-01
2.060000000000000199e-04,1.000000000000000056e-01
2.063999999999999754e-04,1.199999999999999956e-01
2.067999999999999851e-04,1.199999999999999956e-01
2.071999999999999949e-04,1.600000000000000033e-01
2.076000000000000046e-04,1.000000000000000056e-01
2.080000000000000143e-04,1.400000000000000133e-01
2.083999999999999698e-04,1.400000000000000133e-01
2.087999999999999795e-04,1.400000000000000133e-01
2.091999999999999893e-04,1.400000000000000133e-01
2.095999999999999990e-04,1.600000000000000033e-01
2.100000000000000087e-04,1.600000000000000033e-01
2.104000000000000184e-04,1.400000000000000133e-01
2.107999999999999739e-04,1.600000000000000033e-01
2.111999999999999837e-04,1.600000000000000033e-01
2.115999999999999934e-04,1.600000000000000033e-01
2.120000000000000031e-04,1.000000000000000056e-01
2.124000000000000128e-04,1.199999999999999956e-01
2.127999999999999683e-04,1.000000000000000056e-01
2.131999999999999781e-04,1.199999999999999956e-01
2.135999999999999878e-04,1.000000000000000056e-01
2.139999999999999975e-04,1.000000000000000056e-01
2.144000000000000072e-04,1.199999999999999956e-01
2.148000000000000170e-04,1.000000000000000056e-01
2.151999999999999725e-04,1.000000000000000056e-01
2.155999999999999822e-04,1.400000000000000133e-01
2.159999999999999919e-04,1.199999999999999956e-01
2.164000000000000016e-04,1.400000000000000133e-01
2.168000000000000114e-04,1.199999999999999956e-01
2.171999999999999669e-04,1.000000000000000056e-01
2.175999999999999766e-04,1.199999999999999956e-01
2.179999999999999863e-04,1.199999999999999956e-01
2.183999999999999960e-04,1.199999999999999956e-01
2.188000000000000058e-04,1.199999999999999956e-01
2.192000000000000155e-04,1.000000000000000056e-01
2.195999999999999710e-04,1.400000000000000133e-01
2.199999999999999807e-04,1.600000000000000033e-01
2.203999999999999905e-04,1.799999999999999933e-01
2.208000000000000002e-04,1.600000000000000033e-01
2.212000000000000099e-04,1.400000000000000133e-01
2.216000000000000196e-04,1.199999999999999956e-01
2.219999999999999751e-04,1.000000000000000056e-01
2.223999999999999849e-04,1.400000000000000133e-01
2.227999999999999946e-04,8.000000000000000167e-02
2.232000000000000043e-04,5.999999999999999778e-02
2.236000000000000140e-04,1.000000000000000056e-01
2.239999999999999695e-04,1.000000000000000056e-01
2.243999999999999793e-04,1.000000000000000056e-01
2.247999999999999890e-04,1.199999999999999956e-01
2.251999999999999987e-04,1.400000000000000133e-01
2.256000000000000084e-04,1.799999999999999933e-01
2.260000000000000181e-04,2.000000000000000111e-01
2.263999999999999737e-04,1.600000000000000033e-01
2.267999999999999834e-04,1.400000000000000133e-01
2.271999999999999931e-04,1.199999999999999956e-01
2.276000000000000028e-04,1.199999999999999956e-01
2.280000000000000126e-04,1.199999999999999956e-01
2.283999999999999681e-04,1.000000000000000056e-01
2.287999999999999778e-04,8.000000000000000167e-02
2.291999999999999875e-04,1.000000000000000056e-01
2.295999999999999972e-04,1.000000000000000056e-01
2.300000000000000070e-04,8.000000000000000167e-02
2.304000000000000167e-04,5.999999999999999778e-02
2.307999999999999722e-04,1.199999999999999956e-01
2.311999999999999819e-04,1.600000000000000033e-01
2.315999999999999916e-04,2.200000000000000011e-01
2.320000000000000014e-04,1.799999999999999933e-01
2.324000000000000111e-04,1.400000000000000133e-01
2.327999999999999666e-04,1.199999999999999956e-01
2.331999999999999763e-04,1.600000000000000033e-01
2.335999999999999860e-04,1.199999999999999956e-01
2.339999999999999958e-04,1.000000000000000056e-01
2.344000000000000055e-04,1.199999999999999956e-01
2.348000000000000152e-04,1.199999999999999956e-01
2.351999999999999707e-04,1.199999999999999956e-01
2.355999999999999804e-04,1.199999999999999956e-01
2.359999999999999902e-04,1.000000000000000056e-01
2.363999999999999999e-04,1.799999999999999933e-01
2.368000000000000096e-04,1.600000000000000033e-01
2.371999999999999651e-04,1.199999999999999956e-01
2.375999999999999748e-04,1.199999999999999956e-01
2.379999999999999846e-04,1.400000000000000133e-01
2.383999999999999943e-04,1.199999999999999956e-01
2.388000000000000040e-04,1.400000000000000133e-01
2.392000000000000137e-04,1.199999999999999956e-01
2.395999999999999693e-04,1.000000000000000056e-01
2.399999999999999790e-04,1.199999999999999956e-01
2.403999999999999887e-04,1.199999999999999956e-01
2.407999999999999984e-04,1.600000000000000033e-01
2.412000000000000081e-04,1.600000000000000033e-01
2.416000000000000179e-04,1.799999999999999933e-01
2.419999999999999734e-04,1.000000000000000056e-01
2.423999999999999831e-04,1.199999999999999956e-01
2.427999999999999928e-04,1.000000000000000056e-01
2.432000000000000025e-04,1.000000000000000056e-01
2.436000000000000123e-04,1.000000000000000056e-01
2.439999999999999678e-04,1.000000000000000056e-01
2.443999999999999775e-04,1.000000000000000056e-01
2.447999999999999872e-04,1.400000000000000133e-01
2.451999999999999970e-04,1.000000000000000056e-01
2.456000000000000067e-04,1.199999999999999956e-01
2.460000000000000164e-04,1.799999999999999933e-01
2.463999999999999719e-04,2.000000000000000111e-01
2.467999999999999816e-04,1.799999999999999933e-01
2.471999999999999914e-04,1.199999999999999956e-01
2.476000000000000011e-04,1.400000000000000133e-01
2.480000000000000108e-04,1.199999999999999956e-01
2.483999999999999663e-04,1.199999999999999956e-01
2.487999999999999760e-04,1.199999999999999956e-01
2.491999999999999858e-04,1.000000000000000056e-01
2.495999999999999955e-04,1.400000000000000133e-01
2.500000000000000052e-04,1.000000000000000056e-01
2.504000000000000149e-04,8.000000000000000167e-02
2.507999999999999704e-04,1.000000000000000056e-01
2.511999999999999802e-04,1.400000000000000133e-01
2.515999999999999899e-04,1.400000000000000133e-01
2.519999999999999996e-04,1.400000000000000133e-01
2.524000000000000093e-04,1.400000000000000133e-01
2.527999999999999648e-04,1.400000000000000133e-01
2.531999999999999746e-04,1.199999999999999956e-01
2.535999999999999843e-04,1.400000000000000133e-01
2.539999999999999940e-04,1.199999999999999956e-01
2.544000000000000037e-04,1.400000000000000133e-01
2.548000000000000135e-04,1.400000000000000133e-01
2.551999999999999690e-04,1.400000000000000133e-01
2.555999999999999787e-04,1.400000000000000133e-01
2.559999999999999884e-04,1.199999999999999956e-01
2.563999999999999981e-04,1.400000000000000133e-01
2.568000000000000079e-04,1.000000000000000056e-01
2.572000000000000176e-04,8.000000000000000167e-02
2.575999999999999731e-04,1.000000000000000056e-01
2.579999999999999828e-04,1.199999999999999956e-01
2.583999999999999925e-04,1.000000000000000056e-01
2.588000000000000023e-04,8.000000000000000167e-02
2.592000000000000120e-04,1.000000000000000056e-01
2.595999999999999675e-04,1.000000000000000056e-01
2.599999999999999772e-04,1.199999999999999956e-01
2.603999999999999869e-04,1.400000000000000133e-01
2.607999999999999967e-04,1.400000000000000133e-01
2.612000000000000064e-04,1.600000000000000033e-01
2.616000000000000161e-04,1.199999999999999956e-01
2.619999999999999716e-04,1.199999999999999956e-01
2.623999999999999813e-04,1.600000000000000033e-01
2.627999999999999911e-04,1.400000000000000133e-01
2.632000000000000008e-04,1.400000000000000133e-01
2.636000000000000105e-04,1.600000000000000033e-01
2.639999999999999660e-04,1.400000000000000133e-01
2.643999999999999758e-04,1.000000000000000056e-01
2.647999999999999855e-04,1.199999999999999956e-01
2.651999999999999952e-04,1.000000000000000056e-01
2.656000000000000049e-04,1.199999999999999956e-01
2.660000000000000146e-04,1.000000000000000056e-01
2.663999999999999702e-04,1.199999999999999956e-01
2.667999999999999799e-04,1.000000000000000056e-01
2.671999999999999896e-04,1.199999999999999956e-01
2.675999999999999993e-04,1.199999999999999956e-01
2.680000000000000090e-04,1.199999999999999956e-01
2.683999999999999646e-04,1.400000000000000133e-01
2.687999999999999743e-04,1.799999999999999933e-01
2.691999999999999840e-04,1.799999999999999933e-01
2.695999999999999937e-04,1.400000000000000133e-01
2.700000000000000035e-04,1.199999999999999956e-01
2.704000000000000132e-04,1.199999999999999956e-01
2.707999999999999687e-04,1.199999999999999956e-01
2.711999999999999784e-04,1.199999999999999956e-01
2.715999999999999881e-04,1.199999999999999956e-01
2.719999999999999979e-04,8.000000000000000167e-02
2.724000000000000076e-04,8.000000000000000167e-02
2.727999999999999631e-04,1.400000000000000133e-01
2.731999999999999728e-04,1.199999999999999956e-01
2.735999999999999825e-04,1.000000000000000056e-01
2.739999999999999923e-04,1.000000000000000056e-01
2.744000000000000020e-04,1.600000000000000033e-01
2.748000000000000117e-04,1.400000000000000133e-01
2.751999999999999672e-04,1.600000000000000033e-01
2.755999999999999769e-04,1.000000000000000056e-01
2.759999999999999867e-04,1.400000000000000133e-01
2.763999999999999964e-04,1.000000000000000056e-01
2.768000000000000061e-04,1.000000000000000056e-01
2.772000000000000158e-04,1.199999999999999956e-01
2.775999999999999713e-04,1.400000000000000133e-01
2.779999999999999811e-04,1.400000000000000133e-01
2.783999999999999908e-04,1.600000000000000033e-01
2.788000000000000005e-04,1.799999999999999933e-01
2.792000000000000102e-04,1.400000000000000133e-01
2.795999999999999657e-04,1.199999999999999956e-01
2.799999999999999755e-04,8.000000000000000167e-02
2.803999999999999852e-04,1.199999999999999956e-01
2.807999999999999949e-04,8.000000000000000167e-02
2.812000000000000046e-04,1.199999999999999956e-01
2.816000000000000144e-04,1.000000000000000056e-01
2.819999999999999699e-04,1.000000000000000056e-01
2.823999999999999796e-04,1.199999999999999956e-01
2.827999999999999893e-04,1.400000000000000133e-01
2.831999999999999990e-04,1.600000000000000033e-01
2.836000000000000088e-04,1.799999999999999933e-01
2.839999999999999643e-04,1.799999999999999933e-01
2.843999999999999740e-04,1.799999999999999933e-01
2.847999999999999837e-04,1.199999999999999956e-01
2.851999999999999934e-04,8.000000000000000167e-02
2.856000000000000032e-04,1.000000000000000056e-01
2.860000000000000129e-04,1.400000000000000133e-01
2.863999999999999684e-04,1.199999999999999956e-01
2.867999999999999781e-04,1.000000000000000056e-01
2.871999999999999879e-04,8.000000000000000167e-02
2.875999999999999976e-04,1.000000000000000056e-01
2.880000000000000073e-04,1.199999999999999956e-01
2.883999999999999628e-04,1.199999999999999956e-01
2.887999999999999725e-04,1.600000000000000033e-01
2.891999999999999823e-04,2.000000000000000111e-01
2.895999999999999920e-04,1.600000000000000033e-01
2.900000000000000017e-04,1.199999999999999956e-01
2.904000000000000114e-04,1.000000000000000056e-01
2.907999999999999669e-04,1.400000000000000133e-01
2.911999999999999767e-04,1.000000000000000056e-01
2.915999999999999864e-04,1.000000000000000056e-01
2.919999999999999961e-04,1.000000000000000056e-01
2.924000000000000058e-04,1.199999999999999956e-01
2.928000000000000155e-04,1.000000000000000056e-01
2.931999999999999711e-04,1.400000000000000133e-01
2.935999999999999808e-04,1.199999999999999956e-01
2.939999999999999905e-04,1.400000000000000133e-01
2.944000000000000002e-04,1.600000000000000033e-01
2.948000000000000100e-04,1.400000000000000133e-01
2.951999999999999655e-04,1.199999999999999956e-01
2.955999999999999752e-04,1.600000000000000033e-01
2.959999999999999849e-04,1.199999999999999956e-01
2.963999999999999946e-04,1.199999999999999956e-01
2.968000000000000044e-04,1.199999999999999956e-01
2.972000000000000141e-04,1.199999999999999956e-01
2.975999999999999696e-04,1.600000000000000033e-01
2.979999999999999793e-04,1.199999999999999956e-01
2.983999999999999890e-04,1.000000000000000056e-01
2.987999999999999988e-04,1.199999999999999956e-01
2.992000000000000085e-04,1.199999999999999956e-01
2.995999999999999640e-04,1.199999999999999956e-01
2.999999999999999737e-04,1.000000000000000056e-01
3.003999999999999834e-04,1.000000000000000056e-01
3.007999999999999932e-04,1.000000000000000056e-01
3.012000000000000029e-04,1.000000000000000056e-01
3.016000000000000126e-04,8.000000000000000167e-02
3.019999999999999681e-04,1.199999999999999956e-01
3.023999999999999778e-04,8.000000000000000167e-02
3.027999999999999876e-04,1.400000000000000133e-01
3.031999999999999973e-04,1.600000000000000033e-01
3.036000000000000070e-04,1.199999999999999956e-01
3.039999999999999625e-04,1.600000000000000033e-01
3.043999999999999722e-04,1.400000000000000133e-01
3.047999999999999820e-04,1.400000000000000133e-01
3.051999999999999917e-04,1.000000000000000056e-01
3.056000000000000014e-04,1.400000000000000133e-01
3.060000000000000111e-04,1.199999999999999956e-01
3.063999999999999667e-04,1.400000000000000133e-01
3.067999999999999764e-04,1.000000000000000056e-01
3.071999999999999861e-04,1.000000000000000056e-01
3.075999999999999958e-04,8.000000000000000167e-02
3.080000000000000055e-04,1.199999999999999956e-01
3.084000000000000153e-04,1.400000000000000133e-01
3.087999999999999708e-04,1.600000000000000033e-01
3.091999999999999805e-04,1.199999999999999956e-01
3.095999999999999902e-04,1.199999999999999956e-01
3.099999999999999999e-04,1.199999999999999956e-01
3.104000000000000097e-04,1.400000000000000133e-01
3.107999999999999652e-04,1.799999999999999933e-01
3.111999999999999749e-04,1.199999999999999956e-01
3.115999999999999846e-04,1.199999999999999956e-01
3.119999999999999944e-04,1.000000000000000056e-01
3.124000000000000041e-04,1.600000000000000033e-01
3.128000000000000138e-04,1.199999999999999956e-01
3.131999999999999693e-04,1.000000000000000056e-01
3.135999999999999790e-04,1.400000000000000133e-01
3.139999999999999888e-04,1.000000000000000056e-01
3.143999999999999985e-04,1.400000000000000133e-01
3.148000000000000082e-04,1.199999999999999956e-01
3.151999999999999637e-04,1.000000000000000056e-01
3.155999999999999734e-04,1.400000000000000133e-01
3.159999999999999832e-04,1.199999999999999956e-01
3.163999999999999929e-04,1.000000000000000056e-01
3.168000000000000026e-04,8.000000000000000167e-02
3.172000000000000123e-04,1.400000000000000133e-01
3.175999999999999678e-04,1.199999999999999956e-01
3.179999999999999776e-04,1.199999999999999956e-01
3.183999999999999873e-04,1.400000000000000133e-01
3.187999999999999970e-04,1.199999999999999956e-01
3.192000000000000067e-04,1.199999999999999956e-01
3.195999999999999622e-04,1.400000000000000133e-01
3.199999999999999720e-04,1.199999999999999956e-01
3.203999999999999817e-04,1.199999999999999956e-01
3.207999999999999914e-04,1.400000000000000133e-01
3.212000000000000011e-04,1.199999999999999956e-01
3.216000000000000109e-04,1.199999999999999956e-01
3.219999999999999664e-04,1.400000000000000133e-01
3.223999999999999761e-04,1.400000000000000133e-01
3.227999999999999858e-04,1.199999999999999956e-01
3.231999999999999955e-04,1.600000000000000033e-01
3.236000000000000053e-04,1.400000000000000133e-01
3.240000000000000150e-04,1.799999999999999933e-01
3.243999999999999705e-04,1.400000000000000133e-01
3.247999999999999802e-04,1.199999999999999956e-01
3.251999999999999899e-04,1.199999999999999956e-01
3.255999999999999997e-04,1.400000000000000133e-01
3.260000000000000094e-04,1.199999999999999956e-01
3.263999999999999649e-04,8.000000000000000167e-02
3.267999999999999746e-04,1.000000000000000056e-01
3.271999999999999843e-04,8.000000000000000167e-02
3.275999999999999941e-04,1.000000000000000056e-01
3.280000000000000038e-04,1.000000000000000056e-01
3.284000000000000135e-04,1.000000000000000056e-01
3.287999999999999690e-04,1.799999999999999933e-01
3.291999999999999788e-04,1.600000000000000033e-01
3.295999999999999885e-04,1.400000000000000133e-01
3.299999999999999982e-04,1.199999999999999956e-01
3.304000000000000079e-04,1.600000000000000033e-01
3.307999999999999634e-04,1.199999999999999956e-01
3.311999999999999732e-04,1.199999999999999956e-01
3.315999999999999829e-04,1.000000000000000056e-01
3.319999999999999926e-04,1.400000000000000133e-01
3.324000000000000023e-04,1.199999999999999956e-01
3.328000000000000120e-04,1.199999999999999956e-01
3.331999999999999676e-04,1.199999999999999956e-01
3.335999999999999773e-04,1.400000000000000133e-01
3.339999999999999870e-04,1.199999999999999956e-01
3.343999999999999967e-04,1.400000000000000133e-01
3.348000000000000064e-04,1.400000000000000133e-01
3.351999999999999620e-04,1.400000000000000133e-01
3.355999999999999717e-04,1.400000000000000133e-01
3.359999999999999814e-04,1.199999999999999956e-01
3.363999999999999911e-04,1.199999999999999956e-01
3.368000000000000009e-04,1.000000000000000056e-01
3.372000000000000106e-04,1.199999999999999956e-01
3.375999999999999661e-04,1.000000000000000056e-01
3.379999999999999758e-04,1.199999999999999956e-01
3.383999999999999855e-04,1.000000000000000056e-01
3.387999999999999953e-04,1.199999999999999956e-01
3.392000000000000050e-04,1.199999999999999956e-01
3.395999999999999605e-04,1.199999999999999956e-01
3.399999999999999702e-04,1.199999999999999956e-01
3.403999999999999799e-04,1.199999999999999956e-01
3.407999999999999897e-04,1.000000000000000056e-01
3.411999999999999994e-04,1.000000000000000056e-01
3.416000000000000091e-04,1.199999999999999956e-01
3.419999999999999646e-04,1.000000000000000056e-01
3.423999999999999743e-04,1.199999999999999956e-01
3.427999999999999841e-04,1.600000000000000033e-01
3.431999999999999938e-04,1.600000000000000033e-01
3.436000000000000035e-04,1.199999999999999956e-01
3.440000000000000132e-04,1.400000000000000133e-01
3.443999999999999687e-04,1.199999999999999956e-01
3.447999999999999785e-04,1.199999999999999956e-01
3.451999999999999882e-04,1.199999999999999956e-01
3.455999999999999979e-04,1.400000000000000133e-01
3.460000000000000076e-04,1.000000000000000056e-01
3.463999999999999631e-04,1.000000000000000056e-01
3.467999999999999729e-04,1.199999999999999956e-01
3.471999999999999826e-04,1.000000000000000056e-01
3.475999999999999923e-04,1.199999999999999956e-01
3.480000000000000020e-04,1.400000000000000133e-01
3.484000000000000118e-04,1.199999999999999956e-01
3.487999999999999673e-04,1.000000000000000056e-01
3.491999999999999770e-04,1.000000000000000056e-01
3.495999999999999867e-04,1.400000000000000133e-01
3.499999999999999964e-04,1.400000000000000133e-01
3.504000000000000062e-04,1.400000000000000133e-01
3.507999999999999617e-04,1.199999999999999956e-01
3.511999999999999714e-04,1.000000000000000056e-01
3.515999999999999811e-04,1.400000000000000133e-01
3.519999999999999908e-04,1.400000000000000133e-01
3.524000000000000006e-04,1.000000000000000056e-01
3.528000000000000103e-04,1.000000000000000056e-01
3.531999999999999658e-04,1.199999999999999956e-01
3.535999999999999755e-04,1.600000000000000033e-01
3.539999999999999853e-04,1.199999999999999956e-01
3.543999999999999950e-04,1.600000000000000033e-01
3.548000000000000047e-04,1.400000000000000133e-01
3.551999999999999602e-04,1.799999999999999933e-01
3.555999999999999699e-04,1.400000000000000133e-01
3.559999999999999797e-04,1.199999999999999956e-01
3.563999999999999894e-04,1.000000000000000056e-01
3.567999999999999991e-04,1.400000000000000133e-01
3.572000000000000088e-04,1.199999999999999956e-01
3.575999999999999643e-04,1.000000000000000056e-01
3.579999999999999741e-04,1.199999999999999956e-01
3.583999999999999838e-04,1.199999999999999956e-01
3.587999999999999935e-04,1.000000000000000056e-01
3.592000000000000032e-04,1.000000000000000056e-01
3.596000000000000130e-04,1.400000000000000133e-01
3.599999999999999685e-04,1.400000000000000133e-01
3.603999999999999782e-04,1.400000000000000133e-01
3.607999999999999879e-04,1.400000000000000133e-01
3.611999999999999976e-04,1.400000000000000133e-01
3.616000000000000074e-04,1.199999999999999956e-01
3.619999999999999629e-04,1.199999999999999956e-01
3.623999999999999726e-04,1.199999999999999956e-01
3.627999999999999823e-04,1.400000000000000133e-01
3.631999999999999920e-04,1.199999999999999956e-01
3.636000000000000018e-04,1.400000000000000133e-01
3.640000000000000115e-04,1.199999999999999956e-01
3.643999999999999670e-04,1.000000000000000056e-01
3.647999999999999767e-04,1.400000000000000133e-01
3.651999999999999864e-04,1.400000000000000133e-01
3.655999999999999962e-04,1.199999999999999956e-01
3.660000000000000059e-04,1.199999999999999956e-01
3.663999999999999614e-04,1.199999999999999956e-01
3.667999999999999711e-04,1.199999999999999956e-01
3.671999999999999808e-04,1.400000000000000133e-01
3.675999999999999906e-04,1.199999999999999956e-01
3.680000000000000003e-04,1.199999999999999956e-01
3.684000000000000100e-04,1.600000000000000033e-01
3.687999999999999655e-04,1.600000000000000033e-01
3.691999999999999752e-04,1.400000000000000133e-01
3.695999999999999850e-04,1.199999999999999956e-01
3.699999999999999947e-04,1.400000000000000133e-01
3.704000000000000044e-04,1.199999999999999956e-01
3.707999999999999599e-04,1.000000000000000056e-01
3.711999999999999696e-04,1.199999999999999956e-01
3.715999999999999794e-04,1.199999999999999956e-01
3.719999999999999891e-04,1.000000000000000056e-01
3.723999999999999988e-04,1.400000000000000133e-01
3.728000000000000085e-04,8.000000000000000167e-02
3.731999999999999641e-04,1.400000000000000133e-01
3.735999999999999738e-04,1.400000000000000133e-01
3.739999999999999835e-04,1.400000000000000133e-01
3.743999999999999932e-04,1.199999999999999956e-01
3.748000000000000029e-04,1.199999999999999956e-01
3.751999999999999585e-04,1.400000000000000133e-01
3.755999999999999682e-04,1.400000000000000133e-01
3.759999999999999779e-04,1.000000000000000056e-01
3.763999999999999876e-04,1.199999999999999956e-01
3.767999999999999973e-04,1.400000000000000133e-01
3.772000000000000071e-04,1.000000000000000056e-01
3.775999999999999626e-04,8.000000000000000167e-02
3.779999999999999723e-04,1.000000000000000056e-01
3.783999999999999820e-04,1.199999999999999956e-01
3.787999999999999918e-04,1.199999999999999956e-01
3.792000000000000015e-04,1.400000000000000133e-01
3.796000000000000112e-04,1.400000000000000133e-01
3.799999999999999667e-04,1.400000000000000133e-01
3.803999999999999764e-04,1.400000000000000133e-01
3.807999999999999862e-04,1.000000000000000056e-01
3.811999999999999959e-04,1.199999999999999956e-01
3.816000000000000056e-04,1.000000000000000056e-01
3.819999999999999611e-04,1.000000000000000056e-01
3.823999999999999708e-04,1.199999999999999956e-01
3.827999999999999806e-04,1.000000000000000056e-01
3.831999999999999903e-04,1.199999999999999956e-01
3.836000000000000000e-04,1.199999999999999956e-01
3.840000000000000097e-04,1.199999999999999956e-01
3.843999999999999652e-04,1.400000000000000133e-01
3.847999999999999750e-04,1.600000000000000033e-01
3.851999999999999847e-04,1.400000000000000133e-01
3.855999999999999944e-04,1.199999999999999956e-01
3.860000000000000041e-04,1.199999999999999956e-01
3.863999999999999596e-04,1.600000000000000033e-01
3.867999999999999694e-04,1.199999999999999956e-01
3.871999999999999791e-04,1.199999999999999956e-01
3.875999999999999888e-04,1.199999999999999956e-01
3.879999999999999985e-04,1.199999999999999956e-01
3.884000000000000083e-04,1.199999999999999956e-01
3.887999999999999638e-04,1.199999999999999956e-01
3.891999999999999735e-04,1.400000000000000133e-01
3.895999999999999832e-04,1.400000000000000133e-01
3.899999999999999929e-04,1.799999999999999933e-01
3.904000000000000027e-04,1.000000000000000056e-01
3.907999999999999582e-04,1.000000000000000056e-01
3.911999999999999679e-04,1.400000000000000133e-01
3.915999999999999776e-04,1.600000000000000033e-01
3.919999999999999873e-04,1.199999999999999956e-01
3.923999999999999971e-04,1.000000000000000056e-01
3.928000000000000068e-04,1.400000000000000133e-01
3.931999999999999623e-04,1.400000000000000133e-01
3.935999999999999720e-04,1.199999999999999956e-01
3.939999999999999817e-04,1.199999999999999956e-01
3.943999999999999915e-04,1.400000000000000133e-01
3.948000000000000012e-04,1.600000000000000033e-01
3.952000000000000109e-04,1.400000000000000133e-01
3.955999999999999664e-04,1.199999999999999956e-01
3.959999999999999762e-04,8.000000000000000167e-02
3.963999999999999859e-04,1.199999999999999956e-01
3.967999999999999956e-04,1.199999999999999956e-01
3.972000000000000053e-04,1.400000000000000133e-01
3.975999999999999608e-04,1.199999999999999956e-01
3.979999999999999706e-04,1.199999999999999956e-01
3.983999999999999803e-04,1.199999999999999956e-01
3.987999999999999900e-04,1.199999999999999956e-01
3.991999999999999997e-04,1.600000000000000033e-01
3.996000000000000094e-04,1.400000000000000133e-01
3.999999999999999650e-04,1.400000000000000133e-01
4.003999999999999747e-04,1.199999999999999956e-01
4.007999999999999844e-04,1.199999999999999956e-01
4.011999999999999941e-04,1.199999999999999956e-01
4.016000000000000038e-04,1.000000000000000056e-01
4.019999999999999594e-04,1.199999999999999956e-01
4.023999999999999691e-04,1.000000000000000056e-01
4.027999999999999788e-04,1.199999999999999956e-01
4.031999999999999885e-04,1.400000000000000133e-01
4.035999999999999983e-04,1.199999999999999956e-01
4.040000000000000080e-04,1.199999999999999956e-01
4.043999999999999635e-04,1.400000000000000133e-01
4.047999999999999732e-04,1.600000000000000033e-01
4.051999999999999829e-04,1.600000000000000033e-01
4.055999999999999927e-04,1.199999999999999956e-01
4.060000000000000024e-04,1.000000000000000056e-01
4.063999999999999579e-04,1.000000000000000056e-01
4.067999999999999676e-04,1.000000000000000056e-01
4.071999999999999773e-04,1.000000000000000056e-01
4.075999999999999871e-04,1.400000000000000133e-01
4.079999999999999968e-04,1.400000000000000133e-01
4.084000000000000065e-04,1.199999999999999956e-01
4.087999999999999620e-04,1.199999999999999956e-01
4.091999999999999717e-04,1.199999999999999956e-01
4.095999999999999815e-04,1.400000000000000133e-01
4.099999999999999912e-04,1.199999999999999956e-01
4.104000000000000009e-04,1.400000000000000133e-01
4.108000000000000106e-04,1.199999999999999956e-01
4.111999999999999661e-04,1.400000000000000133e-01
4.115999999999999759e-04,1.199999999999999956e-01
4.119999999999999856e-04,1.199999999999999956e-01
4.123999999999999953e-04,1.000000000000000056e-01
4.128000000000000050e-04,1.000000000000000056e-01
4.131999999999999605e-04,1.000000000000000056e-01
4.135999999999999703e-04,1.000000000000000056e-01
4.139999999999999800e-04,1.000000000000000056e-01
4.143999999999999897e-04,1.199999999999999956e-01
4.147999999999999994e-04,1.199999999999999956e-01
4.152000000000000092e-04,1.400000000000000133e-01
4.155999999999999647e-04,1.000000000000000056e-01
4.159999999999999744e-04,1.400000000000000133e-01
4.163999999999999841e-04,1.600000000000000033e-01
4.167999999999999938e-04,1.199999999999999956e-01
4.172000000000000036e-04,1.000000000000000056e-01
4.175999999999999591e-04,1.000000000000000056e-01
4.179999999999999688e-04,1.199999999999999956e-01
4.183999999999999785e-04,1.400000000000000133e-01
4.187999999999999882e-04,1.400000000000000133e-01
4.191999999999999980e-04,1.400000000000000133e-01
4.196000000000000077e-04,1.199999999999999956e-01
4.199999999999999632e-04,1.199999999999999956e-01
4.203999999999999729e-04,1.199999999999999956e-01
4.207999999999999827e-04,1.000000000000000056e-01
4.211999999999999924e-04,1.000000000000000056e-01
4.216000000000000021e-04,1.199999999999999956e-01
4.219999999999999576e-04,1.400000000000000133e-01
4.223999999999999673e-04,1.400000000000000133e-01
4.227999999999999771e-04,1.199999999999999956e-01
4.231999999999999868e-04,1.199999999999999956e-01
4.235999999999999965e-04,1.000000000000000056e-01
4.240000000000000062e-04,1.199999999999999956e-01
4.243999999999999617e-04,1.199999999999999956e-01
4.247999999999999715e-04,1.400000000000000133e-01
4.251999999999999812e-04,1.199999999999999956e-01
4.255999999999999909e-04,1.000000000000000056e-01
4.260000000000000006e-04,1.400000000000000133e-01
4.264000000000000104e-04,1.199999999999999956e-01
4.267999999999999659e-04,1.000000000000000056e-01
4.271999999999999756e-04,1.400000000000000133e-01
4.275999999999999853e-04,1.199999999999999956e-01
4.279999999999999950e-04,1.000000000000000056e-01
4.283999999999999505e-04,1.199999999999999956e-01
4.287999999999999603e-04,1.199999999999999956e-01
4.291999999999999700e-04,1.400000000000000133e-01
4.295999999999999797e-04,1.600000000000000033e-01
4.299999999999999894e-04,1.199999999999999956e-01
4.303999999999999992e-04,1.199999999999999956e-01
4.308000000000000089e-04,1.199999999999999956e-01
4.312000000000000186e-04,1.400000000000000133e-01
4.316000000000000283e-04,1.400000000000000133e-01
4.319999999999999296e-04,1.199999999999999956e-01
4.323999999999999394e-04,1.199999999999999956e-01
4.327999999999999491e-04,1.400000000000000133e-01
4.331999999999999588e-04,1.400000000000000133e-01
4.335999999999999685e-04,1.400000000000000133e-01
4.339999999999999782e-04,1.400000000000000133e-01
4.343999999999999880e-04,1.600000000000000033e-01
4.347999999999999977e-04,1.400000000000000133e-01
4.352000000000000074e-04,1.000000000000000056e-01
4.356000000000000171e-04,1.000000000000000056e-01
4.360000000000000269e-04,1.199999999999999956e-01
4.364000000000000366e-04,1.000000000000000056e-01
4.367999999999999379e-04,1.199999999999999956e-01
4.371999999999999476e-04,8.000000000000000167e-02
4.375999999999999573e-04,1.000000000000000056e-01
4.379999999999999671e-04,8.000000000000000167e-02
4.383999999999999768e-04,1.000000000000000056e-01
4.387999999999999865e-04,1.400000000000000133e-01
4.391999999999999962e-04,1.199999999999999956e-01
4.396000000000000059e-04,1.400000000000000133e-01
4.400000000000000157e-04,1.400000000000000133e-01
4.404000000000000254e-04,1.199999999999999956e-01
4.408000000000000351e-04,1.600000000000000033e-01
4.411999999999999364e-04,1.400000000000000133e-01
4.415999999999999461e-04,1.199999999999999956e-01
4.419999999999999559e-04,1.199999999999999956e-01
4.423999999999999656e-04,1.199999999999999956e-01
4.427999999999999753e-04,1.199999999999999956e-01
4.431999999999999850e-04,1.199999999999999956e-01
4.435999999999999947e-04,1.000000000000000056e-01
4.440000000000000045e-04,1.199999999999999956e-01
4.444000000000000142e-04,1.600000000000000033e-01
4.448000000000000239e-04,1.400000000000000133e-01
4.452000000000000336e-04,1.400000000000000133e-01
4.455999999999999349e-04,1.400000000000000133e-01
4.459999999999999447e-04,1.400000000000000133e-01
4.463999999999999544e-04,1.400000000000000133e-01
4.467999999999999641e-04,1.199999999999999956e-01
4.471999999999999738e-04,1.199999999999999956e-01
4.475999999999999836e-04,1.600000000000000033e-01
4.479999999999999933e-04,1.400000000000000133e-01
4.484000000000000030e-04,1.199999999999999956e-01
4.488000000000000127e-04,1.199999999999999956e-01
4.492000000000000224e-04,1.199999999999999956e-01
4.496000000000000322e-04,1.199999999999999956e-01
4.499999999999999335e-04,1.199999999999999956e-01
4.503999999999999432e-04,1.199999999999999956e-01
4.507999999999999529e-04,1.400000000000000133e-01
4.511999999999999626e-04,1.199999999999999956e-01
4.515999999999999724e-04,1.400000000000000133e-01
4.519999999999999821e-04,1.199999999999999956e-01
4.523999999999999918e-04,1.000000000000000056e-01
4.528000000000000015e-04,1.000000000000000056e-01
4.532000000000000113e-04,1.199999999999999956e-01
4.536000000000000210e-04,1.199999999999999956e-01
4.540000000000000307e-04,1.199999999999999956e-01
4.543999999999999320e-04,1.400000000000000133e-01
4.547999999999999417e-04,1.400000000000000133e-01
4.551999999999999514e-04,1.400000000000000133e-01
4.555999999999999612e-04,1.600000000000000033e-01
4.559999999999999709e-04,1.400000000000000133e-01
4.563999999999999806e-04,1.199999999999999956e-01
4.567999999999999903e-04,1.199999999999999956e-01
4.572000000000000001e-04,1.199999999999999956e-01
4.576000000000000098e-04,1.000000000000000056e-01
4.580000000000000195e-04,1.199999999999999956e-01
4.584000000000000292e-04,1.400000000000000133e-01
4.587999999999999305e-04,1.000000000000000056e-01
4.591999999999999403e-04,1.199999999999999956e-01
4.595999999999999500e-04,1.199999999999999956e-01
4.599999999999999597e-04,1.199999999999999956e-01
4.603999999999999694e-04,1.199999999999999956e-01
4.607999999999999791e-04,1.000000000000000056e-01
4.611999999999999889e-04,1.199999999999999956e-01
4.615999999999999986e-04,1.199999999999999956e-01
4.620000000000000083e-04,1.199999999999999956e-01
4.624000000000000180e-04,8.000000000000000167e-02
4.628000000000000278e-04,1.199999999999999956e-01
4.631999999999999291e-04,1.000000000000000056e-01
4.635999999999999388e-04,1.400000000000000133e-01
4.639999999999999485e-04,1.199999999999999956e-01
4.643999999999999582e-04,1.400000000000000133e-01
4.647999999999999680e-04,1.199999999999999956e-01
4.651999999999999777e-04,1.199999999999999956e-01
4.655999999999999874e-04,1.199999999999999956e-01
4.659999999999999971e-04,1.000000000000000056e-01
4.664000000000000068e-04,1.199999999999999956e-01
4.668000000000000166e-04,1.400000000000000133e-01
4.672000000000000263e-04,1.199999999999999956e-01
4.675999999999999276e-04,1.199999999999999956e-01
4.679999999999999373e-04,1.000000000000000056e-01
4.683999999999999470e-04,1.000000000000000056e-01
4.687999999999999568e-04,1.199999999999999956e-01
4.691999999999999665e-04,1.600000000000000033e-01
4.695999999999999762e-04,1.400000000000000133e-01
4.699999999999999859e-04,1.199999999999999956e-01
4.703999999999999957e-04,1.199999999999999956e-01
4.708000000000000054e-04,1.600000000000000033e-01
4.712000000000000151e-04,1.199999999999999956e-01
4.716000000000000248e-04,1.400000000000000133e-01
4.720000000000000345e-04,1.199999999999999956e-01
4.723999999999999358e-04,1.199999999999999956e-01
4.727999999999999456e-04,1.199999999999999956e-01
4.731999999999999553e-04,1.199999999999999956e-01
4.735999999999999650e-04,1.199999999999999956e-01
4.739999999999999747e-04,1.199999999999999956e-01
4.743999999999999845e-04,1.600000000000000033e-01
4.747999999999999942e-04,1.199999999999999956e-01
4.752000000000000039e-04,1.000000000000000056e-01
4.756000000000000136e-04,1.400000000000000133e-01
4.760000000000000234e-04,1.400000000000000133e-01
4.764000000000000331e-04,1.199999999999999956e-01
4.767999999999999344e-04,1.000000000000000056e-01
4.771999999999999441e-04,1.199999999999999956e-01
4.775999999999999538e-04,1.000000000000000056e-01
4.779999999999999635e-04,1.000000000000000056e-01
4.783999999999999733e-04,1.400000000000000133e-01
4.787999999999999830e-04,1.199999999999999956e-01
4.791999999999999927e-04,1.600000000000000033e-01
4.796000000000000024e-04,1.199999999999999956e-01
4.800000000000000122e-04,1.199999999999999956e-01
4.804000000000000219e-04,1.600000000000000033e-01
4.808000000000000316e-04,1.400000000000000133e-01
4.811999999999999329e-04,1.600000000000000033e-01
4.815999999999999426e-04,1.199999999999999956e-01
4.819999999999999524e-04,1.199999999999999956e-01
4.823999999999999621e-04,1.400000000000000133e-01
4.827999999999999718e-04,1.000000000000000056e-01
4.831999999999999815e-04,1.000000000000000056e-01
4.835999999999999912e-04,1.400000000000000133e-01
4.840000000000000010e-04,1.199999999999999956e-01
4.844000000000000107e-04,1.400000000000000133e-01
4.848000000000000204e-04,1.000000000000000056e-01
4.852000000000000301e-04,1.199999999999999956e-01
4.855999999999999314e-04,1.400000000000000133e-01
4.859999999999999412e-04,1.400000000000000133e-01
4.863999999999999509e-04,1.199999999999999956e-01
4.867999999999999606e-04,1.400000000000000133e-01
4.871999999999999703e-04,1.400000000000000133e-01
4.875999999999999801e-04,1.400000000000000133e-01
4.879999999999999898e-04,1.199999999999999956e-01
4.883999999999999453e-04,1.000000000000000056e-01
4.887999999999999550e-04,1.400000000000000133e-01
4.891999999999999647e-04,1.199999999999999956e-01
4.895999999999999745e-04,1.199999999999999956e-01
4.899999999999998758e-04,1.199999999999999956e-01
4.903999999999998855e-04,1.199999999999999956e-01
4.907999999999998952e-04,1.199999999999999956e-01
4.911999999999999049e-04,1.400000000000000133e-01
4.915999999999999147e-04,1.400000000000000133e-01
4.919999999999999244e-04,1.400000000000000133e-01
4.923999999999999341e-04,1.199999999999999956e-01
4.927999999999999438e-04,1.199999999999999956e-01
4.931999999999999535e-04,1.199999999999999956e-01
4.935999999999999633e-04,1.000000000000000056e-01
4.939999999999999730e-04,1.199999999999999956e-01
4.943999999999998743e-04,1.199999999999999956e-01
4.947999999999998840e-04,1.199999999999999956e-01
4.951999999999998937e-04,1.199999999999999956e-01
4.955999999999999035e-04,1.400000000000000133e-01
4.959999999999999132e-04,1.199999999999999956e-01
4.963999999999999229e-04,1.199999999999999956e-01
4.967999999999999326e-04,1.000000000000000056e-01
4.971999999999999423e-04,1.199999999999999956e-01
4.975999999999999521e-04,1.400000000000000133e-01
4.979999999999999618e-04,1.400000000000000133e-01
4.983999999999999715e-04,1.199999999999999956e-01
4.987999999999998728e-04,1.000000000000000056e-01
4.991999999999998825e-04,1.199999999999999956e-01
4.995999999999998923e-04,1.400000000000000133e-01
4.999999999999999020e-04,1.400000000000000133e-01
5.003999999999999117e-04,1.000000000000000056e-01
5.007999999999999214e-04,1.400000000000000133e-01
5.011999999999999312e-04,1.199999999999999956e-01
5.015999999999999409e-04,1.199999999999999956e-01
5.019999999999999506e-04,1.199999999999999956e-01
5.023999999999999603e-04,1.199999999999999956e-01
5.027999999999999700e-04,1.199999999999999956e-01
5.031999999999999798e-04,1.199999999999999956e-01
5.035999999999998811e-04,1.199999999999999956e-01
5.039999999999998908e-04,1.600000000000000033e-01
5.043999999999999005e-04,1.199999999999999956e-01
5.047999999999999102e-04,1.000000000000000056e-01
5.051999999999999200e-04,1.199999999999999956e-01
5.055999999999999297e-04,1.199999999999999956e-01
5.059999999999999394e-04,1.000000000000000056e-01
5.063999999999999491e-04,1.400000000000000133e-01
5.067999999999999589e-04,1.199999999999999956e-01
5.071999999999999686e-04,1.199999999999999956e-01
5.075999999999999783e-04,8.000000000000000167e-02
5.079999999999998796e-04,1.000000000000000056e-01
5.083999999999998893e-04,1.199999999999999956e-01
5.087999999999998990e-04,1.600000000000000033e-01
5.091999999999999088e-04,1.400000000000000133e-01
5.095999999999999185e-04,1.199999999999999956e-01
5.099999999999999282e-04,1.000000000000000056e-01
5.103999999999999379e-04,1.400000000000000133e-01
5.107999999999999477e-04,1.199999999999999956e-01
5.111999999999999574e-04,1.199999999999999956e-01
5.115999999999999671e-04,1.400000000000000133e-01
5.119999999999999768e-04,1.400000000000000133e-01
5.123999999999998781e-04,1.199999999999999956e-01
5.127999999999998879e-04,1.000000000000000056e-01
5.131999999999998976e-04,1.199999999999999956e-01
5.135999999999999073e-04,1.400000000000000133e-01
5.139999999999999170e-04,1.400000000000000133e-01
5.143999999999999267e-04,1.199999999999999956e-01
5.147999999999999365e-04,1.199999999999999956e-01
5.151999999999999462e-04,1.400000000000000133e-01
5.155999999999999559e-04,1.199999999999999956e-01
5.159999999999999656e-04,1.400000000000000133e-01
5.163999999999999754e-04,1.199999999999999956e-01
5.167999999999998767e-04,1.199999999999999956e-01
5.171999999999998864e-04,1.000000000000000056e-01
5.175999999999998961e-04,1.199999999999999956e-01
5.179999999999999058e-04,1.199999999999999956e-01
5.183999999999999156e-04,1.199999999999999956e-01
5.187999999999999253e-04,1.199999999999999956e-01
5.191999999999999350e-04,1.199999999999999956e-01
5.195999999999999447e-04,1.199999999999999956e-01
5.199999999999999544e-04,1.400000000000000133e-01
5.203999999999999642e-04,1.400000000000000133e-01
5.207999999999999739e-04,1.199999999999999956e-01
5.211999999999998752e-04,1.199999999999999956e-01
5.215999999999998849e-04,1.000000000000000056e-01
5.219999999999998946e-04,1.799999999999999933e-01
5.223999999999999044e-04,1.400000000000000133e-01
5.227999999999999141e-04,1.000000000000000056e-01
5.231999999999999238e-04,1.199999999999999956e-01
5.235999999999999335e-04,1.400000000000000133e-01
5.239999999999999433e-04,1.400000000000000133e-01
5.243999999999999530e-04,1.000000000000000056e-01
5.247999999999999627e-04,1.400000000000000133e-01
5.251999999999999724e-04,1.400000000000000133e-01
5.255999999999998737e-04,1.199999999999999956e-01
5.259999999999998834e-04,1.400000000000000133e-01
5.263999999999998932e-04,1.199999999999999956e-01
5.267999999999999029e-04,1.600000000000000033e-01
5.271999999999999126e-04,1.400000000000000133e-01
5.275999999999999223e-04,1.000000000000000056e-01
5.279999999999999321e-04,8.000000000000000167e-02
5.283999999999999418e-04,1.199999999999999956e-01
5.287999999999999515e-04,1.199999999999999956e-01
5.291999999999999612e-04,8.000000000000000167e-02
5.295999999999999710e-04,1.000000000000000056e-01
5.299999999999998723e-04,1.199999999999999956e-01
5.303999999999998820e-04,1.199999999999999956e-01
5.307999999999998917e-04,1.400000000000000133e-01
5.311999999999999014e-04,1.199999999999999956e-01
5.315999999999999111e-04,1.199999999999999956e-01
5.319999999999999209e-04,1.400000000000000133e-01
5.323999999999999306e-04,1.199999999999999956e-01
5.327999999999999403e-04,1.199999999999999956e-01
5.331999999999999500e-04,1.199999999999999956e-01
5.335999999999999598e-04,1.199999999999999956e-01
5.339999999999999695e-04,1.199999999999999956e-01
5.343999999999998708e-04,1.000000000000000056e-01
5.347999999999998805e-04,1.199999999999999956e-01
5.351999999999998902e-04,1.400000000000000133e-01
5.355999999999999000e-04,1.199999999999999956e-01
5.359999999999999097e-04,1.000000000000000056e-01
5.363999999999999194e-04,1.400000000000000133e-01
5.367999999999999291e-04,1.600000000000000033e-01
5.371999999999999388e-04,1.400000000000000133e-01
5.375999999999999486e-04,1.400000000000000133e-01
5.379999999999999583e-04,1.199999999999999956e-01
5.383999999999999680e-04,1.199999999999999956e-01
5.387999999999999777e-04,1.199999999999999956e-01
5.391999999999998790e-04,1.000000000000000056e-01
5.395999999999998888e-04,1.400000000000000133e-01
5.399999999999998985e-04,1.199999999999999956e-01
5.403999999999999082e-04,1.199999999999999956e-01
5.407999999999999179e-04,1.400000000000000133e-01
5.411999999999999277e-04,1.199999999999999956e-01
5.415999999999999374e-04,1.199999999999999956e-01
5.419999999999999471e-04,1.400000000000000133e-01
5.423999999999999568e-04,1.199999999999999956e-01
5.427999999999999665e-04,1.400000000000000133e-01
5.431999999999999763e-04,1.400000000000000133e-01
5.435999999999998776e-04,1.400000000000000133e-01
5.439999999999998873e-04,1.199999999999999956e-01
5.443999999999998970e-04,1.199999999999999956e-01
5.447999999999999067e-04,1.400000000000000133e-01
5.451999999999999165e-04,1.199999999999999956e-01
5.455999999999999262e-04,1.199999999999999956e-01
5.459999999999999359e-04,1.600000000000000033e-01
5.463999999999999456e-04,1.199999999999999956e-01
5.467999999999999554e-04,1.400000000000000133e-01
5.471999999999999651e-04,1.000000000000000056e-01
5.475999999999999748e-04,1.199999999999999956e-01
5.479999999999998761e-04,1.000000000000000056e-01
5.483999999999998858e-04,1.400000000000000133e-01
5.487999999999998955e-04,1.400000000000000133e-01
5.491999999999999053e-04,1.199999999999999956e-01
5.495999999999999150e-04,1.000000000000000056e-01
5.499999999999999247e-04,1.400000000000000133e-01
5.503999999999999344e-04,1.400000000000000133e-01
5.507999999999999442e-04,1.400000000000000133e-01
5.511999999999999539e-04,1.199999999999999956e-01
5.515999999999999636e-04,1.199999999999999956e-01
5.519999999999999733e-04,1.199999999999999956e-01
5.523999999999998746e-04,1.199999999999999956e-01
5.527999999999998844e-04,1.199999999999999956e-01
5.531999999999998941e-04,1.400000000000000133e-01
5.535999999999999038e-04,1.199999999999999956e-01
5.539999999999999135e-04,1.199999999999999956e-01
5.543999999999999232e-04,1.000000000000000056e-01
5.547999999999999330e-04,1.400000000000000133e-01
5.551999999999999427e-04,1.400000000000000133e-01
5.555999999999999524e-04,1.400000000000000133e-01
5.559999999999999621e-04,1.400000000000000133e-01
5.563999999999999719e-04,1.199999999999999956e-01
5.567999999999998732e-04,1.199999999999999956e-01
5.571999999999998829e-04,1.000000000000000056e-01
5.575999999999998926e-04,1.199999999999999956e-01
5.579999999999999023e-04,1.199999999999999956e-01
5.583999999999999121e-04,1.199999999999999956e-01
5.587999999999999218e-04,1.199999999999999956e-01
5.591999999999999315e-04,1.199999999999999956e-01
5.595999999999999412e-04,1.400000000000000133e-01
5.599999999999999509e-04,1.199999999999999956e-01
5.603999999999999607e-04,1.400000000000000133e-01
5.607999999999999704e-04,1.199999999999999956e-01
5.611999999999998717e-04,1.199999999999999956e-01
5.615999999999998814e-04,1.600000000000000033e-01
5.619999999999998911e-04,1.199999999999999956e-01
5.623999999999999009e-04,1.199999999999999956e-01
5.627999999999999106e-04,1.400000000000000133e-01
5.631999999999999203e-04,1.400000000000000133e-01
5.635999999999999300e-04,1.400000000000000133e-01
5.639999999999999397e-04,1.000000000000000056e-01
5.643999999999999495e-04,1.000000000000000056e-01
5.647999999999999592e-04,1.400000000000000133e-01
5.651999999999999689e-04,1.000000000000000056e-01
5.655999999999998702e-04,1.400000000000000133e-01
5.659999999999998799e-04,1.600000000000000033e-01
5.663999999999998897e-04,1.600000000000000033e-01
5.667999999999998994e-04,1.400000000000000133e-01
5.671999999999999091e-04,1.199999999999999956e-01
5.675999999999999188e-04,1.000000000000000056e-01
5.679999999999999286e-04,1.600000000000000033e-01
5.683999999999999383e-04,1.199999999999999956e-01
5.687999999999999480e-04,1.000000000000000056e-01
5.691999999999999577e-04,1.199999999999999956e-01
5.695999999999999674e-04,1.199999999999999956e-01
5.699999999999998688e-04,1.199999999999999956e-01
5.703999999999998785e-04,1.400000000000000133e-01
5.707999999999998882e-04,1.199999999999999956e-01
5.711999999999998979e-04,1.400000000000000133e-01
5.715999999999999076e-04,1.400000000000000133e-01
5.719999999999999174e-04,1.199999999999999956e-01
5.723999999999999271e-04,1.199999999999999956e-01
5.727999999999999368e-04,1.199999999999999956e-01
5.731999999999999465e-04,1.199999999999999956e-01
5.735999999999999563e-04,1.199999999999999956e-01
5.739999999999999660e-04,1.199999999999999956e-01
5.743999999999999757e-04,1.400000000000000133e-01
5.747999999999998770e-04,1.400000000000000133e-01
5.751999999999998867e-04,1.199999999999999956e-01
5.755999999999998964e-04,1.199999999999999956e-01
5.759999999999999062e-04,1.199999999999999956e-01
5.763999999999999159e-04,1.199999999999999956e-01
5.767999999999999256e-04,1.400000000000000133e-01
5.771999999999999353e-04,1.400000000000000133e-01
5.775999999999999451e-04,1.199999999999999956e-01
5.779999999999999548e-04,1.199999999999999956e-01
5.783999999999999645e-04,1.199999999999999956e-01
5.787999999999999742e-04,1.000000000000000056e-01
5.791999999999998755e-04,1.000000000000000056e-01
5.795999999999998853e-04,1.199999999999999956e-01
5.799999999999998950e-04,1.400000000000000133e-01
5.803999999999999047e-04,1.400000000000000133e-01
5.807999999999999144e-04,1.400000000000000133e-01
5.811999999999999241e-04,1.400000000000000133e-01
5.815999999999999339e-04,1.199999999999999956e-01
5.819999999999999436e-04,1.000000000000000056e-01
5.823999999999999533e-04,1.199999999999999956e-01
5.827999999999999630e-04,1.199999999999999956e-01
5.831999999999999728e-04,1.400000000000000133e-01
5.835999999999998741e-04,1.199999999999999956e-01
5.839999999999998838e-04,1.000000000000000056e-01
5.843999999999998935e-04,1.400000000000000133e-01
5.847999999999999032e-04,1.199999999999999956e-01
5.851999999999999130e-04,1.000000000000000056e-01
5.855999999999999227e-04,1.199999999999999956e-01
5.859999999999999324e-04,1.199999999999999956e-01
5.863999999999999421e-04,1.199999999999999956e-01
5.867999999999999518e-04,1.199999999999999956e-01
5.871999999999999616e-04,1.000000000000000056e-01
5.875999999999999713e-04,1.400000000000000133e-01
5.879999999999998726e-04,1.600000000000000033e-01
5.883999999999998823e-04,1.199999999999999956e-01
5.887999999999998920e-04,1.400000000000000133e-01
5.891999999999999018e-04,1.400000000000000133e-01
5.895999999999999115e-04,1.400000000000000133e-01
5.899999999999999212e-04,1.199999999999999956e-01
5.903999999999999309e-04,1.199999999999999956e-01
5.907999999999999407e-04,1.199999999999999956e-01
5.911999999999999504e-04,1.400000000000000133e-01
5.915999999999999601e-04,1.199999999999999956e-01
5.919999999999999698e-04,1.400000000000000133e-01
5.923999999999998711e-04,1.199999999999999956e-01
5.927999999999998808e-04,1.600000000000000033e-01
5.931999999999998906e-04,1.400000000000000133e-01
5.935999999999999003e-04,1.199999999999999956e-01
5.939999999999999100e-04,1.000000000000000056e-01
5.943999999999999197e-04,1.400000000000000133e-01
5.947999999999999295e-04,1.400000000000000133e-01
5.951999999999999392e-04,1.400000000000000133e-01
5.955999999999999489e-04,1.400000000000000133e-01
5.959999999999999586e-04,1.199999999999999956e-01
5.963999999999999684e-04,1.000000000000000056e-01
5.967999999999998697e-04,1.000000000000000056e-01
5.971999999999998794e-04,1.000000000000000056e-01
5.975999999999998891e-04,1.000000000000000056e-01
5.979999999999998988e-04,1.199999999999999956e-01
5.983999999999999085e-04,1.600000000000000033e-01
5.987999999999999183e-04,1.199999999999999956e-01
5.991999999999999280e-04,1.400000000000000133e-01
5.995999999999999377e-04,1.199999999999999956e-01
5.999999999999999474e-04,1.199999999999999956e-01
6.003999999999999572e-04,1.199999999999999956e-01
6.007999999999999669e-04,1.199999999999999956e-01
6.011999999999998682e-04,1.600000000000000033e-01
6.015999999999998779e-04,1.400000000000000133e-01
6.019999999999998876e-04,1.000000000000000056e-01
6.023999999999998974e-04,1.199999999999999956e-01
6.027999999999999071e-04,1.600000000000000033e-01
6.031999999999999168e-04,1.600000000000000033e-01
6.035999999999999265e-04,1.199999999999999956e-01
6.039999999999999362e-04,1.400000000000000133e-01
6.043999999999999460e-04,1.199999999999999956e-01
6.047999999999999557e-04,1.199999999999999956e-01
6.051999999999999654e-04,1.400000000000000133e-01
6.055999999999998667e-04,1.199999999999999956e-01
6.059999999999998764e-04,1.600000000000000033e-01
6.063999999999998862e-04,1.199999999999999956e-01
6.067999999999998959e-04,1.400000000000000133e-01
6.071999999999999056e-04,1.000000000000000056e-01
6.075999999999999153e-04,1.400000000000000133e-01
6.079999999999999251e-04,1.199999999999999956e-01
6.083999999999999348e-04,1.400000000000000133e-01
6.087999999999999445e-04,1.000000000000000056e-01
6.091999999999999542e-04,1.199999999999999956e-01
6.095999999999999639e-04,8.000000000000000167e-02
6.099999999999999737e-04,1.400000000000000133e-01
6.103999999999998750e-04,1.400000000000000133e-01
6.107999999999998847e-04,1.199999999999999956e-01
6.111999999999998944e-04,1.199999999999999956e-01
6.115999999999999041e-04,1.199999999999999956e-01
6.119999999999999139e-04,1.199999999999999956e-01
6.123999999999999236e-04,1.600000000000000033e-01
6.127999999999999333e-04,1.199999999999999956e-01
6.131999999999999430e-04,1.199999999999999956e-01
6.135999999999999528e-04,1.199999999999999956e-01
6.139999999999999625e-04,1.400000000000000133e-01
6.143999999999999722e-04,1.400000000000000133e-01
6.147999999999998735e-04,1.199999999999999956e-01
6.151999999999998832e-04,1.199999999999999956e-01
6.155999999999998929e-04,1.199999999999999956e-01
6.159999999999999027e-04,1.199999999999999956e-01
6.163999999999999124e-04,1.199999999999999956e-01
6.167999999999999221e-04,1.199999999999999956e-01
6.171999999999999318e-04,1.199999999999999956e-01
6.175999999999999416e-04,1.000000000000000056e-01
6.179999999999999513e-04,1.199999999999999956e-01
6.183999999999999610e-04,1.400000000000000133e-01
6.187999999999999707e-04,1.400000000000000133e-01
6.191999999999998720e-04,1.000000000000000056e-01
6.195999999999998818e-04,1.000000000000000056e-01
6.199999999999998915e-04,1.199999999999999956e-01
6.203999999999999012e-04,1.199999999999999956e-01
6.207999999999999109e-04,1.000000000000000056e-01
6.211999999999999206e-04,1.000000000000000056e-01
6.215999999999999304e-04,1.000000000000000056e-01
6.219999999999999401e-04,1.000000000000000056e-01
6.223999999999999498e-04,1.400000000000000133e-01
6.227999999999999595e-04,1.199999999999999956e-01
6.231999999999999693e-04,1.199999999999999956e-01
6.235999999999998706e-04,1.199999999999999956e-01
6.239999999999998803e-04,1.400000000000000133e-01
6.243999999999998900e-04,1.000000000000000056e-01
6.247999999999998997e-04,1.000000000000000056e-01
6.251999999999999095e-04,1.400000000000000133e-01
6.255999999999999192e-04,1.400000000000000133e-01
6.259999999999999289e-04,1.199999999999999956e-01
6.263999999999999386e-04,1.000000000000000056e-01
6.267999999999999483e-04,1.199999999999999956e-01
6.271999999999999581e-04,1.199999999999999956e-01
6.275999999999999678e-04,1.600000000000000033e-01
6.279999999999998691e-04,1.400000000000000133e-01
6.283999999999998788e-04,1.199999999999999956e-01
6.287999999999998885e-04,1.199999999999999956e-01
6.291999999999998983e-04,1.799999999999999933e-01
6.295999999999999080e-04,1.199999999999999956e-01
6.299999999999999177e-04,1.199999999999999956e-01
6.303999999999999274e-04,1.199999999999999956e-01
6.307999999999999372e-04,1.400000000000000133e-01
6.311999999999999469e-04,1.199999999999999956e-01
6.315999999999999566e-04,1.400000000000000133e-01
6.319999999999999663e-04,1.000000000000000056e-01
6.323999999999998676e-04,1.400000000000000133e-01
6.327999999999998773e-04,1.400000000000000133e-01
6.331999999999998871e-04,1.000000000000000056e-01
6.335999999999998968e-04,1.000000000000000056e-01
6.339999999999999065e-04,1.400000000000000133e-01
6.343999999999999162e-04,1.600000000000000033e-01
6.347999999999999260e-04,1.400000000000000133e-01
6.351999999999999357e-04,1.199999999999999956e-01
6.355999999999999454e-04,1.199999999999999956e-01
6.359999999999999551e-04,1.199999999999999956e-01
6.363999999999999648e-04,1.199999999999999956e-01
6.367999999999998662e-04,1.400000000000000133e-01
6.371999999999998759e-04,1.400000000000000133e-01
6.375999999999998856e-04,1.600000000000000033e-01
6.379999999999998953e-04,1.400000000000000133e-01
6.383999999999999050e-04,1.199999999999999956e-01
6.387999999999999148e-04,1.400000000000000133e-01
6.391999999999999245e-04,1.199999999999999956e-01
6.395999999999999342e-04,1.199999999999999956e-01
6.399999999999999439e-04,1.199999999999999956e-01
6.403999999999999537e-04,1.400000000000000133e-01
6.407999999999999634e-04,1.400000000000000133e-01
6.411999999999999731e-04,1.199999999999999956e-01
6.415999999999998744e-04,1.199999999999999956e-01
6.419999999999998841e-04,1.199999999999999956e-01
6.423999999999998939e-04,1.400000000000000133e-01
6.427999999999999036e-04,1.199999999999999956e-01
6.431999999999999133e-04,1.000000000000000056e-01
6.435999999999999230e-04,1.199999999999999956e-01
6.439999999999999327e-04,1.400000000000000133e-01
6.443999999999999425e-04,1.199999999999999956e-01
6.447999999999999522e-04,1.400000000000000133e-01
6.451999999999999619e-04,1.600000000000000033e-01
6.455999999999999716e-04,1.600000000000000033e-01
6.459999999999998729e-04,1.199999999999999956e-01
6.463999999999998827e-04,1.199999999999999956e-01
6.467999999999998924e-04,1.000000000000000056e-01
6.471999999999999021e-04,1.199999999999999956e-01
6.475999999999999118e-04,1.000000000000000056e-01
6.479999999999999215e-04,1.000000000000000056e-01
6.483999999999999313e-04,1.400000000000000133e-01
6.487999999999999410e-04,1.400000000000000133e-01
6.491999999999999507e-04,1.199999999999999956e-01
6.495999999999999604e-04,1.600000000000000033e-01
6.499999999999999702e-04,1.199999999999999956e-01
6.503999999999998715e-04,1.400000000000000133e-01
6.507999999999998812e-04,1.600000000000000033e-01
6.511999999999998909e-04,1.199999999999999956e-01
6.515999999999999006e-04,1.000000000000000056e-01
6.519999999999999104e-04,1.199999999999999956e-01
6.523999999999999201e-04,1.199999999999999956e-01
6.527999999999999298e-04,1.400000000000000133e-01
6.531999999999999395e-04,1.199999999999999956e-01
6.535999999999999492e-04,1.199999999999999956e-01
6.539999999999999590e-04,1.199999999999999956e-01
6.543999999999999687e-04,1.000000000000000056e-01
6.547999999999998700e-04,1.000000000000000056e-01
6.551999999999998797e-04,1.000000000000000056e-01
6.555999999999998894e-04,1.400000000000000133e-01
6.559999999999998992e-04,1.199999999999999956e-01
6.563999999999999089e-04,1.199999999999999956e-01
6.567999999999999186e-04,1.199999999999999956e-01
6.571999999999999283e-04,1.199999999999999956e-01
6.575999999999999381e-04,1.199999999999999956e-01
6.579999999999999478e-04,1.400000000000000133e-01
6.583999999999999575e-04,1.400000000000000133e-01
6.587999999999999672e-04,1.199999999999999956e-01
6.591999999999998685e-04,1.600000000000000033e-01
6.595999999999998782e-04,1.400000000000000133e-01
6.599999999999998880e-04,1.400000000000000133e-01
6.603999999999998977e-04,1.400000000000000133e-01
6.607999999999999074e-04,1.199999999999999956e-01
6.611999999999999171e-04,1.199999999999999956e-01
6.615999999999999269e-04,1.000000000000000056e-01
6.619999999999999366e-04,1.400000000000000133e-01
6.623999999999999463e-04,1.199999999999999956e-01
6.627999999999999560e-04,1.000000000000000056e-01
6.631999999999999658e-04,1.400000000000000133e-01
6.635999999999998671e-04,1.400000000000000133e-01
6.639999999999998768e-04,1.199999999999999956e-01
6.643999999999998865e-04,1.199999999999999956e-01
6.647999999999998962e-04,1.199999999999999956e-01
6.651999999999999059e-04,1.400000000000000133e-01
6.655999999999999157e-04,1.000000000000000056e-01
6.659999999999999254e-04,1.199999999999999956e-01
6.663999999999999351e-04,1.000000000000000056e-01
6.667999999999999448e-04,1.199999999999999956e-01
6.671999999999999546e-04,1.600000000000000033e-01
6.675999999999999643e-04,1.199999999999999956e-01
6.679999999999998656e-04,1.400000000000000133e-01
6.683999999999998753e-04,1.199999999999999956e-01
6.687999999999998850e-04,1.600000000000000033e-01
6.691999999999998948e-04,1.000000000000000056e-01
6.695999999999999045e-04,1.400000000000000133e-01
6.699999999999999142e-04,1.400000000000000133e-01
6.703999999999999239e-04,1.400000000000000133e-01
6.707999999999999336e-04,1.199999999999999956e-01
6.711999999999999434e-04,1.400000000000000133e-01
6.715999999999999531e-04,1.000000000000000056e-01
6.719999999999999628e-04,1.199999999999999956e-01
6.723999999999998641e-04,1.199999999999999956e-01
6.727999999999998738e-04,1.000000000000000056e-01
6.731999999999998836e-04,1.199999999999999956e-01
6.735999999999998933e-04,1.400000000000000133e-01
6.739999999999999030e-04,1.199999999999999956e-01
6.743999999999999127e-04,1.400000000000000133e-01
6.747999999999999225e-04,1.400000000000000133e-01
6.751999999999999322e-04,1.199999999999999956e-01
6.755999999999999419e-04,1.199999999999999956e-01
6.759999999999999516e-04,1.199999999999999956e-01
6.763999999999999613e-04,1.400000000000000133e-01
6.767999999999999711e-04,1.000000000000000056e-01
6.771999999999998724e-04,1.400000000000000133e-01
6.775999999999998821e-04,1.199999999999999956e-01
6.779999999999998918e-04,1.199999999999999956e-01
6.783999999999999015e-04,1.199999999999999956e-01
6.787999999999999113e-04,1.400000000000000133e-01
6.791999999999999210e-04,1.400000000000000133e-01
6.795999999999999307e-04,1.400000000000000133e-01
6.799999999999999404e-04,1.000000000000000056e-01
6.803999999999999502e-04,1.400000000000000133e-01
6.807999999999999599e-04,1.199999999999999956e-01
6.811999999999999696e-04,1.000000000000000056e-01
6.815999999999998709e-04,1.600000000000000033e-01
6.819999999999998806e-04,1.400000000000000133e-01
6.823999999999998903e-04,1.199999999999999956e-01
6.827999999999999001e-04,1.400000000000000133e-01
6.831999999999999098e-04,1.400000000000000133e-01
6.835999999999999195e-04,1.199999999999999956e-01
6.839999999999999292e-04,1.199999999999999956e-01
6.843999999999999390e-04,1.199999999999999956e-01
6.847999999999999487e-04,1.199999999999999956e-01
6.851999999999999584e-04,1.600000000000000033e-01
6.855999999999999681e-04,1.199999999999999956e-01
6.859999999999998694e-04,1.199999999999999956e-01
6.863999999999998792e-04,1.000000000000000056e-01
6.867999999999998889e-04,1.400000000000000133e-01
6.871999999999998986e-04,1.199999999999999956e-01
6.875999999999999083e-04,1.400000000000000133e-01
6.879999999999999180e-04,1.199999999999999956e-01
6.883999999999999278e-04,1.199999999999999956e-01
6.887999999999999375e-04,1.000000000000000056e-01
6.891999999999999472e-04,1.400000000000000133e-01
6.895999999999999569e-04,1.400000000000000133e-01
6.899999999999999667e-04,1.199999999999999956e-01
6.903999999999998680e-04,1.400000000000000133e-01
6.907999999999998777e-04,1.400000000000000133e-01
6.911999999999998874e-04,1.199999999999999956e-01
6.915999999999998971e-04,1.199999999999999956e-01
6.919999999999999069e-04,1.400000000000000133e-01
6.923999999999999166e-04,1.199999999999999956e-01
6.927999999999999263e-04,1.000000000000000056e-01
6.931999999999999360e-04,1.199999999999999956e-01
6.935999999999999457e-04,1.600000000000000033e-01
6.939999999999999555e-04,1.199999999999999956e-01
6.943999999999999652e-04,1.000000000000000056e-01
6.947999999999998665e-04,1.199999999999999956e-01
6.951999999999998762e-04,1.400000000000000133e-01
6.955999999999998859e-04,1.199999999999999956e-01
6.959999999999998957e-04,1.400000000000000133e-01
6.963999999999999054e-04,1.400000000000000133e-01
6.967999999999999151e-04,1.199999999999999956e-01
6.971999999999999248e-04,1.400000000000000133e-01
6.975999999999999346e-04,1.199999999999999956e-01
6.979999999999999443e-04,1.199999999999999956e-01
6.983999999999999540e-04,1.000000000000000056e-01
6.987999999999999637e-04,1.199999999999999956e-01
6.991999999999998650e-04,1.400000000000000133e-01
6.995999999999998747e-04,1.400000000000000133e-01
6.999999999999998845e-04,1.199999999999999956e-01
7.003999999999998942e-04,1.199999999999999956e-01
7.007999999999999039e-04,1.199999999999999956e-01
7.011999999999999136e-04,1.199999999999999956e-01
7.015999999999999234e-04,1.400000000000000133e-01
7.019999999999999331e-04,1.600000000000000033e-01
7.023999999999999428e-04,1.000000000000000056e-01
7.027999999999999525e-04,1.400000000000000133e-01
7.031999999999999622e-04,1.400000000000000133e-01
7.035999999999998636e-04,1.199999999999999956e-01
7.039999999999998733e-04,1.400000000000000133e-01
7.043999999999998830e-04,1.199999999999999956e-01
7.047999999999998927e-04,1.199999999999999956e-01
7.051999999999999024e-04,1.000000000000000056e-01
7.055999999999999122e-04,1.199999999999999956e-01
7.059999999999999219e-04,1.199999999999999956e-01
7.063999999999999316e-04,1.199999999999999956e-01
7.067999999999999413e-04,1.600000000000000033e-01
7.071999999999999511e-04,1.199999999999999956e-01
7.075999999999999608e-04,1.199999999999999956e-01
7.079999999999999705e-04,1.199999999999999956e-01
7.083999999999998718e-04,1.600000000000000033e-01
7.087999999999998815e-04,1.400000000000000133e-01
7.091999999999998913e-04,1.000000000000000056e-01
7.095999999999999010e-04,1.199999999999999956e-01
7.099999999999999107e-04,1.400000000000000133e-01
7.103999999999999204e-04,1.400000000000000133e-01
7.107999999999999301e-04,1.400000000000000133e-01
7.111999999999999399e-04,1.000000000000000056e-01
7.115999999999999496e-04,1.199999999999999956e-01
7.119999999999999593e-04,1.400000000000000133e-01
7.123999999999999690e-04,1.199999999999999956e-01
7.127999999999998703e-04,1.000000000000000056e-01
7.131999999999998801e-04,1.400000000000000133e-01
7.135999999999998898e-04,1.600000000000000033e-01
7.139999999999998995e-04,1.400000000000000133e-01
7.143999999999999092e-04,1.000000000000000056e-01
7.147999999999999189e-04,1.199999999999999956e-01
7.151999999999999287e-04,1.199999999999999956e-01
7.155999999999999384e-04,1.000000000000000056e-01
7.159999999999999481e-04,1.199999999999999956e-01
7.163999999999999578e-04,1.199999999999999956e-01
7.167999999999999676e-04,1.600000000000000033e-01
7.171999999999998689e-04,1.400000000000000133e-01
7.175999999999998786e-04,1.199999999999999956e-01
7.179999999999998883e-04,1.400000000000000133e-01
7.183999999999998980e-04,1.199999999999999956e-01
7.187999999999999078e-04,1.199999999999999956e-01
7.191999999999999175e-04,1.199999999999999956e-01
7.195999999999999272e-04,1.000000000000000056e-01
7.199999999999999369e-04,1.600000000000000033e-01
7.203999999999999466e-04,1.199999999999999956e-01
7.207999999999999564e-04,1.199999999999999956e-01
7.211999999999999661e-04,1.199999999999999956e-01
7.215999999999998674e-04,1.600000000000000033e-01
7.219999999999998771e-04,1.199999999999999956e-01
7.223999999999998868e-04,1.400000000000000133e-01
7.227999999999998966e-04,1.199999999999999956e-01
7.231999999999999063e-04,1.400000000000000133e-01
7.235999999999999160e-04,1.199999999999999956e-01
7.239999999999999257e-04,1.400000000000000133e-01
7.243999999999999355e-04,1.199999999999999956e-01
7.247999999999999452e-04,1.400000000000000133e-01
7.251999999999999549e-04,1.199999999999999956e-01
7.255999999999999646e-04,1.400000000000000133e-01
7.259999999999998659e-04,1.199999999999999956e-01
7.263999999999998756e-04,1.400000000000000133e-01
7.267999999999998854e-04,1.199999999999999956e-01
7.271999999999998951e-04,1.400000000000000133e-01
7.275999999999999048e-04,1.199999999999999956e-01
7.279999999999999145e-04,1.199999999999999956e-01
7.283999999999999243e-04,1.199999999999999956e-01
7.287999999999999340e-04,1.199999999999999956e-01
7.291999999999999437e-04,1.400000000000000133e-01
7.295999999999999534e-04,1.400000000000000133e-01
7.299999999999999632e-04,1.199999999999999956e-01
7.303999999999998645e-04,1.199999999999999956e-01
7.307999999999998742e-04,1.400000000000000133e-01
7.311999999999998839e-04,1.400000000000000133e-01
7.315999999999998936e-04,1.199999999999999956e-01
7.319999999999999033e-04,1.400000000000000133e-01
7.323999999999999131e-04,1.199999999999999956e-01
7.327999999999999228e-04,1.400000000000000133e-01
7.331999999999999325e-04,1.400000000000000133e-01
7.335999999999999422e-04,1.000000000000000056e-01
7.339999999999999520e-04,1.000000000000000056e-01
7.343999999999999617e-04,1.199999999999999956e-01
7.347999999999998630e-04,1.199999999999999956e-01
7.351999999999998727e-04,1.000000000000000056e-01
7.355999999999998824e-04,1.400000000000000133e-01
7.359999999999998922e-04,1.199999999999999956e-01
7.363999999999999019e-04,1.199999999999999956e-01
7.367999999999999116e-04,1.400000000000000133e-01
7.371999999999999213e-04,1.400000000000000133e-01
7.375999999999999310e-04,1.400000000000000133e-01
7.379999999999999408e-04,1.400000000000000133e-01
7.383999999999999505e-04,1.199999999999999956e-01
7.387999999999999602e-04,1.199999999999999956e-01
7.391999999999998615e-04,1.199999999999999956e-01
7.395999999999998712e-04,1.400000000000000133e-01
7.399999999999998810e-04,1.000000000000000056e-01
7.403999999999998907e-04,1.000000000000000056e-01
7.407999999999999004e-04,1.199999999999999956e-01
7.411999999999999101e-04,1.400000000000000133e-01
7.415999999999999199e-04,1.600000000000000033e-01
7.419999999999999296e-04,1.199999999999999956e-01
7.423999999999999393e-04,1.199999999999999956e-01
7.427999999999999490e-04,1.400000000000000133e-01
7.431999999999999587e-04,1.199999999999999956e-01
7.435999999999999685e-04,1.000000000000000056e-01
7.439999999999998698e-04,1.400000000000000133e-01
7.443999999999998795e-04,1.400000000000000133e-01
7.447999999999998892e-04,1.199999999999999956e-01
7.451999999999998989e-04,1.000000000000000056e-01
7.455999999999999087e-04,1.199999999999999956e-01
7.459999999999999184e-04,1.400000000000000133e-01
7.463999999999999281e-04,1.600000000000000033e-01
7.467999999999999378e-04,1.199999999999999956e-01
7.471999999999999476e-04,1.400000000000000133e-01
7.475999999999999573e-04,1.199999999999999956e-01
7.479999999999999670e-04,1.600000000000000033e-01
7.483999999999998683e-04,1.400000000000000133e-01
7.487999999999998780e-04,1.199999999999999956e-01
7.491999999999998877e-04,1.199999999999999956e-01
7.495999999999998975e-04,1.600000000000000033e-01
7.499999999999999072e-04,1.199999999999999956e-01
7.503999999999999169e-04,1.199999999999999956e-01
7.507999999999999266e-04,1.199999999999999956e-01
7.511999999999999364e-04,1.600000000000000033e-01
7.515999999999999461e-04,1.400000000000000133e-01
7.519999999999999558e-04,1.199999999999999956e-01
7.523999999999999655e-04,8.000000000000000167e-02
7.527999999999998668e-04,1.199999999999999956e-01
7.531999999999998766e-04,1.199999999999999956e-01
7.535999999999998863e-04,1.400000000000000133e-01
7.539999999999998960e-04,1.199999999999999956e-01
7.543999999999999057e-04,1.199999999999999956e-01
7.547999999999999154e-04,1.400000000000000133e-01
7.551999999999999252e-04,1.400000000000000133e-01
7.555999999999999349e-04,1.400000000000000133e-01
7.559999999999999446e-04,1.000000000000000056e-01
7.563999999999999543e-04,1.400000000000000133e-01
7.567999999999999641e-04,1.400000000000000133e-01
7.571999999999998654e-04,1.400000000000000133e-01
7.575999999999998751e-04,1.400000000000000133e-01
7.579999999999998848e-04,1.400000000000000133e-01
7.583999999999998945e-04,1.199999999999999956e-01
7.587999999999999043e-04,1.400000000000000133e-01
7.591999999999999140e-04,1.199999999999999956e-01
7.595999999999999237e-04,1.400000000000000133e-01
7.599999999999999334e-04,1.199999999999999956e-01
7.603999999999999431e-04,1.000000000000000056e-01
7.607999999999999529e-04,1.199999999999999956e-01
7.611999999999999626e-04,1.400000000000000133e-01
7.615999999999998639e-04,1.400000000000000133e-01
7.619999999999998736e-04,1.199999999999999956e-01
7.623999999999998833e-04,1.400000000000000133e-01
7.627999999999998931e-04,1.400000000000000133e-01
7.631999999999999028e-04,1.199999999999999956e-01
7.635999999999999125e-04,1.000000000000000056e-01
7.639999999999999222e-04,1.400000000000000133e-01
7.643999999999999320e-04,1.199999999999999956e-01
7.647999999999999417e-04,1.199999999999999956e-01
7.651999999999999514e-04,1.199999999999999956e-01
7.655999999999999611e-04,1.199999999999999956e-01
7.659999999999998624e-04,1.400000000000000133e-01
7.663999999999998721e-04,1.199999999999999956e-01
7.667999999999998819e-04,1.199999999999999956e-01
7.671999999999998916e-04,1.199999999999999956e-01
7.675999999999999013e-04,1.199999999999999956e-01
7.679999999999999110e-04,1.199999999999999956e-01
7.683999999999999208e-04,1.400000000000000133e-01
7.687999999999999305e-04,1.199999999999999956e-01
7.691999999999999402e-04,1.400000000000000133e-01
7.695999999999999499e-04,1.199999999999999956e-01
7.699999999999999597e-04,1.199999999999999956e-01
7.703999999999998610e-04,1.000000000000000056e-01
7.707999999999998707e-04,1.400000000000000133e-01
7.711999999999998804e-04,1.400000000000000133e-01
7.715999999999998901e-04,1.400000000000000133e-01
7.719999999999998998e-04,1.199999999999999956e-01
7.723999999999999096e-04,1.199999999999999956e-01
7.727999999999999193e-04,1.400000000000000133e-01
7.731999999999999290e-04,1.199999999999999956e-01
7.735999999999999387e-04,1.000000000000000056e-01
7.739999999999999485e-04,1.000000000000000056e-01
7.743999999999999582e-04,1.199999999999999956e-01
7.747999999999998595e-04,1.199999999999999956e-01
7.751999999999998692e-04,1.199999999999999956e-01
7.755999999999998789e-04,1.400000000000000133e-01
7.759999999999998887e-04,1.000000000000000056e-01
7.763999999999998984e-04,1.199999999999999956e-01
7.767999999999999081e-04,1.600000000000000033e-01
7.771999999999999178e-04,1.400000000000000133e-01
7.775999999999999275e-04,1.199999999999999956e-01
7.779999999999999373e-04,1.400000000000000133e-01
7.783999999999999470e-04,1.600000000000000033e-01
7.787999999999999567e-04,1.400000000000000133e-01
7.791999999999999664e-04,1.199999999999999956e-01
7.795999999999998677e-04,1.600000000000000033e-01
7.799999999999998775e-04,1.000000000000000056e-01
7.803999999999998872e-04,1.400000000000000133e-01
7.807999999999998969e-04,1.199999999999999956e-01
7.811999999999999066e-04,1.199999999999999956e-01
7.815999999999999164e-04,1.000000000000000056e-01
7.819999999999999261e-04,1.000000000000000056e-01
7.823999999999999358e-04,1.199999999999999956e-01
7.827999999999999455e-04,1.600000000000000033e-01
7.831999999999999552e-04,1.199999999999999956e-01
7.835999999999999650e-04,1.600000000000000033e-01
7.839999999999998663e-04,1.199999999999999956e-01
7.843999999999998760e-04,1.199999999999999956e-01
7.847999999999998857e-04,1.199999999999999956e-01
7.851999999999998954e-04,1.199999999999999956e-01
7.855999999999999052e-04,1.000000000000000056e-01
7.859999999999999149e-04,1.400000000000000133e-01
7.863999999999999246e-04,1.400000000000000133e-01
7.867999999999999343e-04,1.400000000000000133e-01
7.871999999999999440e-04,1.000000000000000056e-01
7.875999999999999538e-04,1.799999999999999933e-01
7.879999999999999635e-04,1.400000000000000133e-01
7.883999999999998648e-04,1.199999999999999956e-01
7.887999999999998745e-04,1.400000000000000133e-01
7.891999999999998842e-04,1.199999999999999956e-01
7.895999999999998940e-04,1.199999999999999956e-01
7.899999999999999037e-04,1.199999999999999956e-01
7.903999999999999134e-04,1.000000000000000056e-01
7.907999999999999231e-04,1.400000000000000133e-01
7.911999999999999329e-04,1.600000000000000033e-01
7.915999999999999426e-04,1.199999999999999956e-01
7.919999999999999523e-04,1.000000000000000056e-01
7.923999999999999620e-04,1.400000000000000133e-01
7.927999999999998633e-04,1.400000000000000133e-01
7.931999999999998731e-04,1.400000000000000133e-01
7.935999999999998828e-04,1.199999999999999956e-01
7.939999999999998925e-04,1.199999999999999956e-01
7.943999999999999022e-04,1.400000000000000133e-01
7.947999999999999119e-04,1.400000000000000133e-01
7.951999999999999217e-04,1.199999999999999956e-01
7.955999999999999314e-04,1.199999999999999956e-01
7.959999999999999411e-04,1.400000000000000133e-01
7.963999999999999508e-04,1.400000000000000133e-01
7.967999999999999606e-04,1.199999999999999956e-01
7.971999999999998619e-04,1.400000000000000133e-01
7.975999999999998716e-04,1.199999999999999956e-01
7.979999999999998813e-04,1.199999999999999956e-01
7.983999999999998910e-04,1.400000000000000133e-01
7.987999999999999007e-04,1.000000000000000056e-01
7.991999999999999105e-04,1.600000000000000033e-01
7.995999999999999202e-04,1.199999999999999956e-01
7.999999999999999299e-04,1.199999999999999956e-01
8.003999999999999396e-04,1.400000000000000133e-01
8.007999999999999494e-04,1.199999999999999956e-01
8.011999999999999591e-04,1.400000000000000133e-01
8.015999999999998604e-04,1.000000000000000056e-01
8.019999999999998701e-04,1.199999999999999956e-01
8.023999999999998798e-04,1.199999999999999956e-01
8.027999999999998896e-04,1.400000000000000133e-01
8.031999999999998993e-04,1.400000000000000133e-01
8.035999999999999090e-04,1.199999999999999956e-01
8.039999999999999187e-04,1.600000000000000033e-01
8.043999999999999284e-04,1.199999999999999956e-01
8.047999999999999382e-04,1.000000000000000056e-01
8.051999999999999479e-04,1.199999999999999956e-01
8.055999999999999576e-04,1.400000000000000133e-01
8.059999999999998589e-04,1.400000000000000133e-01
8.063999999999998686e-04,1.199999999999999956e-01
8.067999999999998784e-04,1.199999999999999956e-01
8.071999999999998881e-04,1.199999999999999956e-01
8.075999999999998978e-04,1.199999999999999956e-01
8.079999999999999075e-04,1.199999999999999956e-01
8.083999999999999173e-04,1.400000000000000133e-01
8.087999999999999270e-04,1.199999999999999956e-01
8.091999999999999367e-04,1.199999999999999956e-01
8.095999999999999464e-04,1.400000000000000133e-01
8.099999999999999561e-04,1.400000000000000133e-01
8.103999999999998574e-04,1.199999999999999956e-01
8.107999999999998672e-04,1.199999999999999956e-01
8.111999999999998769e-04,1.400000000000000133e-01
8.115999999999998866e-04,1.000000000000000056e-01
8.119999999999998963e-04,1.199999999999999956e-01
8.123999999999999061e-04,1.400000000000000133e-01
8.127999999999999158e-04,1.199999999999999956e-01
8.131999999999999255e-04,1.000000000000000056e-01
8.135999999999999352e-04,1.400000000000000133e-01
8.139999999999999450e-04,1.400000000000000133e-01
8.143999999999999547e-04,1.199999999999999956e-01
8.147999999999999644e-04,1.199999999999999956e-01
8.151999999999998657e-04,1.199999999999999956e-01
8.155999999999998754e-04,1.199999999999999956e-01
8.159999999999998851e-04,1.199999999999999956e-01
8.163999999999998949e-04,1.199999999999999956e-01
8.167999999999999046e-04,1.400000000000000133e-01
8.171999999999999143e-04,1.199999999999999956e-01
8.175999999999999240e-04,1.199999999999999956e-01
8.179999999999999338e-04,1.400000000000000133e-01
8.183999999999999435e-04,1.400000000000000133e-01
8.187999999999999532e-04,1.199999999999999956e-01
8.191999999999999629e-04,1.199999999999999956e-01
8.195999999999998642e-04,1.199999999999999956e-01
8.199999999999998740e-04,1.199999999999999956e-01
8.203999999999998837e-04,1.400000000000000133e-01
8.207999999999998934e-04,1.400000000000000133e-01
8.211999999999999031e-04,1.199999999999999956e-01
8.215999999999999128e-04,1.199999999999999956e-01
8.219999999999999226e-04,1.199999999999999956e-01
8.223999999999999323e-04,1.199999999999999956e-01
8.227999999999999420e-04,1.400000000000000133e-01
8.231999999999999517e-04,1.400000000000000133e-01
8.235999999999999615e-04,1.199999999999999956e-01
8.239999999999998628e-04,1.000000000000000056e-01
8.243999999999998725e-04,1.199999999999999956e-01
8.247999999999998822e-04,1.000000000000000056e-01
8.251999999999998919e-04,1.199999999999999956e-01
8.255999999999999017e-04,1.400000000000000133e-01
8.259999999999999114e-04,1.199999999999999956e-01
8.263999999999999211e-04,1.199999999999999956e-01
8.267999999999999308e-04,1.000000000000000056e-01
8.271999999999999405e-04,1.600000000000000033e-01
8.275999999999999503e-04,1.400000000000000133e-01
8.279999999999999600e-04,1.199999999999999956e-01
8.283999999999998613e-04,1.400000000000000133e-01
8.287999999999998710e-04,1.400000000000000133e-01
8.291999999999998807e-04,1.199999999999999956e-01
8.295999999999998905e-04,1.199999999999999956e-01
8.299999999999999002e-04,1.199999999999999956e-01
8.303999999999999099e-04,1.400000000000000133e-01
8.307999999999999196e-04,1.199999999999999956e-01
8.311999999999999294e-04,1.199999999999999956e-01
8.315999999999999391e-04,1.199999999999999956e-01
8.319999999999999488e-04,1.400000000000000133e-01
8.323999999999999585e-04,1.199999999999999956e-01
8.327999999999998598e-04,1.400000000000000133e-01
8.331999999999998695e-04,1.199999999999999956e-01
8.335999999999998793e-04,1.400000000000000133e-01
8.339999999999998890e-04,1.199999999999999956e-01
8.343999999999998987e-04,1.199999999999999956e-01
8.347999999999999084e-04,1.199999999999999956e-01
8.351999999999999182e-04,1.199999999999999956e-01
8.355999999999999279e-04,1.199999999999999956e-01
8.359999999999999376e-04,1.199999999999999956e-01
8.363999999999999473e-04,1.199999999999999956e-01
8.367999999999999571e-04,1.400000000000000133e-01
8.371999999999998584e-04,1.199999999999999956e-01
8.375999999999998681e-04,1.400000000000000133e-01
8.379999999999998778e-04,1.199999999999999956e-01
8.383999999999998875e-04,1.199999999999999956e-01
8.387999999999998972e-04,1.400000000000000133e-01
8.391999999999999070e-04,1.199999999999999956e-01
8.395999999999999167e-04,1.199999999999999956e-01
8.399999999999999264e-04,1.000000000000000056e-01
8.403999999999999361e-04,1.400000000000000133e-01
8.407999999999999459e-04,1.400000000000000133e-01
8.411999999999999556e-04,1.199999999999999956e-01
8.415999999999998569e-04,1.000000000000000056e-01
8.419999999999998666e-04,1.400000000000000133e-01
8.423999999999998763e-04,1.199999999999999956e-01
8.427999999999998861e-04,1.400000000000000133e-01
8.431999999999998958e-04,1.199999999999999956e-01
8.435999999999999055e-04,1.400000000000000133e-01
8.439999999999999152e-04,1.600000000000000033e-01
8.443999999999999249e-04,1.199999999999999956e-01
8.447999999999999347e-04,1.199999999999999956e-01
8.451999999999999444e-04,1.199999999999999956e-01
8.455999999999999541e-04,1.199999999999999956e-01
8.459999999999999638e-04,1.400000000000000133e-01
8.463999999999998651e-04,1.199999999999999956e-01
8.467999999999998749e-04,1.199999999999999956e-01
8.471999999999998846e-04,1.400000000000000133e-01
8.475999999999998943e-04,1.400000000000000133e-01
8.479999999999999040e-04,1.000000000000000056e-01
8.483999999999999138e-04,1.199999999999999956e-01
8.487999999999999235e-04,1.199999999999999956e-01
8.491999999999999332e-04,1.199999999999999956e-01
8.495999999999999429e-04,1.199999999999999956e-01
8.499999999999999526e-04,1.400000000000000133e-01
8.503999999999999624e-04,1.199999999999999956e-01
8.507999999999998637e-04,1.199999999999999956e-01
8.511999999999998734e-04,1.600000000000000033e-01
8.515999999999998831e-04,1.400000000000000133e-01
8.519999999999998928e-04,1.400000000000000133e-01
8.523999999999999026e-04,1.199999999999999956e-01
8.527999999999999123e-04,1.000000000000000056e-01
8.531999999999999220e-04,1.199999999999999956e-01
8.535999999999999317e-04,1.000000000000000056e-01
8.539999999999999414e-04,1.400000000000000133e-01
8.543999999999999512e-04,1.400000000000000133e-01
8.547999999999999609e-04,1.000000000000000056e-01
8.551999999999998622e-04,1.199999999999999956e-01
8.555999999999998719e-04,1.400000000000000133e-01
8.559999999999998816e-04,1.000000000000000056e-01
8.563999999999998914e-04,1.400000000000000133e-01
8.567999999999999011e-04,1.000000000000000056e-01
8.571999999999999108e-04,1.199999999999999956e-01
8.575999999999999205e-04,1.600000000000000033e-01
8.579999999999999303e-04,1.400000000000000133e-01
8.583999999999999400e-04,1.000000000000000056e-01
8.587999999999999497e-04,1.199999999999999956e-01
8.591999999999999594e-04,8.000000000000000167e-02
8.595999999999998607e-04,1.199999999999999956e-01
8.599999999999998705e-04,1.400000000000000133e-01
8.603999999999998802e-04,1.400000000000000133e-01
8.607999999999998899e-04,1.000000000000000056e-01
8.611999999999998996e-04,1.000000000000000056e-01
8.615999999999999093e-04,1.000000000000000056e-01
8.619999999999999191e-04,1.000000000000000056e-01
8.623999999999999288e-04,1.000000000000000056e-01
8.627999999999999385e-04,1.400000000000000133e-01
8.631999999999999482e-04,1.600000000000000033e-01
8.635999999999999580e-04,1.000000000000000056e-01
8.639999999999998593e-04,1.000000000000000056e-01
8.643999999999998690e-04,1.000000000000000056e-01
8.647999999999998787e-04,1.199999999999999956e-01
8.651999999999998884e-04,1.600000000000000033e-01
8.655999999999998981e-04,1.400000000000000133e-01
8.659999999999999079e-04,1.199999999999999956e-01
8.663999999999999176e-04,1.000000000000000056e-01
8.667999999999999273e-04,1.400000000000000133e-01
8.671999999999999370e-04,1.199999999999999956e-01
8.675999999999999468e-04,1.199999999999999956e-01
8.679999999999999565e-04,1.400000000000000133e-01
8.683999999999998578e-04,1.400000000000000133e-01
8.687999999999998675e-04,1.000000000000000056e-01
8.691999999999998772e-04,1.199999999999999956e-01
8.695999999999998870e-04,1.199999999999999956e-01
8.699999999999998967e-04,1.400000000000000133e-01
8.703999999999999064e-04,1.400000000000000133e-01
8.707999999999999161e-04,1.000000000000000056e-01
8.711999999999999258e-04,1.000000000000000056e-01
8.715999999999999356e-04,1.199999999999999956e-01
8.719999999999999453e-04,1.199999999999999956e-01
8.723999999999999550e-04,1.199999999999999956e-01
8.727999999999998563e-04,1.400000000000000133e-01
8.731999999999998660e-04,1.199999999999999956e-01
8.735999999999998758e-04,1.199999999999999956e-01
8.739999999999998855e-04,1.199999999999999956e-01
8.743999999999998952e-04,1.199999999999999956e-01
8.747999999999999049e-04,1.199999999999999956e-01
8.751999999999999147e-04,1.400000000000000133e-01
8.755999999999999244e-04,1.400000000000000133e-01
8.759999999999999341e-04,1.199999999999999956e-01
8.763999999999999438e-04,1.400000000000000133e-01
8.767999999999999535e-04,1.199999999999999956e-01
8.771999999999998548e-04,1.400000000000000133e-01
8.775999999999998646e-04,1.000000000000000056e-01
8.779999999999998743e-04,1.400000000000000133e-01
8.783999999999998840e-04,1.600000000000000033e-01
8.787999999999998937e-04,1.400000000000000133e-01
8.791999999999999035e-04,1.199999999999999956e-01
8.795999999999999132e-04,1.400000000000000133e-01
8.799999999999999229e-04,1.400000000000000133e-01
8.803999999999999326e-04,1.400000000000000133e-01
8.807999999999999424e-04,1.199999999999999956e-01
8.811999999999999521e-04,1.199999999999999956e-01
8.815999999999999618e-04,1.600000000000000033e-01
8.819999999999998631e-04,1.199999999999999956e-01
8.823999999999998728e-04,1.199999999999999956e-01
8.827999999999998825e-04,1.199999999999999956e-01
8.831999999999998923e-04,1.400000000000000133e-01
8.835999999999999020e-04,1.199999999999999956e-01
8.839999999999999117e-04,1.000000000000000056e-01
8.843999999999999214e-04,1.199999999999999956e-01
8.847999999999999312e-04,1.400000000000000133e-01
8.851999999999999409e-04,1.400000000000000133e-01
8.855999999999999506e-04,1.400000000000000133e-01
8.859999999999999603e-04,8.000000000000000167e-02
8.863999999999998616e-04,1.199999999999999956e-01
8.867999999999998714e-04,1.199999999999999956e-01
8.871999999999998811e-04,1.199999999999999956e-01
8.875999999999998908e-04,1.199999999999999956e-01
8.879999999999999005e-04,1.400000000000000133e-01
8.883999999999999102e-04,1.400000000000000133e-01
8.887999999999999200e-04,1.400000000000000133e-01
8.891999999999999297e-04,1.199999999999999956e-01
8.895999999999999394e-04,1.199999999999999956e-01
8.899999999999999491e-04,1.000000000000000056e-01
8.903999999999999589e-04,1.199999999999999956e-01
8.907999999999998602e-04,1.199999999999999956e-01
8.911999999999998699e-04,1.199999999999999956e-01
8.915999999999998796e-04,1.400000000000000133e-01
8.919999999999998893e-04,1.400000000000000133e-01
8.923999999999998991e-04,1.000000000000000056e-01
8.927999999999999088e-04,1.199999999999999956e-01
8.931999999999999185e-04,1.199999999999999956e-01
8.935999999999999282e-04,1.000000000000000056e-01
8.939999999999999379e-04,1.199999999999999956e-01
8.943999999999999477e-04,1.199999999999999956e-01
8.947999999999999574e-04,1.199999999999999956e-01
8.951999999999998587e-04,1.600000000000000033e-01
8.955999999999998684e-04,1.400000000000000133e-01
8.959999999999998781e-04,1.400000000000000133e-01
8.963999999999998879e-04,1.199999999999999956e-01
8.967999999999998976e-04,1.400000000000000133e-01
8.971999999999999073e-04,1.199999999999999956e-01
8.975999999999999170e-04,1.199999999999999956e-01
8.979999999999999268e-04,1.199999999999999956e-01
8.983999999999999365e-04,1.199999999999999956e-01
8.987999999999999462e-04,1.000000000000000056e-01
8.991999999999999559e-04,1.199999999999999956e-01
8.995999999999998572e-04,1.600000000000000033e-01
8.999999999999998669e-04,1.400000000000000133e-01
9.003999999999998767e-04,1.000000000000000056e-01
9.007999999999998864e-04,1.000000000000000056e-01
9.011999999999998961e-04,1.199999999999999956e-01
9.015999999999999058e-04,1.199999999999999956e-01
9.019999999999999156e-04,1.199999999999999956e-01
9.023999999999999253e-04,1.199999999999999956e-01
9.027999999999999350e-04,1.400000000000000133e-01
9.031999999999999447e-04,8.000000000000000167e-02
9.035999999999999545e-04,1.000000000000000056e-01
9.039999999999998558e-04,1.199999999999999956e-01
9.043999999999998655e-04,1.000000000000000056e-01
9.047999999999998752e-04,1.400000000000000133e-01
9.051999999999998849e-04,1.199999999999999956e-01
9.055999999999998946e-04,1.199999999999999956e-01
9.059999999999999044e-04,1.199999999999999956e-01
9.063999999999999141e-04,1.400000000000000133e-01
9.067999999999999238e-04,1.400000000000000133e-01
9.071999999999999335e-04,1.000000000000000056e-01
9.075999999999999433e-04,1.199999999999999956e-01
9.079999999999999530e-04,1.400000000000000133e-01
9.083999999999998543e-04,1.400000000000000133e-01
9.087999999999998640e-04,1.199999999999999956e-01
9.091999999999998737e-04,1.199999999999999956e-01
9.095999999999998835e-04,1.400000000000000133e-01
9.099999999999998932e-04,1.199999999999999956e-01
9.103999999999999029e-04,1.199999999999999956e-01
9.107999999999999126e-04,1.000000000000000056e-01
9.111999999999999223e-04,1.400000000000000133e-01
9.115999999999999321e-04,1.199999999999999956e-01
9.119999999999999418e-04,1.400000000000000133e-01
9.123999999999999515e-04,1.400000000000000133e-01
9.127999999999999612e-04,1.000000000000000056e-01
9.131999999999998625e-04,1.199999999999999956e-01
9.135999999999998723e-04,1.199999999999999956e-01
9.139999999999998820e-04,1.400000000000000133e-01
9.143999999999998917e-04,1.199999999999999956e-01
9.147999999999999014e-04,1.199999999999999956e-01
9.151999999999999112e-04,1.199999999999999956e-01
9.155999999999999209e-04,1.199999999999999956e-01
9.159999999999999306e-04,1.400000000000000133e-01
9.163999999999999403e-04,1.199999999999999956e-01
9.167999999999998416e-04,1.199999999999999956e-01
9.171999999999998513e-04,1.199999999999999956e-01
9.175999999999998611e-04,1.199999999999999956e-01
9.179999999999998708e-04,1.400000000000000133e-01
9.183999999999998805e-04,1.000000000000000056e-01
9.187999999999998902e-04,1.199999999999999956e-01
9.191999999999999000e-04,1.400000000000000133e-01
9.195999999999999097e-04,1.199999999999999956e-01
9.199999999999999194e-04,1.400000000000000133e-01
9.203999999999999291e-04,1.199999999999999956e-01
9.207999999999999389e-04,1.199999999999999956e-01
9.211999999999999486e-04,1.400000000000000133e-01
9.215999999999999583e-04,1.400000000000000133e-01
9.219999999999999680e-04,1.400000000000000133e-01
9.223999999999999777e-04,1.199999999999999956e-01
9.227999999999999875e-04,1.600000000000000033e-01
9.231999999999999972e-04,1.400000000000000133e-01
9.236000000000000069e-04,1.199999999999999956e-01
9.239999999999997998e-04,1.400000000000000133e-01
9.243999999999998095e-04,1.199999999999999956e-01
9.247999999999998192e-04,1.000000000000000056e-01
9.251999999999998290e-04,1.400000000000000133e-01
9.255999999999998387e-04,1.199999999999999956e-01
9.259999999999998484e-04,1.199999999999999956e-01
9.263999999999998581e-04,1.199999999999999956e-01
9.267999999999998679e-04,1.199999999999999956e-01
9.271999999999998776e-04,1.199999999999999956e-01
9.275999999999998873e-04,1.199999999999999956e-01
9.279999999999998970e-04,1.400000000000000133e-01
9.283999999999999067e-04,1.199999999999999956e-01
9.287999999999999165e-04,1.199999999999999956e-01
9.291999999999999262e-04,1.199999999999999956e-01
9.295999999999999359e-04,1.199999999999999956e-01
9.299999999999999456e-04,1.199999999999999956e-01
9.303999999999999554e-04,1.199999999999999956e-01
9.307999999999999651e-04,1.400000000000000133e-01
9.311999999999999748e-04,1.600000000000000033e-01
9.315999999999999845e-04,1.199999999999999956e-01
9.319999999999999942e-04,1.199999999999999956e-01
9.324000000000000040e-04,1.199999999999999956e-01
9.328000000000000137e-04,1.400000000000000133e-01
9.331999999999998066e-04,1.199999999999999956e-01
9.335999999999998163e-04,1.400000000000000133e-01
9.339999999999998260e-04,1.199999999999999956e-01
9.343999999999998357e-04,1.199999999999999956e-01
9.347999999999998455e-04,1.400000000000000133e-01
9.351999999999998552e-04,1.000000000000000056e-01
9.355999999999998649e-04,1.400000000000000133e-01
9.359999999999998746e-04,1.199999999999999956e-01
9.363999999999998844e-04,1.199999999999999956e-01
9.367999999999998941e-04,1.400000000000000133e-01
9.371999999999999038e-04,1.199999999999999956e-01
9.375999999999999135e-04,1.199999999999999956e-01
9.379999999999999232e-04,1.199999999999999956e-01
9.383999999999999330e-04,1.000000000000000056e-01
9.387999999999999427e-04,1.199999999999999956e-01
9.391999999999999524e-04,1.400000000000000133e-01
9.395999999999999621e-04,1.199999999999999956e-01
