time_s,voltage_V
6.999999999999999683e-07,1.440000000000000169e-01
7.099999999999999785e-07,1.519999999999999962e-01
7.199999999999999886e-07,1.519999999999999962e-01
7.299999999999999987e-07,1.440000000000000169e-01
7.400000000000000089e-07,1.360000000000000098e-01
7.500000000000000190e-07,1.440000000000000169e-01
7.599999999999999233e-07,1.519999999999999962e-01
7.699999999999999334e-07,1.440000000000000169e-01
7.799999999999999435e-07,1.360000000000000098e-01
7.899999999999999537e-07,1.360000000000000098e-01
7.999999999999999638e-07,1.280000000000000027e-01
8.099999999999999739e-07,1.360000000000000098e-01
8.199999999999999841e-07,1.199999999999999956e-01
8.299999999999999942e-07,1.280000000000000027e-01
8.400000000000000043e-07,1.360000000000000098e-01
8.499999999999999086e-07,1.360000000000000098e-01
8.600000000000000246e-07,1.199999999999999956e-01
8.699999999999999289e-07,1.280000000000000027e-01
8.799999999999999390e-07,1.280000000000000027e-01
8.899999999999999491e-07,1.360000000000000098e-01
8.999999999999999593e-07,1.360000000000000098e-01
9.099999999999999694e-07,1.280000000000000027e-01
9.199999999999999795e-07,1.280000000000000027e-01
9.299999999999999897e-07,1.280000000000000027e-01
9.399999999999999998e-07,1.280000000000000027e-01
9.500000000000000100e-07,1.199999999999999956e-01
9.599999999999999142e-07,1.199999999999999956e-01
9.700000000000000302e-07,1.199999999999999956e-01
9.799999999999999345e-07,1.199999999999999956e-01
9.900000000000000505e-07,1.199999999999999956e-01
9.999999999999999547e-07,1.280000000000000027e-01
1.010000000000000071e-06,1.199999999999999956e-01
1.019999999999999975e-06,1.199999999999999956e-01
1.029999999999999879e-06,1.120000000000000023e-01
1.039999999999999995e-06,1.199999999999999956e-01
1.049999999999999900e-06,1.199999999999999956e-01
1.060000000000000016e-06,1.199999999999999956e-01
1.069999999999999920e-06,1.040000000000000091e-01
1.080000000000000036e-06,1.040000000000000091e-01
1.089999999999999940e-06,1.120000000000000023e-01
1.100000000000000056e-06,1.120000000000000023e-01
1.109999999999999960e-06,1.120000000000000023e-01
1.119999999999999865e-06,1.120000000000000023e-01
1.129999999999999981e-06,1.120000000000000023e-01
1.140000000000000097e-06,1.120000000000000023e-01
1.150000000000000001e-06,1.040000000000000091e-01
1.159999999999999905e-06,1.120000000000000023e-01
1.170000000000000021e-06,1.120000000000000023e-01
1.180000000000000137e-06,1.040000000000000091e-01
1.190000000000000041e-06,1.040000000000000091e-01
1.199999999999999946e-06,1.040000000000000091e-01
1.209999999999999850e-06,1.120000000000000023e-01
1.219999999999999966e-06,1.120000000000000023e-01
1.230000000000000082e-06,1.040000000000000091e-01
1.239999999999999986e-06,1.040000000000000091e-01
1.249999999999999890e-06,1.040000000000000091e-01
1.260000000000000007e-06,9.600000000000000200e-02
1.270000000000000123e-06,1.120000000000000023e-01
1.280000000000000027e-06,9.600000000000000200e-02
1.289999999999999931e-06,1.040000000000000091e-01
1.299999999999999835e-06,1.040000000000000091e-01
1.309999999999999951e-06,1.040000000000000091e-01
1.320000000000000067e-06,1.040000000000000091e-01
1.329999999999999972e-06,1.040000000000000091e-01
1.339999999999999876e-06,1.040000000000000091e-01
1.349999999999999992e-06,9.600000000000000200e-02
1.360000000000000108e-06,9.600000000000000200e-02
1.370000000000000012e-06,1.040000000000000091e-01
1.379999999999999916e-06,9.600000000000000200e-02
1.390000000000000032e-06,1.120000000000000023e-01
1.399999999999999937e-06,9.600000000000000200e-02
1.410000000000000053e-06,1.040000000000000091e-01
1.419999999999999957e-06,1.040000000000000091e-01
1.429999999999999861e-06,9.600000000000000200e-02
1.439999999999999977e-06,9.600000000000000200e-02
1.450000000000000093e-06,1.040000000000000091e-01
1.459999999999999997e-06,9.600000000000000200e-02
1.469999999999999902e-06,9.600000000000000200e-02
1.480000000000000018e-06,9.600000000000000200e-02
1.490000000000000134e-06,1.040000000000000091e-01
1.500000000000000038e-06,1.040000000000000091e-01
1.509999999999999942e-06,9.600000000000000200e-02
1.519999999999999847e-06,9.600000000000000200e-02
1.529999999999999963e-06,9.600000000000000200e-02
1.540000000000000079e-06,1.040000000000000091e-01
1.549999999999999983e-06,1.120000000000000023e-01
1.559999999999999887e-06,1.199999999999999956e-01
1.570000000000000003e-06,1.199999999999999956e-01
1.580000000000000119e-06,1.280000000000000027e-01
1.590000000000000023e-06,1.440000000000000169e-01
1.599999999999999928e-06,1.759999999999999898e-01
1.609999999999999832e-06,2.000000000000000111e-01
1.619999999999999948e-06,2.320000000000000118e-01
1.630000000000000064e-06,2.959999999999999853e-01
1.639999999999999968e-06,4.000000000000000222e-01
1.649999999999999872e-06,4.959999999999999964e-01
1.660000000000000200e-06,6.480000000000000204e-01
1.670000000000000104e-06,8.399999999999999689e-01
1.680000000000000009e-06,1.072000000000000064e+00
1.689999999999999913e-06,1.336000000000000076e+00
1.699999999999999817e-06,1.584000000000000075e+00
1.710000000000000145e-06,1.592000000000000082e+00
1.720000000000000049e-06,1.592000000000000082e+00
1.729999999999999953e-06,1.592000000000000082e+00
1.739999999999999858e-06,1.592000000000000082e+00
1.750000000000000186e-06,1.592000000000000082e+00
1.760000000000000090e-06,1.592000000000000082e+00
1.769999999999999994e-06,1.592000000000000082e+00
1.779999999999999898e-06,1.592000000000000082e+00
1.789999999999999803e-06,1.592000000000000082e+00
1.800000000000000130e-06,1.463999999999999968e+00
1.810000000000000035e-06,1.320000000000000062e+00
1.819999999999999939e-06,1.199999999999999956e+00
1.829999999999999843e-06,1.088000000000000078e+00
1.840000000000000171e-06,9.919999999999999929e-01
1.850000000000000075e-06,9.120000000000000329e-01
1.859999999999999979e-06,8.399999999999999689e-01
1.869999999999999884e-06,7.840000000000000302e-01
1.879999999999999788e-06,7.439999999999999947e-01
1.890000000000000116e-06,6.960000000000000631e-01
1.900000000000000020e-06,6.560000000000000275e-01
1.909999999999999924e-06,6.239999999999999991e-01
1.919999999999999828e-06,5.999999999999999778e-01
1.930000000000000156e-06,5.760000000000000675e-01
1.940000000000000060e-06,5.600000000000000533e-01
1.949999999999999965e-06,5.280000000000000249e-01
1.959999999999999869e-06,5.280000000000000249e-01
1.970000000000000197e-06,5.040000000000000036e-01
1.980000000000000101e-06,4.959999999999999964e-01
1.990000000000000005e-06,4.799999999999999822e-01
1.999999999999999909e-06,4.720000000000000306e-01
2.009999999999999814e-06,4.640000000000000235e-01
2.020000000000000142e-06,4.400000000000000022e-01
2.030000000000000046e-06,4.480000000000000093e-01
2.039999999999999950e-06,4.319999999999999951e-01
2.049999999999999854e-06,4.319999999999999951e-01
2.060000000000000182e-06,4.080000000000000293e-01
2.070000000000000086e-06,4.080000000000000293e-01
2.079999999999999991e-06,4.080000000000000293e-01
2.089999999999999895e-06,4.000000000000000222e-01
2.099999999999999799e-06,3.920000000000000151e-01
2.110000000000000127e-06,3.920000000000000151e-01
2.120000000000000031e-06,3.760000000000000009e-01
2.129999999999999935e-06,3.760000000000000009e-01
2.139999999999999840e-06,3.679999999999999938e-01
2.150000000000000167e-06,3.599999999999999867e-01
2.160000000000000072e-06,3.679999999999999938e-01
2.169999999999999976e-06,3.599999999999999867e-01
2.179999999999999880e-06,3.519999999999999796e-01
2.190000000000000208e-06,3.519999999999999796e-01
2.200000000000000112e-06,3.440000000000000280e-01
2.210000000000000016e-06,3.440000000000000280e-01
2.219999999999999921e-06,3.440000000000000280e-01
2.229999999999999825e-06,3.360000000000000209e-01
2.240000000000000153e-06,3.280000000000000138e-01
2.250000000000000057e-06,3.360000000000000209e-01
2.259999999999999961e-06,3.200000000000000067e-01
2.269999999999999866e-06,3.119999999999999996e-01
2.280000000000000193e-06,3.200000000000000067e-01
2.290000000000000098e-06,3.119999999999999996e-01
2.300000000000000002e-06,3.119999999999999996e-01
2.309999999999999906e-06,3.039999999999999925e-01
2.319999999999999810e-06,3.039999999999999925e-01
2.330000000000000138e-06,3.119999999999999996e-01
2.340000000000000042e-06,3.039999999999999925e-01
2.349999999999999947e-06,2.959999999999999853e-01
2.359999999999999851e-06,2.959999999999999853e-01
2.370000000000000179e-06,2.959999999999999853e-01
2.380000000000000083e-06,3.039999999999999925e-01
2.389999999999999987e-06,2.880000000000000338e-01
2.399999999999999891e-06,2.880000000000000338e-01
2.409999999999999796e-06,2.880000000000000338e-01
2.420000000000000123e-06,2.800000000000000266e-01
2.430000000000000028e-06,2.800000000000000266e-01
2.439999999999999932e-06,2.720000000000000195e-01
2.449999999999999836e-06,2.800000000000000266e-01
2.460000000000000164e-06,2.720000000000000195e-01
2.470000000000000068e-06,2.720000000000000195e-01
2.479999999999999972e-06,2.800000000000000266e-01
2.489999999999999877e-06,2.720000000000000195e-01
2.500000000000000205e-06,2.720000000000000195e-01
2.510000000000000109e-06,2.720000000000000195e-01
2.520000000000000013e-06,2.640000000000000124e-01
2.529999999999999917e-06,2.640000000000000124e-01
2.539999999999999822e-06,2.720000000000000195e-01
2.550000000000000149e-06,2.640000000000000124e-01
2.560000000000000054e-06,2.560000000000000053e-01
2.569999999999999958e-06,2.479999999999999982e-01
2.579999999999999862e-06,2.560000000000000053e-01
2.590000000000000190e-06,2.640000000000000124e-01
2.600000000000000094e-06,2.560000000000000053e-01
2.609999999999999998e-06,2.560000000000000053e-01
2.620000000000000326e-06,2.479999999999999982e-01
2.630000000000000230e-06,2.560000000000000053e-01
2.640000000000000135e-06,2.560000000000000053e-01
2.650000000000000039e-06,2.479999999999999982e-01
2.659999999999999943e-06,2.479999999999999982e-01
2.670000000000000271e-06,2.479999999999999982e-01
2.680000000000000175e-06,2.479999999999999982e-01
2.690000000000000079e-06,2.479999999999999982e-01
2.699999999999999984e-06,2.479999999999999982e-01
2.710000000000000311e-06,2.479999999999999982e-01
2.720000000000000216e-06,2.479999999999999982e-01
2.730000000000000120e-06,2.399999999999999911e-01
2.740000000000000024e-06,2.479999999999999982e-01
2.749999999999999928e-06,2.320000000000000118e-01
2.760000000000000256e-06,2.479999999999999982e-01
2.770000000000000161e-06,2.399999999999999911e-01
2.780000000000000065e-06,2.399999999999999911e-01
2.789999999999999969e-06,2.320000000000000118e-01
2.800000000000000297e-06,2.399999999999999911e-01
2.810000000000000201e-06,2.320000000000000118e-01
2.820000000000000105e-06,2.320000000000000118e-01
2.830000000000000010e-06,2.320000000000000118e-01
2.839999999999999914e-06,2.320000000000000118e-01
2.850000000000000242e-06,2.320000000000000118e-01
2.860000000000000146e-06,2.320000000000000118e-01
2.870000000000000050e-06,2.320000000000000118e-01
2.879999999999999954e-06,2.320000000000000118e-01
2.890000000000000282e-06,2.399999999999999911e-01
2.900000000000000186e-06,2.320000000000000118e-01
2.910000000000000091e-06,2.399999999999999911e-01
2.919999999999999995e-06,2.479999999999999982e-01
2.930000000000000323e-06,2.479999999999999982e-01
2.940000000000000227e-06,2.479999999999999982e-01
2.950000000000000131e-06,2.640000000000000124e-01
2.960000000000000035e-06,2.800000000000000266e-01
2.969999999999999940e-06,2.959999999999999853e-01
2.980000000000000267e-06,3.119999999999999996e-01
2.990000000000000172e-06,3.360000000000000209e-01
3.000000000000000076e-06,3.760000000000000009e-01
3.009999999999999980e-06,4.160000000000000364e-01
3.020000000000000308e-06,4.799999999999999822e-01
3.030000000000000212e-06,5.440000000000000391e-01
3.040000000000000117e-06,6.320000000000000062e-01
3.050000000000000021e-06,7.279999999999999805e-01
3.059999999999999925e-06,8.479999999999999760e-01
3.070000000000000253e-06,9.919999999999999929e-01
3.080000000000000157e-06,1.136000000000000121e+00
3.090000000000000061e-06,1.264000000000000012e+00
3.099999999999999966e-06,1.392000000000000126e+00
3.110000000000000293e-06,1.487999999999999989e+00
3.120000000000000198e-06,1.552000000000000046e+00
3.130000000000000102e-06,1.592000000000000082e+00
3.140000000000000006e-06,1.584000000000000075e+00
3.150000000000000334e-06,1.576000000000000068e+00
3.160000000000000238e-06,1.512000000000000011e+00
3.170000000000000142e-06,1.455999999999999961e+00
3.180000000000000047e-06,1.376000000000000112e+00
3.189999999999999951e-06,1.312000000000000055e+00
3.200000000000000279e-06,1.231999999999999984e+00
3.210000000000000183e-06,1.159999999999999920e+00
3.220000000000000087e-06,1.088000000000000078e+00
3.229999999999999991e-06,1.032000000000000028e+00
3.240000000000000319e-06,9.759999999999999787e-01
3.250000000000000224e-06,9.280000000000000471e-01
3.260000000000000128e-06,8.800000000000000044e-01
3.270000000000000032e-06,8.399999999999999689e-01
3.279999999999999936e-06,8.160000000000000586e-01
3.290000000000000264e-06,7.760000000000000231e-01
3.300000000000000168e-06,7.439999999999999947e-01
3.310000000000000073e-06,7.279999999999999805e-01
3.319999999999999977e-06,6.880000000000000560e-01
3.330000000000000305e-06,6.800000000000000488e-01
3.340000000000000209e-06,6.640000000000000346e-01
3.350000000000000113e-06,6.320000000000000062e-01
3.360000000000000017e-06,6.239999999999999991e-01
3.369999999999999922e-06,6.159999999999999920e-01
3.380000000000000249e-06,5.919999999999999707e-01
3.390000000000000154e-06,5.839999999999999636e-01
3.400000000000000058e-06,5.760000000000000675e-01
3.409999999999999962e-06,5.680000000000000604e-01
3.420000000000000290e-06,5.520000000000000462e-01
3.430000000000000194e-06,5.440000000000000391e-01
3.440000000000000098e-06,5.280000000000000249e-01
3.450000000000000003e-06,5.360000000000000320e-01
3.460000000000000330e-06,5.200000000000000178e-01
3.470000000000000235e-06,5.040000000000000036e-01
3.480000000000000139e-06,5.120000000000000107e-01
3.490000000000000043e-06,5.040000000000000036e-01
3.499999999999999947e-06,4.959999999999999964e-01
3.510000000000000275e-06,4.879999999999999893e-01
3.520000000000000180e-06,4.879999999999999893e-01
3.530000000000000084e-06,4.879999999999999893e-01
3.539999999999999988e-06,4.799999999999999822e-01
3.550000000000000316e-06,4.720000000000000306e-01
3.560000000000000220e-06,4.640000000000000235e-01
3.570000000000000124e-06,4.560000000000000164e-01
3.580000000000000029e-06,4.480000000000000093e-01
3.589999999999999933e-06,4.560000000000000164e-01
3.600000000000000261e-06,4.480000000000000093e-01
3.610000000000000165e-06,4.400000000000000022e-01
3.620000000000000069e-06,4.640000000000000235e-01
3.629999999999999973e-06,4.480000000000000093e-01
3.640000000000000301e-06,4.480000000000000093e-01
3.650000000000000205e-06,4.400000000000000022e-01
3.660000000000000110e-06,4.400000000000000022e-01
3.670000000000000014e-06,4.239999999999999880e-01
3.680000000000000342e-06,4.319999999999999951e-01
3.690000000000000246e-06,4.239999999999999880e-01
3.700000000000000150e-06,4.160000000000000364e-01
3.710000000000000054e-06,4.319999999999999951e-01
3.719999999999999959e-06,4.319999999999999951e-01
3.730000000000000286e-06,4.319999999999999951e-01
3.740000000000000191e-06,4.319999999999999951e-01
3.750000000000000095e-06,4.239999999999999880e-01
3.759999999999999999e-06,4.239999999999999880e-01
3.770000000000000327e-06,4.080000000000000293e-01
3.780000000000000231e-06,4.239999999999999880e-01
3.790000000000000136e-06,4.239999999999999880e-01
3.800000000000000040e-06,4.160000000000000364e-01
3.809999999999999944e-06,4.319999999999999951e-01
3.819999999999999848e-06,4.239999999999999880e-01
3.829999999999999753e-06,4.239999999999999880e-01
3.839999999999999657e-06,4.319999999999999951e-01
3.849999999999999561e-06,4.319999999999999951e-01
3.860000000000000312e-06,4.319999999999999951e-01
3.870000000000000217e-06,4.400000000000000022e-01
3.880000000000000121e-06,4.400000000000000022e-01
3.890000000000000025e-06,4.480000000000000093e-01
3.899999999999999929e-06,4.560000000000000164e-01
3.909999999999999834e-06,4.640000000000000235e-01
3.919999999999999738e-06,4.799999999999999822e-01
3.929999999999999642e-06,4.799999999999999822e-01
3.939999999999999546e-06,4.799999999999999822e-01
3.950000000000000298e-06,4.879999999999999893e-01
3.960000000000000202e-06,5.120000000000000107e-01
3.970000000000000106e-06,5.200000000000000178e-01
3.980000000000000010e-06,5.360000000000000320e-01
3.989999999999999915e-06,5.520000000000000462e-01
3.999999999999999819e-06,5.680000000000000604e-01
4.009999999999999723e-06,5.919999999999999707e-01
4.019999999999999628e-06,5.999999999999999778e-01
4.029999999999999532e-06,6.320000000000000062e-01
4.040000000000000283e-06,6.400000000000000133e-01
4.050000000000000187e-06,6.720000000000000417e-01
4.060000000000000092e-06,6.880000000000000560e-01
4.069999999999999996e-06,7.199999999999999734e-01
4.079999999999999900e-06,7.279999999999999805e-01
4.089999999999999804e-06,7.600000000000000089e-01
4.099999999999999709e-06,7.760000000000000231e-01
4.109999999999999613e-06,7.840000000000000302e-01
4.119999999999999517e-06,8.160000000000000586e-01
4.130000000000000268e-06,8.240000000000000657e-01
4.140000000000000173e-06,8.479999999999999760e-01
4.150000000000000077e-06,8.559999999999999831e-01
4.159999999999999981e-06,8.639999999999999902e-01
4.169999999999999885e-06,8.800000000000000044e-01
4.179999999999999790e-06,8.800000000000000044e-01
4.189999999999999694e-06,8.880000000000000115e-01
4.199999999999999598e-06,8.719999999999999973e-01
4.210000000000000349e-06,8.719999999999999973e-01
4.220000000000000254e-06,8.719999999999999973e-01
4.230000000000000158e-06,8.639999999999999902e-01
4.240000000000000062e-06,8.479999999999999760e-01
4.249999999999999966e-06,8.320000000000000728e-01
4.259999999999999871e-06,8.240000000000000657e-01
4.269999999999999775e-06,8.160000000000000586e-01
4.279999999999999679e-06,8.080000000000000515e-01
4.289999999999999584e-06,7.760000000000000231e-01
4.300000000000000335e-06,7.760000000000000231e-01
4.310000000000000239e-06,7.439999999999999947e-01
4.320000000000000143e-06,7.439999999999999947e-01
4.330000000000000048e-06,7.279999999999999805e-01
4.339999999999999952e-06,7.119999999999999662e-01
4.349999999999999856e-06,6.960000000000000631e-01
4.359999999999999760e-06,6.800000000000000488e-01
4.369999999999999665e-06,6.720000000000000417e-01
4.379999999999999569e-06,6.560000000000000275e-01
4.390000000000000320e-06,6.480000000000000204e-01
4.400000000000000224e-06,6.320000000000000062e-01
4.410000000000000129e-06,6.159999999999999920e-01
4.420000000000000033e-06,6.159999999999999920e-01
4.429999999999999937e-06,5.919999999999999707e-01
4.439999999999999841e-06,5.919999999999999707e-01
4.449999999999999746e-06,5.839999999999999636e-01
4.459999999999999650e-06,5.600000000000000533e-01
4.469999999999999554e-06,5.760000000000000675e-01
4.480000000000000305e-06,5.520000000000000462e-01
4.490000000000000210e-06,5.440000000000000391e-01
4.500000000000000114e-06,5.440000000000000391e-01
4.510000000000000018e-06,5.440000000000000391e-01
4.519999999999999923e-06,5.360000000000000320e-01
4.529999999999999827e-06,5.280000000000000249e-01
4.540000000000000578e-06,5.200000000000000178e-01
4.550000000000000482e-06,5.200000000000000178e-01
4.560000000000000387e-06,5.120000000000000107e-01
4.570000000000000291e-06,5.040000000000000036e-01
4.580000000000000195e-06,4.959999999999999964e-01
4.590000000000000099e-06,4.879999999999999893e-01
4.600000000000000004e-06,4.879999999999999893e-01
4.609999999999999908e-06,4.959999999999999964e-01
4.619999999999999812e-06,4.720000000000000306e-01
4.630000000000000563e-06,4.799999999999999822e-01
4.640000000000000468e-06,4.720000000000000306e-01
4.650000000000000372e-06,4.720000000000000306e-01
4.660000000000000276e-06,4.640000000000000235e-01
4.670000000000000180e-06,4.640000000000000235e-01
4.680000000000000085e-06,4.640000000000000235e-01
4.689999999999999989e-06,4.560000000000000164e-01
4.699999999999999893e-06,4.480000000000000093e-01
4.709999999999999797e-06,4.560000000000000164e-01
4.720000000000000549e-06,4.560000000000000164e-01
4.730000000000000453e-06,4.560000000000000164e-01
4.740000000000000357e-06,4.560000000000000164e-01
4.750000000000000262e-06,4.400000000000000022e-01
4.760000000000000166e-06,4.400000000000000022e-01
4.770000000000000070e-06,4.480000000000000093e-01
4.779999999999999974e-06,4.480000000000000093e-01
4.789999999999999879e-06,4.400000000000000022e-01
4.799999999999999783e-06,4.400000000000000022e-01
4.810000000000000534e-06,4.400000000000000022e-01
4.820000000000000438e-06,4.400000000000000022e-01
4.830000000000000343e-06,4.319999999999999951e-01
4.840000000000000247e-06,4.319999999999999951e-01
4.850000000000000151e-06,4.319999999999999951e-01
4.860000000000000055e-06,4.319999999999999951e-01
4.869999999999999960e-06,4.319999999999999951e-01
4.879999999999999864e-06,4.239999999999999880e-01
4.889999999999999768e-06,4.319999999999999951e-01
4.900000000000000519e-06,4.319999999999999951e-01
4.910000000000000424e-06,4.319999999999999951e-01
4.920000000000000328e-06,4.239999999999999880e-01
4.930000000000000232e-06,4.239999999999999880e-01
4.940000000000000136e-06,4.239999999999999880e-01
4.950000000000000041e-06,4.319999999999999951e-01
4.959999999999999945e-06,4.239999999999999880e-01
4.969999999999999849e-06,4.400000000000000022e-01
4.979999999999999753e-06,4.319999999999999951e-01
4.990000000000000505e-06,4.319999999999999951e-01
5.000000000000000409e-06,4.400000000000000022e-01
5.010000000000000313e-06,4.480000000000000093e-01
5.020000000000000218e-06,4.480000000000000093e-01
5.030000000000000122e-06,4.400000000000000022e-01
5.040000000000000026e-06,4.480000000000000093e-01
5.049999999999999930e-06,4.560000000000000164e-01
5.059999999999999835e-06,4.640000000000000235e-01
5.070000000000000586e-06,4.640000000000000235e-01
5.080000000000000490e-06,4.720000000000000306e-01
5.090000000000000394e-06,4.720000000000000306e-01
5.100000000000000299e-06,4.799999999999999822e-01
5.110000000000000203e-06,4.879999999999999893e-01
5.120000000000000107e-06,5.040000000000000036e-01
5.130000000000000011e-06,5.120000000000000107e-01
5.139999999999999916e-06,5.120000000000000107e-01
5.149999999999999820e-06,5.200000000000000178e-01
5.160000000000000571e-06,5.520000000000000462e-01
5.170000000000000475e-06,5.520000000000000462e-01
5.180000000000000380e-06,5.600000000000000533e-01
5.190000000000000284e-06,5.680000000000000604e-01
5.200000000000000188e-06,5.919999999999999707e-01
5.210000000000000092e-06,6.079999999999999849e-01
5.219999999999999997e-06,6.320000000000000062e-01
5.229999999999999901e-06,6.480000000000000204e-01
5.239999999999999805e-06,6.560000000000000275e-01
5.250000000000000557e-06,6.720000000000000417e-01
5.260000000000000461e-06,6.880000000000000560e-01
5.270000000000000365e-06,7.039999999999999591e-01
5.280000000000000269e-06,7.199999999999999734e-01
5.290000000000000174e-06,7.359999999999999876e-01
5.300000000000000078e-06,7.520000000000000018e-01
5.309999999999999982e-06,7.600000000000000089e-01
5.319999999999999886e-06,7.920000000000000373e-01
5.329999999999999791e-06,7.920000000000000373e-01
5.340000000000000542e-06,8.080000000000000515e-01
5.350000000000000446e-06,8.080000000000000515e-01
5.360000000000000350e-06,8.240000000000000657e-01
5.370000000000000255e-06,8.320000000000000728e-01
5.380000000000000159e-06,8.399999999999999689e-01
5.390000000000000063e-06,8.399999999999999689e-01
5.399999999999999967e-06,8.320000000000000728e-01
5.409999999999999872e-06,8.399999999999999689e-01
5.419999999999999776e-06,8.240000000000000657e-01
5.430000000000000527e-06,8.320000000000000728e-01
5.440000000000000431e-06,8.240000000000000657e-01
5.450000000000000336e-06,8.160000000000000586e-01
5.460000000000000240e-06,8.080000000000000515e-01
5.470000000000000144e-06,8.000000000000000444e-01
5.480000000000000048e-06,7.840000000000000302e-01
5.489999999999999953e-06,7.840000000000000302e-01
5.499999999999999857e-06,7.680000000000000160e-01
5.509999999999999761e-06,7.600000000000000089e-01
5.520000000000000513e-06,7.439999999999999947e-01
5.530000000000000417e-06,7.279999999999999805e-01
5.540000000000000321e-06,7.199999999999999734e-01
5.550000000000000225e-06,7.199999999999999734e-01
5.560000000000000130e-06,7.039999999999999591e-01
5.570000000000000034e-06,6.880000000000000560e-01
5.579999999999999938e-06,6.720000000000000417e-01
5.589999999999999842e-06,6.640000000000000346e-01
5.600000000000000594e-06,6.640000000000000346e-01
5.610000000000000498e-06,6.400000000000000133e-01
5.620000000000000402e-06,6.320000000000000062e-01
5.630000000000000306e-06,6.239999999999999991e-01
5.640000000000000211e-06,6.239999999999999991e-01
5.650000000000000115e-06,6.079999999999999849e-01
5.660000000000000019e-06,5.999999999999999778e-01
5.669999999999999923e-06,5.919999999999999707e-01
5.679999999999999828e-06,5.839999999999999636e-01
5.690000000000000579e-06,5.760000000000000675e-01
5.700000000000000483e-06,5.760000000000000675e-01
5.710000000000000387e-06,5.680000000000000604e-01
5.720000000000000292e-06,5.600000000000000533e-01
5.730000000000000196e-06,5.520000000000000462e-01
5.740000000000000100e-06,5.520000000000000462e-01
5.750000000000000004e-06,5.360000000000000320e-01
5.759999999999999909e-06,5.360000000000000320e-01
5.769999999999999813e-06,5.360000000000000320e-01
5.780000000000000564e-06,5.280000000000000249e-01
5.790000000000000469e-06,5.360000000000000320e-01
5.800000000000000373e-06,5.200000000000000178e-01
5.810000000000000277e-06,5.120000000000000107e-01
5.820000000000000181e-06,5.120000000000000107e-01
5.830000000000000086e-06,5.120000000000000107e-01
5.839999999999999990e-06,5.040000000000000036e-01
5.849999999999999894e-06,4.959999999999999964e-01
5.859999999999999798e-06,4.959999999999999964e-01
5.870000000000000550e-06,4.879999999999999893e-01
5.880000000000000454e-06,4.959999999999999964e-01
5.890000000000000358e-06,4.799999999999999822e-01
5.900000000000000262e-06,4.879999999999999893e-01
5.910000000000000167e-06,4.799999999999999822e-01
5.920000000000000071e-06,4.799999999999999822e-01
5.929999999999999975e-06,4.799999999999999822e-01
5.939999999999999879e-06,4.720000000000000306e-01
5.949999999999999784e-06,4.720000000000000306e-01
5.960000000000000535e-06,4.799999999999999822e-01
5.970000000000000439e-06,4.640000000000000235e-01
5.980000000000000343e-06,4.640000000000000235e-01
5.990000000000000248e-06,4.720000000000000306e-01
6.000000000000000152e-06,4.560000000000000164e-01
6.010000000000000056e-06,4.720000000000000306e-01
6.019999999999999961e-06,4.480000000000000093e-01
6.029999999999999865e-06,4.640000000000000235e-01
6.039999999999999769e-06,4.560000000000000164e-01
6.050000000000000520e-06,4.560000000000000164e-01
6.060000000000000425e-06,4.480000000000000093e-01
6.070000000000000329e-06,4.560000000000000164e-01
6.080000000000000233e-06,4.480000000000000093e-01
6.090000000000000137e-06,4.480000000000000093e-01
6.100000000000000042e-06,4.480000000000000093e-01
6.109999999999999946e-06,4.480000000000000093e-01
6.119999999999999850e-06,4.560000000000000164e-01
6.130000000000000601e-06,4.480000000000000093e-01
6.140000000000000506e-06,4.480000000000000093e-01
6.150000000000000410e-06,4.480000000000000093e-01
6.160000000000000314e-06,4.560000000000000164e-01
6.170000000000000218e-06,4.400000000000000022e-01
6.180000000000000123e-06,4.400000000000000022e-01
6.190000000000000027e-06,4.400000000000000022e-01
6.199999999999999931e-06,4.400000000000000022e-01
6.209999999999999835e-06,4.480000000000000093e-01
6.220000000000000587e-06,4.400000000000000022e-01
6.230000000000000491e-06,4.400000000000000022e-01
6.240000000000000395e-06,4.480000000000000093e-01
6.250000000000000300e-06,4.480000000000000093e-01
6.260000000000000204e-06,4.480000000000000093e-01
6.270000000000000108e-06,4.400000000000000022e-01
6.280000000000000012e-06,4.560000000000000164e-01
6.289999999999999917e-06,4.560000000000000164e-01
6.299999999999999821e-06,4.560000000000000164e-01
6.310000000000000572e-06,4.640000000000000235e-01
6.320000000000000476e-06,4.640000000000000235e-01
6.330000000000000381e-06,4.560000000000000164e-01
6.340000000000000285e-06,4.640000000000000235e-01
6.350000000000000189e-06,4.640000000000000235e-01
6.360000000000000093e-06,4.720000000000000306e-01
6.369999999999999998e-06,4.720000000000000306e-01
6.379999999999999902e-06,4.799999999999999822e-01
6.389999999999999806e-06,4.799999999999999822e-01
6.400000000000000557e-06,4.879999999999999893e-01
6.410000000000000462e-06,4.959999999999999964e-01
6.420000000000000366e-06,4.959999999999999964e-01
6.430000000000000270e-06,5.040000000000000036e-01
6.440000000000000174e-06,5.120000000000000107e-01
6.450000000000000079e-06,5.200000000000000178e-01
6.459999999999999983e-06,5.280000000000000249e-01
6.469999999999999887e-06,5.360000000000000320e-01
6.479999999999999791e-06,5.520000000000000462e-01
6.490000000000000543e-06,5.600000000000000533e-01
6.500000000000000447e-06,5.760000000000000675e-01
6.510000000000000351e-06,5.839999999999999636e-01
6.520000000000000256e-06,6.079999999999999849e-01
6.530000000000000160e-06,6.159999999999999920e-01
6.540000000000000064e-06,6.239999999999999991e-01
6.549999999999999968e-06,6.320000000000000062e-01
6.559999999999999873e-06,6.480000000000000204e-01
6.569999999999999777e-06,6.480000000000000204e-01
6.580000000000000528e-06,6.720000000000000417e-01
6.590000000000000432e-06,7.039999999999999591e-01
6.600000000000000337e-06,7.039999999999999591e-01
6.610000000000000241e-06,7.279999999999999805e-01
6.620000000000000145e-06,7.359999999999999876e-01
6.630000000000000049e-06,7.680000000000000160e-01
6.639999999999999954e-06,7.760000000000000231e-01
6.649999999999999858e-06,7.920000000000000373e-01
6.660000000000000609e-06,8.000000000000000444e-01
6.670000000000000513e-06,8.160000000000000586e-01
6.680000000000000418e-06,8.320000000000000728e-01
6.690000000000000322e-06,8.399999999999999689e-01
6.700000000000000226e-06,8.479999999999999760e-01
6.710000000000000130e-06,8.800000000000000044e-01
6.720000000000000035e-06,8.960000000000000187e-01
6.729999999999999939e-06,9.040000000000000258e-01
6.739999999999999843e-06,9.200000000000000400e-01
6.750000000000000595e-06,9.360000000000000542e-01
6.760000000000000499e-06,9.520000000000000684e-01
6.770000000000000403e-06,9.679999999999999716e-01
6.780000000000000307e-06,9.759999999999999787e-01
6.790000000000000212e-06,1.000000000000000000e+00
6.800000000000000116e-06,1.008000000000000007e+00
6.810000000000000020e-06,1.024000000000000021e+00
6.819999999999999924e-06,1.040000000000000036e+00
6.829999999999999829e-06,1.048000000000000043e+00
6.840000000000000580e-06,1.056000000000000050e+00
6.850000000000000484e-06,1.064000000000000057e+00
6.860000000000000388e-06,1.080000000000000071e+00
6.870000000000000293e-06,1.080000000000000071e+00
6.880000000000000197e-06,1.080000000000000071e+00
6.890000000000000101e-06,1.088000000000000078e+00
6.900000000000000005e-06,1.080000000000000071e+00
6.909999999999999910e-06,1.080000000000000071e+00
6.919999999999999814e-06,1.064000000000000057e+00
6.930000000000000565e-06,1.064000000000000057e+00
6.940000000000000469e-06,1.048000000000000043e+00
6.950000000000000374e-06,1.032000000000000028e+00
6.960000000000000278e-06,1.024000000000000021e+00
6.970000000000000182e-06,1.000000000000000000e+00
6.980000000000000086e-06,9.919999999999999929e-01
6.989999999999999991e-06,9.679999999999999716e-01
6.999999999999999895e-06,9.520000000000000684e-01
7.009999999999999799e-06,9.280000000000000471e-01
7.020000000000000551e-06,9.120000000000000329e-01
7.030000000000000455e-06,9.040000000000000258e-01
7.040000000000000359e-06,8.800000000000000044e-01
7.050000000000000263e-06,8.639999999999999902e-01
7.060000000000000168e-06,8.479999999999999760e-01
7.070000000000000072e-06,8.240000000000000657e-01
7.079999999999999976e-06,8.000000000000000444e-01
7.089999999999999880e-06,8.000000000000000444e-01
7.099999999999999785e-06,7.760000000000000231e-01
7.110000000000000536e-06,7.600000000000000089e-01
7.120000000000000440e-06,7.520000000000000018e-01
7.130000000000000344e-06,7.439999999999999947e-01
7.140000000000000249e-06,7.199999999999999734e-01
7.150000000000000153e-06,7.199999999999999734e-01
7.160000000000000057e-06,7.039999999999999591e-01
7.169999999999999961e-06,6.960000000000000631e-01
7.179999999999999866e-06,6.800000000000000488e-01
7.190000000000000617e-06,6.720000000000000417e-01
7.200000000000000521e-06,6.640000000000000346e-01
7.210000000000000425e-06,6.480000000000000204e-01
7.220000000000000330e-06,6.480000000000000204e-01
7.230000000000000234e-06,6.400000000000000133e-01
7.240000000000000138e-06,6.320000000000000062e-01
7.250000000000000043e-06,6.320000000000000062e-01
7.259999999999999947e-06,6.159999999999999920e-01
7.269999999999999851e-06,6.159999999999999920e-01
7.280000000000000602e-06,5.999999999999999778e-01
7.290000000000000507e-06,5.999999999999999778e-01
7.300000000000000411e-06,5.999999999999999778e-01
7.310000000000000315e-06,5.919999999999999707e-01
7.320000000000000219e-06,5.839999999999999636e-01
7.330000000000000124e-06,5.760000000000000675e-01
7.340000000000000028e-06,5.760000000000000675e-01
7.349999999999999932e-06,5.760000000000000675e-01
7.359999999999999836e-06,5.680000000000000604e-01
7.370000000000000588e-06,5.600000000000000533e-01
7.380000000000000492e-06,5.600000000000000533e-01
7.390000000000000396e-06,5.600000000000000533e-01
7.400000000000000300e-06,5.440000000000000391e-01
7.410000000000000205e-06,5.440000000000000391e-01
7.420000000000000109e-06,5.440000000000000391e-01
7.430000000000000013e-06,5.360000000000000320e-01
7.439999999999999917e-06,5.440000000000000391e-01
7.449999999999999822e-06,5.360000000000000320e-01
7.460000000000000573e-06,5.360000000000000320e-01
7.470000000000000477e-06,5.360000000000000320e-01
7.480000000000000381e-06,5.280000000000000249e-01
7.490000000000000286e-06,5.200000000000000178e-01
7.500000000000000190e-06,5.200000000000000178e-01
7.510000000000000094e-06,5.200000000000000178e-01
7.519999999999999999e-06,5.120000000000000107e-01
7.529999999999999903e-06,5.120000000000000107e-01
7.539999999999999807e-06,5.120000000000000107e-01
7.550000000000000558e-06,5.120000000000000107e-01
7.560000000000000463e-06,5.120000000000000107e-01
7.570000000000000367e-06,5.040000000000000036e-01
7.580000000000000271e-06,5.040000000000000036e-01
7.590000000000000175e-06,5.040000000000000036e-01
7.600000000000000080e-06,5.040000000000000036e-01
7.609999999999999984e-06,4.959999999999999964e-01
7.619999999999999888e-06,4.959999999999999964e-01
7.629999999999999792e-06,4.879999999999999893e-01
7.639999999999999697e-06,4.879999999999999893e-01
7.649999999999999601e-06,4.959999999999999964e-01
7.659999999999999505e-06,4.879999999999999893e-01
7.669999999999999409e-06,4.879999999999999893e-01
7.679999999999999314e-06,4.879999999999999893e-01
7.689999999999999218e-06,4.799999999999999822e-01
7.699999999999999122e-06,4.799999999999999822e-01
7.709999999999999026e-06,4.879999999999999893e-01
7.720000000000000625e-06,4.720000000000000306e-01
7.730000000000000529e-06,4.640000000000000235e-01
7.740000000000000433e-06,4.720000000000000306e-01
7.750000000000000338e-06,4.640000000000000235e-01
7.760000000000000242e-06,4.640000000000000235e-01
7.770000000000000146e-06,4.640000000000000235e-01
7.780000000000000050e-06,4.720000000000000306e-01
7.789999999999999955e-06,4.720000000000000306e-01
7.799999999999999859e-06,4.720000000000000306e-01
7.809999999999999763e-06,4.720000000000000306e-01
7.819999999999999667e-06,4.640000000000000235e-01
7.829999999999999572e-06,4.640000000000000235e-01
7.839999999999999476e-06,4.640000000000000235e-01
7.849999999999999380e-06,4.560000000000000164e-01
7.859999999999999284e-06,4.560000000000000164e-01
7.869999999999999189e-06,4.640000000000000235e-01
7.879999999999999093e-06,4.560000000000000164e-01
7.889999999999998997e-06,4.560000000000000164e-01
7.900000000000000595e-06,4.560000000000000164e-01
7.910000000000000500e-06,4.480000000000000093e-01
7.920000000000000404e-06,4.480000000000000093e-01
7.930000000000000308e-06,4.480000000000000093e-01
7.940000000000000212e-06,4.400000000000000022e-01
7.950000000000000117e-06,4.400000000000000022e-01
7.960000000000000021e-06,4.480000000000000093e-01
7.969999999999999925e-06,4.400000000000000022e-01
7.979999999999999829e-06,4.400000000000000022e-01
7.989999999999999734e-06,4.480000000000000093e-01
7.999999999999999638e-06,4.400000000000000022e-01
8.009999999999999542e-06,4.400000000000000022e-01
8.019999999999999446e-06,4.400000000000000022e-01
8.029999999999999351e-06,4.319999999999999951e-01
8.039999999999999255e-06,4.319999999999999951e-01
8.049999999999999159e-06,4.400000000000000022e-01
8.059999999999999064e-06,4.400000000000000022e-01
8.069999999999998968e-06,4.239999999999999880e-01
8.080000000000000566e-06,4.480000000000000093e-01
8.090000000000000470e-06,4.319999999999999951e-01
8.100000000000000375e-06,4.319999999999999951e-01
8.110000000000000279e-06,4.400000000000000022e-01
8.120000000000000183e-06,4.319999999999999951e-01
8.130000000000000087e-06,4.239999999999999880e-01
8.139999999999999992e-06,4.400000000000000022e-01
8.149999999999999896e-06,4.239999999999999880e-01
8.159999999999999800e-06,4.160000000000000364e-01
8.169999999999999704e-06,4.319999999999999951e-01
8.179999999999999609e-06,4.239999999999999880e-01
8.189999999999999513e-06,4.319999999999999951e-01
8.199999999999999417e-06,4.319999999999999951e-01
8.209999999999999321e-06,4.319999999999999951e-01
8.219999999999999226e-06,4.239999999999999880e-01
8.229999999999999130e-06,4.239999999999999880e-01
8.239999999999999034e-06,4.239999999999999880e-01
8.250000000000000633e-06,4.319999999999999951e-01
8.260000000000000537e-06,4.319999999999999951e-01
8.270000000000000441e-06,4.319999999999999951e-01
8.280000000000000345e-06,4.160000000000000364e-01
8.290000000000000250e-06,4.319999999999999951e-01
8.300000000000000154e-06,4.160000000000000364e-01
8.310000000000000058e-06,4.239999999999999880e-01
8.319999999999999962e-06,4.319999999999999951e-01
8.329999999999999867e-06,4.319999999999999951e-01
8.339999999999999771e-06,4.319999999999999951e-01
8.349999999999999675e-06,4.400000000000000022e-01
8.359999999999999579e-06,4.319999999999999951e-01
8.369999999999999484e-06,4.319999999999999951e-01
8.380000000000001082e-06,4.480000000000000093e-01
8.390000000000000986e-06,4.400000000000000022e-01
8.400000000000000890e-06,4.480000000000000093e-01
8.410000000000000795e-06,4.560000000000000164e-01
8.420000000000000699e-06,4.480000000000000093e-01
8.430000000000000603e-06,4.560000000000000164e-01
8.440000000000000507e-06,4.640000000000000235e-01
8.450000000000000412e-06,4.640000000000000235e-01
8.460000000000000316e-06,4.720000000000000306e-01
8.470000000000000220e-06,4.879999999999999893e-01
8.480000000000000124e-06,4.879999999999999893e-01
8.490000000000000029e-06,5.040000000000000036e-01
8.499999999999999933e-06,5.040000000000000036e-01
8.509999999999999837e-06,5.200000000000000178e-01
8.519999999999999742e-06,5.200000000000000178e-01
8.529999999999999646e-06,5.360000000000000320e-01
8.539999999999999550e-06,5.600000000000000533e-01
8.549999999999999454e-06,5.600000000000000533e-01
8.560000000000001053e-06,5.839999999999999636e-01
8.570000000000000957e-06,5.999999999999999778e-01
8.580000000000000861e-06,6.159999999999999920e-01
8.590000000000000765e-06,6.239999999999999991e-01
8.600000000000000670e-06,6.400000000000000133e-01
8.610000000000000574e-06,6.640000000000000346e-01
8.620000000000000478e-06,6.720000000000000417e-01
8.630000000000000382e-06,6.960000000000000631e-01
8.640000000000000287e-06,7.119999999999999662e-01
8.650000000000000191e-06,7.279999999999999805e-01
8.660000000000000095e-06,7.600000000000000089e-01
8.669999999999999999e-06,7.680000000000000160e-01
8.679999999999999904e-06,7.760000000000000231e-01
8.689999999999999808e-06,8.000000000000000444e-01
8.699999999999999712e-06,8.160000000000000586e-01
8.709999999999999616e-06,8.160000000000000586e-01
8.719999999999999521e-06,8.240000000000000657e-01
8.729999999999999425e-06,8.320000000000000728e-01
8.740000000000001023e-06,8.399999999999999689e-01
8.750000000000000928e-06,8.479999999999999760e-01
8.760000000000000832e-06,8.479999999999999760e-01
8.770000000000000736e-06,8.479999999999999760e-01
8.780000000000000640e-06,8.559999999999999831e-01
8.790000000000000545e-06,8.479999999999999760e-01
8.800000000000000449e-06,8.399999999999999689e-01
8.810000000000000353e-06,8.320000000000000728e-01
8.820000000000000257e-06,8.320000000000000728e-01
8.830000000000000162e-06,8.160000000000000586e-01
8.840000000000000066e-06,8.080000000000000515e-01
8.849999999999999970e-06,7.920000000000000373e-01
8.859999999999999874e-06,7.920000000000000373e-01
8.869999999999999779e-06,7.760000000000000231e-01
8.879999999999999683e-06,7.680000000000000160e-01
8.889999999999999587e-06,7.600000000000000089e-01
8.899999999999999491e-06,7.439999999999999947e-01
8.910000000000001090e-06,7.279999999999999805e-01
8.920000000000000994e-06,7.119999999999999662e-01
8.930000000000000898e-06,6.960000000000000631e-01
8.940000000000000802e-06,6.960000000000000631e-01
8.950000000000000707e-06,6.800000000000000488e-01
8.960000000000000611e-06,6.720000000000000417e-01
8.970000000000000515e-06,6.640000000000000346e-01
8.980000000000000419e-06,6.560000000000000275e-01
8.990000000000000324e-06,6.480000000000000204e-01
9.000000000000000228e-06,6.480000000000000204e-01
9.010000000000000132e-06,6.320000000000000062e-01
9.020000000000000037e-06,6.320000000000000062e-01
9.029999999999999941e-06,6.079999999999999849e-01
9.039999999999999845e-06,6.079999999999999849e-01
9.049999999999999749e-06,5.919999999999999707e-01
9.059999999999999654e-06,5.919999999999999707e-01
9.069999999999999558e-06,5.919999999999999707e-01
9.079999999999999462e-06,5.760000000000000675e-01
9.090000000000001060e-06,5.760000000000000675e-01
9.100000000000000965e-06,5.680000000000000604e-01
9.110000000000000869e-06,5.600000000000000533e-01
9.120000000000000773e-06,5.600000000000000533e-01
9.130000000000000677e-06,5.600000000000000533e-01
9.140000000000000582e-06,5.520000000000000462e-01
9.150000000000000486e-06,5.440000000000000391e-01
9.160000000000000390e-06,5.440000000000000391e-01
9.170000000000000294e-06,5.280000000000000249e-01
9.180000000000000199e-06,5.440000000000000391e-01
9.190000000000000103e-06,5.360000000000000320e-01
9.200000000000000007e-06,5.280000000000000249e-01
9.209999999999999911e-06,5.280000000000000249e-01
9.219999999999999816e-06,5.120000000000000107e-01
9.229999999999999720e-06,5.200000000000000178e-01
9.239999999999999624e-06,5.200000000000000178e-01
9.249999999999999528e-06,5.120000000000000107e-01
9.259999999999999433e-06,5.040000000000000036e-01
9.270000000000001031e-06,5.120000000000000107e-01
9.280000000000000935e-06,5.040000000000000036e-01
9.290000000000000840e-06,4.959999999999999964e-01
9.300000000000000744e-06,5.040000000000000036e-01
9.310000000000000648e-06,4.959999999999999964e-01
9.320000000000000552e-06,5.040000000000000036e-01
9.330000000000000457e-06,5.040000000000000036e-01
9.340000000000000361e-06,5.040000000000000036e-01
9.350000000000000265e-06,4.959999999999999964e-01
9.360000000000000169e-06,4.959999999999999964e-01
9.370000000000000074e-06,5.040000000000000036e-01
9.379999999999999978e-06,4.959999999999999964e-01
9.389999999999999882e-06,5.040000000000000036e-01
9.399999999999999786e-06,5.040000000000000036e-01
9.409999999999999691e-06,5.120000000000000107e-01
9.419999999999999595e-06,5.120000000000000107e-01
9.429999999999999499e-06,5.280000000000000249e-01
9.440000000000001097e-06,5.280000000000000249e-01
9.450000000000001002e-06,5.360000000000000320e-01
9.460000000000000906e-06,5.440000000000000391e-01
9.470000000000000810e-06,5.440000000000000391e-01
9.480000000000000715e-06,5.520000000000000462e-01
9.490000000000000619e-06,5.680000000000000604e-01
9.500000000000000523e-06,5.919999999999999707e-01
9.510000000000000427e-06,5.999999999999999778e-01
9.520000000000000332e-06,6.320000000000000062e-01
9.530000000000000236e-06,6.400000000000000133e-01
9.540000000000000140e-06,6.560000000000000275e-01
9.550000000000000044e-06,6.880000000000000560e-01
9.559999999999999949e-06,7.279999999999999805e-01
9.569999999999999853e-06,7.600000000000000089e-01
9.579999999999999757e-06,7.840000000000000302e-01
9.589999999999999661e-06,8.320000000000000728e-01
9.599999999999999566e-06,8.800000000000000044e-01
9.609999999999999470e-06,9.200000000000000400e-01
9.620000000000001068e-06,9.679999999999999716e-01
9.630000000000000972e-06,1.024000000000000021e+00
9.640000000000000877e-06,1.064000000000000057e+00
9.650000000000000781e-06,1.144000000000000128e+00
9.660000000000000685e-06,1.191999999999999948e+00
9.670000000000000589e-06,1.231999999999999984e+00
9.680000000000000494e-06,1.280000000000000027e+00
9.690000000000000398e-06,1.320000000000000062e+00
9.700000000000000302e-06,1.352000000000000091e+00
9.710000000000000206e-06,1.384000000000000119e+00
9.720000000000000111e-06,1.407999999999999918e+00
9.730000000000000015e-06,1.423999999999999932e+00
9.739999999999999919e-06,1.439999999999999947e+00
9.749999999999999823e-06,1.431999999999999940e+00
9.759999999999999728e-06,1.431999999999999940e+00
9.769999999999999632e-06,1.431999999999999940e+00
9.779999999999999536e-06,1.400000000000000133e+00
9.789999999999999441e-06,1.384000000000000119e+00
9.800000000000001039e-06,1.360000000000000098e+00
9.810000000000000943e-06,1.328000000000000069e+00
9.820000000000000847e-06,1.296000000000000041e+00
9.830000000000000752e-06,1.272000000000000020e+00
9.840000000000000656e-06,1.239999999999999991e+00
9.850000000000000560e-06,1.207999999999999963e+00
9.860000000000000464e-06,1.175999999999999934e+00
9.870000000000000369e-06,1.136000000000000121e+00
9.880000000000000273e-06,1.112000000000000099e+00
9.890000000000000177e-06,1.080000000000000071e+00
9.900000000000000081e-06,1.048000000000000043e+00
9.909999999999999986e-06,1.024000000000000021e+00
9.919999999999999890e-06,9.919999999999999929e-01
9.929999999999999794e-06,9.839999999999999858e-01
9.939999999999999698e-06,9.520000000000000684e-01
9.949999999999999603e-06,9.280000000000000471e-01
9.959999999999999507e-06,9.120000000000000329e-01
9.970000000000001105e-06,8.960000000000000187e-01
9.980000000000001010e-06,8.719999999999999973e-01
9.990000000000000914e-06,8.639999999999999902e-01
1.000000000000000082e-05,8.479999999999999760e-01
1.001000000000000072e-05,8.320000000000000728e-01
1.002000000000000063e-05,8.160000000000000586e-01
1.003000000000000053e-05,8.080000000000000515e-01
1.004000000000000044e-05,7.920000000000000373e-01
1.005000000000000034e-05,7.760000000000000231e-01
1.006000000000000024e-05,7.600000000000000089e-01
1.007000000000000015e-05,7.600000000000000089e-01
1.008000000000000005e-05,7.520000000000000018e-01
1.008999999999999996e-05,7.359999999999999876e-01
1.009999999999999986e-05,7.279999999999999805e-01
1.010999999999999976e-05,7.199999999999999734e-01
1.011999999999999967e-05,7.199999999999999734e-01
1.012999999999999957e-05,7.119999999999999662e-01
1.013999999999999948e-05,7.039999999999999591e-01
1.015000000000000108e-05,6.960000000000000631e-01
1.016000000000000098e-05,6.880000000000000560e-01
1.017000000000000088e-05,6.880000000000000560e-01
1.018000000000000079e-05,6.800000000000000488e-01
1.019000000000000069e-05,6.800000000000000488e-01
1.020000000000000060e-05,6.720000000000000417e-01
1.021000000000000050e-05,6.640000000000000346e-01
1.022000000000000041e-05,6.640000000000000346e-01
1.023000000000000031e-05,6.480000000000000204e-01
1.024000000000000021e-05,6.640000000000000346e-01
1.025000000000000012e-05,6.480000000000000204e-01
1.026000000000000002e-05,6.400000000000000133e-01
1.026999999999999993e-05,6.480000000000000204e-01
1.027999999999999983e-05,6.320000000000000062e-01
1.028999999999999974e-05,6.320000000000000062e-01
1.029999999999999964e-05,6.320000000000000062e-01
1.030999999999999954e-05,6.159999999999999920e-01
1.031999999999999945e-05,6.239999999999999991e-01
1.033000000000000105e-05,6.159999999999999920e-01
1.034000000000000095e-05,6.159999999999999920e-01
1.035000000000000086e-05,6.079999999999999849e-01
1.036000000000000076e-05,5.999999999999999778e-01
1.037000000000000066e-05,5.999999999999999778e-01
1.038000000000000057e-05,5.919999999999999707e-01
1.039000000000000047e-05,6.079999999999999849e-01
1.040000000000000038e-05,5.839999999999999636e-01
1.041000000000000028e-05,5.919999999999999707e-01
1.042000000000000018e-05,5.919999999999999707e-01
1.043000000000000009e-05,5.839999999999999636e-01
1.043999999999999999e-05,5.919999999999999707e-01
1.044999999999999990e-05,5.839999999999999636e-01
1.045999999999999980e-05,5.760000000000000675e-01
1.046999999999999971e-05,5.839999999999999636e-01
1.047999999999999961e-05,5.760000000000000675e-01
1.048999999999999951e-05,5.760000000000000675e-01
1.050000000000000111e-05,5.760000000000000675e-01
1.051000000000000102e-05,5.760000000000000675e-01
1.052000000000000092e-05,5.760000000000000675e-01
1.053000000000000083e-05,5.680000000000000604e-01
1.054000000000000073e-05,5.680000000000000604e-01
1.055000000000000063e-05,5.760000000000000675e-01
1.056000000000000054e-05,5.680000000000000604e-01
1.057000000000000044e-05,5.680000000000000604e-01
1.058000000000000035e-05,5.520000000000000462e-01
1.059000000000000025e-05,5.600000000000000533e-01
1.060000000000000016e-05,5.520000000000000462e-01
1.061000000000000006e-05,5.440000000000000391e-01
1.061999999999999996e-05,5.360000000000000320e-01
1.062999999999999987e-05,5.440000000000000391e-01
1.063999999999999977e-05,5.440000000000000391e-01
1.064999999999999968e-05,5.440000000000000391e-01
1.065999999999999958e-05,5.360000000000000320e-01
1.066999999999999949e-05,5.440000000000000391e-01
1.068000000000000108e-05,5.440000000000000391e-01
1.069000000000000099e-05,5.360000000000000320e-01
1.070000000000000089e-05,5.200000000000000178e-01
1.071000000000000080e-05,5.280000000000000249e-01
1.072000000000000070e-05,5.360000000000000320e-01
1.073000000000000061e-05,5.280000000000000249e-01
1.074000000000000051e-05,5.360000000000000320e-01
1.075000000000000041e-05,5.280000000000000249e-01
1.076000000000000032e-05,5.200000000000000178e-01
1.077000000000000022e-05,5.280000000000000249e-01
1.078000000000000013e-05,5.280000000000000249e-01
1.079000000000000003e-05,5.200000000000000178e-01
1.079999999999999993e-05,5.200000000000000178e-01
1.080999999999999984e-05,5.200000000000000178e-01
1.081999999999999974e-05,5.200000000000000178e-01
1.082999999999999965e-05,5.200000000000000178e-01
1.083999999999999955e-05,5.040000000000000036e-01
1.084999999999999946e-05,5.120000000000000107e-01
1.086000000000000105e-05,5.120000000000000107e-01
1.087000000000000096e-05,5.120000000000000107e-01
1.088000000000000086e-05,5.040000000000000036e-01
1.089000000000000077e-05,5.040000000000000036e-01
1.090000000000000067e-05,4.959999999999999964e-01
1.091000000000000058e-05,5.120000000000000107e-01
1.092000000000000048e-05,5.040000000000000036e-01
1.093000000000000038e-05,5.120000000000000107e-01
1.094000000000000029e-05,4.959999999999999964e-01
1.095000000000000019e-05,4.959999999999999964e-01
1.096000000000000010e-05,4.959999999999999964e-01
1.097000000000000000e-05,4.959999999999999964e-01
1.097999999999999991e-05,4.879999999999999893e-01
1.098999999999999981e-05,5.040000000000000036e-01
1.099999999999999971e-05,4.959999999999999964e-01
1.100999999999999962e-05,4.879999999999999893e-01
1.101999999999999952e-05,4.959999999999999964e-01
1.103000000000000112e-05,4.959999999999999964e-01
1.104000000000000103e-05,4.799999999999999822e-01
1.105000000000000093e-05,4.879999999999999893e-01
1.106000000000000083e-05,4.879999999999999893e-01
1.107000000000000074e-05,4.799999999999999822e-01
1.108000000000000064e-05,4.799999999999999822e-01
1.109000000000000055e-05,4.879999999999999893e-01
1.110000000000000045e-05,4.879999999999999893e-01
1.111000000000000035e-05,4.799999999999999822e-01
1.112000000000000026e-05,4.799999999999999822e-01
1.113000000000000016e-05,4.720000000000000306e-01
1.114000000000000007e-05,4.799999999999999822e-01
1.114999999999999997e-05,4.720000000000000306e-01
1.115999999999999988e-05,4.799999999999999822e-01
1.116999999999999978e-05,4.799999999999999822e-01
1.117999999999999968e-05,4.720000000000000306e-01
1.118999999999999959e-05,4.720000000000000306e-01
1.119999999999999949e-05,4.640000000000000235e-01
1.121000000000000109e-05,4.799999999999999822e-01
1.122000000000000100e-05,4.720000000000000306e-01
1.123000000000000090e-05,4.799999999999999822e-01
1.124000000000000080e-05,4.720000000000000306e-01
1.125000000000000071e-05,4.720000000000000306e-01
1.126000000000000061e-05,4.799999999999999822e-01
1.127000000000000052e-05,4.640000000000000235e-01
1.128000000000000042e-05,4.640000000000000235e-01
1.129000000000000033e-05,4.720000000000000306e-01
1.130000000000000023e-05,4.640000000000000235e-01
1.131000000000000013e-05,4.560000000000000164e-01
1.132000000000000004e-05,4.560000000000000164e-01
1.132999999999999994e-05,4.480000000000000093e-01
1.133999999999999985e-05,4.560000000000000164e-01
1.134999999999999975e-05,4.560000000000000164e-01
1.135999999999999966e-05,4.560000000000000164e-01
1.136999999999999956e-05,4.640000000000000235e-01
1.137999999999999946e-05,4.560000000000000164e-01
1.139000000000000106e-05,4.560000000000000164e-01
1.140000000000000097e-05,4.560000000000000164e-01
1.141000000000000087e-05,4.560000000000000164e-01
1.142000000000000077e-05,4.480000000000000093e-01
1.143000000000000068e-05,4.560000000000000164e-01
1.144000000000000058e-05,4.560000000000000164e-01
1.145000000000000049e-05,4.480000000000000093e-01
1.146000000000000039e-05,4.560000000000000164e-01
1.147000000000000030e-05,4.560000000000000164e-01
1.148000000000000020e-05,4.480000000000000093e-01
1.149000000000000010e-05,4.400000000000000022e-01
1.150000000000000001e-05,4.480000000000000093e-01
1.150999999999999991e-05,4.480000000000000093e-01
1.151999999999999982e-05,4.400000000000000022e-01
1.152999999999999972e-05,4.400000000000000022e-01
1.153999999999999963e-05,4.560000000000000164e-01
1.154999999999999953e-05,4.480000000000000093e-01
1.156000000000000113e-05,4.480000000000000093e-01
1.157000000000000103e-05,4.400000000000000022e-01
1.158000000000000094e-05,4.400000000000000022e-01
1.159000000000000084e-05,4.480000000000000093e-01
1.160000000000000075e-05,4.480000000000000093e-01
1.161000000000000065e-05,4.480000000000000093e-01
1.162000000000000055e-05,4.400000000000000022e-01
1.163000000000000046e-05,4.480000000000000093e-01
1.164000000000000036e-05,4.480000000000000093e-01
1.165000000000000027e-05,4.480000000000000093e-01
1.166000000000000017e-05,4.400000000000000022e-01
1.167000000000000008e-05,4.400000000000000022e-01
1.167999999999999998e-05,4.400000000000000022e-01
1.168999999999999988e-05,4.319999999999999951e-01
1.169999999999999979e-05,4.400000000000000022e-01
1.170999999999999969e-05,4.480000000000000093e-01
1.171999999999999960e-05,4.400000000000000022e-01
1.172999999999999950e-05,4.400000000000000022e-01
1.174000000000000110e-05,4.480000000000000093e-01
1.175000000000000100e-05,4.400000000000000022e-01
1.176000000000000091e-05,4.480000000000000093e-01
1.177000000000000081e-05,4.560000000000000164e-01
1.178000000000000072e-05,4.560000000000000164e-01
1.179000000000000062e-05,4.640000000000000235e-01
1.180000000000000052e-05,4.560000000000000164e-01
1.181000000000000043e-05,4.560000000000000164e-01
1.182000000000000033e-05,4.560000000000000164e-01
1.183000000000000024e-05,4.720000000000000306e-01
1.184000000000000014e-05,4.720000000000000306e-01
1.185000000000000005e-05,4.799999999999999822e-01
1.185999999999999995e-05,4.799999999999999822e-01
1.186999999999999985e-05,4.879999999999999893e-01
1.187999999999999976e-05,4.959999999999999964e-01
1.188999999999999966e-05,4.879999999999999893e-01
1.189999999999999957e-05,5.120000000000000107e-01
1.190999999999999947e-05,5.200000000000000178e-01
1.192000000000000107e-05,5.360000000000000320e-01
1.193000000000000097e-05,5.440000000000000391e-01
1.194000000000000088e-05,5.600000000000000533e-01
1.195000000000000078e-05,5.680000000000000604e-01
1.196000000000000069e-05,5.839999999999999636e-01
1.197000000000000059e-05,5.999999999999999778e-01
1.198000000000000050e-05,6.320000000000000062e-01
1.199000000000000040e-05,6.480000000000000204e-01
1.200000000000000030e-05,6.720000000000000417e-01
1.201000000000000021e-05,7.119999999999999662e-01
1.202000000000000011e-05,7.359999999999999876e-01
1.203000000000000002e-05,7.520000000000000018e-01
1.203999999999999992e-05,7.920000000000000373e-01
1.204999999999999983e-05,8.240000000000000657e-01
1.205999999999999973e-05,8.639999999999999902e-01
1.206999999999999963e-05,8.960000000000000187e-01
1.207999999999999954e-05,9.440000000000000613e-01
1.209000000000000114e-05,9.759999999999999787e-01
1.210000000000000104e-05,1.008000000000000007e+00
1.211000000000000094e-05,1.056000000000000050e+00
1.212000000000000085e-05,1.088000000000000078e+00
1.213000000000000075e-05,1.112000000000000099e+00
1.214000000000000066e-05,1.159999999999999920e+00
1.215000000000000056e-05,1.191999999999999948e+00
1.216000000000000047e-05,1.215999999999999970e+00
1.217000000000000037e-05,1.239999999999999991e+00
1.218000000000000027e-05,1.247999999999999998e+00
1.219000000000000018e-05,1.264000000000000012e+00
1.220000000000000008e-05,1.272000000000000020e+00
1.220999999999999999e-05,1.272000000000000020e+00
1.221999999999999989e-05,1.280000000000000027e+00
1.222999999999999980e-05,1.272000000000000020e+00
1.223999999999999970e-05,1.272000000000000020e+00
1.224999999999999960e-05,1.264000000000000012e+00
1.225999999999999951e-05,1.239999999999999991e+00
1.227000000000000111e-05,1.223999999999999977e+00
1.228000000000000101e-05,1.215999999999999970e+00
1.229000000000000092e-05,1.183999999999999941e+00
1.230000000000000082e-05,1.159999999999999920e+00
1.231000000000000072e-05,1.152000000000000135e+00
1.232000000000000063e-05,1.120000000000000107e+00
1.233000000000000053e-05,1.096000000000000085e+00
1.234000000000000044e-05,1.080000000000000071e+00
1.235000000000000034e-05,1.048000000000000043e+00
1.236000000000000025e-05,1.032000000000000028e+00
1.237000000000000015e-05,1.000000000000000000e+00
1.238000000000000005e-05,9.839999999999999858e-01
1.238999999999999996e-05,9.679999999999999716e-01
1.239999999999999986e-05,9.440000000000000613e-01
1.240999999999999977e-05,9.280000000000000471e-01
1.241999999999999967e-05,9.200000000000000400e-01
1.242999999999999958e-05,8.960000000000000187e-01
1.243999999999999948e-05,8.800000000000000044e-01
1.245000000000000108e-05,8.559999999999999831e-01
1.246000000000000098e-05,8.559999999999999831e-01
1.247000000000000089e-05,8.320000000000000728e-01
1.248000000000000079e-05,8.160000000000000586e-01
1.249000000000000069e-05,8.160000000000000586e-01
1.250000000000000060e-05,8.000000000000000444e-01
1.251000000000000050e-05,7.840000000000000302e-01
1.252000000000000041e-05,7.760000000000000231e-01
1.253000000000000031e-05,7.680000000000000160e-01
1.254000000000000022e-05,7.520000000000000018e-01
1.255000000000000012e-05,7.439999999999999947e-01
1.256000000000000002e-05,7.359999999999999876e-01
1.256999999999999993e-05,7.199999999999999734e-01
1.257999999999999983e-05,7.199999999999999734e-01
1.258999999999999974e-05,7.119999999999999662e-01
1.259999999999999964e-05,7.039999999999999591e-01
1.260999999999999955e-05,7.039999999999999591e-01
1.262000000000000114e-05,6.960000000000000631e-01
1.263000000000000105e-05,6.880000000000000560e-01
1.264000000000000095e-05,6.880000000000000560e-01
1.265000000000000086e-05,6.800000000000000488e-01
1.266000000000000076e-05,6.720000000000000417e-01
1.267000000000000067e-05,6.720000000000000417e-01
1.268000000000000057e-05,6.480000000000000204e-01
1.269000000000000047e-05,6.560000000000000275e-01
1.270000000000000038e-05,6.560000000000000275e-01
1.271000000000000028e-05,6.480000000000000204e-01
1.272000000000000019e-05,6.400000000000000133e-01
1.273000000000000009e-05,6.400000000000000133e-01
1.274000000000000000e-05,6.239999999999999991e-01
1.274999999999999990e-05,6.320000000000000062e-01
1.275999999999999980e-05,6.239999999999999991e-01
1.276999999999999971e-05,6.320000000000000062e-01
1.277999999999999961e-05,6.239999999999999991e-01
1.278999999999999952e-05,6.159999999999999920e-01
1.280000000000000111e-05,6.079999999999999849e-01
1.281000000000000102e-05,6.079999999999999849e-01
1.282000000000000092e-05,6.159999999999999920e-01
1.283000000000000083e-05,6.239999999999999991e-01
1.284000000000000073e-05,5.999999999999999778e-01
1.285000000000000064e-05,5.999999999999999778e-01
1.286000000000000054e-05,5.919999999999999707e-01
1.287000000000000044e-05,5.999999999999999778e-01
1.288000000000000035e-05,5.999999999999999778e-01
1.289000000000000025e-05,5.919999999999999707e-01
1.290000000000000016e-05,5.919999999999999707e-01
1.291000000000000006e-05,5.839999999999999636e-01
1.291999999999999997e-05,5.839999999999999636e-01
1.292999999999999987e-05,5.839999999999999636e-01
1.293999999999999977e-05,5.839999999999999636e-01
1.294999999999999968e-05,5.680000000000000604e-01
1.295999999999999958e-05,5.680000000000000604e-01
1.296999999999999949e-05,5.760000000000000675e-01
1.298000000000000109e-05,5.600000000000000533e-01
1.299000000000000099e-05,5.680000000000000604e-01
1.300000000000000089e-05,5.680000000000000604e-01
1.301000000000000080e-05,5.680000000000000604e-01
1.302000000000000070e-05,5.600000000000000533e-01
1.303000000000000061e-05,5.680000000000000604e-01
1.304000000000000051e-05,5.600000000000000533e-01
1.305000000000000042e-05,5.600000000000000533e-01
1.306000000000000032e-05,5.520000000000000462e-01
1.307000000000000022e-05,5.440000000000000391e-01
1.308000000000000013e-05,5.600000000000000533e-01
1.309000000000000003e-05,5.440000000000000391e-01
1.309999999999999994e-05,5.520000000000000462e-01
1.310999999999999984e-05,5.520000000000000462e-01
1.311999999999999975e-05,5.440000000000000391e-01
1.312999999999999965e-05,5.360000000000000320e-01
1.313999999999999955e-05,5.360000000000000320e-01
1.315000000000000115e-05,5.440000000000000391e-01
1.316000000000000106e-05,5.360000000000000320e-01
1.317000000000000096e-05,5.360000000000000320e-01
1.318000000000000086e-05,5.280000000000000249e-01
1.319000000000000077e-05,5.360000000000000320e-01
1.320000000000000067e-05,5.280000000000000249e-01
1.321000000000000058e-05,5.440000000000000391e-01
1.322000000000000048e-05,5.280000000000000249e-01
1.323000000000000039e-05,5.280000000000000249e-01
1.324000000000000029e-05,5.200000000000000178e-01
1.325000000000000019e-05,5.200000000000000178e-01
1.326000000000000010e-05,5.200000000000000178e-01
1.327000000000000000e-05,5.200000000000000178e-01
1.327999999999999991e-05,5.120000000000000107e-01
1.328999999999999981e-05,5.200000000000000178e-01
1.329999999999999972e-05,5.200000000000000178e-01
1.330999999999999962e-05,5.120000000000000107e-01
1.331999999999999952e-05,5.120000000000000107e-01
1.333000000000000112e-05,5.120000000000000107e-01
1.334000000000000103e-05,5.040000000000000036e-01
1.335000000000000093e-05,5.200000000000000178e-01
1.336000000000000084e-05,5.120000000000000107e-01
1.337000000000000074e-05,5.040000000000000036e-01
1.338000000000000064e-05,5.040000000000000036e-01
1.339000000000000055e-05,5.120000000000000107e-01
1.340000000000000045e-05,5.040000000000000036e-01
1.341000000000000036e-05,5.040000000000000036e-01
1.342000000000000026e-05,5.040000000000000036e-01
1.343000000000000017e-05,5.040000000000000036e-01
1.344000000000000007e-05,5.040000000000000036e-01
1.344999999999999997e-05,5.040000000000000036e-01
1.345999999999999988e-05,5.040000000000000036e-01
1.346999999999999978e-05,4.959999999999999964e-01
1.347999999999999969e-05,5.040000000000000036e-01
1.348999999999999959e-05,5.040000000000000036e-01
1.349999999999999949e-05,4.959999999999999964e-01
1.351000000000000109e-05,4.879999999999999893e-01
1.352000000000000100e-05,5.040000000000000036e-01
1.353000000000000090e-05,4.959999999999999964e-01
1.354000000000000081e-05,4.879999999999999893e-01
1.355000000000000071e-05,4.879999999999999893e-01
1.356000000000000061e-05,4.879999999999999893e-01
1.357000000000000052e-05,4.879999999999999893e-01
1.358000000000000042e-05,4.879999999999999893e-01
1.359000000000000033e-05,4.879999999999999893e-01
1.360000000000000023e-05,4.799999999999999822e-01
1.361000000000000014e-05,4.799999999999999822e-01
1.362000000000000004e-05,4.879999999999999893e-01
1.362999999999999994e-05,4.799999999999999822e-01
1.363999999999999985e-05,4.799999999999999822e-01
1.364999999999999975e-05,4.879999999999999893e-01
1.365999999999999966e-05,4.799999999999999822e-01
1.366999999999999956e-05,4.720000000000000306e-01
1.368000000000000116e-05,4.799999999999999822e-01
1.369000000000000106e-05,4.879999999999999893e-01
1.370000000000000097e-05,4.799999999999999822e-01
1.371000000000000087e-05,4.799999999999999822e-01
1.372000000000000078e-05,4.720000000000000306e-01
1.373000000000000068e-05,4.720000000000000306e-01
1.374000000000000059e-05,4.640000000000000235e-01
1.375000000000000049e-05,4.799999999999999822e-01
1.376000000000000039e-05,4.720000000000000306e-01
1.377000000000000030e-05,4.720000000000000306e-01
1.378000000000000020e-05,4.640000000000000235e-01
1.379000000000000011e-05,4.720000000000000306e-01
1.380000000000000001e-05,4.640000000000000235e-01
1.380999999999999992e-05,4.640000000000000235e-01
1.381999999999999982e-05,4.720000000000000306e-01
1.382999999999999972e-05,4.640000000000000235e-01
1.383999999999999963e-05,4.640000000000000235e-01
1.384999999999999953e-05,4.560000000000000164e-01
1.386000000000000113e-05,4.640000000000000235e-01
1.387000000000000103e-05,4.560000000000000164e-01
1.388000000000000094e-05,4.560000000000000164e-01
1.389000000000000084e-05,4.640000000000000235e-01
1.390000000000000075e-05,4.560000000000000164e-01
1.391000000000000065e-05,4.720000000000000306e-01
1.392000000000000056e-05,4.640000000000000235e-01
1.393000000000000046e-05,4.640000000000000235e-01
1.394000000000000036e-05,4.560000000000000164e-01
1.395000000000000027e-05,4.560000000000000164e-01
1.396000000000000017e-05,4.560000000000000164e-01
1.397000000000000008e-05,4.560000000000000164e-01
1.397999999999999998e-05,4.560000000000000164e-01
1.398999999999999989e-05,4.640000000000000235e-01
1.399999999999999979e-05,4.560000000000000164e-01
1.400999999999999969e-05,4.480000000000000093e-01
1.401999999999999960e-05,4.560000000000000164e-01
1.403000000000000120e-05,4.480000000000000093e-01
1.404000000000000110e-05,4.480000000000000093e-01
1.405000000000000101e-05,4.560000000000000164e-01
1.406000000000000091e-05,4.560000000000000164e-01
1.407000000000000081e-05,4.640000000000000235e-01
1.408000000000000072e-05,4.560000000000000164e-01
1.409000000000000062e-05,4.560000000000000164e-01
1.410000000000000053e-05,4.560000000000000164e-01
1.411000000000000043e-05,4.560000000000000164e-01
1.412000000000000034e-05,4.480000000000000093e-01
1.413000000000000024e-05,4.560000000000000164e-01
1.414000000000000014e-05,4.560000000000000164e-01
1.415000000000000005e-05,4.560000000000000164e-01
1.415999999999999995e-05,4.640000000000000235e-01
1.416999999999999986e-05,4.560000000000000164e-01
1.417999999999999976e-05,4.640000000000000235e-01
1.418999999999999966e-05,4.640000000000000235e-01
1.419999999999999957e-05,4.720000000000000306e-01
1.421000000000000117e-05,4.720000000000000306e-01
1.422000000000000107e-05,4.640000000000000235e-01
1.423000000000000098e-05,4.799999999999999822e-01
1.424000000000000088e-05,4.799999999999999822e-01
1.425000000000000078e-05,4.799999999999999822e-01
1.426000000000000069e-05,4.959999999999999964e-01
1.427000000000000059e-05,4.879999999999999893e-01
1.428000000000000050e-05,5.120000000000000107e-01
1.429000000000000040e-05,5.120000000000000107e-01
1.430000000000000031e-05,5.280000000000000249e-01
1.431000000000000021e-05,5.440000000000000391e-01
1.432000000000000011e-05,5.680000000000000604e-01
1.433000000000000002e-05,5.760000000000000675e-01
1.433999999999999992e-05,5.999999999999999778e-01
1.434999999999999983e-05,6.239999999999999991e-01
1.435999999999999973e-05,6.320000000000000062e-01
1.436999999999999964e-05,6.800000000000000488e-01
1.437999999999999954e-05,7.039999999999999591e-01
1.439000000000000114e-05,7.359999999999999876e-01
1.440000000000000104e-05,7.840000000000000302e-01
1.441000000000000095e-05,8.240000000000000657e-01
1.442000000000000085e-05,8.719999999999999973e-01
1.443000000000000076e-05,9.200000000000000400e-01
1.444000000000000066e-05,9.679999999999999716e-01
1.445000000000000056e-05,1.016000000000000014e+00
1.446000000000000047e-05,1.064000000000000057e+00
1.447000000000000037e-05,1.120000000000000107e+00
1.448000000000000028e-05,1.175999999999999934e+00
1.449000000000000018e-05,1.215999999999999970e+00
1.450000000000000009e-05,1.280000000000000027e+00
1.450999999999999999e-05,1.328000000000000069e+00
1.451999999999999989e-05,1.360000000000000098e+00
1.452999999999999980e-05,1.392000000000000126e+00
1.453999999999999970e-05,1.423999999999999932e+00
1.454999999999999961e-05,1.439999999999999947e+00
1.456000000000000120e-05,1.455999999999999961e+00
1.457000000000000111e-05,1.447999999999999954e+00
1.458000000000000101e-05,1.455999999999999961e+00
1.459000000000000092e-05,1.439999999999999947e+00
1.460000000000000082e-05,1.447999999999999954e+00
1.461000000000000073e-05,1.423999999999999932e+00
1.462000000000000063e-05,1.400000000000000133e+00
1.463000000000000053e-05,1.376000000000000112e+00
1.464000000000000044e-05,1.344000000000000083e+00
1.465000000000000034e-05,1.328000000000000069e+00
1.466000000000000025e-05,1.296000000000000041e+00
1.467000000000000015e-05,1.264000000000000012e+00
1.468000000000000006e-05,1.231999999999999984e+00
1.468999999999999996e-05,1.191999999999999948e+00
1.469999999999999986e-05,1.159999999999999920e+00
1.470999999999999977e-05,1.136000000000000121e+00
1.471999999999999967e-05,1.104000000000000092e+00
1.472999999999999958e-05,1.080000000000000071e+00
1.474000000000000118e-05,1.048000000000000043e+00
1.475000000000000108e-05,1.032000000000000028e+00
1.476000000000000098e-05,9.919999999999999929e-01
1.477000000000000089e-05,9.759999999999999787e-01
1.478000000000000079e-05,9.520000000000000684e-01
1.479000000000000070e-05,9.440000000000000613e-01
1.480000000000000060e-05,9.280000000000000471e-01
1.481000000000000051e-05,9.120000000000000329e-01
1.482000000000000041e-05,8.800000000000000044e-01
1.483000000000000031e-05,8.719999999999999973e-01
1.484000000000000022e-05,8.559999999999999831e-01
1.485000000000000012e-05,8.399999999999999689e-01
1.486000000000000003e-05,8.320000000000000728e-01
1.486999999999999993e-05,8.160000000000000586e-01
1.487999999999999983e-05,8.160000000000000586e-01
1.488999999999999974e-05,8.080000000000000515e-01
1.489999999999999964e-05,7.920000000000000373e-01
1.490999999999999955e-05,7.760000000000000231e-01
1.492000000000000115e-05,7.760000000000000231e-01
1.493000000000000105e-05,7.680000000000000160e-01
1.494000000000000095e-05,7.600000000000000089e-01
1.495000000000000086e-05,7.520000000000000018e-01
1.496000000000000076e-05,7.520000000000000018e-01
1.497000000000000067e-05,7.359999999999999876e-01
1.498000000000000057e-05,7.359999999999999876e-01
1.499000000000000048e-05,7.279999999999999805e-01
1.500000000000000038e-05,7.199999999999999734e-01
1.501000000000000028e-05,7.119999999999999662e-01
1.502000000000000019e-05,7.039999999999999591e-01
1.503000000000000009e-05,7.039999999999999591e-01
1.504000000000000000e-05,7.039999999999999591e-01
1.504999999999999990e-05,6.960000000000000631e-01
1.505999999999999981e-05,6.800000000000000488e-01
1.506999999999999971e-05,6.880000000000000560e-01
1.507999999999999961e-05,6.800000000000000488e-01
1.509000000000000121e-05,6.640000000000000346e-01
1.510000000000000112e-05,6.720000000000000417e-01
1.511000000000000102e-05,6.640000000000000346e-01
1.512000000000000093e-05,6.640000000000000346e-01
1.513000000000000083e-05,6.560000000000000275e-01
1.514000000000000073e-05,6.560000000000000275e-01
1.515000000000000064e-05,6.480000000000000204e-01
1.516000000000000054e-05,6.480000000000000204e-01
1.517000000000000045e-05,6.480000000000000204e-01
1.518000000000000035e-05,6.400000000000000133e-01
1.519000000000000025e-05,6.480000000000000204e-01
1.520000000000000016e-05,6.320000000000000062e-01
1.521000000000000006e-05,6.320000000000000062e-01
1.521999999999999997e-05,6.400000000000000133e-01
1.522999999999999987e-05,6.239999999999999991e-01
1.523999999999999978e-05,6.239999999999999991e-01
1.524999999999999968e-05,6.239999999999999991e-01
1.525999999999999958e-05,6.159999999999999920e-01
1.527000000000000118e-05,6.239999999999999991e-01
1.527999999999999939e-05,6.159999999999999920e-01
1.529000000000000099e-05,6.159999999999999920e-01
1.529999999999999920e-05,6.079999999999999849e-01
1.531000000000000080e-05,6.079999999999999849e-01
1.531999999999999901e-05,5.999999999999999778e-01
1.533000000000000061e-05,6.079999999999999849e-01
1.533999999999999882e-05,5.999999999999999778e-01
1.535000000000000042e-05,5.919999999999999707e-01
1.535999999999999863e-05,6.079999999999999849e-01
1.537000000000000023e-05,5.999999999999999778e-01
1.537999999999999844e-05,5.999999999999999778e-01
1.539000000000000003e-05,5.919999999999999707e-01
1.539999999999999824e-05,5.919999999999999707e-01
1.540999999999999984e-05,5.919999999999999707e-01
1.541999999999999805e-05,5.919999999999999707e-01
1.542999999999999965e-05,5.919999999999999707e-01
1.543999999999999786e-05,5.919999999999999707e-01
1.544999999999999946e-05,5.839999999999999636e-01
1.546000000000000106e-05,5.919999999999999707e-01
1.546999999999999927e-05,5.839999999999999636e-01
1.548000000000000087e-05,5.680000000000000604e-01
1.548999999999999908e-05,5.839999999999999636e-01
1.550000000000000068e-05,5.760000000000000675e-01
1.550999999999999889e-05,5.680000000000000604e-01
1.552000000000000048e-05,5.680000000000000604e-01
1.552999999999999869e-05,5.760000000000000675e-01
1.554000000000000029e-05,5.680000000000000604e-01
1.554999999999999850e-05,5.600000000000000533e-01
1.556000000000000010e-05,5.600000000000000533e-01
1.556999999999999831e-05,5.600000000000000533e-01
1.557999999999999991e-05,5.600000000000000533e-01
1.558999999999999812e-05,5.680000000000000604e-01
1.559999999999999972e-05,5.680000000000000604e-01
1.560999999999999793e-05,5.680000000000000604e-01
1.561999999999999953e-05,5.600000000000000533e-01
1.563000000000000112e-05,5.600000000000000533e-01
1.563999999999999933e-05,5.600000000000000533e-01
1.565000000000000093e-05,5.440000000000000391e-01
1.565999999999999914e-05,5.440000000000000391e-01
1.567000000000000074e-05,5.600000000000000533e-01
1.567999999999999895e-05,5.440000000000000391e-01
1.569000000000000055e-05,5.520000000000000462e-01
1.569999999999999876e-05,5.440000000000000391e-01
1.571000000000000036e-05,5.360000000000000320e-01
1.571999999999999857e-05,5.440000000000000391e-01
1.573000000000000017e-05,5.520000000000000462e-01
1.573999999999999838e-05,5.440000000000000391e-01
1.574999999999999998e-05,5.440000000000000391e-01
1.575999999999999819e-05,5.440000000000000391e-01
1.576999999999999978e-05,5.440000000000000391e-01
1.577999999999999799e-05,5.360000000000000320e-01
1.578999999999999959e-05,5.280000000000000249e-01
1.580000000000000119e-05,5.360000000000000320e-01
1.580999999999999940e-05,5.280000000000000249e-01
1.582000000000000100e-05,5.280000000000000249e-01
1.582999999999999921e-05,5.280000000000000249e-01
1.584000000000000081e-05,5.280000000000000249e-01
1.584999999999999902e-05,5.200000000000000178e-01
1.586000000000000062e-05,5.200000000000000178e-01
1.586999999999999883e-05,5.360000000000000320e-01
1.588000000000000042e-05,5.280000000000000249e-01
1.588999999999999864e-05,5.200000000000000178e-01
1.590000000000000023e-05,5.120000000000000107e-01
1.590999999999999844e-05,5.200000000000000178e-01
1.592000000000000004e-05,5.120000000000000107e-01
1.592999999999999825e-05,5.120000000000000107e-01
1.593999999999999985e-05,5.120000000000000107e-01
1.594999999999999806e-05,5.200000000000000178e-01
1.595999999999999966e-05,5.120000000000000107e-01
1.597000000000000126e-05,5.200000000000000178e-01
1.597999999999999947e-05,5.120000000000000107e-01
1.599000000000000107e-05,5.120000000000000107e-01
1.599999999999999928e-05,5.120000000000000107e-01
1.601000000000000087e-05,5.040000000000000036e-01
1.601999999999999908e-05,5.120000000000000107e-01
1.603000000000000068e-05,5.040000000000000036e-01
1.603999999999999889e-05,5.120000000000000107e-01
1.605000000000000049e-05,5.120000000000000107e-01
1.606000000000000209e-05,5.120000000000000107e-01
1.607000000000000030e-05,5.040000000000000036e-01
1.608000000000000190e-05,5.040000000000000036e-01
1.609000000000000011e-05,4.959999999999999964e-01
1.610000000000000171e-05,5.040000000000000036e-01
1.610999999999999992e-05,5.040000000000000036e-01
1.612000000000000152e-05,4.959999999999999964e-01
1.612999999999999973e-05,4.959999999999999964e-01
1.614000000000000132e-05,4.959999999999999964e-01
1.614999999999999953e-05,4.959999999999999964e-01
1.616000000000000113e-05,5.040000000000000036e-01
1.616999999999999934e-05,4.959999999999999964e-01
1.618000000000000094e-05,4.959999999999999964e-01
1.618999999999999915e-05,4.879999999999999893e-01
1.620000000000000075e-05,4.879999999999999893e-01
1.620999999999999896e-05,4.959999999999999964e-01
1.622000000000000056e-05,4.879999999999999893e-01
1.622999999999999877e-05,4.879999999999999893e-01
1.624000000000000037e-05,5.040000000000000036e-01
1.625000000000000196e-05,4.799999999999999822e-01
1.626000000000000017e-05,4.879999999999999893e-01
1.627000000000000177e-05,4.879999999999999893e-01
1.627999999999999998e-05,4.879999999999999893e-01
1.629000000000000158e-05,4.799999999999999822e-01
1.629999999999999979e-05,4.879999999999999893e-01
1.631000000000000139e-05,4.799999999999999822e-01
1.631999999999999960e-05,4.799999999999999822e-01
1.633000000000000120e-05,4.799999999999999822e-01
1.633999999999999941e-05,4.799999999999999822e-01
1.635000000000000101e-05,4.799999999999999822e-01
1.635999999999999922e-05,4.799999999999999822e-01
1.637000000000000082e-05,4.799999999999999822e-01
1.637999999999999903e-05,4.799999999999999822e-01
1.639000000000000062e-05,4.799999999999999822e-01
1.639999999999999883e-05,4.879999999999999893e-01
1.641000000000000043e-05,4.799999999999999822e-01
1.642000000000000203e-05,4.799999999999999822e-01
1.643000000000000024e-05,4.799999999999999822e-01
1.644000000000000184e-05,4.640000000000000235e-01
1.645000000000000005e-05,4.799999999999999822e-01
1.646000000000000165e-05,4.720000000000000306e-01
1.646999999999999986e-05,4.720000000000000306e-01
1.648000000000000146e-05,4.720000000000000306e-01
1.648999999999999967e-05,4.799999999999999822e-01
1.650000000000000127e-05,4.720000000000000306e-01
1.650999999999999948e-05,4.720000000000000306e-01
1.652000000000000107e-05,4.720000000000000306e-01
1.652999999999999928e-05,4.720000000000000306e-01
1.654000000000000088e-05,4.640000000000000235e-01
1.654999999999999909e-05,4.640000000000000235e-01
1.656000000000000069e-05,4.640000000000000235e-01
1.656999999999999890e-05,4.640000000000000235e-01
1.658000000000000050e-05,4.640000000000000235e-01
1.659000000000000210e-05,4.640000000000000235e-01
1.660000000000000031e-05,4.560000000000000164e-01
1.661000000000000191e-05,4.640000000000000235e-01
1.662000000000000012e-05,4.640000000000000235e-01
1.663000000000000171e-05,4.560000000000000164e-01
1.663999999999999992e-05,4.560000000000000164e-01
1.665000000000000152e-05,4.560000000000000164e-01
1.665999999999999973e-05,4.640000000000000235e-01
1.667000000000000133e-05,4.640000000000000235e-01
1.667999999999999954e-05,4.640000000000000235e-01
1.669000000000000114e-05,4.640000000000000235e-01
1.669999999999999935e-05,4.480000000000000093e-01
1.671000000000000095e-05,4.560000000000000164e-01
1.671999999999999916e-05,4.640000000000000235e-01
1.673000000000000076e-05,4.560000000000000164e-01
1.673999999999999897e-05,4.560000000000000164e-01
1.675000000000000057e-05,4.560000000000000164e-01
1.675999999999999878e-05,4.560000000000000164e-01
1.677000000000000037e-05,4.480000000000000093e-01
1.678000000000000197e-05,4.480000000000000093e-01
1.679000000000000018e-05,4.560000000000000164e-01
1.680000000000000178e-05,4.480000000000000093e-01
1.680999999999999999e-05,4.480000000000000093e-01
1.682000000000000159e-05,4.480000000000000093e-01
1.682999999999999980e-05,4.480000000000000093e-01
1.684000000000000140e-05,4.480000000000000093e-01
1.684999999999999961e-05,4.640000000000000235e-01
1.686000000000000121e-05,4.480000000000000093e-01
1.686999999999999942e-05,4.480000000000000093e-01
1.688000000000000101e-05,4.560000000000000164e-01
1.688999999999999923e-05,4.480000000000000093e-01
1.690000000000000082e-05,4.480000000000000093e-01
1.690999999999999903e-05,4.400000000000000022e-01
1.692000000000000063e-05,4.480000000000000093e-01
1.692999999999999884e-05,4.480000000000000093e-01
1.694000000000000044e-05,4.480000000000000093e-01
1.695000000000000204e-05,4.400000000000000022e-01
1.696000000000000025e-05,4.560000000000000164e-01
1.697000000000000185e-05,4.480000000000000093e-01
1.698000000000000006e-05,4.400000000000000022e-01
1.699000000000000166e-05,4.480000000000000093e-01
1.699999999999999987e-05,4.480000000000000093e-01
1.701000000000000146e-05,4.480000000000000093e-01
1.701999999999999967e-05,4.400000000000000022e-01
1.703000000000000127e-05,4.480000000000000093e-01
1.703999999999999948e-05,4.400000000000000022e-01
1.705000000000000108e-05,4.400000000000000022e-01
1.705999999999999929e-05,4.400000000000000022e-01
1.707000000000000089e-05,4.400000000000000022e-01
1.707999999999999910e-05,4.400000000000000022e-01
1.709000000000000070e-05,4.319999999999999951e-01
1.709999999999999891e-05,4.400000000000000022e-01
1.711000000000000051e-05,4.480000000000000093e-01
1.712000000000000211e-05,4.480000000000000093e-01
1.713000000000000032e-05,4.400000000000000022e-01
1.714000000000000191e-05,4.319999999999999951e-01
1.715000000000000012e-05,4.480000000000000093e-01
1.716000000000000172e-05,4.400000000000000022e-01
1.716999999999999993e-05,4.400000000000000022e-01
1.718000000000000153e-05,4.480000000000000093e-01
1.718999999999999974e-05,4.400000000000000022e-01
1.720000000000000134e-05,4.480000000000000093e-01
1.720999999999999955e-05,4.400000000000000022e-01
1.722000000000000115e-05,4.400000000000000022e-01
1.722999999999999936e-05,4.480000000000000093e-01
1.724000000000000096e-05,4.400000000000000022e-01
1.724999999999999917e-05,4.400000000000000022e-01
1.726000000000000076e-05,4.480000000000000093e-01
1.726999999999999897e-05,4.480000000000000093e-01
1.728000000000000057e-05,4.480000000000000093e-01
1.728999999999999878e-05,4.560000000000000164e-01
1.730000000000000038e-05,4.480000000000000093e-01
1.731000000000000198e-05,4.560000000000000164e-01
1.732000000000000019e-05,4.560000000000000164e-01
1.733000000000000179e-05,4.560000000000000164e-01
1.734000000000000000e-05,4.560000000000000164e-01
1.735000000000000160e-05,4.720000000000000306e-01
1.735999999999999981e-05,4.640000000000000235e-01
1.737000000000000141e-05,4.720000000000000306e-01
1.737999999999999962e-05,4.879999999999999893e-01
1.739000000000000121e-05,4.799999999999999822e-01
1.739999999999999942e-05,4.879999999999999893e-01
1.741000000000000102e-05,4.879999999999999893e-01
1.741999999999999923e-05,4.959999999999999964e-01
1.743000000000000083e-05,4.879999999999999893e-01
1.743999999999999904e-05,5.120000000000000107e-01
1.745000000000000064e-05,5.120000000000000107e-01
1.745999999999999885e-05,5.120000000000000107e-01
1.747000000000000045e-05,5.120000000000000107e-01
1.748000000000000205e-05,5.360000000000000320e-01
1.749000000000000026e-05,5.360000000000000320e-01
1.750000000000000186e-05,5.440000000000000391e-01
1.751000000000000007e-05,5.520000000000000462e-01
1.752000000000000166e-05,5.600000000000000533e-01
1.752999999999999987e-05,5.760000000000000675e-01
1.754000000000000147e-05,5.839999999999999636e-01
1.754999999999999968e-05,5.919999999999999707e-01
1.756000000000000128e-05,5.999999999999999778e-01
1.756999999999999949e-05,6.239999999999999991e-01
1.758000000000000109e-05,6.320000000000000062e-01
1.758999999999999930e-05,6.400000000000000133e-01
1.760000000000000090e-05,6.640000000000000346e-01
1.760999999999999911e-05,6.800000000000000488e-01
1.762000000000000071e-05,6.880000000000000560e-01
1.762999999999999892e-05,6.960000000000000631e-01
1.764000000000000051e-05,7.199999999999999734e-01
1.765000000000000211e-05,7.359999999999999876e-01
1.766000000000000032e-05,7.439999999999999947e-01
1.767000000000000192e-05,7.680000000000000160e-01
1.768000000000000013e-05,7.920000000000000373e-01
1.769000000000000173e-05,7.920000000000000373e-01
1.769999999999999994e-05,8.000000000000000444e-01
1.771000000000000154e-05,8.240000000000000657e-01
1.771999999999999975e-05,8.479999999999999760e-01
1.773000000000000135e-05,8.559999999999999831e-01
1.773999999999999956e-05,8.719999999999999973e-01
1.775000000000000116e-05,8.800000000000000044e-01
1.775999999999999937e-05,8.960000000000000187e-01
1.777000000000000096e-05,9.040000000000000258e-01
1.777999999999999917e-05,9.280000000000000471e-01
1.779000000000000077e-05,9.280000000000000471e-01
1.779999999999999898e-05,9.360000000000000542e-01
1.781000000000000058e-05,9.360000000000000542e-01
1.781999999999999879e-05,9.440000000000000613e-01
1.783000000000000039e-05,9.520000000000000684e-01
1.784000000000000199e-05,9.520000000000000684e-01
1.785000000000000020e-05,9.599999999999999645e-01
1.786000000000000180e-05,9.520000000000000684e-01
1.787000000000000001e-05,9.520000000000000684e-01
1.788000000000000160e-05,9.440000000000000613e-01
1.788999999999999982e-05,9.440000000000000613e-01
1.790000000000000141e-05,9.360000000000000542e-01
1.790999999999999962e-05,9.360000000000000542e-01
1.792000000000000122e-05,9.200000000000000400e-01
1.792999999999999943e-05,9.200000000000000400e-01
1.794000000000000103e-05,9.040000000000000258e-01
1.794999999999999924e-05,9.040000000000000258e-01
1.796000000000000084e-05,8.880000000000000115e-01
1.796999999999999905e-05,8.880000000000000115e-01
1.798000000000000065e-05,8.800000000000000044e-01
1.798999999999999886e-05,8.719999999999999973e-01
1.800000000000000046e-05,8.639999999999999902e-01
1.801000000000000205e-05,8.479999999999999760e-01
1.802000000000000026e-05,8.399999999999999689e-01
1.803000000000000186e-05,8.320000000000000728e-01
1.804000000000000007e-05,8.240000000000000657e-01
1.805000000000000167e-05,8.080000000000000515e-01
1.805999999999999988e-05,8.000000000000000444e-01
1.807000000000000148e-05,7.840000000000000302e-01
1.807999999999999969e-05,7.840000000000000302e-01
1.809000000000000129e-05,7.760000000000000231e-01
1.809999999999999950e-05,7.680000000000000160e-01
1.811000000000000110e-05,7.520000000000000018e-01
1.811999999999999931e-05,7.439999999999999947e-01
1.813000000000000091e-05,7.439999999999999947e-01
1.813999999999999912e-05,7.439999999999999947e-01
1.815000000000000071e-05,7.199999999999999734e-01
1.815999999999999892e-05,7.199999999999999734e-01
1.817000000000000052e-05,7.039999999999999591e-01
1.818000000000000212e-05,7.039999999999999591e-01
1.819000000000000033e-05,7.039999999999999591e-01
1.820000000000000193e-05,6.960000000000000631e-01
1.821000000000000014e-05,6.800000000000000488e-01
1.822000000000000174e-05,6.720000000000000417e-01
1.822999999999999995e-05,6.720000000000000417e-01
1.824000000000000155e-05,6.640000000000000346e-01
1.824999999999999976e-05,6.640000000000000346e-01
1.826000000000000135e-05,6.560000000000000275e-01
1.826999999999999957e-05,6.400000000000000133e-01
1.828000000000000116e-05,6.560000000000000275e-01
1.828999999999999937e-05,6.480000000000000204e-01
1.830000000000000097e-05,6.400000000000000133e-01
1.830999999999999918e-05,6.320000000000000062e-01
1.832000000000000078e-05,6.239999999999999991e-01
1.832999999999999899e-05,6.320000000000000062e-01
1.834000000000000059e-05,6.239999999999999991e-01
1.834999999999999880e-05,6.079999999999999849e-01
1.836000000000000040e-05,6.159999999999999920e-01
1.837000000000000200e-05,6.079999999999999849e-01
1.838000000000000021e-05,6.079999999999999849e-01
1.839000000000000180e-05,6.079999999999999849e-01
1.840000000000000001e-05,5.999999999999999778e-01
1.841000000000000161e-05,5.919999999999999707e-01
1.841999999999999982e-05,5.839999999999999636e-01
1.843000000000000142e-05,5.919999999999999707e-01
1.843999999999999963e-05,5.919999999999999707e-01
1.845000000000000123e-05,5.839999999999999636e-01
1.845999999999999944e-05,5.760000000000000675e-01
1.847000000000000104e-05,5.839999999999999636e-01
1.847999999999999925e-05,5.760000000000000675e-01
1.849000000000000085e-05,5.680000000000000604e-01
1.849999999999999906e-05,5.760000000000000675e-01
1.851000000000000066e-05,5.600000000000000533e-01
1.851999999999999887e-05,5.680000000000000604e-01
1.853000000000000046e-05,5.680000000000000604e-01
1.854000000000000206e-05,5.680000000000000604e-01
1.855000000000000027e-05,5.680000000000000604e-01
1.856000000000000187e-05,5.600000000000000533e-01
1.857000000000000008e-05,5.680000000000000604e-01
1.858000000000000168e-05,5.520000000000000462e-01
1.858999999999999989e-05,5.520000000000000462e-01
1.860000000000000149e-05,5.520000000000000462e-01
1.860999999999999970e-05,5.520000000000000462e-01
1.862000000000000130e-05,5.360000000000000320e-01
1.862999999999999951e-05,5.360000000000000320e-01
1.864000000000000110e-05,5.440000000000000391e-01
1.864999999999999931e-05,5.360000000000000320e-01
1.866000000000000091e-05,5.440000000000000391e-01
1.866999999999999912e-05,5.360000000000000320e-01
1.868000000000000072e-05,5.360000000000000320e-01
1.868999999999999893e-05,5.280000000000000249e-01
1.870000000000000053e-05,5.360000000000000320e-01
1.871000000000000213e-05,5.280000000000000249e-01
1.872000000000000034e-05,5.280000000000000249e-01
1.873000000000000194e-05,5.280000000000000249e-01
1.874000000000000015e-05,5.200000000000000178e-01
1.875000000000000175e-05,5.200000000000000178e-01
1.875999999999999996e-05,5.280000000000000249e-01
1.877000000000000155e-05,5.200000000000000178e-01
1.877999999999999976e-05,5.200000000000000178e-01
1.879000000000000136e-05,5.280000000000000249e-01
1.879999999999999957e-05,5.120000000000000107e-01
1.881000000000000117e-05,5.120000000000000107e-01
1.881999999999999938e-05,5.040000000000000036e-01
1.883000000000000098e-05,5.120000000000000107e-01
1.883999999999999919e-05,5.200000000000000178e-01
1.885000000000000079e-05,5.120000000000000107e-01
1.885999999999999900e-05,5.040000000000000036e-01
1.887000000000000060e-05,5.040000000000000036e-01
1.887999999999999881e-05,5.040000000000000036e-01
1.889000000000000041e-05,5.040000000000000036e-01
1.890000000000000200e-05,4.959999999999999964e-01
1.891000000000000021e-05,5.040000000000000036e-01
1.892000000000000181e-05,5.040000000000000036e-01
1.893000000000000002e-05,5.040000000000000036e-01
1.894000000000000162e-05,5.120000000000000107e-01
1.894999999999999983e-05,4.879999999999999893e-01
1.896000000000000143e-05,4.959999999999999964e-01
1.896999999999999964e-05,4.959999999999999964e-01
1.898000000000000124e-05,4.879999999999999893e-01
1.898999999999999945e-05,4.959999999999999964e-01
1.900000000000000105e-05,4.879999999999999893e-01
1.900999999999999926e-05,4.879999999999999893e-01
1.902000000000000085e-05,4.879999999999999893e-01
1.902999999999999906e-05,4.959999999999999964e-01
1.904000000000000066e-05,4.879999999999999893e-01
1.904999999999999887e-05,4.879999999999999893e-01
1.906000000000000047e-05,4.879999999999999893e-01
1.907000000000000207e-05,4.879999999999999893e-01
1.908000000000000028e-05,4.879999999999999893e-01
1.909000000000000188e-05,4.799999999999999822e-01
1.910000000000000009e-05,4.799999999999999822e-01
1.911000000000000169e-05,4.799999999999999822e-01
1.911999999999999990e-05,4.799999999999999822e-01
1.913000000000000150e-05,4.879999999999999893e-01
1.913999999999999971e-05,4.720000000000000306e-01
1.915000000000000130e-05,4.879999999999999893e-01
1.915999999999999951e-05,4.799999999999999822e-01
1.917000000000000111e-05,4.720000000000000306e-01
1.917999999999999932e-05,4.799999999999999822e-01
1.919000000000000092e-05,4.720000000000000306e-01
1.919999999999999913e-05,4.720000000000000306e-01
1.921000000000000073e-05,4.640000000000000235e-01
1.921999999999999894e-05,4.720000000000000306e-01
1.923000000000000054e-05,4.720000000000000306e-01
1.924000000000000214e-05,4.720000000000000306e-01
1.925000000000000035e-05,4.640000000000000235e-01
1.926000000000000194e-05,4.720000000000000306e-01
1.927000000000000016e-05,4.720000000000000306e-01
1.928000000000000175e-05,4.640000000000000235e-01
1.928999999999999996e-05,4.720000000000000306e-01
1.930000000000000156e-05,4.720000000000000306e-01
1.930999999999999977e-05,4.640000000000000235e-01
1.932000000000000137e-05,4.720000000000000306e-01
1.932999999999999958e-05,4.640000000000000235e-01
1.934000000000000118e-05,4.640000000000000235e-01
1.934999999999999939e-05,4.640000000000000235e-01
1.936000000000000099e-05,4.720000000000000306e-01
1.936999999999999920e-05,4.640000000000000235e-01
1.938000000000000080e-05,4.640000000000000235e-01
1.938999999999999901e-05,4.560000000000000164e-01
1.940000000000000060e-05,4.640000000000000235e-01
1.940999999999999881e-05,4.560000000000000164e-01
1.942000000000000041e-05,4.560000000000000164e-01
1.943000000000000201e-05,4.560000000000000164e-01
1.944000000000000022e-05,4.640000000000000235e-01
1.945000000000000182e-05,4.480000000000000093e-01
1.946000000000000003e-05,4.640000000000000235e-01
1.947000000000000163e-05,4.480000000000000093e-01
1.947999999999999984e-05,4.560000000000000164e-01
1.949000000000000144e-05,4.560000000000000164e-01
1.949999999999999965e-05,4.480000000000000093e-01
1.951000000000000125e-05,4.400000000000000022e-01
1.951999999999999946e-05,4.560000000000000164e-01
1.953000000000000105e-05,4.480000000000000093e-01
1.953999999999999926e-05,4.480000000000000093e-01
1.955000000000000086e-05,4.560000000000000164e-01
1.955999999999999907e-05,4.400000000000000022e-01
1.957000000000000067e-05,4.560000000000000164e-01
1.957999999999999888e-05,4.560000000000000164e-01
1.959000000000000048e-05,4.480000000000000093e-01
1.960000000000000208e-05,4.400000000000000022e-01
1.961000000000000029e-05,4.400000000000000022e-01
1.962000000000000189e-05,4.400000000000000022e-01
1.963000000000000010e-05,4.480000000000000093e-01
1.964000000000000169e-05,4.319999999999999951e-01
1.964999999999999990e-05,4.400000000000000022e-01
1.966000000000000150e-05,4.400000000000000022e-01
1.966999999999999971e-05,4.400000000000000022e-01
1.968000000000000131e-05,4.400000000000000022e-01
1.968999999999999952e-05,4.480000000000000093e-01
1.970000000000000112e-05,4.400000000000000022e-01
1.970999999999999933e-05,4.400000000000000022e-01
1.972000000000000093e-05,4.400000000000000022e-01
1.972999999999999914e-05,4.400000000000000022e-01
1.974000000000000074e-05,4.319999999999999951e-01
1.974999999999999895e-05,4.480000000000000093e-01
1.976000000000000055e-05,4.319999999999999951e-01
1.977000000000000214e-05,4.319999999999999951e-01
1.978000000000000035e-05,4.319999999999999951e-01
1.979000000000000195e-05,4.319999999999999951e-01
1.980000000000000016e-05,4.239999999999999880e-01
1.981000000000000176e-05,4.400000000000000022e-01
1.981999999999999997e-05,4.319999999999999951e-01
1.983000000000000157e-05,4.319999999999999951e-01
1.983999999999999978e-05,4.239999999999999880e-01
1.985000000000000138e-05,4.239999999999999880e-01
1.985999999999999959e-05,4.239999999999999880e-01
1.987000000000000119e-05,4.400000000000000022e-01
1.987999999999999940e-05,4.239999999999999880e-01
1.989000000000000100e-05,4.239999999999999880e-01
1.989999999999999921e-05,4.319999999999999951e-01
1.991000000000000080e-05,4.319999999999999951e-01
1.991999999999999901e-05,4.160000000000000364e-01
1.993000000000000061e-05,4.400000000000000022e-01
1.993999999999999882e-05,4.239999999999999880e-01
1.995000000000000042e-05,4.160000000000000364e-01
1.996000000000000202e-05,4.239999999999999880e-01
1.997000000000000023e-05,4.239999999999999880e-01
1.998000000000000183e-05,4.239999999999999880e-01
1.999000000000000004e-05,4.319999999999999951e-01
2.000000000000000164e-05,4.239999999999999880e-01
2.000999999999999985e-05,4.319999999999999951e-01
2.002000000000000144e-05,4.239999999999999880e-01
2.002999999999999965e-05,4.239999999999999880e-01
2.004000000000000125e-05,4.160000000000000364e-01
2.004999999999999946e-05,4.160000000000000364e-01
2.006000000000000106e-05,4.160000000000000364e-01
2.006999999999999927e-05,4.239999999999999880e-01
2.008000000000000087e-05,4.160000000000000364e-01
2.008999999999999908e-05,4.239999999999999880e-01
2.010000000000000068e-05,4.239999999999999880e-01
2.010999999999999889e-05,4.080000000000000293e-01
2.012000000000000049e-05,4.160000000000000364e-01
2.013000000000000209e-05,4.239999999999999880e-01
2.014000000000000030e-05,4.239999999999999880e-01
2.015000000000000189e-05,4.080000000000000293e-01
2.016000000000000010e-05,4.000000000000000222e-01
2.017000000000000170e-05,4.239999999999999880e-01
2.017999999999999991e-05,4.080000000000000293e-01
2.019000000000000151e-05,4.080000000000000293e-01
2.019999999999999972e-05,4.239999999999999880e-01
2.021000000000000132e-05,4.000000000000000222e-01
2.021999999999999953e-05,4.160000000000000364e-01
2.023000000000000113e-05,4.080000000000000293e-01
2.023999999999999934e-05,4.000000000000000222e-01
2.025000000000000094e-05,4.080000000000000293e-01
2.025999999999999915e-05,4.080000000000000293e-01
2.027000000000000075e-05,4.080000000000000293e-01
2.027999999999999896e-05,4.160000000000000364e-01
2.029000000000000055e-05,4.000000000000000222e-01
2.030000000000000215e-05,4.080000000000000293e-01
2.031000000000000036e-05,4.080000000000000293e-01
2.032000000000000196e-05,4.160000000000000364e-01
2.033000000000000017e-05,4.000000000000000222e-01
2.034000000000000177e-05,4.080000000000000293e-01
2.034999999999999998e-05,4.160000000000000364e-01
2.036000000000000158e-05,4.080000000000000293e-01
2.036999999999999979e-05,4.080000000000000293e-01
2.038000000000000139e-05,4.000000000000000222e-01
2.038999999999999960e-05,4.080000000000000293e-01
2.040000000000000119e-05,4.080000000000000293e-01
2.040999999999999940e-05,4.160000000000000364e-01
2.042000000000000100e-05,4.000000000000000222e-01
2.042999999999999921e-05,4.000000000000000222e-01
2.044000000000000081e-05,3.920000000000000151e-01
2.044999999999999902e-05,4.160000000000000364e-01
2.046000000000000062e-05,4.000000000000000222e-01
2.046999999999999883e-05,4.000000000000000222e-01
2.048000000000000043e-05,4.080000000000000293e-01
2.049000000000000203e-05,3.920000000000000151e-01
2.050000000000000024e-05,4.000000000000000222e-01
2.051000000000000184e-05,4.000000000000000222e-01
2.052000000000000005e-05,4.000000000000000222e-01
2.053000000000000164e-05,3.920000000000000151e-01
2.053999999999999985e-05,3.920000000000000151e-01
2.055000000000000145e-05,4.000000000000000222e-01
2.055999999999999966e-05,3.920000000000000151e-01
2.057000000000000126e-05,4.000000000000000222e-01
2.057999999999999947e-05,4.000000000000000222e-01
2.059000000000000107e-05,4.000000000000000222e-01
2.059999999999999928e-05,3.840000000000000080e-01
2.061000000000000088e-05,3.920000000000000151e-01
2.061999999999999909e-05,3.920000000000000151e-01
2.063000000000000069e-05,3.920000000000000151e-01
2.063999999999999890e-05,4.000000000000000222e-01
2.065000000000000049e-05,3.840000000000000080e-01
2.066000000000000209e-05,3.840000000000000080e-01
2.067000000000000030e-05,3.840000000000000080e-01
2.068000000000000190e-05,3.920000000000000151e-01
2.069000000000000011e-05,3.920000000000000151e-01
2.070000000000000171e-05,3.920000000000000151e-01
2.070999999999999992e-05,3.920000000000000151e-01
2.072000000000000152e-05,3.840000000000000080e-01
2.072999999999999973e-05,3.840000000000000080e-01
2.074000000000000133e-05,3.840000000000000080e-01
2.074999999999999954e-05,3.840000000000000080e-01
2.076000000000000114e-05,3.840000000000000080e-01
2.076999999999999935e-05,3.920000000000000151e-01
2.078000000000000094e-05,3.840000000000000080e-01
2.078999999999999915e-05,3.840000000000000080e-01
2.080000000000000075e-05,3.840000000000000080e-01
2.080999999999999896e-05,3.920000000000000151e-01
2.082000000000000056e-05,3.920000000000000151e-01
2.083000000000000216e-05,3.840000000000000080e-01
2.084000000000000037e-05,3.920000000000000151e-01
2.085000000000000197e-05,3.760000000000000009e-01
2.086000000000000018e-05,3.760000000000000009e-01
2.087000000000000178e-05,3.840000000000000080e-01
2.087999999999999999e-05,3.760000000000000009e-01
2.089000000000000159e-05,3.760000000000000009e-01
2.089999999999999980e-05,3.760000000000000009e-01
2.091000000000000139e-05,3.760000000000000009e-01
2.091999999999999960e-05,3.840000000000000080e-01
2.093000000000000120e-05,3.760000000000000009e-01
2.093999999999999941e-05,3.760000000000000009e-01
2.095000000000000101e-05,3.840000000000000080e-01
2.095999999999999922e-05,3.760000000000000009e-01
2.097000000000000082e-05,3.760000000000000009e-01
2.097999999999999903e-05,3.760000000000000009e-01
2.099000000000000063e-05,3.840000000000000080e-01
2.099999999999999884e-05,3.760000000000000009e-01
2.101000000000000044e-05,3.760000000000000009e-01
2.102000000000000203e-05,3.679999999999999938e-01
2.103000000000000024e-05,3.679999999999999938e-01
2.104000000000000184e-05,3.760000000000000009e-01
2.105000000000000005e-05,3.679999999999999938e-01
2.106000000000000165e-05,3.840000000000000080e-01
2.106999999999999986e-05,3.679999999999999938e-01
2.108000000000000146e-05,3.760000000000000009e-01
2.108999999999999967e-05,3.760000000000000009e-01
2.110000000000000127e-05,3.760000000000000009e-01
2.110999999999999948e-05,3.760000000000000009e-01
2.112000000000000108e-05,3.679999999999999938e-01
2.112999999999999929e-05,3.760000000000000009e-01
2.114000000000000089e-05,3.679999999999999938e-01
2.114999999999999910e-05,3.760000000000000009e-01
2.116000000000000069e-05,3.760000000000000009e-01
2.116999999999999890e-05,3.679999999999999938e-01
2.118000000000000050e-05,3.599999999999999867e-01
2.119000000000000210e-05,3.679999999999999938e-01
2.120000000000000031e-05,3.679999999999999938e-01
2.121000000000000191e-05,3.679999999999999938e-01
2.122000000000000012e-05,3.760000000000000009e-01
2.123000000000000172e-05,3.679999999999999938e-01
2.123999999999999993e-05,3.679999999999999938e-01
2.125000000000000153e-05,3.679999999999999938e-01
2.125999999999999974e-05,3.679999999999999938e-01
2.127000000000000134e-05,3.679999999999999938e-01
2.127999999999999955e-05,3.679999999999999938e-01
2.129000000000000114e-05,3.679999999999999938e-01
2.129999999999999935e-05,3.679999999999999938e-01
2.131000000000000095e-05,3.760000000000000009e-01
2.131999999999999916e-05,3.679999999999999938e-01
2.133000000000000076e-05,3.599999999999999867e-01
2.133999999999999897e-05,3.679999999999999938e-01
2.135000000000000057e-05,3.679999999999999938e-01
2.136000000000000217e-05,3.679999999999999938e-01
2.137000000000000038e-05,3.760000000000000009e-01
2.138000000000000198e-05,3.599999999999999867e-01
2.139000000000000019e-05,3.599999999999999867e-01
2.140000000000000178e-05,3.679999999999999938e-01
2.140999999999999999e-05,3.679999999999999938e-01
2.142000000000000159e-05,3.599999999999999867e-01
2.142999999999999980e-05,3.679999999999999938e-01
2.144000000000000140e-05,3.679999999999999938e-01
2.144999999999999961e-05,3.599999999999999867e-01
2.146000000000000121e-05,3.599999999999999867e-01
2.146999999999999942e-05,3.599999999999999867e-01
2.148000000000000102e-05,3.599999999999999867e-01
2.148999999999999923e-05,3.519999999999999796e-01
2.150000000000000083e-05,3.519999999999999796e-01
2.150999999999999904e-05,3.679999999999999938e-01
2.152000000000000064e-05,3.679999999999999938e-01
2.152999999999999885e-05,3.599999999999999867e-01
2.154000000000000044e-05,3.679999999999999938e-01
2.155000000000000204e-05,3.599999999999999867e-01
2.156000000000000025e-05,3.519999999999999796e-01
2.157000000000000185e-05,3.599999999999999867e-01
2.158000000000000006e-05,3.599999999999999867e-01
2.159000000000000166e-05,3.519999999999999796e-01
2.159999999999999987e-05,3.519999999999999796e-01
2.161000000000000147e-05,3.599999999999999867e-01
2.161999999999999968e-05,3.599999999999999867e-01
2.163000000000000128e-05,3.599999999999999867e-01
2.163999999999999949e-05,3.599999999999999867e-01
2.165000000000000108e-05,3.599999999999999867e-01
2.165999999999999930e-05,3.519999999999999796e-01
2.167000000000000089e-05,3.519999999999999796e-01
2.167999999999999910e-05,3.519999999999999796e-01
2.169000000000000070e-05,3.599999999999999867e-01
2.169999999999999891e-05,3.519999999999999796e-01
2.171000000000000051e-05,3.519999999999999796e-01
2.172000000000000211e-05,3.519999999999999796e-01
2.173000000000000032e-05,3.599999999999999867e-01
2.174000000000000192e-05,3.599999999999999867e-01
2.175000000000000013e-05,3.519999999999999796e-01
2.176000000000000173e-05,3.519999999999999796e-01
2.176999999999999994e-05,3.519999999999999796e-01
2.178000000000000153e-05,3.519999999999999796e-01
2.178999999999999974e-05,3.519999999999999796e-01
2.180000000000000134e-05,3.519999999999999796e-01
2.180999999999999955e-05,3.519999999999999796e-01
2.182000000000000115e-05,3.519999999999999796e-01
2.182999999999999936e-05,3.599999999999999867e-01
2.184000000000000096e-05,3.519999999999999796e-01
2.184999999999999917e-05,3.519999999999999796e-01
2.186000000000000077e-05,3.599999999999999867e-01
2.186999999999999898e-05,3.440000000000000280e-01
2.188000000000000058e-05,3.519999999999999796e-01
2.189000000000000218e-05,3.519999999999999796e-01
2.190000000000000039e-05,3.519999999999999796e-01
2.191000000000000198e-05,3.519999999999999796e-01
2.192000000000000019e-05,3.519999999999999796e-01
2.193000000000000179e-05,3.519999999999999796e-01
2.194000000000000000e-05,3.519999999999999796e-01
2.195000000000000160e-05,3.519999999999999796e-01
2.195999999999999981e-05,3.440000000000000280e-01
2.197000000000000141e-05,3.360000000000000209e-01
2.197999999999999962e-05,3.519999999999999796e-01
2.199000000000000122e-05,3.519999999999999796e-01
2.199999999999999943e-05,3.519999999999999796e-01
2.201000000000000103e-05,3.519999999999999796e-01
2.201999999999999924e-05,3.440000000000000280e-01
2.203000000000000083e-05,3.440000000000000280e-01
2.203999999999999905e-05,3.519999999999999796e-01
2.205000000000000064e-05,3.519999999999999796e-01
2.205999999999999885e-05,3.440000000000000280e-01
2.207000000000000045e-05,3.440000000000000280e-01
2.208000000000000205e-05,3.440000000000000280e-01
2.209000000000000026e-05,3.519999999999999796e-01
2.210000000000000186e-05,3.599999999999999867e-01
2.211000000000000007e-05,3.599999999999999867e-01
2.212000000000000167e-05,3.519999999999999796e-01
2.212999999999999988e-05,3.440000000000000280e-01
2.214000000000000148e-05,3.440000000000000280e-01
2.214999999999999969e-05,3.440000000000000280e-01
2.216000000000000128e-05,3.440000000000000280e-01
2.216999999999999949e-05,3.519999999999999796e-01
2.218000000000000109e-05,3.519999999999999796e-01
2.218999999999999930e-05,3.440000000000000280e-01
2.220000000000000090e-05,3.440000000000000280e-01
2.220999999999999911e-05,3.519999999999999796e-01
2.222000000000000071e-05,3.440000000000000280e-01
2.222999999999999892e-05,3.440000000000000280e-01
2.224000000000000052e-05,3.440000000000000280e-01
2.225000000000000212e-05,3.519999999999999796e-01
2.226000000000000033e-05,3.519999999999999796e-01
2.227000000000000193e-05,3.360000000000000209e-01
2.228000000000000014e-05,3.440000000000000280e-01
2.229000000000000173e-05,3.519999999999999796e-01
2.229999999999999994e-05,3.519999999999999796e-01
2.231000000000000154e-05,3.519999999999999796e-01
2.231999999999999975e-05,3.519999999999999796e-01
2.233000000000000135e-05,3.519999999999999796e-01
2.233999999999999956e-05,3.519999999999999796e-01
2.235000000000000116e-05,3.519999999999999796e-01
2.235999999999999937e-05,3.440000000000000280e-01
2.237000000000000097e-05,3.440000000000000280e-01
2.237999999999999918e-05,3.599999999999999867e-01
2.239000000000000078e-05,3.679999999999999938e-01
2.239999999999999899e-05,3.599999999999999867e-01
2.241000000000000058e-05,3.599999999999999867e-01
2.242000000000000218e-05,3.599999999999999867e-01
2.243000000000000039e-05,3.599999999999999867e-01
2.244000000000000199e-05,3.519999999999999796e-01
2.245000000000000020e-05,3.599999999999999867e-01
2.246000000000000180e-05,3.519999999999999796e-01
2.247000000000000001e-05,3.599999999999999867e-01
2.248000000000000161e-05,3.679999999999999938e-01
2.248999999999999982e-05,3.599999999999999867e-01
2.250000000000000142e-05,3.760000000000000009e-01
2.250999999999999963e-05,3.679999999999999938e-01
2.252000000000000123e-05,3.679999999999999938e-01
2.252999999999999944e-05,3.599999999999999867e-01
2.254000000000000103e-05,3.679999999999999938e-01
2.254999999999999924e-05,3.760000000000000009e-01
2.256000000000000084e-05,3.760000000000000009e-01
2.256999999999999905e-05,3.760000000000000009e-01
2.258000000000000065e-05,3.840000000000000080e-01
2.258999999999999886e-05,3.840000000000000080e-01
2.260000000000000046e-05,3.920000000000000151e-01
2.261000000000000206e-05,3.840000000000000080e-01
2.262000000000000027e-05,3.920000000000000151e-01
2.263000000000000187e-05,3.920000000000000151e-01
2.264000000000000008e-05,4.000000000000000222e-01
2.265000000000000167e-05,4.080000000000000293e-01
2.265999999999999989e-05,4.000000000000000222e-01
2.267000000000000148e-05,4.000000000000000222e-01
2.267999999999999969e-05,4.160000000000000364e-01
2.269000000000000129e-05,4.239999999999999880e-01
2.269999999999999950e-05,4.160000000000000364e-01
2.271000000000000110e-05,4.239999999999999880e-01
2.271999999999999931e-05,4.319999999999999951e-01
2.273000000000000091e-05,4.400000000000000022e-01
2.273999999999999912e-05,4.319999999999999951e-01
2.275000000000000072e-05,4.400000000000000022e-01
2.275999999999999893e-05,4.400000000000000022e-01
2.277000000000000053e-05,4.640000000000000235e-01
2.278000000000000212e-05,4.560000000000000164e-01
2.279000000000000033e-05,4.720000000000000306e-01
2.280000000000000193e-05,4.720000000000000306e-01
2.281000000000000014e-05,4.799999999999999822e-01
2.282000000000000174e-05,4.879999999999999893e-01
2.282999999999999995e-05,4.879999999999999893e-01
2.284000000000000155e-05,4.959999999999999964e-01
2.284999999999999976e-05,4.959999999999999964e-01
2.286000000000000136e-05,5.200000000000000178e-01
2.286999999999999957e-05,5.200000000000000178e-01
2.288000000000000117e-05,5.360000000000000320e-01
2.288999999999999938e-05,5.360000000000000320e-01
2.290000000000000098e-05,5.440000000000000391e-01
2.290999999999999919e-05,5.440000000000000391e-01
2.292000000000000078e-05,5.520000000000000462e-01
2.292999999999999899e-05,5.600000000000000533e-01
2.294000000000000059e-05,5.600000000000000533e-01
2.295000000000000219e-05,5.839999999999999636e-01
2.296000000000000040e-05,5.919999999999999707e-01
2.297000000000000200e-05,5.839999999999999636e-01
2.298000000000000021e-05,5.999999999999999778e-01
2.299000000000000181e-05,5.999999999999999778e-01
2.300000000000000002e-05,5.999999999999999778e-01
2.301000000000000162e-05,6.079999999999999849e-01
2.301999999999999983e-05,6.079999999999999849e-01
2.303000000000000142e-05,6.239999999999999991e-01
2.303999999999999964e-05,6.320000000000000062e-01
2.305000000000000123e-05,6.239999999999999991e-01
2.305999999999999944e-05,6.400000000000000133e-01
2.307000000000000104e-05,6.320000000000000062e-01
2.307999999999999925e-05,6.320000000000000062e-01
2.309000000000000085e-05,6.400000000000000133e-01
2.309999999999999906e-05,6.400000000000000133e-01
2.311000000000000066e-05,6.480000000000000204e-01
2.311999999999999887e-05,6.400000000000000133e-01
2.313000000000000047e-05,6.400000000000000133e-01
2.314000000000000207e-05,6.480000000000000204e-01
2.315000000000000028e-05,6.400000000000000133e-01
2.316000000000000187e-05,6.400000000000000133e-01
2.317000000000000008e-05,6.480000000000000204e-01
2.318000000000000168e-05,6.400000000000000133e-01
2.318999999999999989e-05,6.480000000000000204e-01
2.320000000000000149e-05,6.480000000000000204e-01
2.320999999999999970e-05,6.400000000000000133e-01
2.322000000000000130e-05,6.320000000000000062e-01
2.322999999999999951e-05,6.400000000000000133e-01
2.324000000000000111e-05,6.320000000000000062e-01
2.324999999999999932e-05,6.320000000000000062e-01
2.326000000000000092e-05,6.320000000000000062e-01
2.326999999999999913e-05,6.239999999999999991e-01
2.328000000000000073e-05,6.239999999999999991e-01
2.328999999999999894e-05,6.159999999999999920e-01
2.330000000000000053e-05,6.079999999999999849e-01
2.331000000000000213e-05,6.159999999999999920e-01
2.332000000000000034e-05,6.079999999999999849e-01
2.333000000000000194e-05,6.079999999999999849e-01
2.334000000000000015e-05,6.079999999999999849e-01
2.335000000000000175e-05,5.999999999999999778e-01
2.335999999999999996e-05,5.999999999999999778e-01
2.337000000000000156e-05,5.839999999999999636e-01
2.337999999999999977e-05,5.839999999999999636e-01
2.339000000000000137e-05,5.839999999999999636e-01
2.339999999999999958e-05,5.760000000000000675e-01
2.341000000000000117e-05,5.680000000000000604e-01
2.341999999999999938e-05,5.760000000000000675e-01
2.343000000000000098e-05,5.600000000000000533e-01
2.343999999999999919e-05,5.680000000000000604e-01
2.345000000000000079e-05,5.520000000000000462e-01
2.345999999999999900e-05,5.520000000000000462e-01
2.347000000000000060e-05,5.440000000000000391e-01
2.348000000000000220e-05,5.360000000000000320e-01
2.349000000000000041e-05,5.440000000000000391e-01
2.350000000000000201e-05,5.360000000000000320e-01
2.351000000000000022e-05,5.280000000000000249e-01
2.352000000000000182e-05,5.280000000000000249e-01
2.353000000000000003e-05,5.120000000000000107e-01
2.354000000000000162e-05,5.200000000000000178e-01
2.354999999999999983e-05,5.200000000000000178e-01
2.356000000000000143e-05,5.120000000000000107e-01
2.356999999999999964e-05,5.040000000000000036e-01
2.358000000000000124e-05,5.040000000000000036e-01
2.358999999999999945e-05,5.120000000000000107e-01
2.360000000000000105e-05,4.959999999999999964e-01
2.360999999999999926e-05,5.040000000000000036e-01
2.362000000000000086e-05,4.879999999999999893e-01
2.362999999999999907e-05,4.959999999999999964e-01
2.364000000000000067e-05,4.799999999999999822e-01
2.364999999999999888e-05,4.879999999999999893e-01
2.366000000000000048e-05,4.879999999999999893e-01
2.367000000000000207e-05,4.799999999999999822e-01
2.368000000000000028e-05,4.720000000000000306e-01
2.369000000000000188e-05,4.720000000000000306e-01
2.370000000000000009e-05,4.720000000000000306e-01
2.371000000000000169e-05,4.720000000000000306e-01
2.371999999999999990e-05,4.720000000000000306e-01
2.373000000000000150e-05,4.720000000000000306e-01
2.373999999999999971e-05,4.560000000000000164e-01
2.375000000000000131e-05,4.560000000000000164e-01
2.375999999999999952e-05,4.560000000000000164e-01
2.377000000000000112e-05,4.640000000000000235e-01
2.377999999999999933e-05,4.480000000000000093e-01
2.379000000000000092e-05,4.640000000000000235e-01
2.379999999999999913e-05,4.480000000000000093e-01
2.381000000000000073e-05,4.560000000000000164e-01
2.381999999999999894e-05,4.480000000000000093e-01
2.383000000000000054e-05,4.560000000000000164e-01
2.384000000000000214e-05,4.400000000000000022e-01
2.385000000000000035e-05,4.480000000000000093e-01
2.386000000000000195e-05,4.400000000000000022e-01
2.387000000000000016e-05,4.480000000000000093e-01
2.388000000000000176e-05,4.400000000000000022e-01
2.388999999999999997e-05,4.480000000000000093e-01
2.390000000000000157e-05,4.400000000000000022e-01
2.390999999999999978e-05,4.239999999999999880e-01
2.392000000000000137e-05,4.319999999999999951e-01
2.392999999999999958e-05,4.319999999999999951e-01
2.394000000000000118e-05,4.319999999999999951e-01
2.394999999999999939e-05,4.239999999999999880e-01
2.396000000000000099e-05,4.239999999999999880e-01
2.396999999999999920e-05,4.239999999999999880e-01
2.398000000000000080e-05,4.239999999999999880e-01
2.398999999999999901e-05,4.239999999999999880e-01
2.400000000000000061e-05,4.160000000000000364e-01
2.401000000000000221e-05,4.160000000000000364e-01
2.402000000000000042e-05,4.160000000000000364e-01
2.403000000000000201e-05,4.160000000000000364e-01
2.404000000000000023e-05,4.239999999999999880e-01
2.405000000000000182e-05,4.160000000000000364e-01
2.406000000000000003e-05,4.160000000000000364e-01
2.407000000000000163e-05,4.160000000000000364e-01
2.407999999999999984e-05,4.160000000000000364e-01
2.409000000000000144e-05,4.160000000000000364e-01
2.409999999999999965e-05,4.160000000000000364e-01
2.411000000000000125e-05,4.080000000000000293e-01
2.411999999999999946e-05,4.080000000000000293e-01
2.413000000000000106e-05,4.160000000000000364e-01
2.413999999999999927e-05,4.000000000000000222e-01
2.415000000000000087e-05,4.000000000000000222e-01
2.415999999999999908e-05,4.160000000000000364e-01
2.417000000000000067e-05,4.000000000000000222e-01
2.417999999999999888e-05,4.000000000000000222e-01
2.419000000000000048e-05,4.080000000000000293e-01
2.420000000000000208e-05,4.000000000000000222e-01
2.421000000000000029e-05,4.000000000000000222e-01
2.422000000000000189e-05,4.000000000000000222e-01
2.423000000000000010e-05,4.000000000000000222e-01
2.424000000000000170e-05,3.920000000000000151e-01
2.424999999999999991e-05,4.000000000000000222e-01
2.426000000000000151e-05,3.920000000000000151e-01
2.426999999999999972e-05,3.920000000000000151e-01
2.428000000000000132e-05,3.920000000000000151e-01
2.428999999999999953e-05,3.920000000000000151e-01
2.430000000000000112e-05,3.920000000000000151e-01
2.430999999999999933e-05,3.920000000000000151e-01
2.432000000000000093e-05,3.920000000000000151e-01
2.432999999999999914e-05,4.000000000000000222e-01
2.434000000000000074e-05,3.840000000000000080e-01
2.434999999999999895e-05,3.840000000000000080e-01
2.436000000000000055e-05,3.840000000000000080e-01
2.437000000000000215e-05,4.000000000000000222e-01
2.438000000000000036e-05,3.920000000000000151e-01
2.439000000000000196e-05,3.920000000000000151e-01
2.440000000000000017e-05,3.840000000000000080e-01
2.441000000000000176e-05,3.920000000000000151e-01
2.441999999999999997e-05,3.840000000000000080e-01
2.443000000000000157e-05,3.840000000000000080e-01
2.443999999999999978e-05,3.840000000000000080e-01
2.445000000000000138e-05,3.920000000000000151e-01
2.445999999999999959e-05,3.840000000000000080e-01
2.447000000000000119e-05,3.760000000000000009e-01
2.447999999999999940e-05,3.760000000000000009e-01
2.449000000000000100e-05,3.760000000000000009e-01
2.449999999999999921e-05,3.840000000000000080e-01
2.451000000000000081e-05,3.760000000000000009e-01
2.451999999999999902e-05,3.840000000000000080e-01
2.453000000000000062e-05,3.760000000000000009e-01
2.454000000000000221e-05,3.840000000000000080e-01
2.455000000000000042e-05,3.840000000000000080e-01
2.456000000000000202e-05,3.760000000000000009e-01
2.457000000000000023e-05,3.760000000000000009e-01
2.458000000000000183e-05,3.760000000000000009e-01
2.459000000000000004e-05,3.760000000000000009e-01
2.460000000000000164e-05,3.760000000000000009e-01
2.460999999999999985e-05,3.760000000000000009e-01
2.462000000000000145e-05,3.679999999999999938e-01
2.462999999999999966e-05,3.760000000000000009e-01
2.464000000000000126e-05,3.760000000000000009e-01
2.464999999999999947e-05,3.760000000000000009e-01
2.466000000000000107e-05,3.679999999999999938e-01
2.466999999999999928e-05,3.679999999999999938e-01
2.468000000000000087e-05,3.679999999999999938e-01
2.468999999999999908e-05,3.679999999999999938e-01
2.470000000000000068e-05,3.679999999999999938e-01
2.470999999999999889e-05,3.679999999999999938e-01
2.472000000000000049e-05,3.679999999999999938e-01
2.473000000000000209e-05,3.679999999999999938e-01
2.474000000000000030e-05,3.599999999999999867e-01
2.475000000000000190e-05,3.679999999999999938e-01
2.476000000000000011e-05,3.679999999999999938e-01
2.477000000000000171e-05,3.599999999999999867e-01
2.477999999999999992e-05,3.679999999999999938e-01
2.479000000000000151e-05,3.599999999999999867e-01
2.479999999999999972e-05,3.679999999999999938e-01
2.481000000000000132e-05,3.599999999999999867e-01
2.481999999999999953e-05,3.599999999999999867e-01
2.483000000000000113e-05,3.519999999999999796e-01
2.483999999999999934e-05,3.519999999999999796e-01
2.485000000000000094e-05,3.599999999999999867e-01
2.485999999999999915e-05,3.599999999999999867e-01
2.487000000000000075e-05,3.679999999999999938e-01
2.487999999999999896e-05,3.599999999999999867e-01
2.489000000000000056e-05,3.599999999999999867e-01
2.490000000000000216e-05,3.599999999999999867e-01
2.491000000000000037e-05,3.519999999999999796e-01
2.492000000000000196e-05,3.519999999999999796e-01
2.493000000000000017e-05,3.519999999999999796e-01
2.494000000000000177e-05,3.599999999999999867e-01
2.494999999999999998e-05,3.599999999999999867e-01
2.496000000000000158e-05,3.599999999999999867e-01
2.496999999999999979e-05,3.599999999999999867e-01
2.498000000000000139e-05,3.599999999999999867e-01
2.498999999999999960e-05,3.440000000000000280e-01
2.500000000000000120e-05,3.519999999999999796e-01
2.500999999999999941e-05,3.599999999999999867e-01
2.502000000000000101e-05,3.440000000000000280e-01
2.502999999999999922e-05,3.440000000000000280e-01
2.504000000000000082e-05,3.519999999999999796e-01
2.504999999999999903e-05,3.440000000000000280e-01
2.506000000000000062e-05,3.519999999999999796e-01
2.507000000000000222e-05,3.599999999999999867e-01
2.508000000000000043e-05,3.440000000000000280e-01
2.509000000000000203e-05,3.519999999999999796e-01
2.510000000000000024e-05,3.440000000000000280e-01
2.511000000000000184e-05,3.440000000000000280e-01
2.512000000000000005e-05,3.599999999999999867e-01
2.513000000000000165e-05,3.519999999999999796e-01
2.513999999999999986e-05,3.440000000000000280e-01
2.515000000000000146e-05,3.519999999999999796e-01
2.515999999999999967e-05,3.440000000000000280e-01
2.517000000000000126e-05,3.440000000000000280e-01
2.517999999999999947e-05,3.519999999999999796e-01
2.519000000000000107e-05,3.440000000000000280e-01
2.519999999999999928e-05,3.440000000000000280e-01
2.521000000000000088e-05,3.360000000000000209e-01
2.521999999999999909e-05,3.440000000000000280e-01
2.523000000000000069e-05,3.440000000000000280e-01
2.523999999999999890e-05,3.440000000000000280e-01
2.525000000000000050e-05,3.360000000000000209e-01
2.526000000000000210e-05,3.440000000000000280e-01
2.527000000000000031e-05,3.440000000000000280e-01
2.528000000000000191e-05,3.440000000000000280e-01
2.529000000000000012e-05,3.440000000000000280e-01
2.530000000000000171e-05,3.440000000000000280e-01
2.530999999999999992e-05,3.440000000000000280e-01
2.532000000000000152e-05,3.360000000000000209e-01
2.532999999999999973e-05,3.280000000000000138e-01
2.534000000000000133e-05,3.360000000000000209e-01
2.534999999999999954e-05,3.280000000000000138e-01
2.536000000000000114e-05,3.440000000000000280e-01
2.536999999999999935e-05,3.440000000000000280e-01
2.538000000000000095e-05,3.360000000000000209e-01
2.538999999999999916e-05,3.360000000000000209e-01
2.540000000000000076e-05,3.440000000000000280e-01
2.540999999999999897e-05,3.360000000000000209e-01
2.542000000000000056e-05,3.360000000000000209e-01
2.543000000000000216e-05,3.280000000000000138e-01
2.544000000000000037e-05,3.360000000000000209e-01
2.545000000000000197e-05,3.440000000000000280e-01
2.546000000000000018e-05,3.440000000000000280e-01
2.547000000000000178e-05,3.280000000000000138e-01
2.547999999999999999e-05,3.360000000000000209e-01
2.549000000000000159e-05,3.360000000000000209e-01
2.549999999999999980e-05,3.360000000000000209e-01
2.551000000000000140e-05,3.360000000000000209e-01
2.551999999999999961e-05,3.280000000000000138e-01
2.553000000000000121e-05,3.360000000000000209e-01
2.553999999999999942e-05,3.280000000000000138e-01
2.555000000000000101e-05,3.280000000000000138e-01
2.555999999999999922e-05,3.280000000000000138e-01
2.557000000000000082e-05,3.280000000000000138e-01
2.557999999999999903e-05,3.280000000000000138e-01
2.559000000000000063e-05,3.200000000000000067e-01
2.560000000000000223e-05,3.280000000000000138e-01
2.561000000000000044e-05,3.280000000000000138e-01
2.562000000000000204e-05,3.280000000000000138e-01
2.563000000000000025e-05,3.360000000000000209e-01
2.564000000000000185e-05,3.360000000000000209e-01
2.565000000000000006e-05,3.280000000000000138e-01
2.566000000000000166e-05,3.280000000000000138e-01
2.566999999999999987e-05,3.280000000000000138e-01
2.568000000000000146e-05,3.280000000000000138e-01
2.568999999999999967e-05,3.280000000000000138e-01
