time_s,voltage_V
-1.799999999999999919e-06,-8.000000000000000167e-02
-1.795999999999999830e-06,-8.000000000000000167e-02
-1.791999999999999953e-06,-1.199999999999999956e-01
-1.787999999999999864e-06,-8.000000000000000167e-02
-1.783999999999999987e-06,0.000000000000000000e+00
-1.779999999999999898e-06,-4.000000000000000083e-02
-1.776000000000000021e-06,-4.000000000000000083e-02
-1.771999999999999933e-06,-4.000000000000000083e-02
-1.767999999999999844e-06,0.000000000000000000e+00
-1.763999999999999967e-06,-4.000000000000000083e-02
-1.759999999999999878e-06,-4.000000000000000083e-02
-1.756000000000000001e-06,-4.000000000000000083e-02
-1.751999999999999912e-06,-4.000000000000000083e-02
-1.747999999999999823e-06,-8.000000000000000167e-02
-1.743999999999999946e-06,-4.000000000000000083e-02
-1.739999999999999858e-06,-8.000000000000000167e-02
-1.735999999999999981e-06,-4.000000000000000083e-02
-1.731999999999999892e-06,-8.000000000000000167e-02
-1.727999999999999803e-06,-4.000000000000000083e-02
-1.723999999999999926e-06,-4.000000000000000083e-02
-1.719999999999999837e-06,0.000000000000000000e+00
-1.715999999999999960e-06,-1.199999999999999956e-01
-1.711999999999999872e-06,-8.000000000000000167e-02
-1.707999999999999995e-06,-4.000000000000000083e-02
-1.703999999999999906e-06,-1.199999999999999956e-01
-1.699999999999999817e-06,0.000000000000000000e+00
-1.695999999999999940e-06,-4.000000000000000083e-02
-1.691999999999999851e-06,-4.000000000000000083e-02
-1.687999999999999974e-06,-8.000000000000000167e-02
-1.683999999999999886e-06,-4.000000000000000083e-02
-1.680000000000000009e-06,-8.000000000000000167e-02
-1.675999999999999920e-06,-4.000000000000000083e-02
-1.671999999999999831e-06,-4.000000000000000083e-02
-1.667999999999999954e-06,0.000000000000000000e+00
-1.663999999999999865e-06,-4.000000000000000083e-02
-1.659999999999999988e-06,-4.000000000000000083e-02
-1.655999999999999900e-06,-8.000000000000000167e-02
-1.652000000000000023e-06,-8.000000000000000167e-02
-1.647999999999999934e-06,-8.000000000000000167e-02
-1.643999999999999845e-06,-4.000000000000000083e-02
-1.639999999999999968e-06,-8.000000000000000167e-02
-1.635999999999999879e-06,-4.000000000000000083e-02
-1.631999999999999791e-06,-4.000000000000000083e-02
-1.627999999999999914e-06,-4.000000000000000083e-02
-1.623999999999999825e-06,-8.000000000000000167e-02
-1.619999999999999948e-06,0.000000000000000000e+00
-1.615999999999999859e-06,-1.199999999999999956e-01
-1.611999999999999982e-06,-8.000000000000000167e-02
-1.607999999999999893e-06,-8.000000000000000167e-02
-1.603999999999999805e-06,-8.000000000000000167e-02
-1.599999999999999928e-06,-4.000000000000000083e-02
-1.595999999999999839e-06,-8.000000000000000167e-02
-1.591999999999999962e-06,-8.000000000000000167e-02
-1.587999999999999873e-06,-4.000000000000000083e-02
-1.583999999999999996e-06,-8.000000000000000167e-02
-1.579999999999999907e-06,-4.000000000000000083e-02
-1.575999999999999819e-06,-4.000000000000000083e-02
-1.571999999999999942e-06,-4.000000000000000083e-02
-1.567999999999999853e-06,-8.000000000000000167e-02
-1.563999999999999976e-06,-4.000000000000000083e-02
-1.559999999999999887e-06,0.000000000000000000e+00
-1.556000000000000010e-06,-4.000000000000000083e-02
-1.551999999999999921e-06,-4.000000000000000083e-02
-1.547999999999999833e-06,-4.000000000000000083e-02
-1.543999999999999956e-06,-4.000000000000000083e-02
-1.539999999999999867e-06,-1.199999999999999956e-01
-1.535999999999999778e-06,-4.000000000000000083e-02
-1.531999999999999901e-06,0.000000000000000000e+00
-1.528000000000000024e-06,-4.000000000000000083e-02
-1.523999999999999935e-06,-4.000000000000000083e-02
-1.519999999999999847e-06,0.000000000000000000e+00
-1.515999999999999970e-06,-8.000000000000000167e-02
-1.511999999999999881e-06,-4.000000000000000083e-02
-1.507999999999999792e-06,-4.000000000000000083e-02
-1.503999999999999915e-06,-4.000000000000000083e-02
-1.499999999999999826e-06,-1.199999999999999956e-01
-1.495999999999999949e-06,-1.199999999999999956e-01
-1.491999999999999860e-06,-8.000000000000000167e-02
-1.487999999999999983e-06,-4.000000000000000083e-02
-1.483999999999999895e-06,-4.000000000000000083e-02
-1.479999999999999806e-06,0.000000000000000000e+00
-1.475999999999999929e-06,-8.000000000000000167e-02
-1.471999999999999840e-06,-4.000000000000000083e-02
-1.467999999999999963e-06,-4.000000000000000083e-02
-1.463999999999999874e-06,-4.000000000000000083e-02
-1.459999999999999997e-06,-4.000000000000000083e-02
-1.455999999999999909e-06,-4.000000000000000083e-02
-1.451999999999999820e-06,0.000000000000000000e+00
-1.447999999999999943e-06,-4.000000000000000083e-02
-1.443999999999999854e-06,-4.000000000000000083e-02
-1.439999999999999765e-06,-1.199999999999999956e-01
-1.435999999999999888e-06,-4.000000000000000083e-02
-1.432000000000000011e-06,-4.000000000000000083e-02
-1.427999999999999923e-06,-8.000000000000000167e-02
-1.423999999999999834e-06,-8.000000000000000167e-02
-1.419999999999999957e-06,0.000000000000000000e+00
-1.415999999999999868e-06,-4.000000000000000083e-02
-1.411999999999999779e-06,-8.000000000000000167e-02
-1.407999999999999902e-06,-4.000000000000000083e-02
-1.404000000000000025e-06,-4.000000000000000083e-02
-1.399999999999999937e-06,-8.000000000000000167e-02
-1.395999999999999848e-06,-4.000000000000000083e-02
-1.391999999999999971e-06,-8.000000000000000167e-02
-1.387999999999999882e-06,0.000000000000000000e+00
-1.383999999999999793e-06,-4.000000000000000083e-02
-1.379999999999999916e-06,-4.000000000000000083e-02
-1.375999999999999828e-06,-4.000000000000000083e-02
-1.371999999999999951e-06,0.000000000000000000e+00
-1.367999999999999862e-06,-8.000000000000000167e-02
-1.363999999999999985e-06,-8.000000000000000167e-02
-1.359999999999999896e-06,-4.000000000000000083e-02
-1.355999999999999807e-06,-4.000000000000000083e-02
-1.351999999999999930e-06,-4.000000000000000083e-02
-1.347999999999999842e-06,-8.000000000000000167e-02
-1.343999999999999965e-06,-8.000000000000000167e-02
-1.339999999999999876e-06,0.000000000000000000e+00
-1.335999999999999999e-06,-4.000000000000000083e-02
-1.331999999999999910e-06,0.000000000000000000e+00
-1.327999999999999821e-06,-4.000000000000000083e-02
-1.323999999999999944e-06,-4.000000000000000083e-02
-1.319999999999999856e-06,-8.000000000000000167e-02
-1.315999999999999767e-06,0.000000000000000000e+00
-1.311999999999999890e-06,-4.000000000000000083e-02
-1.308000000000000013e-06,-8.000000000000000167e-02
-1.303999999999999924e-06,-4.000000000000000083e-02
-1.299999999999999835e-06,-8.000000000000000167e-02
-1.295999999999999958e-06,-4.000000000000000083e-02
-1.291999999999999870e-06,-8.000000000000000167e-02
-1.287999999999999781e-06,-4.000000000000000083e-02
-1.283999999999999904e-06,-4.000000000000000083e-02
-1.280000000000000027e-06,-4.000000000000000083e-02
-1.275999999999999938e-06,-4.000000000000000083e-02
-1.271999999999999849e-06,-8.000000000000000167e-02
-1.267999999999999972e-06,-4.000000000000000083e-02
-1.263999999999999884e-06,-4.000000000000000083e-02
-1.259999999999999795e-06,-8.000000000000000167e-02
-1.255999999999999918e-06,-4.000000000000000083e-02
-1.252000000000000041e-06,-4.000000000000000083e-02
-1.247999999999999740e-06,-4.000000000000000083e-02
-1.243999999999999863e-06,-8.000000000000000167e-02
-1.239999999999999986e-06,-4.000000000000000083e-02
-1.235999999999999897e-06,-8.000000000000000167e-02
-1.231999999999999809e-06,0.000000000000000000e+00
-1.227999999999999932e-06,-8.000000000000000167e-02
-1.223999999999999843e-06,-4.000000000000000083e-02
-1.219999999999999754e-06,-8.000000000000000167e-02
-1.215999999999999877e-06,-4.000000000000000083e-02
-1.212000000000000000e-06,-4.000000000000000083e-02
-1.207999999999999911e-06,-4.000000000000000083e-02
-1.203999999999999823e-06,-4.000000000000000083e-02
-1.199999999999999946e-06,-8.000000000000000167e-02
-1.195999999999999857e-06,-4.000000000000000083e-02
-1.191999999999999768e-06,-4.000000000000000083e-02
-1.187999999999999891e-06,-4.000000000000000083e-02
-1.184000000000000014e-06,-4.000000000000000083e-02
-1.179999999999999925e-06,-4.000000000000000083e-02
-1.175999999999999837e-06,-4.000000000000000083e-02
-1.171999999999999960e-06,-4.000000000000000083e-02
-1.167999999999999871e-06,-4.000000000000000083e-02
-1.163999999999999782e-06,-4.000000000000000083e-02
-1.159999999999999905e-06,-4.000000000000000083e-02
-1.156000000000000028e-06,-4.000000000000000083e-02
-1.151999999999999728e-06,-4.000000000000000083e-02
-1.147999999999999851e-06,-8.000000000000000167e-02
-1.143999999999999974e-06,-4.000000000000000083e-02
-1.139999999999999885e-06,-4.000000000000000083e-02
-1.135999999999999796e-06,-8.000000000000000167e-02
-1.131999999999999919e-06,-8.000000000000000167e-02
-1.127999999999999830e-06,-8.000000000000000167e-02
-1.123999999999999742e-06,0.000000000000000000e+00
-1.119999999999999865e-06,-8.000000000000000167e-02
-1.115999999999999988e-06,-4.000000000000000083e-02
-1.111999999999999899e-06,0.000000000000000000e+00
-1.107999999999999810e-06,0.000000000000000000e+00
-1.103999999999999933e-06,-4.000000000000000083e-02
-1.099999999999999844e-06,-8.000000000000000167e-02
-1.095999999999999756e-06,-4.000000000000000083e-02
-1.091999999999999879e-06,-4.000000000000000083e-02
-1.088000000000000002e-06,0.000000000000000000e+00
-1.083999999999999913e-06,-8.000000000000000167e-02
-1.079999999999999824e-06,-4.000000000000000083e-02
-1.075999999999999947e-06,-4.000000000000000083e-02
-1.071999999999999858e-06,-4.000000000000000083e-02
-1.067999999999999770e-06,-4.000000000000000083e-02
-1.063999999999999893e-06,-4.000000000000000083e-02
-1.060000000000000016e-06,-4.000000000000000083e-02
-1.055999999999999715e-06,-8.000000000000000167e-02
-1.051999999999999838e-06,-8.000000000000000167e-02
-1.047999999999999961e-06,-8.000000000000000167e-02
-1.043999999999999872e-06,-8.000000000000000167e-02
-1.039999999999999784e-06,-4.000000000000000083e-02
-1.035999999999999907e-06,-4.000000000000000083e-02
-1.031999999999999818e-06,-4.000000000000000083e-02
-1.027999999999999729e-06,-1.199999999999999956e-01
-1.023999999999999852e-06,-4.000000000000000083e-02
-1.019999999999999975e-06,-4.000000000000000083e-02
-1.015999999999999886e-06,-8.000000000000000167e-02
-1.011999999999999798e-06,-8.000000000000000167e-02
-1.007999999999999921e-06,-4.000000000000000083e-02
-1.003999999999999832e-06,-8.000000000000000167e-02
-9.999999999999997430e-07,-8.000000000000000167e-02
-9.959999999999998660e-07,-4.000000000000000083e-02
-9.919999999999999890e-07,-8.000000000000000167e-02
-9.879999999999999002e-07,-4.000000000000000083e-02
-9.839999999999998115e-07,-4.000000000000000083e-02
-9.799999999999999345e-07,-4.000000000000000083e-02
-9.759999999999998457e-07,0.000000000000000000e+00
-9.719999999999997570e-07,-4.000000000000000083e-02
-9.679999999999998800e-07,-4.000000000000000083e-02
-9.640000000000000030e-07,-4.000000000000000083e-02
-9.599999999999999142e-07,-8.000000000000000167e-02
-9.559999999999998254e-07,-8.000000000000000167e-02
-9.519999999999998426e-07,-4.000000000000000083e-02
-9.479999999999998597e-07,-8.000000000000000167e-02
-9.439999999999998768e-07,-4.000000000000000083e-02
-9.399999999999998939e-07,-4.000000000000000083e-02
-9.359999999999999111e-07,-4.000000000000000083e-02
-9.319999999999998223e-07,-8.000000000000000167e-02
-9.279999999999998394e-07,-4.000000000000000083e-02
-9.239999999999998565e-07,-8.000000000000000167e-02
-9.199999999999998737e-07,-4.000000000000000083e-02
-9.159999999999998908e-07,0.000000000000000000e+00
-9.119999999999999079e-07,-4.000000000000000083e-02
-9.079999999999998192e-07,-4.000000000000000083e-02
-9.039999999999998363e-07,-4.000000000000000083e-02
-8.999999999999998534e-07,-8.000000000000000167e-02
-8.959999999999998705e-07,-4.000000000000000083e-02
-8.919999999999998876e-07,-4.000000000000000083e-02
-8.879999999999999048e-07,-4.000000000000000083e-02
-8.839999999999998160e-07,-4.000000000000000083e-02
-8.799999999999998331e-07,-4.000000000000000083e-02
-8.759999999999998502e-07,0.000000000000000000e+00
-8.719999999999998674e-07,-4.000000000000000083e-02
-8.679999999999998845e-07,-4.000000000000000083e-02
-8.639999999999999016e-07,-4.000000000000000083e-02
-8.599999999999998129e-07,-4.000000000000000083e-02
-8.559999999999998300e-07,-4.000000000000000083e-02
-8.519999999999998471e-07,-8.000000000000000167e-02
-8.479999999999998642e-07,-8.000000000000000167e-02
-8.439999999999998813e-07,0.000000000000000000e+00
-8.399999999999997926e-07,-4.000000000000000083e-02
-8.359999999999999156e-07,0.000000000000000000e+00
-8.319999999999998268e-07,-4.000000000000000083e-02
-8.279999999999999498e-07,-4.000000000000000083e-02
-8.239999999999998611e-07,-4.000000000000000083e-02
-8.199999999999997723e-07,-4.000000000000000083e-02
-8.159999999999998953e-07,-1.199999999999999956e-01
-8.119999999999998066e-07,-4.000000000000000083e-02
-8.079999999999999296e-07,-4.000000000000000083e-02
-8.039999999999998408e-07,-4.000000000000000083e-02
-7.999999999999997520e-07,-4.000000000000000083e-02
-7.959999999999998750e-07,0.000000000000000000e+00
-7.919999999999997863e-07,-8.000000000000000167e-02
-7.879999999999999093e-07,-4.000000000000000083e-02
-7.839999999999998205e-07,0.000000000000000000e+00
-7.799999999999999435e-07,-8.000000000000000167e-02
-7.759999999999998548e-07,-4.000000000000000083e-02
-7.719999999999997660e-07,-4.000000000000000083e-02
-7.679999999999998890e-07,0.000000000000000000e+00
-7.639999999999998003e-07,-4.000000000000000083e-02
-7.599999999999999233e-07,-4.000000000000000083e-02
-7.559999999999998345e-07,0.000000000000000000e+00
-7.519999999999999575e-07,-8.000000000000000167e-02
-7.479999999999998687e-07,-4.000000000000000083e-02
-7.439999999999997800e-07,-4.000000000000000083e-02
-7.399999999999999030e-07,-4.000000000000000083e-02
-7.359999999999998142e-07,0.000000000000000000e+00
-7.319999999999999372e-07,-4.000000000000000083e-02
-7.279999999999998485e-07,0.000000000000000000e+00
-7.239999999999997597e-07,-4.000000000000000083e-02
-7.199999999999998827e-07,-4.000000000000000083e-02
-7.159999999999997940e-07,-4.000000000000000083e-02
-7.119999999999999170e-07,-4.000000000000000083e-02
-7.079999999999998282e-07,-4.000000000000000083e-02
-7.039999999999999512e-07,-8.000000000000000167e-02
-6.999999999999998624e-07,-8.000000000000000167e-02
-6.959999999999997737e-07,-4.000000000000000083e-02
-6.919999999999998967e-07,0.000000000000000000e+00
-6.879999999999998079e-07,-4.000000000000000083e-02
-6.839999999999999309e-07,-8.000000000000000167e-02
-6.799999999999998422e-07,-4.000000000000000083e-02
-6.759999999999997534e-07,-8.000000000000000167e-02
-6.719999999999998764e-07,0.000000000000000000e+00
-6.679999999999997877e-07,-4.000000000000000083e-02
-6.639999999999999107e-07,-4.000000000000000083e-02
-6.599999999999998219e-07,-4.000000000000000083e-02
-6.559999999999999449e-07,0.000000000000000000e+00
-6.519999999999998561e-07,-4.000000000000000083e-02
-6.479999999999997674e-07,-4.000000000000000083e-02
-6.439999999999998904e-07,0.000000000000000000e+00
-6.399999999999998016e-07,0.000000000000000000e+00
-6.359999999999999246e-07,-8.000000000000000167e-02
-6.319999999999998359e-07,-4.000000000000000083e-02
-6.279999999999997471e-07,0.000000000000000000e+00
-6.239999999999998701e-07,0.000000000000000000e+00
-6.199999999999997814e-07,-4.000000000000000083e-02
-6.159999999999999044e-07,-8.000000000000000167e-02
-6.119999999999998156e-07,-8.000000000000000167e-02
-6.079999999999999386e-07,-8.000000000000000167e-02
-6.039999999999998498e-07,-8.000000000000000167e-02
-5.999999999999997611e-07,-4.000000000000000083e-02
-5.959999999999998841e-07,-4.000000000000000083e-02
-5.919999999999997953e-07,-8.000000000000000167e-02
-5.879999999999999183e-07,-4.000000000000000083e-02
-5.839999999999998296e-07,-4.000000000000000083e-02
-5.799999999999997408e-07,4.000000000000000083e-02
-5.759999999999998638e-07,-8.000000000000000167e-02
-5.719999999999997751e-07,0.000000000000000000e+00
-5.679999999999998981e-07,-4.000000000000000083e-02
-5.639999999999998093e-07,0.000000000000000000e+00
-5.599999999999999323e-07,0.000000000000000000e+00
-5.559999999999998435e-07,-4.000000000000000083e-02
-5.519999999999997548e-07,-8.000000000000000167e-02
-5.479999999999998778e-07,0.000000000000000000e+00
-5.439999999999997890e-07,-4.000000000000000083e-02
-5.399999999999999120e-07,-4.000000000000000083e-02
-5.359999999999998233e-07,-4.000000000000000083e-02
-5.319999999999997345e-07,-4.000000000000000083e-02
-5.279999999999998575e-07,-1.199999999999999956e-01
-5.239999999999997688e-07,-4.000000000000000083e-02
-5.199999999999998918e-07,0.000000000000000000e+00
-5.159999999999998030e-07,-4.000000000000000083e-02
-5.119999999999999260e-07,-4.000000000000000083e-02
-5.079999999999998373e-07,0.000000000000000000e+00
-5.039999999999997485e-07,-4.000000000000000083e-02
-4.999999999999998715e-07,-4.000000000000000083e-02
-4.959999999999997827e-07,-4.000000000000000083e-02
-4.919999999999999057e-07,-4.000000000000000083e-02
-4.879999999999998170e-07,-4.000000000000000083e-02
-4.839999999999999400e-07,-4.000000000000000083e-02
-4.799999999999998512e-07,0.000000000000000000e+00
-4.759999999999997625e-07,-4.000000000000000083e-02
-4.719999999999998855e-07,0.000000000000000000e+00
-4.679999999999997967e-07,-4.000000000000000083e-02
-4.639999999999999197e-07,-4.000000000000000083e-02
-4.599999999999998310e-07,-4.000000000000000083e-02
-4.559999999999997422e-07,-4.000000000000000083e-02
-4.519999999999998652e-07,-4.000000000000000083e-02
-4.479999999999997764e-07,-4.000000000000000083e-02
-4.439999999999998994e-07,-4.000000000000000083e-02
-4.399999999999998107e-07,-4.000000000000000083e-02
-4.359999999999999337e-07,-4.000000000000000083e-02
-4.319999999999998449e-07,4.000000000000000083e-02
-4.279999999999997562e-07,-8.000000000000000167e-02
-4.239999999999998792e-07,0.000000000000000000e+00
-4.199999999999997904e-07,-4.000000000000000083e-02
-4.159999999999999134e-07,-4.000000000000000083e-02
-4.119999999999998247e-07,-4.000000000000000083e-02
-4.079999999999997359e-07,-4.000000000000000083e-02
-4.039999999999998589e-07,-4.000000000000000083e-02
-3.999999999999997701e-07,-4.000000000000000083e-02
-3.959999999999998931e-07,-4.000000000000000083e-02
-3.919999999999998044e-07,-4.000000000000000083e-02
-3.879999999999999274e-07,-4.000000000000000083e-02
-3.839999999999998386e-07,-8.000000000000000167e-02
-3.799999999999997499e-07,-4.000000000000000083e-02
-3.759999999999998729e-07,0.000000000000000000e+00
-3.719999999999997841e-07,-8.000000000000000167e-02
-3.679999999999999071e-07,-4.000000000000000083e-02
-3.639999999999998184e-07,-4.000000000000000083e-02
-3.599999999999997296e-07,0.000000000000000000e+00
-3.559999999999998526e-07,-8.000000000000000167e-02
-3.519999999999997638e-07,-4.000000000000000083e-02
-3.479999999999998868e-07,-4.000000000000000083e-02
-3.439999999999997981e-07,-4.000000000000000083e-02
-3.399999999999999211e-07,-8.000000000000000167e-02
-3.359999999999998323e-07,-4.000000000000000083e-02
-3.319999999999997436e-07,-8.000000000000000167e-02
-3.279999999999998666e-07,-8.000000000000000167e-02
-3.239999999999997778e-07,-4.000000000000000083e-02
-3.199999999999999008e-07,0.000000000000000000e+00
-3.159999999999998121e-07,-4.000000000000000083e-02
-3.119999999999997233e-07,-4.000000000000000083e-02
-3.079999999999998463e-07,-8.000000000000000167e-02
-3.039999999999997575e-07,-4.000000000000000083e-02
-2.999999999999998805e-07,-4.000000000000000083e-02
-2.959999999999997918e-07,-4.000000000000000083e-02
-2.919999999999999148e-07,-4.000000000000000083e-02
-2.879999999999998260e-07,-4.000000000000000083e-02
-2.839999999999997373e-07,-4.000000000000000083e-02
-2.799999999999998603e-07,0.000000000000000000e+00
-2.759999999999997715e-07,-4.000000000000000083e-02
-2.719999999999998945e-07,-4.000000000000000083e-02
-2.679999999999998058e-07,-4.000000000000000083e-02
-2.639999999999997170e-07,-4.000000000000000083e-02
-2.599999999999998400e-07,-4.000000000000000083e-02
-2.559999999999997512e-07,-4.000000000000000083e-02
-2.519999999999998742e-07,-8.000000000000000167e-02
-2.479999999999997855e-07,-4.000000000000000083e-02
-2.439999999999999085e-07,-4.000000000000000083e-02
-2.399999999999998197e-07,-8.000000000000000167e-02
-2.359999999999997310e-07,-8.000000000000000167e-02
-2.319999999999998540e-07,0.000000000000000000e+00
-2.279999999999997652e-07,-4.000000000000000083e-02
-2.239999999999998882e-07,0.000000000000000000e+00
-2.199999999999997995e-07,-4.000000000000000083e-02
-2.159999999999999225e-07,-4.000000000000000083e-02
-2.119999999999998337e-07,-1.199999999999999956e-01
-2.079999999999997449e-07,-4.000000000000000083e-02
-2.039999999999998679e-07,-4.000000000000000083e-02
-1.999999999999997792e-07,-4.000000000000000083e-02
-1.959999999999999022e-07,0.000000000000000000e+00
-1.919999999999998134e-07,-4.000000000000000083e-02
-1.879999999999997247e-07,-4.000000000000000083e-02
-1.839999999999998477e-07,0.000000000000000000e+00
-1.799999999999997589e-07,-4.000000000000000083e-02
-1.759999999999998819e-07,-4.000000000000000083e-02
-1.719999999999997932e-07,-8.000000000000000167e-02
-1.679999999999999162e-07,0.000000000000000000e+00
-1.639999999999998274e-07,0.000000000000000000e+00
-1.599999999999997386e-07,-8.000000000000000167e-02
-1.559999999999998617e-07,-4.000000000000000083e-02
-1.519999999999997729e-07,0.000000000000000000e+00
-1.479999999999998959e-07,-8.000000000000000167e-02
-1.439999999999998071e-07,-4.000000000000000083e-02
-1.399999999999997184e-07,-4.000000000000000083e-02
-1.359999999999998414e-07,-4.000000000000000083e-02
-1.319999999999997526e-07,-1.199999999999999956e-01
-1.279999999999998756e-07,-8.000000000000000167e-02
-1.239999999999997869e-07,-4.000000000000000083e-02
-1.199999999999999099e-07,-8.000000000000000167e-02
-1.159999999999998211e-07,-4.000000000000000083e-02
-1.119999999999997324e-07,0.000000000000000000e+00
-1.079999999999998554e-07,-4.000000000000000083e-02
-1.039999999999997666e-07,-4.000000000000000083e-02
-9.999999999999988960e-08,0.000000000000000000e+00
-9.599999999999980084e-08,0.000000000000000000e+00
-9.199999999999971208e-08,0.000000000000000000e+00
-8.799999999999983508e-08,-4.000000000000000083e-02
-8.399999999999974632e-08,-4.000000000000000083e-02
-7.999999999999986932e-08,4.000000000000000083e-02
-7.599999999999978057e-08,4.000000000000000083e-02
-7.199999999999990357e-08,4.000000000000000083e-02
-6.799999999999981481e-08,8.000000000000000167e-02
-6.399999999999972605e-08,8.000000000000000167e-02
-5.999999999999984905e-08,1.199999999999999956e-01
-5.599999999999976030e-08,1.600000000000000033e-01
-5.199999999999988330e-08,1.600000000000000033e-01
-4.799999999999979454e-08,2.000000000000000111e-01
-4.399999999999970578e-08,2.399999999999999911e-01
-3.999999999999982878e-08,2.800000000000000266e-01
-3.599999999999974003e-08,3.599999999999999867e-01
-3.199999999999986303e-08,4.000000000000000222e-01
-2.799999999999977427e-08,4.400000000000000022e-01
-2.399999999999989727e-08,5.200000000000000178e-01
-1.999999999999980851e-08,5.999999999999999778e-01
-1.599999999999971976e-08,7.199999999999999734e-01
-1.199999999999984276e-08,8.000000000000000444e-01
-7.999999999999753998e-09,8.800000000000000044e-01
-3.999999999999876999e-09,9.599999999999999645e-01
2.117582368135750848e-22,1.040000000000000036e+00
4.000000000000088757e-09,1.159999999999999920e+00
8.000000000000177515e-09,1.239999999999999991e+00
1.200000000000026627e-08,1.239999999999999991e+00
1.600000000000014327e-08,1.280000000000000027e+00
2.000000000000023203e-08,1.360000000000000098e+00
2.400000000000010903e-08,1.400000000000000133e+00
2.800000000000019779e-08,1.360000000000000098e+00
3.200000000000028654e-08,1.360000000000000098e+00
3.600000000000016354e-08,1.360000000000000098e+00
4.000000000000025230e-08,1.320000000000000062e+00
4.400000000000012930e-08,1.280000000000000027e+00
4.800000000000021806e-08,1.239999999999999991e+00
5.200000000000009506e-08,1.159999999999999920e+00
5.600000000000018381e-08,1.120000000000000107e+00
6.000000000000027257e-08,1.040000000000000036e+00
6.400000000000014957e-08,1.000000000000000000e+00
6.800000000000023833e-08,8.800000000000000044e-01
7.200000000000011533e-08,8.800000000000000044e-01
7.600000000000020408e-08,8.399999999999999689e-01
8.000000000000029284e-08,7.600000000000000089e-01
8.400000000000016984e-08,7.199999999999999734e-01
8.800000000000025860e-08,6.400000000000000133e-01
9.200000000000013560e-08,5.999999999999999778e-01
9.600000000000022435e-08,5.999999999999999778e-01
1.000000000000001014e-07,5.999999999999999778e-01
1.040000000000001901e-07,5.600000000000000533e-01
1.080000000000002789e-07,4.799999999999999822e-01
1.120000000000001559e-07,4.400000000000000022e-01
1.160000000000000329e-07,4.400000000000000022e-01
1.200000000000003334e-07,4.000000000000000222e-01
1.240000000000002104e-07,4.000000000000000222e-01
1.280000000000000874e-07,4.000000000000000222e-01
1.320000000000003879e-07,3.599999999999999867e-01
1.360000000000002649e-07,3.599999999999999867e-01
1.400000000000001419e-07,3.200000000000000067e-01
1.440000000000000189e-07,3.200000000000000067e-01
1.480000000000003194e-07,3.200000000000000067e-01
1.520000000000001964e-07,3.599999999999999867e-01
1.560000000000000734e-07,2.399999999999999911e-01
1.600000000000003739e-07,2.399999999999999911e-01
1.640000000000002509e-07,2.800000000000000266e-01
1.680000000000001279e-07,2.399999999999999911e-01
1.720000000000000049e-07,2.399999999999999911e-01
1.760000000000003054e-07,2.399999999999999911e-01
1.800000000000001824e-07,2.399999999999999911e-01
1.840000000000000594e-07,2.000000000000000111e-01
1.880000000000003600e-07,2.399999999999999911e-01
1.920000000000002370e-07,2.000000000000000111e-01
1.960000000000001140e-07,2.000000000000000111e-01
2.000000000000004145e-07,2.399999999999999911e-01
2.040000000000002915e-07,2.000000000000000111e-01
2.080000000000001685e-07,1.199999999999999956e-01
2.120000000000000455e-07,1.600000000000000033e-01
2.160000000000003460e-07,2.000000000000000111e-01
2.200000000000002230e-07,1.600000000000000033e-01
2.240000000000001000e-07,1.600000000000000033e-01
2.280000000000004005e-07,1.600000000000000033e-01
2.320000000000002775e-07,2.000000000000000111e-01
2.360000000000001545e-07,2.000000000000000111e-01
2.400000000000000315e-07,1.600000000000000033e-01
2.440000000000003320e-07,1.600000000000000033e-01
2.480000000000002090e-07,1.199999999999999956e-01
2.520000000000000860e-07,1.600000000000000033e-01
2.560000000000003865e-07,1.199999999999999956e-01
2.600000000000002635e-07,1.600000000000000033e-01
2.640000000000001405e-07,1.199999999999999956e-01
2.680000000000000175e-07,1.600000000000000033e-01
2.720000000000003180e-07,1.600000000000000033e-01
2.760000000000001950e-07,1.199999999999999956e-01
2.800000000000000720e-07,1.199999999999999956e-01
2.840000000000003725e-07,2.000000000000000111e-01
2.880000000000002495e-07,1.199999999999999956e-01
2.920000000000001265e-07,8.000000000000000167e-02
2.960000000000000035e-07,1.600000000000000033e-01
3.000000000000003041e-07,1.199999999999999956e-01
3.040000000000001811e-07,1.600000000000000033e-01
3.080000000000000581e-07,1.600000000000000033e-01
3.120000000000003586e-07,1.199999999999999956e-01
3.160000000000002356e-07,8.000000000000000167e-02
3.200000000000001126e-07,1.199999999999999956e-01
3.240000000000004131e-07,1.600000000000000033e-01
3.280000000000002901e-07,1.199999999999999956e-01
3.320000000000001671e-07,1.600000000000000033e-01
3.360000000000000441e-07,1.199999999999999956e-01
3.400000000000003446e-07,8.000000000000000167e-02
3.440000000000002216e-07,8.000000000000000167e-02
3.480000000000000986e-07,8.000000000000000167e-02
3.520000000000003991e-07,1.600000000000000033e-01
3.560000000000002761e-07,8.000000000000000167e-02
3.600000000000001531e-07,1.199999999999999956e-01
3.640000000000000301e-07,1.199999999999999956e-01
3.680000000000003306e-07,1.199999999999999956e-01
3.720000000000002076e-07,8.000000000000000167e-02
3.760000000000000846e-07,1.199999999999999956e-01
3.800000000000003851e-07,1.199999999999999956e-01
3.840000000000002621e-07,8.000000000000000167e-02
3.880000000000001391e-07,8.000000000000000167e-02
3.920000000000000161e-07,1.199999999999999956e-01
3.960000000000003167e-07,1.199999999999999956e-01
4.000000000000001937e-07,1.199999999999999956e-01
4.040000000000000707e-07,8.000000000000000167e-02
4.080000000000003712e-07,8.000000000000000167e-02
4.120000000000002482e-07,4.000000000000000083e-02
4.160000000000001252e-07,1.199999999999999956e-01
4.200000000000004257e-07,1.199999999999999956e-01
4.240000000000003027e-07,8.000000000000000167e-02
4.280000000000001797e-07,8.000000000000000167e-02
4.320000000000000567e-07,1.199999999999999956e-01
4.360000000000003572e-07,8.000000000000000167e-02
4.400000000000002342e-07,1.199999999999999956e-01
4.440000000000001112e-07,1.199999999999999956e-01
4.480000000000004117e-07,8.000000000000000167e-02
4.520000000000002887e-07,8.000000000000000167e-02
4.560000000000001657e-07,4.000000000000000083e-02
4.600000000000000427e-07,1.199999999999999956e-01
4.640000000000003432e-07,8.000000000000000167e-02
4.680000000000002202e-07,8.000000000000000167e-02
4.720000000000000972e-07,1.199999999999999956e-01
4.760000000000003977e-07,8.000000000000000167e-02
4.800000000000002747e-07,4.000000000000000083e-02
4.840000000000001517e-07,4.000000000000000083e-02
4.880000000000000287e-07,4.000000000000000083e-02
4.920000000000003293e-07,8.000000000000000167e-02
4.960000000000002063e-07,8.000000000000000167e-02
5.000000000000000833e-07,4.000000000000000083e-02
5.040000000000003838e-07,8.000000000000000167e-02
5.080000000000002608e-07,8.000000000000000167e-02
5.120000000000001378e-07,4.000000000000000083e-02
5.160000000000000148e-07,8.000000000000000167e-02
5.200000000000003153e-07,8.000000000000000167e-02
5.240000000000001923e-07,8.000000000000000167e-02
5.280000000000000693e-07,8.000000000000000167e-02
5.320000000000003698e-07,8.000000000000000167e-02
5.360000000000002468e-07,8.000000000000000167e-02
5.400000000000001238e-07,4.000000000000000083e-02
5.440000000000004243e-07,1.199999999999999956e-01
5.480000000000003013e-07,8.000000000000000167e-02
5.520000000000001783e-07,4.000000000000000083e-02
5.560000000000000553e-07,4.000000000000000083e-02
5.600000000000003558e-07,8.000000000000000167e-02
5.640000000000002328e-07,8.000000000000000167e-02
5.680000000000001098e-07,8.000000000000000167e-02
5.720000000000004103e-07,8.000000000000000167e-02
5.760000000000002873e-07,8.000000000000000167e-02
5.800000000000001643e-07,4.000000000000000083e-02
5.840000000000000413e-07,8.000000000000000167e-02
5.880000000000003419e-07,8.000000000000000167e-02
5.920000000000002189e-07,1.199999999999999956e-01
5.960000000000000958e-07,8.000000000000000167e-02
6.000000000000003964e-07,8.000000000000000167e-02
6.040000000000002734e-07,8.000000000000000167e-02
6.080000000000001504e-07,8.000000000000000167e-02
6.120000000000000274e-07,4.000000000000000083e-02
6.160000000000003279e-07,8.000000000000000167e-02
6.200000000000002049e-07,4.000000000000000083e-02
6.240000000000000819e-07,4.000000000000000083e-02
6.280000000000003824e-07,1.199999999999999956e-01
6.320000000000002594e-07,8.000000000000000167e-02
6.360000000000001364e-07,8.000000000000000167e-02
6.400000000000004369e-07,4.000000000000000083e-02
6.440000000000003139e-07,8.000000000000000167e-02
6.480000000000001909e-07,8.000000000000000167e-02
6.520000000000000679e-07,8.000000000000000167e-02
6.560000000000003684e-07,8.000000000000000167e-02
6.600000000000002454e-07,0.000000000000000000e+00
6.640000000000001224e-07,4.000000000000000083e-02
6.680000000000004229e-07,8.000000000000000167e-02
6.720000000000002999e-07,8.000000000000000167e-02
6.760000000000001769e-07,8.000000000000000167e-02
6.800000000000000539e-07,8.000000000000000167e-02
6.840000000000003544e-07,4.000000000000000083e-02
6.880000000000002314e-07,0.000000000000000000e+00
6.920000000000001084e-07,1.199999999999999956e-01
6.960000000000004090e-07,8.000000000000000167e-02
7.000000000000002860e-07,8.000000000000000167e-02
7.040000000000001630e-07,4.000000000000000083e-02
7.080000000000000400e-07,8.000000000000000167e-02
7.120000000000003405e-07,8.000000000000000167e-02
7.160000000000002175e-07,8.000000000000000167e-02
7.200000000000000945e-07,4.000000000000000083e-02
7.240000000000003950e-07,4.000000000000000083e-02
7.280000000000002720e-07,4.000000000000000083e-02
7.320000000000001490e-07,4.000000000000000083e-02
7.360000000000004495e-07,4.000000000000000083e-02
7.400000000000003265e-07,8.000000000000000167e-02
7.440000000000002035e-07,8.000000000000000167e-02
7.480000000000000805e-07,4.000000000000000083e-02
7.520000000000003810e-07,4.000000000000000083e-02
7.560000000000002580e-07,4.000000000000000083e-02
7.600000000000001350e-07,4.000000000000000083e-02
7.640000000000004355e-07,4.000000000000000083e-02
7.680000000000003125e-07,0.000000000000000000e+00
7.720000000000001895e-07,0.000000000000000000e+00
7.760000000000000665e-07,8.000000000000000167e-02
7.800000000000003670e-07,4.000000000000000083e-02
7.840000000000002440e-07,-4.000000000000000083e-02
7.880000000000001210e-07,4.000000000000000083e-02
7.920000000000004216e-07,8.000000000000000167e-02
7.960000000000002986e-07,4.000000000000000083e-02
8.000000000000001756e-07,4.000000000000000083e-02
8.040000000000000526e-07,4.000000000000000083e-02
8.080000000000003531e-07,4.000000000000000083e-02
8.120000000000002301e-07,8.000000000000000167e-02
8.160000000000001071e-07,4.000000000000000083e-02
8.200000000000004076e-07,8.000000000000000167e-02
8.240000000000002846e-07,4.000000000000000083e-02
8.280000000000001616e-07,4.000000000000000083e-02
8.320000000000000386e-07,0.000000000000000000e+00
8.360000000000003391e-07,8.000000000000000167e-02
8.400000000000002161e-07,4.000000000000000083e-02
8.440000000000000931e-07,4.000000000000000083e-02
8.480000000000003936e-07,4.000000000000000083e-02
8.520000000000002706e-07,0.000000000000000000e+00
8.560000000000001476e-07,4.000000000000000083e-02
8.600000000000004481e-07,4.000000000000000083e-02
8.640000000000003251e-07,4.000000000000000083e-02
8.680000000000002021e-07,4.000000000000000083e-02
8.720000000000000791e-07,4.000000000000000083e-02
8.760000000000003796e-07,4.000000000000000083e-02
8.800000000000002566e-07,-4.000000000000000083e-02
8.840000000000001336e-07,4.000000000000000083e-02
8.880000000000004342e-07,4.000000000000000083e-02
8.920000000000003112e-07,8.000000000000000167e-02
8.960000000000001882e-07,4.000000000000000083e-02
9.000000000000000652e-07,4.000000000000000083e-02
9.040000000000003657e-07,1.199999999999999956e-01
9.080000000000002427e-07,4.000000000000000083e-02
9.120000000000001197e-07,4.000000000000000083e-02
9.160000000000004202e-07,0.000000000000000000e+00
9.200000000000002972e-07,4.000000000000000083e-02
9.240000000000001742e-07,0.000000000000000000e+00
9.280000000000000512e-07,4.000000000000000083e-02
9.320000000000003517e-07,8.000000000000000167e-02
9.360000000000002287e-07,4.000000000000000083e-02
9.400000000000001057e-07,8.000000000000000167e-02
9.440000000000004062e-07,1.199999999999999956e-01
9.480000000000002832e-07,0.000000000000000000e+00
9.520000000000001602e-07,4.000000000000000083e-02
9.560000000000004607e-07,8.000000000000000167e-02
9.600000000000003377e-07,0.000000000000000000e+00
9.640000000000002147e-07,4.000000000000000083e-02
9.680000000000000917e-07,4.000000000000000083e-02
9.720000000000003922e-07,4.000000000000000083e-02
9.760000000000002692e-07,0.000000000000000000e+00
9.800000000000001462e-07,4.000000000000000083e-02
9.840000000000004468e-07,4.000000000000000083e-02
9.880000000000003238e-07,4.000000000000000083e-02
9.920000000000002007e-07,4.000000000000000083e-02
9.960000000000000777e-07,4.000000000000000083e-02
1.000000000000000378e-06,4.000000000000000083e-02
1.004000000000000255e-06,4.000000000000000083e-02
1.008000000000000132e-06,4.000000000000000083e-02
1.012000000000000433e-06,4.000000000000000083e-02
1.016000000000000310e-06,4.000000000000000083e-02
1.020000000000000187e-06,4.000000000000000083e-02
1.024000000000000064e-06,8.000000000000000167e-02
1.028000000000000364e-06,4.000000000000000083e-02
1.032000000000000241e-06,0.000000000000000000e+00
1.036000000000000118e-06,4.000000000000000083e-02
1.040000000000000419e-06,4.000000000000000083e-02
1.044000000000000296e-06,8.000000000000000167e-02
1.048000000000000173e-06,4.000000000000000083e-02
1.052000000000000050e-06,4.000000000000000083e-02
1.056000000000000350e-06,0.000000000000000000e+00
1.060000000000000227e-06,0.000000000000000000e+00
1.064000000000000104e-06,0.000000000000000000e+00
1.068000000000000405e-06,0.000000000000000000e+00
1.072000000000000282e-06,8.000000000000000167e-02
1.076000000000000159e-06,4.000000000000000083e-02
1.080000000000000459e-06,4.000000000000000083e-02
1.084000000000000336e-06,0.000000000000000000e+00
1.088000000000000213e-06,4.000000000000000083e-02
1.092000000000000090e-06,4.000000000000000083e-02
1.096000000000000391e-06,4.000000000000000083e-02
1.100000000000000268e-06,4.000000000000000083e-02
1.104000000000000145e-06,4.000000000000000083e-02
1.108000000000000445e-06,4.000000000000000083e-02
1.112000000000000322e-06,8.000000000000000167e-02
1.116000000000000199e-06,8.000000000000000167e-02
1.120000000000000076e-06,4.000000000000000083e-02
1.124000000000000377e-06,0.000000000000000000e+00
1.128000000000000254e-06,4.000000000000000083e-02
1.132000000000000131e-06,4.000000000000000083e-02
1.136000000000000431e-06,1.199999999999999956e-01
1.140000000000000308e-06,0.000000000000000000e+00
1.144000000000000185e-06,4.000000000000000083e-02
1.148000000000000062e-06,0.000000000000000000e+00
1.152000000000000363e-06,4.000000000000000083e-02
1.156000000000000240e-06,4.000000000000000083e-02
1.160000000000000117e-06,8.000000000000000167e-02
1.164000000000000417e-06,0.000000000000000000e+00
1.168000000000000294e-06,4.000000000000000083e-02
1.172000000000000171e-06,4.000000000000000083e-02
1.176000000000000472e-06,8.000000000000000167e-02
1.180000000000000349e-06,0.000000000000000000e+00
1.184000000000000226e-06,0.000000000000000000e+00
1.188000000000000103e-06,0.000000000000000000e+00
1.192000000000000403e-06,0.000000000000000000e+00
1.196000000000000280e-06,4.000000000000000083e-02
1.200000000000000157e-06,0.000000000000000000e+00
1.204000000000000458e-06,-4.000000000000000083e-02
1.208000000000000335e-06,8.000000000000000167e-02
1.212000000000000212e-06,4.000000000000000083e-02
1.216000000000000089e-06,4.000000000000000083e-02
1.220000000000000389e-06,0.000000000000000000e+00
1.224000000000000266e-06,4.000000000000000083e-02
1.228000000000000143e-06,0.000000000000000000e+00
1.232000000000000444e-06,4.000000000000000083e-02
1.236000000000000321e-06,4.000000000000000083e-02
1.240000000000000198e-06,0.000000000000000000e+00
1.244000000000000075e-06,0.000000000000000000e+00
1.248000000000000376e-06,0.000000000000000000e+00
1.252000000000000253e-06,4.000000000000000083e-02
1.256000000000000130e-06,0.000000000000000000e+00
1.260000000000000430e-06,0.000000000000000000e+00
1.264000000000000307e-06,8.000000000000000167e-02
1.268000000000000184e-06,8.000000000000000167e-02
1.272000000000000485e-06,4.000000000000000083e-02
1.276000000000000362e-06,0.000000000000000000e+00
1.280000000000000239e-06,0.000000000000000000e+00
1.284000000000000116e-06,0.000000000000000000e+00
1.288000000000000416e-06,4.000000000000000083e-02
1.292000000000000293e-06,4.000000000000000083e-02
1.296000000000000170e-06,0.000000000000000000e+00
1.300000000000000471e-06,4.000000000000000083e-02
1.304000000000000348e-06,4.000000000000000083e-02
1.308000000000000225e-06,8.000000000000000167e-02
1.312000000000000102e-06,4.000000000000000083e-02
1.316000000000000402e-06,4.000000000000000083e-02
1.320000000000000279e-06,4.000000000000000083e-02
1.324000000000000156e-06,0.000000000000000000e+00
1.328000000000000457e-06,4.000000000000000083e-02
1.332000000000000334e-06,0.000000000000000000e+00
1.336000000000000211e-06,4.000000000000000083e-02
1.340000000000000088e-06,4.000000000000000083e-02
1.344000000000000388e-06,4.000000000000000083e-02
1.348000000000000265e-06,4.000000000000000083e-02
1.352000000000000142e-06,8.000000000000000167e-02
1.356000000000000443e-06,4.000000000000000083e-02
1.360000000000000320e-06,8.000000000000000167e-02
1.364000000000000197e-06,8.000000000000000167e-02
1.368000000000000074e-06,8.000000000000000167e-02
1.372000000000000374e-06,1.199999999999999956e-01
1.376000000000000251e-06,1.199999999999999956e-01
1.380000000000000128e-06,1.199999999999999956e-01
1.384000000000000429e-06,1.199999999999999956e-01
1.388000000000000306e-06,2.000000000000000111e-01
1.392000000000000183e-06,1.600000000000000033e-01
1.396000000000000483e-06,2.399999999999999911e-01
1.400000000000000360e-06,2.399999999999999911e-01
1.404000000000000237e-06,2.000000000000000111e-01
1.408000000000000114e-06,2.399999999999999911e-01
1.412000000000000415e-06,2.000000000000000111e-01
1.416000000000000292e-06,3.200000000000000067e-01
1.420000000000000169e-06,4.000000000000000222e-01
1.424000000000000469e-06,4.000000000000000222e-01
1.428000000000000346e-06,4.799999999999999822e-01
1.432000000000000223e-06,5.200000000000000178e-01
1.436000000000000100e-06,5.200000000000000178e-01
1.440000000000000401e-06,6.800000000000000488e-01
1.444000000000000278e-06,6.400000000000000133e-01
1.448000000000000155e-06,8.000000000000000444e-01
1.452000000000000455e-06,8.000000000000000444e-01
1.456000000000000332e-06,9.599999999999999645e-01
1.460000000000000209e-06,1.040000000000000036e+00
1.464000000000000086e-06,1.120000000000000107e+00
1.468000000000000387e-06,1.199999999999999956e+00
1.472000000000000264e-06,1.239999999999999991e+00
1.476000000000000141e-06,1.320000000000000062e+00
1.480000000000000441e-06,1.400000000000000133e+00
1.484000000000000318e-06,1.400000000000000133e+00
1.488000000000000195e-06,1.520000000000000018e+00
1.492000000000000496e-06,1.520000000000000018e+00
1.496000000000000373e-06,1.560000000000000053e+00
1.500000000000000250e-06,1.600000000000000089e+00
1.504000000000000127e-06,1.560000000000000053e+00
1.508000000000000427e-06,1.600000000000000089e+00
1.512000000000000304e-06,1.520000000000000018e+00
1.516000000000000181e-06,1.520000000000000018e+00
1.520000000000000482e-06,1.520000000000000018e+00
1.524000000000000359e-06,1.439999999999999947e+00
1.528000000000000236e-06,1.400000000000000133e+00
1.532000000000000113e-06,1.360000000000000098e+00
1.536000000000000413e-06,1.320000000000000062e+00
1.540000000000000290e-06,1.280000000000000027e+00
1.544000000000000167e-06,1.199999999999999956e+00
1.548000000000000468e-06,1.159999999999999920e+00
1.552000000000000345e-06,1.040000000000000036e+00
1.556000000000000222e-06,1.040000000000000036e+00
1.560000000000000099e-06,9.599999999999999645e-01
1.564000000000000399e-06,9.200000000000000400e-01
1.568000000000000276e-06,9.200000000000000400e-01
1.572000000000000153e-06,8.800000000000000044e-01
1.576000000000000454e-06,8.000000000000000444e-01
1.580000000000000331e-06,7.600000000000000089e-01
1.584000000000000208e-06,8.000000000000000444e-01
1.588000000000000085e-06,7.199999999999999734e-01
1.592000000000000385e-06,7.199999999999999734e-01
1.596000000000000262e-06,6.400000000000000133e-01
1.600000000000000139e-06,5.999999999999999778e-01
1.604000000000000440e-06,5.999999999999999778e-01
1.608000000000000317e-06,5.999999999999999778e-01
1.612000000000000194e-06,5.600000000000000533e-01
1.616000000000000494e-06,5.200000000000000178e-01
1.620000000000000371e-06,5.200000000000000178e-01
1.624000000000000248e-06,4.799999999999999822e-01
1.628000000000000125e-06,4.799999999999999822e-01
1.632000000000000426e-06,4.799999999999999822e-01
1.636000000000000303e-06,4.400000000000000022e-01
1.640000000000000180e-06,4.000000000000000222e-01
1.644000000000000480e-06,4.000000000000000222e-01
1.648000000000000357e-06,4.400000000000000022e-01
1.652000000000000234e-06,3.599999999999999867e-01
1.656000000000000111e-06,4.000000000000000222e-01
1.660000000000000412e-06,4.000000000000000222e-01
1.664000000000000289e-06,3.599999999999999867e-01
1.668000000000000166e-06,3.200000000000000067e-01
1.672000000000000466e-06,3.200000000000000067e-01
1.676000000000000343e-06,3.599999999999999867e-01
1.680000000000000220e-06,3.599999999999999867e-01
1.684000000000000097e-06,3.599999999999999867e-01
1.688000000000000398e-06,3.599999999999999867e-01
1.692000000000000275e-06,3.599999999999999867e-01
1.696000000000000152e-06,3.200000000000000067e-01
1.700000000000000452e-06,4.000000000000000222e-01
1.704000000000000329e-06,3.200000000000000067e-01
1.708000000000000206e-06,3.200000000000000067e-01
1.712000000000000507e-06,3.599999999999999867e-01
1.716000000000000384e-06,3.200000000000000067e-01
1.720000000000000261e-06,3.200000000000000067e-01
1.724000000000000138e-06,3.200000000000000067e-01
1.728000000000000438e-06,2.399999999999999911e-01
1.732000000000000315e-06,2.399999999999999911e-01
1.736000000000000192e-06,2.800000000000000266e-01
1.740000000000000493e-06,2.399999999999999911e-01
1.744000000000000370e-06,2.800000000000000266e-01
1.748000000000000247e-06,2.800000000000000266e-01
1.752000000000000124e-06,2.800000000000000266e-01
1.756000000000000425e-06,2.800000000000000266e-01
1.760000000000000302e-06,2.800000000000000266e-01
1.764000000000000179e-06,2.399999999999999911e-01
1.768000000000000479e-06,2.399999999999999911e-01
1.772000000000000356e-06,2.399999999999999911e-01
1.776000000000000233e-06,2.399999999999999911e-01
1.780000000000000110e-06,2.800000000000000266e-01
1.784000000000000411e-06,2.399999999999999911e-01
1.788000000000000288e-06,2.399999999999999911e-01
1.792000000000000165e-06,2.399999999999999911e-01
1.796000000000000465e-06,2.800000000000000266e-01
1.800000000000000342e-06,2.800000000000000266e-01
1.804000000000000219e-06,2.800000000000000266e-01
1.808000000000000096e-06,2.800000000000000266e-01
1.812000000000000397e-06,2.399999999999999911e-01
1.816000000000000274e-06,2.399999999999999911e-01
1.820000000000000151e-06,2.399999999999999911e-01
1.824000000000000451e-06,2.000000000000000111e-01
1.828000000000000328e-06,2.399999999999999911e-01
1.832000000000000205e-06,2.000000000000000111e-01
1.836000000000000506e-06,2.399999999999999911e-01
1.840000000000000383e-06,2.399999999999999911e-01
1.844000000000000260e-06,2.000000000000000111e-01
1.848000000000000137e-06,1.600000000000000033e-01
1.852000000000000437e-06,2.000000000000000111e-01
1.856000000000000314e-06,2.399999999999999911e-01
1.860000000000000191e-06,2.000000000000000111e-01
1.864000000000000492e-06,2.399999999999999911e-01
1.868000000000000369e-06,2.000000000000000111e-01
1.872000000000000246e-06,2.399999999999999911e-01
1.876000000000000123e-06,2.000000000000000111e-01
1.880000000000000423e-06,2.000000000000000111e-01
1.884000000000000300e-06,2.399999999999999911e-01
1.888000000000000177e-06,2.399999999999999911e-01
1.892000000000000478e-06,2.000000000000000111e-01
1.896000000000000355e-06,2.000000000000000111e-01
1.900000000000000232e-06,2.399999999999999911e-01
1.904000000000000109e-06,2.399999999999999911e-01
1.908000000000000197e-06,2.000000000000000111e-01
1.912000000000000498e-06,2.399999999999999911e-01
1.915999999999999951e-06,2.399999999999999911e-01
1.920000000000000252e-06,2.000000000000000111e-01
1.924000000000000552e-06,2.000000000000000111e-01
1.928000000000000006e-06,2.399999999999999911e-01
1.932000000000000306e-06,2.399999999999999911e-01
1.936000000000000607e-06,1.600000000000000033e-01
1.940000000000000060e-06,2.000000000000000111e-01
1.944000000000000361e-06,2.000000000000000111e-01
1.948000000000000661e-06,2.000000000000000111e-01
1.952000000000000115e-06,1.600000000000000033e-01
1.956000000000000415e-06,2.000000000000000111e-01
1.960000000000000716e-06,1.600000000000000033e-01
1.964000000000000169e-06,1.600000000000000033e-01
1.968000000000000470e-06,2.000000000000000111e-01
1.971999999999999923e-06,2.000000000000000111e-01
1.976000000000000224e-06,1.600000000000000033e-01
1.980000000000000525e-06,1.600000000000000033e-01
1.983999999999999978e-06,2.000000000000000111e-01
1.988000000000000278e-06,2.000000000000000111e-01
1.992000000000000579e-06,1.600000000000000033e-01
1.996000000000000032e-06,2.000000000000000111e-01
2.000000000000000333e-06,2.000000000000000111e-01
2.004000000000000634e-06,1.600000000000000033e-01
2.008000000000000087e-06,1.600000000000000033e-01
2.012000000000000388e-06,1.600000000000000033e-01
2.016000000000000688e-06,1.600000000000000033e-01
2.020000000000000142e-06,2.000000000000000111e-01
2.024000000000000442e-06,2.000000000000000111e-01
2.028000000000000743e-06,1.600000000000000033e-01
2.032000000000000196e-06,1.600000000000000033e-01
2.036000000000000497e-06,1.600000000000000033e-01
2.040000000000000797e-06,1.600000000000000033e-01
2.044000000000000251e-06,2.000000000000000111e-01
2.048000000000000551e-06,1.199999999999999956e-01
2.052000000000000852e-06,2.000000000000000111e-01
2.056000000000000305e-06,1.600000000000000033e-01
2.060000000000000606e-06,1.600000000000000033e-01
2.064000000000000906e-06,1.600000000000000033e-01
2.068000000000000360e-06,1.600000000000000033e-01
2.072000000000000660e-06,1.600000000000000033e-01
2.076000000000000114e-06,1.600000000000000033e-01
2.080000000000000414e-06,1.600000000000000033e-01
2.084000000000000715e-06,2.000000000000000111e-01
2.088000000000000168e-06,1.600000000000000033e-01
2.092000000000000469e-06,1.600000000000000033e-01
2.096000000000000769e-06,2.000000000000000111e-01
2.100000000000000223e-06,2.399999999999999911e-01
2.104000000000000523e-06,1.600000000000000033e-01
2.108000000000000824e-06,1.600000000000000033e-01
2.112000000000000277e-06,1.199999999999999956e-01
2.116000000000000578e-06,1.199999999999999956e-01
2.120000000000000878e-06,2.000000000000000111e-01
2.124000000000000332e-06,1.600000000000000033e-01
2.128000000000000632e-06,1.600000000000000033e-01
2.132000000000000933e-06,2.000000000000000111e-01
2.136000000000000386e-06,1.600000000000000033e-01
2.140000000000000687e-06,1.199999999999999956e-01
2.144000000000000140e-06,1.600000000000000033e-01
2.148000000000000441e-06,2.000000000000000111e-01
2.152000000000000741e-06,2.000000000000000111e-01
2.156000000000000195e-06,1.600000000000000033e-01
2.160000000000000495e-06,1.600000000000000033e-01
2.164000000000000796e-06,1.199999999999999956e-01
2.168000000000000249e-06,8.000000000000000167e-02
2.172000000000000550e-06,1.600000000000000033e-01
2.176000000000000850e-06,1.600000000000000033e-01
2.180000000000000304e-06,2.000000000000000111e-01
2.184000000000000604e-06,1.199999999999999956e-01
2.188000000000000905e-06,1.600000000000000033e-01
2.192000000000000358e-06,2.000000000000000111e-01
2.196000000000000659e-06,1.600000000000000033e-01
2.200000000000000959e-06,1.600000000000000033e-01
2.204000000000000413e-06,1.199999999999999956e-01
2.208000000000000713e-06,1.199999999999999956e-01
2.212000000000000167e-06,1.600000000000000033e-01
2.216000000000000467e-06,1.600000000000000033e-01
2.220000000000000768e-06,1.199999999999999956e-01
2.224000000000000221e-06,1.199999999999999956e-01
2.228000000000000522e-06,1.600000000000000033e-01
2.232000000000000822e-06,1.199999999999999956e-01
2.236000000000000276e-06,1.199999999999999956e-01
2.240000000000000576e-06,1.600000000000000033e-01
2.244000000000000877e-06,1.199999999999999956e-01
2.248000000000000330e-06,1.600000000000000033e-01
2.252000000000000631e-06,1.600000000000000033e-01
2.256000000000000931e-06,1.199999999999999956e-01
2.260000000000000385e-06,1.600000000000000033e-01
2.264000000000000685e-06,1.600000000000000033e-01
2.268000000000000139e-06,1.199999999999999956e-01
2.272000000000000439e-06,1.600000000000000033e-01
2.276000000000000740e-06,1.600000000000000033e-01
2.280000000000000193e-06,1.600000000000000033e-01
2.284000000000000494e-06,1.199999999999999956e-01
2.288000000000000794e-06,1.199999999999999956e-01
2.292000000000000248e-06,1.600000000000000033e-01
2.296000000000000548e-06,1.600000000000000033e-01
2.300000000000000849e-06,2.000000000000000111e-01
2.304000000000000302e-06,1.199999999999999956e-01
2.308000000000000603e-06,1.199999999999999956e-01
2.312000000000000903e-06,1.600000000000000033e-01
2.316000000000000357e-06,1.199999999999999956e-01
2.320000000000000657e-06,1.600000000000000033e-01
2.324000000000000958e-06,2.000000000000000111e-01
2.328000000000000411e-06,1.600000000000000033e-01
2.332000000000000712e-06,1.600000000000000033e-01
2.336000000000000165e-06,1.199999999999999956e-01
2.340000000000000466e-06,1.600000000000000033e-01
2.344000000000000766e-06,1.199999999999999956e-01
2.348000000000000220e-06,8.000000000000000167e-02
2.352000000000000520e-06,1.199999999999999956e-01
2.356000000000000821e-06,1.600000000000000033e-01
2.360000000000000274e-06,1.600000000000000033e-01
2.364000000000000575e-06,1.199999999999999956e-01
2.368000000000000875e-06,8.000000000000000167e-02
2.372000000000000329e-06,1.199999999999999956e-01
2.376000000000000629e-06,1.199999999999999956e-01
2.380000000000000930e-06,1.199999999999999956e-01
2.384000000000000383e-06,1.600000000000000033e-01
2.388000000000000684e-06,1.199999999999999956e-01
2.392000000000000137e-06,1.600000000000000033e-01
2.396000000000000438e-06,2.000000000000000111e-01
2.400000000000000738e-06,1.600000000000000033e-01
2.404000000000000192e-06,8.000000000000000167e-02
2.408000000000000492e-06,1.199999999999999956e-01
2.412000000000000793e-06,1.199999999999999956e-01
2.416000000000000246e-06,8.000000000000000167e-02
2.420000000000000547e-06,1.199999999999999956e-01
2.424000000000000847e-06,1.199999999999999956e-01
2.428000000000000301e-06,1.199999999999999956e-01
2.432000000000000601e-06,8.000000000000000167e-02
2.436000000000000902e-06,1.199999999999999956e-01
2.440000000000000355e-06,1.600000000000000033e-01
2.444000000000000656e-06,1.199999999999999956e-01
2.448000000000000956e-06,1.199999999999999956e-01
2.452000000000000410e-06,1.600000000000000033e-01
2.456000000000000710e-06,1.199999999999999956e-01
2.460000000000000164e-06,8.000000000000000167e-02
2.464000000000000464e-06,1.199999999999999956e-01
2.468000000000000765e-06,1.199999999999999956e-01
2.472000000000000218e-06,1.600000000000000033e-01
2.476000000000000519e-06,1.199999999999999956e-01
2.480000000000000820e-06,1.199999999999999956e-01
2.484000000000000273e-06,8.000000000000000167e-02
2.488000000000000574e-06,1.600000000000000033e-01
2.492000000000000874e-06,1.199999999999999956e-01
2.496000000000000328e-06,1.199999999999999956e-01
2.500000000000000628e-06,1.199999999999999956e-01
2.504000000000000929e-06,8.000000000000000167e-02
2.508000000000000382e-06,1.199999999999999956e-01
2.512000000000000683e-06,1.199999999999999956e-01
2.516000000000000983e-06,1.199999999999999956e-01
2.520000000000000437e-06,1.199999999999999956e-01
2.524000000000000737e-06,1.199999999999999956e-01
2.528000000000000191e-06,1.600000000000000033e-01
2.532000000000000491e-06,8.000000000000000167e-02
2.536000000000000792e-06,1.199999999999999956e-01
2.540000000000000245e-06,1.600000000000000033e-01
2.544000000000000546e-06,8.000000000000000167e-02
2.548000000000000846e-06,1.199999999999999956e-01
2.552000000000000300e-06,1.199999999999999956e-01
2.556000000000000600e-06,8.000000000000000167e-02
2.560000000000000901e-06,1.199999999999999956e-01
2.564000000000000354e-06,1.199999999999999956e-01
2.568000000000000655e-06,1.199999999999999956e-01
2.572000000000000955e-06,1.199999999999999956e-01
2.576000000000000409e-06,1.199999999999999956e-01
2.580000000000000709e-06,1.199999999999999956e-01
2.584000000000000163e-06,1.199999999999999956e-01
2.588000000000000463e-06,1.199999999999999956e-01
2.592000000000000764e-06,1.199999999999999956e-01
2.596000000000000217e-06,1.199999999999999956e-01
2.600000000000000518e-06,1.199999999999999956e-01
2.604000000000000818e-06,1.199999999999999956e-01
2.608000000000000272e-06,1.199999999999999956e-01
2.612000000000000572e-06,1.199999999999999956e-01
2.616000000000000873e-06,8.000000000000000167e-02
2.620000000000000326e-06,1.600000000000000033e-01
2.624000000000000627e-06,1.199999999999999956e-01
2.628000000000000927e-06,1.600000000000000033e-01
2.632000000000000381e-06,8.000000000000000167e-02
2.636000000000000681e-06,1.199999999999999956e-01
2.640000000000000982e-06,1.199999999999999956e-01
2.644000000000000435e-06,1.199999999999999956e-01
2.648000000000000736e-06,1.199999999999999956e-01
2.652000000000000189e-06,1.199999999999999956e-01
2.656000000000000490e-06,1.199999999999999956e-01
2.660000000000000790e-06,1.199999999999999956e-01
2.664000000000000244e-06,1.199999999999999956e-01
2.668000000000000544e-06,1.600000000000000033e-01
2.672000000000000845e-06,1.199999999999999956e-01
2.676000000000000298e-06,1.199999999999999956e-01
2.680000000000000599e-06,1.600000000000000033e-01
2.684000000000000899e-06,8.000000000000000167e-02
2.688000000000000353e-06,1.199999999999999956e-01
2.692000000000000653e-06,1.199999999999999956e-01
2.696000000000000954e-06,1.199999999999999956e-01
2.700000000000000407e-06,8.000000000000000167e-02
2.704000000000000708e-06,1.199999999999999956e-01
2.708000000000000161e-06,1.199999999999999956e-01
2.712000000000000462e-06,8.000000000000000167e-02
2.716000000000000762e-06,4.000000000000000083e-02
2.720000000000000216e-06,1.600000000000000033e-01
2.724000000000000516e-06,1.199999999999999956e-01
2.728000000000000817e-06,1.199999999999999956e-01
2.732000000000000270e-06,8.000000000000000167e-02
2.736000000000000571e-06,1.199999999999999956e-01
2.740000000000000871e-06,1.600000000000000033e-01
2.744000000000000325e-06,1.199999999999999956e-01
2.748000000000000625e-06,8.000000000000000167e-02
2.752000000000000926e-06,1.199999999999999956e-01
2.756000000000000379e-06,1.199999999999999956e-01
2.760000000000000680e-06,1.199999999999999956e-01
2.764000000000000980e-06,1.199999999999999956e-01
2.768000000000000434e-06,1.600000000000000033e-01
2.772000000000000734e-06,8.000000000000000167e-02
2.776000000000000188e-06,1.199999999999999956e-01
2.780000000000000488e-06,1.600000000000000033e-01
2.784000000000000789e-06,1.199999999999999956e-01
2.788000000000000242e-06,1.199999999999999956e-01
2.792000000000000543e-06,1.600000000000000033e-01
2.796000000000000843e-06,2.000000000000000111e-01
2.800000000000000297e-06,2.399999999999999911e-01
2.804000000000000597e-06,1.600000000000000033e-01
2.808000000000000898e-06,2.000000000000000111e-01
2.812000000000000351e-06,2.000000000000000111e-01
2.816000000000000652e-06,2.000000000000000111e-01
2.820000000000000952e-06,2.399999999999999911e-01
2.824000000000000406e-06,2.000000000000000111e-01
2.828000000000000706e-06,2.000000000000000111e-01
2.832000000000000160e-06,2.399999999999999911e-01
2.836000000000000460e-06,3.200000000000000067e-01
2.840000000000000761e-06,3.200000000000000067e-01
2.844000000000000214e-06,3.200000000000000067e-01
2.848000000000000515e-06,3.599999999999999867e-01
2.852000000000000815e-06,4.000000000000000222e-01
2.856000000000000269e-06,4.000000000000000222e-01
2.860000000000000569e-06,4.400000000000000022e-01
2.864000000000000870e-06,4.799999999999999822e-01
2.868000000000000323e-06,5.200000000000000178e-01
2.872000000000000624e-06,5.600000000000000533e-01
2.876000000000000924e-06,6.400000000000000133e-01
2.880000000000000378e-06,6.400000000000000133e-01
2.884000000000000678e-06,7.199999999999999734e-01
2.888000000000000979e-06,8.000000000000000444e-01
2.892000000000000432e-06,8.399999999999999689e-01
2.896000000000000733e-06,8.800000000000000044e-01
2.900000000000000186e-06,1.040000000000000036e+00
2.904000000000000487e-06,1.040000000000000036e+00
2.908000000000000787e-06,1.080000000000000071e+00
2.912000000000000241e-06,1.199999999999999956e+00
2.916000000000000541e-06,1.199999999999999956e+00
2.920000000000000842e-06,1.320000000000000062e+00
2.924000000000000295e-06,1.360000000000000098e+00
2.928000000000000596e-06,1.400000000000000133e+00
2.932000000000000896e-06,1.439999999999999947e+00
2.936000000000000350e-06,1.520000000000000018e+00
2.940000000000000650e-06,1.560000000000000053e+00
2.944000000000000951e-06,1.600000000000000089e+00
2.948000000000000404e-06,1.600000000000000089e+00
2.952000000000000705e-06,1.560000000000000053e+00
2.956000000000001005e-06,1.640000000000000124e+00
2.960000000000000459e-06,1.560000000000000053e+00
2.964000000000000759e-06,1.640000000000000124e+00
2.968000000000000213e-06,1.560000000000000053e+00
2.972000000000000513e-06,1.600000000000000089e+00
2.976000000000000814e-06,1.520000000000000018e+00
2.980000000000000267e-06,1.520000000000000018e+00
2.984000000000000568e-06,1.520000000000000018e+00
2.988000000000000869e-06,1.479999999999999982e+00
2.992000000000000322e-06,1.400000000000000133e+00
2.996000000000000623e-06,1.360000000000000098e+00
3.000000000000000923e-06,1.320000000000000062e+00
3.004000000000000377e-06,1.280000000000000027e+00
3.008000000000000677e-06,1.239999999999999991e+00
3.012000000000000978e-06,1.159999999999999920e+00
3.016000000000000431e-06,1.159999999999999920e+00
3.020000000000000732e-06,1.080000000000000071e+00
3.024000000000000185e-06,1.080000000000000071e+00
3.028000000000000486e-06,1.000000000000000000e+00
3.032000000000000786e-06,9.599999999999999645e-01
3.036000000000000240e-06,9.599999999999999645e-01
3.040000000000000540e-06,8.800000000000000044e-01
3.044000000000000841e-06,9.200000000000000400e-01
3.048000000000000294e-06,8.000000000000000444e-01
3.052000000000000595e-06,8.000000000000000444e-01
3.056000000000000895e-06,8.399999999999999689e-01
3.060000000000000349e-06,7.600000000000000089e-01
3.064000000000000649e-06,7.600000000000000089e-01
3.068000000000000950e-06,7.600000000000000089e-01
3.072000000000000403e-06,7.199999999999999734e-01
3.076000000000000704e-06,6.800000000000000488e-01
3.080000000000001004e-06,6.800000000000000488e-01
3.084000000000000458e-06,6.800000000000000488e-01
3.088000000000000758e-06,6.400000000000000133e-01
3.092000000000000212e-06,6.400000000000000133e-01
3.096000000000000512e-06,6.400000000000000133e-01
3.100000000000000813e-06,5.999999999999999778e-01
3.104000000000000266e-06,5.999999999999999778e-01
3.108000000000000567e-06,5.999999999999999778e-01
3.112000000000000867e-06,5.600000000000000533e-01
3.116000000000000321e-06,5.600000000000000533e-01
3.120000000000000621e-06,4.799999999999999822e-01
3.124000000000000922e-06,5.600000000000000533e-01
3.128000000000000375e-06,4.799999999999999822e-01
3.132000000000000676e-06,4.799999999999999822e-01
3.136000000000000976e-06,4.799999999999999822e-01
3.140000000000000430e-06,4.799999999999999822e-01
3.144000000000000730e-06,4.799999999999999822e-01
3.148000000000000184e-06,5.200000000000000178e-01
3.152000000000000484e-06,4.400000000000000022e-01
3.156000000000000785e-06,4.400000000000000022e-01
3.160000000000000238e-06,4.000000000000000222e-01
3.164000000000000539e-06,4.400000000000000022e-01
3.168000000000000839e-06,4.400000000000000022e-01
3.172000000000000293e-06,4.400000000000000022e-01
3.176000000000000593e-06,4.799999999999999822e-01
3.180000000000000894e-06,4.400000000000000022e-01
3.184000000000000347e-06,4.000000000000000222e-01
3.188000000000000648e-06,4.000000000000000222e-01
3.192000000000000948e-06,4.400000000000000022e-01
3.196000000000000402e-06,4.400000000000000022e-01
3.200000000000000702e-06,3.599999999999999867e-01
3.204000000000001003e-06,4.000000000000000222e-01
3.208000000000000456e-06,3.599999999999999867e-01
3.212000000000000757e-06,3.599999999999999867e-01
3.216000000000000210e-06,4.000000000000000222e-01
3.220000000000000511e-06,3.599999999999999867e-01
3.224000000000000811e-06,3.599999999999999867e-01
3.228000000000000265e-06,4.000000000000000222e-01
3.232000000000000565e-06,3.599999999999999867e-01
3.236000000000000866e-06,3.599999999999999867e-01
3.240000000000000319e-06,4.000000000000000222e-01
3.244000000000000620e-06,4.000000000000000222e-01
3.248000000000000920e-06,3.599999999999999867e-01
3.252000000000000374e-06,3.200000000000000067e-01
3.256000000000000674e-06,3.200000000000000067e-01
3.260000000000000975e-06,2.800000000000000266e-01
3.264000000000000428e-06,3.599999999999999867e-01
3.268000000000000729e-06,3.599999999999999867e-01
3.272000000000001029e-06,3.599999999999999867e-01
3.276000000000000483e-06,3.200000000000000067e-01
3.280000000000000783e-06,3.599999999999999867e-01
3.284000000000000237e-06,3.599999999999999867e-01
3.288000000000000537e-06,4.000000000000000222e-01
3.292000000000000838e-06,3.200000000000000067e-01
3.296000000000000291e-06,3.200000000000000067e-01
3.300000000000000592e-06,3.200000000000000067e-01
3.304000000000000892e-06,3.200000000000000067e-01
3.308000000000000346e-06,2.800000000000000266e-01
3.312000000000000646e-06,2.800000000000000266e-01
3.316000000000000947e-06,3.599999999999999867e-01
3.320000000000000400e-06,3.599999999999999867e-01
3.324000000000000701e-06,2.800000000000000266e-01
3.328000000000001001e-06,2.800000000000000266e-01
3.332000000000000455e-06,3.599999999999999867e-01
3.336000000000000755e-06,3.200000000000000067e-01
3.340000000000000209e-06,3.200000000000000067e-01
3.344000000000000509e-06,3.200000000000000067e-01
3.348000000000000810e-06,3.200000000000000067e-01
3.352000000000000263e-06,2.800000000000000266e-01
3.356000000000000564e-06,2.800000000000000266e-01
3.360000000000000864e-06,3.200000000000000067e-01
3.364000000000000318e-06,3.599999999999999867e-01
3.368000000000000618e-06,3.599999999999999867e-01
3.372000000000000919e-06,3.200000000000000067e-01
3.376000000000000372e-06,3.200000000000000067e-01
3.380000000000000673e-06,3.200000000000000067e-01
3.384000000000000973e-06,2.800000000000000266e-01
3.388000000000000427e-06,2.800000000000000266e-01
3.392000000000000727e-06,2.399999999999999911e-01
3.396000000000001028e-06,3.200000000000000067e-01
3.400000000000000481e-06,2.800000000000000266e-01
3.404000000000000782e-06,2.800000000000000266e-01
3.408000000000000235e-06,2.800000000000000266e-01
3.412000000000000536e-06,2.800000000000000266e-01
3.416000000000000836e-06,2.800000000000000266e-01
3.420000000000000290e-06,3.200000000000000067e-01
3.424000000000000590e-06,3.200000000000000067e-01
3.428000000000000891e-06,2.800000000000000266e-01
3.432000000000000344e-06,2.800000000000000266e-01
3.436000000000000645e-06,2.800000000000000266e-01
3.440000000000000945e-06,3.200000000000000067e-01
3.444000000000000399e-06,2.399999999999999911e-01
3.448000000000000699e-06,2.800000000000000266e-01
3.452000000000001000e-06,2.800000000000000266e-01
3.456000000000000453e-06,2.399999999999999911e-01
3.460000000000000754e-06,2.800000000000000266e-01
3.464000000000000207e-06,2.800000000000000266e-01
3.468000000000000508e-06,2.399999999999999911e-01
3.472000000000000809e-06,2.800000000000000266e-01
3.476000000000000262e-06,2.800000000000000266e-01
3.480000000000000563e-06,2.800000000000000266e-01
3.484000000000000863e-06,3.200000000000000067e-01
3.488000000000000316e-06,2.800000000000000266e-01
3.492000000000000617e-06,2.800000000000000266e-01
3.496000000000000918e-06,3.200000000000000067e-01
3.500000000000000371e-06,2.399999999999999911e-01
3.504000000000000672e-06,2.800000000000000266e-01
3.508000000000000972e-06,2.800000000000000266e-01
3.512000000000000426e-06,2.800000000000000266e-01
3.516000000000000726e-06,2.800000000000000266e-01
3.520000000000001027e-06,2.800000000000000266e-01
3.524000000000000480e-06,2.399999999999999911e-01
3.528000000000000781e-06,2.800000000000000266e-01
3.532000000000000234e-06,2.399999999999999911e-01
3.536000000000000535e-06,2.800000000000000266e-01
3.540000000000000835e-06,2.399999999999999911e-01
3.544000000000000289e-06,2.800000000000000266e-01
3.548000000000000589e-06,2.800000000000000266e-01
3.552000000000000890e-06,2.800000000000000266e-01
3.556000000000000343e-06,2.399999999999999911e-01
3.560000000000000644e-06,2.800000000000000266e-01
3.564000000000000944e-06,2.399999999999999911e-01
3.568000000000000398e-06,2.800000000000000266e-01
3.572000000000000698e-06,2.399999999999999911e-01
3.576000000000000999e-06,2.800000000000000266e-01
3.580000000000000452e-06,2.000000000000000111e-01
3.584000000000000753e-06,2.800000000000000266e-01
3.588000000000000206e-06,2.800000000000000266e-01
3.592000000000000507e-06,2.399999999999999911e-01
3.596000000000000807e-06,2.399999999999999911e-01
3.600000000000000261e-06,2.399999999999999911e-01
3.604000000000000561e-06,2.800000000000000266e-01
3.608000000000000862e-06,2.000000000000000111e-01
3.612000000000000315e-06,2.399999999999999911e-01
3.616000000000000616e-06,2.800000000000000266e-01
3.620000000000000916e-06,2.399999999999999911e-01
3.624000000000000370e-06,2.399999999999999911e-01
3.628000000000000670e-06,2.399999999999999911e-01
3.632000000000000971e-06,2.000000000000000111e-01
3.636000000000000424e-06,2.399999999999999911e-01
3.640000000000000725e-06,2.800000000000000266e-01
3.644000000000001025e-06,2.399999999999999911e-01
3.648000000000000479e-06,2.000000000000000111e-01
3.652000000000000779e-06,2.000000000000000111e-01
3.656000000000000233e-06,2.000000000000000111e-01
3.660000000000000533e-06,2.399999999999999911e-01
3.664000000000000834e-06,2.399999999999999911e-01
3.668000000000000287e-06,2.000000000000000111e-01
3.672000000000000588e-06,2.399999999999999911e-01
3.676000000000000888e-06,2.399999999999999911e-01
3.680000000000000342e-06,2.399999999999999911e-01
3.684000000000000642e-06,2.800000000000000266e-01
3.688000000000000943e-06,2.000000000000000111e-01
3.692000000000000396e-06,2.399999999999999911e-01
3.696000000000000697e-06,2.399999999999999911e-01
3.700000000000000997e-06,2.000000000000000111e-01
3.704000000000000451e-06,2.399999999999999911e-01
3.708000000000000751e-06,2.000000000000000111e-01
3.712000000000001052e-06,2.399999999999999911e-01
3.716000000000000505e-06,2.399999999999999911e-01
3.720000000000000806e-06,2.000000000000000111e-01
3.724000000000000259e-06,2.000000000000000111e-01
3.728000000000000560e-06,2.399999999999999911e-01
3.732000000000000860e-06,2.399999999999999911e-01
3.736000000000000314e-06,2.399999999999999911e-01
3.740000000000000614e-06,2.399999999999999911e-01
3.744000000000000915e-06,2.000000000000000111e-01
3.748000000000000368e-06,2.399999999999999911e-01
3.752000000000000669e-06,2.000000000000000111e-01
3.756000000000000969e-06,2.000000000000000111e-01
3.760000000000000423e-06,2.000000000000000111e-01
3.764000000000000723e-06,2.000000000000000111e-01
3.768000000000001024e-06,2.000000000000000111e-01
3.772000000000000477e-06,2.399999999999999911e-01
3.776000000000000778e-06,2.800000000000000266e-01
3.780000000000000231e-06,2.000000000000000111e-01
3.784000000000000532e-06,2.399999999999999911e-01
3.788000000000000832e-06,2.000000000000000111e-01
3.792000000000000286e-06,2.000000000000000111e-01
3.796000000000000586e-06,2.399999999999999911e-01
3.800000000000000887e-06,2.399999999999999911e-01
3.804000000000000340e-06,2.000000000000000111e-01
3.808000000000000641e-06,2.399999999999999911e-01
3.812000000000000941e-06,2.000000000000000111e-01
3.816000000000000395e-06,2.399999999999999911e-01
3.820000000000000695e-06,2.000000000000000111e-01
3.824000000000000996e-06,2.000000000000000111e-01
3.828000000000000449e-06,2.000000000000000111e-01
3.832000000000000750e-06,2.000000000000000111e-01
3.836000000000001050e-06,2.000000000000000111e-01
3.840000000000000504e-06,1.600000000000000033e-01
3.844000000000000804e-06,1.600000000000000033e-01
3.848000000000000258e-06,2.399999999999999911e-01
3.852000000000000558e-06,1.600000000000000033e-01
3.856000000000000859e-06,2.000000000000000111e-01
3.860000000000000312e-06,2.399999999999999911e-01
3.864000000000000613e-06,2.399999999999999911e-01
3.868000000000000913e-06,2.000000000000000111e-01
3.872000000000000367e-06,1.600000000000000033e-01
3.876000000000000667e-06,2.000000000000000111e-01
3.880000000000000968e-06,2.399999999999999911e-01
3.884000000000000421e-06,2.399999999999999911e-01
3.888000000000000722e-06,2.399999999999999911e-01
3.892000000000001022e-06,2.000000000000000111e-01
3.896000000000000476e-06,2.000000000000000111e-01
3.900000000000000776e-06,2.000000000000000111e-01
3.904000000000000230e-06,2.000000000000000111e-01
3.908000000000000530e-06,2.000000000000000111e-01
3.912000000000000831e-06,2.000000000000000111e-01
3.916000000000000284e-06,2.399999999999999911e-01
3.920000000000000585e-06,2.000000000000000111e-01
3.924000000000000885e-06,2.000000000000000111e-01
3.928000000000000339e-06,2.000000000000000111e-01
3.932000000000000639e-06,2.000000000000000111e-01
3.936000000000000940e-06,1.600000000000000033e-01
3.940000000000000393e-06,2.000000000000000111e-01
3.944000000000000694e-06,2.399999999999999911e-01
3.948000000000000994e-06,1.600000000000000033e-01
3.952000000000000448e-06,2.000000000000000111e-01
3.956000000000000748e-06,1.600000000000000033e-01
3.960000000000001049e-06,2.000000000000000111e-01
3.964000000000000502e-06,2.000000000000000111e-01
3.968000000000000803e-06,2.000000000000000111e-01
3.972000000000000256e-06,1.600000000000000033e-01
3.976000000000000557e-06,1.600000000000000033e-01
3.980000000000000858e-06,2.399999999999999911e-01
3.984000000000000311e-06,2.000000000000000111e-01
3.988000000000000612e-06,2.000000000000000111e-01
3.992000000000000912e-06,2.000000000000000111e-01
3.996000000000000366e-06,2.000000000000000111e-01
4.000000000000000666e-06,1.600000000000000033e-01
4.004000000000000967e-06,2.000000000000000111e-01
4.008000000000000420e-06,2.000000000000000111e-01
4.012000000000000721e-06,2.000000000000000111e-01
4.016000000000001021e-06,1.600000000000000033e-01
4.020000000000000475e-06,1.600000000000000033e-01
4.024000000000000775e-06,2.000000000000000111e-01
4.028000000000001076e-06,2.000000000000000111e-01
4.032000000000000529e-06,2.000000000000000111e-01
4.036000000000000830e-06,2.399999999999999911e-01
4.040000000000000283e-06,2.399999999999999911e-01
4.044000000000000584e-06,2.000000000000000111e-01
4.048000000000000884e-06,1.199999999999999956e-01
4.052000000000000338e-06,2.000000000000000111e-01
4.056000000000000638e-06,1.600000000000000033e-01
4.060000000000000939e-06,1.600000000000000033e-01
4.064000000000000392e-06,2.000000000000000111e-01
4.068000000000000693e-06,2.000000000000000111e-01
4.072000000000000993e-06,2.000000000000000111e-01
4.076000000000000447e-06,2.399999999999999911e-01
4.080000000000000747e-06,2.399999999999999911e-01
4.084000000000001048e-06,1.600000000000000033e-01
4.088000000000000501e-06,2.000000000000000111e-01
4.092000000000000802e-06,2.000000000000000111e-01
4.096000000000000255e-06,2.000000000000000111e-01
4.100000000000000556e-06,2.000000000000000111e-01
4.104000000000000856e-06,1.600000000000000033e-01
4.108000000000000310e-06,2.000000000000000111e-01
4.112000000000000610e-06,2.399999999999999911e-01
4.116000000000000911e-06,1.600000000000000033e-01
4.120000000000000364e-06,2.000000000000000111e-01
4.124000000000000665e-06,2.399999999999999911e-01
4.128000000000000965e-06,2.000000000000000111e-01
4.132000000000000419e-06,2.399999999999999911e-01
4.136000000000000719e-06,2.399999999999999911e-01
4.140000000000001020e-06,2.000000000000000111e-01
4.144000000000000473e-06,2.000000000000000111e-01
4.148000000000000774e-06,2.000000000000000111e-01
4.152000000000001074e-06,2.399999999999999911e-01
4.156000000000000528e-06,2.399999999999999911e-01
4.160000000000000828e-06,2.399999999999999911e-01
4.164000000000000282e-06,2.800000000000000266e-01
4.168000000000000582e-06,2.800000000000000266e-01
4.172000000000000883e-06,2.800000000000000266e-01
4.176000000000000336e-06,2.800000000000000266e-01
4.180000000000000637e-06,2.800000000000000266e-01
4.184000000000000937e-06,2.399999999999999911e-01
4.188000000000000391e-06,3.200000000000000067e-01
4.192000000000000691e-06,3.200000000000000067e-01
4.196000000000000992e-06,3.200000000000000067e-01
4.200000000000000445e-06,3.200000000000000067e-01
4.204000000000000746e-06,4.000000000000000222e-01
4.208000000000001046e-06,3.599999999999999867e-01
4.212000000000000500e-06,5.200000000000000178e-01
4.216000000000000800e-06,4.799999999999999822e-01
4.220000000000000254e-06,5.600000000000000533e-01
4.224000000000000554e-06,5.600000000000000533e-01
4.228000000000000855e-06,5.999999999999999778e-01
4.232000000000000308e-06,6.800000000000000488e-01
4.236000000000000609e-06,6.800000000000000488e-01
4.240000000000000909e-06,7.600000000000000089e-01
4.244000000000000363e-06,8.800000000000000044e-01
4.248000000000000663e-06,8.800000000000000044e-01
4.252000000000000964e-06,1.000000000000000000e+00
4.256000000000000417e-06,1.080000000000000071e+00
4.260000000000000718e-06,1.199999999999999956e+00
4.264000000000001018e-06,1.280000000000000027e+00
4.268000000000000472e-06,1.360000000000000098e+00
4.272000000000000772e-06,1.439999999999999947e+00
4.276000000000001073e-06,1.520000000000000018e+00
4.280000000000000526e-06,1.640000000000000124e+00
4.284000000000000827e-06,1.760000000000000009e+00
4.288000000000000280e-06,1.800000000000000044e+00
4.292000000000000581e-06,1.959999999999999964e+00
4.296000000000000881e-06,2.000000000000000000e+00
4.300000000000000335e-06,2.040000000000000036e+00
4.304000000000000635e-06,2.120000000000000107e+00
4.308000000000000936e-06,2.240000000000000213e+00
4.312000000000000389e-06,2.240000000000000213e+00
4.316000000000000690e-06,2.280000000000000249e+00
4.320000000000000990e-06,2.280000000000000249e+00
4.324000000000000444e-06,2.280000000000000249e+00
4.328000000000000744e-06,2.319999999999999840e+00
4.332000000000001045e-06,2.280000000000000249e+00
4.336000000000000498e-06,2.280000000000000249e+00
4.340000000000000799e-06,2.200000000000000178e+00
4.344000000000001099e-06,2.200000000000000178e+00
4.348000000000000553e-06,2.120000000000000107e+00
4.352000000000000853e-06,2.080000000000000071e+00
4.356000000000000307e-06,2.040000000000000036e+00
4.360000000000000607e-06,1.919999999999999929e+00
4.364000000000000908e-06,1.880000000000000115e+00
4.368000000000000361e-06,1.800000000000000044e+00
4.372000000000000662e-06,1.800000000000000044e+00
4.376000000000000962e-06,1.719999999999999973e+00
4.380000000000000416e-06,1.719999999999999973e+00
4.384000000000000716e-06,1.640000000000000124e+00
4.388000000000001017e-06,1.560000000000000053e+00
4.392000000000000470e-06,1.479999999999999982e+00
4.396000000000000771e-06,1.400000000000000133e+00
4.400000000000001071e-06,1.400000000000000133e+00
4.404000000000000525e-06,1.400000000000000133e+00
4.408000000000000825e-06,1.360000000000000098e+00
4.412000000000000279e-06,1.239999999999999991e+00
4.416000000000000579e-06,1.239999999999999991e+00
4.420000000000000880e-06,1.159999999999999920e+00
4.424000000000000333e-06,1.199999999999999956e+00
4.428000000000000634e-06,1.080000000000000071e+00
4.432000000000000934e-06,1.080000000000000071e+00
4.436000000000000388e-06,1.040000000000000036e+00
4.440000000000000688e-06,1.000000000000000000e+00
4.444000000000000989e-06,9.599999999999999645e-01
4.448000000000000442e-06,1.000000000000000000e+00
4.452000000000000743e-06,9.599999999999999645e-01
4.456000000000001043e-06,8.800000000000000044e-01
4.460000000000000497e-06,9.200000000000000400e-01
4.464000000000000797e-06,8.399999999999999689e-01
4.468000000000001098e-06,8.399999999999999689e-01
4.472000000000000551e-06,8.399999999999999689e-01
4.476000000000000852e-06,8.399999999999999689e-01
4.480000000000000305e-06,8.399999999999999689e-01
4.484000000000000606e-06,8.000000000000000444e-01
4.488000000000000907e-06,8.000000000000000444e-01
4.492000000000000360e-06,8.000000000000000444e-01
4.496000000000000661e-06,7.600000000000000089e-01
4.500000000000000961e-06,7.199999999999999734e-01
4.504000000000000415e-06,7.199999999999999734e-01
4.508000000000000715e-06,7.600000000000000089e-01
4.512000000000001016e-06,7.199999999999999734e-01
4.516000000000000469e-06,6.800000000000000488e-01
4.520000000000000770e-06,7.199999999999999734e-01
4.524000000000001070e-06,6.800000000000000488e-01
4.528000000000000524e-06,6.800000000000000488e-01
4.532000000000000824e-06,7.199999999999999734e-01
4.536000000000000278e-06,6.800000000000000488e-01
4.540000000000000578e-06,6.800000000000000488e-01
4.544000000000000879e-06,6.800000000000000488e-01
4.548000000000000332e-06,6.800000000000000488e-01
4.552000000000000633e-06,6.400000000000000133e-01
4.556000000000000933e-06,6.400000000000000133e-01
4.560000000000000387e-06,5.999999999999999778e-01
4.564000000000000687e-06,5.999999999999999778e-01
4.568000000000000988e-06,6.400000000000000133e-01
4.572000000000000441e-06,5.999999999999999778e-01
4.576000000000000742e-06,6.400000000000000133e-01
4.580000000000001042e-06,5.600000000000000533e-01
4.584000000000000496e-06,5.999999999999999778e-01
4.588000000000000796e-06,5.600000000000000533e-01
4.592000000000001097e-06,5.999999999999999778e-01
4.596000000000000550e-06,5.600000000000000533e-01
4.600000000000000851e-06,5.600000000000000533e-01
4.604000000000000304e-06,5.600000000000000533e-01
4.608000000000000605e-06,5.999999999999999778e-01
4.612000000000000905e-06,5.600000000000000533e-01
4.616000000000000359e-06,5.600000000000000533e-01
4.620000000000000659e-06,4.799999999999999822e-01
4.624000000000000960e-06,5.200000000000000178e-01
4.628000000000000413e-06,5.600000000000000533e-01
4.632000000000000714e-06,4.799999999999999822e-01
4.636000000000001014e-06,5.200000000000000178e-01
4.640000000000000468e-06,5.200000000000000178e-01
4.644000000000000768e-06,5.600000000000000533e-01
4.648000000000001069e-06,4.799999999999999822e-01
4.652000000000000522e-06,4.799999999999999822e-01
4.656000000000000823e-06,5.600000000000000533e-01
4.660000000000000276e-06,5.200000000000000178e-01
4.664000000000000577e-06,5.200000000000000178e-01
4.668000000000000877e-06,4.799999999999999822e-01
4.672000000000000331e-06,5.200000000000000178e-01
4.676000000000000631e-06,4.799999999999999822e-01
4.680000000000000932e-06,5.200000000000000178e-01
4.684000000000000385e-06,5.200000000000000178e-01
4.688000000000000686e-06,5.200000000000000178e-01
4.692000000000000986e-06,4.400000000000000022e-01
4.696000000000000440e-06,4.799999999999999822e-01
4.700000000000000740e-06,5.200000000000000178e-01
4.704000000000001041e-06,5.200000000000000178e-01
4.708000000000000494e-06,4.799999999999999822e-01
4.712000000000000795e-06,4.400000000000000022e-01
4.716000000000001095e-06,4.799999999999999822e-01
4.720000000000000549e-06,4.400000000000000022e-01
4.724000000000000849e-06,4.799999999999999822e-01
4.728000000000000303e-06,4.400000000000000022e-01
4.732000000000000603e-06,4.400000000000000022e-01
4.736000000000000904e-06,5.200000000000000178e-01
4.740000000000000357e-06,4.799999999999999822e-01
4.744000000000000658e-06,4.400000000000000022e-01
4.748000000000000958e-06,4.799999999999999822e-01
4.752000000000000412e-06,4.799999999999999822e-01
4.756000000000000712e-06,4.400000000000000022e-01
4.760000000000001013e-06,4.799999999999999822e-01
4.764000000000000466e-06,4.799999999999999822e-01
4.768000000000000767e-06,4.400000000000000022e-01
4.772000000000001067e-06,4.799999999999999822e-01
4.776000000000000521e-06,4.400000000000000022e-01
4.780000000000000821e-06,4.799999999999999822e-01
4.784000000000001122e-06,4.799999999999999822e-01
4.788000000000000575e-06,4.400000000000000022e-01
4.792000000000000876e-06,4.400000000000000022e-01
4.796000000000000329e-06,4.000000000000000222e-01
4.800000000000000630e-06,4.400000000000000022e-01
4.804000000000000930e-06,4.000000000000000222e-01
4.808000000000000384e-06,4.400000000000000022e-01
4.812000000000000684e-06,4.400000000000000022e-01
4.816000000000000985e-06,4.799999999999999822e-01
4.820000000000000438e-06,4.400000000000000022e-01
4.824000000000000739e-06,4.400000000000000022e-01
4.828000000000001039e-06,4.400000000000000022e-01
4.832000000000000493e-06,4.400000000000000022e-01
4.836000000000000793e-06,4.000000000000000222e-01
4.840000000000001094e-06,4.000000000000000222e-01
4.844000000000000547e-06,4.000000000000000222e-01
4.848000000000000848e-06,4.400000000000000022e-01
4.852000000000000301e-06,4.400000000000000022e-01
4.856000000000000602e-06,4.000000000000000222e-01
4.860000000000000902e-06,4.400000000000000022e-01
4.864000000000000356e-06,4.400000000000000022e-01
4.868000000000000656e-06,4.400000000000000022e-01
4.872000000000000957e-06,4.400000000000000022e-01
4.876000000000000410e-06,4.000000000000000222e-01
4.880000000000000711e-06,4.000000000000000222e-01
4.884000000000001011e-06,3.599999999999999867e-01
4.888000000000000465e-06,4.400000000000000022e-01
4.892000000000000765e-06,4.400000000000000022e-01
4.896000000000001066e-06,4.400000000000000022e-01
4.900000000000000519e-06,4.000000000000000222e-01
4.904000000000000820e-06,4.400000000000000022e-01
4.908000000000001120e-06,3.599999999999999867e-01
4.912000000000000574e-06,3.599999999999999867e-01
4.916000000000000874e-06,4.400000000000000022e-01
4.920000000000000328e-06,4.000000000000000222e-01
4.924000000000000628e-06,4.400000000000000022e-01
4.928000000000000929e-06,3.599999999999999867e-01
4.932000000000000382e-06,3.599999999999999867e-01
4.936000000000000683e-06,3.599999999999999867e-01
4.940000000000000983e-06,4.000000000000000222e-01
4.944000000000000437e-06,3.599999999999999867e-01
4.948000000000000737e-06,4.000000000000000222e-01
4.952000000000001038e-06,4.000000000000000222e-01
4.956000000000000491e-06,4.000000000000000222e-01
4.960000000000000792e-06,3.599999999999999867e-01
4.964000000000001093e-06,4.000000000000000222e-01
4.968000000000000546e-06,4.000000000000000222e-01
4.972000000000000847e-06,4.000000000000000222e-01
4.976000000000000300e-06,3.599999999999999867e-01
4.980000000000000601e-06,3.599999999999999867e-01
4.984000000000000901e-06,3.599999999999999867e-01
4.988000000000000355e-06,3.599999999999999867e-01
4.992000000000000655e-06,3.599999999999999867e-01
4.996000000000000956e-06,3.599999999999999867e-01
5.000000000000000409e-06,4.000000000000000222e-01
5.004000000000000710e-06,4.400000000000000022e-01
5.008000000000001010e-06,3.599999999999999867e-01
5.012000000000000464e-06,3.599999999999999867e-01
5.016000000000000764e-06,3.599999999999999867e-01
5.020000000000001065e-06,4.000000000000000222e-01
5.024000000000000518e-06,4.000000000000000222e-01
5.028000000000000819e-06,3.200000000000000067e-01
5.032000000000001119e-06,4.000000000000000222e-01
5.036000000000000573e-06,3.599999999999999867e-01
5.040000000000000873e-06,3.200000000000000067e-01
5.044000000000000327e-06,3.599999999999999867e-01
5.048000000000000627e-06,4.000000000000000222e-01
5.052000000000000928e-06,3.599999999999999867e-01
5.056000000000000381e-06,3.599999999999999867e-01
5.060000000000000682e-06,3.200000000000000067e-01
5.064000000000000982e-06,3.599999999999999867e-01
5.068000000000000436e-06,4.000000000000000222e-01
5.072000000000000736e-06,4.000000000000000222e-01
5.076000000000001037e-06,4.000000000000000222e-01
5.080000000000000490e-06,3.599999999999999867e-01
5.084000000000000791e-06,3.599999999999999867e-01
5.088000000000001091e-06,3.599999999999999867e-01
5.092000000000000545e-06,3.200000000000000067e-01
5.096000000000000845e-06,3.599999999999999867e-01
5.100000000000001146e-06,3.599999999999999867e-01
5.104000000000000599e-06,3.200000000000000067e-01
5.108000000000000900e-06,3.599999999999999867e-01
5.112000000000000353e-06,3.599999999999999867e-01
5.116000000000000654e-06,3.200000000000000067e-01
5.120000000000000954e-06,3.200000000000000067e-01
5.124000000000000408e-06,2.800000000000000266e-01
5.128000000000000708e-06,3.599999999999999867e-01
5.132000000000001009e-06,3.200000000000000067e-01
5.136000000000000462e-06,3.200000000000000067e-01
5.140000000000000763e-06,3.200000000000000067e-01
5.144000000000001063e-06,3.599999999999999867e-01
5.148000000000000517e-06,3.200000000000000067e-01
5.152000000000000817e-06,3.200000000000000067e-01
5.156000000000001118e-06,3.200000000000000067e-01
5.160000000000000571e-06,3.200000000000000067e-01
5.164000000000000872e-06,3.200000000000000067e-01
5.168000000000000325e-06,3.200000000000000067e-01
5.172000000000000626e-06,3.200000000000000067e-01
5.176000000000000926e-06,3.200000000000000067e-01
5.180000000000000380e-06,3.200000000000000067e-01
5.184000000000000680e-06,3.200000000000000067e-01
5.188000000000000981e-06,2.800000000000000266e-01
5.192000000000000434e-06,2.800000000000000266e-01
5.196000000000000735e-06,3.599999999999999867e-01
5.200000000000001035e-06,3.200000000000000067e-01
5.204000000000000489e-06,3.599999999999999867e-01
5.208000000000000789e-06,3.200000000000000067e-01
5.212000000000001090e-06,3.599999999999999867e-01
5.216000000000000543e-06,3.200000000000000067e-01
5.220000000000000844e-06,3.200000000000000067e-01
5.224000000000001144e-06,3.599999999999999867e-01
5.228000000000000598e-06,3.200000000000000067e-01
5.232000000000000898e-06,3.200000000000000067e-01
5.236000000000000352e-06,3.200000000000000067e-01
5.240000000000000652e-06,3.200000000000000067e-01
5.244000000000000953e-06,3.599999999999999867e-01
5.248000000000000406e-06,3.599999999999999867e-01
5.252000000000000707e-06,3.200000000000000067e-01
5.256000000000001007e-06,3.200000000000000067e-01
5.260000000000000461e-06,3.200000000000000067e-01
5.264000000000000761e-06,3.200000000000000067e-01
5.268000000000001062e-06,3.599999999999999867e-01
5.272000000000000515e-06,3.200000000000000067e-01
5.276000000000000816e-06,3.200000000000000067e-01
5.280000000000001116e-06,3.200000000000000067e-01
5.284000000000000570e-06,3.200000000000000067e-01
5.288000000000000870e-06,3.200000000000000067e-01
5.292000000000000324e-06,2.800000000000000266e-01
5.296000000000000624e-06,3.200000000000000067e-01
5.300000000000000925e-06,3.599999999999999867e-01
5.304000000000000378e-06,2.800000000000000266e-01
5.308000000000000679e-06,3.200000000000000067e-01
5.312000000000000979e-06,3.200000000000000067e-01
5.316000000000000433e-06,2.800000000000000266e-01
5.320000000000000733e-06,3.200000000000000067e-01
5.324000000000001034e-06,3.200000000000000067e-01
5.328000000000000487e-06,2.800000000000000266e-01
5.332000000000000788e-06,3.200000000000000067e-01
5.336000000000001088e-06,3.200000000000000067e-01
5.340000000000000542e-06,3.200000000000000067e-01
5.344000000000000842e-06,3.200000000000000067e-01
5.348000000000001143e-06,3.200000000000000067e-01
5.352000000000000596e-06,2.800000000000000266e-01
5.356000000000000897e-06,2.800000000000000266e-01
5.360000000000000350e-06,3.200000000000000067e-01
5.364000000000000651e-06,3.200000000000000067e-01
5.368000000000000951e-06,2.800000000000000266e-01
5.372000000000000405e-06,3.200000000000000067e-01
5.376000000000000705e-06,2.800000000000000266e-01
5.380000000000001006e-06,3.200000000000000067e-01
5.384000000000000459e-06,2.800000000000000266e-01
5.388000000000000760e-06,3.200000000000000067e-01
5.392000000000001060e-06,3.200000000000000067e-01
5.396000000000000514e-06,3.200000000000000067e-01
5.400000000000000814e-06,3.200000000000000067e-01
5.404000000000001115e-06,2.800000000000000266e-01
5.408000000000000568e-06,3.200000000000000067e-01
5.412000000000000869e-06,2.399999999999999911e-01
5.416000000000000322e-06,3.200000000000000067e-01
5.420000000000000623e-06,3.599999999999999867e-01
5.424000000000000923e-06,2.800000000000000266e-01
5.428000000000000377e-06,3.200000000000000067e-01
5.432000000000000677e-06,3.200000000000000067e-01
5.436000000000000978e-06,2.800000000000000266e-01
5.440000000000000431e-06,2.800000000000000266e-01
5.444000000000000732e-06,3.599999999999999867e-01
5.448000000000001032e-06,2.800000000000000266e-01
5.452000000000000486e-06,2.800000000000000266e-01
5.456000000000000786e-06,2.800000000000000266e-01
5.460000000000001087e-06,2.800000000000000266e-01
5.464000000000000540e-06,3.200000000000000067e-01
5.468000000000000841e-06,3.200000000000000067e-01
5.472000000000001142e-06,2.800000000000000266e-01
5.476000000000000595e-06,3.200000000000000067e-01
5.480000000000000896e-06,2.800000000000000266e-01
5.484000000000000349e-06,2.800000000000000266e-01
5.488000000000000650e-06,2.800000000000000266e-01
5.492000000000000950e-06,2.800000000000000266e-01
5.496000000000000404e-06,2.800000000000000266e-01
5.500000000000000704e-06,2.800000000000000266e-01
5.504000000000001005e-06,3.200000000000000067e-01
5.508000000000000458e-06,3.200000000000000067e-01
5.512000000000000759e-06,2.800000000000000266e-01
5.516000000000001059e-06,2.800000000000000266e-01
5.520000000000000513e-06,2.800000000000000266e-01
5.524000000000000813e-06,3.200000000000000067e-01
5.528000000000001114e-06,2.800000000000000266e-01
5.532000000000000567e-06,2.800000000000000266e-01
5.536000000000000868e-06,2.800000000000000266e-01
5.540000000000001168e-06,2.800000000000000266e-01
5.544000000000000622e-06,3.200000000000000067e-01
5.548000000000000922e-06,2.800000000000000266e-01
5.552000000000000376e-06,2.800000000000000266e-01
5.556000000000000676e-06,2.399999999999999911e-01
5.560000000000000977e-06,2.800000000000000266e-01
5.564000000000000430e-06,2.399999999999999911e-01
5.568000000000000731e-06,2.800000000000000266e-01
5.572000000000001031e-06,3.200000000000000067e-01
5.576000000000000485e-06,2.800000000000000266e-01
5.580000000000000785e-06,2.399999999999999911e-01
5.584000000000001086e-06,2.800000000000000266e-01
5.588000000000000539e-06,2.800000000000000266e-01
5.592000000000000840e-06,2.800000000000000266e-01
5.596000000000001140e-06,2.800000000000000266e-01
5.600000000000000594e-06,2.800000000000000266e-01
5.604000000000000894e-06,2.399999999999999911e-01
5.608000000000000348e-06,3.200000000000000067e-01
5.612000000000000648e-06,2.399999999999999911e-01
5.616000000000000949e-06,3.200000000000000067e-01
5.620000000000000402e-06,2.800000000000000266e-01
5.624000000000000703e-06,2.800000000000000266e-01
5.628000000000001003e-06,2.800000000000000266e-01
5.632000000000000457e-06,2.000000000000000111e-01
5.636000000000000757e-06,2.000000000000000111e-01
5.640000000000001058e-06,2.800000000000000266e-01
5.644000000000000511e-06,3.599999999999999867e-01
5.648000000000000812e-06,3.200000000000000067e-01
5.652000000000001112e-06,2.399999999999999911e-01
5.656000000000000566e-06,2.800000000000000266e-01
5.660000000000000866e-06,3.200000000000000067e-01
5.664000000000001167e-06,3.200000000000000067e-01
5.668000000000000620e-06,2.399999999999999911e-01
5.672000000000000921e-06,2.800000000000000266e-01
5.676000000000000374e-06,2.800000000000000266e-01
5.680000000000000675e-06,3.200000000000000067e-01
5.684000000000000975e-06,3.200000000000000067e-01
5.688000000000000429e-06,2.399999999999999911e-01
5.692000000000000729e-06,2.800000000000000266e-01
5.696000000000001030e-06,2.800000000000000266e-01
5.700000000000000483e-06,2.399999999999999911e-01
5.704000000000000784e-06,2.399999999999999911e-01
5.708000000000001084e-06,3.200000000000000067e-01
5.712000000000000538e-06,2.800000000000000266e-01
5.716000000000000838e-06,3.200000000000000067e-01
5.720000000000001139e-06,2.800000000000000266e-01
5.724000000000000592e-06,2.800000000000000266e-01
5.728000000000000893e-06,2.000000000000000111e-01
5.732000000000000346e-06,2.399999999999999911e-01
5.736000000000000647e-06,2.800000000000000266e-01
5.740000000000000947e-06,2.800000000000000266e-01
5.744000000000000401e-06,2.399999999999999911e-01
5.748000000000000701e-06,2.399999999999999911e-01
5.752000000000001002e-06,2.399999999999999911e-01
5.756000000000000455e-06,2.399999999999999911e-01
5.760000000000000756e-06,3.200000000000000067e-01
5.764000000000001056e-06,2.800000000000000266e-01
5.768000000000000510e-06,2.800000000000000266e-01
5.772000000000000810e-06,2.399999999999999911e-01
5.776000000000001111e-06,2.800000000000000266e-01
5.780000000000000564e-06,2.800000000000000266e-01
5.784000000000000865e-06,2.800000000000000266e-01
5.788000000000001165e-06,3.200000000000000067e-01
5.792000000000000619e-06,2.399999999999999911e-01
5.796000000000000919e-06,2.800000000000000266e-01
5.800000000000000373e-06,2.800000000000000266e-01
5.804000000000000673e-06,2.800000000000000266e-01
5.808000000000000974e-06,2.399999999999999911e-01
5.812000000000000427e-06,3.200000000000000067e-01
5.816000000000000728e-06,3.200000000000000067e-01
5.820000000000001028e-06,2.800000000000000266e-01
5.824000000000000482e-06,3.200000000000000067e-01
5.828000000000000782e-06,3.200000000000000067e-01
5.832000000000001083e-06,2.399999999999999911e-01
5.836000000000001383e-06,3.200000000000000067e-01
5.839999999999999990e-06,3.200000000000000067e-01
5.844000000000000290e-06,2.800000000000000266e-01
5.848000000000000591e-06,2.399999999999999911e-01
5.852000000000000891e-06,2.800000000000000266e-01
5.856000000000001192e-06,2.800000000000000266e-01
5.860000000000001492e-06,3.200000000000000067e-01
5.864000000000000099e-06,2.800000000000000266e-01
5.868000000000000399e-06,3.200000000000000067e-01
5.872000000000000700e-06,3.200000000000000067e-01
5.876000000000001000e-06,3.200000000000000067e-01
5.880000000000001301e-06,2.800000000000000266e-01
5.884000000000001601e-06,3.200000000000000067e-01
5.888000000000000208e-06,3.599999999999999867e-01
5.892000000000000508e-06,3.200000000000000067e-01
5.896000000000000809e-06,3.599999999999999867e-01
5.900000000000001109e-06,3.599999999999999867e-01
5.904000000000001410e-06,4.000000000000000222e-01
5.908000000000000016e-06,3.599999999999999867e-01
5.912000000000000317e-06,3.599999999999999867e-01
5.916000000000000617e-06,3.599999999999999867e-01
5.920000000000000918e-06,4.000000000000000222e-01
5.924000000000001218e-06,4.400000000000000022e-01
5.928000000000001519e-06,4.799999999999999822e-01
5.932000000000000125e-06,4.400000000000000022e-01
5.936000000000000426e-06,4.400000000000000022e-01
5.940000000000000726e-06,4.400000000000000022e-01
5.944000000000001027e-06,5.200000000000000178e-01
5.948000000000001327e-06,5.600000000000000533e-01
5.951999999999999934e-06,5.999999999999999778e-01
5.956000000000000234e-06,5.999999999999999778e-01
5.960000000000000535e-06,6.400000000000000133e-01
5.964000000000000835e-06,6.400000000000000133e-01
5.968000000000001136e-06,6.800000000000000488e-01
5.972000000000001437e-06,7.199999999999999734e-01
5.976000000000000043e-06,8.000000000000000444e-01
5.980000000000000343e-06,8.399999999999999689e-01
5.984000000000000644e-06,8.800000000000000044e-01
5.988000000000000945e-06,9.599999999999999645e-01
5.992000000000001245e-06,1.000000000000000000e+00
5.996000000000001546e-06,1.080000000000000071e+00
6.000000000000000152e-06,1.159999999999999920e+00
6.004000000000000453e-06,1.199999999999999956e+00
6.008000000000000753e-06,1.239999999999999991e+00
6.012000000000001054e-06,1.280000000000000027e+00
6.016000000000001354e-06,1.400000000000000133e+00
6.019999999999999961e-06,1.439999999999999947e+00
6.024000000000000261e-06,1.479999999999999982e+00
6.028000000000000562e-06,1.520000000000000018e+00
6.032000000000000862e-06,1.640000000000000124e+00
6.036000000000001163e-06,1.679999999999999938e+00
6.040000000000001463e-06,1.679999999999999938e+00
6.044000000000000070e-06,1.760000000000000009e+00
6.048000000000000370e-06,1.800000000000000044e+00
6.052000000000000671e-06,1.840000000000000080e+00
6.056000000000000971e-06,1.800000000000000044e+00
6.060000000000001272e-06,1.880000000000000115e+00
6.064000000000001572e-06,1.840000000000000080e+00
6.068000000000000179e-06,1.880000000000000115e+00
6.072000000000000479e-06,1.880000000000000115e+00
6.076000000000000780e-06,1.880000000000000115e+00
6.080000000000001080e-06,1.840000000000000080e+00
6.084000000000001381e-06,1.760000000000000009e+00
6.087999999999999987e-06,1.840000000000000080e+00
6.092000000000000288e-06,1.800000000000000044e+00
6.096000000000000588e-06,1.800000000000000044e+00
6.100000000000000889e-06,1.679999999999999938e+00
6.104000000000001189e-06,1.679999999999999938e+00
6.108000000000001490e-06,1.640000000000000124e+00
6.112000000000000096e-06,1.640000000000000124e+00
6.116000000000000397e-06,1.560000000000000053e+00
6.120000000000000697e-06,1.520000000000000018e+00
6.124000000000000998e-06,1.520000000000000018e+00
6.128000000000001298e-06,1.479999999999999982e+00
6.132000000000001599e-06,1.439999999999999947e+00
6.136000000000000205e-06,1.400000000000000133e+00
6.140000000000000506e-06,1.360000000000000098e+00
6.144000000000000806e-06,1.320000000000000062e+00
6.148000000000001107e-06,1.320000000000000062e+00
6.152000000000001407e-06,1.239999999999999991e+00
6.156000000000000014e-06,1.239999999999999991e+00
6.160000000000000314e-06,1.159999999999999920e+00
6.164000000000000615e-06,1.159999999999999920e+00
6.168000000000000915e-06,1.159999999999999920e+00
6.172000000000001216e-06,1.080000000000000071e+00
6.176000000000001516e-06,1.080000000000000071e+00
6.180000000000000123e-06,1.000000000000000000e+00
6.184000000000000423e-06,1.040000000000000036e+00
6.188000000000000724e-06,1.000000000000000000e+00
6.192000000000001024e-06,1.000000000000000000e+00
6.196000000000001325e-06,9.599999999999999645e-01
6.200000000000001625e-06,9.599999999999999645e-01
6.204000000000000232e-06,9.200000000000000400e-01
6.208000000000000532e-06,8.800000000000000044e-01
6.212000000000000833e-06,8.800000000000000044e-01
6.216000000000001133e-06,8.399999999999999689e-01
6.220000000000001434e-06,8.399999999999999689e-01
6.224000000000000040e-06,8.399999999999999689e-01
6.228000000000000341e-06,8.399999999999999689e-01
6.232000000000000641e-06,8.000000000000000444e-01
6.236000000000000942e-06,8.000000000000000444e-01
6.240000000000001242e-06,7.600000000000000089e-01
6.244000000000001543e-06,7.600000000000000089e-01
6.248000000000000149e-06,7.600000000000000089e-01
6.252000000000000450e-06,8.000000000000000444e-01
6.256000000000000750e-06,7.600000000000000089e-01
6.260000000000001051e-06,8.000000000000000444e-01
6.264000000000001351e-06,6.800000000000000488e-01
6.267999999999999958e-06,7.199999999999999734e-01
6.272000000000000258e-06,7.199999999999999734e-01
6.276000000000000559e-06,7.199999999999999734e-01
6.280000000000000859e-06,6.800000000000000488e-01
6.284000000000001160e-06,7.199999999999999734e-01
6.288000000000001460e-06,6.800000000000000488e-01
6.292000000000000067e-06,6.800000000000000488e-01
6.296000000000000367e-06,6.800000000000000488e-01
6.300000000000000668e-06,6.800000000000000488e-01
6.304000000000000968e-06,5.999999999999999778e-01
6.308000000000001269e-06,6.800000000000000488e-01
6.312000000000001569e-06,6.400000000000000133e-01
6.316000000000000176e-06,6.400000000000000133e-01
6.320000000000000476e-06,6.800000000000000488e-01
6.324000000000000777e-06,6.400000000000000133e-01
6.328000000000001077e-06,5.999999999999999778e-01
6.332000000000001378e-06,5.999999999999999778e-01
6.335999999999999984e-06,5.999999999999999778e-01
6.340000000000000285e-06,6.400000000000000133e-01
6.344000000000000585e-06,5.999999999999999778e-01
6.348000000000000886e-06,5.999999999999999778e-01
6.352000000000001186e-06,5.600000000000000533e-01
6.356000000000001487e-06,5.999999999999999778e-01
6.360000000000000093e-06,5.999999999999999778e-01
6.364000000000000394e-06,5.999999999999999778e-01
6.368000000000000694e-06,5.600000000000000533e-01
6.372000000000000995e-06,5.999999999999999778e-01
6.376000000000001295e-06,5.200000000000000178e-01
6.380000000000001596e-06,5.999999999999999778e-01
6.384000000000000202e-06,5.999999999999999778e-01
6.388000000000000503e-06,5.600000000000000533e-01
6.392000000000000803e-06,5.600000000000000533e-01
6.396000000000001104e-06,5.200000000000000178e-01
6.400000000000001404e-06,5.600000000000000533e-01
6.404000000000000011e-06,5.600000000000000533e-01
6.408000000000000311e-06,5.200000000000000178e-01
6.412000000000000612e-06,5.600000000000000533e-01
6.416000000000000912e-06,5.600000000000000533e-01
6.420000000000001213e-06,5.600000000000000533e-01
6.424000000000001513e-06,5.200000000000000178e-01
6.428000000000000120e-06,5.200000000000000178e-01
6.432000000000000420e-06,5.200000000000000178e-01
6.436000000000000721e-06,5.600000000000000533e-01
6.440000000000001021e-06,4.799999999999999822e-01
6.444000000000001322e-06,5.200000000000000178e-01
6.448000000000001623e-06,5.200000000000000178e-01
6.452000000000000229e-06,5.600000000000000533e-01
6.456000000000000529e-06,5.200000000000000178e-01
6.460000000000000830e-06,4.799999999999999822e-01
6.464000000000001131e-06,5.200000000000000178e-01
6.468000000000001431e-06,5.200000000000000178e-01
6.472000000000000037e-06,5.200000000000000178e-01
6.476000000000000338e-06,5.200000000000000178e-01
6.480000000000000639e-06,4.799999999999999822e-01
6.484000000000000939e-06,5.200000000000000178e-01
6.488000000000001240e-06,4.799999999999999822e-01
6.492000000000001540e-06,4.400000000000000022e-01
6.496000000000000147e-06,4.799999999999999822e-01
6.500000000000000447e-06,5.200000000000000178e-01
6.504000000000000748e-06,5.200000000000000178e-01
6.508000000000001048e-06,5.200000000000000178e-01
6.512000000000001349e-06,4.799999999999999822e-01
6.516000000000001649e-06,4.400000000000000022e-01
6.520000000000000256e-06,4.799999999999999822e-01
6.524000000000000556e-06,4.400000000000000022e-01
6.528000000000000857e-06,4.799999999999999822e-01
6.532000000000001157e-06,5.200000000000000178e-01
6.536000000000001458e-06,4.799999999999999822e-01
6.540000000000000064e-06,4.799999999999999822e-01
6.544000000000000365e-06,5.200000000000000178e-01
6.548000000000000665e-06,4.799999999999999822e-01
6.552000000000000966e-06,4.799999999999999822e-01
6.556000000000001266e-06,4.799999999999999822e-01
6.560000000000001567e-06,4.799999999999999822e-01
6.564000000000000173e-06,4.799999999999999822e-01
6.568000000000000474e-06,4.400000000000000022e-01
6.572000000000000774e-06,4.400000000000000022e-01
6.576000000000001075e-06,4.000000000000000222e-01
6.580000000000001375e-06,4.799999999999999822e-01
6.583999999999999982e-06,4.799999999999999822e-01
6.588000000000000282e-06,5.200000000000000178e-01
6.592000000000000583e-06,4.400000000000000022e-01
6.596000000000000883e-06,4.799999999999999822e-01
6.600000000000001184e-06,4.799999999999999822e-01
6.604000000000001484e-06,4.799999999999999822e-01
6.608000000000000091e-06,4.799999999999999822e-01
6.612000000000000391e-06,4.400000000000000022e-01
6.616000000000000692e-06,4.400000000000000022e-01
6.620000000000000992e-06,5.200000000000000178e-01
6.624000000000001293e-06,4.400000000000000022e-01
6.628000000000001593e-06,4.799999999999999822e-01
6.632000000000000200e-06,4.799999999999999822e-01
6.636000000000000500e-06,4.400000000000000022e-01
6.640000000000000801e-06,4.000000000000000222e-01
6.644000000000001101e-06,4.400000000000000022e-01
6.648000000000001402e-06,4.400000000000000022e-01
6.652000000000000008e-06,4.000000000000000222e-01
6.656000000000000309e-06,4.400000000000000022e-01
6.660000000000000609e-06,4.400000000000000022e-01
6.664000000000000910e-06,4.400000000000000022e-01
6.668000000000001210e-06,4.400000000000000022e-01
6.672000000000001511e-06,4.000000000000000222e-01
6.676000000000000117e-06,4.000000000000000222e-01
6.680000000000000418e-06,4.400000000000000022e-01
6.684000000000000718e-06,4.000000000000000222e-01
6.688000000000001019e-06,4.000000000000000222e-01
6.692000000000001319e-06,4.400000000000000022e-01
6.696000000000001620e-06,4.400000000000000022e-01
6.700000000000000226e-06,3.599999999999999867e-01
6.704000000000000527e-06,4.000000000000000222e-01
6.708000000000000827e-06,4.400000000000000022e-01
6.712000000000001128e-06,4.000000000000000222e-01
6.716000000000001428e-06,4.400000000000000022e-01
6.720000000000000035e-06,4.400000000000000022e-01
6.724000000000000335e-06,4.400000000000000022e-01
6.728000000000000636e-06,4.400000000000000022e-01
6.732000000000000936e-06,4.000000000000000222e-01
6.736000000000001237e-06,4.400000000000000022e-01
6.740000000000001537e-06,4.400000000000000022e-01
6.744000000000000144e-06,4.000000000000000222e-01
6.748000000000000444e-06,4.000000000000000222e-01
6.752000000000000745e-06,4.400000000000000022e-01
6.756000000000001045e-06,4.400000000000000022e-01
6.760000000000001346e-06,4.400000000000000022e-01
6.764000000000001646e-06,4.000000000000000222e-01
6.768000000000000253e-06,4.000000000000000222e-01
6.772000000000000553e-06,4.400000000000000022e-01
6.776000000000000854e-06,4.000000000000000222e-01
6.780000000000001154e-06,4.000000000000000222e-01
6.784000000000001455e-06,4.400000000000000022e-01
6.788000000000000061e-06,4.400000000000000022e-01
6.792000000000000362e-06,4.400000000000000022e-01
6.796000000000000662e-06,4.400000000000000022e-01
6.800000000000000963e-06,4.000000000000000222e-01
6.804000000000001263e-06,4.400000000000000022e-01
6.808000000000001564e-06,4.400000000000000022e-01
6.812000000000000170e-06,4.400000000000000022e-01
6.816000000000000471e-06,3.599999999999999867e-01
6.820000000000000771e-06,4.000000000000000222e-01
6.824000000000001072e-06,4.000000000000000222e-01
6.828000000000001372e-06,4.400000000000000022e-01
6.832000000000001673e-06,4.400000000000000022e-01
6.836000000000000279e-06,4.000000000000000222e-01
6.840000000000000580e-06,3.599999999999999867e-01
6.844000000000000880e-06,4.000000000000000222e-01
6.848000000000001181e-06,4.000000000000000222e-01
6.852000000000001481e-06,4.000000000000000222e-01
6.856000000000000088e-06,4.000000000000000222e-01
6.860000000000000388e-06,4.000000000000000222e-01
6.864000000000000689e-06,3.599999999999999867e-01
6.868000000000000989e-06,4.000000000000000222e-01
6.872000000000001290e-06,4.400000000000000022e-01
6.876000000000001590e-06,3.599999999999999867e-01
6.880000000000000197e-06,4.000000000000000222e-01
6.884000000000000497e-06,3.599999999999999867e-01
6.888000000000000798e-06,3.599999999999999867e-01
6.892000000000001098e-06,3.599999999999999867e-01
6.896000000000001399e-06,4.000000000000000222e-01
6.900000000000000005e-06,3.599999999999999867e-01
6.904000000000000306e-06,4.000000000000000222e-01
6.908000000000000606e-06,4.000000000000000222e-01
6.912000000000000907e-06,4.000000000000000222e-01
6.916000000000001207e-06,3.599999999999999867e-01
6.920000000000001508e-06,4.000000000000000222e-01
6.924000000000000114e-06,4.400000000000000022e-01
6.928000000000000415e-06,3.599999999999999867e-01
6.932000000000000715e-06,4.000000000000000222e-01
6.936000000000001016e-06,3.200000000000000067e-01
6.940000000000001316e-06,4.000000000000000222e-01
6.944000000000001617e-06,3.599999999999999867e-01
6.948000000000000223e-06,4.000000000000000222e-01
6.952000000000000524e-06,4.000000000000000222e-01
6.956000000000000824e-06,3.599999999999999867e-01
6.960000000000001125e-06,4.000000000000000222e-01
6.964000000000001426e-06,3.599999999999999867e-01
6.968000000000000032e-06,3.599999999999999867e-01
6.972000000000000332e-06,3.599999999999999867e-01
6.976000000000000633e-06,3.599999999999999867e-01
6.980000000000000934e-06,4.000000000000000222e-01
6.984000000000001234e-06,4.000000000000000222e-01
6.988000000000001535e-06,3.599999999999999867e-01
6.992000000000000141e-06,4.000000000000000222e-01
6.996000000000000442e-06,3.599999999999999867e-01
7.000000000000000742e-06,4.000000000000000222e-01
7.004000000000001043e-06,3.599999999999999867e-01
7.008000000000001343e-06,3.599999999999999867e-01
7.012000000000001644e-06,4.000000000000000222e-01
7.016000000000000250e-06,4.000000000000000222e-01
7.020000000000000551e-06,3.599999999999999867e-01
7.024000000000000851e-06,3.599999999999999867e-01
7.028000000000001152e-06,4.400000000000000022e-01
7.032000000000001452e-06,4.000000000000000222e-01
7.036000000000000059e-06,3.599999999999999867e-01
7.040000000000000359e-06,3.599999999999999867e-01
7.044000000000000660e-06,4.000000000000000222e-01
7.048000000000000960e-06,4.000000000000000222e-01
7.052000000000001261e-06,4.000000000000000222e-01
7.056000000000001561e-06,4.000000000000000222e-01
7.060000000000000168e-06,4.000000000000000222e-01
7.064000000000000468e-06,4.000000000000000222e-01
7.068000000000000769e-06,3.599999999999999867e-01
7.072000000000001069e-06,3.599999999999999867e-01
7.076000000000001370e-06,4.000000000000000222e-01
7.080000000000001670e-06,4.000000000000000222e-01
7.084000000000000277e-06,4.000000000000000222e-01
7.088000000000000577e-06,4.000000000000000222e-01
7.092000000000000878e-06,4.000000000000000222e-01
7.096000000000001178e-06,3.599999999999999867e-01
7.100000000000001479e-06,4.000000000000000222e-01
7.104000000000000085e-06,3.599999999999999867e-01
7.108000000000000386e-06,3.599999999999999867e-01
7.112000000000000686e-06,3.599999999999999867e-01
7.116000000000000987e-06,4.000000000000000222e-01
7.120000000000001287e-06,3.599999999999999867e-01
7.124000000000001588e-06,3.599999999999999867e-01
7.128000000000000194e-06,3.599999999999999867e-01
7.132000000000000495e-06,4.000000000000000222e-01
7.136000000000000795e-06,4.000000000000000222e-01
7.140000000000001096e-06,4.000000000000000222e-01
7.144000000000001396e-06,3.599999999999999867e-01
7.148000000000001697e-06,4.000000000000000222e-01
7.152000000000000303e-06,4.400000000000000022e-01
7.156000000000000604e-06,4.000000000000000222e-01
7.160000000000000904e-06,4.400000000000000022e-01
7.164000000000001205e-06,4.000000000000000222e-01
7.168000000000001505e-06,4.400000000000000022e-01
7.172000000000000112e-06,4.400000000000000022e-01
7.176000000000000412e-06,4.400000000000000022e-01
7.180000000000000713e-06,4.400000000000000022e-01
7.184000000000001013e-06,4.799999999999999822e-01
7.188000000000001314e-06,4.000000000000000222e-01
7.192000000000001614e-06,4.400000000000000022e-01
7.196000000000000221e-06,4.799999999999999822e-01
7.200000000000000521e-06,4.799999999999999822e-01
7.204000000000000822e-06,5.200000000000000178e-01
7.208000000000001122e-06,4.799999999999999822e-01
7.212000000000001423e-06,4.799999999999999822e-01
7.216000000000000029e-06,4.400000000000000022e-01
7.220000000000000330e-06,5.200000000000000178e-01
7.224000000000000630e-06,5.200000000000000178e-01
7.228000000000000931e-06,5.600000000000000533e-01
7.232000000000001231e-06,5.200000000000000178e-01
7.236000000000001532e-06,5.600000000000000533e-01
7.240000000000000138e-06,5.999999999999999778e-01
7.244000000000000439e-06,5.600000000000000533e-01
7.248000000000000739e-06,6.400000000000000133e-01
7.252000000000001040e-06,6.800000000000000488e-01
7.256000000000001340e-06,6.400000000000000133e-01
7.260000000000001641e-06,6.400000000000000133e-01
7.264000000000000247e-06,6.400000000000000133e-01
7.268000000000000548e-06,6.400000000000000133e-01
7.272000000000000848e-06,6.400000000000000133e-01
7.276000000000001149e-06,6.800000000000000488e-01
7.280000000000001449e-06,7.199999999999999734e-01
7.284000000000000056e-06,7.600000000000000089e-01
7.288000000000000356e-06,7.600000000000000089e-01
7.292000000000000657e-06,8.000000000000000444e-01
7.296000000000000957e-06,8.000000000000000444e-01
7.300000000000001258e-06,8.399999999999999689e-01
7.304000000000001558e-06,8.399999999999999689e-01
7.308000000000000165e-06,8.800000000000000044e-01
7.312000000000000465e-06,9.200000000000000400e-01
7.316000000000000766e-06,9.200000000000000400e-01
7.320000000000001066e-06,9.200000000000000400e-01
7.324000000000001367e-06,1.040000000000000036e+00
7.328000000000001667e-06,1.040000000000000036e+00
7.332000000000000274e-06,1.000000000000000000e+00
7.336000000000000574e-06,1.040000000000000036e+00
7.340000000000000875e-06,1.120000000000000107e+00
7.344000000000001175e-06,1.080000000000000071e+00
7.348000000000001476e-06,1.120000000000000107e+00
7.352000000000000082e-06,1.120000000000000107e+00
7.356000000000000383e-06,1.199999999999999956e+00
7.360000000000000683e-06,1.199999999999999956e+00
7.364000000000000984e-06,1.199999999999999956e+00
7.368000000000001284e-06,1.239999999999999991e+00
7.372000000000001585e-06,1.280000000000000027e+00
7.376000000000000191e-06,1.280000000000000027e+00
7.380000000000000492e-06,1.360000000000000098e+00
7.384000000000000792e-06,1.239999999999999991e+00
7.388000000000001093e-06,1.320000000000000062e+00
7.392000000000001393e-06,1.320000000000000062e+00
7.396000000000001694e-06,1.360000000000000098e+00
7.400000000000000300e-06,1.360000000000000098e+00
7.404000000000000601e-06,1.360000000000000098e+00
7.408000000000000901e-06,1.360000000000000098e+00
7.412000000000001202e-06,1.400000000000000133e+00
7.416000000000001502e-06,1.320000000000000062e+00
7.420000000000000109e-06,1.320000000000000062e+00
7.424000000000000409e-06,1.360000000000000098e+00
7.428000000000000710e-06,1.360000000000000098e+00
7.432000000000001010e-06,1.360000000000000098e+00
7.436000000000001311e-06,1.360000000000000098e+00
7.440000000000001612e-06,1.320000000000000062e+00
7.444000000000000218e-06,1.360000000000000098e+00
7.448000000000000518e-06,1.360000000000000098e+00
7.452000000000000819e-06,1.280000000000000027e+00
7.456000000000001119e-06,1.280000000000000027e+00
7.460000000000001420e-06,1.320000000000000062e+00
7.464000000000000026e-06,1.320000000000000062e+00
7.468000000000000327e-06,1.239999999999999991e+00
7.472000000000000627e-06,1.280000000000000027e+00
7.476000000000000928e-06,1.280000000000000027e+00
7.480000000000001229e-06,1.199999999999999956e+00
7.484000000000001529e-06,1.199999999999999956e+00
7.488000000000000135e-06,1.199999999999999956e+00
7.492000000000000436e-06,1.120000000000000107e+00
7.496000000000000737e-06,1.159999999999999920e+00
7.500000000000001037e-06,1.120000000000000107e+00
7.504000000000001338e-06,1.159999999999999920e+00
7.508000000000001638e-06,1.120000000000000107e+00
7.512000000000000245e-06,1.120000000000000107e+00
7.516000000000000545e-06,1.080000000000000071e+00
7.520000000000000846e-06,1.040000000000000036e+00
7.524000000000001146e-06,1.040000000000000036e+00
7.528000000000001447e-06,1.000000000000000000e+00
7.532000000000000053e-06,1.040000000000000036e+00
7.536000000000000354e-06,9.599999999999999645e-01
7.540000000000000654e-06,9.599999999999999645e-01
7.544000000000000955e-06,1.000000000000000000e+00
7.548000000000001255e-06,1.040000000000000036e+00
7.552000000000001556e-06,9.200000000000000400e-01
7.556000000000000162e-06,9.200000000000000400e-01
7.560000000000000463e-06,9.599999999999999645e-01
7.564000000000000763e-06,8.800000000000000044e-01
7.568000000000001064e-06,9.200000000000000400e-01
7.572000000000001364e-06,8.800000000000000044e-01
7.576000000000001665e-06,8.800000000000000044e-01
7.580000000000000271e-06,8.399999999999999689e-01
7.584000000000000572e-06,8.399999999999999689e-01
7.588000000000000872e-06,8.800000000000000044e-01
7.592000000000001173e-06,8.000000000000000444e-01
7.596000000000001473e-06,8.399999999999999689e-01
7.600000000000000080e-06,8.399999999999999689e-01
7.604000000000000380e-06,8.000000000000000444e-01
7.608000000000000681e-06,8.000000000000000444e-01
7.612000000000000981e-06,7.199999999999999734e-01
7.616000000000001282e-06,8.000000000000000444e-01
7.620000000000001582e-06,8.000000000000000444e-01
7.624000000000000189e-06,7.600000000000000089e-01
7.628000000000000489e-06,7.600000000000000089e-01
7.632000000000000790e-06,7.600000000000000089e-01
7.636000000000001090e-06,7.199999999999999734e-01
7.640000000000001391e-06,7.600000000000000089e-01
7.644000000000001691e-06,7.199999999999999734e-01
7.648000000000000298e-06,6.800000000000000488e-01
7.652000000000000598e-06,6.800000000000000488e-01
7.656000000000000899e-06,6.800000000000000488e-01
7.660000000000001199e-06,7.199999999999999734e-01
7.664000000000001500e-06,7.199999999999999734e-01
7.668000000000000106e-06,6.800000000000000488e-01
7.672000000000000407e-06,6.400000000000000133e-01
7.676000000000000707e-06,6.800000000000000488e-01
7.680000000000001008e-06,6.400000000000000133e-01
7.684000000000001308e-06,6.400000000000000133e-01
7.688000000000001609e-06,6.800000000000000488e-01
7.692000000000000215e-06,6.800000000000000488e-01
7.696000000000000516e-06,7.199999999999999734e-01
7.700000000000000816e-06,7.199999999999999734e-01
7.704000000000001117e-06,6.400000000000000133e-01
7.708000000000001417e-06,6.400000000000000133e-01
7.712000000000001718e-06,6.400000000000000133e-01
7.716000000000000324e-06,5.999999999999999778e-01
7.720000000000000625e-06,6.400000000000000133e-01
7.724000000000000925e-06,5.999999999999999778e-01
7.728000000000001226e-06,6.400000000000000133e-01
7.732000000000001526e-06,5.999999999999999778e-01
7.736000000000000133e-06,5.999999999999999778e-01
7.740000000000000433e-06,5.999999999999999778e-01
7.744000000000000734e-06,6.400000000000000133e-01
7.748000000000001034e-06,5.999999999999999778e-01
7.752000000000001335e-06,5.999999999999999778e-01
7.756000000000001635e-06,5.999999999999999778e-01
7.760000000000000242e-06,5.999999999999999778e-01
7.764000000000000542e-06,5.999999999999999778e-01
7.768000000000000843e-06,5.999999999999999778e-01
7.772000000000001143e-06,5.600000000000000533e-01
7.776000000000001444e-06,5.999999999999999778e-01
7.780000000000000050e-06,5.600000000000000533e-01
7.784000000000000351e-06,5.600000000000000533e-01
7.788000000000000651e-06,5.200000000000000178e-01
7.792000000000000952e-06,5.999999999999999778e-01
7.796000000000001252e-06,5.600000000000000533e-01
7.800000000000001553e-06,5.999999999999999778e-01
7.804000000000000159e-06,5.600000000000000533e-01
7.808000000000000460e-06,5.999999999999999778e-01
7.812000000000000760e-06,5.200000000000000178e-01
7.816000000000001061e-06,5.600000000000000533e-01
7.820000000000001361e-06,5.600000000000000533e-01
7.824000000000001662e-06,5.600000000000000533e-01
7.828000000000000268e-06,5.600000000000000533e-01
7.832000000000000569e-06,4.799999999999999822e-01
7.836000000000000869e-06,5.200000000000000178e-01
7.840000000000001170e-06,5.200000000000000178e-01
7.844000000000001470e-06,5.600000000000000533e-01
7.848000000000000077e-06,5.600000000000000533e-01
7.852000000000000377e-06,5.600000000000000533e-01
7.856000000000000678e-06,5.600000000000000533e-01
7.860000000000000978e-06,5.200000000000000178e-01
7.864000000000001279e-06,5.200000000000000178e-01
7.868000000000001579e-06,5.200000000000000178e-01
7.872000000000000186e-06,5.200000000000000178e-01
7.876000000000000486e-06,5.200000000000000178e-01
7.880000000000000787e-06,5.200000000000000178e-01
7.884000000000001087e-06,5.200000000000000178e-01
7.888000000000001388e-06,4.799999999999999822e-01
7.892000000000001688e-06,5.200000000000000178e-01
7.896000000000000295e-06,4.799999999999999822e-01
7.900000000000000595e-06,5.600000000000000533e-01
7.904000000000000896e-06,4.799999999999999822e-01
7.908000000000001196e-06,5.200000000000000178e-01
7.912000000000001497e-06,5.200000000000000178e-01
7.916000000000000103e-06,5.200000000000000178e-01
7.920000000000000404e-06,5.200000000000000178e-01
7.924000000000000704e-06,5.200000000000000178e-01
7.928000000000001005e-06,4.799999999999999822e-01
7.932000000000001305e-06,5.200000000000000178e-01
7.936000000000001606e-06,4.799999999999999822e-01
7.940000000000000212e-06,5.200000000000000178e-01
7.944000000000000513e-06,5.200000000000000178e-01
7.948000000000000813e-06,4.799999999999999822e-01
7.952000000000001114e-06,5.200000000000000178e-01
7.956000000000001415e-06,5.200000000000000178e-01
7.960000000000001715e-06,4.799999999999999822e-01
7.964000000000000321e-06,4.799999999999999822e-01
7.968000000000000622e-06,4.799999999999999822e-01
7.972000000000000923e-06,5.200000000000000178e-01
7.976000000000001223e-06,5.200000000000000178e-01
7.980000000000001524e-06,4.400000000000000022e-01
7.984000000000000130e-06,5.200000000000000178e-01
7.988000000000000431e-06,4.799999999999999822e-01
7.992000000000000731e-06,4.799999999999999822e-01
7.996000000000001032e-06,5.200000000000000178e-01
8.000000000000001332e-06,5.200000000000000178e-01
8.004000000000001633e-06,4.400000000000000022e-01
8.008000000000000239e-06,4.799999999999999822e-01
8.012000000000000540e-06,4.799999999999999822e-01
8.016000000000000840e-06,5.200000000000000178e-01
8.020000000000001141e-06,5.600000000000000533e-01
8.024000000000001441e-06,4.799999999999999822e-01
8.028000000000001742e-06,4.799999999999999822e-01
8.032000000000000348e-06,4.799999999999999822e-01
8.036000000000000649e-06,4.799999999999999822e-01
8.040000000000000949e-06,5.200000000000000178e-01
8.044000000000001250e-06,5.200000000000000178e-01
8.048000000000001550e-06,4.400000000000000022e-01
8.052000000000000157e-06,5.200000000000000178e-01
8.056000000000000457e-06,4.400000000000000022e-01
8.060000000000000758e-06,4.400000000000000022e-01
8.064000000000001058e-06,4.799999999999999822e-01
8.068000000000001359e-06,4.799999999999999822e-01
8.072000000000001659e-06,5.200000000000000178e-01
8.076000000000000266e-06,4.400000000000000022e-01
8.080000000000000566e-06,4.400000000000000022e-01
8.084000000000000867e-06,4.799999999999999822e-01
8.088000000000001167e-06,4.799999999999999822e-01
8.092000000000001468e-06,4.799999999999999822e-01
8.096000000000000074e-06,4.799999999999999822e-01
8.100000000000000375e-06,4.799999999999999822e-01
8.104000000000000675e-06,4.799999999999999822e-01
8.108000000000000976e-06,4.400000000000000022e-01
8.112000000000001276e-06,4.799999999999999822e-01
8.116000000000001577e-06,5.200000000000000178e-01
8.120000000000000183e-06,4.799999999999999822e-01
8.124000000000000484e-06,4.400000000000000022e-01
8.128000000000000784e-06,4.799999999999999822e-01
8.132000000000001085e-06,4.799999999999999822e-01
8.136000000000001385e-06,4.799999999999999822e-01
8.140000000000001686e-06,4.400000000000000022e-01
8.144000000000000292e-06,4.400000000000000022e-01
8.148000000000000593e-06,4.400000000000000022e-01
8.152000000000000893e-06,4.799999999999999822e-01
8.156000000000001194e-06,4.799999999999999822e-01
8.160000000000001494e-06,4.400000000000000022e-01
8.164000000000000101e-06,4.799999999999999822e-01
8.168000000000000401e-06,4.799999999999999822e-01
8.172000000000000702e-06,5.600000000000000533e-01
8.176000000000001002e-06,4.400000000000000022e-01
8.180000000000001303e-06,4.799999999999999822e-01
8.184000000000001603e-06,4.400000000000000022e-01
8.188000000000000210e-06,4.400000000000000022e-01
8.192000000000000510e-06,4.799999999999999822e-01
8.196000000000000811e-06,4.400000000000000022e-01
