time_s,voltage_V
-5.599999999999999747e-06,0.000000000000000000e+00
-5.589999999999999842e-06,-4.000000000000000083e-02
-5.579999999999999938e-06,-2.000000000000000042e-02
-5.570000000000000034e-06,-2.000000000000000042e-02
-5.560000000000000130e-06,-2.000000000000000042e-02
-5.549999999999999378e-06,-4.000000000000000083e-02
-5.539999999999999474e-06,-2.000000000000000042e-02
-5.529999999999999570e-06,-2.000000000000000042e-02
-5.519999999999999666e-06,-2.000000000000000042e-02
-5.509999999999999761e-06,0.000000000000000000e+00
-5.499999999999999857e-06,-2.000000000000000042e-02
-5.489999999999999953e-06,-2.000000000000000042e-02
-5.480000000000000048e-06,-2.000000000000000042e-02
-5.470000000000000144e-06,-2.000000000000000042e-02
-5.459999999999999393e-06,-4.000000000000000083e-02
-5.449999999999999489e-06,-2.000000000000000042e-02
-5.439999999999999584e-06,-2.000000000000000042e-02
-5.429999999999999680e-06,-4.000000000000000083e-02
-5.419999999999999776e-06,-4.000000000000000083e-02
-5.409999999999999872e-06,-2.000000000000000042e-02
-5.399999999999999967e-06,-4.000000000000000083e-02
-5.390000000000000063e-06,-2.000000000000000042e-02
-5.379999999999999312e-06,-2.000000000000000042e-02
-5.369999999999999408e-06,-5.999999999999999778e-02
-5.359999999999999503e-06,-4.000000000000000083e-02
-5.349999999999999599e-06,-4.000000000000000083e-02
-5.339999999999999695e-06,-2.000000000000000042e-02
-5.329999999999999791e-06,-2.000000000000000042e-02
-5.319999999999999886e-06,-5.999999999999999778e-02
-5.309999999999999982e-06,-2.000000000000000042e-02
-5.300000000000000078e-06,-4.000000000000000083e-02
-5.290000000000000174e-06,-4.000000000000000083e-02
-5.279999999999999422e-06,-2.000000000000000042e-02
-5.269999999999999518e-06,-4.000000000000000083e-02
-5.259999999999999614e-06,-4.000000000000000083e-02
-5.249999999999999709e-06,-2.000000000000000042e-02
-5.239999999999999805e-06,-4.000000000000000083e-02
-5.229999999999999901e-06,-2.000000000000000042e-02
-5.219999999999999997e-06,-2.000000000000000042e-02
-5.210000000000000092e-06,-2.000000000000000042e-02
-5.199999999999999341e-06,0.000000000000000000e+00
-5.189999999999999437e-06,-5.999999999999999778e-02
-5.179999999999999533e-06,-2.000000000000000042e-02
-5.169999999999999628e-06,-4.000000000000000083e-02
-5.159999999999999724e-06,-2.000000000000000042e-02
-5.149999999999999820e-06,0.000000000000000000e+00
-5.139999999999999916e-06,-2.000000000000000042e-02
-5.130000000000000011e-06,-4.000000000000000083e-02
-5.120000000000000107e-06,0.000000000000000000e+00
-5.110000000000000203e-06,-2.000000000000000042e-02
-5.099999999999999452e-06,-2.000000000000000042e-02
-5.089999999999999547e-06,-4.000000000000000083e-02
-5.079999999999999643e-06,-2.000000000000000042e-02
-5.069999999999999739e-06,-4.000000000000000083e-02
-5.059999999999999835e-06,-4.000000000000000083e-02
-5.049999999999999930e-06,-2.000000000000000042e-02
-5.040000000000000026e-06,-2.000000000000000042e-02
-5.029999999999999275e-06,-2.000000000000000042e-02
-5.019999999999999370e-06,-2.000000000000000042e-02
-5.009999999999999466e-06,-2.000000000000000042e-02
-4.999999999999999562e-06,-2.000000000000000042e-02
-4.989999999999999658e-06,-4.000000000000000083e-02
-4.979999999999999753e-06,-2.000000000000000042e-02
-4.969999999999999849e-06,-2.000000000000000042e-02
-4.959999999999999945e-06,-4.000000000000000083e-02
-4.950000000000000041e-06,-2.000000000000000042e-02
-4.940000000000000136e-06,-2.000000000000000042e-02
-4.929999999999999385e-06,-2.000000000000000042e-02
-4.919999999999999481e-06,0.000000000000000000e+00
-4.909999999999999577e-06,4.000000000000000083e-02
-4.899999999999999672e-06,8.000000000000000167e-02
-4.889999999999999768e-06,1.199999999999999956e-01
-4.879999999999999864e-06,2.000000000000000111e-01
-4.869999999999999960e-06,2.999999999999999889e-01
-4.860000000000000055e-06,4.199999999999999845e-01
-4.849999999999999304e-06,5.600000000000000533e-01
-4.839999999999999400e-06,6.600000000000000311e-01
-4.829999999999999496e-06,6.400000000000000133e-01
-4.819999999999999591e-06,6.400000000000000133e-01
-4.809999999999999687e-06,5.600000000000000533e-01
-4.799999999999999783e-06,4.799999999999999822e-01
-4.789999999999999879e-06,4.000000000000000222e-01
-4.779999999999999974e-06,3.200000000000000067e-01
-4.770000000000000070e-06,2.399999999999999911e-01
-4.760000000000000166e-06,2.000000000000000111e-01
-4.749999999999999414e-06,1.799999999999999933e-01
-4.739999999999999510e-06,1.400000000000000133e-01
-4.729999999999999606e-06,1.199999999999999956e-01
-4.719999999999999702e-06,1.199999999999999956e-01
-4.709999999999999797e-06,1.000000000000000056e-01
-4.699999999999999893e-06,8.000000000000000167e-02
-4.689999999999999989e-06,1.000000000000000056e-01
-4.680000000000000085e-06,4.000000000000000083e-02
-4.669999999999999333e-06,8.000000000000000167e-02
-4.659999999999999429e-06,4.000000000000000083e-02
-4.649999999999999525e-06,4.000000000000000083e-02
-4.639999999999999621e-06,8.000000000000000167e-02
-4.629999999999999716e-06,5.999999999999999778e-02
-4.619999999999999812e-06,8.000000000000000167e-02
-4.609999999999999908e-06,4.000000000000000083e-02
-4.600000000000000004e-06,2.000000000000000042e-02
-4.590000000000000099e-06,5.999999999999999778e-02
-4.580000000000000195e-06,4.000000000000000083e-02
-4.569999999999999444e-06,5.999999999999999778e-02
-4.559999999999999540e-06,4.000000000000000083e-02
-4.549999999999999635e-06,4.000000000000000083e-02
-4.539999999999999731e-06,2.000000000000000042e-02
-4.529999999999999827e-06,2.000000000000000042e-02
-4.519999999999999923e-06,4.000000000000000083e-02
-4.510000000000000018e-06,2.000000000000000042e-02
-4.499999999999999267e-06,2.000000000000000042e-02
-4.489999999999999363e-06,0.000000000000000000e+00
-4.479999999999999458e-06,2.000000000000000042e-02
-4.469999999999999554e-06,2.000000000000000042e-02
-4.459999999999999650e-06,2.000000000000000042e-02
-4.449999999999999746e-06,2.000000000000000042e-02
-4.439999999999999841e-06,2.000000000000000042e-02
-4.429999999999999937e-06,0.000000000000000000e+00
-4.420000000000000033e-06,2.000000000000000042e-02
-4.410000000000000129e-06,2.000000000000000042e-02
-4.400000000000000224e-06,2.000000000000000042e-02
-4.389999999999999473e-06,2.000000000000000042e-02
-4.379999999999999569e-06,2.000000000000000042e-02
-4.369999999999999665e-06,2.000000000000000042e-02
-4.359999999999999760e-06,0.000000000000000000e+00
-4.349999999999999856e-06,0.000000000000000000e+00
-4.339999999999999952e-06,2.000000000000000042e-02
-4.329999999999999201e-06,2.000000000000000042e-02
-4.319999999999999296e-06,0.000000000000000000e+00
-4.309999999999999392e-06,0.000000000000000000e+00
-4.299999999999999488e-06,0.000000000000000000e+00
-4.289999999999999584e-06,2.000000000000000042e-02
-4.279999999999999679e-06,2.000000000000000042e-02
-4.269999999999999775e-06,0.000000000000000000e+00
-4.259999999999999871e-06,2.000000000000000042e-02
-4.249999999999999966e-06,-2.000000000000000042e-02
-4.240000000000000062e-06,2.000000000000000042e-02
-4.230000000000000158e-06,0.000000000000000000e+00
-4.219999999999999407e-06,2.000000000000000042e-02
-4.209999999999999502e-06,4.000000000000000083e-02
-4.199999999999999598e-06,0.000000000000000000e+00
-4.189999999999999694e-06,2.000000000000000042e-02
-4.179999999999999790e-06,2.000000000000000042e-02
-4.169999999999999885e-06,-2.000000000000000042e-02
-4.159999999999999981e-06,2.000000000000000042e-02
-4.149999999999999230e-06,-2.000000000000000042e-02
-4.139999999999999326e-06,0.000000000000000000e+00
-4.129999999999999421e-06,4.000000000000000083e-02
-4.119999999999999517e-06,2.000000000000000042e-02
-4.109999999999999613e-06,2.000000000000000042e-02
-4.099999999999999709e-06,2.000000000000000042e-02
-4.089999999999999804e-06,0.000000000000000000e+00
-4.079999999999999900e-06,0.000000000000000000e+00
-4.069999999999999996e-06,2.000000000000000042e-02
-4.060000000000000092e-06,-2.000000000000000042e-02
-4.050000000000000187e-06,-2.000000000000000042e-02
-4.039999999999999436e-06,0.000000000000000000e+00
-4.029999999999999532e-06,-2.000000000000000042e-02
-4.019999999999999628e-06,2.000000000000000042e-02
-4.009999999999999723e-06,-2.000000000000000042e-02
-3.999999999999999819e-06,2.000000000000000042e-02
-3.989999999999999915e-06,0.000000000000000000e+00
-3.980000000000000010e-06,2.000000000000000042e-02
-3.969999999999999259e-06,0.000000000000000000e+00
-3.959999999999999355e-06,0.000000000000000000e+00
-3.949999999999999451e-06,2.000000000000000042e-02
-3.939999999999999546e-06,-2.000000000000000042e-02
-3.929999999999999642e-06,-4.000000000000000083e-02
-3.919999999999999738e-06,-2.000000000000000042e-02
-3.909999999999999834e-06,0.000000000000000000e+00
-3.899999999999999929e-06,0.000000000000000000e+00
-3.890000000000000025e-06,0.000000000000000000e+00
-3.880000000000000121e-06,-2.000000000000000042e-02
-3.870000000000000217e-06,2.000000000000000042e-02
-3.859999999999999465e-06,2.000000000000000042e-02
-3.849999999999999561e-06,0.000000000000000000e+00
-3.839999999999999657e-06,2.000000000000000042e-02
-3.829999999999999753e-06,0.000000000000000000e+00
-3.819999999999999848e-06,0.000000000000000000e+00
-3.809999999999999944e-06,2.000000000000000042e-02
-3.799999999999999616e-06,0.000000000000000000e+00
-3.789999999999999712e-06,-2.000000000000000042e-02
-3.779999999999999808e-06,0.000000000000000000e+00
-3.769999999999999480e-06,2.000000000000000042e-02
-3.759999999999999576e-06,0.000000000000000000e+00
-3.749999999999999671e-06,0.000000000000000000e+00
-3.739999999999999767e-06,0.000000000000000000e+00
-3.729999999999999863e-06,0.000000000000000000e+00
-3.719999999999999959e-06,0.000000000000000000e+00
-3.709999999999999631e-06,2.000000000000000042e-02
-3.699999999999999727e-06,4.000000000000000083e-02
-3.689999999999999822e-06,0.000000000000000000e+00
-3.679999999999999495e-06,0.000000000000000000e+00
-3.669999999999999590e-06,0.000000000000000000e+00
-3.659999999999999686e-06,0.000000000000000000e+00
-3.649999999999999782e-06,4.000000000000000083e-02
-3.639999999999999878e-06,5.999999999999999778e-02
-3.629999999999999550e-06,8.000000000000000167e-02
-3.619999999999999646e-06,1.199999999999999956e-01
-3.609999999999999741e-06,1.400000000000000133e-01
-3.599999999999999837e-06,2.200000000000000011e-01
-3.589999999999999509e-06,3.200000000000000067e-01
-3.579999999999999605e-06,4.199999999999999845e-01
-3.569999999999999701e-06,5.400000000000000355e-01
-3.559999999999999797e-06,6.199999999999999956e-01
-3.549999999999999892e-06,7.000000000000000666e-01
-3.539999999999999565e-06,7.199999999999999734e-01
-3.529999999999999660e-06,7.199999999999999734e-01
-3.519999999999999756e-06,6.400000000000000133e-01
-3.509999999999999852e-06,5.799999999999999600e-01
-3.499999999999999524e-06,5.000000000000000000e-01
-3.489999999999999620e-06,4.400000000000000022e-01
-3.479999999999999715e-06,3.599999999999999867e-01
-3.469999999999999811e-06,2.999999999999999889e-01
-3.459999999999999907e-06,2.800000000000000266e-01
-3.449999999999999579e-06,2.399999999999999911e-01
-3.439999999999999675e-06,1.799999999999999933e-01
-3.429999999999999771e-06,2.200000000000000011e-01
-3.419999999999999866e-06,1.600000000000000033e-01
-3.409999999999999539e-06,1.600000000000000033e-01
-3.399999999999999634e-06,1.400000000000000133e-01
-3.389999999999999730e-06,1.400000000000000133e-01
-3.379999999999999826e-06,1.199999999999999956e-01
-3.369999999999999498e-06,1.400000000000000133e-01
-3.359999999999999594e-06,1.000000000000000056e-01
-3.349999999999999690e-06,1.199999999999999956e-01
-3.339999999999999785e-06,1.000000000000000056e-01
-3.329999999999999881e-06,1.000000000000000056e-01
-3.319999999999999553e-06,1.000000000000000056e-01
-3.309999999999999649e-06,1.000000000000000056e-01
-3.299999999999999745e-06,8.000000000000000167e-02
-3.289999999999999841e-06,1.000000000000000056e-01
-3.279999999999999513e-06,8.000000000000000167e-02
-3.269999999999999609e-06,1.000000000000000056e-01
-3.259999999999999704e-06,5.999999999999999778e-02
-3.249999999999999800e-06,5.999999999999999778e-02
-3.239999999999999896e-06,1.000000000000000056e-01
-3.229999999999999568e-06,1.000000000000000056e-01
-3.219999999999999664e-06,5.999999999999999778e-02
-3.209999999999999759e-06,8.000000000000000167e-02
-3.199999999999999855e-06,8.000000000000000167e-02
-3.189999999999999527e-06,8.000000000000000167e-02
-3.179999999999999623e-06,8.000000000000000167e-02
-3.169999999999999719e-06,8.000000000000000167e-02
-3.159999999999999815e-06,8.000000000000000167e-02
-3.149999999999999487e-06,5.999999999999999778e-02
-3.139999999999999583e-06,8.000000000000000167e-02
-3.129999999999999678e-06,8.000000000000000167e-02
-3.119999999999999774e-06,8.000000000000000167e-02
-3.109999999999999870e-06,5.999999999999999778e-02
-3.099999999999999542e-06,1.000000000000000056e-01
-3.089999999999999638e-06,5.999999999999999778e-02
-3.079999999999999734e-06,8.000000000000000167e-02
-3.069999999999999829e-06,4.000000000000000083e-02
-3.059999999999999502e-06,4.000000000000000083e-02
-3.049999999999999597e-06,5.999999999999999778e-02
-3.039999999999999693e-06,5.999999999999999778e-02
-3.029999999999999789e-06,2.000000000000000042e-02
-3.019999999999999885e-06,1.000000000000000056e-01
-3.009999999999999557e-06,4.000000000000000083e-02
-2.999999999999999652e-06,8.000000000000000167e-02
-2.989999999999999748e-06,5.999999999999999778e-02
-2.979999999999999844e-06,4.000000000000000083e-02
-2.969999999999999516e-06,4.000000000000000083e-02
-2.959999999999999612e-06,5.999999999999999778e-02
-2.949999999999999708e-06,2.000000000000000042e-02
-2.939999999999999803e-06,4.000000000000000083e-02
-2.929999999999999899e-06,5.999999999999999778e-02
-2.919999999999999571e-06,5.999999999999999778e-02
-2.909999999999999667e-06,4.000000000000000083e-02
-2.899999999999999763e-06,4.000000000000000083e-02
-2.889999999999999859e-06,2.000000000000000042e-02
-2.879999999999999531e-06,5.999999999999999778e-02
-2.869999999999999627e-06,8.000000000000000167e-02
-2.859999999999999722e-06,5.999999999999999778e-02
-2.849999999999999818e-06,5.999999999999999778e-02
-2.839999999999999490e-06,4.000000000000000083e-02
-2.829999999999999586e-06,4.000000000000000083e-02
-2.819999999999999682e-06,5.999999999999999778e-02
-2.809999999999999778e-06,4.000000000000000083e-02
-2.799999999999999873e-06,4.000000000000000083e-02
-2.789999999999999546e-06,5.999999999999999778e-02
-2.779999999999999641e-06,5.999999999999999778e-02
-2.769999999999999737e-06,4.000000000000000083e-02
-2.759999999999999833e-06,5.999999999999999778e-02
-2.749999999999999505e-06,2.000000000000000042e-02
-2.739999999999999601e-06,4.000000000000000083e-02
-2.729999999999999696e-06,4.000000000000000083e-02
-2.719999999999999792e-06,4.000000000000000083e-02
-2.709999999999999888e-06,2.000000000000000042e-02
-2.699999999999999560e-06,4.000000000000000083e-02
-2.689999999999999656e-06,5.999999999999999778e-02
-2.679999999999999752e-06,4.000000000000000083e-02
-2.669999999999999847e-06,2.000000000000000042e-02
-2.659999999999999520e-06,5.999999999999999778e-02
-2.649999999999999615e-06,4.000000000000000083e-02
-2.639999999999999711e-06,5.999999999999999778e-02
-2.629999999999999807e-06,4.000000000000000083e-02
-2.619999999999999479e-06,2.000000000000000042e-02
-2.609999999999999575e-06,4.000000000000000083e-02
-2.599999999999999671e-06,2.000000000000000042e-02
-2.589999999999999766e-06,4.000000000000000083e-02
-2.579999999999999862e-06,2.000000000000000042e-02
-2.569999999999999534e-06,2.000000000000000042e-02
-2.559999999999999630e-06,2.000000000000000042e-02
-2.549999999999999726e-06,5.999999999999999778e-02
-2.539999999999999822e-06,4.000000000000000083e-02
-2.529999999999999494e-06,4.000000000000000083e-02
-2.519999999999999590e-06,4.000000000000000083e-02
-2.509999999999999685e-06,4.000000000000000083e-02
-2.499999999999999781e-06,2.000000000000000042e-02
-2.489999999999999877e-06,4.000000000000000083e-02
-2.479999999999999549e-06,2.000000000000000042e-02
-2.469999999999999645e-06,2.000000000000000042e-02
-2.459999999999999740e-06,4.000000000000000083e-02
-2.449999999999999836e-06,2.000000000000000042e-02
-2.439999999999999508e-06,4.000000000000000083e-02
-2.429999999999999604e-06,2.000000000000000042e-02
-2.419999999999999700e-06,4.000000000000000083e-02
-2.409999999999999796e-06,4.000000000000000083e-02
-2.399999999999999891e-06,2.000000000000000042e-02
-2.389999999999999564e-06,4.000000000000000083e-02
-2.379999999999999659e-06,4.000000000000000083e-02
-2.369999999999999755e-06,4.000000000000000083e-02
-2.359999999999999851e-06,5.999999999999999778e-02
-2.349999999999999523e-06,1.000000000000000056e-01
-2.339999999999999619e-06,1.000000000000000056e-01
-2.329999999999999715e-06,1.400000000000000133e-01
-2.319999999999999810e-06,1.600000000000000033e-01
-2.309999999999999483e-06,2.200000000000000011e-01
-2.299999999999999578e-06,2.999999999999999889e-01
-2.289999999999999674e-06,4.000000000000000222e-01
-2.279999999999999770e-06,5.000000000000000000e-01
-2.269999999999999866e-06,5.999999999999999778e-01
-2.259999999999999538e-06,6.800000000000000488e-01
-2.249999999999999633e-06,7.800000000000000266e-01
-2.239999999999999729e-06,8.200000000000000622e-01
-2.229999999999999825e-06,8.000000000000000444e-01
-2.219999999999999497e-06,7.399999999999999911e-01
-2.209999999999999593e-06,7.199999999999999734e-01
-2.199999999999999689e-06,6.400000000000000133e-01
-2.189999999999999784e-06,5.799999999999999600e-01
-2.179999999999999880e-06,4.799999999999999822e-01
-2.169999999999999552e-06,4.400000000000000022e-01
-2.159999999999999648e-06,4.000000000000000222e-01
-2.149999999999999744e-06,3.599999999999999867e-01
-2.139999999999999840e-06,2.999999999999999889e-01
-2.129999999999999512e-06,2.800000000000000266e-01
-2.119999999999999608e-06,2.600000000000000089e-01
-2.109999999999999703e-06,2.200000000000000011e-01
-2.099999999999999799e-06,2.200000000000000011e-01
-2.089999999999999471e-06,2.200000000000000011e-01
-2.079999999999999567e-06,1.799999999999999933e-01
-2.069999999999999663e-06,1.600000000000000033e-01
-2.059999999999999759e-06,1.600000000000000033e-01
-2.049999999999999854e-06,1.799999999999999933e-01
-2.039999999999999527e-06,1.400000000000000133e-01
-2.029999999999999622e-06,1.600000000000000033e-01
-2.019999999999999718e-06,1.600000000000000033e-01
-2.009999999999999814e-06,1.600000000000000033e-01
-1.999999999999999486e-06,1.400000000000000133e-01
-1.989999999999999582e-06,1.000000000000000056e-01
-1.979999999999999677e-06,1.000000000000000056e-01
-1.969999999999999773e-06,1.199999999999999956e-01
-1.959999999999999869e-06,1.400000000000000133e-01
-1.949999999999999541e-06,1.199999999999999956e-01
-1.939999999999999637e-06,1.199999999999999956e-01
-1.929999999999999733e-06,1.400000000000000133e-01
-1.919999999999999828e-06,1.400000000000000133e-01
-1.909999999999999501e-06,1.400000000000000133e-01
-1.899999999999999596e-06,1.000000000000000056e-01
-1.889999999999999692e-06,1.600000000000000033e-01
-1.879999999999999788e-06,1.400000000000000133e-01
-1.869999999999999460e-06,1.000000000000000056e-01
-1.859999999999999556e-06,1.000000000000000056e-01
-1.849999999999999652e-06,1.199999999999999956e-01
-1.839999999999999747e-06,1.199999999999999956e-01
-1.829999999999999843e-06,1.199999999999999956e-01
-1.819999999999999515e-06,1.199999999999999956e-01
-1.809999999999999611e-06,8.000000000000000167e-02
-1.799999999999999707e-06,1.000000000000000056e-01
-1.789999999999999803e-06,1.000000000000000056e-01
-1.779999999999999898e-06,1.000000000000000056e-01
-1.769999999999999994e-06,1.000000000000000056e-01
-1.759999999999999243e-06,1.199999999999999956e-01
-1.749999999999999338e-06,1.199999999999999956e-01
-1.739999999999999434e-06,1.000000000000000056e-01
-1.729999999999999530e-06,8.000000000000000167e-02
-1.719999999999999626e-06,1.000000000000000056e-01
-1.709999999999999721e-06,8.000000000000000167e-02
-1.699999999999999817e-06,5.999999999999999778e-02
-1.689999999999999913e-06,5.999999999999999778e-02
-1.680000000000000009e-06,8.000000000000000167e-02
-1.669999999999999257e-06,8.000000000000000167e-02
-1.659999999999999353e-06,8.000000000000000167e-02
-1.649999999999999449e-06,8.000000000000000167e-02
-1.639999999999999545e-06,8.000000000000000167e-02
-1.629999999999999640e-06,1.000000000000000056e-01
-1.619999999999999736e-06,8.000000000000000167e-02
-1.609999999999999832e-06,8.000000000000000167e-02
-1.599999999999999928e-06,8.000000000000000167e-02
-1.590000000000000023e-06,1.000000000000000056e-01
-1.579999999999999272e-06,8.000000000000000167e-02
-1.569999999999999368e-06,8.000000000000000167e-02
-1.559999999999999464e-06,1.000000000000000056e-01
-1.549999999999999559e-06,8.000000000000000167e-02
-1.539999999999999655e-06,8.000000000000000167e-02
-1.529999999999999751e-06,8.000000000000000167e-02
-1.519999999999999847e-06,8.000000000000000167e-02
-1.509999999999999942e-06,5.999999999999999778e-02
-1.500000000000000038e-06,5.999999999999999778e-02
-1.489999999999999287e-06,1.000000000000000056e-01
-1.479999999999999382e-06,8.000000000000000167e-02
-1.469999999999999478e-06,8.000000000000000167e-02
-1.459999999999999574e-06,8.000000000000000167e-02
-1.449999999999999670e-06,8.000000000000000167e-02
-1.439999999999999765e-06,5.999999999999999778e-02
-1.429999999999999861e-06,5.999999999999999778e-02
-1.419999999999999957e-06,8.000000000000000167e-02
-1.410000000000000053e-06,8.000000000000000167e-02
-1.399999999999999301e-06,5.999999999999999778e-02
-1.389999999999999397e-06,5.999999999999999778e-02
-1.379999999999999493e-06,4.000000000000000083e-02
-1.369999999999999589e-06,8.000000000000000167e-02
-1.359999999999999684e-06,4.000000000000000083e-02
-1.349999999999999780e-06,5.999999999999999778e-02
-1.339999999999999876e-06,4.000000000000000083e-02
-1.329999999999999972e-06,5.999999999999999778e-02
-1.320000000000000067e-06,5.999999999999999778e-02
-1.309999999999999316e-06,5.999999999999999778e-02
-1.299999999999999412e-06,8.000000000000000167e-02
-1.289999999999999508e-06,8.000000000000000167e-02
-1.279999999999999603e-06,4.000000000000000083e-02
-1.269999999999999699e-06,5.999999999999999778e-02
-1.259999999999999795e-06,1.000000000000000056e-01
-1.249999999999999890e-06,1.199999999999999956e-01
-1.239999999999999986e-06,1.000000000000000056e-01
-1.229999999999999235e-06,5.999999999999999778e-02
-1.219999999999999331e-06,1.000000000000000056e-01
-1.209999999999999426e-06,1.000000000000000056e-01
-1.199999999999999522e-06,8.000000000000000167e-02
-1.189999999999999618e-06,8.000000000000000167e-02
-1.179999999999999714e-06,1.000000000000000056e-01
-1.169999999999999809e-06,1.199999999999999956e-01
-1.159999999999999905e-06,1.400000000000000133e-01
-1.150000000000000001e-06,1.799999999999999933e-01
-1.139999999999999250e-06,2.000000000000000111e-01
-1.129999999999999345e-06,2.399999999999999911e-01
-1.119999999999999441e-06,2.800000000000000266e-01
-1.109999999999999537e-06,3.599999999999999867e-01
-1.099999999999999633e-06,4.799999999999999822e-01
-1.089999999999999728e-06,5.600000000000000533e-01
-1.079999999999999824e-06,6.800000000000000488e-01
-1.069999999999999920e-06,8.000000000000000444e-01
-1.060000000000000016e-06,8.599999999999999867e-01
-1.049999999999999264e-06,9.400000000000000577e-01
-1.039999999999999360e-06,9.400000000000000577e-01
-1.029999999999999456e-06,9.400000000000000577e-01
-1.019999999999999552e-06,8.800000000000000044e-01
-1.009999999999999647e-06,8.399999999999999689e-01
-9.999999999999997430e-07,7.600000000000000089e-01
-9.899999999999998387e-07,7.000000000000000666e-01
-9.799999999999999345e-07,6.199999999999999956e-01
-9.700000000000000302e-07,5.400000000000000355e-01
-9.599999999999992789e-07,5.000000000000000000e-01
-9.499999999999993747e-07,4.400000000000000022e-01
-9.399999999999994704e-07,3.800000000000000044e-01
-9.299999999999995662e-07,4.000000000000000222e-01
-9.199999999999996619e-07,3.400000000000000244e-01
-9.099999999999997577e-07,2.999999999999999889e-01
-8.999999999999998534e-07,2.999999999999999889e-01
-8.899999999999999491e-07,2.800000000000000266e-01
-8.800000000000000449e-07,2.800000000000000266e-01
-8.699999999999992936e-07,2.600000000000000089e-01
-8.599999999999993893e-07,2.600000000000000089e-01
-8.499999999999994851e-07,2.200000000000000011e-01
-8.399999999999995808e-07,2.200000000000000011e-01
-8.299999999999996766e-07,2.200000000000000011e-01
-8.199999999999997723e-07,2.000000000000000111e-01
-8.099999999999998681e-07,1.799999999999999933e-01
-7.999999999999999638e-07,2.200000000000000011e-01
-7.900000000000000595e-07,2.000000000000000111e-01
-7.799999999999993083e-07,2.000000000000000111e-01
-7.699999999999994040e-07,2.000000000000000111e-01
-7.599999999999994997e-07,2.200000000000000011e-01
-7.499999999999995955e-07,1.799999999999999933e-01
-7.399999999999996912e-07,2.000000000000000111e-01
-7.299999999999997870e-07,1.799999999999999933e-01
-7.199999999999998827e-07,1.600000000000000033e-01
-7.099999999999999785e-07,1.600000000000000033e-01
-6.999999999999992272e-07,1.799999999999999933e-01
-6.899999999999993229e-07,1.600000000000000033e-01
-6.799999999999994187e-07,1.600000000000000033e-01
-6.699999999999995144e-07,1.600000000000000033e-01
-6.599999999999996101e-07,1.799999999999999933e-01
-6.499999999999997059e-07,1.799999999999999933e-01
-6.399999999999998016e-07,1.600000000000000033e-01
-6.299999999999998974e-07,1.400000000000000133e-01
-6.199999999999999931e-07,1.600000000000000033e-01
-6.099999999999992418e-07,1.600000000000000033e-01
-5.999999999999993376e-07,1.199999999999999956e-01
-5.899999999999994333e-07,1.400000000000000133e-01
-5.799999999999995291e-07,1.600000000000000033e-01
-5.699999999999996248e-07,1.600000000000000033e-01
-5.599999999999997205e-07,1.199999999999999956e-01
-5.499999999999998163e-07,1.400000000000000133e-01
-5.399999999999999120e-07,1.199999999999999956e-01
-5.300000000000000078e-07,1.199999999999999956e-01
-5.199999999999992565e-07,1.600000000000000033e-01
-5.099999999999993522e-07,1.400000000000000133e-01
-4.999999999999994480e-07,1.400000000000000133e-01
-4.899999999999995437e-07,1.199999999999999956e-01
-4.799999999999996395e-07,1.400000000000000133e-01
-4.699999999999997352e-07,1.600000000000000033e-01
-4.599999999999998310e-07,1.400000000000000133e-01
-4.499999999999999267e-07,1.400000000000000133e-01
-4.400000000000000224e-07,1.199999999999999956e-01
-4.299999999999992712e-07,1.199999999999999956e-01
-4.199999999999993669e-07,1.199999999999999956e-01
-4.099999999999994626e-07,1.199999999999999956e-01
-3.999999999999995584e-07,1.400000000000000133e-01
-3.899999999999996541e-07,1.400000000000000133e-01
-3.799999999999997499e-07,1.400000000000000133e-01
-3.699999999999998456e-07,1.199999999999999956e-01
-3.599999999999999414e-07,1.600000000000000033e-01
-3.500000000000000371e-07,1.199999999999999956e-01
-3.399999999999992858e-07,1.199999999999999956e-01
-3.299999999999993816e-07,1.199999999999999956e-01
-3.199999999999994773e-07,1.199999999999999956e-01
-3.099999999999995730e-07,1.199999999999999956e-01
-2.999999999999996688e-07,1.400000000000000133e-01
-2.899999999999997645e-07,1.199999999999999956e-01
-2.799999999999998603e-07,1.199999999999999956e-01
-2.699999999999999560e-07,1.400000000000000133e-01
-2.600000000000000518e-07,1.199999999999999956e-01
-2.499999999999993005e-07,1.600000000000000033e-01
-2.399999999999993962e-07,1.199999999999999956e-01
-2.299999999999994920e-07,1.199999999999999956e-01
-2.199999999999995877e-07,1.199999999999999956e-01
-2.099999999999996834e-07,1.199999999999999956e-01
-1.999999999999997792e-07,1.199999999999999956e-01
-1.899999999999998749e-07,1.000000000000000056e-01
-1.799999999999999707e-07,1.199999999999999956e-01
-1.699999999999992194e-07,1.199999999999999956e-01
-1.599999999999993151e-07,1.199999999999999956e-01
-1.499999999999994109e-07,1.000000000000000056e-01
-1.399999999999995066e-07,1.199999999999999956e-01
-1.299999999999996024e-07,1.400000000000000133e-01
-1.199999999999996981e-07,1.600000000000000033e-01
-1.099999999999997939e-07,1.400000000000000133e-01
-9.999999999999988960e-08,1.199999999999999956e-01
-8.999999999999998534e-08,1.199999999999999956e-01
-7.999999999999923405e-08,1.600000000000000033e-01
-6.999999999999932979e-08,1.799999999999999933e-01
-5.999999999999942554e-08,2.200000000000000011e-01
-4.999999999999952128e-08,2.600000000000000089e-01
-3.999999999999961703e-08,2.399999999999999911e-01
-2.999999999999971277e-08,3.400000000000000244e-01
-1.999999999999980851e-08,4.000000000000000222e-01
-9.999999999999904256e-09,4.600000000000000200e-01
0.000000000000000000e+00,5.799999999999999600e-01
1.000000000000075129e-08,6.800000000000000488e-01
2.000000000000065555e-08,7.800000000000000266e-01
3.000000000000055980e-08,8.599999999999999867e-01
4.000000000000046406e-08,1.000000000000000000e+00
5.000000000000036831e-08,1.040000000000000036e+00
6.000000000000027257e-08,1.060000000000000053e+00
7.000000000000017683e-08,1.100000000000000089e+00
8.000000000000008108e-08,1.040000000000000036e+00
8.999999999999998534e-08,1.020000000000000018e+00
1.000000000000007366e-07,9.200000000000000400e-01
1.100000000000006409e-07,8.800000000000000044e-01
1.200000000000005451e-07,7.800000000000000266e-01
1.300000000000004494e-07,7.199999999999999734e-01
1.400000000000003537e-07,6.199999999999999956e-01
1.500000000000002579e-07,6.400000000000000133e-01
1.600000000000001622e-07,5.799999999999999600e-01
1.700000000000000664e-07,5.200000000000000178e-01
1.799999999999999707e-07,4.600000000000000200e-01
1.900000000000007220e-07,4.199999999999999845e-01
2.000000000000006262e-07,4.199999999999999845e-01
2.100000000000005305e-07,4.000000000000000222e-01
2.200000000000004347e-07,3.800000000000000044e-01
2.300000000000003390e-07,3.599999999999999867e-01
2.400000000000002432e-07,3.400000000000000244e-01
2.500000000000001475e-07,3.200000000000000067e-01
2.600000000000000518e-07,3.200000000000000067e-01
2.699999999999999560e-07,3.200000000000000067e-01
2.800000000000007073e-07,2.999999999999999889e-01
2.900000000000006116e-07,2.999999999999999889e-01
3.000000000000005158e-07,2.800000000000000266e-01
3.100000000000004201e-07,2.800000000000000266e-01
3.200000000000003243e-07,2.999999999999999889e-01
3.300000000000002286e-07,2.999999999999999889e-01
3.400000000000001328e-07,2.600000000000000089e-01
3.500000000000000371e-07,2.800000000000000266e-01
3.600000000000007884e-07,2.600000000000000089e-01
3.700000000000006926e-07,2.600000000000000089e-01
3.800000000000005969e-07,2.600000000000000089e-01
3.900000000000005012e-07,2.399999999999999911e-01
4.000000000000004054e-07,2.399999999999999911e-01
4.100000000000003097e-07,2.600000000000000089e-01
4.200000000000002139e-07,2.399999999999999911e-01
4.300000000000001182e-07,2.600000000000000089e-01
4.400000000000000224e-07,2.399999999999999911e-01
4.500000000000007737e-07,2.600000000000000089e-01
4.600000000000006780e-07,2.399999999999999911e-01
4.700000000000005822e-07,2.399999999999999911e-01
4.800000000000004865e-07,2.200000000000000011e-01
4.900000000000003908e-07,2.600000000000000089e-01
5.000000000000002950e-07,2.600000000000000089e-01
5.100000000000001993e-07,2.800000000000000266e-01
5.200000000000001035e-07,2.600000000000000089e-01
5.300000000000000078e-07,2.800000000000000266e-01
5.400000000000007591e-07,2.800000000000000266e-01
5.500000000000006633e-07,2.800000000000000266e-01
5.600000000000005676e-07,2.800000000000000266e-01
5.700000000000004718e-07,2.999999999999999889e-01
5.800000000000003761e-07,2.999999999999999889e-01
5.900000000000002804e-07,3.200000000000000067e-01
6.000000000000001846e-07,3.200000000000000067e-01
6.100000000000000889e-07,3.599999999999999867e-01
6.199999999999999931e-07,3.400000000000000244e-01
6.300000000000007444e-07,3.800000000000000044e-01
6.400000000000006487e-07,4.000000000000000222e-01
6.500000000000005529e-07,4.600000000000000200e-01
6.600000000000004572e-07,4.799999999999999822e-01
6.700000000000003614e-07,5.400000000000000355e-01
6.800000000000002657e-07,5.799999999999999600e-01
6.900000000000001699e-07,6.199999999999999956e-01
7.000000000000000742e-07,6.600000000000000311e-01
7.099999999999999785e-07,7.600000000000000089e-01
7.200000000000007297e-07,8.000000000000000444e-01
7.300000000000006340e-07,8.599999999999999867e-01
7.400000000000005383e-07,9.200000000000000400e-01
7.500000000000004425e-07,9.599999999999999645e-01
7.600000000000003468e-07,1.000000000000000000e+00
7.700000000000002510e-07,1.040000000000000036e+00
7.800000000000001553e-07,1.080000000000000071e+00
7.900000000000000595e-07,1.060000000000000053e+00
7.999999999999999638e-07,1.080000000000000071e+00
8.100000000000007151e-07,1.080000000000000071e+00
8.200000000000006193e-07,1.100000000000000089e+00
8.300000000000005236e-07,1.060000000000000053e+00
8.400000000000004279e-07,1.020000000000000018e+00
8.500000000000003321e-07,1.000000000000000000e+00
8.600000000000002364e-07,9.799999999999999822e-01
8.700000000000001406e-07,9.400000000000000577e-01
8.800000000000000449e-07,9.200000000000000400e-01
8.900000000000007962e-07,8.599999999999999867e-01
9.000000000000007004e-07,8.200000000000000622e-01
9.100000000000006047e-07,8.200000000000000622e-01
9.200000000000005089e-07,7.600000000000000089e-01
9.300000000000004132e-07,7.399999999999999911e-01
9.400000000000003175e-07,7.000000000000000666e-01
9.500000000000002217e-07,6.600000000000000311e-01
9.600000000000001260e-07,6.400000000000000133e-01
9.700000000000000302e-07,6.400000000000000133e-01
9.800000000000007815e-07,5.999999999999999778e-01
9.900000000000006858e-07,5.999999999999999778e-01
1.000000000000000590e-06,5.400000000000000355e-01
1.010000000000000494e-06,5.400000000000000355e-01
1.020000000000000399e-06,5.200000000000000178e-01
1.030000000000000303e-06,5.200000000000000178e-01
1.040000000000000207e-06,4.799999999999999822e-01
1.050000000000000111e-06,4.799999999999999822e-01
1.060000000000000016e-06,4.600000000000000200e-01
1.070000000000000767e-06,4.600000000000000200e-01
1.080000000000000671e-06,4.799999999999999822e-01
1.090000000000000575e-06,4.400000000000000022e-01
1.100000000000000480e-06,4.400000000000000022e-01
1.110000000000000384e-06,4.400000000000000022e-01
1.120000000000000288e-06,4.600000000000000200e-01
1.130000000000000192e-06,4.199999999999999845e-01
1.140000000000000097e-06,4.000000000000000222e-01
1.150000000000000001e-06,4.000000000000000222e-01
1.160000000000000752e-06,3.800000000000000044e-01
1.170000000000000656e-06,3.599999999999999867e-01
1.180000000000000561e-06,4.000000000000000222e-01
1.190000000000000465e-06,4.000000000000000222e-01
1.200000000000000369e-06,4.000000000000000222e-01
1.210000000000000273e-06,3.800000000000000044e-01
1.220000000000000178e-06,3.800000000000000044e-01
1.230000000000000082e-06,3.599999999999999867e-01
1.239999999999999986e-06,3.599999999999999867e-01
1.250000000000000738e-06,3.800000000000000044e-01
1.260000000000000642e-06,3.800000000000000044e-01
1.270000000000000546e-06,3.599999999999999867e-01
1.280000000000000450e-06,3.400000000000000244e-01
1.290000000000000355e-06,3.599999999999999867e-01
1.300000000000000259e-06,3.400000000000000244e-01
1.310000000000000163e-06,3.599999999999999867e-01
1.320000000000000067e-06,3.200000000000000067e-01
1.330000000000000819e-06,3.200000000000000067e-01
1.340000000000000723e-06,3.400000000000000244e-01
1.350000000000000627e-06,3.599999999999999867e-01
1.360000000000000531e-06,3.200000000000000067e-01
1.370000000000000436e-06,3.200000000000000067e-01
1.380000000000000340e-06,3.400000000000000244e-01
1.390000000000000244e-06,3.200000000000000067e-01
1.400000000000000148e-06,3.400000000000000244e-01
1.410000000000000053e-06,3.400000000000000244e-01
1.420000000000000804e-06,3.200000000000000067e-01
1.430000000000000708e-06,3.200000000000000067e-01
1.440000000000000612e-06,2.999999999999999889e-01
1.450000000000000517e-06,3.200000000000000067e-01
1.460000000000000421e-06,2.999999999999999889e-01
1.470000000000000325e-06,3.200000000000000067e-01
1.480000000000000229e-06,3.200000000000000067e-01
1.490000000000000134e-06,3.200000000000000067e-01
1.500000000000000038e-06,2.999999999999999889e-01
1.510000000000000789e-06,2.999999999999999889e-01
1.520000000000000694e-06,2.999999999999999889e-01
1.530000000000000598e-06,2.999999999999999889e-01
1.540000000000000502e-06,2.999999999999999889e-01
1.550000000000000406e-06,3.200000000000000067e-01
1.560000000000000311e-06,2.999999999999999889e-01
1.570000000000000215e-06,2.999999999999999889e-01
1.580000000000000119e-06,2.800000000000000266e-01
1.590000000000000023e-06,2.800000000000000266e-01
1.600000000000000775e-06,2.999999999999999889e-01
1.610000000000000679e-06,2.999999999999999889e-01
1.620000000000000583e-06,2.999999999999999889e-01
1.630000000000000487e-06,3.400000000000000244e-01
1.640000000000000392e-06,3.200000000000000067e-01
1.650000000000000296e-06,3.400000000000000244e-01
1.660000000000000200e-06,3.599999999999999867e-01
1.670000000000000104e-06,3.599999999999999867e-01
1.680000000000000009e-06,3.800000000000000044e-01
1.690000000000000760e-06,3.599999999999999867e-01
1.700000000000000664e-06,3.599999999999999867e-01
1.710000000000000568e-06,4.199999999999999845e-01
1.720000000000000473e-06,4.199999999999999845e-01
1.730000000000000377e-06,4.600000000000000200e-01
1.740000000000000281e-06,4.799999999999999822e-01
1.750000000000000186e-06,5.000000000000000000e-01
1.760000000000000090e-06,5.200000000000000178e-01
1.769999999999999994e-06,5.600000000000000533e-01
1.780000000000000745e-06,5.799999999999999600e-01
1.790000000000000650e-06,6.400000000000000133e-01
1.800000000000000554e-06,6.400000000000000133e-01
1.810000000000000458e-06,7.000000000000000666e-01
1.820000000000000362e-06,7.399999999999999911e-01
1.830000000000000267e-06,7.600000000000000089e-01
1.840000000000000171e-06,8.200000000000000622e-01
1.850000000000000075e-06,8.399999999999999689e-01
1.860000000000000826e-06,8.599999999999999867e-01
1.870000000000000731e-06,9.000000000000000222e-01
1.880000000000000635e-06,9.000000000000000222e-01
1.890000000000000539e-06,9.200000000000000400e-01
1.900000000000000443e-06,9.000000000000000222e-01
1.910000000000000348e-06,9.200000000000000400e-01
1.920000000000000252e-06,9.200000000000000400e-01
1.930000000000000156e-06,9.200000000000000400e-01
1.940000000000000060e-06,8.800000000000000044e-01
1.950000000000000812e-06,8.599999999999999867e-01
1.960000000000000716e-06,8.399999999999999689e-01
1.970000000000000620e-06,8.000000000000000444e-01
1.980000000000000525e-06,8.200000000000000622e-01
1.990000000000000429e-06,7.600000000000000089e-01
2.000000000000000333e-06,7.399999999999999911e-01
2.010000000000000237e-06,7.199999999999999734e-01
2.020000000000000142e-06,6.800000000000000488e-01
2.030000000000000046e-06,6.800000000000000488e-01
2.039999999999999950e-06,6.800000000000000488e-01
2.049999999999999854e-06,5.999999999999999778e-01
2.059999999999999759e-06,5.999999999999999778e-01
2.069999999999999663e-06,5.999999999999999778e-01
2.080000000000001261e-06,5.799999999999999600e-01
2.090000000000001165e-06,5.799999999999999600e-01
2.100000000000001070e-06,5.600000000000000533e-01
2.110000000000000974e-06,5.600000000000000533e-01
2.120000000000000878e-06,5.400000000000000355e-01
2.130000000000000782e-06,5.200000000000000178e-01
2.140000000000000687e-06,5.200000000000000178e-01
2.150000000000000591e-06,5.000000000000000000e-01
2.160000000000000495e-06,5.200000000000000178e-01
2.170000000000000399e-06,5.000000000000000000e-01
2.180000000000000304e-06,5.000000000000000000e-01
2.190000000000000208e-06,4.799999999999999822e-01
2.200000000000000112e-06,5.000000000000000000e-01
2.210000000000000016e-06,5.000000000000000000e-01
2.219999999999999921e-06,5.000000000000000000e-01
2.229999999999999825e-06,5.000000000000000000e-01
2.239999999999999729e-06,5.400000000000000355e-01
2.249999999999999633e-06,5.200000000000000178e-01
2.260000000000001232e-06,5.600000000000000533e-01
2.270000000000001136e-06,5.600000000000000533e-01
2.280000000000001040e-06,5.999999999999999778e-01
2.290000000000000945e-06,6.199999999999999956e-01
2.300000000000000849e-06,6.600000000000000311e-01
2.310000000000000753e-06,7.000000000000000666e-01
2.320000000000000657e-06,7.399999999999999911e-01
2.330000000000000562e-06,7.800000000000000266e-01
2.340000000000000466e-06,8.399999999999999689e-01
2.350000000000000370e-06,9.000000000000000222e-01
2.360000000000000274e-06,9.799999999999999822e-01
2.370000000000000179e-06,1.020000000000000018e+00
2.380000000000000083e-06,1.080000000000000071e+00
2.389999999999999987e-06,1.120000000000000107e+00
2.399999999999999891e-06,1.159999999999999920e+00
2.409999999999999796e-06,1.199999999999999956e+00
2.419999999999999700e-06,1.219999999999999973e+00
2.429999999999999604e-06,1.219999999999999973e+00
2.440000000000001202e-06,1.219999999999999973e+00
2.450000000000001107e-06,1.179999999999999938e+00
2.460000000000001011e-06,1.199999999999999956e+00
2.470000000000000915e-06,1.159999999999999920e+00
2.480000000000000820e-06,1.140000000000000124e+00
2.490000000000000724e-06,1.100000000000000089e+00
2.500000000000000628e-06,1.060000000000000053e+00
2.510000000000000532e-06,1.020000000000000018e+00
2.520000000000000437e-06,9.799999999999999822e-01
2.530000000000000341e-06,9.400000000000000577e-01
2.540000000000000245e-06,9.000000000000000222e-01
2.550000000000000149e-06,8.800000000000000044e-01
2.560000000000000054e-06,8.599999999999999867e-01
2.569999999999999958e-06,8.200000000000000622e-01
2.579999999999999862e-06,8.000000000000000444e-01
2.589999999999999766e-06,7.800000000000000266e-01
2.599999999999999671e-06,7.600000000000000089e-01
2.610000000000001269e-06,7.399999999999999911e-01
2.620000000000001173e-06,7.399999999999999911e-01
2.630000000000001077e-06,6.800000000000000488e-01
2.640000000000000982e-06,6.800000000000000488e-01
2.650000000000000886e-06,6.800000000000000488e-01
2.660000000000000790e-06,6.600000000000000311e-01
2.670000000000000694e-06,6.400000000000000133e-01
2.680000000000000599e-06,6.400000000000000133e-01
2.690000000000000503e-06,6.199999999999999956e-01
2.700000000000000407e-06,6.199999999999999956e-01
2.710000000000000311e-06,6.199999999999999956e-01
2.720000000000000216e-06,6.199999999999999956e-01
2.730000000000000120e-06,5.799999999999999600e-01
2.740000000000000024e-06,5.799999999999999600e-01
2.749999999999999928e-06,5.799999999999999600e-01
2.759999999999999833e-06,5.799999999999999600e-01
2.769999999999999737e-06,5.799999999999999600e-01
2.779999999999999641e-06,5.600000000000000533e-01
2.790000000000001240e-06,5.600000000000000533e-01
2.800000000000001144e-06,5.799999999999999600e-01
2.810000000000001048e-06,5.799999999999999600e-01
2.820000000000000952e-06,5.600000000000000533e-01
2.830000000000000857e-06,5.400000000000000355e-01
2.840000000000000761e-06,5.400000000000000355e-01
2.850000000000000665e-06,5.400000000000000355e-01
2.860000000000000569e-06,5.200000000000000178e-01
2.870000000000000474e-06,5.400000000000000355e-01
2.880000000000000378e-06,5.400000000000000355e-01
2.890000000000000282e-06,5.200000000000000178e-01
2.900000000000000186e-06,5.000000000000000000e-01
2.910000000000000091e-06,5.000000000000000000e-01
2.919999999999999995e-06,5.000000000000000000e-01
2.929999999999999899e-06,5.000000000000000000e-01
2.939999999999999803e-06,5.200000000000000178e-01
2.949999999999999708e-06,5.000000000000000000e-01
2.959999999999999612e-06,5.000000000000000000e-01
2.970000000000001210e-06,4.799999999999999822e-01
2.980000000000001115e-06,5.000000000000000000e-01
2.990000000000001019e-06,5.000000000000000000e-01
3.000000000000000923e-06,5.200000000000000178e-01
3.010000000000000827e-06,5.000000000000000000e-01
3.020000000000000732e-06,5.200000000000000178e-01
3.030000000000000636e-06,5.000000000000000000e-01
3.040000000000000540e-06,5.200000000000000178e-01
3.050000000000000444e-06,5.000000000000000000e-01
3.060000000000000349e-06,5.400000000000000355e-01
3.070000000000000253e-06,5.200000000000000178e-01
3.080000000000000157e-06,5.200000000000000178e-01
3.090000000000000061e-06,5.200000000000000178e-01
3.099999999999999966e-06,5.400000000000000355e-01
3.109999999999999870e-06,5.400000000000000355e-01
3.119999999999999774e-06,5.400000000000000355e-01
3.129999999999999678e-06,5.600000000000000533e-01
3.140000000000001277e-06,5.600000000000000533e-01
3.150000000000001181e-06,5.600000000000000533e-01
3.160000000000001085e-06,5.799999999999999600e-01
3.170000000000000989e-06,5.600000000000000533e-01
3.180000000000000894e-06,5.999999999999999778e-01
3.190000000000000798e-06,5.999999999999999778e-01
3.200000000000000702e-06,6.199999999999999956e-01
3.210000000000000606e-06,6.600000000000000311e-01
3.220000000000000511e-06,6.400000000000000133e-01
3.230000000000000415e-06,6.600000000000000311e-01
3.240000000000000319e-06,6.400000000000000133e-01
3.250000000000000224e-06,6.800000000000000488e-01
3.260000000000000128e-06,6.600000000000000311e-01
3.270000000000000032e-06,7.199999999999999734e-01
3.279999999999999936e-06,7.199999999999999734e-01
3.289999999999999841e-06,7.600000000000000089e-01
3.299999999999999745e-06,7.600000000000000089e-01
3.309999999999999649e-06,7.600000000000000089e-01
3.320000000000001247e-06,7.800000000000000266e-01
3.330000000000001152e-06,7.800000000000000266e-01
3.340000000000001056e-06,8.000000000000000444e-01
3.350000000000000960e-06,7.800000000000000266e-01
3.360000000000000864e-06,8.000000000000000444e-01
3.370000000000000769e-06,8.000000000000000444e-01
3.380000000000000673e-06,8.200000000000000622e-01
3.390000000000000577e-06,8.000000000000000444e-01
3.400000000000000481e-06,8.200000000000000622e-01
3.410000000000000386e-06,8.000000000000000444e-01
3.420000000000000290e-06,7.800000000000000266e-01
3.430000000000000194e-06,7.800000000000000266e-01
3.440000000000000098e-06,7.800000000000000266e-01
3.450000000000000003e-06,7.600000000000000089e-01
3.459999999999999907e-06,7.399999999999999911e-01
3.469999999999999811e-06,7.399999999999999911e-01
3.479999999999999715e-06,7.399999999999999911e-01
3.489999999999999620e-06,7.399999999999999911e-01
3.500000000000001218e-06,7.199999999999999734e-01
3.510000000000001122e-06,7.000000000000000666e-01
3.520000000000001027e-06,7.000000000000000666e-01
3.530000000000000931e-06,6.800000000000000488e-01
3.540000000000000835e-06,6.600000000000000311e-01
3.550000000000000739e-06,6.600000000000000311e-01
3.560000000000000644e-06,6.600000000000000311e-01
3.570000000000000548e-06,6.400000000000000133e-01
3.580000000000000452e-06,6.600000000000000311e-01
3.590000000000000356e-06,6.199999999999999956e-01
3.600000000000000261e-06,5.999999999999999778e-01
3.610000000000000165e-06,5.799999999999999600e-01
3.620000000000000069e-06,5.999999999999999778e-01
3.629999999999999973e-06,5.999999999999999778e-01
3.639999999999999878e-06,5.799999999999999600e-01
3.649999999999999782e-06,6.199999999999999956e-01
3.659999999999999686e-06,5.799999999999999600e-01
3.670000000000001284e-06,5.600000000000000533e-01
3.680000000000001189e-06,5.600000000000000533e-01
3.690000000000001093e-06,5.400000000000000355e-01
3.700000000000000997e-06,5.400000000000000355e-01
3.710000000000000901e-06,5.600000000000000533e-01
3.720000000000000806e-06,5.400000000000000355e-01
3.730000000000000710e-06,5.400000000000000355e-01
3.740000000000000614e-06,5.400000000000000355e-01
3.750000000000000519e-06,5.400000000000000355e-01
3.760000000000000423e-06,5.400000000000000355e-01
3.770000000000000327e-06,5.200000000000000178e-01
3.780000000000000231e-06,5.200000000000000178e-01
3.790000000000000136e-06,5.400000000000000355e-01
3.800000000000000040e-06,5.400000000000000355e-01
3.809999999999999944e-06,5.200000000000000178e-01
3.819999999999999848e-06,5.000000000000000000e-01
3.829999999999999753e-06,5.400000000000000355e-01
3.839999999999999657e-06,5.000000000000000000e-01
3.850000000000001255e-06,5.000000000000000000e-01
3.860000000000001159e-06,4.799999999999999822e-01
3.870000000000001064e-06,5.200000000000000178e-01
3.880000000000000968e-06,5.200000000000000178e-01
3.890000000000000872e-06,5.200000000000000178e-01
3.900000000000000776e-06,5.000000000000000000e-01
3.910000000000000681e-06,5.000000000000000000e-01
3.920000000000000585e-06,4.799999999999999822e-01
3.930000000000000489e-06,5.000000000000000000e-01
3.940000000000000393e-06,5.000000000000000000e-01
3.950000000000000298e-06,4.799999999999999822e-01
3.960000000000000202e-06,5.000000000000000000e-01
3.970000000000000106e-06,5.000000000000000000e-01
3.980000000000000010e-06,5.000000000000000000e-01
3.989999999999999915e-06,5.000000000000000000e-01
3.999999999999999819e-06,4.799999999999999822e-01
4.009999999999999723e-06,5.400000000000000355e-01
4.019999999999999628e-06,4.799999999999999822e-01
4.030000000000001226e-06,5.200000000000000178e-01
4.040000000000001130e-06,5.000000000000000000e-01
4.050000000000001034e-06,5.000000000000000000e-01
4.060000000000000939e-06,5.400000000000000355e-01
4.070000000000000843e-06,5.200000000000000178e-01
4.080000000000000747e-06,5.400000000000000355e-01
4.090000000000000651e-06,5.200000000000000178e-01
4.100000000000000556e-06,5.400000000000000355e-01
4.110000000000000460e-06,5.200000000000000178e-01
4.120000000000000364e-06,5.400000000000000355e-01
4.130000000000000268e-06,5.600000000000000533e-01
4.140000000000000173e-06,5.200000000000000178e-01
4.150000000000000077e-06,5.600000000000000533e-01
4.159999999999999981e-06,5.600000000000000533e-01
4.169999999999999885e-06,5.600000000000000533e-01
4.179999999999999790e-06,5.799999999999999600e-01
4.189999999999999694e-06,5.999999999999999778e-01
4.200000000000001292e-06,6.199999999999999956e-01
4.210000000000001197e-06,6.400000000000000133e-01
4.220000000000001101e-06,6.400000000000000133e-01
4.230000000000001005e-06,6.400000000000000133e-01
4.240000000000000909e-06,6.400000000000000133e-01
4.250000000000000814e-06,6.400000000000000133e-01
4.260000000000000718e-06,6.600000000000000311e-01
4.270000000000000622e-06,7.000000000000000666e-01
4.280000000000000526e-06,7.199999999999999734e-01
4.290000000000000431e-06,7.199999999999999734e-01
4.300000000000000335e-06,7.199999999999999734e-01
4.310000000000000239e-06,7.399999999999999911e-01
4.320000000000000143e-06,7.399999999999999911e-01
4.330000000000000048e-06,7.600000000000000089e-01
4.339999999999999952e-06,8.000000000000000444e-01
4.349999999999999856e-06,7.800000000000000266e-01
4.359999999999999760e-06,8.200000000000000622e-01
4.369999999999999665e-06,8.200000000000000622e-01
4.380000000000001263e-06,8.200000000000000622e-01
4.390000000000001167e-06,8.200000000000000622e-01
4.400000000000001071e-06,8.399999999999999689e-01
4.410000000000000976e-06,8.399999999999999689e-01
4.420000000000000880e-06,8.399999999999999689e-01
4.430000000000000784e-06,8.000000000000000444e-01
4.440000000000000688e-06,8.599999999999999867e-01
4.450000000000000593e-06,8.399999999999999689e-01
4.460000000000000497e-06,8.399999999999999689e-01
4.470000000000000401e-06,8.399999999999999689e-01
4.480000000000000305e-06,8.399999999999999689e-01
4.490000000000000210e-06,8.599999999999999867e-01
4.500000000000000114e-06,8.399999999999999689e-01
4.510000000000000018e-06,8.599999999999999867e-01
4.519999999999999923e-06,8.599999999999999867e-01
4.529999999999999827e-06,8.599999999999999867e-01
4.539999999999999731e-06,9.200000000000000400e-01
4.549999999999999635e-06,8.800000000000000044e-01
4.560000000000001234e-06,9.200000000000000400e-01
4.570000000000001138e-06,9.400000000000000577e-01
4.580000000000001042e-06,9.400000000000000577e-01
4.590000000000000946e-06,9.799999999999999822e-01
4.600000000000000851e-06,1.000000000000000000e+00
4.610000000000000755e-06,1.020000000000000018e+00
4.620000000000000659e-06,1.060000000000000053e+00
4.630000000000000563e-06,1.100000000000000089e+00
4.640000000000000468e-06,1.120000000000000107e+00
4.650000000000000372e-06,1.159999999999999920e+00
4.660000000000000276e-06,1.159999999999999920e+00
4.670000000000000180e-06,1.199999999999999956e+00
4.680000000000000085e-06,1.239999999999999991e+00
4.689999999999999989e-06,1.219999999999999973e+00
4.699999999999999893e-06,1.260000000000000009e+00
4.709999999999999797e-06,1.239999999999999991e+00
4.719999999999999702e-06,1.260000000000000009e+00
4.730000000000001300e-06,1.239999999999999991e+00
4.740000000000001204e-06,1.239999999999999991e+00
4.750000000000001109e-06,1.179999999999999938e+00
4.760000000000001013e-06,1.159999999999999920e+00
4.770000000000000917e-06,1.159999999999999920e+00
4.780000000000000821e-06,1.140000000000000124e+00
4.790000000000000726e-06,1.120000000000000107e+00
4.800000000000000630e-06,1.060000000000000053e+00
4.810000000000000534e-06,1.020000000000000018e+00
4.820000000000000438e-06,1.020000000000000018e+00
4.830000000000000343e-06,9.799999999999999822e-01
4.840000000000000247e-06,9.799999999999999822e-01
4.850000000000000151e-06,9.200000000000000400e-01
4.860000000000000055e-06,9.000000000000000222e-01
4.869999999999999960e-06,8.800000000000000044e-01
4.879999999999999864e-06,8.399999999999999689e-01
4.889999999999999768e-06,8.399999999999999689e-01
4.899999999999999672e-06,8.399999999999999689e-01
4.910000000000001271e-06,8.200000000000000622e-01
4.920000000000001175e-06,8.000000000000000444e-01
4.930000000000001079e-06,7.800000000000000266e-01
4.940000000000000983e-06,7.600000000000000089e-01
4.950000000000000888e-06,7.600000000000000089e-01
4.960000000000000792e-06,7.399999999999999911e-01
4.970000000000000696e-06,7.199999999999999734e-01
4.980000000000000601e-06,7.000000000000000666e-01
4.990000000000000505e-06,7.199999999999999734e-01
5.000000000000000409e-06,7.000000000000000666e-01
5.010000000000000313e-06,7.199999999999999734e-01
5.020000000000000218e-06,6.600000000000000311e-01
5.030000000000000122e-06,6.800000000000000488e-01
5.040000000000000026e-06,6.800000000000000488e-01
5.049999999999999930e-06,6.800000000000000488e-01
5.059999999999999835e-06,6.400000000000000133e-01
5.069999999999999739e-06,6.400000000000000133e-01
5.079999999999999643e-06,6.400000000000000133e-01
5.090000000000001241e-06,6.400000000000000133e-01
5.100000000000001146e-06,6.400000000000000133e-01
5.110000000000001050e-06,6.400000000000000133e-01
5.120000000000000954e-06,6.199999999999999956e-01
5.130000000000000858e-06,5.999999999999999778e-01
5.140000000000000763e-06,5.999999999999999778e-01
5.150000000000000667e-06,5.999999999999999778e-01
5.160000000000000571e-06,6.199999999999999956e-01
5.170000000000000475e-06,5.999999999999999778e-01
5.180000000000000380e-06,5.999999999999999778e-01
5.190000000000000284e-06,5.999999999999999778e-01
5.200000000000000188e-06,5.799999999999999600e-01
5.210000000000000092e-06,5.799999999999999600e-01
5.219999999999999997e-06,5.799999999999999600e-01
5.229999999999999901e-06,5.999999999999999778e-01
5.239999999999999805e-06,5.600000000000000533e-01
5.249999999999999709e-06,5.600000000000000533e-01
5.260000000000001308e-06,5.799999999999999600e-01
5.270000000000001212e-06,5.600000000000000533e-01
5.280000000000001116e-06,5.600000000000000533e-01
5.290000000000001021e-06,5.600000000000000533e-01
5.300000000000000925e-06,5.799999999999999600e-01
5.310000000000000829e-06,5.600000000000000533e-01
5.320000000000000733e-06,5.400000000000000355e-01
5.330000000000000638e-06,5.600000000000000533e-01
5.340000000000000542e-06,5.400000000000000355e-01
5.350000000000000446e-06,5.400000000000000355e-01
5.360000000000000350e-06,5.600000000000000533e-01
5.370000000000000255e-06,5.400000000000000355e-01
5.380000000000000159e-06,5.600000000000000533e-01
5.390000000000000063e-06,5.600000000000000533e-01
5.399999999999999967e-06,5.200000000000000178e-01
5.409999999999999872e-06,5.200000000000000178e-01
5.419999999999999776e-06,5.200000000000000178e-01
5.429999999999999680e-06,5.200000000000000178e-01
5.440000000000001278e-06,5.400000000000000355e-01
5.450000000000001183e-06,5.400000000000000355e-01
5.460000000000001087e-06,5.200000000000000178e-01
5.470000000000000991e-06,5.000000000000000000e-01
5.480000000000000896e-06,5.400000000000000355e-01
5.490000000000000800e-06,5.000000000000000000e-01
5.500000000000000704e-06,5.200000000000000178e-01
5.510000000000000608e-06,5.200000000000000178e-01
5.520000000000000513e-06,5.200000000000000178e-01
5.530000000000000417e-06,5.400000000000000355e-01
5.540000000000000321e-06,5.200000000000000178e-01
5.550000000000000225e-06,5.200000000000000178e-01
5.560000000000000130e-06,5.000000000000000000e-01
5.570000000000000034e-06,5.000000000000000000e-01
5.579999999999999938e-06,5.400000000000000355e-01
5.589999999999999842e-06,5.400000000000000355e-01
5.599999999999999747e-06,5.400000000000000355e-01
5.609999999999999651e-06,5.200000000000000178e-01
5.620000000000001249e-06,5.200000000000000178e-01
5.630000000000001153e-06,5.400000000000000355e-01
5.640000000000001058e-06,5.600000000000000533e-01
5.650000000000000962e-06,5.600000000000000533e-01
5.660000000000000866e-06,5.600000000000000533e-01
5.670000000000000770e-06,5.600000000000000533e-01
5.680000000000000675e-06,5.600000000000000533e-01
5.690000000000000579e-06,6.199999999999999956e-01
5.700000000000000483e-06,5.799999999999999600e-01
5.710000000000000387e-06,6.199999999999999956e-01
5.720000000000000292e-06,6.400000000000000133e-01
5.730000000000000196e-06,6.600000000000000311e-01
5.740000000000000100e-06,6.800000000000000488e-01
5.750000000000000004e-06,7.000000000000000666e-01
5.759999999999999909e-06,7.199999999999999734e-01
5.769999999999999813e-06,7.399999999999999911e-01
5.779999999999999717e-06,7.800000000000000266e-01
5.790000000000001316e-06,8.000000000000000444e-01
5.800000000000001220e-06,8.200000000000000622e-01
5.810000000000001124e-06,8.599999999999999867e-01
5.820000000000001028e-06,9.000000000000000222e-01
5.830000000000000933e-06,9.200000000000000400e-01
5.840000000000000837e-06,9.799999999999999822e-01
5.850000000000000741e-06,9.799999999999999822e-01
5.860000000000000645e-06,1.020000000000000018e+00
5.870000000000000550e-06,1.040000000000000036e+00
5.880000000000000454e-06,1.060000000000000053e+00
5.890000000000000358e-06,1.100000000000000089e+00
5.900000000000000262e-06,1.120000000000000107e+00
5.910000000000000167e-06,1.140000000000000124e+00
5.920000000000000071e-06,1.140000000000000124e+00
5.929999999999999975e-06,1.140000000000000124e+00
5.939999999999999879e-06,1.140000000000000124e+00
5.949999999999999784e-06,1.140000000000000124e+00
5.959999999999999688e-06,1.100000000000000089e+00
5.970000000000001286e-06,1.100000000000000089e+00
5.980000000000001191e-06,1.100000000000000089e+00
5.990000000000001095e-06,1.080000000000000071e+00
6.000000000000000999e-06,1.060000000000000053e+00
6.010000000000000903e-06,1.040000000000000036e+00
6.020000000000000808e-06,9.799999999999999822e-01
6.030000000000000712e-06,1.000000000000000000e+00
6.040000000000000616e-06,9.799999999999999822e-01
6.050000000000000520e-06,9.599999999999999645e-01
6.060000000000000425e-06,9.400000000000000577e-01
6.070000000000000329e-06,9.000000000000000222e-01
6.080000000000000233e-06,9.000000000000000222e-01
6.090000000000000137e-06,9.000000000000000222e-01
6.100000000000000042e-06,8.599999999999999867e-01
6.109999999999999946e-06,8.599999999999999867e-01
6.119999999999999850e-06,8.399999999999999689e-01
6.129999999999999754e-06,8.000000000000000444e-01
6.139999999999999659e-06,7.800000000000000266e-01
6.150000000000001257e-06,8.000000000000000444e-01
6.160000000000001161e-06,7.800000000000000266e-01
6.170000000000001065e-06,7.600000000000000089e-01
6.180000000000000970e-06,7.600000000000000089e-01
6.190000000000000874e-06,7.600000000000000089e-01
6.200000000000000778e-06,7.399999999999999911e-01
6.210000000000000682e-06,7.199999999999999734e-01
6.220000000000000587e-06,7.199999999999999734e-01
6.230000000000000491e-06,6.800000000000000488e-01
6.240000000000000395e-06,7.000000000000000666e-01
6.250000000000000300e-06,7.000000000000000666e-01
6.260000000000000204e-06,6.800000000000000488e-01
6.270000000000000108e-06,6.800000000000000488e-01
6.280000000000000012e-06,6.600000000000000311e-01
6.289999999999999917e-06,6.600000000000000311e-01
6.299999999999999821e-06,6.800000000000000488e-01
6.309999999999999725e-06,6.800000000000000488e-01
6.320000000000001323e-06,6.600000000000000311e-01
6.330000000000001228e-06,6.400000000000000133e-01
6.340000000000001132e-06,6.400000000000000133e-01
6.350000000000001036e-06,6.600000000000000311e-01
6.360000000000000940e-06,6.400000000000000133e-01
6.370000000000000845e-06,6.199999999999999956e-01
6.380000000000000749e-06,6.400000000000000133e-01
6.390000000000000653e-06,6.199999999999999956e-01
6.400000000000000557e-06,5.999999999999999778e-01
6.410000000000000462e-06,5.999999999999999778e-01
6.420000000000000366e-06,6.400000000000000133e-01
6.430000000000000270e-06,5.999999999999999778e-01
6.440000000000000174e-06,5.999999999999999778e-01
6.450000000000000079e-06,5.999999999999999778e-01
6.459999999999999983e-06,5.999999999999999778e-01
6.469999999999999887e-06,6.199999999999999956e-01
6.479999999999999791e-06,5.799999999999999600e-01
6.489999999999999696e-06,5.999999999999999778e-01
6.500000000000001294e-06,5.999999999999999778e-01
6.510000000000001198e-06,5.799999999999999600e-01
6.520000000000001103e-06,5.999999999999999778e-01
6.530000000000001007e-06,5.799999999999999600e-01
6.540000000000000911e-06,5.799999999999999600e-01
6.550000000000000815e-06,5.799999999999999600e-01
6.560000000000000720e-06,5.600000000000000533e-01
6.570000000000000624e-06,5.799999999999999600e-01
6.580000000000000528e-06,5.799999999999999600e-01
6.590000000000000432e-06,5.799999999999999600e-01
6.600000000000000337e-06,5.600000000000000533e-01
6.610000000000000241e-06,5.799999999999999600e-01
6.620000000000000145e-06,5.799999999999999600e-01
6.630000000000000049e-06,5.799999999999999600e-01
6.639999999999999954e-06,5.799999999999999600e-01
6.649999999999999858e-06,5.799999999999999600e-01
6.659999999999999762e-06,5.799999999999999600e-01
6.669999999999999666e-06,5.799999999999999600e-01
6.680000000000001265e-06,5.999999999999999778e-01
6.690000000000001169e-06,5.799999999999999600e-01
6.700000000000001073e-06,5.799999999999999600e-01
6.710000000000000977e-06,5.799999999999999600e-01
6.720000000000000882e-06,5.799999999999999600e-01
6.730000000000000786e-06,5.799999999999999600e-01
6.740000000000000690e-06,5.799999999999999600e-01
6.750000000000000595e-06,5.600000000000000533e-01
6.760000000000000499e-06,5.999999999999999778e-01
6.770000000000000403e-06,5.999999999999999778e-01
6.780000000000000307e-06,5.799999999999999600e-01
6.790000000000000212e-06,5.999999999999999778e-01
6.800000000000000116e-06,6.199999999999999956e-01
6.810000000000000020e-06,5.799999999999999600e-01
6.819999999999999924e-06,5.999999999999999778e-01
6.829999999999999829e-06,5.999999999999999778e-01
6.839999999999999733e-06,6.199999999999999956e-01
6.850000000000001331e-06,5.999999999999999778e-01
6.860000000000001235e-06,6.199999999999999956e-01
6.870000000000001140e-06,6.400000000000000133e-01
6.880000000000001044e-06,6.600000000000000311e-01
6.890000000000000948e-06,6.600000000000000311e-01
6.900000000000000852e-06,6.800000000000000488e-01
6.910000000000000757e-06,7.000000000000000666e-01
6.920000000000000661e-06,7.000000000000000666e-01
6.930000000000000565e-06,6.800000000000000488e-01
6.940000000000000469e-06,7.199999999999999734e-01
6.950000000000000374e-06,7.000000000000000666e-01
6.960000000000000278e-06,7.199999999999999734e-01
6.970000000000000182e-06,7.399999999999999911e-01
6.980000000000000086e-06,7.399999999999999911e-01
6.989999999999999991e-06,7.800000000000000266e-01
6.999999999999999895e-06,7.600000000000000089e-01
7.009999999999999799e-06,7.800000000000000266e-01
7.019999999999999704e-06,7.800000000000000266e-01
7.030000000000001302e-06,7.800000000000000266e-01
7.040000000000001206e-06,8.200000000000000622e-01
7.050000000000001110e-06,8.200000000000000622e-01
7.060000000000001015e-06,8.399999999999999689e-01
7.070000000000000919e-06,8.599999999999999867e-01
7.080000000000000823e-06,8.599999999999999867e-01
7.090000000000000727e-06,8.599999999999999867e-01
7.100000000000000632e-06,8.599999999999999867e-01
7.110000000000000536e-06,8.599999999999999867e-01
7.120000000000000440e-06,8.599999999999999867e-01
7.130000000000000344e-06,8.800000000000000044e-01
7.140000000000000249e-06,9.000000000000000222e-01
7.150000000000000153e-06,8.599999999999999867e-01
7.160000000000000057e-06,8.599999999999999867e-01
7.169999999999999961e-06,8.599999999999999867e-01
7.179999999999999866e-06,8.599999999999999867e-01
7.189999999999999770e-06,8.800000000000000044e-01
7.199999999999999674e-06,8.399999999999999689e-01
7.210000000000001273e-06,8.399999999999999689e-01
7.220000000000001177e-06,8.200000000000000622e-01
7.230000000000001081e-06,8.399999999999999689e-01
7.240000000000000985e-06,8.399999999999999689e-01
7.250000000000000890e-06,8.399999999999999689e-01
7.260000000000000794e-06,8.200000000000000622e-01
7.270000000000000698e-06,8.200000000000000622e-01
7.280000000000000602e-06,8.000000000000000444e-01
7.290000000000000507e-06,8.000000000000000444e-01
7.300000000000000411e-06,8.000000000000000444e-01
7.310000000000000315e-06,8.000000000000000444e-01
7.320000000000000219e-06,7.800000000000000266e-01
7.330000000000000124e-06,7.800000000000000266e-01
7.340000000000000028e-06,7.800000000000000266e-01
7.349999999999999932e-06,7.399999999999999911e-01
7.359999999999999836e-06,7.800000000000000266e-01
7.369999999999999741e-06,7.600000000000000089e-01
7.380000000000001339e-06,7.199999999999999734e-01
7.390000000000001243e-06,7.399999999999999911e-01
7.400000000000001147e-06,7.399999999999999911e-01
7.410000000000001052e-06,7.600000000000000089e-01
7.420000000000000956e-06,7.399999999999999911e-01
7.430000000000000860e-06,7.399999999999999911e-01
7.440000000000000764e-06,7.399999999999999911e-01
7.450000000000000669e-06,7.199999999999999734e-01
7.460000000000000573e-06,7.399999999999999911e-01
7.470000000000000477e-06,7.399999999999999911e-01
7.480000000000000381e-06,7.399999999999999911e-01
7.490000000000000286e-06,7.199999999999999734e-01
7.500000000000000190e-06,7.199999999999999734e-01
7.510000000000000094e-06,7.199999999999999734e-01
7.519999999999999999e-06,7.199999999999999734e-01
7.529999999999999903e-06,7.199999999999999734e-01
7.539999999999999807e-06,7.399999999999999911e-01
7.549999999999999711e-06,7.000000000000000666e-01
7.560000000000001310e-06,7.399999999999999911e-01
7.570000000000001214e-06,7.399999999999999911e-01
7.580000000000001118e-06,7.199999999999999734e-01
7.590000000000001022e-06,7.199999999999999734e-01
7.600000000000000927e-06,7.399999999999999911e-01
7.610000000000000831e-06,7.199999999999999734e-01
7.620000000000000735e-06,7.399999999999999911e-01
7.629999999999999792e-06,7.000000000000000666e-01
7.640000000000001391e-06,7.399999999999999911e-01
7.649999999999999601e-06,7.399999999999999911e-01
7.660000000000001199e-06,7.199999999999999734e-01
7.669999999999999409e-06,7.399999999999999911e-01
7.680000000000001008e-06,7.399999999999999911e-01
7.689999999999999218e-06,7.399999999999999911e-01
7.700000000000000816e-06,7.800000000000000266e-01
7.709999999999999026e-06,7.800000000000000266e-01
7.720000000000000625e-06,7.600000000000000089e-01
7.730000000000002223e-06,7.600000000000000089e-01
7.740000000000000433e-06,7.399999999999999911e-01
7.750000000000002032e-06,8.000000000000000444e-01
7.760000000000000242e-06,7.600000000000000089e-01
7.770000000000001840e-06,7.600000000000000089e-01
7.780000000000000050e-06,7.600000000000000089e-01
7.790000000000001649e-06,8.000000000000000444e-01
7.799999999999999859e-06,8.000000000000000444e-01
7.810000000000001457e-06,8.000000000000000444e-01
7.819999999999999667e-06,8.000000000000000444e-01
7.830000000000001266e-06,7.800000000000000266e-01
7.839999999999999476e-06,8.200000000000000622e-01
7.850000000000001074e-06,7.800000000000000266e-01
7.859999999999999284e-06,8.000000000000000444e-01
7.870000000000000883e-06,8.000000000000000444e-01
7.879999999999999093e-06,8.000000000000000444e-01
7.890000000000000691e-06,8.000000000000000444e-01
7.899999999999998901e-06,7.800000000000000266e-01
7.910000000000000500e-06,7.800000000000000266e-01
7.920000000000002098e-06,8.200000000000000622e-01
7.930000000000000308e-06,8.000000000000000444e-01
7.940000000000001907e-06,8.000000000000000444e-01
7.950000000000000117e-06,8.000000000000000444e-01
7.960000000000001715e-06,8.000000000000000444e-01
7.969999999999999925e-06,7.800000000000000266e-01
7.980000000000001524e-06,8.200000000000000622e-01
7.989999999999999734e-06,8.000000000000000444e-01
8.000000000000001332e-06,7.800000000000000266e-01
8.009999999999999542e-06,7.800000000000000266e-01
8.020000000000001141e-06,7.800000000000000266e-01
8.029999999999999351e-06,8.000000000000000444e-01
8.040000000000000949e-06,7.800000000000000266e-01
8.049999999999999159e-06,8.000000000000000444e-01
8.060000000000000758e-06,7.800000000000000266e-01
8.069999999999998968e-06,7.600000000000000089e-01
8.080000000000000566e-06,7.800000000000000266e-01
8.090000000000002164e-06,7.800000000000000266e-01
8.100000000000000375e-06,7.399999999999999911e-01
8.110000000000001973e-06,7.800000000000000266e-01
8.120000000000000183e-06,7.600000000000000089e-01
8.130000000000001781e-06,7.399999999999999911e-01
8.139999999999999992e-06,7.600000000000000089e-01
8.150000000000001590e-06,7.600000000000000089e-01
8.159999999999999800e-06,7.399999999999999911e-01
8.170000000000001398e-06,7.199999999999999734e-01
8.179999999999999609e-06,7.399999999999999911e-01
8.190000000000001207e-06,7.199999999999999734e-01
8.199999999999999417e-06,7.199999999999999734e-01
8.210000000000001015e-06,7.000000000000000666e-01
8.219999999999999226e-06,7.399999999999999911e-01
8.230000000000000824e-06,7.199999999999999734e-01
8.239999999999999034e-06,7.199999999999999734e-01
8.250000000000000633e-06,7.000000000000000666e-01
8.260000000000002231e-06,7.000000000000000666e-01
8.270000000000000441e-06,7.000000000000000666e-01
8.280000000000002039e-06,7.000000000000000666e-01
8.290000000000000250e-06,6.800000000000000488e-01
8.300000000000001848e-06,7.000000000000000666e-01
8.310000000000000058e-06,6.800000000000000488e-01
8.320000000000001656e-06,6.800000000000000488e-01
8.329999999999999867e-06,6.800000000000000488e-01
8.340000000000001465e-06,6.800000000000000488e-01
8.349999999999999675e-06,7.000000000000000666e-01
8.360000000000001273e-06,6.600000000000000311e-01
8.369999999999999484e-06,6.600000000000000311e-01
8.380000000000001082e-06,6.800000000000000488e-01
8.389999999999999292e-06,6.800000000000000488e-01
8.400000000000000890e-06,6.800000000000000488e-01
8.409999999999999101e-06,6.600000000000000311e-01
8.420000000000000699e-06,6.600000000000000311e-01
8.429999999999998909e-06,6.600000000000000311e-01
8.440000000000000507e-06,6.600000000000000311e-01
8.450000000000002106e-06,6.600000000000000311e-01
8.460000000000000316e-06,6.400000000000000133e-01
8.470000000000001914e-06,6.600000000000000311e-01
8.480000000000000124e-06,6.600000000000000311e-01
8.490000000000001723e-06,6.400000000000000133e-01
8.499999999999999933e-06,6.400000000000000133e-01
8.510000000000001531e-06,6.400000000000000133e-01
8.519999999999999742e-06,6.400000000000000133e-01
8.530000000000001340e-06,6.600000000000000311e-01
8.539999999999999550e-06,6.400000000000000133e-01
8.550000000000001148e-06,6.400000000000000133e-01
8.559999999999999359e-06,6.400000000000000133e-01
8.570000000000000957e-06,6.400000000000000133e-01
8.579999999999999167e-06,6.400000000000000133e-01
8.590000000000000765e-06,6.199999999999999956e-01
8.599999999999998976e-06,6.400000000000000133e-01
8.610000000000000574e-06,6.400000000000000133e-01
8.620000000000002172e-06,6.400000000000000133e-01
8.630000000000000382e-06,6.199999999999999956e-01
8.640000000000001981e-06,6.199999999999999956e-01
8.650000000000000191e-06,6.199999999999999956e-01
8.660000000000001789e-06,6.600000000000000311e-01
8.669999999999999999e-06,6.199999999999999956e-01
8.680000000000001598e-06,6.400000000000000133e-01
8.689999999999999808e-06,6.400000000000000133e-01
8.700000000000001406e-06,6.400000000000000133e-01
8.709999999999999616e-06,6.199999999999999956e-01
8.720000000000001215e-06,6.199999999999999956e-01
8.729999999999999425e-06,6.199999999999999956e-01
8.740000000000001023e-06,6.400000000000000133e-01
8.749999999999999233e-06,6.600000000000000311e-01
8.760000000000000832e-06,6.400000000000000133e-01
8.769999999999999042e-06,6.199999999999999956e-01
8.780000000000000640e-06,6.600000000000000311e-01
8.790000000000002239e-06,6.400000000000000133e-01
8.800000000000000449e-06,6.600000000000000311e-01
8.810000000000002047e-06,6.400000000000000133e-01
8.820000000000000257e-06,6.400000000000000133e-01
8.830000000000001856e-06,6.600000000000000311e-01
8.840000000000000066e-06,6.600000000000000311e-01
8.850000000000001664e-06,6.600000000000000311e-01
8.859999999999999874e-06,6.600000000000000311e-01
8.870000000000001473e-06,6.600000000000000311e-01
8.879999999999999683e-06,6.400000000000000133e-01
8.890000000000001281e-06,6.600000000000000311e-01
8.899999999999999491e-06,6.400000000000000133e-01
8.910000000000001090e-06,6.800000000000000488e-01
8.919999999999999300e-06,6.800000000000000488e-01
8.930000000000000898e-06,6.600000000000000311e-01
8.939999999999999108e-06,6.800000000000000488e-01
8.950000000000000707e-06,6.600000000000000311e-01
8.959999999999998917e-06,6.800000000000000488e-01
8.970000000000000515e-06,6.800000000000000488e-01
8.980000000000002114e-06,6.600000000000000311e-01
8.990000000000000324e-06,7.000000000000000666e-01
9.000000000000001922e-06,7.000000000000000666e-01
9.010000000000000132e-06,7.199999999999999734e-01
9.020000000000001731e-06,6.800000000000000488e-01
9.029999999999999941e-06,7.000000000000000666e-01
9.040000000000001539e-06,7.199999999999999734e-01
9.049999999999999749e-06,7.000000000000000666e-01
9.060000000000001348e-06,7.199999999999999734e-01
9.069999999999999558e-06,7.199999999999999734e-01
9.080000000000001156e-06,7.199999999999999734e-01
9.089999999999999366e-06,7.199999999999999734e-01
9.100000000000000965e-06,7.399999999999999911e-01
9.109999999999999175e-06,7.199999999999999734e-01
9.120000000000000773e-06,7.399999999999999911e-01
9.129999999999998983e-06,7.199999999999999734e-01
9.140000000000000582e-06,7.600000000000000089e-01
9.150000000000002180e-06,7.800000000000000266e-01
9.160000000000000390e-06,7.399999999999999911e-01
9.170000000000001988e-06,7.600000000000000089e-01
9.180000000000000199e-06,7.399999999999999911e-01
9.190000000000001797e-06,7.600000000000000089e-01
9.200000000000000007e-06,7.600000000000000089e-01
9.210000000000001606e-06,7.399999999999999911e-01
9.219999999999999816e-06,7.600000000000000089e-01
9.230000000000001414e-06,7.600000000000000089e-01
9.239999999999999624e-06,7.600000000000000089e-01
9.250000000000001223e-06,7.600000000000000089e-01
9.259999999999999433e-06,7.399999999999999911e-01
9.270000000000001031e-06,7.600000000000000089e-01
9.279999999999999241e-06,7.600000000000000089e-01
9.290000000000000840e-06,7.399999999999999911e-01
9.299999999999999050e-06,7.600000000000000089e-01
9.310000000000000648e-06,7.399999999999999911e-01
9.320000000000002246e-06,7.600000000000000089e-01
9.330000000000000457e-06,7.800000000000000266e-01
9.340000000000002055e-06,7.600000000000000089e-01
9.350000000000000265e-06,7.600000000000000089e-01
9.360000000000001863e-06,7.399999999999999911e-01
9.370000000000000074e-06,7.199999999999999734e-01
9.380000000000001672e-06,7.199999999999999734e-01
9.389999999999999882e-06,7.600000000000000089e-01
9.400000000000001480e-06,7.399999999999999911e-01
9.409999999999999691e-06,7.399999999999999911e-01
9.420000000000001289e-06,7.399999999999999911e-01
9.429999999999999499e-06,7.199999999999999734e-01
9.440000000000001097e-06,7.600000000000000089e-01
9.449999999999999308e-06,7.199999999999999734e-01
9.460000000000000906e-06,7.399999999999999911e-01
9.469999999999999116e-06,7.000000000000000666e-01
9.480000000000000715e-06,7.000000000000000666e-01
9.489999999999998925e-06,7.000000000000000666e-01
9.500000000000000523e-06,7.199999999999999734e-01
9.510000000000002121e-06,6.800000000000000488e-01
9.520000000000000332e-06,7.000000000000000666e-01
9.530000000000001930e-06,7.000000000000000666e-01
9.540000000000000140e-06,7.000000000000000666e-01
9.550000000000001738e-06,6.800000000000000488e-01
9.559999999999999949e-06,6.800000000000000488e-01
9.570000000000001547e-06,6.600000000000000311e-01
9.579999999999999757e-06,6.600000000000000311e-01
9.590000000000001355e-06,6.800000000000000488e-01
9.599999999999999566e-06,6.800000000000000488e-01
9.610000000000001164e-06,6.800000000000000488e-01
9.619999999999999374e-06,6.600000000000000311e-01
9.630000000000000972e-06,6.600000000000000311e-01
9.639999999999999183e-06,6.600000000000000311e-01
9.650000000000000781e-06,6.600000000000000311e-01
9.659999999999998991e-06,6.600000000000000311e-01
9.670000000000000589e-06,6.800000000000000488e-01
9.679999999999998800e-06,6.800000000000000488e-01
9.690000000000000398e-06,6.600000000000000311e-01
9.699999999999998608e-06,6.400000000000000133e-01
9.710000000000000206e-06,6.600000000000000311e-01
9.719999999999998417e-06,6.400000000000000133e-01
9.730000000000000015e-06,6.600000000000000311e-01
9.739999999999998225e-06,6.600000000000000311e-01
9.749999999999999823e-06,6.600000000000000311e-01
9.760000000000001422e-06,6.400000000000000133e-01
9.769999999999999632e-06,6.600000000000000311e-01
9.780000000000001230e-06,6.600000000000000311e-01
9.789999999999999441e-06,6.600000000000000311e-01
9.800000000000001039e-06,6.400000000000000133e-01
9.809999999999999249e-06,6.400000000000000133e-01
9.820000000000000847e-06,6.199999999999999956e-01
9.829999999999999058e-06,5.999999999999999778e-01
9.840000000000000656e-06,5.999999999999999778e-01
9.849999999999998866e-06,6.400000000000000133e-01
9.860000000000000464e-06,6.199999999999999956e-01
9.869999999999998675e-06,6.199999999999999956e-01
9.880000000000000273e-06,6.400000000000000133e-01
9.889999999999998483e-06,6.199999999999999956e-01
9.900000000000000081e-06,6.199999999999999956e-01
9.909999999999998292e-06,6.400000000000000133e-01
9.919999999999999890e-06,5.799999999999999600e-01
9.929999999999998100e-06,6.199999999999999956e-01
9.939999999999999698e-06,5.999999999999999778e-01
9.950000000000001297e-06,6.199999999999999956e-01
9.959999999999999507e-06,6.199999999999999956e-01
9.970000000000001105e-06,5.999999999999999778e-01
9.979999999999999315e-06,5.999999999999999778e-01
9.990000000000000914e-06,6.199999999999999956e-01
9.999999999999999124e-06,6.199999999999999956e-01
1.001000000000000072e-05,6.199999999999999956e-01
1.001999999999999893e-05,5.999999999999999778e-01
1.003000000000000053e-05,6.199999999999999956e-01
1.003999999999999874e-05,5.999999999999999778e-01
1.005000000000000034e-05,5.999999999999999778e-01
1.005999999999999855e-05,5.999999999999999778e-01
1.007000000000000015e-05,5.999999999999999778e-01
1.007999999999999836e-05,6.199999999999999956e-01
1.008999999999999996e-05,5.799999999999999600e-01
1.009999999999999817e-05,5.999999999999999778e-01
1.010999999999999976e-05,6.199999999999999956e-01
1.012000000000000136e-05,5.999999999999999778e-01
1.012999999999999957e-05,6.199999999999999956e-01
1.014000000000000117e-05,5.999999999999999778e-01
1.014999999999999938e-05,6.199999999999999956e-01
1.016000000000000098e-05,5.999999999999999778e-01
1.016999999999999919e-05,5.999999999999999778e-01
1.018000000000000079e-05,5.999999999999999778e-01
1.018999999999999900e-05,5.799999999999999600e-01
1.020000000000000060e-05,5.999999999999999778e-01
1.020999999999999881e-05,6.199999999999999956e-01
1.022000000000000041e-05,6.199999999999999956e-01
1.022999999999999862e-05,6.199999999999999956e-01
1.024000000000000021e-05,6.400000000000000133e-01
1.024999999999999842e-05,6.199999999999999956e-01
1.026000000000000002e-05,6.199999999999999956e-01
1.026999999999999823e-05,6.199999999999999956e-01
1.027999999999999983e-05,5.999999999999999778e-01
1.029000000000000143e-05,6.199999999999999956e-01
1.029999999999999964e-05,6.199999999999999956e-01
1.031000000000000124e-05,6.400000000000000133e-01
1.031999999999999945e-05,6.400000000000000133e-01
1.033000000000000105e-05,6.199999999999999956e-01
1.033999999999999926e-05,6.600000000000000311e-01
1.035000000000000086e-05,6.199999999999999956e-01
1.035999999999999907e-05,6.400000000000000133e-01
1.037000000000000066e-05,6.199999999999999956e-01
1.037999999999999887e-05,6.400000000000000133e-01
1.039000000000000047e-05,6.600000000000000311e-01
1.039999999999999868e-05,6.400000000000000133e-01
1.041000000000000028e-05,6.600000000000000311e-01
1.041999999999999849e-05,6.600000000000000311e-01
1.043000000000000009e-05,6.800000000000000488e-01
1.043999999999999830e-05,6.400000000000000133e-01
1.044999999999999990e-05,6.800000000000000488e-01
1.045999999999999811e-05,6.600000000000000311e-01
1.046999999999999971e-05,6.400000000000000133e-01
1.048000000000000130e-05,6.800000000000000488e-01
1.048999999999999951e-05,7.000000000000000666e-01
1.050000000000000111e-05,6.800000000000000488e-01
1.050999999999999932e-05,6.800000000000000488e-01
1.052000000000000092e-05,6.800000000000000488e-01
1.052999999999999913e-05,6.800000000000000488e-01
1.054000000000000073e-05,6.800000000000000488e-01
1.054999999999999894e-05,6.800000000000000488e-01
1.056000000000000054e-05,6.800000000000000488e-01
1.056999999999999875e-05,7.199999999999999734e-01
1.058000000000000035e-05,6.800000000000000488e-01
1.058999999999999856e-05,7.199999999999999734e-01
1.060000000000000016e-05,6.800000000000000488e-01
1.060999999999999837e-05,6.800000000000000488e-01
1.061999999999999996e-05,7.199999999999999734e-01
1.062999999999999817e-05,7.399999999999999911e-01
1.063999999999999977e-05,7.399999999999999911e-01
1.065000000000000137e-05,7.199999999999999734e-01
1.065999999999999958e-05,7.199999999999999734e-01
1.067000000000000118e-05,7.399999999999999911e-01
1.067999999999999939e-05,7.399999999999999911e-01
1.069000000000000099e-05,7.199999999999999734e-01
1.069999999999999920e-05,7.399999999999999911e-01
1.071000000000000080e-05,7.199999999999999734e-01
1.071999999999999901e-05,7.600000000000000089e-01
1.073000000000000061e-05,7.399999999999999911e-01
1.073999999999999882e-05,7.199999999999999734e-01
1.075000000000000041e-05,7.199999999999999734e-01
1.075999999999999862e-05,7.600000000000000089e-01
1.077000000000000022e-05,7.399999999999999911e-01
1.077999999999999843e-05,7.399999999999999911e-01
1.079000000000000003e-05,7.199999999999999734e-01
1.079999999999999824e-05,7.399999999999999911e-01
1.080999999999999984e-05,7.199999999999999734e-01
1.082000000000000144e-05,7.399999999999999911e-01
1.082999999999999965e-05,7.199999999999999734e-01
1.084000000000000125e-05,7.199999999999999734e-01
1.084999999999999946e-05,7.600000000000000089e-01
1.086000000000000105e-05,7.199999999999999734e-01
1.086999999999999926e-05,7.399999999999999911e-01
1.088000000000000086e-05,7.199999999999999734e-01
1.088999999999999907e-05,7.199999999999999734e-01
1.090000000000000067e-05,7.399999999999999911e-01
1.090999999999999888e-05,7.199999999999999734e-01
1.092000000000000048e-05,7.199999999999999734e-01
1.092999999999999869e-05,7.399999999999999911e-01
1.094000000000000029e-05,7.399999999999999911e-01
1.094999999999999850e-05,7.199999999999999734e-01
1.096000000000000010e-05,7.199999999999999734e-01
1.096999999999999831e-05,7.199999999999999734e-01
1.097999999999999991e-05,7.199999999999999734e-01
1.098999999999999812e-05,7.199999999999999734e-01
1.099999999999999971e-05,7.199999999999999734e-01
1.101000000000000131e-05,7.000000000000000666e-01
1.101999999999999952e-05,7.199999999999999734e-01
1.103000000000000112e-05,7.000000000000000666e-01
1.103999999999999933e-05,7.000000000000000666e-01
1.105000000000000093e-05,7.199999999999999734e-01
1.105999999999999914e-05,7.000000000000000666e-01
1.107000000000000074e-05,6.800000000000000488e-01
1.107999999999999895e-05,7.000000000000000666e-01
1.109000000000000055e-05,7.199999999999999734e-01
1.109999999999999876e-05,7.199999999999999734e-01
1.111000000000000035e-05,7.199999999999999734e-01
1.111999999999999857e-05,7.199999999999999734e-01
1.113000000000000016e-05,7.000000000000000666e-01
1.113999999999999837e-05,7.199999999999999734e-01
1.114999999999999997e-05,7.199999999999999734e-01
1.115999999999999818e-05,7.199999999999999734e-01
1.116999999999999978e-05,7.199999999999999734e-01
1.118000000000000138e-05,7.199999999999999734e-01
1.118999999999999959e-05,7.199999999999999734e-01
1.120000000000000119e-05,7.399999999999999911e-01
1.120999999999999940e-05,7.199999999999999734e-01
1.122000000000000100e-05,7.399999999999999911e-01
1.122999999999999921e-05,7.199999999999999734e-01
1.124000000000000080e-05,7.399999999999999911e-01
1.124999999999999901e-05,7.399999999999999911e-01
1.126000000000000061e-05,7.399999999999999911e-01
1.126999999999999882e-05,7.600000000000000089e-01
1.128000000000000042e-05,7.399999999999999911e-01
1.128999999999999863e-05,7.600000000000000089e-01
1.130000000000000023e-05,7.600000000000000089e-01
1.130999999999999844e-05,7.800000000000000266e-01
1.132000000000000004e-05,7.800000000000000266e-01
1.132999999999999825e-05,7.600000000000000089e-01
1.133999999999999985e-05,7.399999999999999911e-01
1.135000000000000145e-05,8.000000000000000444e-01
1.135999999999999966e-05,8.000000000000000444e-01
1.137000000000000125e-05,7.800000000000000266e-01
1.137999999999999946e-05,8.000000000000000444e-01
1.139000000000000106e-05,8.000000000000000444e-01
1.139999999999999927e-05,8.000000000000000444e-01
1.141000000000000087e-05,8.000000000000000444e-01
1.141999999999999908e-05,8.200000000000000622e-01
1.143000000000000068e-05,8.000000000000000444e-01
1.143999999999999889e-05,8.200000000000000622e-01
1.145000000000000049e-05,8.000000000000000444e-01
1.145999999999999870e-05,8.000000000000000444e-01
1.147000000000000030e-05,8.000000000000000444e-01
1.147999999999999851e-05,8.000000000000000444e-01
1.149000000000000010e-05,8.000000000000000444e-01
1.149999999999999831e-05,8.000000000000000444e-01
1.150999999999999991e-05,8.000000000000000444e-01
1.151999999999999812e-05,8.000000000000000444e-01
1.152999999999999972e-05,8.000000000000000444e-01
1.154000000000000132e-05,8.000000000000000444e-01
1.154999999999999953e-05,8.000000000000000444e-01
1.156000000000000113e-05,8.000000000000000444e-01
1.156999999999999934e-05,7.800000000000000266e-01
1.158000000000000094e-05,8.000000000000000444e-01
1.158999999999999915e-05,7.800000000000000266e-01
1.160000000000000075e-05,7.800000000000000266e-01
1.160999999999999896e-05,8.000000000000000444e-01
1.162000000000000055e-05,8.000000000000000444e-01
1.162999999999999876e-05,8.000000000000000444e-01
1.164000000000000036e-05,7.800000000000000266e-01
1.164999999999999857e-05,8.000000000000000444e-01
1.166000000000000017e-05,7.800000000000000266e-01
1.166999999999999838e-05,7.800000000000000266e-01
1.167999999999999998e-05,7.600000000000000089e-01
1.168999999999999819e-05,7.600000000000000089e-01
1.169999999999999979e-05,7.600000000000000089e-01
1.171000000000000139e-05,7.800000000000000266e-01
1.171999999999999960e-05,7.600000000000000089e-01
1.173000000000000120e-05,7.399999999999999911e-01
1.173999999999999941e-05,7.399999999999999911e-01
1.175000000000000100e-05,7.600000000000000089e-01
1.175999999999999921e-05,7.399999999999999911e-01
1.177000000000000081e-05,7.399999999999999911e-01
1.177999999999999902e-05,7.000000000000000666e-01
1.179000000000000062e-05,7.399999999999999911e-01
1.179999999999999883e-05,7.399999999999999911e-01
1.181000000000000043e-05,7.199999999999999734e-01
1.181999999999999864e-05,7.000000000000000666e-01
1.183000000000000024e-05,7.199999999999999734e-01
1.183999999999999845e-05,7.199999999999999734e-01
1.185000000000000005e-05,7.199999999999999734e-01
1.185999999999999826e-05,7.199999999999999734e-01
1.186999999999999985e-05,7.000000000000000666e-01
1.188000000000000145e-05,7.000000000000000666e-01
1.188999999999999966e-05,6.800000000000000488e-01
1.190000000000000126e-05,6.800000000000000488e-01
1.190999999999999947e-05,7.000000000000000666e-01
1.192000000000000107e-05,6.800000000000000488e-01
1.192999999999999928e-05,7.000000000000000666e-01
1.194000000000000088e-05,7.000000000000000666e-01
1.194999999999999909e-05,6.800000000000000488e-01
1.196000000000000069e-05,6.800000000000000488e-01
1.196999999999999890e-05,7.199999999999999734e-01
1.198000000000000050e-05,7.000000000000000666e-01
1.198999999999999871e-05,7.000000000000000666e-01
1.200000000000000030e-05,6.800000000000000488e-01
1.200999999999999851e-05,6.800000000000000488e-01
1.202000000000000011e-05,6.800000000000000488e-01
1.202999999999999832e-05,6.800000000000000488e-01
1.203999999999999992e-05,6.800000000000000488e-01
1.204999999999999813e-05,7.000000000000000666e-01
1.205999999999999973e-05,6.800000000000000488e-01
1.207000000000000133e-05,6.800000000000000488e-01
1.207999999999999954e-05,7.000000000000000666e-01
1.209000000000000114e-05,7.000000000000000666e-01
1.209999999999999935e-05,6.600000000000000311e-01
1.211000000000000094e-05,7.000000000000000666e-01
1.211999999999999916e-05,7.000000000000000666e-01
1.213000000000000075e-05,7.000000000000000666e-01
1.213999999999999896e-05,7.199999999999999734e-01
1.215000000000000056e-05,6.800000000000000488e-01
1.215999999999999877e-05,7.199999999999999734e-01
1.217000000000000037e-05,7.000000000000000666e-01
1.217999999999999858e-05,7.000000000000000666e-01
1.219000000000000018e-05,7.199999999999999734e-01
1.219999999999999839e-05,7.199999999999999734e-01
1.220999999999999999e-05,7.199999999999999734e-01
1.221999999999999820e-05,7.199999999999999734e-01
1.222999999999999980e-05,7.399999999999999911e-01
1.224000000000000139e-05,7.199999999999999734e-01
1.224999999999999960e-05,7.399999999999999911e-01
1.226000000000000120e-05,7.199999999999999734e-01
1.226999999999999941e-05,7.399999999999999911e-01
1.228000000000000101e-05,7.399999999999999911e-01
1.228999999999999922e-05,7.800000000000000266e-01
1.230000000000000082e-05,7.600000000000000089e-01
1.230999999999999903e-05,7.600000000000000089e-01
1.232000000000000063e-05,7.600000000000000089e-01
1.232999999999999884e-05,7.800000000000000266e-01
1.234000000000000044e-05,7.600000000000000089e-01
1.234999999999999865e-05,8.000000000000000444e-01
1.236000000000000025e-05,8.000000000000000444e-01
1.236999999999999846e-05,8.000000000000000444e-01
1.238000000000000005e-05,7.800000000000000266e-01
1.238999999999999826e-05,8.000000000000000444e-01
1.239999999999999986e-05,7.800000000000000266e-01
1.241000000000000146e-05,8.200000000000000622e-01
1.241999999999999967e-05,8.000000000000000444e-01
1.243000000000000127e-05,8.200000000000000622e-01
1.243999999999999948e-05,8.200000000000000622e-01
1.245000000000000108e-05,8.000000000000000444e-01
1.245999999999999929e-05,8.200000000000000622e-01
1.247000000000000089e-05,8.000000000000000444e-01
1.247999999999999910e-05,8.200000000000000622e-01
1.249000000000000069e-05,8.399999999999999689e-01
1.249999999999999890e-05,8.000000000000000444e-01
1.251000000000000050e-05,8.200000000000000622e-01
1.251999999999999871e-05,8.000000000000000444e-01
1.253000000000000031e-05,8.200000000000000622e-01
1.253999999999999852e-05,8.000000000000000444e-01
1.255000000000000012e-05,8.000000000000000444e-01
1.255999999999999833e-05,8.200000000000000622e-01
1.256999999999999993e-05,8.200000000000000622e-01
1.257999999999999814e-05,8.200000000000000622e-01
1.258999999999999974e-05,8.000000000000000444e-01
1.260000000000000134e-05,8.200000000000000622e-01
1.260999999999999955e-05,7.800000000000000266e-01
1.262000000000000114e-05,8.200000000000000622e-01
1.262999999999999935e-05,7.800000000000000266e-01
1.264000000000000095e-05,7.600000000000000089e-01
1.264999999999999916e-05,8.000000000000000444e-01
1.266000000000000076e-05,7.800000000000000266e-01
1.266999999999999897e-05,7.800000000000000266e-01
1.268000000000000057e-05,7.600000000000000089e-01
1.268999999999999878e-05,7.600000000000000089e-01
1.270000000000000038e-05,7.800000000000000266e-01
1.270999999999999859e-05,7.600000000000000089e-01
1.272000000000000019e-05,7.399999999999999911e-01
1.272999999999999840e-05,7.199999999999999734e-01
1.274000000000000000e-05,7.600000000000000089e-01
1.274999999999999821e-05,7.399999999999999911e-01
1.275999999999999980e-05,7.399999999999999911e-01
1.277000000000000140e-05,7.199999999999999734e-01
1.277999999999999961e-05,7.199999999999999734e-01
1.279000000000000121e-05,7.399999999999999911e-01
1.279999999999999942e-05,7.399999999999999911e-01
1.281000000000000102e-05,7.000000000000000666e-01
1.281999999999999923e-05,7.000000000000000666e-01
1.283000000000000083e-05,7.000000000000000666e-01
1.283999999999999904e-05,7.000000000000000666e-01
1.285000000000000064e-05,6.800000000000000488e-01
1.285999999999999885e-05,6.600000000000000311e-01
1.287000000000000044e-05,6.800000000000000488e-01
1.287999999999999865e-05,6.800000000000000488e-01
1.289000000000000025e-05,6.800000000000000488e-01
1.289999999999999846e-05,6.800000000000000488e-01
1.291000000000000006e-05,6.800000000000000488e-01
1.291999999999999827e-05,6.600000000000000311e-01
1.292999999999999987e-05,6.600000000000000311e-01
1.294000000000000147e-05,6.800000000000000488e-01
1.294999999999999968e-05,6.600000000000000311e-01
1.296000000000000128e-05,6.600000000000000311e-01
1.296999999999999949e-05,6.800000000000000488e-01
1.298000000000000109e-05,6.600000000000000311e-01
1.298999999999999930e-05,6.400000000000000133e-01
1.300000000000000089e-05,6.600000000000000311e-01
1.300999999999999910e-05,6.400000000000000133e-01
1.302000000000000070e-05,6.600000000000000311e-01
1.302999999999999891e-05,6.400000000000000133e-01
1.304000000000000051e-05,6.199999999999999956e-01
1.304999999999999872e-05,6.400000000000000133e-01
1.306000000000000032e-05,6.199999999999999956e-01
1.306999999999999853e-05,6.199999999999999956e-01
1.308000000000000013e-05,6.400000000000000133e-01
1.308999999999999834e-05,5.999999999999999778e-01
1.309999999999999994e-05,6.400000000000000133e-01
1.310999999999999815e-05,6.199999999999999956e-01
1.311999999999999975e-05,6.199999999999999956e-01
1.313000000000000134e-05,6.600000000000000311e-01
1.313999999999999955e-05,5.999999999999999778e-01
1.315000000000000115e-05,5.999999999999999778e-01
1.315999999999999936e-05,5.799999999999999600e-01
1.317000000000000096e-05,5.799999999999999600e-01
1.317999999999999917e-05,6.199999999999999956e-01
1.319000000000000077e-05,6.199999999999999956e-01
1.319999999999999898e-05,6.199999999999999956e-01
1.321000000000000058e-05,6.199999999999999956e-01
1.321999999999999879e-05,6.199999999999999956e-01
1.323000000000000039e-05,6.199999999999999956e-01
1.323999999999999860e-05,5.999999999999999778e-01
1.325000000000000019e-05,5.799999999999999600e-01
1.325999999999999840e-05,5.999999999999999778e-01
1.327000000000000000e-05,5.999999999999999778e-01
1.327999999999999821e-05,5.999999999999999778e-01
1.328999999999999981e-05,5.799999999999999600e-01
1.330000000000000141e-05,6.199999999999999956e-01
1.330999999999999962e-05,5.799999999999999600e-01
1.332000000000000122e-05,5.999999999999999778e-01
1.332999999999999943e-05,5.799999999999999600e-01
1.334000000000000103e-05,5.600000000000000533e-01
1.334999999999999924e-05,5.600000000000000533e-01
1.336000000000000084e-05,5.799999999999999600e-01
1.336999999999999905e-05,5.799999999999999600e-01
1.338000000000000064e-05,5.799999999999999600e-01
1.338999999999999885e-05,5.600000000000000533e-01
1.340000000000000045e-05,5.799999999999999600e-01
1.340999999999999866e-05,5.799999999999999600e-01
1.342000000000000026e-05,5.600000000000000533e-01
1.342999999999999847e-05,5.600000000000000533e-01
1.344000000000000007e-05,5.600000000000000533e-01
1.344999999999999828e-05,5.799999999999999600e-01
1.345999999999999988e-05,5.600000000000000533e-01
1.347000000000000148e-05,5.600000000000000533e-01
1.347999999999999969e-05,5.600000000000000533e-01
1.349000000000000128e-05,5.600000000000000533e-01
1.349999999999999949e-05,5.400000000000000355e-01
1.351000000000000109e-05,5.400000000000000355e-01
1.351999999999999930e-05,5.600000000000000533e-01
1.353000000000000090e-05,5.400000000000000355e-01
1.353999999999999911e-05,5.600000000000000533e-01
1.355000000000000071e-05,5.600000000000000533e-01
1.355999999999999892e-05,5.400000000000000355e-01
1.357000000000000052e-05,5.799999999999999600e-01
1.357999999999999873e-05,5.799999999999999600e-01
1.359000000000000033e-05,5.600000000000000533e-01
1.359999999999999854e-05,5.600000000000000533e-01
1.361000000000000014e-05,5.799999999999999600e-01
1.361999999999999835e-05,5.400000000000000355e-01
1.362999999999999994e-05,5.600000000000000533e-01
1.363999999999999815e-05,5.400000000000000355e-01
1.364999999999999975e-05,5.600000000000000533e-01
1.366000000000000135e-05,5.600000000000000533e-01
1.366999999999999956e-05,5.400000000000000355e-01
1.368000000000000116e-05,5.600000000000000533e-01
1.368999999999999937e-05,5.600000000000000533e-01
1.370000000000000097e-05,5.400000000000000355e-01
1.370999999999999918e-05,5.600000000000000533e-01
1.372000000000000078e-05,5.600000000000000533e-01
1.372999999999999899e-05,5.600000000000000533e-01
1.374000000000000059e-05,5.400000000000000355e-01
1.374999999999999880e-05,5.400000000000000355e-01
1.376000000000000039e-05,5.600000000000000533e-01
1.376999999999999860e-05,5.600000000000000533e-01
1.378000000000000020e-05,5.600000000000000533e-01
1.378999999999999841e-05,5.600000000000000533e-01
1.380000000000000001e-05,5.600000000000000533e-01
1.380999999999999822e-05,5.400000000000000355e-01
1.381999999999999982e-05,5.400000000000000355e-01
1.383000000000000142e-05,5.600000000000000533e-01
1.383999999999999963e-05,5.799999999999999600e-01
1.385000000000000123e-05,5.400000000000000355e-01
1.385999999999999944e-05,5.600000000000000533e-01
1.387000000000000103e-05,5.600000000000000533e-01
1.387999999999999924e-05,5.400000000000000355e-01
1.389000000000000084e-05,5.400000000000000355e-01
1.389999999999999905e-05,5.400000000000000355e-01
1.391000000000000065e-05,5.600000000000000533e-01
1.391999999999999886e-05,5.400000000000000355e-01
1.393000000000000046e-05,5.600000000000000533e-01
1.393999999999999867e-05,5.400000000000000355e-01
1.395000000000000027e-05,5.799999999999999600e-01
1.395999999999999848e-05,5.799999999999999600e-01
1.397000000000000008e-05,5.600000000000000533e-01
1.397999999999999829e-05,5.799999999999999600e-01
1.398999999999999989e-05,5.999999999999999778e-01
1.400000000000000148e-05,5.600000000000000533e-01
1.400999999999999969e-05,5.600000000000000533e-01
1.402000000000000129e-05,5.799999999999999600e-01
1.402999999999999950e-05,5.799999999999999600e-01
1.404000000000000110e-05,5.799999999999999600e-01
1.404999999999999931e-05,5.999999999999999778e-01
1.406000000000000091e-05,5.999999999999999778e-01
1.406999999999999912e-05,5.999999999999999778e-01
1.408000000000000072e-05,5.999999999999999778e-01
1.408999999999999893e-05,5.999999999999999778e-01
1.410000000000000053e-05,5.999999999999999778e-01
1.410999999999999874e-05,6.199999999999999956e-01
1.412000000000000034e-05,5.999999999999999778e-01
1.412999999999999855e-05,5.999999999999999778e-01
1.414000000000000014e-05,6.199999999999999956e-01
1.414999999999999835e-05,6.199999999999999956e-01
1.415999999999999995e-05,5.999999999999999778e-01
1.416999999999999816e-05,6.400000000000000133e-01
1.417999999999999976e-05,6.199999999999999956e-01
1.419000000000000136e-05,6.600000000000000311e-01
1.419999999999999957e-05,6.400000000000000133e-01
1.421000000000000117e-05,6.400000000000000133e-01
1.421999999999999938e-05,6.400000000000000133e-01
1.423000000000000098e-05,6.600000000000000311e-01
1.423999999999999919e-05,6.800000000000000488e-01
1.425000000000000078e-05,6.600000000000000311e-01
1.425999999999999899e-05,6.400000000000000133e-01
1.427000000000000059e-05,6.600000000000000311e-01
1.427999999999999880e-05,6.600000000000000311e-01
1.429000000000000040e-05,7.000000000000000666e-01
1.429999999999999861e-05,6.600000000000000311e-01
1.431000000000000021e-05,6.600000000000000311e-01
1.431999999999999842e-05,6.800000000000000488e-01
1.433000000000000002e-05,7.000000000000000666e-01
1.433999999999999823e-05,6.800000000000000488e-01
1.434999999999999983e-05,7.000000000000000666e-01
1.436000000000000143e-05,7.000000000000000666e-01
1.436999999999999964e-05,7.000000000000000666e-01
1.438000000000000123e-05,7.000000000000000666e-01
1.438999999999999944e-05,7.199999999999999734e-01
1.440000000000000104e-05,7.399999999999999911e-01
1.440999999999999925e-05,7.399999999999999911e-01
1.442000000000000085e-05,7.399999999999999911e-01
1.442999999999999906e-05,7.199999999999999734e-01
1.444000000000000066e-05,7.199999999999999734e-01
1.444999999999999887e-05,7.199999999999999734e-01
1.446000000000000047e-05,7.199999999999999734e-01
1.446999999999999868e-05,7.199999999999999734e-01
1.448000000000000028e-05,7.199999999999999734e-01
1.448999999999999849e-05,7.399999999999999911e-01
1.450000000000000009e-05,7.199999999999999734e-01
1.450999999999999830e-05,7.000000000000000666e-01
1.451999999999999989e-05,7.399999999999999911e-01
1.453000000000000149e-05,7.399999999999999911e-01
1.453999999999999970e-05,7.399999999999999911e-01
1.455000000000000130e-05,7.600000000000000089e-01
1.455999999999999951e-05,7.399999999999999911e-01
1.457000000000000111e-05,7.600000000000000089e-01
1.457999999999999932e-05,7.399999999999999911e-01
1.459000000000000092e-05,7.600000000000000089e-01
1.459999999999999913e-05,7.600000000000000089e-01
1.461000000000000073e-05,7.399999999999999911e-01
1.461999999999999894e-05,7.600000000000000089e-01
1.463000000000000053e-05,7.399999999999999911e-01
1.463999999999999874e-05,7.600000000000000089e-01
1.465000000000000034e-05,7.600000000000000089e-01
1.465999999999999855e-05,7.399999999999999911e-01
1.467000000000000015e-05,7.199999999999999734e-01
1.467999999999999836e-05,7.399999999999999911e-01
1.468999999999999996e-05,7.600000000000000089e-01
1.469999999999999817e-05,7.399999999999999911e-01
1.470999999999999977e-05,7.399999999999999911e-01
1.472000000000000137e-05,7.800000000000000266e-01
1.472999999999999958e-05,7.800000000000000266e-01
1.474000000000000118e-05,7.600000000000000089e-01
1.474999999999999939e-05,7.399999999999999911e-01
1.476000000000000098e-05,7.399999999999999911e-01
1.476999999999999919e-05,7.399999999999999911e-01
1.478000000000000079e-05,7.399999999999999911e-01
1.478999999999999900e-05,7.199999999999999734e-01
1.480000000000000060e-05,7.600000000000000089e-01
1.480999999999999881e-05,7.600000000000000089e-01
1.482000000000000041e-05,7.600000000000000089e-01
1.482999999999999862e-05,7.399999999999999911e-01
1.484000000000000022e-05,7.600000000000000089e-01
1.484999999999999843e-05,7.800000000000000266e-01
1.486000000000000003e-05,7.600000000000000089e-01
1.486999999999999824e-05,7.600000000000000089e-01
1.487999999999999983e-05,7.800000000000000266e-01
1.489000000000000143e-05,7.800000000000000266e-01
1.489999999999999964e-05,7.800000000000000266e-01
1.491000000000000124e-05,7.800000000000000266e-01
1.491999999999999945e-05,7.600000000000000089e-01
1.493000000000000105e-05,7.600000000000000089e-01
1.493999999999999926e-05,7.600000000000000089e-01
1.495000000000000086e-05,7.600000000000000089e-01
1.495999999999999907e-05,7.800000000000000266e-01
1.497000000000000067e-05,7.600000000000000089e-01
1.497999999999999888e-05,7.800000000000000266e-01
1.499000000000000048e-05,7.600000000000000089e-01
1.499999999999999869e-05,7.600000000000000089e-01
1.501000000000000028e-05,7.600000000000000089e-01
1.501999999999999849e-05,7.399999999999999911e-01
1.503000000000000009e-05,7.600000000000000089e-01
1.503999999999999830e-05,7.600000000000000089e-01
1.504999999999999990e-05,7.399999999999999911e-01
1.506000000000000150e-05,7.399999999999999911e-01
1.506999999999999971e-05,7.399999999999999911e-01
1.508000000000000131e-05,7.399999999999999911e-01
1.508999999999999952e-05,7.600000000000000089e-01
1.510000000000000112e-05,7.399999999999999911e-01
1.510999999999999933e-05,7.399999999999999911e-01
1.512000000000000093e-05,7.399999999999999911e-01
1.512999999999999914e-05,7.399999999999999911e-01
1.514000000000000073e-05,7.199999999999999734e-01
1.514999999999999894e-05,7.399999999999999911e-01
1.516000000000000054e-05,7.199999999999999734e-01
1.516999999999999875e-05,7.399999999999999911e-01
1.518000000000000035e-05,7.399999999999999911e-01
1.518999999999999856e-05,7.199999999999999734e-01
1.520000000000000016e-05,7.000000000000000666e-01
1.520999999999999837e-05,7.000000000000000666e-01
1.521999999999999997e-05,7.199999999999999734e-01
1.522999999999999818e-05,7.199999999999999734e-01
1.523999999999999978e-05,7.000000000000000666e-01
1.525000000000000137e-05,7.000000000000000666e-01
1.525999999999999958e-05,7.000000000000000666e-01
1.527000000000000118e-05,7.000000000000000666e-01
1.527999999999999939e-05,7.000000000000000666e-01
1.529000000000000099e-05,6.800000000000000488e-01
1.529999999999999920e-05,6.800000000000000488e-01
1.531000000000000080e-05,6.800000000000000488e-01
1.531999999999999901e-05,6.400000000000000133e-01
1.533000000000000061e-05,6.800000000000000488e-01
1.533999999999999882e-05,6.800000000000000488e-01
1.535000000000000042e-05,6.600000000000000311e-01
1.535999999999999863e-05,6.600000000000000311e-01
1.537000000000000023e-05,6.400000000000000133e-01
1.537999999999999844e-05,7.000000000000000666e-01
1.539000000000000003e-05,6.800000000000000488e-01
1.539999999999999824e-05,6.400000000000000133e-01
1.540999999999999984e-05,6.400000000000000133e-01
1.542000000000000144e-05,6.199999999999999956e-01
1.542999999999999965e-05,6.400000000000000133e-01
1.544000000000000125e-05,6.400000000000000133e-01
1.544999999999999946e-05,6.400000000000000133e-01
1.546000000000000106e-05,6.199999999999999956e-01
1.546999999999999927e-05,6.199999999999999956e-01
1.548000000000000087e-05,6.400000000000000133e-01
1.548999999999999908e-05,6.400000000000000133e-01
1.550000000000000068e-05,5.999999999999999778e-01
1.550999999999999889e-05,6.400000000000000133e-01
1.552000000000000048e-05,6.199999999999999956e-01
1.552999999999999869e-05,5.999999999999999778e-01
1.554000000000000029e-05,6.199999999999999956e-01
1.554999999999999850e-05,6.199999999999999956e-01
1.556000000000000010e-05,6.199999999999999956e-01
1.556999999999999831e-05,5.999999999999999778e-01
1.557999999999999991e-05,6.199999999999999956e-01
1.559000000000000151e-05,6.400000000000000133e-01
1.559999999999999972e-05,6.199999999999999956e-01
1.561000000000000132e-05,5.999999999999999778e-01
1.561999999999999953e-05,6.199999999999999956e-01
1.563000000000000112e-05,6.199999999999999956e-01
1.563999999999999933e-05,5.799999999999999600e-01
1.565000000000000093e-05,5.999999999999999778e-01
1.565999999999999914e-05,5.799999999999999600e-01
1.567000000000000074e-05,6.199999999999999956e-01
1.567999999999999895e-05,5.999999999999999778e-01
1.569000000000000055e-05,5.799999999999999600e-01
1.569999999999999876e-05,5.999999999999999778e-01
1.571000000000000036e-05,5.999999999999999778e-01
1.571999999999999857e-05,5.799999999999999600e-01
1.573000000000000017e-05,5.799999999999999600e-01
1.573999999999999838e-05,5.999999999999999778e-01
1.574999999999999998e-05,5.799999999999999600e-01
1.575999999999999819e-05,5.600000000000000533e-01
1.576999999999999978e-05,5.799999999999999600e-01
1.578000000000000138e-05,5.799999999999999600e-01
1.578999999999999959e-05,5.600000000000000533e-01
1.580000000000000119e-05,5.799999999999999600e-01
1.580999999999999940e-05,5.799999999999999600e-01
1.582000000000000100e-05,5.799999999999999600e-01
1.582999999999999921e-05,5.400000000000000355e-01
1.584000000000000081e-05,5.600000000000000533e-01
1.584999999999999902e-05,5.600000000000000533e-01
1.586000000000000062e-05,5.600000000000000533e-01
1.586999999999999883e-05,5.600000000000000533e-01
1.588000000000000042e-05,5.600000000000000533e-01
1.588999999999999864e-05,5.799999999999999600e-01
1.590000000000000023e-05,5.600000000000000533e-01
1.590999999999999844e-05,5.600000000000000533e-01
1.592000000000000004e-05,5.600000000000000533e-01
1.592999999999999825e-05,5.600000000000000533e-01
1.593999999999999985e-05,5.600000000000000533e-01
1.595000000000000145e-05,5.600000000000000533e-01
1.595999999999999966e-05,5.600000000000000533e-01
1.597000000000000126e-05,5.600000000000000533e-01
1.597999999999999947e-05,5.400000000000000355e-01
1.599000000000000107e-05,5.400000000000000355e-01
1.599999999999999928e-05,5.600000000000000533e-01
1.601000000000000087e-05,5.600000000000000533e-01
1.601999999999999908e-05,5.600000000000000533e-01
1.603000000000000068e-05,5.400000000000000355e-01
1.603999999999999889e-05,5.400000000000000355e-01
1.605000000000000049e-05,5.400000000000000355e-01
1.605999999999999870e-05,5.600000000000000533e-01
1.607000000000000030e-05,5.400000000000000355e-01
1.607999999999999851e-05,5.600000000000000533e-01
1.609000000000000011e-05,5.600000000000000533e-01
1.609999999999999832e-05,5.400000000000000355e-01
1.610999999999999992e-05,5.400000000000000355e-01
1.612000000000000152e-05,5.600000000000000533e-01
1.612999999999999973e-05,5.200000000000000178e-01
1.614000000000000132e-05,5.400000000000000355e-01
1.614999999999999953e-05,5.400000000000000355e-01
1.616000000000000113e-05,5.200000000000000178e-01
1.616999999999999934e-05,5.400000000000000355e-01
1.618000000000000094e-05,5.400000000000000355e-01
1.618999999999999915e-05,5.200000000000000178e-01
1.620000000000000075e-05,5.400000000000000355e-01
1.620999999999999896e-05,5.000000000000000000e-01
1.622000000000000056e-05,5.200000000000000178e-01
1.622999999999999877e-05,5.400000000000000355e-01
1.624000000000000037e-05,5.200000000000000178e-01
1.624999999999999858e-05,5.200000000000000178e-01
1.626000000000000017e-05,5.400000000000000355e-01
1.626999999999999838e-05,5.400000000000000355e-01
1.627999999999999998e-05,5.200000000000000178e-01
1.628999999999999819e-05,5.000000000000000000e-01
1.629999999999999979e-05,5.200000000000000178e-01
1.631000000000000139e-05,5.000000000000000000e-01
1.631999999999999960e-05,5.200000000000000178e-01
1.633000000000000120e-05,5.400000000000000355e-01
1.633999999999999941e-05,5.200000000000000178e-01
1.635000000000000101e-05,5.200000000000000178e-01
1.635999999999999922e-05,5.000000000000000000e-01
1.637000000000000082e-05,5.200000000000000178e-01
1.637999999999999903e-05,5.400000000000000355e-01
1.639000000000000062e-05,5.400000000000000355e-01
1.639999999999999883e-05,5.400000000000000355e-01
1.641000000000000043e-05,5.000000000000000000e-01
1.641999999999999864e-05,5.400000000000000355e-01
1.643000000000000024e-05,5.400000000000000355e-01
1.643999999999999845e-05,5.200000000000000178e-01
1.645000000000000005e-05,5.400000000000000355e-01
1.645999999999999826e-05,5.000000000000000000e-01
1.646999999999999986e-05,5.200000000000000178e-01
1.648000000000000146e-05,5.200000000000000178e-01
1.648999999999999967e-05,5.200000000000000178e-01
1.650000000000000127e-05,5.000000000000000000e-01
1.650999999999999948e-05,5.000000000000000000e-01
1.652000000000000107e-05,5.200000000000000178e-01
1.652999999999999928e-05,5.200000000000000178e-01
1.654000000000000088e-05,5.400000000000000355e-01
1.654999999999999909e-05,5.000000000000000000e-01
1.656000000000000069e-05,5.200000000000000178e-01
1.656999999999999890e-05,5.200000000000000178e-01
1.658000000000000050e-05,5.400000000000000355e-01
1.658999999999999871e-05,5.200000000000000178e-01
1.660000000000000031e-05,5.200000000000000178e-01
1.660999999999999852e-05,5.400000000000000355e-01
1.662000000000000012e-05,5.400000000000000355e-01
1.662999999999999833e-05,5.200000000000000178e-01
1.663999999999999992e-05,5.200000000000000178e-01
1.665000000000000152e-05,5.200000000000000178e-01
1.665999999999999973e-05,5.200000000000000178e-01
1.667000000000000133e-05,5.400000000000000355e-01
1.667999999999999954e-05,5.400000000000000355e-01
1.669000000000000114e-05,5.400000000000000355e-01
1.669999999999999935e-05,5.600000000000000533e-01
1.671000000000000095e-05,5.400000000000000355e-01
1.671999999999999916e-05,5.400000000000000355e-01
1.673000000000000076e-05,5.200000000000000178e-01
1.673999999999999897e-05,5.200000000000000178e-01
1.675000000000000057e-05,5.400000000000000355e-01
1.675999999999999878e-05,5.400000000000000355e-01
1.677000000000000037e-05,5.400000000000000355e-01
1.677999999999999858e-05,5.600000000000000533e-01
1.679000000000000018e-05,5.200000000000000178e-01
1.679999999999999839e-05,5.400000000000000355e-01
1.680999999999999999e-05,5.600000000000000533e-01
1.681999999999999820e-05,5.400000000000000355e-01
1.682999999999999980e-05,5.400000000000000355e-01
1.684000000000000140e-05,5.400000000000000355e-01
1.684999999999999961e-05,5.400000000000000355e-01
1.686000000000000121e-05,5.400000000000000355e-01
1.686999999999999942e-05,5.799999999999999600e-01
1.688000000000000101e-05,5.600000000000000533e-01
1.688999999999999923e-05,5.600000000000000533e-01
1.690000000000000082e-05,5.600000000000000533e-01
1.690999999999999903e-05,5.600000000000000533e-01
1.692000000000000063e-05,5.799999999999999600e-01
1.692999999999999884e-05,5.799999999999999600e-01
1.694000000000000044e-05,5.799999999999999600e-01
1.694999999999999865e-05,5.799999999999999600e-01
1.696000000000000025e-05,5.799999999999999600e-01
1.696999999999999846e-05,5.400000000000000355e-01
1.698000000000000006e-05,5.799999999999999600e-01
1.698999999999999827e-05,5.600000000000000533e-01
1.699999999999999987e-05,5.799999999999999600e-01
1.701000000000000146e-05,5.799999999999999600e-01
1.701999999999999967e-05,5.799999999999999600e-01
1.703000000000000127e-05,5.799999999999999600e-01
1.703999999999999948e-05,5.999999999999999778e-01
1.705000000000000108e-05,5.799999999999999600e-01
1.705999999999999929e-05,5.999999999999999778e-01
1.707000000000000089e-05,5.999999999999999778e-01
1.707999999999999910e-05,5.999999999999999778e-01
1.709000000000000070e-05,5.999999999999999778e-01
1.709999999999999891e-05,5.999999999999999778e-01
1.711000000000000051e-05,5.999999999999999778e-01
1.711999999999999872e-05,5.999999999999999778e-01
1.713000000000000032e-05,6.199999999999999956e-01
1.713999999999999853e-05,6.400000000000000133e-01
1.715000000000000012e-05,6.400000000000000133e-01
1.715999999999999833e-05,6.199999999999999956e-01
1.716999999999999993e-05,6.400000000000000133e-01
1.718000000000000153e-05,6.400000000000000133e-01
1.718999999999999974e-05,6.400000000000000133e-01
1.720000000000000134e-05,6.199999999999999956e-01
1.720999999999999955e-05,6.400000000000000133e-01
1.722000000000000115e-05,6.199999999999999956e-01
1.722999999999999936e-05,6.199999999999999956e-01
1.724000000000000096e-05,6.400000000000000133e-01
1.724999999999999917e-05,6.199999999999999956e-01
1.726000000000000076e-05,6.600000000000000311e-01
1.726999999999999897e-05,6.400000000000000133e-01
1.728000000000000057e-05,6.400000000000000133e-01
1.728999999999999878e-05,6.600000000000000311e-01
1.730000000000000038e-05,6.199999999999999956e-01
1.730999999999999859e-05,6.600000000000000311e-01
1.732000000000000019e-05,6.400000000000000133e-01
1.732999999999999840e-05,6.400000000000000133e-01
1.734000000000000000e-05,6.400000000000000133e-01
1.734999999999999821e-05,6.400000000000000133e-01
1.735999999999999981e-05,6.400000000000000133e-01
1.737000000000000141e-05,6.600000000000000311e-01
1.737999999999999962e-05,6.600000000000000311e-01
1.739000000000000121e-05,6.400000000000000133e-01
1.739999999999999942e-05,6.400000000000000133e-01
1.741000000000000102e-05,6.400000000000000133e-01
1.741999999999999923e-05,6.600000000000000311e-01
1.743000000000000083e-05,6.199999999999999956e-01
1.743999999999999904e-05,6.600000000000000311e-01
1.745000000000000064e-05,6.199999999999999956e-01
1.745999999999999885e-05,6.199999999999999956e-01
1.747000000000000045e-05,6.400000000000000133e-01
1.747999999999999866e-05,6.400000000000000133e-01
1.749000000000000026e-05,6.199999999999999956e-01
1.749999999999999847e-05,6.400000000000000133e-01
1.751000000000000007e-05,6.400000000000000133e-01
1.751999999999999828e-05,6.400000000000000133e-01
1.752999999999999987e-05,6.199999999999999956e-01
1.754000000000000147e-05,6.199999999999999956e-01
1.754999999999999968e-05,5.999999999999999778e-01
1.756000000000000128e-05,6.400000000000000133e-01
1.756999999999999949e-05,6.400000000000000133e-01
1.758000000000000109e-05,6.400000000000000133e-01
1.758999999999999930e-05,6.400000000000000133e-01
1.760000000000000090e-05,6.199999999999999956e-01
1.760999999999999911e-05,6.400000000000000133e-01
1.762000000000000071e-05,5.999999999999999778e-01
1.762999999999999892e-05,6.400000000000000133e-01
1.764000000000000051e-05,6.199999999999999956e-01
1.764999999999999872e-05,6.600000000000000311e-01
1.766000000000000032e-05,6.199999999999999956e-01
1.766999999999999853e-05,5.999999999999999778e-01
1.768000000000000013e-05,6.199999999999999956e-01
1.768999999999999834e-05,6.199999999999999956e-01
1.769999999999999994e-05,6.199999999999999956e-01
1.771000000000000154e-05,6.400000000000000133e-01
1.771999999999999975e-05,5.999999999999999778e-01
1.773000000000000135e-05,6.199999999999999956e-01
1.773999999999999956e-05,6.199999999999999956e-01
1.775000000000000116e-05,5.999999999999999778e-01
1.775999999999999937e-05,5.999999999999999778e-01
1.777000000000000096e-05,6.199999999999999956e-01
1.777999999999999917e-05,5.999999999999999778e-01
1.779000000000000077e-05,6.199999999999999956e-01
1.779999999999999898e-05,6.199999999999999956e-01
1.781000000000000058e-05,5.799999999999999600e-01
1.781999999999999879e-05,5.799999999999999600e-01
1.783000000000000039e-05,5.999999999999999778e-01
1.783999999999999860e-05,5.799999999999999600e-01
1.785000000000000020e-05,5.999999999999999778e-01
1.785999999999999841e-05,5.799999999999999600e-01
1.787000000000000001e-05,5.799999999999999600e-01
1.787999999999999822e-05,5.999999999999999778e-01
1.788999999999999982e-05,5.999999999999999778e-01
1.790000000000000141e-05,5.600000000000000533e-01
1.790999999999999962e-05,5.799999999999999600e-01
1.792000000000000122e-05,6.199999999999999956e-01
1.792999999999999943e-05,6.199999999999999956e-01
1.794000000000000103e-05,5.999999999999999778e-01
1.794999999999999924e-05,5.999999999999999778e-01
1.796000000000000084e-05,5.799999999999999600e-01
1.796999999999999905e-05,5.999999999999999778e-01
1.798000000000000065e-05,5.999999999999999778e-01
1.798999999999999886e-05,5.999999999999999778e-01
1.800000000000000046e-05,5.999999999999999778e-01
1.800999999999999867e-05,5.999999999999999778e-01
1.802000000000000026e-05,5.799999999999999600e-01
1.802999999999999847e-05,5.799999999999999600e-01
1.804000000000000007e-05,5.799999999999999600e-01
1.804999999999999828e-05,5.999999999999999778e-01
1.805999999999999988e-05,5.600000000000000533e-01
1.807000000000000148e-05,5.999999999999999778e-01
1.807999999999999969e-05,5.999999999999999778e-01
1.809000000000000129e-05,5.799999999999999600e-01
1.809999999999999950e-05,5.999999999999999778e-01
1.811000000000000110e-05,5.799999999999999600e-01
1.811999999999999931e-05,5.600000000000000533e-01
1.813000000000000091e-05,6.199999999999999956e-01
1.813999999999999912e-05,5.999999999999999778e-01
1.815000000000000071e-05,5.999999999999999778e-01
1.815999999999999892e-05,5.999999999999999778e-01
1.817000000000000052e-05,5.799999999999999600e-01
1.817999999999999873e-05,5.799999999999999600e-01
1.819000000000000033e-05,5.799999999999999600e-01
1.819999999999999854e-05,5.799999999999999600e-01
1.821000000000000014e-05,5.799999999999999600e-01
1.821999999999999835e-05,5.799999999999999600e-01
1.822999999999999995e-05,5.799999999999999600e-01
1.824000000000000155e-05,5.999999999999999778e-01
1.824999999999999976e-05,5.799999999999999600e-01
1.826000000000000135e-05,5.600000000000000533e-01
1.826999999999999957e-05,5.799999999999999600e-01
1.828000000000000116e-05,5.600000000000000533e-01
1.828999999999999937e-05,5.600000000000000533e-01
1.830000000000000097e-05,5.600000000000000533e-01
1.830999999999999918e-05,5.799999999999999600e-01
1.832000000000000078e-05,5.799999999999999600e-01
1.832999999999999899e-05,5.600000000000000533e-01
1.834000000000000059e-05,5.600000000000000533e-01
1.834999999999999880e-05,5.799999999999999600e-01
1.836000000000000040e-05,5.400000000000000355e-01
1.836999999999999861e-05,5.799999999999999600e-01
1.838000000000000021e-05,5.600000000000000533e-01
1.838999999999999842e-05,5.400000000000000355e-01
1.840000000000000001e-05,5.600000000000000533e-01
1.840999999999999822e-05,5.600000000000000533e-01
1.841999999999999982e-05,5.400000000000000355e-01
1.843000000000000142e-05,5.600000000000000533e-01
1.843999999999999963e-05,5.400000000000000355e-01
1.845000000000000123e-05,5.600000000000000533e-01
1.845999999999999944e-05,5.600000000000000533e-01
1.847000000000000104e-05,5.600000000000000533e-01
1.847999999999999925e-05,5.600000000000000533e-01
1.849000000000000085e-05,5.600000000000000533e-01
1.849999999999999906e-05,5.600000000000000533e-01
1.851000000000000066e-05,5.400000000000000355e-01
1.851999999999999887e-05,5.400000000000000355e-01
1.853000000000000046e-05,5.400000000000000355e-01
1.853999999999999867e-05,5.600000000000000533e-01
1.855000000000000027e-05,5.600000000000000533e-01
1.855999999999999848e-05,5.400000000000000355e-01
1.857000000000000008e-05,5.400000000000000355e-01
1.857999999999999829e-05,5.400000000000000355e-01
1.858999999999999989e-05,5.400000000000000355e-01
1.860000000000000149e-05,5.200000000000000178e-01
1.860999999999999970e-05,5.400000000000000355e-01
1.862000000000000130e-05,5.000000000000000000e-01
1.862999999999999951e-05,5.200000000000000178e-01
1.864000000000000110e-05,5.600000000000000533e-01
1.864999999999999931e-05,5.400000000000000355e-01
1.866000000000000091e-05,5.200000000000000178e-01
1.866999999999999912e-05,5.000000000000000000e-01
1.868000000000000072e-05,5.600000000000000533e-01
1.868999999999999893e-05,5.200000000000000178e-01
1.870000000000000053e-05,5.400000000000000355e-01
1.870999999999999874e-05,5.400000000000000355e-01
1.872000000000000034e-05,5.200000000000000178e-01
1.872999999999999855e-05,5.200000000000000178e-01
1.874000000000000015e-05,5.600000000000000533e-01
1.874999999999999836e-05,5.400000000000000355e-01
1.875999999999999996e-05,5.400000000000000355e-01
1.877000000000000155e-05,4.799999999999999822e-01
1.877999999999999976e-05,5.400000000000000355e-01
1.879000000000000136e-05,5.400000000000000355e-01
1.879999999999999957e-05,5.200000000000000178e-01
1.881000000000000117e-05,5.200000000000000178e-01
1.881999999999999938e-05,5.400000000000000355e-01
1.883000000000000098e-05,4.799999999999999822e-01
1.883999999999999919e-05,5.200000000000000178e-01
1.885000000000000079e-05,5.200000000000000178e-01
1.885999999999999900e-05,5.400000000000000355e-01
1.887000000000000060e-05,5.200000000000000178e-01
1.887999999999999881e-05,5.000000000000000000e-01
1.889000000000000041e-05,5.000000000000000000e-01
1.889999999999999862e-05,5.000000000000000000e-01
1.891000000000000021e-05,5.200000000000000178e-01
1.891999999999999842e-05,5.200000000000000178e-01
1.893000000000000002e-05,5.400000000000000355e-01
1.893999999999999823e-05,5.000000000000000000e-01
1.894999999999999983e-05,5.200000000000000178e-01
1.896000000000000143e-05,5.200000000000000178e-01
1.896999999999999964e-05,5.200000000000000178e-01
1.898000000000000124e-05,5.200000000000000178e-01
1.898999999999999945e-05,5.200000000000000178e-01
1.900000000000000105e-05,5.400000000000000355e-01
1.900999999999999926e-05,5.000000000000000000e-01
1.902000000000000085e-05,5.200000000000000178e-01
1.902999999999999906e-05,5.200000000000000178e-01
1.904000000000000066e-05,5.200000000000000178e-01
1.904999999999999887e-05,5.000000000000000000e-01
1.906000000000000047e-05,5.200000000000000178e-01
1.906999999999999868e-05,5.000000000000000000e-01
1.908000000000000028e-05,5.200000000000000178e-01
1.908999999999999849e-05,5.200000000000000178e-01
1.910000000000000009e-05,4.799999999999999822e-01
1.910999999999999830e-05,4.799999999999999822e-01
1.911999999999999990e-05,5.000000000000000000e-01
1.913000000000000150e-05,4.799999999999999822e-01
1.913999999999999971e-05,4.799999999999999822e-01
1.915000000000000130e-05,5.000000000000000000e-01
1.915999999999999951e-05,5.000000000000000000e-01
1.917000000000000111e-05,5.000000000000000000e-01
1.917999999999999932e-05,5.000000000000000000e-01
1.919000000000000092e-05,5.000000000000000000e-01
1.919999999999999913e-05,4.799999999999999822e-01
1.921000000000000073e-05,4.799999999999999822e-01
1.921999999999999894e-05,4.600000000000000200e-01
1.923000000000000054e-05,4.799999999999999822e-01
1.923999999999999875e-05,5.000000000000000000e-01
1.925000000000000035e-05,4.799999999999999822e-01
1.925999999999999856e-05,4.799999999999999822e-01
1.927000000000000016e-05,4.799999999999999822e-01
1.927999999999999837e-05,4.799999999999999822e-01
1.928999999999999996e-05,5.000000000000000000e-01
1.930000000000000156e-05,5.200000000000000178e-01
1.930999999999999977e-05,4.799999999999999822e-01
1.932000000000000137e-05,5.000000000000000000e-01
1.932999999999999958e-05,4.799999999999999822e-01
1.934000000000000118e-05,4.799999999999999822e-01
1.934999999999999939e-05,4.799999999999999822e-01
1.936000000000000099e-05,5.000000000000000000e-01
1.936999999999999920e-05,5.000000000000000000e-01
1.938000000000000080e-05,4.600000000000000200e-01
1.938999999999999901e-05,4.799999999999999822e-01
