time_s,voltage_V
-4.568000000000000141e-06,-2.016000000000000014e+01
-4.563999999999999840e-06,-2.016000000000000014e+01
-4.560000000000000387e-06,-2.032000000000000028e+01
-4.556000000000000086e-06,-2.016000000000000014e+01
-4.551999999999999786e-06,-2.024000000000000199e+01
-4.548000000000000332e-06,-2.024000000000000199e+01
-4.544000000000000032e-06,-2.024000000000000199e+01
-4.539999999999999731e-06,-2.016000000000000014e+01
-4.536000000000000278e-06,-2.032000000000000028e+01
-4.531999999999999977e-06,-2.016000000000000014e+01
-4.528000000000000524e-06,-2.016000000000000014e+01
-4.524000000000000223e-06,-2.016000000000000014e+01
-4.519999999999999923e-06,-2.032000000000000028e+01
-4.516000000000000469e-06,-2.024000000000000199e+01
-4.512000000000000169e-06,-2.032000000000000028e+01
-4.507999999999999868e-06,-2.032000000000000028e+01
-4.504000000000000415e-06,-2.024000000000000199e+01
-4.500000000000000114e-06,-2.032000000000000028e+01
-4.495999999999999813e-06,-2.024000000000000199e+01
-4.492000000000000360e-06,-2.032000000000000028e+01
-4.488000000000000059e-06,-2.016000000000000014e+01
-4.483999999999999759e-06,-2.024000000000000199e+01
-4.480000000000000305e-06,-2.032000000000000028e+01
-4.476000000000000005e-06,-2.032000000000000028e+01
-4.472000000000000551e-06,-2.016000000000000014e+01
-4.468000000000000251e-06,-2.016000000000000014e+01
-4.463999999999999950e-06,-2.032000000000000028e+01
-4.460000000000000497e-06,-2.024000000000000199e+01
-4.456000000000000196e-06,-2.024000000000000199e+01
-4.451999999999999896e-06,-2.032000000000000028e+01
-4.448000000000000442e-06,-2.032000000000000028e+01
-4.444000000000000142e-06,-2.024000000000000199e+01
-4.439999999999999841e-06,-2.032000000000000028e+01
-4.436000000000000388e-06,-2.024000000000000199e+01
-4.432000000000000087e-06,-2.032000000000000028e+01
-4.427999999999999787e-06,-2.032000000000000028e+01
-4.424000000000000333e-06,-2.032000000000000028e+01
-4.420000000000000033e-06,-2.032000000000000028e+01
-4.415999999999999732e-06,-2.032000000000000028e+01
-4.412000000000000279e-06,-2.024000000000000199e+01
-4.407999999999999978e-06,-2.032000000000000028e+01
-4.404000000000000525e-06,-2.032000000000000028e+01
-4.400000000000000224e-06,-2.032000000000000028e+01
-4.395999999999999924e-06,-2.032000000000000028e+01
-4.392000000000000470e-06,-2.040000000000000213e+01
-4.388000000000000170e-06,-2.032000000000000028e+01
-4.383999999999999869e-06,-2.024000000000000199e+01
-4.380000000000000416e-06,-2.032000000000000028e+01
-4.376000000000000115e-06,-2.032000000000000028e+01
-4.371999999999999815e-06,-2.024000000000000199e+01
-4.368000000000000361e-06,-2.024000000000000199e+01
-4.364000000000000061e-06,-2.040000000000000213e+01
-4.359999999999999760e-06,-2.024000000000000199e+01
-4.356000000000000307e-06,-2.032000000000000028e+01
-4.352000000000000006e-06,-2.024000000000000199e+01
-4.347999999999999706e-06,-2.032000000000000028e+01
-4.344000000000000252e-06,-2.032000000000000028e+01
-4.339999999999999952e-06,-2.024000000000000199e+01
-4.336000000000000498e-06,-2.040000000000000213e+01
-4.332000000000000198e-06,-2.040000000000000213e+01
-4.327999999999999897e-06,-2.032000000000000028e+01
-4.324000000000000444e-06,-2.032000000000000028e+01
-4.320000000000000143e-06,-2.024000000000000199e+01
-4.315999999999999843e-06,-2.032000000000000028e+01
-4.312000000000000389e-06,-2.032000000000000028e+01
-4.308000000000000089e-06,-2.040000000000000213e+01
-4.303999999999999788e-06,-2.032000000000000028e+01
-4.300000000000000335e-06,-2.032000000000000028e+01
-4.296000000000000034e-06,-2.024000000000000199e+01
-4.291999999999999734e-06,-2.032000000000000028e+01
-4.288000000000000280e-06,-2.040000000000000213e+01
-4.283999999999999980e-06,-2.040000000000000213e+01
-4.279999999999999679e-06,-2.040000000000000213e+01
-4.276000000000000226e-06,-2.032000000000000028e+01
-4.271999999999999925e-06,-2.040000000000000213e+01
-4.268000000000000472e-06,-2.032000000000000028e+01
-4.264000000000000171e-06,-2.032000000000000028e+01
-4.259999999999999871e-06,-2.032000000000000028e+01
-4.256000000000000417e-06,-2.032000000000000028e+01
-4.252000000000000117e-06,-2.040000000000000213e+01
-4.247999999999999816e-06,-2.032000000000000028e+01
-4.244000000000000363e-06,-2.032000000000000028e+01
-4.240000000000000062e-06,-2.032000000000000028e+01
-4.235999999999999762e-06,-2.032000000000000028e+01
-4.232000000000000308e-06,-2.032000000000000028e+01
-4.228000000000000008e-06,-2.040000000000000213e+01
-4.224000000000000554e-06,-2.024000000000000199e+01
-4.220000000000000254e-06,-2.040000000000000213e+01
-4.215999999999999953e-06,-2.032000000000000028e+01
-4.212000000000000500e-06,-2.040000000000000213e+01
-4.208000000000000199e-06,-2.040000000000000213e+01
-4.203999999999999899e-06,-2.024000000000000199e+01
-4.200000000000000445e-06,-2.032000000000000028e+01
-4.196000000000000145e-06,-2.032000000000000028e+01
-4.191999999999999844e-06,-2.024000000000000199e+01
-4.188000000000000391e-06,-2.032000000000000028e+01
-4.184000000000000090e-06,-2.032000000000000028e+01
-4.179999999999999790e-06,-2.040000000000000213e+01
-4.176000000000000336e-06,-2.032000000000000028e+01
-4.172000000000000036e-06,-2.040000000000000213e+01
-4.167999999999999735e-06,-2.032000000000000028e+01
-4.164000000000000282e-06,-2.040000000000000213e+01
-4.159999999999999981e-06,-2.032000000000000028e+01
-4.156000000000000528e-06,-2.040000000000000213e+01
-4.152000000000000227e-06,-2.040000000000000213e+01
-4.147999999999999927e-06,-2.040000000000000213e+01
-4.144000000000000473e-06,-2.040000000000000213e+01
-4.140000000000000173e-06,-2.040000000000000213e+01
-4.135999999999999872e-06,-2.032000000000000028e+01
-4.132000000000000419e-06,-2.032000000000000028e+01
-4.128000000000000118e-06,-2.032000000000000028e+01
-4.123999999999999818e-06,-2.040000000000000213e+01
-4.120000000000000364e-06,-2.032000000000000028e+01
-4.116000000000000064e-06,-2.032000000000000028e+01
-4.111999999999999763e-06,-2.040000000000000213e+01
-4.108000000000000310e-06,-2.040000000000000213e+01
-4.104000000000000009e-06,-2.040000000000000213e+01
-4.099999999999999709e-06,-2.032000000000000028e+01
-4.096000000000000255e-06,-2.048000000000000043e+01
-4.091999999999999955e-06,-2.032000000000000028e+01
-4.088000000000000501e-06,-2.040000000000000213e+01
-4.084000000000000201e-06,-2.032000000000000028e+01
-4.079999999999999900e-06,-2.032000000000000028e+01
-4.076000000000000447e-06,-2.040000000000000213e+01
-4.072000000000000146e-06,-2.032000000000000028e+01
-4.067999999999999846e-06,-2.040000000000000213e+01
-4.064000000000000392e-06,-2.040000000000000213e+01
-4.060000000000000092e-06,-2.040000000000000213e+01
-4.055999999999999791e-06,-2.040000000000000213e+01
-4.052000000000000338e-06,-2.032000000000000028e+01
-4.048000000000000037e-06,-2.032000000000000028e+01
-4.044000000000000584e-06,-2.048000000000000043e+01
-4.040000000000000283e-06,-2.040000000000000213e+01
-4.035999999999999983e-06,-2.040000000000000213e+01
-4.031999999999999682e-06,-2.040000000000000213e+01
-4.028000000000000229e-06,-2.040000000000000213e+01
-4.023999999999999928e-06,-2.040000000000000213e+01
-4.020000000000000475e-06,-2.032000000000000028e+01
-4.016000000000000174e-06,-2.040000000000000213e+01
-4.011999999999999874e-06,-2.040000000000000213e+01
-4.008000000000000420e-06,-2.032000000000000028e+01
-4.004000000000000120e-06,-2.032000000000000028e+01
-3.999999999999999819e-06,-2.040000000000000213e+01
-3.996000000000000366e-06,-2.040000000000000213e+01
-3.992000000000000065e-06,-2.032000000000000028e+01
-3.987999999999999764e-06,-2.032000000000000028e+01
-3.984000000000000311e-06,-2.032000000000000028e+01
-3.980000000000000010e-06,-2.024000000000000199e+01
-3.976000000000000557e-06,-2.032000000000000028e+01
-3.972000000000000256e-06,-2.032000000000000028e+01
-3.967999999999999956e-06,-2.040000000000000213e+01
-3.963999999999999655e-06,-2.032000000000000028e+01
-3.960000000000000202e-06,-2.040000000000000213e+01
-3.955999999999999901e-06,-2.048000000000000043e+01
-3.952000000000000448e-06,-2.032000000000000028e+01
-3.948000000000000147e-06,-2.024000000000000199e+01
-3.943999999999999847e-06,-2.032000000000000028e+01
-3.940000000000000393e-06,-2.048000000000000043e+01
-3.936000000000000093e-06,-2.048000000000000043e+01
-3.931999999999999792e-06,-2.040000000000000213e+01
-3.928000000000000339e-06,-2.032000000000000028e+01
-3.924000000000000038e-06,-2.040000000000000213e+01
-3.919999999999999738e-06,-2.024000000000000199e+01
-3.916000000000000284e-06,-2.040000000000000213e+01
-3.911999999999999984e-06,-2.040000000000000213e+01
-3.908000000000000530e-06,-2.040000000000000213e+01
-3.904000000000000230e-06,-2.040000000000000213e+01
-3.899999999999999929e-06,-2.032000000000000028e+01
-3.895999999999999629e-06,-2.040000000000000213e+01
-3.892000000000000175e-06,-2.040000000000000213e+01
-3.887999999999999875e-06,-2.040000000000000213e+01
-3.884000000000000421e-06,-2.032000000000000028e+01
-3.880000000000000121e-06,-2.032000000000000028e+01
-3.875999999999999820e-06,-2.048000000000000043e+01
-3.872000000000000367e-06,-2.040000000000000213e+01
-3.868000000000000066e-06,-2.040000000000000213e+01
-3.863999999999999766e-06,-2.040000000000000213e+01
-3.860000000000000312e-06,-2.040000000000000213e+01
-3.856000000000000012e-06,-2.032000000000000028e+01
-3.851999999999999711e-06,-2.032000000000000028e+01
-3.848000000000000258e-06,-2.048000000000000043e+01
-3.843999999999999957e-06,-2.032000000000000028e+01
-3.840000000000000504e-06,-2.040000000000000213e+01
-3.836000000000000203e-06,-2.032000000000000028e+01
-3.831999999999999903e-06,-2.040000000000000213e+01
-3.828000000000000449e-06,-2.032000000000000028e+01
-3.824000000000000149e-06,-2.048000000000000043e+01
-3.819999999999999848e-06,-2.040000000000000213e+01
-3.816000000000000395e-06,-2.040000000000000213e+01
-3.812000000000000094e-06,-2.032000000000000028e+01
-3.808000000000000217e-06,-2.032000000000000028e+01
-3.804000000000000340e-06,-2.032000000000000028e+01
-3.800000000000000040e-06,-2.048000000000000043e+01
-3.796000000000000163e-06,-2.040000000000000213e+01
-3.792000000000000286e-06,-2.032000000000000028e+01
-3.787999999999999985e-06,-2.032000000000000028e+01
-3.784000000000000108e-06,-2.040000000000000213e+01
-3.780000000000000231e-06,-2.040000000000000213e+01
-3.775999999999999931e-06,-2.032000000000000028e+01
-3.772000000000000054e-06,-2.032000000000000028e+01
-3.768000000000000177e-06,-2.048000000000000043e+01
-3.763999999999999876e-06,-2.040000000000000213e+01
-3.759999999999999999e-06,-2.032000000000000028e+01
-3.756000000000000122e-06,-2.032000000000000028e+01
-3.752000000000000245e-06,-2.040000000000000213e+01
-3.747999999999999945e-06,-2.040000000000000213e+01
-3.744000000000000068e-06,-2.048000000000000043e+01
-3.740000000000000191e-06,-2.032000000000000028e+01
-3.736000000000000314e-06,-2.032000000000000028e+01
-3.732000000000000013e-06,-2.040000000000000213e+01
-3.728000000000000136e-06,-2.048000000000000043e+01
-3.724000000000000259e-06,-2.040000000000000213e+01
-3.719999999999999959e-06,-2.032000000000000028e+01
-3.716000000000000082e-06,-2.040000000000000213e+01
-3.712000000000000205e-06,-2.040000000000000213e+01
-3.707999999999999904e-06,-2.040000000000000213e+01
-3.704000000000000027e-06,-2.032000000000000028e+01
-3.700000000000000150e-06,-2.040000000000000213e+01
-3.695999999999999850e-06,-2.032000000000000028e+01
-3.691999999999999973e-06,-2.048000000000000043e+01
-3.688000000000000096e-06,-2.032000000000000028e+01
-3.684000000000000219e-06,-2.032000000000000028e+01
-3.680000000000000342e-06,-2.032000000000000028e+01
-3.676000000000000041e-06,-2.032000000000000028e+01
-3.672000000000000164e-06,-2.048000000000000043e+01
-3.668000000000000287e-06,-2.040000000000000213e+01
-3.663999999999999987e-06,-2.040000000000000213e+01
-3.660000000000000110e-06,-2.040000000000000213e+01
-3.656000000000000233e-06,-2.032000000000000028e+01
-3.651999999999999932e-06,-2.040000000000000213e+01
-3.648000000000000055e-06,-2.048000000000000043e+01
-3.644000000000000178e-06,-2.040000000000000213e+01
-3.639999999999999878e-06,-2.040000000000000213e+01
-3.636000000000000001e-06,-2.040000000000000213e+01
-3.632000000000000124e-06,-2.048000000000000043e+01
-3.627999999999999823e-06,-2.032000000000000028e+01
-3.623999999999999946e-06,-2.040000000000000213e+01
-3.620000000000000069e-06,-2.040000000000000213e+01
-3.616000000000000192e-06,-2.040000000000000213e+01
-3.612000000000000315e-06,-2.040000000000000213e+01
-3.608000000000000015e-06,-2.032000000000000028e+01
-3.604000000000000138e-06,-2.048000000000000043e+01
-3.600000000000000261e-06,-2.032000000000000028e+01
-3.595999999999999960e-06,-2.032000000000000028e+01
-3.592000000000000083e-06,-2.032000000000000028e+01
-3.588000000000000206e-06,-2.032000000000000028e+01
-3.583999999999999906e-06,-2.040000000000000213e+01
-3.580000000000000029e-06,-2.040000000000000213e+01
-3.576000000000000152e-06,-2.032000000000000028e+01
-3.571999999999999851e-06,-2.040000000000000213e+01
-3.567999999999999974e-06,-2.032000000000000028e+01
-3.564000000000000097e-06,-2.048000000000000043e+01
-3.559999999999999797e-06,-2.040000000000000213e+01
-3.556000000000000343e-06,-2.040000000000000213e+01
-3.552000000000000043e-06,-2.032000000000000028e+01
-3.548000000000000166e-06,-2.040000000000000213e+01
-3.544000000000000289e-06,-2.040000000000000213e+01
-3.539999999999999988e-06,-2.048000000000000043e+01
-3.536000000000000111e-06,-2.040000000000000213e+01
-3.532000000000000234e-06,-2.040000000000000213e+01
-3.527999999999999934e-06,-2.032000000000000028e+01
-3.524000000000000057e-06,-2.032000000000000028e+01
-3.520000000000000180e-06,-2.040000000000000213e+01
-3.515999999999999879e-06,-2.040000000000000213e+01
-3.512000000000000002e-06,-2.048000000000000043e+01
-3.508000000000000125e-06,-2.024000000000000199e+01
-3.503999999999999824e-06,-2.032000000000000028e+01
-3.500000000000000371e-06,-2.040000000000000213e+01
-3.496000000000000070e-06,-2.032000000000000028e+01
-3.491999999999999770e-06,-2.040000000000000213e+01
-3.488000000000000316e-06,-2.040000000000000213e+01
-3.484000000000000016e-06,-2.032000000000000028e+01
-3.480000000000000139e-06,-2.040000000000000213e+01
-3.476000000000000262e-06,-2.032000000000000028e+01
-3.471999999999999961e-06,-2.032000000000000028e+01
-3.468000000000000084e-06,-2.024000000000000199e+01
-3.464000000000000207e-06,-2.024000000000000199e+01
-3.459999999999999907e-06,-2.008000000000000185e+01
-3.456000000000000030e-06,-2.008000000000000185e+01
-3.452000000000000153e-06,-2.008000000000000185e+01
-3.447999999999999852e-06,-2.000000000000000000e+01
-3.443999999999999975e-06,-1.992000000000000171e+01
-3.440000000000000098e-06,-1.992000000000000171e+01
-3.435999999999999798e-06,-1.983999999999999986e+01
-3.432000000000000344e-06,-1.976000000000000156e+01
-3.428000000000000044e-06,-1.967999999999999972e+01
-3.424000000000000167e-06,-1.951999999999999957e+01
-3.420000000000000290e-06,-1.951999999999999957e+01
-3.415999999999999989e-06,-1.935999999999999943e+01
-3.412000000000000112e-06,-1.928000000000000114e+01
-3.408000000000000235e-06,-1.919999999999999929e+01
-3.403999999999999935e-06,-1.919999999999999929e+01
-3.400000000000000058e-06,-1.903999999999999915e+01
-3.396000000000000181e-06,-1.896000000000000085e+01
-3.391999999999999880e-06,-1.896000000000000085e+01
-3.388000000000000003e-06,-1.896000000000000085e+01
-3.384000000000000126e-06,-1.887999999999999901e+01
-3.379999999999999826e-06,-1.887999999999999901e+01
-3.376000000000000372e-06,-1.896000000000000085e+01
-3.372000000000000072e-06,-1.887999999999999901e+01
-3.367999999999999771e-06,-1.887999999999999901e+01
-3.364000000000000318e-06,-1.903999999999999915e+01
-3.360000000000000017e-06,-1.896000000000000085e+01
-3.356000000000000140e-06,-1.912000000000000099e+01
-3.352000000000000263e-06,-1.912000000000000099e+01
-3.347999999999999963e-06,-1.928000000000000114e+01
-3.344000000000000086e-06,-1.928000000000000114e+01
-3.340000000000000209e-06,-1.935999999999999943e+01
-3.335999999999999908e-06,-1.935999999999999943e+01
-3.332000000000000031e-06,-1.944000000000000128e+01
-3.328000000000000154e-06,-1.960000000000000142e+01
-3.323999999999999854e-06,-1.951999999999999957e+01
-3.319999999999999977e-06,-1.976000000000000156e+01
-3.316000000000000100e-06,-1.967999999999999972e+01
-3.311999999999999799e-06,-1.967999999999999972e+01
-3.308000000000000346e-06,-1.976000000000000156e+01
-3.304000000000000045e-06,-1.976000000000000156e+01
-3.299999999999999745e-06,-1.967999999999999972e+01
-3.296000000000000291e-06,-1.983999999999999986e+01
-3.291999999999999991e-06,-1.976000000000000156e+01
-3.288000000000000114e-06,-1.992000000000000171e+01
-3.284000000000000237e-06,-1.983999999999999986e+01
-3.279999999999999936e-06,-1.992000000000000171e+01
-3.276000000000000059e-06,-2.000000000000000000e+01
-3.272000000000000182e-06,-1.992000000000000171e+01
-3.267999999999999882e-06,-2.000000000000000000e+01
-3.264000000000000005e-06,-1.992000000000000171e+01
-3.260000000000000128e-06,-2.000000000000000000e+01
-3.255999999999999827e-06,-2.000000000000000000e+01
-3.252000000000000374e-06,-2.000000000000000000e+01
-3.248000000000000073e-06,-2.000000000000000000e+01
-3.243999999999999773e-06,-2.008000000000000185e+01
-3.240000000000000319e-06,-2.008000000000000185e+01
-3.236000000000000019e-06,-2.016000000000000014e+01
-3.232000000000000142e-06,-2.008000000000000185e+01
-3.228000000000000265e-06,-2.000000000000000000e+01
-3.223999999999999964e-06,-2.008000000000000185e+01
-3.220000000000000087e-06,-2.016000000000000014e+01
-3.216000000000000210e-06,-2.016000000000000014e+01
-3.211999999999999910e-06,-2.008000000000000185e+01
-3.208000000000000033e-06,-2.016000000000000014e+01
-3.204000000000000156e-06,-2.024000000000000199e+01
-3.199999999999999855e-06,-2.000000000000000000e+01
-3.195999999999999978e-06,-2.008000000000000185e+01
-3.192000000000000101e-06,-2.008000000000000185e+01
-3.187999999999999801e-06,-2.016000000000000014e+01
-3.184000000000000347e-06,-2.016000000000000014e+01
-3.180000000000000047e-06,-2.008000000000000185e+01
-3.175999999999999746e-06,-2.016000000000000014e+01
-3.172000000000000293e-06,-2.008000000000000185e+01
-3.167999999999999992e-06,-2.016000000000000014e+01
-3.164000000000000115e-06,-2.016000000000000014e+01
-3.160000000000000238e-06,-2.016000000000000014e+01
-3.155999999999999938e-06,-2.016000000000000014e+01
-3.152000000000000061e-06,-2.016000000000000014e+01
-3.148000000000000184e-06,-2.024000000000000199e+01
-3.143999999999999883e-06,-2.024000000000000199e+01
-3.140000000000000006e-06,-2.016000000000000014e+01
-3.136000000000000129e-06,-2.016000000000000014e+01
-3.131999999999999829e-06,-2.016000000000000014e+01
-3.127999999999999952e-06,-2.016000000000000014e+01
-3.124000000000000075e-06,-2.016000000000000014e+01
-3.119999999999999774e-06,-2.024000000000000199e+01
-3.116000000000000321e-06,-2.024000000000000199e+01
-3.112000000000000020e-06,-2.024000000000000199e+01
-3.108000000000000143e-06,-2.016000000000000014e+01
-3.104000000000000266e-06,-2.024000000000000199e+01
-3.099999999999999966e-06,-2.024000000000000199e+01
-3.096000000000000089e-06,-2.024000000000000199e+01
-3.092000000000000212e-06,-2.024000000000000199e+01
-3.087999999999999911e-06,-2.016000000000000014e+01
-3.084000000000000034e-06,-2.032000000000000028e+01
-3.080000000000000157e-06,-2.024000000000000199e+01
-3.075999999999999857e-06,-2.024000000000000199e+01
-3.071999999999999980e-06,-2.024000000000000199e+01
-3.068000000000000103e-06,-2.016000000000000014e+01
-3.063999999999999802e-06,-2.016000000000000014e+01
-3.060000000000000349e-06,-2.016000000000000014e+01
-3.056000000000000048e-06,-2.024000000000000199e+01
-3.051999999999999748e-06,-2.016000000000000014e+01
-3.048000000000000294e-06,-2.016000000000000014e+01
-3.043999999999999994e-06,-2.024000000000000199e+01
-3.040000000000000117e-06,-2.024000000000000199e+01
-3.036000000000000240e-06,-2.016000000000000014e+01
-3.031999999999999939e-06,-2.024000000000000199e+01
-3.028000000000000062e-06,-2.016000000000000014e+01
-3.024000000000000185e-06,-2.024000000000000199e+01
-3.019999999999999885e-06,-2.024000000000000199e+01
-3.016000000000000008e-06,-2.016000000000000014e+01
-3.012000000000000131e-06,-2.016000000000000014e+01
-3.007999999999999830e-06,-2.024000000000000199e+01
-3.003999999999999953e-06,-2.024000000000000199e+01
-3.000000000000000076e-06,-2.024000000000000199e+01
-2.995999999999999775e-06,-2.032000000000000028e+01
-2.992000000000000322e-06,-2.024000000000000199e+01
-2.988000000000000021e-06,-2.024000000000000199e+01
-2.984000000000000144e-06,-2.024000000000000199e+01
-2.980000000000000267e-06,-2.024000000000000199e+01
-2.975999999999999967e-06,-2.024000000000000199e+01
-2.972000000000000090e-06,-2.024000000000000199e+01
-2.968000000000000213e-06,-2.024000000000000199e+01
-2.963999999999999912e-06,-2.024000000000000199e+01
-2.960000000000000035e-06,-2.024000000000000199e+01
-2.956000000000000158e-06,-2.024000000000000199e+01
-2.951999999999999858e-06,-2.032000000000000028e+01
-2.947999999999999981e-06,-2.032000000000000028e+01
-2.944000000000000104e-06,-2.016000000000000014e+01
-2.939999999999999803e-06,-2.024000000000000199e+01
-2.936000000000000350e-06,-2.032000000000000028e+01
-2.932000000000000049e-06,-2.032000000000000028e+01
-2.927999999999999749e-06,-2.032000000000000028e+01
-2.924000000000000295e-06,-2.032000000000000028e+01
-2.919999999999999995e-06,-2.024000000000000199e+01
-2.916000000000000118e-06,-2.024000000000000199e+01
-2.912000000000000241e-06,-2.024000000000000199e+01
-2.907999999999999940e-06,-2.024000000000000199e+01
-2.904000000000000063e-06,-2.016000000000000014e+01
-2.900000000000000186e-06,-2.032000000000000028e+01
-2.895999999999999886e-06,-2.032000000000000028e+01
-2.892000000000000009e-06,-2.024000000000000199e+01
-2.888000000000000132e-06,-2.024000000000000199e+01
-2.883999999999999831e-06,-2.024000000000000199e+01
-2.879999999999999954e-06,-2.032000000000000028e+01
-2.876000000000000077e-06,-2.032000000000000028e+01
-2.871999999999999777e-06,-2.032000000000000028e+01
-2.868000000000000323e-06,-2.032000000000000028e+01
-2.864000000000000023e-06,-2.024000000000000199e+01
-2.859999999999999722e-06,-2.016000000000000014e+01
-2.856000000000000269e-06,-2.032000000000000028e+01
-2.851999999999999968e-06,-2.024000000000000199e+01
-2.848000000000000091e-06,-2.032000000000000028e+01
-2.844000000000000214e-06,-2.032000000000000028e+01
-2.839999999999999914e-06,-2.032000000000000028e+01
-2.836000000000000037e-06,-2.024000000000000199e+01
-2.832000000000000160e-06,-2.016000000000000014e+01
-2.827999999999999859e-06,-2.024000000000000199e+01
-2.823999999999999982e-06,-2.024000000000000199e+01
-2.820000000000000105e-06,-2.024000000000000199e+01
-2.815999999999999805e-06,-2.024000000000000199e+01
-2.811999999999999928e-06,-2.032000000000000028e+01
-2.808000000000000051e-06,-2.032000000000000028e+01
-2.803999999999999750e-06,-2.032000000000000028e+01
-2.800000000000000297e-06,-2.024000000000000199e+01
-2.795999999999999996e-06,-2.024000000000000199e+01
-2.792000000000000119e-06,-2.024000000000000199e+01
-2.788000000000000242e-06,-2.024000000000000199e+01
-2.783999999999999942e-06,-2.040000000000000213e+01
-2.780000000000000065e-06,-2.024000000000000199e+01
-2.776000000000000188e-06,-2.032000000000000028e+01
-2.771999999999999887e-06,-2.032000000000000028e+01
-2.768000000000000010e-06,-2.032000000000000028e+01
-2.764000000000000133e-06,-2.032000000000000028e+01
-2.759999999999999833e-06,-2.032000000000000028e+01
-2.755999999999999956e-06,-2.032000000000000028e+01
-2.752000000000000079e-06,-2.032000000000000028e+01
-2.747999999999999778e-06,-2.032000000000000028e+01
-2.744000000000000325e-06,-2.024000000000000199e+01
-2.740000000000000024e-06,-2.032000000000000028e+01
-2.735999999999999724e-06,-2.032000000000000028e+01
-2.732000000000000270e-06,-2.016000000000000014e+01
-2.727999999999999970e-06,-2.032000000000000028e+01
-2.724000000000000093e-06,-2.024000000000000199e+01
-2.720000000000000216e-06,-2.032000000000000028e+01
-2.715999999999999915e-06,-2.032000000000000028e+01
-2.712000000000000038e-06,-2.024000000000000199e+01
-2.708000000000000161e-06,-2.032000000000000028e+01
-2.703999999999999861e-06,-2.024000000000000199e+01
-2.699999999999999984e-06,-2.032000000000000028e+01
-2.696000000000000107e-06,-2.032000000000000028e+01
-2.691999999999999806e-06,-2.032000000000000028e+01
-2.687999999999999929e-06,-2.040000000000000213e+01
-2.684000000000000052e-06,-2.024000000000000199e+01
-2.679999999999999752e-06,-2.040000000000000213e+01
-2.676000000000000298e-06,-2.032000000000000028e+01
-2.671999999999999998e-06,-2.024000000000000199e+01
-2.668000000000000121e-06,-2.032000000000000028e+01
-2.664000000000000244e-06,-2.032000000000000028e+01
-2.659999999999999943e-06,-2.024000000000000199e+01
-2.656000000000000066e-06,-2.032000000000000028e+01
-2.652000000000000189e-06,-2.024000000000000199e+01
-2.647999999999999889e-06,-2.032000000000000028e+01
-2.644000000000000012e-06,-2.032000000000000028e+01
-2.640000000000000135e-06,-2.024000000000000199e+01
-2.635999999999999834e-06,-2.032000000000000028e+01
-2.631999999999999957e-06,-2.032000000000000028e+01
-2.628000000000000080e-06,-2.024000000000000199e+01
-2.624000000000000203e-06,-2.040000000000000213e+01
-2.619999999999999903e-06,-2.032000000000000028e+01
-2.616000000000000026e-06,-2.024000000000000199e+01
-2.612000000000000149e-06,-2.032000000000000028e+01
-2.607999999999999848e-06,-2.032000000000000028e+01
-2.603999999999999971e-06,-2.024000000000000199e+01
-2.600000000000000094e-06,-2.032000000000000028e+01
-2.596000000000000217e-06,-2.032000000000000028e+01
-2.591999999999999917e-06,-2.040000000000000213e+01
-2.588000000000000040e-06,-2.024000000000000199e+01
-2.584000000000000163e-06,-2.024000000000000199e+01
-2.579999999999999862e-06,-2.040000000000000213e+01
-2.575999999999999985e-06,-2.024000000000000199e+01
-2.572000000000000108e-06,-2.032000000000000028e+01
-2.567999999999999808e-06,-2.032000000000000028e+01
-2.563999999999999931e-06,-2.040000000000000213e+01
-2.560000000000000054e-06,-2.024000000000000199e+01
-2.556000000000000177e-06,-2.032000000000000028e+01
-2.551999999999999876e-06,-2.032000000000000028e+01
-2.547999999999999999e-06,-2.032000000000000028e+01
-2.544000000000000122e-06,-2.024000000000000199e+01
-2.539999999999999822e-06,-2.032000000000000028e+01
-2.535999999999999945e-06,-2.024000000000000199e+01
-2.532000000000000068e-06,-2.032000000000000028e+01
-2.528000000000000191e-06,-2.040000000000000213e+01
-2.523999999999999890e-06,-2.032000000000000028e+01
-2.520000000000000013e-06,-2.032000000000000028e+01
-2.516000000000000136e-06,-2.024000000000000199e+01
-2.511999999999999836e-06,-2.040000000000000213e+01
-2.507999999999999959e-06,-2.016000000000000014e+01
-2.504000000000000082e-06,-2.040000000000000213e+01
-2.500000000000000205e-06,-2.032000000000000028e+01
-2.495999999999999904e-06,-2.032000000000000028e+01
-2.492000000000000027e-06,-2.032000000000000028e+01
-2.488000000000000150e-06,-2.032000000000000028e+01
-2.483999999999999849e-06,-2.032000000000000028e+01
-2.479999999999999972e-06,-2.032000000000000028e+01
-2.476000000000000095e-06,-2.032000000000000028e+01
-2.472000000000000218e-06,-2.032000000000000028e+01
-2.467999999999999918e-06,-2.032000000000000028e+01
-2.464000000000000041e-06,-2.032000000000000028e+01
-2.460000000000000164e-06,-2.032000000000000028e+01
-2.455999999999999863e-06,-2.032000000000000028e+01
-2.451999999999999986e-06,-2.032000000000000028e+01
-2.448000000000000109e-06,-2.040000000000000213e+01
-2.443999999999999809e-06,-2.040000000000000213e+01
-2.439999999999999932e-06,-2.024000000000000199e+01
-2.436000000000000055e-06,-2.040000000000000213e+01
-2.432000000000000178e-06,-2.032000000000000028e+01
-2.427999999999999877e-06,-2.040000000000000213e+01
-2.424000000000000000e-06,-2.040000000000000213e+01
-2.420000000000000123e-06,-2.032000000000000028e+01
-2.415999999999999823e-06,-2.032000000000000028e+01
-2.411999999999999946e-06,-2.040000000000000213e+01
-2.408000000000000069e-06,-2.032000000000000028e+01
-2.404000000000000192e-06,-2.032000000000000028e+01
-2.399999999999999891e-06,-2.032000000000000028e+01
-2.396000000000000014e-06,-2.032000000000000028e+01
-2.392000000000000137e-06,-2.032000000000000028e+01
-2.387999999999999837e-06,-2.016000000000000014e+01
-2.383999999999999960e-06,-2.032000000000000028e+01
-2.380000000000000083e-06,-2.024000000000000199e+01
-2.376000000000000206e-06,-2.032000000000000028e+01
-2.371999999999999905e-06,-2.032000000000000028e+01
-2.368000000000000028e-06,-2.032000000000000028e+01
-2.364000000000000151e-06,-2.024000000000000199e+01
-2.359999999999999851e-06,-2.032000000000000028e+01
-2.355999999999999974e-06,-2.032000000000000028e+01
-2.352000000000000097e-06,-2.040000000000000213e+01
-2.347999999999999796e-06,-2.032000000000000028e+01
-2.343999999999999919e-06,-2.032000000000000028e+01
-2.340000000000000042e-06,-2.032000000000000028e+01
-2.336000000000000165e-06,-2.024000000000000199e+01
-2.331999999999999865e-06,-2.032000000000000028e+01
-2.327999999999999988e-06,-2.032000000000000028e+01
-2.324000000000000111e-06,-2.032000000000000028e+01
-2.319999999999999810e-06,-2.032000000000000028e+01
-2.315999999999999933e-06,-2.024000000000000199e+01
-2.312000000000000056e-06,-2.040000000000000213e+01
-2.308000000000000179e-06,-2.024000000000000199e+01
-2.303999999999999879e-06,-2.032000000000000028e+01
-2.300000000000000002e-06,-2.032000000000000028e+01
-2.296000000000000125e-06,-2.032000000000000028e+01
-2.291999999999999824e-06,-2.032000000000000028e+01
-2.287999999999999947e-06,-2.024000000000000199e+01
-2.284000000000000070e-06,-2.024000000000000199e+01
-2.280000000000000193e-06,-2.024000000000000199e+01
-2.275999999999999893e-06,-2.024000000000000199e+01
-2.272000000000000016e-06,-2.024000000000000199e+01
-2.268000000000000139e-06,-2.024000000000000199e+01
-2.263999999999999838e-06,-2.016000000000000014e+01
-2.259999999999999961e-06,-2.016000000000000014e+01
-2.256000000000000084e-06,-2.016000000000000014e+01
-2.252000000000000207e-06,-2.016000000000000014e+01
-2.247999999999999907e-06,-2.016000000000000014e+01
-2.244000000000000030e-06,-2.000000000000000000e+01
-2.240000000000000153e-06,-2.008000000000000185e+01
-2.235999999999999852e-06,-1.992000000000000171e+01
-2.231999999999999975e-06,-2.000000000000000000e+01
-2.228000000000000098e-06,-1.992000000000000171e+01
-2.223999999999999798e-06,-1.976000000000000156e+01
-2.219999999999999921e-06,-1.976000000000000156e+01
-2.216000000000000044e-06,-1.976000000000000156e+01
-2.212000000000000167e-06,-1.967999999999999972e+01
-2.207999999999999866e-06,-1.944000000000000128e+01
-2.203999999999999989e-06,-1.944000000000000128e+01
-2.200000000000000112e-06,-1.935999999999999943e+01
-2.195999999999999812e-06,-1.935999999999999943e+01
-2.191999999999999935e-06,-1.912000000000000099e+01
-2.188000000000000058e-06,-1.903999999999999915e+01
-2.184000000000000181e-06,-1.903999999999999915e+01
-2.179999999999999880e-06,-1.896000000000000085e+01
-2.176000000000000003e-06,-1.887999999999999901e+01
-2.172000000000000126e-06,-1.871999999999999886e+01
-2.167999999999999826e-06,-1.871999999999999886e+01
-2.163999999999999949e-06,-1.871999999999999886e+01
-2.160000000000000072e-06,-1.880000000000000071e+01
-2.156000000000000195e-06,-1.871999999999999886e+01
-2.151999999999999894e-06,-1.871999999999999886e+01
-2.148000000000000017e-06,-1.864000000000000057e+01
-2.144000000000000140e-06,-1.871999999999999886e+01
-2.139999999999999840e-06,-1.871999999999999886e+01
-2.135999999999999963e-06,-1.880000000000000071e+01
-2.132000000000000086e-06,-1.887999999999999901e+01
-2.127999999999999785e-06,-1.896000000000000085e+01
-2.123999999999999908e-06,-1.896000000000000085e+01
-2.120000000000000031e-06,-1.896000000000000085e+01
-2.116000000000000154e-06,-1.903999999999999915e+01
-2.111999999999999854e-06,-1.896000000000000085e+01
-2.107999999999999977e-06,-1.912000000000000099e+01
-2.104000000000000100e-06,-1.912000000000000099e+01
-2.099999999999999799e-06,-1.935999999999999943e+01
-2.095999999999999922e-06,-1.919999999999999929e+01
-2.092000000000000045e-06,-1.919999999999999929e+01
-2.088000000000000168e-06,-1.944000000000000128e+01
-2.083999999999999868e-06,-1.935999999999999943e+01
-2.079999999999999991e-06,-1.951999999999999957e+01
-2.076000000000000114e-06,-1.944000000000000128e+01
-2.071999999999999813e-06,-1.951999999999999957e+01
-2.067999999999999936e-06,-1.960000000000000142e+01
-2.064000000000000059e-06,-1.967999999999999972e+01
-2.060000000000000182e-06,-1.967999999999999972e+01
-2.055999999999999882e-06,-1.960000000000000142e+01
-2.052000000000000005e-06,-1.967999999999999972e+01
-2.048000000000000128e-06,-1.976000000000000156e+01
-2.043999999999999827e-06,-1.976000000000000156e+01
-2.039999999999999950e-06,-1.976000000000000156e+01
-2.036000000000000073e-06,-1.983999999999999986e+01
-2.031999999999999773e-06,-1.976000000000000156e+01
-2.027999999999999896e-06,-1.983999999999999986e+01
-2.024000000000000019e-06,-1.976000000000000156e+01
-2.020000000000000142e-06,-1.983999999999999986e+01
-2.015999999999999841e-06,-1.992000000000000171e+01
-2.011999999999999964e-06,-1.983999999999999986e+01
-2.008000000000000087e-06,-1.983999999999999986e+01
-2.003999999999999786e-06,-1.983999999999999986e+01
-1.999999999999999909e-06,-1.992000000000000171e+01
-1.996000000000000032e-06,-1.992000000000000171e+01
-1.992000000000000155e-06,-1.983999999999999986e+01
-1.987999999999999855e-06,-1.992000000000000171e+01
-1.983999999999999978e-06,-2.000000000000000000e+01
-1.980000000000000101e-06,-2.000000000000000000e+01
-1.975999999999999800e-06,-2.000000000000000000e+01
-1.971999999999999923e-06,-2.000000000000000000e+01
-1.968000000000000046e-06,-1.992000000000000171e+01
-1.964000000000000169e-06,-2.000000000000000000e+01
-1.959999999999999869e-06,-1.992000000000000171e+01
-1.955999999999999992e-06,-2.000000000000000000e+01
-1.952000000000000115e-06,-1.992000000000000171e+01
-1.947999999999999814e-06,-2.000000000000000000e+01
-1.943999999999999937e-06,-2.008000000000000185e+01
-1.940000000000000060e-06,-2.008000000000000185e+01
-1.936000000000000183e-06,-2.000000000000000000e+01
-1.931999999999999883e-06,-2.008000000000000185e+01
-1.928000000000000006e-06,-2.008000000000000185e+01
-1.924000000000000129e-06,-2.008000000000000185e+01
-1.919999999999999828e-06,-2.000000000000000000e+01
-1.915999999999999951e-06,-2.008000000000000185e+01
-1.912000000000000074e-06,-2.000000000000000000e+01
-1.907999999999999774e-06,-2.008000000000000185e+01
-1.903999999999999897e-06,-2.008000000000000185e+01
-1.900000000000000020e-06,-2.008000000000000185e+01
-1.896000000000000143e-06,-2.008000000000000185e+01
-1.891999999999999842e-06,-2.008000000000000185e+01
-1.887999999999999965e-06,-2.008000000000000185e+01
-1.884000000000000088e-06,-2.008000000000000185e+01
-1.879999999999999788e-06,-2.008000000000000185e+01
-1.875999999999999911e-06,-2.008000000000000185e+01
-1.872000000000000034e-06,-2.008000000000000185e+01
-1.868000000000000157e-06,-2.008000000000000185e+01
-1.863999999999999856e-06,-2.016000000000000014e+01
-1.859999999999999979e-06,-2.008000000000000185e+01
-1.856000000000000102e-06,-2.008000000000000185e+01
-1.851999999999999802e-06,-2.016000000000000014e+01
-1.847999999999999925e-06,-2.000000000000000000e+01
-1.844000000000000048e-06,-2.008000000000000185e+01
-1.840000000000000171e-06,-2.008000000000000185e+01
-1.835999999999999870e-06,-2.016000000000000014e+01
-1.831999999999999993e-06,-2.016000000000000014e+01
-1.828000000000000116e-06,-2.000000000000000000e+01
-1.823999999999999816e-06,-2.008000000000000185e+01
-1.819999999999999939e-06,-2.016000000000000014e+01
-1.816000000000000062e-06,-2.016000000000000014e+01
-1.811999999999999761e-06,-2.008000000000000185e+01
-1.807999999999999884e-06,-2.016000000000000014e+01
-1.804000000000000007e-06,-2.016000000000000014e+01
-1.800000000000000130e-06,-2.016000000000000014e+01
-1.795999999999999830e-06,-2.008000000000000185e+01
-1.791999999999999953e-06,-2.016000000000000014e+01
-1.788000000000000076e-06,-2.008000000000000185e+01
-1.783999999999999775e-06,-2.008000000000000185e+01
-1.779999999999999898e-06,-2.016000000000000014e+01
-1.776000000000000021e-06,-2.016000000000000014e+01
-1.772000000000000144e-06,-2.016000000000000014e+01
-1.767999999999999844e-06,-2.008000000000000185e+01
-1.763999999999999967e-06,-2.016000000000000014e+01
-1.760000000000000090e-06,-2.008000000000000185e+01
-1.755999999999999789e-06,-2.016000000000000014e+01
-1.751999999999999912e-06,-2.008000000000000185e+01
-1.748000000000000035e-06,-2.024000000000000199e+01
-1.744000000000000158e-06,-2.008000000000000185e+01
-1.739999999999999858e-06,-2.008000000000000185e+01
-1.735999999999999981e-06,-2.032000000000000028e+01
-1.732000000000000104e-06,-2.008000000000000185e+01
-1.727999999999999803e-06,-2.016000000000000014e+01
-1.723999999999999926e-06,-2.024000000000000199e+01
-1.720000000000000049e-06,-2.008000000000000185e+01
-1.716000000000000172e-06,-2.000000000000000000e+01
-1.711999999999999872e-06,-2.016000000000000014e+01
-1.707999999999999995e-06,-2.016000000000000014e+01
-1.704000000000000118e-06,-2.016000000000000014e+01
-1.699999999999999817e-06,-2.008000000000000185e+01
-1.695999999999999940e-06,-2.016000000000000014e+01
-1.692000000000000063e-06,-2.024000000000000199e+01
-1.687999999999999763e-06,-2.016000000000000014e+01
-1.683999999999999886e-06,-2.016000000000000014e+01
-1.680000000000000009e-06,-2.008000000000000185e+01
-1.676000000000000132e-06,-2.016000000000000014e+01
-1.671999999999999831e-06,-2.016000000000000014e+01
-1.667999999999999954e-06,-2.024000000000000199e+01
-1.664000000000000077e-06,-2.016000000000000014e+01
-1.659999999999999777e-06,-2.024000000000000199e+01
-1.655999999999999900e-06,-2.016000000000000014e+01
-1.652000000000000023e-06,-2.024000000000000199e+01
-1.648000000000000146e-06,-2.008000000000000185e+01
-1.643999999999999845e-06,-2.016000000000000014e+01
-1.639999999999999968e-06,-2.016000000000000014e+01
-1.636000000000000091e-06,-2.016000000000000014e+01
-1.631999999999999791e-06,-2.008000000000000185e+01
-1.627999999999999914e-06,-2.016000000000000014e+01
-1.624000000000000037e-06,-2.016000000000000014e+01
-1.620000000000000160e-06,-2.024000000000000199e+01
-1.615999999999999859e-06,-2.016000000000000014e+01
-1.611999999999999982e-06,-2.016000000000000014e+01
-1.608000000000000105e-06,-2.016000000000000014e+01
-1.603999999999999805e-06,-2.016000000000000014e+01
-1.599999999999999928e-06,-2.016000000000000014e+01
-1.596000000000000051e-06,-2.016000000000000014e+01
-1.591999999999999750e-06,-2.024000000000000199e+01
-1.587999999999999873e-06,-2.016000000000000014e+01
-1.583999999999999996e-06,-2.016000000000000014e+01
-1.580000000000000119e-06,-2.016000000000000014e+01
-1.575999999999999819e-06,-2.024000000000000199e+01
-1.571999999999999942e-06,-2.016000000000000014e+01
-1.568000000000000065e-06,-2.016000000000000014e+01
-1.563999999999999764e-06,-2.016000000000000014e+01
-1.559999999999999887e-06,-2.024000000000000199e+01
-1.556000000000000010e-06,-2.024000000000000199e+01
-1.552000000000000133e-06,-2.008000000000000185e+01
-1.547999999999999833e-06,-2.024000000000000199e+01
-1.543999999999999956e-06,-2.016000000000000014e+01
-1.540000000000000079e-06,-2.016000000000000014e+01
-1.535999999999999778e-06,-2.016000000000000014e+01
-1.531999999999999901e-06,-2.024000000000000199e+01
-1.528000000000000024e-06,-2.016000000000000014e+01
-1.524000000000000147e-06,-2.016000000000000014e+01
-1.519999999999999847e-06,-2.024000000000000199e+01
-1.515999999999999970e-06,-2.016000000000000014e+01
-1.512000000000000093e-06,-2.016000000000000014e+01
-1.507999999999999792e-06,-2.016000000000000014e+01
-1.503999999999999915e-06,-2.016000000000000014e+01
-1.500000000000000038e-06,-2.032000000000000028e+01
-1.495999999999999737e-06,-2.024000000000000199e+01
-1.491999999999999860e-06,-2.016000000000000014e+01
-1.487999999999999983e-06,-2.024000000000000199e+01
-1.484000000000000106e-06,-2.024000000000000199e+01
-1.479999999999999806e-06,-2.016000000000000014e+01
-1.475999999999999929e-06,-2.016000000000000014e+01
-1.472000000000000052e-06,-2.016000000000000014e+01
-1.467999999999999751e-06,-2.016000000000000014e+01
-1.463999999999999874e-06,-2.016000000000000014e+01
-1.459999999999999997e-06,-2.024000000000000199e+01
-1.456000000000000120e-06,-2.016000000000000014e+01
-1.451999999999999820e-06,-2.016000000000000014e+01
-1.447999999999999943e-06,-2.024000000000000199e+01
-1.444000000000000066e-06,-2.016000000000000014e+01
-1.439999999999999765e-06,-2.024000000000000199e+01
-1.435999999999999888e-06,-2.024000000000000199e+01
-1.432000000000000011e-06,-2.016000000000000014e+01
-1.428000000000000134e-06,-2.016000000000000014e+01
-1.423999999999999834e-06,-2.032000000000000028e+01
-1.419999999999999957e-06,-2.016000000000000014e+01
-1.416000000000000080e-06,-2.016000000000000014e+01
-1.411999999999999779e-06,-2.016000000000000014e+01
-1.407999999999999902e-06,-2.032000000000000028e+01
-1.404000000000000025e-06,-2.016000000000000014e+01
-1.400000000000000148e-06,-2.016000000000000014e+01
-1.395999999999999848e-06,-2.024000000000000199e+01
-1.391999999999999971e-06,-2.024000000000000199e+01
-1.388000000000000094e-06,-2.024000000000000199e+01
-1.383999999999999793e-06,-2.032000000000000028e+01
-1.379999999999999916e-06,-2.016000000000000014e+01
-1.376000000000000039e-06,-2.024000000000000199e+01
-1.371999999999999739e-06,-2.016000000000000014e+01
-1.367999999999999862e-06,-2.032000000000000028e+01
-1.363999999999999985e-06,-2.008000000000000185e+01
-1.360000000000000108e-06,-2.016000000000000014e+01
-1.355999999999999807e-06,-2.016000000000000014e+01
-1.351999999999999930e-06,-2.024000000000000199e+01
-1.348000000000000053e-06,-2.024000000000000199e+01
-1.343999999999999753e-06,-2.024000000000000199e+01
-1.339999999999999876e-06,-2.032000000000000028e+01
-1.335999999999999999e-06,-2.032000000000000028e+01
-1.332000000000000122e-06,-2.024000000000000199e+01
-1.327999999999999821e-06,-2.016000000000000014e+01
-1.323999999999999944e-06,-2.016000000000000014e+01
-1.320000000000000067e-06,-2.008000000000000185e+01
-1.315999999999999767e-06,-2.024000000000000199e+01
-1.311999999999999890e-06,-2.016000000000000014e+01
-1.308000000000000013e-06,-2.024000000000000199e+01
-1.304000000000000136e-06,-2.016000000000000014e+01
-1.299999999999999835e-06,-2.024000000000000199e+01
-1.295999999999999958e-06,-2.024000000000000199e+01
-1.292000000000000081e-06,-2.024000000000000199e+01
-1.287999999999999781e-06,-2.016000000000000014e+01
-1.283999999999999904e-06,-2.024000000000000199e+01
-1.280000000000000027e-06,-2.016000000000000014e+01
-1.275999999999999726e-06,-2.024000000000000199e+01
-1.271999999999999849e-06,-2.032000000000000028e+01
-1.267999999999999972e-06,-2.024000000000000199e+01
-1.264000000000000095e-06,-2.024000000000000199e+01
-1.259999999999999795e-06,-2.024000000000000199e+01
-1.255999999999999918e-06,-2.032000000000000028e+01
-1.252000000000000041e-06,-2.024000000000000199e+01
-1.247999999999999740e-06,-2.024000000000000199e+01
-1.243999999999999863e-06,-2.024000000000000199e+01
-1.239999999999999986e-06,-2.024000000000000199e+01
-1.236000000000000109e-06,-2.016000000000000014e+01
-1.231999999999999809e-06,-2.016000000000000014e+01
-1.227999999999999932e-06,-2.024000000000000199e+01
-1.224000000000000055e-06,-2.024000000000000199e+01
-1.219999999999999754e-06,-2.024000000000000199e+01
-1.215999999999999877e-06,-2.016000000000000014e+01
-1.212000000000000000e-06,-2.016000000000000014e+01
-1.208000000000000123e-06,-2.016000000000000014e+01
-1.203999999999999823e-06,-2.016000000000000014e+01
-1.199999999999999946e-06,-2.016000000000000014e+01
-1.196000000000000069e-06,-2.016000000000000014e+01
-1.191999999999999768e-06,-2.008000000000000185e+01
-1.187999999999999891e-06,-2.008000000000000185e+01
-1.184000000000000014e-06,-2.008000000000000185e+01
-1.180000000000000137e-06,-2.008000000000000185e+01
-1.175999999999999837e-06,-2.008000000000000185e+01
-1.171999999999999960e-06,-2.008000000000000185e+01
-1.168000000000000083e-06,-2.016000000000000014e+01
-1.163999999999999782e-06,-2.016000000000000014e+01
-1.159999999999999905e-06,-2.008000000000000185e+01
-1.156000000000000028e-06,-2.000000000000000000e+01
-1.151999999999999728e-06,-2.000000000000000000e+01
-1.147999999999999851e-06,-1.992000000000000171e+01
-1.143999999999999974e-06,-1.992000000000000171e+01
-1.140000000000000097e-06,-1.992000000000000171e+01
-1.135999999999999796e-06,-1.983999999999999986e+01
-1.131999999999999919e-06,-1.983999999999999986e+01
-1.128000000000000042e-06,-1.967999999999999972e+01
-1.123999999999999742e-06,-1.983999999999999986e+01
-1.119999999999999865e-06,-1.967999999999999972e+01
-1.115999999999999988e-06,-1.951999999999999957e+01
-1.112000000000000111e-06,-1.951999999999999957e+01
-1.107999999999999810e-06,-1.944000000000000128e+01
-1.103999999999999933e-06,-1.935999999999999943e+01
-1.100000000000000056e-06,-1.935999999999999943e+01
-1.095999999999999756e-06,-1.928000000000000114e+01
-1.091999999999999879e-06,-1.919999999999999929e+01
-1.088000000000000002e-06,-1.903999999999999915e+01
-1.084000000000000125e-06,-1.896000000000000085e+01
-1.079999999999999824e-06,-1.887999999999999901e+01
-1.075999999999999947e-06,-1.880000000000000071e+01
-1.072000000000000070e-06,-1.880000000000000071e+01
-1.067999999999999770e-06,-1.871999999999999886e+01
-1.063999999999999893e-06,-1.871999999999999886e+01
-1.060000000000000016e-06,-1.864000000000000057e+01
-1.055999999999999715e-06,-1.848000000000000043e+01
-1.051999999999999838e-06,-1.855999999999999872e+01
-1.047999999999999961e-06,-1.848000000000000043e+01
-1.044000000000000084e-06,-1.855999999999999872e+01
-1.039999999999999784e-06,-1.848000000000000043e+01
-1.035999999999999907e-06,-1.848000000000000043e+01
-1.032000000000000030e-06,-1.848000000000000043e+01
-1.027999999999999729e-06,-1.855999999999999872e+01
-1.023999999999999852e-06,-1.855999999999999872e+01
-1.019999999999999975e-06,-1.855999999999999872e+01
-1.016000000000000098e-06,-1.864000000000000057e+01
-1.011999999999999798e-06,-1.880000000000000071e+01
-1.007999999999999921e-06,-1.880000000000000071e+01
-1.004000000000000044e-06,-1.880000000000000071e+01
-9.999999999999997430e-07,-1.880000000000000071e+01
-9.959999999999998660e-07,-1.887999999999999901e+01
-9.919999999999999890e-07,-1.896000000000000085e+01
-9.880000000000001120e-07,-1.896000000000000085e+01
-9.839999999999998115e-07,-1.896000000000000085e+01
-9.799999999999999345e-07,-1.903999999999999915e+01
-9.760000000000000575e-07,-1.903999999999999915e+01
-9.719999999999997570e-07,-1.928000000000000114e+01
-9.679999999999998800e-07,-1.919999999999999929e+01
-9.640000000000000030e-07,-1.919999999999999929e+01
-9.600000000000001260e-07,-1.928000000000000114e+01
-9.559999999999998254e-07,-1.935999999999999943e+01
-9.519999999999999484e-07,-1.935999999999999943e+01
-9.480000000000000715e-07,-1.944000000000000128e+01
-9.439999999999997709e-07,-1.951999999999999957e+01
-9.399999999999998939e-07,-1.944000000000000128e+01
-9.360000000000000169e-07,-1.951999999999999957e+01
-9.319999999999997164e-07,-1.960000000000000142e+01
-9.279999999999998394e-07,-1.960000000000000142e+01
-9.239999999999999624e-07,-1.951999999999999957e+01
-9.200000000000000854e-07,-1.967999999999999972e+01
-9.159999999999997849e-07,-1.960000000000000142e+01
-9.119999999999999079e-07,-1.960000000000000142e+01
-9.080000000000000309e-07,-1.967999999999999972e+01
-9.039999999999997304e-07,-1.967999999999999972e+01
-8.999999999999998534e-07,-1.976000000000000156e+01
-8.959999999999999764e-07,-1.967999999999999972e+01
-8.920000000000000994e-07,-1.967999999999999972e+01
-8.879999999999997989e-07,-1.967999999999999972e+01
-8.839999999999999219e-07,-1.967999999999999972e+01
-8.800000000000000449e-07,-1.967999999999999972e+01
-8.759999999999997444e-07,-1.983999999999999986e+01
-8.719999999999998674e-07,-1.976000000000000156e+01
-8.679999999999999904e-07,-1.976000000000000156e+01
-8.640000000000001134e-07,-1.976000000000000156e+01
-8.599999999999998129e-07,-1.976000000000000156e+01
-8.559999999999999359e-07,-1.976000000000000156e+01
-8.520000000000000589e-07,-1.976000000000000156e+01
-8.479999999999997583e-07,-1.983999999999999986e+01
-8.439999999999998813e-07,-1.983999999999999986e+01
-8.400000000000000043e-07,-1.992000000000000171e+01
-8.359999999999997038e-07,-1.976000000000000156e+01
-8.319999999999998268e-07,-1.983999999999999986e+01
-8.279999999999999498e-07,-1.992000000000000171e+01
-8.240000000000000728e-07,-1.983999999999999986e+01
-8.199999999999997723e-07,-1.976000000000000156e+01
-8.159999999999998953e-07,-1.983999999999999986e+01
-8.120000000000000183e-07,-2.000000000000000000e+01
-8.079999999999997178e-07,-1.983999999999999986e+01
-8.039999999999998408e-07,-1.992000000000000171e+01
-7.999999999999999638e-07,-1.992000000000000171e+01
-7.960000000000000868e-07,-1.992000000000000171e+01
-7.919999999999997863e-07,-2.000000000000000000e+01
-7.879999999999999093e-07,-1.992000000000000171e+01
-7.840000000000000323e-07,-2.000000000000000000e+01
-7.799999999999997318e-07,-1.992000000000000171e+01
-7.759999999999998548e-07,-1.983999999999999986e+01
-7.719999999999999778e-07,-1.992000000000000171e+01
-7.680000000000001008e-07,-1.992000000000000171e+01
-7.639999999999998003e-07,-1.992000000000000171e+01
-7.599999999999999233e-07,-1.983999999999999986e+01
-7.560000000000000463e-07,-1.992000000000000171e+01
-7.519999999999997457e-07,-1.983999999999999986e+01
-7.480000000000002923e-07,-1.992000000000000171e+01
-7.439999999999999917e-07,-2.000000000000000000e+01
-7.399999999999996912e-07,-1.992000000000000171e+01
-7.360000000000002377e-07,-1.992000000000000171e+01
-7.319999999999999372e-07,-1.992000000000000171e+01
-7.279999999999996367e-07,-2.008000000000000185e+01
-7.240000000000001832e-07,-1.992000000000000171e+01
-7.199999999999998827e-07,-2.000000000000000000e+01
-7.159999999999995822e-07,-2.000000000000000000e+01
-7.120000000000001287e-07,-1.992000000000000171e+01
-7.079999999999998282e-07,-2.000000000000000000e+01
-7.039999999999995277e-07,-1.992000000000000171e+01
-7.000000000000000742e-07,-2.000000000000000000e+01
-6.959999999999997737e-07,-2.008000000000000185e+01
-6.920000000000003202e-07,-2.000000000000000000e+01
-6.880000000000000197e-07,-1.992000000000000171e+01
-6.839999999999997192e-07,-2.000000000000000000e+01
-6.800000000000002657e-07,-1.992000000000000171e+01
-6.759999999999999652e-07,-2.000000000000000000e+01
-6.719999999999996647e-07,-1.992000000000000171e+01
-6.680000000000002112e-07,-2.000000000000000000e+01
-6.639999999999999107e-07,-1.992000000000000171e+01
-6.599999999999996101e-07,-1.992000000000000171e+01
-6.560000000000001567e-07,-1.992000000000000171e+01
-6.519999999999998561e-07,-2.000000000000000000e+01
-6.479999999999995556e-07,-2.000000000000000000e+01
-6.440000000000001021e-07,-2.000000000000000000e+01
-6.399999999999998016e-07,-2.000000000000000000e+01
-6.359999999999995011e-07,-2.000000000000000000e+01
-6.320000000000000476e-07,-2.008000000000000185e+01
-6.279999999999997471e-07,-2.000000000000000000e+01
-6.240000000000002936e-07,-2.000000000000000000e+01
-6.199999999999999931e-07,-2.008000000000000185e+01
-6.159999999999996926e-07,-2.008000000000000185e+01
-6.120000000000002391e-07,-2.000000000000000000e+01
-6.079999999999999386e-07,-2.000000000000000000e+01
-6.039999999999996381e-07,-2.000000000000000000e+01
-6.000000000000001846e-07,-2.008000000000000185e+01
-5.959999999999998841e-07,-1.992000000000000171e+01
-5.919999999999995836e-07,-2.000000000000000000e+01
-5.880000000000001301e-07,-2.008000000000000185e+01
-5.839999999999998296e-07,-2.000000000000000000e+01
-5.799999999999995291e-07,-2.000000000000000000e+01
-5.760000000000000756e-07,-2.016000000000000014e+01
-5.719999999999997751e-07,-2.000000000000000000e+01
-5.679999999999994745e-07,-2.008000000000000185e+01
-5.640000000000000211e-07,-2.000000000000000000e+01
-5.599999999999997205e-07,-2.008000000000000185e+01
-5.560000000000002671e-07,-2.000000000000000000e+01
-5.519999999999999666e-07,-2.008000000000000185e+01
-5.479999999999996660e-07,-2.016000000000000014e+01
-5.440000000000002126e-07,-2.016000000000000014e+01
-5.399999999999999120e-07,-2.000000000000000000e+01
-5.359999999999996115e-07,-2.008000000000000185e+01
-5.320000000000001580e-07,-2.000000000000000000e+01
-5.279999999999998575e-07,-1.992000000000000171e+01
-5.239999999999995570e-07,-2.008000000000000185e+01
-5.200000000000001035e-07,-2.008000000000000185e+01
-5.159999999999998030e-07,-2.008000000000000185e+01
-5.119999999999995025e-07,-2.000000000000000000e+01
-5.080000000000000490e-07,-2.000000000000000000e+01
-5.039999999999997485e-07,-2.008000000000000185e+01
-5.000000000000002950e-07,-2.000000000000000000e+01
-4.959999999999999945e-07,-2.000000000000000000e+01
-4.919999999999996940e-07,-2.008000000000000185e+01
-4.880000000000002405e-07,-2.016000000000000014e+01
-4.839999999999999400e-07,-2.008000000000000185e+01
-4.799999999999996395e-07,-2.000000000000000000e+01
-4.760000000000001860e-07,-2.008000000000000185e+01
-4.719999999999998855e-07,-2.016000000000000014e+01
-4.679999999999995850e-07,-2.008000000000000185e+01
-4.640000000000001315e-07,-2.008000000000000185e+01
-4.599999999999998310e-07,-2.000000000000000000e+01
-4.559999999999995304e-07,-2.000000000000000000e+01
-4.520000000000000770e-07,-2.008000000000000185e+01
-4.479999999999997764e-07,-2.008000000000000185e+01
-4.439999999999994759e-07,-2.008000000000000185e+01
-4.400000000000000224e-07,-2.008000000000000185e+01
-4.359999999999997219e-07,-2.008000000000000185e+01
-4.320000000000002684e-07,-2.008000000000000185e+01
-4.279999999999999679e-07,-2.008000000000000185e+01
-4.239999999999996674e-07,-2.000000000000000000e+01
-4.200000000000002139e-07,-2.008000000000000185e+01
-4.159999999999999134e-07,-2.008000000000000185e+01
-4.119999999999996129e-07,-2.008000000000000185e+01
-4.080000000000001594e-07,-2.008000000000000185e+01
-4.039999999999998589e-07,-2.016000000000000014e+01
-3.999999999999995584e-07,-2.008000000000000185e+01
-3.960000000000001049e-07,-2.008000000000000185e+01
-3.919999999999998044e-07,-2.016000000000000014e+01
-3.879999999999995039e-07,-2.008000000000000185e+01
-3.840000000000000504e-07,-2.008000000000000185e+01
-3.799999999999997499e-07,-2.016000000000000014e+01
-3.760000000000002964e-07,-2.000000000000000000e+01
-3.719999999999999959e-07,-2.008000000000000185e+01
-3.679999999999996954e-07,-2.008000000000000185e+01
-3.640000000000002419e-07,-2.008000000000000185e+01
-3.599999999999999414e-07,-2.008000000000000185e+01
-3.559999999999996408e-07,-2.008000000000000185e+01
-3.520000000000001874e-07,-2.008000000000000185e+01
-3.479999999999998868e-07,-2.008000000000000185e+01
-3.439999999999995863e-07,-2.016000000000000014e+01
-3.400000000000001328e-07,-2.008000000000000185e+01
-3.359999999999998323e-07,-2.008000000000000185e+01
-3.319999999999995318e-07,-2.008000000000000185e+01
-3.280000000000000783e-07,-2.008000000000000185e+01
-3.239999999999997778e-07,-2.008000000000000185e+01
-3.199999999999994773e-07,-2.008000000000000185e+01
-3.160000000000000238e-07,-2.008000000000000185e+01
-3.119999999999997233e-07,-2.016000000000000014e+01
-3.080000000000002698e-07,-2.000000000000000000e+01
-3.039999999999999693e-07,-2.016000000000000014e+01
-2.999999999999996688e-07,-2.008000000000000185e+01
-2.960000000000002153e-07,-2.008000000000000185e+01
-2.919999999999999148e-07,-2.008000000000000185e+01
-2.879999999999996143e-07,-2.016000000000000014e+01
-2.840000000000001608e-07,-2.016000000000000014e+01
-2.799999999999998603e-07,-2.016000000000000014e+01
-2.759999999999995598e-07,-2.016000000000000014e+01
-2.720000000000001063e-07,-2.008000000000000185e+01
-2.679999999999998058e-07,-2.008000000000000185e+01
-2.639999999999995052e-07,-2.016000000000000014e+01
-2.600000000000000518e-07,-2.016000000000000014e+01
-2.559999999999997512e-07,-2.008000000000000185e+01
-2.519999999999994507e-07,-2.016000000000000014e+01
-2.479999999999999972e-07,-2.016000000000000014e+01
-2.439999999999996967e-07,-2.008000000000000185e+01
-2.400000000000002432e-07,-2.000000000000000000e+01
-2.359999999999999427e-07,-2.016000000000000014e+01
-2.319999999999996422e-07,-2.008000000000000185e+01
-2.280000000000001887e-07,-2.008000000000000185e+01
-2.239999999999998882e-07,-2.016000000000000014e+01
-2.199999999999995877e-07,-2.008000000000000185e+01
-2.160000000000001342e-07,-2.008000000000000185e+01
-2.119999999999998337e-07,-2.008000000000000185e+01
-2.079999999999995332e-07,-2.008000000000000185e+01
-2.040000000000000797e-07,-2.008000000000000185e+01
-1.999999999999997792e-07,-2.008000000000000185e+01
-1.959999999999994787e-07,-2.016000000000000014e+01
-1.920000000000000252e-07,-2.008000000000000185e+01
-1.879999999999997247e-07,-2.016000000000000014e+01
-1.840000000000002712e-07,-2.000000000000000000e+01
-1.799999999999999707e-07,-2.008000000000000185e+01
-1.759999999999996702e-07,-2.008000000000000185e+01
-1.720000000000002167e-07,-2.008000000000000185e+01
-1.679999999999999162e-07,-2.008000000000000185e+01
-1.639999999999996156e-07,-2.008000000000000185e+01
-1.600000000000001622e-07,-2.008000000000000185e+01
-1.559999999999998617e-07,-2.008000000000000185e+01
-1.519999999999995611e-07,-2.016000000000000014e+01
-1.480000000000001077e-07,-1.992000000000000171e+01
-1.439999999999998071e-07,-2.000000000000000000e+01
-1.399999999999995066e-07,-2.000000000000000000e+01
-1.360000000000000531e-07,-2.008000000000000185e+01
-1.319999999999997526e-07,-1.992000000000000171e+01
-1.279999999999994521e-07,-2.000000000000000000e+01
-1.239999999999999986e-07,-2.000000000000000000e+01
-1.199999999999996981e-07,-1.992000000000000171e+01
-1.160000000000002446e-07,-1.983999999999999986e+01
-1.119999999999999441e-07,-1.992000000000000171e+01
-1.079999999999996436e-07,-1.992000000000000171e+01
-1.040000000000001901e-07,-1.992000000000000171e+01
-9.999999999999988960e-08,-1.976000000000000156e+01
-9.599999999999958908e-08,-1.983999999999999986e+01
-9.200000000000013560e-08,-1.976000000000000156e+01
-8.799999999999983508e-08,-1.983999999999999986e+01
-8.399999999999953457e-08,-1.976000000000000156e+01
-8.000000000000008108e-08,-1.976000000000000156e+01
-7.599999999999978057e-08,-1.967999999999999972e+01
-7.199999999999948005e-08,-1.967999999999999972e+01
-6.800000000000002657e-08,-1.960000000000000142e+01
-6.399999999999972605e-08,-1.951999999999999957e+01
-6.000000000000027257e-08,-1.944000000000000128e+01
-5.599999999999997205e-08,-1.935999999999999943e+01
-5.199999999999967154e-08,-1.944000000000000128e+01
-4.800000000000021806e-08,-1.935999999999999943e+01
-4.399999999999991754e-08,-1.928000000000000114e+01
-3.999999999999961703e-08,-1.919999999999999929e+01
-3.600000000000016354e-08,-1.919999999999999929e+01
-3.199999999999986303e-08,-1.903999999999999915e+01
-2.799999999999956251e-08,-1.887999999999999901e+01
-2.400000000000010903e-08,-1.887999999999999901e+01
-1.999999999999980851e-08,-1.880000000000000071e+01
-1.599999999999950800e-08,-1.871999999999999886e+01
-1.200000000000005451e-08,-1.864000000000000057e+01
-7.999999999999753998e-09,-1.864000000000000057e+01
-3.999999999999453483e-09,-1.864000000000000057e+01
0.000000000000000000e+00,-1.855999999999999872e+01
4.000000000000300516e-09,-1.848000000000000043e+01
7.999999999999753998e-09,-1.840000000000000213e+01
1.200000000000005451e-08,-1.832000000000000028e+01
1.600000000000035503e-08,-1.840000000000000213e+01
1.999999999999980851e-08,-1.840000000000000213e+01
2.400000000000010903e-08,-1.832000000000000028e+01
2.800000000000040954e-08,-1.840000000000000213e+01
3.199999999999986303e-08,-1.832000000000000028e+01
3.600000000000016354e-08,-1.840000000000000213e+01
4.000000000000046406e-08,-1.840000000000000213e+01
4.399999999999991754e-08,-1.840000000000000213e+01
4.800000000000021806e-08,-1.848000000000000043e+01
5.200000000000051857e-08,-1.840000000000000213e+01
5.599999999999997205e-08,-1.855999999999999872e+01
6.000000000000027257e-08,-1.855999999999999872e+01
6.399999999999972605e-08,-1.864000000000000057e+01
6.800000000000002657e-08,-1.864000000000000057e+01
7.200000000000032708e-08,-1.871999999999999886e+01
7.599999999999978057e-08,-1.864000000000000057e+01
8.000000000000008108e-08,-1.880000000000000071e+01
8.400000000000038160e-08,-1.887999999999999901e+01
8.799999999999983508e-08,-1.880000000000000071e+01
9.200000000000013560e-08,-1.887999999999999901e+01
9.600000000000043611e-08,-1.896000000000000085e+01
9.999999999999988960e-08,-1.887999999999999901e+01
1.040000000000001901e-07,-1.903999999999999915e+01
1.080000000000004906e-07,-1.903999999999999915e+01
1.119999999999999441e-07,-1.903999999999999915e+01
1.160000000000002446e-07,-1.903999999999999915e+01
1.200000000000005451e-07,-1.912000000000000099e+01
1.239999999999999986e-07,-1.912000000000000099e+01
1.280000000000002991e-07,-1.928000000000000114e+01
1.319999999999997526e-07,-1.928000000000000114e+01
1.360000000000000531e-07,-1.919999999999999929e+01
1.400000000000003537e-07,-1.928000000000000114e+01
1.439999999999998071e-07,-1.928000000000000114e+01
1.480000000000001077e-07,-1.935999999999999943e+01
1.520000000000004082e-07,-1.935999999999999943e+01
1.559999999999998617e-07,-1.928000000000000114e+01
1.600000000000001622e-07,-1.944000000000000128e+01
1.640000000000004627e-07,-1.935999999999999943e+01
1.679999999999999162e-07,-1.944000000000000128e+01
1.720000000000002167e-07,-1.944000000000000128e+01
1.760000000000005172e-07,-1.951999999999999957e+01
1.799999999999999707e-07,-1.951999999999999957e+01
1.840000000000002712e-07,-1.951999999999999957e+01
1.880000000000005717e-07,-1.960000000000000142e+01
1.920000000000000252e-07,-1.960000000000000142e+01
1.960000000000003257e-07,-1.951999999999999957e+01
1.999999999999997792e-07,-1.944000000000000128e+01
2.040000000000000797e-07,-1.951999999999999957e+01
2.080000000000003802e-07,-1.960000000000000142e+01
2.119999999999998337e-07,-1.960000000000000142e+01
2.160000000000001342e-07,-1.967999999999999972e+01
2.200000000000004347e-07,-1.960000000000000142e+01
2.239999999999998882e-07,-1.960000000000000142e+01
2.280000000000001887e-07,-1.967999999999999972e+01
2.320000000000004893e-07,-1.960000000000000142e+01
2.359999999999999427e-07,-1.967999999999999972e+01
2.400000000000002432e-07,-1.967999999999999972e+01
2.440000000000005438e-07,-1.976000000000000156e+01
2.479999999999999972e-07,-1.967999999999999972e+01
2.520000000000002978e-07,-1.967999999999999972e+01
2.559999999999997512e-07,-1.960000000000000142e+01
2.600000000000000518e-07,-1.967999999999999972e+01
2.640000000000003523e-07,-1.951999999999999957e+01
2.679999999999998058e-07,-1.967999999999999972e+01
2.720000000000001063e-07,-1.976000000000000156e+01
2.760000000000004068e-07,-1.976000000000000156e+01
2.799999999999998603e-07,-1.960000000000000142e+01
2.840000000000001608e-07,-1.976000000000000156e+01
2.880000000000004613e-07,-1.976000000000000156e+01
2.919999999999999148e-07,-1.976000000000000156e+01
2.960000000000002153e-07,-1.976000000000000156e+01
3.000000000000005158e-07,-1.976000000000000156e+01
3.039999999999999693e-07,-1.976000000000000156e+01
3.080000000000002698e-07,-1.976000000000000156e+01
3.120000000000005703e-07,-1.983999999999999986e+01
3.160000000000000238e-07,-1.976000000000000156e+01
3.200000000000003243e-07,-1.983999999999999986e+01
3.239999999999997778e-07,-1.976000000000000156e+01
3.280000000000000783e-07,-1.976000000000000156e+01
3.320000000000003788e-07,-1.983999999999999986e+01
3.359999999999998323e-07,-1.976000000000000156e+01
3.400000000000001328e-07,-1.976000000000000156e+01
3.440000000000004334e-07,-1.983999999999999986e+01
3.479999999999998868e-07,-1.976000000000000156e+01
3.520000000000001874e-07,-1.967999999999999972e+01
3.560000000000004879e-07,-1.976000000000000156e+01
3.599999999999999414e-07,-1.976000000000000156e+01
3.640000000000002419e-07,-1.976000000000000156e+01
3.680000000000005424e-07,-1.983999999999999986e+01
3.719999999999999959e-07,-1.983999999999999986e+01
3.760000000000002964e-07,-1.983999999999999986e+01
3.799999999999997499e-07,-1.976000000000000156e+01
3.840000000000000504e-07,-1.967999999999999972e+01
3.880000000000003509e-07,-1.983999999999999986e+01
3.919999999999998044e-07,-1.976000000000000156e+01
3.960000000000001049e-07,-1.983999999999999986e+01
4.000000000000004054e-07,-1.976000000000000156e+01
4.039999999999998589e-07,-1.983999999999999986e+01
4.080000000000001594e-07,-1.976000000000000156e+01
4.120000000000004599e-07,-1.976000000000000156e+01
4.159999999999999134e-07,-1.976000000000000156e+01
4.200000000000002139e-07,-1.983999999999999986e+01
4.240000000000005144e-07,-1.983999999999999986e+01
4.279999999999999679e-07,-1.976000000000000156e+01
4.320000000000002684e-07,-1.976000000000000156e+01
4.360000000000005690e-07,-1.976000000000000156e+01
4.400000000000000224e-07,-1.976000000000000156e+01
4.440000000000003230e-07,-1.983999999999999986e+01
4.479999999999997764e-07,-1.976000000000000156e+01
4.520000000000000770e-07,-1.967999999999999972e+01
4.560000000000003775e-07,-1.967999999999999972e+01
4.599999999999998310e-07,-1.976000000000000156e+01
4.640000000000001315e-07,-1.960000000000000142e+01
4.680000000000004320e-07,-1.976000000000000156e+01
4.719999999999998855e-07,-1.960000000000000142e+01
4.760000000000001860e-07,-1.960000000000000142e+01
4.800000000000004865e-07,-1.960000000000000142e+01
4.839999999999999400e-07,-1.967999999999999972e+01
4.880000000000002405e-07,-1.951999999999999957e+01
4.920000000000005410e-07,-1.951999999999999957e+01
4.959999999999999945e-07,-1.944000000000000128e+01
5.000000000000002950e-07,-1.935999999999999943e+01
5.040000000000005955e-07,-1.935999999999999943e+01
5.080000000000000490e-07,-1.935999999999999943e+01
5.120000000000003495e-07,-1.928000000000000114e+01
5.159999999999998030e-07,-1.919999999999999929e+01
5.200000000000001035e-07,-1.912000000000000099e+01
5.240000000000004040e-07,-1.903999999999999915e+01
5.279999999999998575e-07,-1.887999999999999901e+01
5.320000000000001580e-07,-1.896000000000000085e+01
5.360000000000004586e-07,-1.880000000000000071e+01
5.399999999999999120e-07,-1.880000000000000071e+01
5.440000000000002126e-07,-1.864000000000000057e+01
5.480000000000005131e-07,-1.855999999999999872e+01
5.519999999999999666e-07,-1.855999999999999872e+01
5.560000000000002671e-07,-1.848000000000000043e+01
5.600000000000005676e-07,-1.832000000000000028e+01
5.640000000000000211e-07,-1.832000000000000028e+01
5.680000000000003216e-07,-1.824000000000000199e+01
5.719999999999997751e-07,-1.824000000000000199e+01
5.760000000000000756e-07,-1.824000000000000199e+01
5.800000000000003761e-07,-1.816000000000000014e+01
5.839999999999998296e-07,-1.808000000000000185e+01
5.880000000000001301e-07,-1.816000000000000014e+01
5.920000000000004306e-07,-1.808000000000000185e+01
5.959999999999998841e-07,-1.816000000000000014e+01
6.000000000000001846e-07,-1.808000000000000185e+01
6.040000000000004851e-07,-1.816000000000000014e+01
6.079999999999999386e-07,-1.816000000000000014e+01
6.120000000000002391e-07,-1.824000000000000199e+01
6.160000000000005396e-07,-1.824000000000000199e+01
6.199999999999999931e-07,-1.832000000000000028e+01
6.240000000000002936e-07,-1.840000000000000213e+01
6.280000000000005942e-07,-1.848000000000000043e+01
6.320000000000000476e-07,-1.832000000000000028e+01
6.360000000000003481e-07,-1.840000000000000213e+01
6.399999999999998016e-07,-1.855999999999999872e+01
6.440000000000001021e-07,-1.855999999999999872e+01
6.480000000000004027e-07,-1.855999999999999872e+01
6.519999999999998561e-07,-1.864000000000000057e+01
6.560000000000001567e-07,-1.864000000000000057e+01
6.600000000000004572e-07,-1.864000000000000057e+01
6.639999999999999107e-07,-1.880000000000000071e+01
6.680000000000002112e-07,-1.871999999999999886e+01
6.720000000000005117e-07,-1.880000000000000071e+01
6.759999999999999652e-07,-1.880000000000000071e+01
6.800000000000002657e-07,-1.896000000000000085e+01
6.840000000000005662e-07,-1.896000000000000085e+01
6.880000000000000197e-07,-1.887999999999999901e+01
6.920000000000003202e-07,-1.903999999999999915e+01
6.959999999999997737e-07,-1.903999999999999915e+01
7.000000000000000742e-07,-1.903999999999999915e+01
7.040000000000003747e-07,-1.912000000000000099e+01
7.079999999999998282e-07,-1.912000000000000099e+01
7.120000000000001287e-07,-1.912000000000000099e+01
7.160000000000004292e-07,-1.928000000000000114e+01
7.199999999999998827e-07,-1.919999999999999929e+01
7.240000000000001832e-07,-1.928000000000000114e+01
7.280000000000004837e-07,-1.919999999999999929e+01
7.319999999999999372e-07,-1.928000000000000114e+01
7.360000000000002377e-07,-1.928000000000000114e+01
7.400000000000005383e-07,-1.935999999999999943e+01
7.439999999999999917e-07,-1.928000000000000114e+01
7.480000000000002923e-07,-1.928000000000000114e+01
7.520000000000005928e-07,-1.944000000000000128e+01
7.560000000000000463e-07,-1.935999999999999943e+01
7.600000000000003468e-07,-1.935999999999999943e+01
7.639999999999998003e-07,-1.935999999999999943e+01
7.680000000000001008e-07,-1.944000000000000128e+01
7.720000000000004013e-07,-1.944000000000000128e+01
7.759999999999998548e-07,-1.935999999999999943e+01
7.800000000000001553e-07,-1.944000000000000128e+01
7.840000000000004558e-07,-1.944000000000000128e+01
7.879999999999999093e-07,-1.944000000000000128e+01
7.920000000000002098e-07,-1.951999999999999957e+01
7.960000000000005103e-07,-1.960000000000000142e+01
7.999999999999999638e-07,-1.951999999999999957e+01
8.040000000000002643e-07,-1.944000000000000128e+01
8.080000000000005648e-07,-1.951999999999999957e+01
8.120000000000000183e-07,-1.951999999999999957e+01
8.160000000000003188e-07,-1.960000000000000142e+01
8.199999999999997723e-07,-1.951999999999999957e+01
8.240000000000000728e-07,-1.951999999999999957e+01
8.280000000000003733e-07,-1.951999999999999957e+01
8.319999999999998268e-07,-1.951999999999999957e+01
8.360000000000001273e-07,-1.951999999999999957e+01
8.400000000000004279e-07,-1.960000000000000142e+01
8.439999999999998813e-07,-1.960000000000000142e+01
8.480000000000001819e-07,-1.951999999999999957e+01
8.520000000000004824e-07,-1.951999999999999957e+01
8.559999999999999359e-07,-1.967999999999999972e+01
8.600000000000002364e-07,-1.951999999999999957e+01
8.640000000000005369e-07,-1.951999999999999957e+01
8.679999999999999904e-07,-1.960000000000000142e+01
8.720000000000002909e-07,-1.960000000000000142e+01
8.760000000000005914e-07,-1.960000000000000142e+01
8.800000000000000449e-07,-1.960000000000000142e+01
8.840000000000003454e-07,-1.967999999999999972e+01
8.879999999999997989e-07,-1.967999999999999972e+01
8.920000000000000994e-07,-1.967999999999999972e+01
8.960000000000003999e-07,-1.951999999999999957e+01
8.999999999999998534e-07,-1.967999999999999972e+01
9.040000000000001539e-07,-1.967999999999999972e+01
9.080000000000004544e-07,-1.960000000000000142e+01
9.119999999999999079e-07,-1.960000000000000142e+01
9.160000000000002084e-07,-1.967999999999999972e+01
9.200000000000005089e-07,-1.967999999999999972e+01
9.239999999999999624e-07,-1.967999999999999972e+01
9.280000000000002629e-07,-1.967999999999999972e+01
9.320000000000005635e-07,-1.960000000000000142e+01
9.360000000000000169e-07,-1.967999999999999972e+01
9.400000000000003175e-07,-1.960000000000000142e+01
9.440000000000006180e-07,-1.951999999999999957e+01
9.480000000000000715e-07,-1.960000000000000142e+01
9.520000000000003720e-07,-1.976000000000000156e+01
9.559999999999998254e-07,-1.976000000000000156e+01
9.600000000000001260e-07,-1.967999999999999972e+01
9.640000000000004265e-07,-1.967999999999999972e+01
9.679999999999998800e-07,-1.967999999999999972e+01
9.720000000000001805e-07,-1.967999999999999972e+01
9.760000000000004810e-07,-1.960000000000000142e+01
9.799999999999999345e-07,-1.967999999999999972e+01
9.840000000000002350e-07,-1.976000000000000156e+01
9.880000000000005355e-07,-1.967999999999999972e+01
9.919999999999999890e-07,-1.967999999999999972e+01
9.960000000000002895e-07,-1.967999999999999972e+01
1.000000000000000590e-06,-1.976000000000000156e+01
1.004000000000000044e-06,-1.976000000000000156e+01
1.008000000000000344e-06,-1.976000000000000156e+01
1.011999999999999798e-06,-1.967999999999999972e+01
1.016000000000000098e-06,-1.967999999999999972e+01
1.020000000000000399e-06,-1.967999999999999972e+01
1.023999999999999852e-06,-1.976000000000000156e+01
1.028000000000000153e-06,-1.976000000000000156e+01
1.032000000000000453e-06,-1.976000000000000156e+01
1.035999999999999907e-06,-1.983999999999999986e+01
1.040000000000000207e-06,-1.967999999999999972e+01
1.044000000000000508e-06,-1.976000000000000156e+01
1.047999999999999961e-06,-1.967999999999999972e+01
1.052000000000000262e-06,-1.976000000000000156e+01
1.056000000000000562e-06,-1.967999999999999972e+01
1.060000000000000016e-06,-1.983999999999999986e+01
1.064000000000000316e-06,-1.976000000000000156e+01
1.068000000000000617e-06,-1.976000000000000156e+01
1.072000000000000070e-06,-1.967999999999999972e+01
1.076000000000000371e-06,-1.976000000000000156e+01
1.079999999999999824e-06,-1.976000000000000156e+01
1.084000000000000125e-06,-1.976000000000000156e+01
1.088000000000000425e-06,-1.976000000000000156e+01
1.091999999999999879e-06,-1.967999999999999972e+01
1.096000000000000179e-06,-1.976000000000000156e+01
1.100000000000000480e-06,-1.967999999999999972e+01
1.103999999999999933e-06,-1.976000000000000156e+01
1.108000000000000234e-06,-1.967999999999999972e+01
1.112000000000000534e-06,-1.967999999999999972e+01
1.115999999999999988e-06,-1.967999999999999972e+01
1.120000000000000288e-06,-1.976000000000000156e+01
1.124000000000000589e-06,-1.976000000000000156e+01
1.128000000000000042e-06,-1.976000000000000156e+01
1.132000000000000343e-06,-1.983999999999999986e+01
1.135999999999999796e-06,-1.976000000000000156e+01
1.140000000000000097e-06,-1.976000000000000156e+01
1.144000000000000397e-06,-1.976000000000000156e+01
1.147999999999999851e-06,-1.976000000000000156e+01
1.152000000000000151e-06,-1.983999999999999986e+01
1.156000000000000452e-06,-1.976000000000000156e+01
1.159999999999999905e-06,-1.976000000000000156e+01
1.164000000000000206e-06,-1.976000000000000156e+01
1.168000000000000506e-06,-1.983999999999999986e+01
1.171999999999999960e-06,-1.976000000000000156e+01
1.176000000000000260e-06,-1.976000000000000156e+01
1.180000000000000561e-06,-1.983999999999999986e+01
1.184000000000000014e-06,-1.976000000000000156e+01
1.188000000000000315e-06,-1.976000000000000156e+01
1.192000000000000615e-06,-1.983999999999999986e+01
1.196000000000000069e-06,-1.983999999999999986e+01
1.200000000000000369e-06,-1.983999999999999986e+01
1.203999999999999823e-06,-1.983999999999999986e+01
1.208000000000000123e-06,-1.992000000000000171e+01
1.212000000000000424e-06,-1.992000000000000171e+01
1.215999999999999877e-06,-1.983999999999999986e+01
1.220000000000000178e-06,-1.983999999999999986e+01
1.224000000000000478e-06,-1.976000000000000156e+01
1.227999999999999932e-06,-1.983999999999999986e+01
1.232000000000000232e-06,-1.976000000000000156e+01
1.236000000000000533e-06,-1.983999999999999986e+01
1.239999999999999986e-06,-1.976000000000000156e+01
1.244000000000000287e-06,-1.983999999999999986e+01
1.248000000000000587e-06,-1.976000000000000156e+01
1.252000000000000041e-06,-1.983999999999999986e+01
1.256000000000000341e-06,-1.976000000000000156e+01
1.260000000000000642e-06,-1.983999999999999986e+01
1.264000000000000095e-06,-1.983999999999999986e+01
1.268000000000000396e-06,-1.983999999999999986e+01
1.271999999999999849e-06,-1.992000000000000171e+01
1.276000000000000150e-06,-1.983999999999999986e+01
1.280000000000000450e-06,-1.992000000000000171e+01
1.283999999999999904e-06,-1.983999999999999986e+01
1.288000000000000204e-06,-1.992000000000000171e+01
1.292000000000000505e-06,-1.983999999999999986e+01
1.295999999999999958e-06,-1.976000000000000156e+01
1.300000000000000259e-06,-1.983999999999999986e+01
1.304000000000000559e-06,-1.983999999999999986e+01
1.308000000000000013e-06,-1.983999999999999986e+01
1.312000000000000313e-06,-1.976000000000000156e+01
1.316000000000000614e-06,-1.983999999999999986e+01
1.320000000000000067e-06,-1.983999999999999986e+01
1.324000000000000368e-06,-1.983999999999999986e+01
1.327999999999999821e-06,-1.967999999999999972e+01
1.332000000000000122e-06,-1.983999999999999986e+01
1.336000000000000422e-06,-1.992000000000000171e+01
1.339999999999999876e-06,-1.967999999999999972e+01
1.344000000000000176e-06,-1.983999999999999986e+01
1.348000000000000477e-06,-1.992000000000000171e+01
1.351999999999999930e-06,-1.983999999999999986e+01
1.356000000000000231e-06,-1.992000000000000171e+01
1.360000000000000531e-06,-1.983999999999999986e+01
1.363999999999999985e-06,-1.983999999999999986e+01
1.368000000000000285e-06,-1.983999999999999986e+01
1.372000000000000586e-06,-1.983999999999999986e+01
1.376000000000000039e-06,-1.976000000000000156e+01
1.380000000000000340e-06,-1.983999999999999986e+01
1.384000000000000640e-06,-1.983999999999999986e+01
1.388000000000000094e-06,-1.983999999999999986e+01
1.392000000000000394e-06,-1.983999999999999986e+01
1.395999999999999848e-06,-1.983999999999999986e+01
1.400000000000000148e-06,-1.983999999999999986e+01
1.404000000000000449e-06,-1.992000000000000171e+01
1.407999999999999902e-06,-1.976000000000000156e+01
1.412000000000000203e-06,-1.983999999999999986e+01
1.416000000000000503e-06,-1.983999999999999986e+01
1.419999999999999957e-06,-1.983999999999999986e+01
1.424000000000000257e-06,-1.976000000000000156e+01
1.428000000000000558e-06,-1.992000000000000171e+01
1.432000000000000011e-06,-1.992000000000000171e+01
1.436000000000000312e-06,-1.983999999999999986e+01
1.440000000000000612e-06,-1.983999999999999986e+01
1.444000000000000066e-06,-1.983999999999999986e+01
1.448000000000000366e-06,-1.992000000000000171e+01
1.451999999999999820e-06,-1.976000000000000156e+01
1.456000000000000120e-06,-1.976000000000000156e+01
1.460000000000000421e-06,-1.983999999999999986e+01
1.463999999999999874e-06,-1.983999999999999986e+01
1.468000000000000175e-06,-1.983999999999999986e+01
1.472000000000000475e-06,-1.983999999999999986e+01
1.475999999999999929e-06,-1.983999999999999986e+01
1.480000000000000229e-06,-1.983999999999999986e+01
1.484000000000000530e-06,-1.983999999999999986e+01
1.487999999999999983e-06,-1.976000000000000156e+01
1.492000000000000284e-06,-1.976000000000000156e+01
1.496000000000000585e-06,-1.983999999999999986e+01
1.500000000000000038e-06,-1.992000000000000171e+01
1.504000000000000339e-06,-1.976000000000000156e+01
1.508000000000000639e-06,-1.976000000000000156e+01
1.512000000000000093e-06,-1.976000000000000156e+01
1.516000000000000393e-06,-1.976000000000000156e+01
1.519999999999999847e-06,-1.976000000000000156e+01
1.524000000000000147e-06,-1.976000000000000156e+01
1.528000000000000448e-06,-1.976000000000000156e+01
1.531999999999999901e-06,-1.976000000000000156e+01
1.536000000000000202e-06,-1.967999999999999972e+01
1.540000000000000502e-06,-1.967999999999999972e+01
1.543999999999999956e-06,-1.967999999999999972e+01
1.548000000000000256e-06,-1.960000000000000142e+01
1.552000000000000557e-06,-1.951999999999999957e+01
1.556000000000000010e-06,-1.960000000000000142e+01
1.560000000000000311e-06,-1.951999999999999957e+01
1.564000000000000611e-06,-1.960000000000000142e+01
1.568000000000000065e-06,-1.951999999999999957e+01
1.572000000000000365e-06,-1.944000000000000128e+01
1.576000000000000666e-06,-1.951999999999999957e+01
1.580000000000000119e-06,-1.944000000000000128e+01
1.584000000000000420e-06,-1.935999999999999943e+01
1.587999999999999873e-06,-1.928000000000000114e+01
1.592000000000000174e-06,-1.928000000000000114e+01
1.596000000000000474e-06,-1.928000000000000114e+01
1.599999999999999928e-06,-1.919999999999999929e+01
1.604000000000000228e-06,-1.912000000000000099e+01
1.608000000000000529e-06,-1.912000000000000099e+01
1.611999999999999982e-06,-1.896000000000000085e+01
1.616000000000000283e-06,-1.887999999999999901e+01
1.620000000000000583e-06,-1.880000000000000071e+01
1.624000000000000037e-06,-1.871999999999999886e+01
1.628000000000000337e-06,-1.871999999999999886e+01
1.632000000000000638e-06,-1.871999999999999886e+01
1.636000000000000091e-06,-1.864000000000000057e+01
1.640000000000000392e-06,-1.864000000000000057e+01
1.643999999999999845e-06,-1.848000000000000043e+01
1.648000000000000146e-06,-1.848000000000000043e+01
1.652000000000000446e-06,-1.848000000000000043e+01
1.655999999999999900e-06,-1.832000000000000028e+01
1.660000000000000200e-06,-1.824000000000000199e+01
1.664000000000000501e-06,-1.816000000000000014e+01
1.667999999999999954e-06,-1.824000000000000199e+01
1.672000000000000255e-06,-1.824000000000000199e+01
1.676000000000000555e-06,-1.824000000000000199e+01
1.680000000000000009e-06,-1.816000000000000014e+01
1.684000000000000309e-06,-1.824000000000000199e+01
1.688000000000000610e-06,-1.816000000000000014e+01
1.692000000000000063e-06,-1.816000000000000014e+01
1.696000000000000364e-06,-1.824000000000000199e+01
1.700000000000000664e-06,-1.824000000000000199e+01
1.704000000000000118e-06,-1.816000000000000014e+01
1.708000000000000418e-06,-1.824000000000000199e+01
1.711999999999999872e-06,-1.832000000000000028e+01
1.716000000000000172e-06,-1.832000000000000028e+01
1.720000000000000473e-06,-1.832000000000000028e+01
1.723999999999999926e-06,-1.832000000000000028e+01
1.728000000000000227e-06,-1.848000000000000043e+01
1.732000000000000527e-06,-1.840000000000000213e+01
1.735999999999999981e-06,-1.840000000000000213e+01
1.740000000000000281e-06,-1.848000000000000043e+01
1.744000000000000582e-06,-1.855999999999999872e+01
1.748000000000000035e-06,-1.855999999999999872e+01
1.752000000000000336e-06,-1.855999999999999872e+01
1.756000000000000636e-06,-1.864000000000000057e+01
1.760000000000000090e-06,-1.871999999999999886e+01
1.764000000000000390e-06,-1.880000000000000071e+01
1.767999999999999844e-06,-1.880000000000000071e+01
1.772000000000000144e-06,-1.887999999999999901e+01
1.776000000000000445e-06,-1.887999999999999901e+01
1.779999999999999898e-06,-1.887999999999999901e+01
1.784000000000000199e-06,-1.887999999999999901e+01
1.788000000000000499e-06,-1.887999999999999901e+01
1.791999999999999953e-06,-1.896000000000000085e+01
1.796000000000000253e-06,-1.903999999999999915e+01
1.800000000000000554e-06,-1.903999999999999915e+01
1.804000000000000007e-06,-1.896000000000000085e+01
1.808000000000000308e-06,-1.903999999999999915e+01
1.812000000000000608e-06,-1.903999999999999915e+01
1.816000000000000062e-06,-1.919999999999999929e+01
1.820000000000000362e-06,-1.903999999999999915e+01
1.824000000000000663e-06,-1.919999999999999929e+01
1.828000000000000116e-06,-1.919999999999999929e+01
1.832000000000000417e-06,-1.919999999999999929e+01
1.835999999999999870e-06,-1.919999999999999929e+01
1.840000000000000171e-06,-1.912000000000000099e+01
1.844000000000000471e-06,-1.928000000000000114e+01
1.847999999999999925e-06,-1.919999999999999929e+01
1.852000000000000225e-06,-1.928000000000000114e+01
1.856000000000000526e-06,-1.928000000000000114e+01
1.859999999999999979e-06,-1.928000000000000114e+01
1.864000000000000280e-06,-1.928000000000000114e+01
1.868000000000000580e-06,-1.935999999999999943e+01
1.872000000000000034e-06,-1.944000000000000128e+01
1.876000000000000334e-06,-1.935999999999999943e+01
1.880000000000000635e-06,-1.928000000000000114e+01
1.884000000000000088e-06,-1.928000000000000114e+01
1.888000000000000389e-06,-1.935999999999999943e+01
1.891999999999999842e-06,-1.944000000000000128e+01
1.896000000000000143e-06,-1.951999999999999957e+01
1.900000000000000443e-06,-1.928000000000000114e+01
1.903999999999999897e-06,-1.951999999999999957e+01
1.908000000000000197e-06,-1.951999999999999957e+01
1.912000000000000498e-06,-1.935999999999999943e+01
1.915999999999999951e-06,-1.944000000000000128e+01
1.920000000000000252e-06,-1.951999999999999957e+01
1.924000000000000552e-06,-1.944000000000000128e+01
1.928000000000000006e-06,-1.951999999999999957e+01
1.932000000000000306e-06,-1.951999999999999957e+01
1.936000000000000607e-06,-1.944000000000000128e+01
1.940000000000000060e-06,-1.960000000000000142e+01
1.944000000000000361e-06,-1.951999999999999957e+01
1.948000000000000661e-06,-1.944000000000000128e+01
1.952000000000000115e-06,-1.951999999999999957e+01
1.956000000000000415e-06,-1.951999999999999957e+01
1.959999999999999869e-06,-1.960000000000000142e+01
1.964000000000000169e-06,-1.951999999999999957e+01
1.968000000000000470e-06,-1.944000000000000128e+01
1.971999999999999923e-06,-1.960000000000000142e+01
1.976000000000000224e-06,-1.951999999999999957e+01
1.980000000000000525e-06,-1.960000000000000142e+01
1.983999999999999978e-06,-1.960000000000000142e+01
1.988000000000000278e-06,-1.951999999999999957e+01
1.992000000000000579e-06,-1.951999999999999957e+01
1.996000000000000032e-06,-1.951999999999999957e+01
2.000000000000000333e-06,-1.960000000000000142e+01
2.004000000000000634e-06,-1.967999999999999972e+01
2.008000000000000087e-06,-1.960000000000000142e+01
2.012000000000000388e-06,-1.960000000000000142e+01
2.016000000000000688e-06,-1.951999999999999957e+01
2.020000000000000142e-06,-1.951999999999999957e+01
2.024000000000000442e-06,-1.960000000000000142e+01
2.027999999999999896e-06,-1.960000000000000142e+01
2.032000000000000196e-06,-1.960000000000000142e+01
2.036000000000000497e-06,-1.951999999999999957e+01
2.039999999999999950e-06,-1.960000000000000142e+01
2.044000000000000251e-06,-1.967999999999999972e+01
2.048000000000000551e-06,-1.960000000000000142e+01
2.052000000000000005e-06,-1.960000000000000142e+01
2.056000000000000305e-06,-1.960000000000000142e+01
2.060000000000000606e-06,-1.960000000000000142e+01
2.064000000000000059e-06,-1.960000000000000142e+01
2.068000000000000360e-06,-1.967999999999999972e+01
2.072000000000000660e-06,-1.967999999999999972e+01
2.076000000000000114e-06,-1.960000000000000142e+01
2.080000000000000414e-06,-1.960000000000000142e+01
2.083999999999999868e-06,-1.960000000000000142e+01
2.088000000000000168e-06,-1.967999999999999972e+01
2.092000000000000469e-06,-1.960000000000000142e+01
2.095999999999999922e-06,-1.960000000000000142e+01
2.100000000000000223e-06,-1.967999999999999972e+01
2.104000000000000523e-06,-1.960000000000000142e+01
2.107999999999999977e-06,-1.967999999999999972e+01
2.112000000000000277e-06,-1.967999999999999972e+01
2.116000000000000578e-06,-1.967999999999999972e+01
2.120000000000000031e-06,-1.951999999999999957e+01
2.124000000000000332e-06,-1.976000000000000156e+01
2.128000000000000632e-06,-1.967999999999999972e+01
2.132000000000000086e-06,-1.960000000000000142e+01
2.136000000000000386e-06,-1.960000000000000142e+01
2.140000000000000687e-06,-1.967999999999999972e+01
2.144000000000000140e-06,-1.967999999999999972e+01
2.148000000000000441e-06,-1.960000000000000142e+01
2.151999999999999894e-06,-1.967999999999999972e+01
2.156000000000000195e-06,-1.967999999999999972e+01
2.160000000000000495e-06,-1.967999999999999972e+01
2.163999999999999949e-06,-1.960000000000000142e+01
2.168000000000000249e-06,-1.967999999999999972e+01
2.172000000000000550e-06,-1.967999999999999972e+01
2.176000000000000003e-06,-1.960000000000000142e+01
2.180000000000000304e-06,-1.967999999999999972e+01
2.184000000000000604e-06,-1.960000000000000142e+01
2.188000000000000058e-06,-1.976000000000000156e+01
2.192000000000000358e-06,-1.976000000000000156e+01
2.196000000000000659e-06,-1.983999999999999986e+01
2.200000000000000112e-06,-1.951999999999999957e+01
2.204000000000000413e-06,-1.967999999999999972e+01
2.207999999999999866e-06,-1.976000000000000156e+01
2.212000000000000167e-06,-1.967999999999999972e+01
2.216000000000000467e-06,-1.960000000000000142e+01
2.219999999999999921e-06,-1.967999999999999972e+01
2.224000000000000221e-06,-1.976000000000000156e+01
2.228000000000000522e-06,-1.967999999999999972e+01
2.231999999999999975e-06,-1.967999999999999972e+01
2.236000000000000276e-06,-1.967999999999999972e+01
2.240000000000000576e-06,-1.967999999999999972e+01
2.244000000000000030e-06,-1.960000000000000142e+01
2.248000000000000330e-06,-1.976000000000000156e+01
2.252000000000000631e-06,-1.960000000000000142e+01
2.256000000000000084e-06,-1.976000000000000156e+01
2.260000000000000385e-06,-1.967999999999999972e+01
2.264000000000000685e-06,-1.976000000000000156e+01
2.268000000000000139e-06,-1.976000000000000156e+01
2.272000000000000439e-06,-1.967999999999999972e+01
2.275999999999999893e-06,-1.967999999999999972e+01
2.280000000000000193e-06,-1.976000000000000156e+01
2.284000000000000494e-06,-1.967999999999999972e+01
2.287999999999999947e-06,-1.967999999999999972e+01
2.292000000000000248e-06,-1.976000000000000156e+01
2.296000000000000548e-06,-1.976000000000000156e+01
2.300000000000000002e-06,-1.976000000000000156e+01
2.304000000000000302e-06,-1.976000000000000156e+01
2.308000000000000603e-06,-1.976000000000000156e+01
2.312000000000000056e-06,-1.976000000000000156e+01
2.316000000000000357e-06,-1.976000000000000156e+01
2.320000000000000657e-06,-1.983999999999999986e+01
2.324000000000000111e-06,-1.976000000000000156e+01
2.328000000000000411e-06,-1.983999999999999986e+01
2.332000000000000712e-06,-1.967999999999999972e+01
2.336000000000000165e-06,-1.976000000000000156e+01
2.340000000000000466e-06,-1.976000000000000156e+01
2.343999999999999919e-06,-1.967999999999999972e+01
2.348000000000000220e-06,-1.976000000000000156e+01
2.352000000000000520e-06,-1.976000000000000156e+01
2.355999999999999974e-06,-1.976000000000000156e+01
2.360000000000000274e-06,-1.960000000000000142e+01
2.364000000000000575e-06,-1.967999999999999972e+01
2.368000000000000028e-06,-1.983999999999999986e+01
2.372000000000000329e-06,-1.967999999999999972e+01
2.376000000000000629e-06,-1.976000000000000156e+01
2.380000000000000083e-06,-1.976000000000000156e+01
2.384000000000000383e-06,-1.976000000000000156e+01
2.388000000000000684e-06,-1.976000000000000156e+01
2.392000000000000137e-06,-1.976000000000000156e+01
2.396000000000000438e-06,-1.976000000000000156e+01
2.399999999999999891e-06,-1.983999999999999986e+01
2.404000000000000192e-06,-1.983999999999999986e+01
2.408000000000000492e-06,-1.976000000000000156e+01
2.411999999999999946e-06,-1.967999999999999972e+01
2.416000000000000246e-06,-1.967999999999999972e+01
2.420000000000000547e-06,-1.976000000000000156e+01
2.424000000000000000e-06,-1.976000000000000156e+01
2.428000000000000301e-06,-1.976000000000000156e+01
2.432000000000000601e-06,-1.976000000000000156e+01
2.436000000000000055e-06,-1.976000000000000156e+01
2.440000000000000355e-06,-1.983999999999999986e+01
2.444000000000000656e-06,-1.976000000000000156e+01
2.448000000000000109e-06,-1.976000000000000156e+01
2.452000000000000410e-06,-1.967999999999999972e+01
2.456000000000000710e-06,-1.976000000000000156e+01
2.460000000000000164e-06,-1.992000000000000171e+01
2.464000000000000464e-06,-1.976000000000000156e+01
2.467999999999999918e-06,-1.983999999999999986e+01
2.472000000000000218e-06,-1.983999999999999986e+01
2.476000000000000519e-06,-1.967999999999999972e+01
2.479999999999999972e-06,-1.983999999999999986e+01
2.484000000000000273e-06,-1.976000000000000156e+01
2.488000000000000574e-06,-1.976000000000000156e+01
2.492000000000000027e-06,-1.976000000000000156e+01
2.496000000000000328e-06,-1.976000000000000156e+01
2.500000000000000628e-06,-1.976000000000000156e+01
2.504000000000000082e-06,-1.976000000000000156e+01
2.508000000000000382e-06,-1.967999999999999972e+01
2.512000000000000683e-06,-1.983999999999999986e+01
2.516000000000000136e-06,-1.967999999999999972e+01
2.520000000000000437e-06,-1.976000000000000156e+01
2.523999999999999890e-06,-1.976000000000000156e+01
2.528000000000000191e-06,-1.976000000000000156e+01
2.532000000000000491e-06,-1.976000000000000156e+01
2.535999999999999945e-06,-1.976000000000000156e+01
2.540000000000000245e-06,-1.983999999999999986e+01
2.544000000000000546e-06,-1.983999999999999986e+01
2.547999999999999999e-06,-1.992000000000000171e+01
2.552000000000000300e-06,-1.983999999999999986e+01
2.556000000000000600e-06,-1.983999999999999986e+01
2.560000000000000054e-06,-1.976000000000000156e+01
2.564000000000000354e-06,-1.976000000000000156e+01
2.568000000000000655e-06,-1.983999999999999986e+01
2.572000000000000108e-06,-1.976000000000000156e+01
2.576000000000000409e-06,-1.976000000000000156e+01
2.580000000000000709e-06,-1.976000000000000156e+01
2.584000000000000163e-06,-1.976000000000000156e+01
2.588000000000000463e-06,-1.976000000000000156e+01
2.591999999999999917e-06,-1.992000000000000171e+01
2.596000000000000217e-06,-1.976000000000000156e+01
2.600000000000000518e-06,-1.976000000000000156e+01
2.603999999999999971e-06,-1.983999999999999986e+01
2.608000000000000272e-06,-1.983999999999999986e+01
2.612000000000000572e-06,-1.976000000000000156e+01
2.616000000000000026e-06,-1.976000000000000156e+01
2.620000000000000326e-06,-1.983999999999999986e+01
2.624000000000000627e-06,-1.976000000000000156e+01
2.628000000000000080e-06,-1.976000000000000156e+01
2.632000000000000381e-06,-1.976000000000000156e+01
2.636000000000000681e-06,-1.983999999999999986e+01
2.640000000000000135e-06,-1.976000000000000156e+01
2.644000000000000435e-06,-1.976000000000000156e+01
2.647999999999999889e-06,-1.967999999999999972e+01
2.652000000000000189e-06,-1.976000000000000156e+01
2.656000000000000490e-06,-1.967999999999999972e+01
2.659999999999999943e-06,-1.983999999999999986e+01
2.664000000000000244e-06,-1.983999999999999986e+01
2.668000000000000544e-06,-1.976000000000000156e+01
2.671999999999999998e-06,-1.976000000000000156e+01
2.676000000000000298e-06,-1.967999999999999972e+01
2.680000000000000599e-06,-1.976000000000000156e+01
2.684000000000000052e-06,-1.967999999999999972e+01
2.688000000000000353e-06,-1.976000000000000156e+01
2.692000000000000653e-06,-1.967999999999999972e+01
2.696000000000000107e-06,-1.976000000000000156e+01
2.700000000000000407e-06,-1.967999999999999972e+01
2.704000000000000708e-06,-1.967999999999999972e+01
2.708000000000000161e-06,-1.967999999999999972e+01
2.712000000000000462e-06,-1.960000000000000142e+01
2.715999999999999915e-06,-1.976000000000000156e+01
2.720000000000000216e-06,-1.967999999999999972e+01
2.724000000000000516e-06,-1.960000000000000142e+01
2.727999999999999970e-06,-1.951999999999999957e+01
2.732000000000000270e-06,-1.967999999999999972e+01
2.736000000000000571e-06,-1.960000000000000142e+01
2.740000000000000024e-06,-1.951999999999999957e+01
2.744000000000000325e-06,-1.967999999999999972e+01
2.748000000000000625e-06,-1.951999999999999957e+01
2.752000000000000079e-06,-1.951999999999999957e+01
2.756000000000000379e-06,-1.951999999999999957e+01
2.760000000000000680e-06,-1.935999999999999943e+01
2.764000000000000133e-06,-1.944000000000000128e+01
2.768000000000000434e-06,-1.944000000000000128e+01
2.772000000000000734e-06,-1.944000000000000128e+01
2.776000000000000188e-06,-1.935999999999999943e+01
2.780000000000000488e-06,-1.928000000000000114e+01
2.783999999999999942e-06,-1.919999999999999929e+01
2.788000000000000242e-06,-1.919999999999999929e+01
2.792000000000000543e-06,-1.919999999999999929e+01
2.795999999999999996e-06,-1.912000000000000099e+01
2.800000000000000297e-06,-1.903999999999999915e+01
2.804000000000000597e-06,-1.896000000000000085e+01
2.808000000000000051e-06,-1.903999999999999915e+01
2.812000000000000351e-06,-1.887999999999999901e+01
2.816000000000000652e-06,-1.880000000000000071e+01
2.820000000000000105e-06,-1.887999999999999901e+01
2.824000000000000406e-06,-1.864000000000000057e+01
2.828000000000000706e-06,-1.864000000000000057e+01
2.832000000000000160e-06,-1.871999999999999886e+01
2.836000000000000460e-06,-1.864000000000000057e+01
2.839999999999999914e-06,-1.848000000000000043e+01
2.844000000000000214e-06,-1.848000000000000043e+01
2.848000000000000515e-06,-1.848000000000000043e+01
2.851999999999999968e-06,-1.840000000000000213e+01
2.856000000000000269e-06,-1.832000000000000028e+01
2.860000000000000569e-06,-1.824000000000000199e+01
2.864000000000000023e-06,-1.832000000000000028e+01
2.868000000000000323e-06,-1.816000000000000014e+01
2.872000000000000624e-06,-1.816000000000000014e+01
2.876000000000000077e-06,-1.808000000000000185e+01
2.880000000000000378e-06,-1.808000000000000185e+01
2.884000000000000678e-06,-1.808000000000000185e+01
2.888000000000000132e-06,-1.800000000000000000e+01
2.892000000000000432e-06,-1.792000000000000171e+01
2.896000000000000733e-06,-1.792000000000000171e+01
2.900000000000000186e-06,-1.800000000000000000e+01
2.904000000000000487e-06,-1.800000000000000000e+01
2.907999999999999940e-06,-1.783999999999999986e+01
2.912000000000000241e-06,-1.792000000000000171e+01
2.916000000000000541e-06,-1.800000000000000000e+01
2.919999999999999995e-06,-1.792000000000000171e+01
2.924000000000000295e-06,-1.800000000000000000e+01
2.928000000000000596e-06,-1.792000000000000171e+01
2.932000000000000049e-06,-1.792000000000000171e+01
2.936000000000000350e-06,-1.800000000000000000e+01
2.940000000000000650e-06,-1.783999999999999986e+01
2.944000000000000104e-06,-1.800000000000000000e+01
2.948000000000000404e-06,-1.808000000000000185e+01
2.952000000000000705e-06,-1.800000000000000000e+01
2.956000000000000158e-06,-1.800000000000000000e+01
2.960000000000000459e-06,-1.800000000000000000e+01
2.963999999999999912e-06,-1.816000000000000014e+01
2.968000000000000213e-06,-1.808000000000000185e+01
2.972000000000000513e-06,-1.824000000000000199e+01
2.975999999999999967e-06,-1.808000000000000185e+01
2.980000000000000267e-06,-1.824000000000000199e+01
2.984000000000000568e-06,-1.816000000000000014e+01
2.988000000000000021e-06,-1.824000000000000199e+01
2.992000000000000322e-06,-1.816000000000000014e+01
2.996000000000000623e-06,-1.824000000000000199e+01
3.000000000000000076e-06,-1.840000000000000213e+01
3.004000000000000377e-06,-1.832000000000000028e+01
3.008000000000000677e-06,-1.824000000000000199e+01
3.012000000000000131e-06,-1.832000000000000028e+01
3.016000000000000431e-06,-1.840000000000000213e+01
3.020000000000000732e-06,-1.832000000000000028e+01
3.024000000000000185e-06,-1.848000000000000043e+01
3.028000000000000486e-06,-1.848000000000000043e+01
3.031999999999999939e-06,-1.855999999999999872e+01
3.036000000000000240e-06,-1.848000000000000043e+01
3.040000000000000540e-06,-1.848000000000000043e+01
3.043999999999999994e-06,-1.848000000000000043e+01
3.048000000000000294e-06,-1.855999999999999872e+01
3.052000000000000595e-06,-1.855999999999999872e+01
3.056000000000000048e-06,-1.855999999999999872e+01
3.060000000000000349e-06,-1.864000000000000057e+01
3.064000000000000649e-06,-1.864000000000000057e+01
3.068000000000000950e-06,-1.864000000000000057e+01
3.071999999999999556e-06,-1.864000000000000057e+01
3.075999999999999857e-06,-1.871999999999999886e+01
3.080000000000000157e-06,-1.871999999999999886e+01
3.084000000000000458e-06,-1.871999999999999886e+01
3.088000000000000758e-06,-1.880000000000000071e+01
3.092000000000001059e-06,-1.880000000000000071e+01
3.095999999999999665e-06,-1.887999999999999901e+01
3.099999999999999966e-06,-1.887999999999999901e+01
3.104000000000000266e-06,-1.880000000000000071e+01
3.108000000000000567e-06,-1.880000000000000071e+01
3.112000000000000867e-06,-1.880000000000000071e+01
3.116000000000001168e-06,-1.896000000000000085e+01
3.119999999999999774e-06,-1.896000000000000085e+01
3.124000000000000075e-06,-1.880000000000000071e+01
3.128000000000000375e-06,-1.896000000000000085e+01
3.132000000000000676e-06,-1.903999999999999915e+01
3.136000000000000976e-06,-1.896000000000000085e+01
3.139999999999999583e-06,-1.887999999999999901e+01
3.143999999999999883e-06,-1.887999999999999901e+01
3.148000000000000184e-06,-1.896000000000000085e+01
3.152000000000000484e-06,-1.896000000000000085e+01
3.156000000000000785e-06,-1.896000000000000085e+01
3.160000000000001085e-06,-1.903999999999999915e+01
3.163999999999999692e-06,-1.903999999999999915e+01
3.167999999999999992e-06,-1.912000000000000099e+01
3.172000000000000293e-06,-1.903999999999999915e+01
3.176000000000000593e-06,-1.903999999999999915e+01
3.180000000000000894e-06,-1.896000000000000085e+01
3.183999999999999500e-06,-1.912000000000000099e+01
3.187999999999999801e-06,-1.912000000000000099e+01
3.192000000000000101e-06,-1.912000000000000099e+01
3.196000000000000402e-06,-1.919999999999999929e+01
3.200000000000000702e-06,-1.912000000000000099e+01
3.204000000000001003e-06,-1.912000000000000099e+01
3.207999999999999609e-06,-1.912000000000000099e+01
3.211999999999999910e-06,-1.919999999999999929e+01
3.216000000000000210e-06,-1.912000000000000099e+01
3.220000000000000511e-06,-1.919999999999999929e+01
3.224000000000000811e-06,-1.919999999999999929e+01
3.228000000000001112e-06,-1.912000000000000099e+01
3.231999999999999718e-06,-1.919999999999999929e+01
3.236000000000000019e-06,-1.919999999999999929e+01
3.240000000000000319e-06,-1.928000000000000114e+01
3.244000000000000620e-06,-1.919999999999999929e+01
3.248000000000000920e-06,-1.928000000000000114e+01
3.251999999999999527e-06,-1.928000000000000114e+01
3.255999999999999827e-06,-1.919999999999999929e+01
3.260000000000000128e-06,-1.928000000000000114e+01
3.264000000000000428e-06,-1.919999999999999929e+01
3.268000000000000729e-06,-1.928000000000000114e+01
3.272000000000001029e-06,-1.928000000000000114e+01
3.275999999999999636e-06,-1.935999999999999943e+01
3.279999999999999936e-06,-1.935999999999999943e+01
3.284000000000000237e-06,-1.928000000000000114e+01
3.288000000000000537e-06,-1.919999999999999929e+01
3.292000000000000838e-06,-1.935999999999999943e+01
3.296000000000001138e-06,-1.928000000000000114e+01
3.299999999999999745e-06,-1.928000000000000114e+01
3.304000000000000045e-06,-1.928000000000000114e+01
3.308000000000000346e-06,-1.919999999999999929e+01
3.312000000000000646e-06,-1.944000000000000128e+01
3.316000000000000947e-06,-1.928000000000000114e+01
3.319999999999999553e-06,-1.928000000000000114e+01
3.323999999999999854e-06,-1.928000000000000114e+01
3.328000000000000154e-06,-1.944000000000000128e+01
3.332000000000000455e-06,-1.919999999999999929e+01
3.336000000000000755e-06,-1.928000000000000114e+01
3.340000000000001056e-06,-1.928000000000000114e+01
3.343999999999999662e-06,-1.944000000000000128e+01
3.347999999999999963e-06,-1.928000000000000114e+01
3.352000000000000263e-06,-1.935999999999999943e+01
3.356000000000000564e-06,-1.935999999999999943e+01
3.360000000000000864e-06,-1.944000000000000128e+01
3.364000000000001165e-06,-1.928000000000000114e+01
3.367999999999999771e-06,-1.935999999999999943e+01
3.372000000000000072e-06,-1.944000000000000128e+01
3.376000000000000372e-06,-1.944000000000000128e+01
3.380000000000000673e-06,-1.935999999999999943e+01
3.384000000000000973e-06,-1.951999999999999957e+01
3.387999999999999580e-06,-1.935999999999999943e+01
3.391999999999999880e-06,-1.935999999999999943e+01
3.396000000000000181e-06,-1.935999999999999943e+01
3.400000000000000481e-06,-1.951999999999999957e+01
3.404000000000000782e-06,-1.935999999999999943e+01
3.408000000000001082e-06,-1.944000000000000128e+01
3.411999999999999689e-06,-1.944000000000000128e+01
3.415999999999999989e-06,-1.935999999999999943e+01
3.420000000000000290e-06,-1.935999999999999943e+01
3.424000000000000590e-06,-1.944000000000000128e+01
3.428000000000000891e-06,-1.951999999999999957e+01
